TimeQuest Timing Analyzer report for Timer
Mon Nov 06 20:36:11 2023
Quartus II 64-Bit Version 15.0.0 Build 145 04/22/2015 SJ Full Version


---------------------
; Table of Contents ;
---------------------
  1. Legal Notice
  2. TimeQuest Timing Analyzer Summary
  3. Parallel Compilation
  4. Clocks
  5. Slow 1200mV 85C Model Fmax Summary
  6. Timing Closure Recommendations
  7. Slow 1200mV 85C Model Setup Summary
  8. Slow 1200mV 85C Model Hold Summary
  9. Slow 1200mV 85C Model Recovery Summary
 10. Slow 1200mV 85C Model Removal Summary
 11. Slow 1200mV 85C Model Minimum Pulse Width Summary
 12. Slow 1200mV 85C Model Setup: 'clk'
 13. Slow 1200mV 85C Model Hold: 'clk'
 14. Slow 1200mV 85C Model Minimum Pulse Width: 'clk'
 15. Setup Times
 16. Hold Times
 17. Clock to Output Times
 18. Minimum Clock to Output Times
 19. Slow 1200mV 85C Model Metastability Summary
 20. Slow 1200mV 0C Model Fmax Summary
 21. Slow 1200mV 0C Model Setup Summary
 22. Slow 1200mV 0C Model Hold Summary
 23. Slow 1200mV 0C Model Recovery Summary
 24. Slow 1200mV 0C Model Removal Summary
 25. Slow 1200mV 0C Model Minimum Pulse Width Summary
 26. Slow 1200mV 0C Model Setup: 'clk'
 27. Slow 1200mV 0C Model Hold: 'clk'
 28. Slow 1200mV 0C Model Minimum Pulse Width: 'clk'
 29. Setup Times
 30. Hold Times
 31. Clock to Output Times
 32. Minimum Clock to Output Times
 33. Slow 1200mV 0C Model Metastability Summary
 34. Fast 1200mV 0C Model Setup Summary
 35. Fast 1200mV 0C Model Hold Summary
 36. Fast 1200mV 0C Model Recovery Summary
 37. Fast 1200mV 0C Model Removal Summary
 38. Fast 1200mV 0C Model Minimum Pulse Width Summary
 39. Fast 1200mV 0C Model Setup: 'clk'
 40. Fast 1200mV 0C Model Hold: 'clk'
 41. Fast 1200mV 0C Model Minimum Pulse Width: 'clk'
 42. Setup Times
 43. Hold Times
 44. Clock to Output Times
 45. Minimum Clock to Output Times
 46. Fast 1200mV 0C Model Metastability Summary
 47. Multicorner Timing Analysis Summary
 48. Setup Times
 49. Hold Times
 50. Clock to Output Times
 51. Minimum Clock to Output Times
 52. Board Trace Model Assignments
 53. Input Transition Times
 54. Signal Integrity Metrics (Slow 1200mv 0c Model)
 55. Signal Integrity Metrics (Slow 1200mv 85c Model)
 56. Signal Integrity Metrics (Fast 1200mv 0c Model)
 57. Setup Transfers
 58. Hold Transfers
 59. Report TCCS
 60. Report RSKM
 61. Unconstrained Paths
 62. TimeQuest Timing Analyzer Messages



----------------
; Legal Notice ;
----------------
Copyright (C) 1991-2015 Altera Corporation. All rights reserved.
Your use of Altera Corporation's design tools, logic functions 
and other software and tools, and its AMPP partner logic 
functions, and any output files from any of the foregoing 
(including device programming or simulation files), and any 
associated documentation or information are expressly subject 
to the terms and conditions of the Altera Program License 
Subscription Agreement, the Altera Quartus II License Agreement,
the Altera MegaCore Function License Agreement, or other 
applicable license agreement, including, without limitation, 
that your use is for the sole purpose of programming logic 
devices manufactured by Altera and sold by Altera or its 
authorized distributors.  Please refer to the applicable 
agreement for further details.



+--------------------------------------------------------------------------+
; TimeQuest Timing Analyzer Summary                                        ;
+--------------------+-----------------------------------------------------+
; Quartus II Version ; Version 15.0.0 Build 145 04/22/2015 SJ Full Version ;
; Revision Name      ; Timer                                               ;
; Device Family      ; Cyclone IV E                                        ;
; Device Name        ; EP4CE6E22C6                                         ;
; Timing Models      ; Final                                               ;
; Delay Model        ; Combined                                            ;
; Rise/Fall Delays   ; Enabled                                             ;
+--------------------+-----------------------------------------------------+


+------------------------------------------+
; Parallel Compilation                     ;
+----------------------------+-------------+
; Processors                 ; Number      ;
+----------------------------+-------------+
; Number detected on machine ; 16          ;
; Maximum allowed            ; 12          ;
;                            ;             ;
; Average used               ; 1.00        ;
; Maximum used               ; 12          ;
;                            ;             ;
; Usage by Processor         ; % Time Used ;
;     Processor 1            ; 100.0%      ;
;     Processors 2-12        ; < 0.1%      ;
;     Processors 13-16       ;   0.0%      ;
+----------------------------+-------------+


+---------------------------------------------------------------------------------------------------------------------------------------------------------------------------------+
; Clocks                                                                                                                                                                          ;
+------------+------+--------+------------+-------+-------+------------+-----------+-------------+-------+--------+-----------+------------+----------+--------+--------+---------+
; Clock Name ; Type ; Period ; Frequency  ; Rise  ; Fall  ; Duty Cycle ; Divide by ; Multiply by ; Phase ; Offset ; Edge List ; Edge Shift ; Inverted ; Master ; Source ; Targets ;
+------------+------+--------+------------+-------+-------+------------+-----------+-------------+-------+--------+-----------+------------+----------+--------+--------+---------+
; clk        ; Base ; 1.000  ; 1000.0 MHz ; 0.000 ; 0.500 ;            ;           ;             ;       ;        ;           ;            ;          ;        ;        ; { clk } ;
+------------+------+--------+------------+-------+-------+------------+-----------+-------------+-------+--------+-----------+------------+----------+--------+--------+---------+


+-----------------------------------------------------------------------------------------------------------+
; Slow 1200mV 85C Model Fmax Summary                                                                        ;
+------------+-----------------+------------+---------------------------------------------------------------+
; Fmax       ; Restricted Fmax ; Clock Name ; Note                                                          ;
+------------+-----------------+------------+---------------------------------------------------------------+
; 384.91 MHz ; 250.0 MHz       ; clk        ; limit due to minimum period restriction (max I/O toggle rate) ;
+------------+-----------------+------------+---------------------------------------------------------------+
This panel reports FMAX for every clock in the design, regardless of the user-specified clock periods.  FMAX is only computed for paths where the source and destination registers or ports are driven by the same clock.  Paths of different clocks, including generated clocks, are ignored.  For paths between a clock and its inversion, FMAX is computed as if the rising and falling edges are scaled along with FMAX, such that the duty cycle (in terms of a percentage) is maintained. Altera recommends that you always use clock constraints and other slack reports for sign-off analysis.


----------------------------------
; Timing Closure Recommendations ;
----------------------------------
HTML report is unavailable in plain text report export.


+-------------------------------------+
; Slow 1200mV 85C Model Setup Summary ;
+-------+--------+--------------------+
; Clock ; Slack  ; End Point TNS      ;
+-------+--------+--------------------+
; clk   ; -1.598 ; -15.913            ;
+-------+--------+--------------------+


+------------------------------------+
; Slow 1200mV 85C Model Hold Summary ;
+-------+-------+--------------------+
; Clock ; Slack ; End Point TNS      ;
+-------+-------+--------------------+
; clk   ; 0.358 ; 0.000              ;
+-------+-------+--------------------+


------------------------------------------
; Slow 1200mV 85C Model Recovery Summary ;
------------------------------------------
No paths to report.


-----------------------------------------
; Slow 1200mV 85C Model Removal Summary ;
-----------------------------------------
No paths to report.


+---------------------------------------------------+
; Slow 1200mV 85C Model Minimum Pulse Width Summary ;
+-------+--------+----------------------------------+
; Clock ; Slack  ; End Point TNS                    ;
+-------+--------+----------------------------------+
; clk   ; -3.000 ; -18.000                          ;
+-------+--------+----------------------------------+


+------------------------------------------------------------------------------------------------------------------+
; Slow 1200mV 85C Model Setup: 'clk'                                                                               ;
+--------+-----------------+-----------------+--------------+-------------+--------------+------------+------------+
; Slack  ; From Node       ; To Node         ; Launch Clock ; Latch Clock ; Relationship ; Clock Skew ; Data Delay ;
+--------+-----------------+-----------------+--------------+-------------+--------------+------------+------------+
; -1.598 ; counter[6]~reg0 ; counter[3]~reg0 ; clk          ; clk         ; 1.000        ; -0.063     ; 2.530      ;
; -1.533 ; counter[2]~reg0 ; counter[3]~reg0 ; clk          ; clk         ; 1.000        ; -0.063     ; 2.465      ;
; -1.530 ; counter[0]~reg0 ; counter[3]~reg0 ; clk          ; clk         ; 1.000        ; -0.063     ; 2.462      ;
; -1.462 ; counter[4]~reg0 ; counter[3]~reg0 ; clk          ; clk         ; 1.000        ; -0.062     ; 2.395      ;
; -1.460 ; counter[5]~reg0 ; counter[3]~reg0 ; clk          ; clk         ; 1.000        ; -0.063     ; 2.392      ;
; -1.435 ; counter[6]~reg0 ; counter[6]~reg0 ; clk          ; clk         ; 1.000        ; -0.063     ; 2.367      ;
; -1.374 ; counter[0]~reg0 ; counter[6]~reg0 ; clk          ; clk         ; 1.000        ; -0.063     ; 2.306      ;
; -1.370 ; counter[2]~reg0 ; counter[6]~reg0 ; clk          ; clk         ; 1.000        ; -0.063     ; 2.302      ;
; -1.351 ; counter[3]~reg0 ; counter[3]~reg0 ; clk          ; clk         ; 1.000        ; -0.063     ; 2.283      ;
; -1.338 ; counter[7]~reg0 ; counter[3]~reg0 ; clk          ; clk         ; 1.000        ; -0.063     ; 2.270      ;
; -1.322 ; counter[6]~reg0 ; state.S2        ; clk          ; clk         ; 1.000        ; -0.063     ; 2.254      ;
; -1.299 ; counter[4]~reg0 ; counter[6]~reg0 ; clk          ; clk         ; 1.000        ; -0.062     ; 2.232      ;
; -1.297 ; counter[5]~reg0 ; counter[6]~reg0 ; clk          ; clk         ; 1.000        ; -0.063     ; 2.229      ;
; -1.291 ; counter[6]~reg0 ; counter[1]~reg0 ; clk          ; clk         ; 1.000        ; -0.063     ; 2.223      ;
; -1.291 ; counter[6]~reg0 ; counter[7]~reg0 ; clk          ; clk         ; 1.000        ; -0.063     ; 2.223      ;
; -1.287 ; counter[6]~reg0 ; counter[2]~reg0 ; clk          ; clk         ; 1.000        ; -0.063     ; 2.219      ;
; -1.287 ; counter[6]~reg0 ; counter[5]~reg0 ; clk          ; clk         ; 1.000        ; -0.063     ; 2.219      ;
; -1.287 ; counter[1]~reg0 ; counter[6]~reg0 ; clk          ; clk         ; 1.000        ; -0.063     ; 2.219      ;
; -1.286 ; counter[6]~reg0 ; counter[0]~reg0 ; clk          ; clk         ; 1.000        ; -0.063     ; 2.218      ;
; -1.264 ; counter[6]~reg0 ; counter[4]~reg0 ; clk          ; clk         ; 1.000        ; -0.063     ; 2.196      ;
; -1.251 ; counter[6]~reg0 ; state.S3        ; clk          ; clk         ; 1.000        ; -0.063     ; 2.183      ;
; -1.249 ; counter[1]~reg0 ; counter[3]~reg0 ; clk          ; clk         ; 1.000        ; -0.063     ; 2.181      ;
; -1.229 ; counter[0]~reg0 ; counter[1]~reg0 ; clk          ; clk         ; 1.000        ; -0.063     ; 2.161      ;
; -1.229 ; counter[0]~reg0 ; counter[7]~reg0 ; clk          ; clk         ; 1.000        ; -0.063     ; 2.161      ;
; -1.226 ; counter[2]~reg0 ; counter[1]~reg0 ; clk          ; clk         ; 1.000        ; -0.063     ; 2.158      ;
; -1.226 ; counter[2]~reg0 ; counter[7]~reg0 ; clk          ; clk         ; 1.000        ; -0.063     ; 2.158      ;
; -1.224 ; counter[0]~reg0 ; counter[2]~reg0 ; clk          ; clk         ; 1.000        ; -0.063     ; 2.156      ;
; -1.224 ; counter[0]~reg0 ; counter[5]~reg0 ; clk          ; clk         ; 1.000        ; -0.063     ; 2.156      ;
; -1.224 ; counter[0]~reg0 ; counter[0]~reg0 ; clk          ; clk         ; 1.000        ; -0.063     ; 2.156      ;
; -1.222 ; counter[2]~reg0 ; counter[2]~reg0 ; clk          ; clk         ; 1.000        ; -0.063     ; 2.154      ;
; -1.222 ; counter[2]~reg0 ; counter[5]~reg0 ; clk          ; clk         ; 1.000        ; -0.063     ; 2.154      ;
; -1.221 ; counter[2]~reg0 ; counter[0]~reg0 ; clk          ; clk         ; 1.000        ; -0.063     ; 2.153      ;
; -1.215 ; counter[0]~reg0 ; counter[4]~reg0 ; clk          ; clk         ; 1.000        ; -0.063     ; 2.147      ;
; -1.202 ; counter[0]~reg0 ; state.S3        ; clk          ; clk         ; 1.000        ; -0.063     ; 2.134      ;
; -1.199 ; counter[2]~reg0 ; counter[4]~reg0 ; clk          ; clk         ; 1.000        ; -0.063     ; 2.131      ;
; -1.190 ; counter[1]~reg0 ; counter[4]~reg0 ; clk          ; clk         ; 1.000        ; -0.063     ; 2.122      ;
; -1.188 ; counter[3]~reg0 ; counter[6]~reg0 ; clk          ; clk         ; 1.000        ; -0.063     ; 2.120      ;
; -1.186 ; counter[4]~reg0 ; state.S2        ; clk          ; clk         ; 1.000        ; -0.062     ; 2.119      ;
; -1.186 ; counter[2]~reg0 ; state.S3        ; clk          ; clk         ; 1.000        ; -0.063     ; 2.118      ;
; -1.184 ; counter[5]~reg0 ; state.S2        ; clk          ; clk         ; 1.000        ; -0.063     ; 2.116      ;
; -1.175 ; counter[7]~reg0 ; counter[6]~reg0 ; clk          ; clk         ; 1.000        ; -0.063     ; 2.107      ;
; -1.155 ; counter[4]~reg0 ; counter[1]~reg0 ; clk          ; clk         ; 1.000        ; -0.062     ; 2.088      ;
; -1.155 ; counter[4]~reg0 ; counter[7]~reg0 ; clk          ; clk         ; 1.000        ; -0.062     ; 2.088      ;
; -1.153 ; counter[5]~reg0 ; counter[1]~reg0 ; clk          ; clk         ; 1.000        ; -0.063     ; 2.085      ;
; -1.153 ; counter[5]~reg0 ; counter[7]~reg0 ; clk          ; clk         ; 1.000        ; -0.063     ; 2.085      ;
; -1.151 ; counter[4]~reg0 ; counter[2]~reg0 ; clk          ; clk         ; 1.000        ; -0.062     ; 2.084      ;
; -1.151 ; counter[4]~reg0 ; counter[5]~reg0 ; clk          ; clk         ; 1.000        ; -0.062     ; 2.084      ;
; -1.150 ; counter[4]~reg0 ; counter[0]~reg0 ; clk          ; clk         ; 1.000        ; -0.062     ; 2.083      ;
; -1.149 ; counter[5]~reg0 ; counter[2]~reg0 ; clk          ; clk         ; 1.000        ; -0.063     ; 2.081      ;
; -1.149 ; counter[5]~reg0 ; counter[5]~reg0 ; clk          ; clk         ; 1.000        ; -0.063     ; 2.081      ;
; -1.148 ; counter[5]~reg0 ; counter[0]~reg0 ; clk          ; clk         ; 1.000        ; -0.063     ; 2.080      ;
; -1.140 ; counter[1]~reg0 ; counter[7]~reg0 ; clk          ; clk         ; 1.000        ; -0.063     ; 2.072      ;
; -1.133 ; counter[0]~reg0 ; state.S2        ; clk          ; clk         ; 1.000        ; -0.063     ; 2.065      ;
; -1.128 ; counter[4]~reg0 ; counter[4]~reg0 ; clk          ; clk         ; 1.000        ; -0.062     ; 2.061      ;
; -1.126 ; counter[2]~reg0 ; state.S2        ; clk          ; clk         ; 1.000        ; -0.063     ; 2.058      ;
; -1.126 ; counter[5]~reg0 ; counter[4]~reg0 ; clk          ; clk         ; 1.000        ; -0.063     ; 2.058      ;
; -1.115 ; counter[4]~reg0 ; state.S3        ; clk          ; clk         ; 1.000        ; -0.062     ; 2.048      ;
; -1.113 ; counter[5]~reg0 ; state.S3        ; clk          ; clk         ; 1.000        ; -0.063     ; 2.045      ;
; -1.073 ; counter[3]~reg0 ; counter[4]~reg0 ; clk          ; clk         ; 1.000        ; -0.063     ; 2.005      ;
; -1.069 ; counter[6]~reg0 ; state.S0        ; clk          ; clk         ; 1.000        ; -0.063     ; 2.001      ;
; -1.062 ; counter[7]~reg0 ; state.S2        ; clk          ; clk         ; 1.000        ; -0.063     ; 1.994      ;
; -1.056 ; counter[1]~reg0 ; counter[2]~reg0 ; clk          ; clk         ; 1.000        ; -0.063     ; 1.988      ;
; -1.044 ; counter[3]~reg0 ; counter[1]~reg0 ; clk          ; clk         ; 1.000        ; -0.063     ; 1.976      ;
; -1.044 ; counter[3]~reg0 ; counter[7]~reg0 ; clk          ; clk         ; 1.000        ; -0.063     ; 1.976      ;
; -1.040 ; counter[3]~reg0 ; counter[2]~reg0 ; clk          ; clk         ; 1.000        ; -0.063     ; 1.972      ;
; -1.040 ; counter[3]~reg0 ; counter[5]~reg0 ; clk          ; clk         ; 1.000        ; -0.063     ; 1.972      ;
; -1.039 ; counter[3]~reg0 ; counter[0]~reg0 ; clk          ; clk         ; 1.000        ; -0.063     ; 1.971      ;
; -1.031 ; counter[7]~reg0 ; counter[1]~reg0 ; clk          ; clk         ; 1.000        ; -0.063     ; 1.963      ;
; -1.031 ; counter[7]~reg0 ; counter[7]~reg0 ; clk          ; clk         ; 1.000        ; -0.063     ; 1.963      ;
; -1.027 ; counter[7]~reg0 ; counter[2]~reg0 ; clk          ; clk         ; 1.000        ; -0.063     ; 1.959      ;
; -1.027 ; counter[7]~reg0 ; counter[5]~reg0 ; clk          ; clk         ; 1.000        ; -0.063     ; 1.959      ;
; -1.026 ; counter[7]~reg0 ; counter[0]~reg0 ; clk          ; clk         ; 1.000        ; -0.063     ; 1.958      ;
; -1.026 ; counter[1]~reg0 ; counter[5]~reg0 ; clk          ; clk         ; 1.000        ; -0.063     ; 1.958      ;
; -1.010 ; state.S0        ; counter[3]~reg0 ; clk          ; clk         ; 1.000        ; -0.062     ; 1.943      ;
; -1.007 ; state.S2        ; counter[3]~reg0 ; clk          ; clk         ; 1.000        ; -0.062     ; 1.940      ;
; -1.004 ; counter[7]~reg0 ; counter[4]~reg0 ; clk          ; clk         ; 1.000        ; -0.063     ; 1.936      ;
; -1.004 ; counter[3]~reg0 ; state.S3        ; clk          ; clk         ; 1.000        ; -0.063     ; 1.936      ;
; -0.991 ; counter[7]~reg0 ; state.S3        ; clk          ; clk         ; 1.000        ; -0.063     ; 1.923      ;
; -0.967 ; counter[6]~reg0 ; ring~reg0       ; clk          ; clk         ; 1.000        ; -0.063     ; 1.899      ;
; -0.944 ; counter[3]~reg0 ; state.S2        ; clk          ; clk         ; 1.000        ; -0.063     ; 1.876      ;
; -0.942 ; counter[1]~reg0 ; counter[1]~reg0 ; clk          ; clk         ; 1.000        ; -0.063     ; 1.874      ;
; -0.937 ; counter[1]~reg0 ; counter[0]~reg0 ; clk          ; clk         ; 1.000        ; -0.063     ; 1.869      ;
; -0.935 ; counter[4]~reg0 ; state.S0        ; clk          ; clk         ; 1.000        ; -0.062     ; 1.868      ;
; -0.933 ; counter[5]~reg0 ; state.S0        ; clk          ; clk         ; 1.000        ; -0.063     ; 1.865      ;
; -0.926 ; counter[0]~reg0 ; state.S0        ; clk          ; clk         ; 1.000        ; -0.063     ; 1.858      ;
; -0.923 ; counter[0]~reg0 ; ring~reg0       ; clk          ; clk         ; 1.000        ; -0.063     ; 1.855      ;
; -0.907 ; counter[2]~reg0 ; state.S0        ; clk          ; clk         ; 1.000        ; -0.063     ; 1.839      ;
; -0.902 ; counter[1]~reg0 ; state.S3        ; clk          ; clk         ; 1.000        ; -0.063     ; 1.834      ;
; -0.899 ; counter[2]~reg0 ; ring~reg0       ; clk          ; clk         ; 1.000        ; -0.063     ; 1.831      ;
; -0.851 ; state.S2        ; counter[6]~reg0 ; clk          ; clk         ; 1.000        ; -0.062     ; 1.784      ;
; -0.847 ; state.S0        ; counter[6]~reg0 ; clk          ; clk         ; 1.000        ; -0.062     ; 1.780      ;
; -0.842 ; counter[1]~reg0 ; state.S2        ; clk          ; clk         ; 1.000        ; -0.063     ; 1.774      ;
; -0.833 ; counter[4]~reg0 ; ring~reg0       ; clk          ; clk         ; 1.000        ; -0.062     ; 1.766      ;
; -0.831 ; counter[5]~reg0 ; ring~reg0       ; clk          ; clk         ; 1.000        ; -0.063     ; 1.763      ;
; -0.809 ; counter[7]~reg0 ; state.S0        ; clk          ; clk         ; 1.000        ; -0.063     ; 1.741      ;
; -0.725 ; counter[3]~reg0 ; state.S0        ; clk          ; clk         ; 1.000        ; -0.063     ; 1.657      ;
; -0.717 ; counter[3]~reg0 ; ring~reg0       ; clk          ; clk         ; 1.000        ; -0.063     ; 1.649      ;
; -0.707 ; counter[7]~reg0 ; ring~reg0       ; clk          ; clk         ; 1.000        ; -0.063     ; 1.639      ;
; -0.706 ; state.S2        ; counter[1]~reg0 ; clk          ; clk         ; 1.000        ; -0.062     ; 1.639      ;
; -0.706 ; state.S2        ; counter[7]~reg0 ; clk          ; clk         ; 1.000        ; -0.062     ; 1.639      ;
+--------+-----------------+-----------------+--------------+-------------+--------------+------------+------------+


+-----------------------------------------------------------------------------------------------------------------+
; Slow 1200mV 85C Model Hold: 'clk'                                                                               ;
+-------+-----------------+-----------------+--------------+-------------+--------------+------------+------------+
; Slack ; From Node       ; To Node         ; Launch Clock ; Latch Clock ; Relationship ; Clock Skew ; Data Delay ;
+-------+-----------------+-----------------+--------------+-------------+--------------+------------+------------+
; 0.358 ; ring~reg0       ; ring~reg0       ; clk          ; clk         ; 0.000        ; 0.062      ; 0.577      ;
; 0.358 ; state.S0        ; state.S0        ; clk          ; clk         ; 0.000        ; 0.062      ; 0.577      ;
; 0.358 ; state.S3        ; state.S3        ; clk          ; clk         ; 0.000        ; 0.062      ; 0.577      ;
; 0.358 ; state.S1        ; state.S1        ; clk          ; clk         ; 0.000        ; 0.062      ; 0.577      ;
; 0.436 ; state.S1        ; mystate[1]~reg0 ; clk          ; clk         ; 0.000        ; 0.062      ; 0.655      ;
; 0.495 ; state.S0        ; mystate[1]~reg0 ; clk          ; clk         ; 0.000        ; 0.062      ; 0.714      ;
; 0.496 ; state.S0        ; mystate[0]~reg0 ; clk          ; clk         ; 0.000        ; 0.062      ; 0.715      ;
; 0.618 ; state.S2        ; state.S3        ; clk          ; clk         ; 0.000        ; 0.062      ; 0.837      ;
; 0.641 ; state.S2        ; mystate[0]~reg0 ; clk          ; clk         ; 0.000        ; 0.062      ; 0.860      ;
; 0.643 ; state.S1        ; counter[4]~reg0 ; clk          ; clk         ; 0.000        ; 0.062      ; 0.862      ;
; 0.658 ; state.S1        ; ring~reg0       ; clk          ; clk         ; 0.000        ; 0.062      ; 0.877      ;
; 0.670 ; state.S1        ; state.S2        ; clk          ; clk         ; 0.000        ; 0.062      ; 0.889      ;
; 0.686 ; state.S3        ; state.S1        ; clk          ; clk         ; 0.000        ; 0.062      ; 0.905      ;
; 0.702 ; counter[7]~reg0 ; counter[7]~reg0 ; clk          ; clk         ; 0.000        ; 0.063      ; 0.922      ;
; 0.757 ; state.S2        ; counter[3]~reg0 ; clk          ; clk         ; 0.000        ; 0.063      ; 0.977      ;
; 0.824 ; state.S1        ; counter[6]~reg0 ; clk          ; clk         ; 0.000        ; 0.063      ; 1.044      ;
; 0.834 ; state.S1        ; counter[2]~reg0 ; clk          ; clk         ; 0.000        ; 0.063      ; 1.054      ;
; 0.835 ; state.S1        ; counter[5]~reg0 ; clk          ; clk         ; 0.000        ; 0.063      ; 1.055      ;
; 0.839 ; state.S1        ; counter[1]~reg0 ; clk          ; clk         ; 0.000        ; 0.063      ; 1.059      ;
; 0.839 ; state.S1        ; counter[7]~reg0 ; clk          ; clk         ; 0.000        ; 0.063      ; 1.059      ;
; 0.851 ; state.S3        ; state.S0        ; clk          ; clk         ; 0.000        ; 0.062      ; 1.070      ;
; 0.867 ; counter[5]~reg0 ; counter[5]~reg0 ; clk          ; clk         ; 0.000        ; 0.063      ; 1.087      ;
; 0.871 ; state.S1        ; counter[0]~reg0 ; clk          ; clk         ; 0.000        ; 0.063      ; 1.091      ;
; 0.883 ; counter[1]~reg0 ; counter[1]~reg0 ; clk          ; clk         ; 0.000        ; 0.063      ; 1.103      ;
; 0.914 ; state.S2        ; ring~reg0       ; clk          ; clk         ; 0.000        ; 0.062      ; 1.133      ;
; 0.941 ; state.S3        ; ring~reg0       ; clk          ; clk         ; 0.000        ; 0.062      ; 1.160      ;
; 0.970 ; counter[6]~reg0 ; counter[6]~reg0 ; clk          ; clk         ; 0.000        ; 0.063      ; 1.190      ;
; 0.985 ; state.S2        ; state.S1        ; clk          ; clk         ; 0.000        ; 0.062      ; 1.204      ;
; 1.003 ; counter[2]~reg0 ; counter[2]~reg0 ; clk          ; clk         ; 0.000        ; 0.063      ; 1.223      ;
; 1.116 ; counter[7]~reg0 ; counter[3]~reg0 ; clk          ; clk         ; 0.000        ; 0.063      ; 1.336      ;
; 1.120 ; state.S2        ; state.S2        ; clk          ; clk         ; 0.000        ; 0.062      ; 1.339      ;
; 1.128 ; state.S0        ; counter[4]~reg0 ; clk          ; clk         ; 0.000        ; 0.062      ; 1.347      ;
; 1.130 ; state.S2        ; counter[4]~reg0 ; clk          ; clk         ; 0.000        ; 0.062      ; 1.349      ;
; 1.133 ; state.S1        ; counter[3]~reg0 ; clk          ; clk         ; 0.000        ; 0.063      ; 1.353      ;
; 1.145 ; counter[0]~reg0 ; counter[0]~reg0 ; clk          ; clk         ; 0.000        ; 0.063      ; 1.365      ;
; 1.153 ; counter[6]~reg0 ; counter[7]~reg0 ; clk          ; clk         ; 0.000        ; 0.063      ; 1.373      ;
; 1.172 ; counter[0]~reg0 ; counter[1]~reg0 ; clk          ; clk         ; 0.000        ; 0.063      ; 1.392      ;
; 1.174 ; counter[4]~reg0 ; counter[4]~reg0 ; clk          ; clk         ; 0.000        ; 0.062      ; 1.393      ;
; 1.175 ; counter[3]~reg0 ; counter[3]~reg0 ; clk          ; clk         ; 0.000        ; 0.063      ; 1.395      ;
; 1.187 ; state.S0        ; counter[2]~reg0 ; clk          ; clk         ; 0.000        ; 0.063      ; 1.407      ;
; 1.188 ; state.S0        ; counter[5]~reg0 ; clk          ; clk         ; 0.000        ; 0.063      ; 1.408      ;
; 1.188 ; state.S0        ; counter[0]~reg0 ; clk          ; clk         ; 0.000        ; 0.063      ; 1.408      ;
; 1.193 ; state.S0        ; counter[7]~reg0 ; clk          ; clk         ; 0.000        ; 0.063      ; 1.413      ;
; 1.193 ; state.S0        ; counter[1]~reg0 ; clk          ; clk         ; 0.000        ; 0.063      ; 1.413      ;
; 1.212 ; state.S2        ; counter[0]~reg0 ; clk          ; clk         ; 0.000        ; 0.063      ; 1.432      ;
; 1.214 ; state.S2        ; counter[2]~reg0 ; clk          ; clk         ; 0.000        ; 0.063      ; 1.434      ;
; 1.214 ; state.S2        ; counter[5]~reg0 ; clk          ; clk         ; 0.000        ; 0.063      ; 1.434      ;
; 1.217 ; state.S2        ; counter[7]~reg0 ; clk          ; clk         ; 0.000        ; 0.063      ; 1.437      ;
; 1.217 ; state.S2        ; counter[1]~reg0 ; clk          ; clk         ; 0.000        ; 0.063      ; 1.437      ;
; 1.223 ; counter[1]~reg0 ; ring~reg0       ; clk          ; clk         ; 0.000        ; 0.062      ; 1.442      ;
; 1.236 ; counter[1]~reg0 ; state.S0        ; clk          ; clk         ; 0.000        ; 0.062      ; 1.455      ;
; 1.237 ; counter[5]~reg0 ; counter[3]~reg0 ; clk          ; clk         ; 0.000        ; 0.063      ; 1.457      ;
; 1.239 ; counter[4]~reg0 ; counter[3]~reg0 ; clk          ; clk         ; 0.000        ; 0.063      ; 1.459      ;
; 1.244 ; counter[5]~reg0 ; counter[6]~reg0 ; clk          ; clk         ; 0.000        ; 0.063      ; 1.464      ;
; 1.248 ; counter[5]~reg0 ; counter[7]~reg0 ; clk          ; clk         ; 0.000        ; 0.063      ; 1.468      ;
; 1.266 ; counter[2]~reg0 ; counter[5]~reg0 ; clk          ; clk         ; 0.000        ; 0.063      ; 1.486      ;
; 1.267 ; counter[3]~reg0 ; counter[5]~reg0 ; clk          ; clk         ; 0.000        ; 0.063      ; 1.487      ;
; 1.296 ; counter[1]~reg0 ; counter[2]~reg0 ; clk          ; clk         ; 0.000        ; 0.063      ; 1.516      ;
; 1.298 ; state.S0        ; counter[6]~reg0 ; clk          ; clk         ; 0.000        ; 0.063      ; 1.518      ;
; 1.302 ; counter[1]~reg0 ; counter[3]~reg0 ; clk          ; clk         ; 0.000        ; 0.063      ; 1.522      ;
; 1.306 ; counter[4]~reg0 ; counter[5]~reg0 ; clk          ; clk         ; 0.000        ; 0.063      ; 1.526      ;
; 1.312 ; counter[0]~reg0 ; counter[2]~reg0 ; clk          ; clk         ; 0.000        ; 0.063      ; 1.532      ;
; 1.313 ; counter[2]~reg0 ; counter[4]~reg0 ; clk          ; clk         ; 0.000        ; 0.062      ; 1.532      ;
; 1.314 ; counter[3]~reg0 ; counter[4]~reg0 ; clk          ; clk         ; 0.000        ; 0.062      ; 1.533      ;
; 1.320 ; state.S2        ; counter[6]~reg0 ; clk          ; clk         ; 0.000        ; 0.063      ; 1.540      ;
; 1.331 ; counter[3]~reg0 ; ring~reg0       ; clk          ; clk         ; 0.000        ; 0.062      ; 1.550      ;
; 1.339 ; counter[7]~reg0 ; ring~reg0       ; clk          ; clk         ; 0.000        ; 0.062      ; 1.558      ;
; 1.344 ; counter[3]~reg0 ; state.S0        ; clk          ; clk         ; 0.000        ; 0.062      ; 1.563      ;
; 1.367 ; counter[6]~reg0 ; counter[3]~reg0 ; clk          ; clk         ; 0.000        ; 0.063      ; 1.587      ;
; 1.372 ; counter[2]~reg0 ; counter[6]~reg0 ; clk          ; clk         ; 0.000        ; 0.063      ; 1.592      ;
; 1.373 ; counter[3]~reg0 ; counter[6]~reg0 ; clk          ; clk         ; 0.000        ; 0.063      ; 1.593      ;
; 1.376 ; counter[2]~reg0 ; counter[7]~reg0 ; clk          ; clk         ; 0.000        ; 0.063      ; 1.596      ;
; 1.377 ; counter[3]~reg0 ; counter[7]~reg0 ; clk          ; clk         ; 0.000        ; 0.063      ; 1.597      ;
; 1.380 ; counter[1]~reg0 ; counter[5]~reg0 ; clk          ; clk         ; 0.000        ; 0.063      ; 1.600      ;
; 1.396 ; counter[0]~reg0 ; counter[5]~reg0 ; clk          ; clk         ; 0.000        ; 0.063      ; 1.616      ;
; 1.412 ; counter[4]~reg0 ; counter[6]~reg0 ; clk          ; clk         ; 0.000        ; 0.063      ; 1.632      ;
; 1.416 ; counter[4]~reg0 ; counter[7]~reg0 ; clk          ; clk         ; 0.000        ; 0.063      ; 1.636      ;
; 1.426 ; counter[7]~reg0 ; state.S0        ; clk          ; clk         ; 0.000        ; 0.062      ; 1.645      ;
; 1.427 ; counter[1]~reg0 ; counter[4]~reg0 ; clk          ; clk         ; 0.000        ; 0.062      ; 1.646      ;
; 1.436 ; counter[1]~reg0 ; state.S2        ; clk          ; clk         ; 0.000        ; 0.062      ; 1.655      ;
; 1.440 ; counter[1]~reg0 ; state.S3        ; clk          ; clk         ; 0.000        ; 0.062      ; 1.659      ;
; 1.443 ; counter[0]~reg0 ; counter[4]~reg0 ; clk          ; clk         ; 0.000        ; 0.062      ; 1.662      ;
; 1.447 ; counter[2]~reg0 ; counter[3]~reg0 ; clk          ; clk         ; 0.000        ; 0.063      ; 1.667      ;
; 1.460 ; counter[5]~reg0 ; ring~reg0       ; clk          ; clk         ; 0.000        ; 0.062      ; 1.679      ;
; 1.462 ; counter[4]~reg0 ; ring~reg0       ; clk          ; clk         ; 0.000        ; 0.062      ; 1.681      ;
; 1.463 ; counter[0]~reg0 ; state.S0        ; clk          ; clk         ; 0.000        ; 0.062      ; 1.682      ;
; 1.465 ; counter[0]~reg0 ; ring~reg0       ; clk          ; clk         ; 0.000        ; 0.062      ; 1.684      ;
; 1.481 ; state.S0        ; counter[3]~reg0 ; clk          ; clk         ; 0.000        ; 0.063      ; 1.701      ;
; 1.486 ; counter[1]~reg0 ; counter[6]~reg0 ; clk          ; clk         ; 0.000        ; 0.063      ; 1.706      ;
; 1.490 ; counter[1]~reg0 ; counter[7]~reg0 ; clk          ; clk         ; 0.000        ; 0.063      ; 1.710      ;
; 1.496 ; counter[2]~reg0 ; ring~reg0       ; clk          ; clk         ; 0.000        ; 0.062      ; 1.715      ;
; 1.502 ; counter[0]~reg0 ; counter[6]~reg0 ; clk          ; clk         ; 0.000        ; 0.063      ; 1.722      ;
; 1.506 ; counter[0]~reg0 ; counter[7]~reg0 ; clk          ; clk         ; 0.000        ; 0.063      ; 1.726      ;
; 1.509 ; counter[2]~reg0 ; state.S0        ; clk          ; clk         ; 0.000        ; 0.062      ; 1.728      ;
; 1.520 ; counter[1]~reg0 ; counter[0]~reg0 ; clk          ; clk         ; 0.000        ; 0.063      ; 1.740      ;
; 1.524 ; counter[0]~reg0 ; counter[3]~reg0 ; clk          ; clk         ; 0.000        ; 0.063      ; 1.744      ;
; 1.529 ; counter[7]~reg0 ; state.S3        ; clk          ; clk         ; 0.000        ; 0.062      ; 1.748      ;
; 1.541 ; counter[3]~reg0 ; state.S3        ; clk          ; clk         ; 0.000        ; 0.062      ; 1.760      ;
; 1.543 ; counter[5]~reg0 ; state.S0        ; clk          ; clk         ; 0.000        ; 0.062      ; 1.762      ;
; 1.544 ; counter[3]~reg0 ; state.S2        ; clk          ; clk         ; 0.000        ; 0.062      ; 1.763      ;
+-------+-----------------+-----------------+--------------+-------------+--------------+------------+------------+


+------------------------------------------------------------------------------------------------------------+
; Slow 1200mV 85C Model Minimum Pulse Width: 'clk'                                                           ;
+--------+--------------+----------------+------------------+-------+------------+---------------------------+
; Slack  ; Actual Width ; Required Width ; Type             ; Clock ; Clock Edge ; Target                    ;
+--------+--------------+----------------+------------------+-------+------------+---------------------------+
; -3.000 ; 1.000        ; 4.000          ; Port Rate        ; clk   ; Rise       ; clk                       ;
; -1.000 ; 1.000        ; 2.000          ; Min Period       ; clk   ; Rise       ; counter[0]~reg0           ;
; -1.000 ; 1.000        ; 2.000          ; Min Period       ; clk   ; Rise       ; counter[1]~reg0           ;
; -1.000 ; 1.000        ; 2.000          ; Min Period       ; clk   ; Rise       ; counter[2]~reg0           ;
; -1.000 ; 1.000        ; 2.000          ; Min Period       ; clk   ; Rise       ; counter[3]~reg0           ;
; -1.000 ; 1.000        ; 2.000          ; Min Period       ; clk   ; Rise       ; counter[4]~reg0           ;
; -1.000 ; 1.000        ; 2.000          ; Min Period       ; clk   ; Rise       ; counter[5]~reg0           ;
; -1.000 ; 1.000        ; 2.000          ; Min Period       ; clk   ; Rise       ; counter[6]~reg0           ;
; -1.000 ; 1.000        ; 2.000          ; Min Period       ; clk   ; Rise       ; counter[7]~reg0           ;
; -1.000 ; 1.000        ; 2.000          ; Min Period       ; clk   ; Rise       ; mystate[0]~reg0           ;
; -1.000 ; 1.000        ; 2.000          ; Min Period       ; clk   ; Rise       ; mystate[1]~reg0           ;
; -1.000 ; 1.000        ; 2.000          ; Min Period       ; clk   ; Rise       ; ring~reg0                 ;
; -1.000 ; 1.000        ; 2.000          ; Min Period       ; clk   ; Rise       ; state.S0                  ;
; -1.000 ; 1.000        ; 2.000          ; Min Period       ; clk   ; Rise       ; state.S1                  ;
; -1.000 ; 1.000        ; 2.000          ; Min Period       ; clk   ; Rise       ; state.S2                  ;
; -1.000 ; 1.000        ; 2.000          ; Min Period       ; clk   ; Rise       ; state.S3                  ;
; 0.165  ; 0.349        ; 0.184          ; Low Pulse Width  ; clk   ; Rise       ; counter[4]~reg0           ;
; 0.165  ; 0.349        ; 0.184          ; Low Pulse Width  ; clk   ; Rise       ; mystate[0]~reg0           ;
; 0.165  ; 0.349        ; 0.184          ; Low Pulse Width  ; clk   ; Rise       ; mystate[1]~reg0           ;
; 0.165  ; 0.349        ; 0.184          ; Low Pulse Width  ; clk   ; Rise       ; ring~reg0                 ;
; 0.165  ; 0.349        ; 0.184          ; Low Pulse Width  ; clk   ; Rise       ; state.S0                  ;
; 0.165  ; 0.349        ; 0.184          ; Low Pulse Width  ; clk   ; Rise       ; state.S1                  ;
; 0.165  ; 0.349        ; 0.184          ; Low Pulse Width  ; clk   ; Rise       ; state.S2                  ;
; 0.165  ; 0.349        ; 0.184          ; Low Pulse Width  ; clk   ; Rise       ; state.S3                  ;
; 0.166  ; 0.350        ; 0.184          ; Low Pulse Width  ; clk   ; Rise       ; counter[0]~reg0           ;
; 0.166  ; 0.350        ; 0.184          ; Low Pulse Width  ; clk   ; Rise       ; counter[1]~reg0           ;
; 0.166  ; 0.350        ; 0.184          ; Low Pulse Width  ; clk   ; Rise       ; counter[2]~reg0           ;
; 0.166  ; 0.350        ; 0.184          ; Low Pulse Width  ; clk   ; Rise       ; counter[3]~reg0           ;
; 0.166  ; 0.350        ; 0.184          ; Low Pulse Width  ; clk   ; Rise       ; counter[5]~reg0           ;
; 0.166  ; 0.350        ; 0.184          ; Low Pulse Width  ; clk   ; Rise       ; counter[6]~reg0           ;
; 0.166  ; 0.350        ; 0.184          ; Low Pulse Width  ; clk   ; Rise       ; counter[7]~reg0           ;
; 0.327  ; 0.327        ; 0.000          ; Low Pulse Width  ; clk   ; Rise       ; counter[4]~reg0|clk       ;
; 0.327  ; 0.327        ; 0.000          ; Low Pulse Width  ; clk   ; Rise       ; mystate[0]~reg0|clk       ;
; 0.327  ; 0.327        ; 0.000          ; Low Pulse Width  ; clk   ; Rise       ; mystate[1]~reg0|clk       ;
; 0.327  ; 0.327        ; 0.000          ; Low Pulse Width  ; clk   ; Rise       ; ring~reg0|clk             ;
; 0.327  ; 0.327        ; 0.000          ; Low Pulse Width  ; clk   ; Rise       ; state.S0|clk              ;
; 0.327  ; 0.327        ; 0.000          ; Low Pulse Width  ; clk   ; Rise       ; state.S1|clk              ;
; 0.327  ; 0.327        ; 0.000          ; Low Pulse Width  ; clk   ; Rise       ; state.S2|clk              ;
; 0.327  ; 0.327        ; 0.000          ; Low Pulse Width  ; clk   ; Rise       ; state.S3|clk              ;
; 0.328  ; 0.328        ; 0.000          ; Low Pulse Width  ; clk   ; Rise       ; counter[0]~reg0|clk       ;
; 0.328  ; 0.328        ; 0.000          ; Low Pulse Width  ; clk   ; Rise       ; counter[1]~reg0|clk       ;
; 0.328  ; 0.328        ; 0.000          ; Low Pulse Width  ; clk   ; Rise       ; counter[2]~reg0|clk       ;
; 0.328  ; 0.328        ; 0.000          ; Low Pulse Width  ; clk   ; Rise       ; counter[3]~reg0|clk       ;
; 0.328  ; 0.328        ; 0.000          ; Low Pulse Width  ; clk   ; Rise       ; counter[5]~reg0|clk       ;
; 0.328  ; 0.328        ; 0.000          ; Low Pulse Width  ; clk   ; Rise       ; counter[6]~reg0|clk       ;
; 0.328  ; 0.328        ; 0.000          ; Low Pulse Width  ; clk   ; Rise       ; counter[7]~reg0|clk       ;
; 0.335  ; 0.335        ; 0.000          ; Low Pulse Width  ; clk   ; Rise       ; clk~input|o               ;
; 0.356  ; 0.356        ; 0.000          ; Low Pulse Width  ; clk   ; Rise       ; clk~inputclkctrl|inclk[0] ;
; 0.356  ; 0.356        ; 0.000          ; Low Pulse Width  ; clk   ; Rise       ; clk~inputclkctrl|outclk   ;
; 0.432  ; 0.648        ; 0.216          ; High Pulse Width ; clk   ; Rise       ; counter[0]~reg0           ;
; 0.432  ; 0.648        ; 0.216          ; High Pulse Width ; clk   ; Rise       ; counter[1]~reg0           ;
; 0.432  ; 0.648        ; 0.216          ; High Pulse Width ; clk   ; Rise       ; counter[2]~reg0           ;
; 0.432  ; 0.648        ; 0.216          ; High Pulse Width ; clk   ; Rise       ; counter[3]~reg0           ;
; 0.432  ; 0.648        ; 0.216          ; High Pulse Width ; clk   ; Rise       ; counter[4]~reg0           ;
; 0.432  ; 0.648        ; 0.216          ; High Pulse Width ; clk   ; Rise       ; counter[5]~reg0           ;
; 0.432  ; 0.648        ; 0.216          ; High Pulse Width ; clk   ; Rise       ; counter[6]~reg0           ;
; 0.432  ; 0.648        ; 0.216          ; High Pulse Width ; clk   ; Rise       ; counter[7]~reg0           ;
; 0.432  ; 0.648        ; 0.216          ; High Pulse Width ; clk   ; Rise       ; mystate[0]~reg0           ;
; 0.432  ; 0.648        ; 0.216          ; High Pulse Width ; clk   ; Rise       ; mystate[1]~reg0           ;
; 0.432  ; 0.648        ; 0.216          ; High Pulse Width ; clk   ; Rise       ; ring~reg0                 ;
; 0.432  ; 0.648        ; 0.216          ; High Pulse Width ; clk   ; Rise       ; state.S0                  ;
; 0.432  ; 0.648        ; 0.216          ; High Pulse Width ; clk   ; Rise       ; state.S1                  ;
; 0.432  ; 0.648        ; 0.216          ; High Pulse Width ; clk   ; Rise       ; state.S2                  ;
; 0.432  ; 0.648        ; 0.216          ; High Pulse Width ; clk   ; Rise       ; state.S3                  ;
; 0.500  ; 0.500        ; 0.000          ; High Pulse Width ; clk   ; Rise       ; clk~input|i               ;
; 0.500  ; 0.500        ; 0.000          ; Low Pulse Width  ; clk   ; Rise       ; clk~input|i               ;
; 0.643  ; 0.643        ; 0.000          ; High Pulse Width ; clk   ; Rise       ; clk~inputclkctrl|inclk[0] ;
; 0.643  ; 0.643        ; 0.000          ; High Pulse Width ; clk   ; Rise       ; clk~inputclkctrl|outclk   ;
; 0.665  ; 0.665        ; 0.000          ; High Pulse Width ; clk   ; Rise       ; clk~input|o               ;
; 0.672  ; 0.672        ; 0.000          ; High Pulse Width ; clk   ; Rise       ; counter[0]~reg0|clk       ;
; 0.672  ; 0.672        ; 0.000          ; High Pulse Width ; clk   ; Rise       ; counter[1]~reg0|clk       ;
; 0.672  ; 0.672        ; 0.000          ; High Pulse Width ; clk   ; Rise       ; counter[2]~reg0|clk       ;
; 0.672  ; 0.672        ; 0.000          ; High Pulse Width ; clk   ; Rise       ; counter[3]~reg0|clk       ;
; 0.672  ; 0.672        ; 0.000          ; High Pulse Width ; clk   ; Rise       ; counter[4]~reg0|clk       ;
; 0.672  ; 0.672        ; 0.000          ; High Pulse Width ; clk   ; Rise       ; counter[5]~reg0|clk       ;
; 0.672  ; 0.672        ; 0.000          ; High Pulse Width ; clk   ; Rise       ; counter[6]~reg0|clk       ;
; 0.672  ; 0.672        ; 0.000          ; High Pulse Width ; clk   ; Rise       ; counter[7]~reg0|clk       ;
; 0.672  ; 0.672        ; 0.000          ; High Pulse Width ; clk   ; Rise       ; mystate[0]~reg0|clk       ;
; 0.672  ; 0.672        ; 0.000          ; High Pulse Width ; clk   ; Rise       ; mystate[1]~reg0|clk       ;
; 0.672  ; 0.672        ; 0.000          ; High Pulse Width ; clk   ; Rise       ; ring~reg0|clk             ;
; 0.672  ; 0.672        ; 0.000          ; High Pulse Width ; clk   ; Rise       ; state.S0|clk              ;
; 0.672  ; 0.672        ; 0.000          ; High Pulse Width ; clk   ; Rise       ; state.S1|clk              ;
; 0.672  ; 0.672        ; 0.000          ; High Pulse Width ; clk   ; Rise       ; state.S2|clk              ;
; 0.672  ; 0.672        ; 0.000          ; High Pulse Width ; clk   ; Rise       ; state.S3|clk              ;
+--------+--------------+----------------+------------------+-------+------------+---------------------------+


+-------------------------------------------------------------------------+
; Setup Times                                                             ;
+-------------+------------+-------+-------+------------+-----------------+
; Data Port   ; Clock Port ; Rise  ; Fall  ; Clock Edge ; Clock Reference ;
+-------------+------------+-------+-------+------------+-----------------+
; data_in[*]  ; clk        ; 2.647 ; 3.181 ; Rise       ; clk             ;
;  data_in[0] ; clk        ; 1.756 ; 2.203 ; Rise       ; clk             ;
;  data_in[1] ; clk        ; 2.007 ; 2.488 ; Rise       ; clk             ;
;  data_in[2] ; clk        ; 2.428 ; 2.976 ; Rise       ; clk             ;
;  data_in[3] ; clk        ; 2.647 ; 3.181 ; Rise       ; clk             ;
;  data_in[4] ; clk        ; 1.901 ; 2.334 ; Rise       ; clk             ;
;  data_in[5] ; clk        ; 2.236 ; 2.696 ; Rise       ; clk             ;
;  data_in[6] ; clk        ; 2.292 ; 2.741 ; Rise       ; clk             ;
;  data_in[7] ; clk        ; 2.371 ; 2.910 ; Rise       ; clk             ;
; reset       ; clk        ; 2.774 ; 3.190 ; Rise       ; clk             ;
; start       ; clk        ; 3.125 ; 3.517 ; Rise       ; clk             ;
+-------------+------------+-------+-------+------------+-----------------+


+---------------------------------------------------------------------------+
; Hold Times                                                                ;
+-------------+------------+--------+--------+------------+-----------------+
; Data Port   ; Clock Port ; Rise   ; Fall   ; Clock Edge ; Clock Reference ;
+-------------+------------+--------+--------+------------+-----------------+
; data_in[*]  ; clk        ; -1.381 ; -1.795 ; Rise       ; clk             ;
;  data_in[0] ; clk        ; -1.381 ; -1.795 ; Rise       ; clk             ;
;  data_in[1] ; clk        ; -1.584 ; -2.037 ; Rise       ; clk             ;
;  data_in[2] ; clk        ; -1.987 ; -2.506 ; Rise       ; clk             ;
;  data_in[3] ; clk        ; -2.198 ; -2.702 ; Rise       ; clk             ;
;  data_in[4] ; clk        ; -1.531 ; -1.945 ; Rise       ; clk             ;
;  data_in[5] ; clk        ; -1.803 ; -2.237 ; Rise       ; clk             ;
;  data_in[6] ; clk        ; -1.908 ; -2.336 ; Rise       ; clk             ;
;  data_in[7] ; clk        ; -1.933 ; -2.442 ; Rise       ; clk             ;
; reset       ; clk        ; -1.714 ; -2.155 ; Rise       ; clk             ;
; start       ; clk        ; -1.971 ; -2.366 ; Rise       ; clk             ;
+-------------+------------+--------+--------+------------+-----------------+


+-------------------------------------------------------------------------+
; Clock to Output Times                                                   ;
+-------------+------------+-------+-------+------------+-----------------+
; Data Port   ; Clock Port ; Rise  ; Fall  ; Clock Edge ; Clock Reference ;
+-------------+------------+-------+-------+------------+-----------------+
; counter[*]  ; clk        ; 7.303 ; 7.359 ; Rise       ; clk             ;
;  counter[0] ; clk        ; 5.705 ; 5.708 ; Rise       ; clk             ;
;  counter[1] ; clk        ; 5.671 ; 5.657 ; Rise       ; clk             ;
;  counter[2] ; clk        ; 6.009 ; 6.035 ; Rise       ; clk             ;
;  counter[3] ; clk        ; 5.692 ; 5.695 ; Rise       ; clk             ;
;  counter[4] ; clk        ; 6.020 ; 6.053 ; Rise       ; clk             ;
;  counter[5] ; clk        ; 7.123 ; 7.189 ; Rise       ; clk             ;
;  counter[6] ; clk        ; 7.303 ; 7.359 ; Rise       ; clk             ;
;  counter[7] ; clk        ; 5.841 ; 5.836 ; Rise       ; clk             ;
; mystate[*]  ; clk        ; 6.027 ; 6.056 ; Rise       ; clk             ;
;  mystate[0] ; clk        ; 6.027 ; 6.056 ; Rise       ; clk             ;
;  mystate[1] ; clk        ; 5.700 ; 5.714 ; Rise       ; clk             ;
; out1[*]     ; clk        ; 8.263 ; 8.216 ; Rise       ; clk             ;
;  out1[0]    ; clk        ; 7.222 ; 7.167 ; Rise       ; clk             ;
;  out1[1]    ; clk        ; 7.210 ; 7.152 ; Rise       ; clk             ;
;  out1[2]    ; clk        ; 7.186 ; 7.079 ; Rise       ; clk             ;
;  out1[3]    ; clk        ; 7.753 ; 7.871 ; Rise       ; clk             ;
;  out1[4]    ; clk        ; 7.043 ; 6.986 ; Rise       ; clk             ;
;  out1[5]    ; clk        ; 7.484 ; 7.520 ; Rise       ; clk             ;
;  out1[6]    ; clk        ; 8.263 ; 8.216 ; Rise       ; clk             ;
; out2[*]     ; clk        ; 7.598 ; 7.621 ; Rise       ; clk             ;
;  out2[0]    ; clk        ; 7.177 ; 7.142 ; Rise       ; clk             ;
;  out2[1]    ; clk        ; 7.598 ; 7.621 ; Rise       ; clk             ;
;  out2[2]    ; clk        ; 6.991 ; 6.844 ; Rise       ; clk             ;
;  out2[3]    ; clk        ; 7.365 ; 7.343 ; Rise       ; clk             ;
;  out2[4]    ; clk        ; 7.074 ; 7.135 ; Rise       ; clk             ;
;  out2[5]    ; clk        ; 7.337 ; 7.361 ; Rise       ; clk             ;
;  out2[6]    ; clk        ; 7.122 ; 7.159 ; Rise       ; clk             ;
; ring        ; clk        ; 5.327 ; 5.320 ; Rise       ; clk             ;
+-------------+------------+-------+-------+------------+-----------------+


+-------------------------------------------------------------------------+
; Minimum Clock to Output Times                                           ;
+-------------+------------+-------+-------+------------+-----------------+
; Data Port   ; Clock Port ; Rise  ; Fall  ; Clock Edge ; Clock Reference ;
+-------------+------------+-------+-------+------------+-----------------+
; counter[*]  ; clk        ; 5.490 ; 5.475 ; Rise       ; clk             ;
;  counter[0] ; clk        ; 5.522 ; 5.525 ; Rise       ; clk             ;
;  counter[1] ; clk        ; 5.490 ; 5.475 ; Rise       ; clk             ;
;  counter[2] ; clk        ; 5.814 ; 5.839 ; Rise       ; clk             ;
;  counter[3] ; clk        ; 5.510 ; 5.512 ; Rise       ; clk             ;
;  counter[4] ; clk        ; 5.826 ; 5.856 ; Rise       ; clk             ;
;  counter[5] ; clk        ; 6.884 ; 6.946 ; Rise       ; clk             ;
;  counter[6] ; clk        ; 7.108 ; 7.164 ; Rise       ; clk             ;
;  counter[7] ; clk        ; 5.653 ; 5.647 ; Rise       ; clk             ;
; mystate[*]  ; clk        ; 5.519 ; 5.531 ; Rise       ; clk             ;
;  mystate[0] ; clk        ; 5.830 ; 5.858 ; Rise       ; clk             ;
;  mystate[1] ; clk        ; 5.519 ; 5.531 ; Rise       ; clk             ;
; out1[*]     ; clk        ; 6.445 ; 6.338 ; Rise       ; clk             ;
;  out1[0]    ; clk        ; 6.584 ; 6.509 ; Rise       ; clk             ;
;  out1[1]    ; clk        ; 6.817 ; 6.778 ; Rise       ; clk             ;
;  out1[2]    ; clk        ; 6.742 ; 6.690 ; Rise       ; clk             ;
;  out1[3]    ; clk        ; 7.331 ; 7.429 ; Rise       ; clk             ;
;  out1[4]    ; clk        ; 6.445 ; 6.338 ; Rise       ; clk             ;
;  out1[5]    ; clk        ; 6.833 ; 6.847 ; Rise       ; clk             ;
;  out1[6]    ; clk        ; 7.872 ; 7.840 ; Rise       ; clk             ;
; out2[*]     ; clk        ; 6.301 ; 6.247 ; Rise       ; clk             ;
;  out2[0]    ; clk        ; 6.478 ; 6.412 ; Rise       ; clk             ;
;  out2[1]    ; clk        ; 6.882 ; 6.910 ; Rise       ; clk             ;
;  out2[2]    ; clk        ; 6.301 ; 6.247 ; Rise       ; clk             ;
;  out2[3]    ; clk        ; 6.662 ; 6.612 ; Rise       ; clk             ;
;  out2[4]    ; clk        ; 6.440 ; 6.400 ; Rise       ; clk             ;
;  out2[5]    ; clk        ; 6.681 ; 6.629 ; Rise       ; clk             ;
;  out2[6]    ; clk        ; 6.401 ; 6.468 ; Rise       ; clk             ;
; ring        ; clk        ; 5.160 ; 5.152 ; Rise       ; clk             ;
+-------------+------------+-------+-------+------------+-----------------+


-----------------------------------------------
; Slow 1200mV 85C Model Metastability Summary ;
-----------------------------------------------
No synchronizer chains to report.


+-----------------------------------------------------------------------------------------------------------+
; Slow 1200mV 0C Model Fmax Summary                                                                         ;
+------------+-----------------+------------+---------------------------------------------------------------+
; Fmax       ; Restricted Fmax ; Clock Name ; Note                                                          ;
+------------+-----------------+------------+---------------------------------------------------------------+
; 429.37 MHz ; 250.0 MHz       ; clk        ; limit due to minimum period restriction (max I/O toggle rate) ;
+------------+-----------------+------------+---------------------------------------------------------------+
This panel reports FMAX for every clock in the design, regardless of the user-specified clock periods.  FMAX is only computed for paths where the source and destination registers or ports are driven by the same clock.  Paths of different clocks, including generated clocks, are ignored.  For paths between a clock and its inversion, FMAX is computed as if the rising and falling edges are scaled along with FMAX, such that the duty cycle (in terms of a percentage) is maintained. Altera recommends that you always use clock constraints and other slack reports for sign-off analysis.


+------------------------------------+
; Slow 1200mV 0C Model Setup Summary ;
+-------+--------+-------------------+
; Clock ; Slack  ; End Point TNS     ;
+-------+--------+-------------------+
; clk   ; -1.329 ; -12.860           ;
+-------+--------+-------------------+


+-----------------------------------+
; Slow 1200mV 0C Model Hold Summary ;
+-------+-------+-------------------+
; Clock ; Slack ; End Point TNS     ;
+-------+-------+-------------------+
; clk   ; 0.311 ; 0.000             ;
+-------+-------+-------------------+


-----------------------------------------
; Slow 1200mV 0C Model Recovery Summary ;
-----------------------------------------
No paths to report.


----------------------------------------
; Slow 1200mV 0C Model Removal Summary ;
----------------------------------------
No paths to report.


+--------------------------------------------------+
; Slow 1200mV 0C Model Minimum Pulse Width Summary ;
+-------+--------+---------------------------------+
; Clock ; Slack  ; End Point TNS                   ;
+-------+--------+---------------------------------+
; clk   ; -3.000 ; -18.000                         ;
+-------+--------+---------------------------------+


+------------------------------------------------------------------------------------------------------------------+
; Slow 1200mV 0C Model Setup: 'clk'                                                                                ;
+--------+-----------------+-----------------+--------------+-------------+--------------+------------+------------+
; Slack  ; From Node       ; To Node         ; Launch Clock ; Latch Clock ; Relationship ; Clock Skew ; Data Delay ;
+--------+-----------------+-----------------+--------------+-------------+--------------+------------+------------+
; -1.329 ; counter[6]~reg0 ; counter[3]~reg0 ; clk          ; clk         ; 1.000        ; -0.056     ; 2.268      ;
; -1.262 ; counter[0]~reg0 ; counter[3]~reg0 ; clk          ; clk         ; 1.000        ; -0.056     ; 2.201      ;
; -1.262 ; counter[2]~reg0 ; counter[3]~reg0 ; clk          ; clk         ; 1.000        ; -0.056     ; 2.201      ;
; -1.209 ; counter[5]~reg0 ; counter[3]~reg0 ; clk          ; clk         ; 1.000        ; -0.056     ; 2.148      ;
; -1.204 ; counter[4]~reg0 ; counter[3]~reg0 ; clk          ; clk         ; 1.000        ; -0.056     ; 2.143      ;
; -1.177 ; counter[6]~reg0 ; counter[6]~reg0 ; clk          ; clk         ; 1.000        ; -0.056     ; 2.116      ;
; -1.121 ; counter[2]~reg0 ; counter[6]~reg0 ; clk          ; clk         ; 1.000        ; -0.056     ; 2.060      ;
; -1.112 ; counter[3]~reg0 ; counter[3]~reg0 ; clk          ; clk         ; 1.000        ; -0.056     ; 2.051      ;
; -1.110 ; counter[0]~reg0 ; counter[6]~reg0 ; clk          ; clk         ; 1.000        ; -0.056     ; 2.049      ;
; -1.096 ; counter[7]~reg0 ; counter[3]~reg0 ; clk          ; clk         ; 1.000        ; -0.056     ; 2.035      ;
; -1.075 ; counter[6]~reg0 ; state.S2        ; clk          ; clk         ; 1.000        ; -0.056     ; 2.014      ;
; -1.063 ; counter[4]~reg0 ; counter[6]~reg0 ; clk          ; clk         ; 1.000        ; -0.056     ; 2.002      ;
; -1.061 ; counter[5]~reg0 ; counter[6]~reg0 ; clk          ; clk         ; 1.000        ; -0.056     ; 2.000      ;
; -1.054 ; counter[6]~reg0 ; counter[1]~reg0 ; clk          ; clk         ; 1.000        ; -0.056     ; 1.993      ;
; -1.054 ; counter[6]~reg0 ; counter[7]~reg0 ; clk          ; clk         ; 1.000        ; -0.056     ; 1.993      ;
; -1.050 ; counter[6]~reg0 ; counter[5]~reg0 ; clk          ; clk         ; 1.000        ; -0.056     ; 1.989      ;
; -1.049 ; counter[6]~reg0 ; counter[2]~reg0 ; clk          ; clk         ; 1.000        ; -0.056     ; 1.988      ;
; -1.049 ; counter[6]~reg0 ; counter[0]~reg0 ; clk          ; clk         ; 1.000        ; -0.056     ; 1.988      ;
; -1.042 ; counter[6]~reg0 ; counter[4]~reg0 ; clk          ; clk         ; 1.000        ; -0.056     ; 1.981      ;
; -1.030 ; counter[6]~reg0 ; state.S3        ; clk          ; clk         ; 1.000        ; -0.056     ; 1.969      ;
; -1.022 ; counter[1]~reg0 ; counter[6]~reg0 ; clk          ; clk         ; 1.000        ; -0.056     ; 1.961      ;
; -1.018 ; counter[1]~reg0 ; counter[3]~reg0 ; clk          ; clk         ; 1.000        ; -0.056     ; 1.957      ;
; -0.988 ; counter[2]~reg0 ; counter[1]~reg0 ; clk          ; clk         ; 1.000        ; -0.056     ; 1.927      ;
; -0.988 ; counter[2]~reg0 ; counter[7]~reg0 ; clk          ; clk         ; 1.000        ; -0.056     ; 1.927      ;
; -0.987 ; counter[0]~reg0 ; counter[1]~reg0 ; clk          ; clk         ; 1.000        ; -0.056     ; 1.926      ;
; -0.987 ; counter[0]~reg0 ; counter[7]~reg0 ; clk          ; clk         ; 1.000        ; -0.056     ; 1.926      ;
; -0.985 ; counter[2]~reg0 ; counter[2]~reg0 ; clk          ; clk         ; 1.000        ; -0.056     ; 1.924      ;
; -0.985 ; counter[2]~reg0 ; counter[5]~reg0 ; clk          ; clk         ; 1.000        ; -0.056     ; 1.924      ;
; -0.983 ; counter[0]~reg0 ; counter[5]~reg0 ; clk          ; clk         ; 1.000        ; -0.056     ; 1.922      ;
; -0.983 ; counter[2]~reg0 ; counter[0]~reg0 ; clk          ; clk         ; 1.000        ; -0.056     ; 1.922      ;
; -0.982 ; counter[0]~reg0 ; counter[2]~reg0 ; clk          ; clk         ; 1.000        ; -0.056     ; 1.921      ;
; -0.982 ; counter[0]~reg0 ; counter[0]~reg0 ; clk          ; clk         ; 1.000        ; -0.056     ; 1.921      ;
; -0.975 ; counter[0]~reg0 ; counter[4]~reg0 ; clk          ; clk         ; 1.000        ; -0.056     ; 1.914      ;
; -0.971 ; counter[3]~reg0 ; counter[6]~reg0 ; clk          ; clk         ; 1.000        ; -0.056     ; 1.910      ;
; -0.962 ; counter[0]~reg0 ; state.S3        ; clk          ; clk         ; 1.000        ; -0.056     ; 1.901      ;
; -0.960 ; counter[1]~reg0 ; counter[4]~reg0 ; clk          ; clk         ; 1.000        ; -0.056     ; 1.899      ;
; -0.959 ; counter[2]~reg0 ; counter[4]~reg0 ; clk          ; clk         ; 1.000        ; -0.056     ; 1.898      ;
; -0.955 ; counter[5]~reg0 ; state.S2        ; clk          ; clk         ; 1.000        ; -0.056     ; 1.894      ;
; -0.951 ; counter[7]~reg0 ; counter[6]~reg0 ; clk          ; clk         ; 1.000        ; -0.056     ; 1.890      ;
; -0.949 ; counter[2]~reg0 ; state.S3        ; clk          ; clk         ; 1.000        ; -0.056     ; 1.888      ;
; -0.945 ; counter[4]~reg0 ; state.S2        ; clk          ; clk         ; 1.000        ; -0.056     ; 1.884      ;
; -0.934 ; counter[5]~reg0 ; counter[1]~reg0 ; clk          ; clk         ; 1.000        ; -0.056     ; 1.873      ;
; -0.934 ; counter[5]~reg0 ; counter[7]~reg0 ; clk          ; clk         ; 1.000        ; -0.056     ; 1.873      ;
; -0.930 ; counter[5]~reg0 ; counter[5]~reg0 ; clk          ; clk         ; 1.000        ; -0.056     ; 1.869      ;
; -0.930 ; counter[4]~reg0 ; counter[1]~reg0 ; clk          ; clk         ; 1.000        ; -0.056     ; 1.869      ;
; -0.930 ; counter[4]~reg0 ; counter[7]~reg0 ; clk          ; clk         ; 1.000        ; -0.056     ; 1.869      ;
; -0.929 ; counter[5]~reg0 ; counter[2]~reg0 ; clk          ; clk         ; 1.000        ; -0.056     ; 1.868      ;
; -0.929 ; counter[5]~reg0 ; counter[0]~reg0 ; clk          ; clk         ; 1.000        ; -0.056     ; 1.868      ;
; -0.927 ; counter[4]~reg0 ; counter[2]~reg0 ; clk          ; clk         ; 1.000        ; -0.056     ; 1.866      ;
; -0.927 ; counter[4]~reg0 ; counter[5]~reg0 ; clk          ; clk         ; 1.000        ; -0.056     ; 1.866      ;
; -0.925 ; counter[4]~reg0 ; counter[0]~reg0 ; clk          ; clk         ; 1.000        ; -0.056     ; 1.864      ;
; -0.922 ; counter[5]~reg0 ; counter[4]~reg0 ; clk          ; clk         ; 1.000        ; -0.056     ; 1.861      ;
; -0.921 ; counter[0]~reg0 ; state.S2        ; clk          ; clk         ; 1.000        ; -0.056     ; 1.860      ;
; -0.911 ; counter[4]~reg0 ; counter[4]~reg0 ; clk          ; clk         ; 1.000        ; -0.056     ; 1.850      ;
; -0.910 ; counter[5]~reg0 ; state.S3        ; clk          ; clk         ; 1.000        ; -0.056     ; 1.849      ;
; -0.900 ; counter[2]~reg0 ; state.S2        ; clk          ; clk         ; 1.000        ; -0.056     ; 1.839      ;
; -0.899 ; counter[4]~reg0 ; state.S3        ; clk          ; clk         ; 1.000        ; -0.056     ; 1.838      ;
; -0.882 ; counter[1]~reg0 ; counter[7]~reg0 ; clk          ; clk         ; 1.000        ; -0.056     ; 1.821      ;
; -0.866 ; counter[6]~reg0 ; state.S0        ; clk          ; clk         ; 1.000        ; -0.056     ; 1.805      ;
; -0.859 ; counter[3]~reg0 ; counter[4]~reg0 ; clk          ; clk         ; 1.000        ; -0.056     ; 1.798      ;
; -0.843 ; counter[1]~reg0 ; counter[2]~reg0 ; clk          ; clk         ; 1.000        ; -0.056     ; 1.782      ;
; -0.842 ; counter[7]~reg0 ; state.S2        ; clk          ; clk         ; 1.000        ; -0.056     ; 1.781      ;
; -0.838 ; counter[3]~reg0 ; counter[1]~reg0 ; clk          ; clk         ; 1.000        ; -0.056     ; 1.777      ;
; -0.838 ; counter[3]~reg0 ; counter[7]~reg0 ; clk          ; clk         ; 1.000        ; -0.056     ; 1.777      ;
; -0.835 ; counter[3]~reg0 ; counter[2]~reg0 ; clk          ; clk         ; 1.000        ; -0.056     ; 1.774      ;
; -0.835 ; counter[3]~reg0 ; counter[5]~reg0 ; clk          ; clk         ; 1.000        ; -0.056     ; 1.774      ;
; -0.833 ; counter[3]~reg0 ; counter[0]~reg0 ; clk          ; clk         ; 1.000        ; -0.056     ; 1.772      ;
; -0.821 ; counter[7]~reg0 ; counter[1]~reg0 ; clk          ; clk         ; 1.000        ; -0.056     ; 1.760      ;
; -0.821 ; counter[7]~reg0 ; counter[7]~reg0 ; clk          ; clk         ; 1.000        ; -0.056     ; 1.760      ;
; -0.817 ; counter[7]~reg0 ; counter[5]~reg0 ; clk          ; clk         ; 1.000        ; -0.056     ; 1.756      ;
; -0.816 ; counter[7]~reg0 ; counter[2]~reg0 ; clk          ; clk         ; 1.000        ; -0.056     ; 1.755      ;
; -0.816 ; counter[7]~reg0 ; counter[0]~reg0 ; clk          ; clk         ; 1.000        ; -0.056     ; 1.755      ;
; -0.809 ; counter[7]~reg0 ; counter[4]~reg0 ; clk          ; clk         ; 1.000        ; -0.056     ; 1.748      ;
; -0.804 ; state.S2        ; counter[3]~reg0 ; clk          ; clk         ; 1.000        ; -0.056     ; 1.743      ;
; -0.799 ; counter[3]~reg0 ; state.S3        ; clk          ; clk         ; 1.000        ; -0.056     ; 1.738      ;
; -0.797 ; counter[7]~reg0 ; state.S3        ; clk          ; clk         ; 1.000        ; -0.056     ; 1.736      ;
; -0.796 ; state.S0        ; counter[3]~reg0 ; clk          ; clk         ; 1.000        ; -0.056     ; 1.735      ;
; -0.784 ; counter[1]~reg0 ; counter[5]~reg0 ; clk          ; clk         ; 1.000        ; -0.056     ; 1.723      ;
; -0.773 ; counter[6]~reg0 ; ring~reg0       ; clk          ; clk         ; 1.000        ; -0.056     ; 1.712      ;
; -0.747 ; counter[3]~reg0 ; state.S2        ; clk          ; clk         ; 1.000        ; -0.056     ; 1.686      ;
; -0.746 ; counter[5]~reg0 ; state.S0        ; clk          ; clk         ; 1.000        ; -0.056     ; 1.685      ;
; -0.744 ; counter[1]~reg0 ; counter[1]~reg0 ; clk          ; clk         ; 1.000        ; -0.056     ; 1.683      ;
; -0.739 ; counter[1]~reg0 ; counter[0]~reg0 ; clk          ; clk         ; 1.000        ; -0.056     ; 1.678      ;
; -0.735 ; counter[4]~reg0 ; state.S0        ; clk          ; clk         ; 1.000        ; -0.056     ; 1.674      ;
; -0.718 ; counter[0]~reg0 ; state.S0        ; clk          ; clk         ; 1.000        ; -0.056     ; 1.657      ;
; -0.707 ; counter[0]~reg0 ; ring~reg0       ; clk          ; clk         ; 1.000        ; -0.056     ; 1.646      ;
; -0.705 ; counter[1]~reg0 ; state.S3        ; clk          ; clk         ; 1.000        ; -0.056     ; 1.644      ;
; -0.701 ; counter[2]~reg0 ; state.S0        ; clk          ; clk         ; 1.000        ; -0.056     ; 1.640      ;
; -0.700 ; counter[2]~reg0 ; ring~reg0       ; clk          ; clk         ; 1.000        ; -0.056     ; 1.639      ;
; -0.655 ; state.S0        ; counter[6]~reg0 ; clk          ; clk         ; 1.000        ; -0.056     ; 1.594      ;
; -0.653 ; counter[5]~reg0 ; ring~reg0       ; clk          ; clk         ; 1.000        ; -0.056     ; 1.592      ;
; -0.652 ; state.S2        ; counter[6]~reg0 ; clk          ; clk         ; 1.000        ; -0.056     ; 1.591      ;
; -0.644 ; counter[1]~reg0 ; state.S2        ; clk          ; clk         ; 1.000        ; -0.056     ; 1.583      ;
; -0.642 ; counter[4]~reg0 ; ring~reg0       ; clk          ; clk         ; 1.000        ; -0.056     ; 1.581      ;
; -0.633 ; counter[7]~reg0 ; state.S0        ; clk          ; clk         ; 1.000        ; -0.056     ; 1.572      ;
; -0.551 ; counter[3]~reg0 ; state.S0        ; clk          ; clk         ; 1.000        ; -0.056     ; 1.490      ;
; -0.550 ; counter[3]~reg0 ; ring~reg0       ; clk          ; clk         ; 1.000        ; -0.056     ; 1.489      ;
; -0.540 ; counter[7]~reg0 ; ring~reg0       ; clk          ; clk         ; 1.000        ; -0.056     ; 1.479      ;
; -0.529 ; state.S2        ; counter[1]~reg0 ; clk          ; clk         ; 1.000        ; -0.056     ; 1.468      ;
; -0.529 ; state.S2        ; counter[7]~reg0 ; clk          ; clk         ; 1.000        ; -0.056     ; 1.468      ;
+--------+-----------------+-----------------+--------------+-------------+--------------+------------+------------+


+-----------------------------------------------------------------------------------------------------------------+
; Slow 1200mV 0C Model Hold: 'clk'                                                                                ;
+-------+-----------------+-----------------+--------------+-------------+--------------+------------+------------+
; Slack ; From Node       ; To Node         ; Launch Clock ; Latch Clock ; Relationship ; Clock Skew ; Data Delay ;
+-------+-----------------+-----------------+--------------+-------------+--------------+------------+------------+
; 0.311 ; ring~reg0       ; ring~reg0       ; clk          ; clk         ; 0.000        ; 0.056      ; 0.511      ;
; 0.311 ; state.S0        ; state.S0        ; clk          ; clk         ; 0.000        ; 0.056      ; 0.511      ;
; 0.311 ; state.S3        ; state.S3        ; clk          ; clk         ; 0.000        ; 0.056      ; 0.511      ;
; 0.311 ; state.S1        ; state.S1        ; clk          ; clk         ; 0.000        ; 0.056      ; 0.511      ;
; 0.384 ; state.S1        ; mystate[1]~reg0 ; clk          ; clk         ; 0.000        ; 0.056      ; 0.584      ;
; 0.444 ; state.S0        ; mystate[1]~reg0 ; clk          ; clk         ; 0.000        ; 0.056      ; 0.644      ;
; 0.444 ; state.S0        ; mystate[0]~reg0 ; clk          ; clk         ; 0.000        ; 0.056      ; 0.644      ;
; 0.562 ; state.S2        ; state.S3        ; clk          ; clk         ; 0.000        ; 0.056      ; 0.762      ;
; 0.571 ; state.S1        ; counter[4]~reg0 ; clk          ; clk         ; 0.000        ; 0.056      ; 0.771      ;
; 0.573 ; state.S2        ; mystate[0]~reg0 ; clk          ; clk         ; 0.000        ; 0.056      ; 0.773      ;
; 0.588 ; state.S1        ; ring~reg0       ; clk          ; clk         ; 0.000        ; 0.056      ; 0.788      ;
; 0.597 ; state.S1        ; state.S2        ; clk          ; clk         ; 0.000        ; 0.056      ; 0.797      ;
; 0.613 ; state.S3        ; state.S1        ; clk          ; clk         ; 0.000        ; 0.056      ; 0.813      ;
; 0.627 ; counter[7]~reg0 ; counter[7]~reg0 ; clk          ; clk         ; 0.000        ; 0.056      ; 0.827      ;
; 0.689 ; state.S2        ; counter[3]~reg0 ; clk          ; clk         ; 0.000        ; 0.056      ; 0.889      ;
; 0.735 ; state.S1        ; counter[6]~reg0 ; clk          ; clk         ; 0.000        ; 0.056      ; 0.935      ;
; 0.740 ; state.S1        ; counter[2]~reg0 ; clk          ; clk         ; 0.000        ; 0.056      ; 0.940      ;
; 0.741 ; state.S1        ; counter[5]~reg0 ; clk          ; clk         ; 0.000        ; 0.056      ; 0.941      ;
; 0.745 ; state.S1        ; counter[1]~reg0 ; clk          ; clk         ; 0.000        ; 0.056      ; 0.945      ;
; 0.745 ; state.S1        ; counter[7]~reg0 ; clk          ; clk         ; 0.000        ; 0.056      ; 0.945      ;
; 0.762 ; state.S3        ; state.S0        ; clk          ; clk         ; 0.000        ; 0.056      ; 0.962      ;
; 0.785 ; counter[5]~reg0 ; counter[5]~reg0 ; clk          ; clk         ; 0.000        ; 0.056      ; 0.985      ;
; 0.798 ; state.S1        ; counter[0]~reg0 ; clk          ; clk         ; 0.000        ; 0.056      ; 0.998      ;
; 0.798 ; counter[1]~reg0 ; counter[1]~reg0 ; clk          ; clk         ; 0.000        ; 0.056      ; 0.998      ;
; 0.823 ; state.S2        ; ring~reg0       ; clk          ; clk         ; 0.000        ; 0.056      ; 1.023      ;
; 0.843 ; state.S3        ; ring~reg0       ; clk          ; clk         ; 0.000        ; 0.056      ; 1.043      ;
; 0.876 ; counter[6]~reg0 ; counter[6]~reg0 ; clk          ; clk         ; 0.000        ; 0.056      ; 1.076      ;
; 0.884 ; state.S2        ; state.S1        ; clk          ; clk         ; 0.000        ; 0.056      ; 1.084      ;
; 0.906 ; counter[2]~reg0 ; counter[2]~reg0 ; clk          ; clk         ; 0.000        ; 0.056      ; 1.106      ;
; 1.008 ; state.S0        ; counter[4]~reg0 ; clk          ; clk         ; 0.000        ; 0.056      ; 1.208      ;
; 1.008 ; state.S1        ; counter[3]~reg0 ; clk          ; clk         ; 0.000        ; 0.056      ; 1.208      ;
; 1.013 ; counter[7]~reg0 ; counter[3]~reg0 ; clk          ; clk         ; 0.000        ; 0.056      ; 1.213      ;
; 1.016 ; state.S2        ; counter[4]~reg0 ; clk          ; clk         ; 0.000        ; 0.056      ; 1.216      ;
; 1.020 ; state.S2        ; state.S2        ; clk          ; clk         ; 0.000        ; 0.056      ; 1.220      ;
; 1.030 ; counter[6]~reg0 ; counter[7]~reg0 ; clk          ; clk         ; 0.000        ; 0.056      ; 1.230      ;
; 1.030 ; counter[0]~reg0 ; counter[0]~reg0 ; clk          ; clk         ; 0.000        ; 0.056      ; 1.230      ;
; 1.048 ; counter[0]~reg0 ; counter[1]~reg0 ; clk          ; clk         ; 0.000        ; 0.056      ; 1.248      ;
; 1.065 ; state.S0        ; counter[2]~reg0 ; clk          ; clk         ; 0.000        ; 0.056      ; 1.265      ;
; 1.065 ; state.S0        ; counter[5]~reg0 ; clk          ; clk         ; 0.000        ; 0.056      ; 1.265      ;
; 1.065 ; state.S0        ; counter[0]~reg0 ; clk          ; clk         ; 0.000        ; 0.056      ; 1.265      ;
; 1.065 ; counter[3]~reg0 ; counter[3]~reg0 ; clk          ; clk         ; 0.000        ; 0.056      ; 1.265      ;
; 1.069 ; state.S0        ; counter[1]~reg0 ; clk          ; clk         ; 0.000        ; 0.056      ; 1.269      ;
; 1.070 ; state.S0        ; counter[7]~reg0 ; clk          ; clk         ; 0.000        ; 0.056      ; 1.270      ;
; 1.075 ; counter[4]~reg0 ; counter[4]~reg0 ; clk          ; clk         ; 0.000        ; 0.056      ; 1.275      ;
; 1.092 ; state.S2        ; counter[0]~reg0 ; clk          ; clk         ; 0.000        ; 0.056      ; 1.292      ;
; 1.094 ; state.S2        ; counter[2]~reg0 ; clk          ; clk         ; 0.000        ; 0.056      ; 1.294      ;
; 1.094 ; state.S2        ; counter[5]~reg0 ; clk          ; clk         ; 0.000        ; 0.056      ; 1.294      ;
; 1.097 ; state.S2        ; counter[7]~reg0 ; clk          ; clk         ; 0.000        ; 0.056      ; 1.297      ;
; 1.097 ; state.S2        ; counter[1]~reg0 ; clk          ; clk         ; 0.000        ; 0.056      ; 1.297      ;
; 1.104 ; counter[1]~reg0 ; ring~reg0       ; clk          ; clk         ; 0.000        ; 0.056      ; 1.304      ;
; 1.112 ; counter[4]~reg0 ; counter[3]~reg0 ; clk          ; clk         ; 0.000        ; 0.056      ; 1.312      ;
; 1.113 ; counter[5]~reg0 ; counter[7]~reg0 ; clk          ; clk         ; 0.000        ; 0.056      ; 1.313      ;
; 1.121 ; counter[1]~reg0 ; state.S0        ; clk          ; clk         ; 0.000        ; 0.056      ; 1.321      ;
; 1.121 ; counter[5]~reg0 ; counter[6]~reg0 ; clk          ; clk         ; 0.000        ; 0.056      ; 1.321      ;
; 1.121 ; counter[5]~reg0 ; counter[3]~reg0 ; clk          ; clk         ; 0.000        ; 0.056      ; 1.321      ;
; 1.127 ; counter[3]~reg0 ; counter[5]~reg0 ; clk          ; clk         ; 0.000        ; 0.056      ; 1.327      ;
; 1.127 ; counter[2]~reg0 ; counter[5]~reg0 ; clk          ; clk         ; 0.000        ; 0.056      ; 1.327      ;
; 1.157 ; state.S0        ; counter[6]~reg0 ; clk          ; clk         ; 0.000        ; 0.056      ; 1.357      ;
; 1.165 ; counter[1]~reg0 ; counter[2]~reg0 ; clk          ; clk         ; 0.000        ; 0.056      ; 1.365      ;
; 1.171 ; counter[1]~reg0 ; counter[3]~reg0 ; clk          ; clk         ; 0.000        ; 0.056      ; 1.371      ;
; 1.179 ; counter[4]~reg0 ; counter[5]~reg0 ; clk          ; clk         ; 0.000        ; 0.056      ; 1.379      ;
; 1.180 ; counter[0]~reg0 ; counter[2]~reg0 ; clk          ; clk         ; 0.000        ; 0.056      ; 1.380      ;
; 1.186 ; counter[3]~reg0 ; counter[4]~reg0 ; clk          ; clk         ; 0.000        ; 0.056      ; 1.386      ;
; 1.186 ; counter[2]~reg0 ; counter[4]~reg0 ; clk          ; clk         ; 0.000        ; 0.056      ; 1.386      ;
; 1.191 ; state.S2        ; counter[6]~reg0 ; clk          ; clk         ; 0.000        ; 0.056      ; 1.391      ;
; 1.203 ; counter[3]~reg0 ; ring~reg0       ; clk          ; clk         ; 0.000        ; 0.056      ; 1.403      ;
; 1.204 ; counter[7]~reg0 ; ring~reg0       ; clk          ; clk         ; 0.000        ; 0.056      ; 1.404      ;
; 1.217 ; counter[3]~reg0 ; state.S0        ; clk          ; clk         ; 0.000        ; 0.056      ; 1.417      ;
; 1.221 ; counter[3]~reg0 ; counter[7]~reg0 ; clk          ; clk         ; 0.000        ; 0.056      ; 1.421      ;
; 1.221 ; counter[2]~reg0 ; counter[7]~reg0 ; clk          ; clk         ; 0.000        ; 0.056      ; 1.421      ;
; 1.224 ; counter[1]~reg0 ; counter[5]~reg0 ; clk          ; clk         ; 0.000        ; 0.056      ; 1.424      ;
; 1.229 ; counter[3]~reg0 ; counter[6]~reg0 ; clk          ; clk         ; 0.000        ; 0.056      ; 1.429      ;
; 1.229 ; counter[2]~reg0 ; counter[6]~reg0 ; clk          ; clk         ; 0.000        ; 0.056      ; 1.429      ;
; 1.237 ; counter[6]~reg0 ; counter[3]~reg0 ; clk          ; clk         ; 0.000        ; 0.056      ; 1.437      ;
; 1.239 ; counter[0]~reg0 ; counter[5]~reg0 ; clk          ; clk         ; 0.000        ; 0.056      ; 1.439      ;
; 1.267 ; counter[7]~reg0 ; state.S0        ; clk          ; clk         ; 0.000        ; 0.056      ; 1.467      ;
; 1.273 ; counter[4]~reg0 ; counter[7]~reg0 ; clk          ; clk         ; 0.000        ; 0.056      ; 1.473      ;
; 1.281 ; counter[4]~reg0 ; counter[6]~reg0 ; clk          ; clk         ; 0.000        ; 0.056      ; 1.481      ;
; 1.283 ; counter[1]~reg0 ; counter[4]~reg0 ; clk          ; clk         ; 0.000        ; 0.056      ; 1.483      ;
; 1.295 ; counter[1]~reg0 ; state.S3        ; clk          ; clk         ; 0.000        ; 0.056      ; 1.495      ;
; 1.298 ; counter[2]~reg0 ; counter[3]~reg0 ; clk          ; clk         ; 0.000        ; 0.056      ; 1.498      ;
; 1.298 ; counter[0]~reg0 ; counter[4]~reg0 ; clk          ; clk         ; 0.000        ; 0.056      ; 1.498      ;
; 1.307 ; counter[1]~reg0 ; state.S2        ; clk          ; clk         ; 0.000        ; 0.056      ; 1.507      ;
; 1.308 ; counter[4]~reg0 ; ring~reg0       ; clk          ; clk         ; 0.000        ; 0.056      ; 1.508      ;
; 1.310 ; counter[5]~reg0 ; ring~reg0       ; clk          ; clk         ; 0.000        ; 0.056      ; 1.510      ;
; 1.318 ; counter[1]~reg0 ; counter[7]~reg0 ; clk          ; clk         ; 0.000        ; 0.056      ; 1.518      ;
; 1.326 ; counter[1]~reg0 ; counter[6]~reg0 ; clk          ; clk         ; 0.000        ; 0.056      ; 1.526      ;
; 1.332 ; counter[0]~reg0 ; state.S0        ; clk          ; clk         ; 0.000        ; 0.056      ; 1.532      ;
; 1.333 ; counter[0]~reg0 ; counter[7]~reg0 ; clk          ; clk         ; 0.000        ; 0.056      ; 1.533      ;
; 1.334 ; state.S0        ; counter[3]~reg0 ; clk          ; clk         ; 0.000        ; 0.056      ; 1.534      ;
; 1.340 ; counter[0]~reg0 ; ring~reg0       ; clk          ; clk         ; 0.000        ; 0.056      ; 1.540      ;
; 1.341 ; counter[0]~reg0 ; counter[6]~reg0 ; clk          ; clk         ; 0.000        ; 0.056      ; 1.541      ;
; 1.350 ; counter[2]~reg0 ; ring~reg0       ; clk          ; clk         ; 0.000        ; 0.056      ; 1.550      ;
; 1.362 ; counter[2]~reg0 ; state.S0        ; clk          ; clk         ; 0.000        ; 0.056      ; 1.562      ;
; 1.364 ; counter[7]~reg0 ; state.S3        ; clk          ; clk         ; 0.000        ; 0.056      ; 1.564      ;
; 1.373 ; counter[5]~reg0 ; state.S0        ; clk          ; clk         ; 0.000        ; 0.056      ; 1.573      ;
; 1.374 ; counter[1]~reg0 ; counter[0]~reg0 ; clk          ; clk         ; 0.000        ; 0.056      ; 1.574      ;
; 1.375 ; counter[4]~reg0 ; state.S0        ; clk          ; clk         ; 0.000        ; 0.056      ; 1.575      ;
; 1.385 ; counter[3]~reg0 ; state.S3        ; clk          ; clk         ; 0.000        ; 0.056      ; 1.585      ;
; 1.391 ; counter[7]~reg0 ; counter[4]~reg0 ; clk          ; clk         ; 0.000        ; 0.056      ; 1.591      ;
+-------+-----------------+-----------------+--------------+-------------+--------------+------------+------------+


+------------------------------------------------------------------------------------------------------------+
; Slow 1200mV 0C Model Minimum Pulse Width: 'clk'                                                            ;
+--------+--------------+----------------+------------------+-------+------------+---------------------------+
; Slack  ; Actual Width ; Required Width ; Type             ; Clock ; Clock Edge ; Target                    ;
+--------+--------------+----------------+------------------+-------+------------+---------------------------+
; -3.000 ; 1.000        ; 4.000          ; Port Rate        ; clk   ; Rise       ; clk                       ;
; -1.000 ; 1.000        ; 2.000          ; Min Period       ; clk   ; Rise       ; counter[0]~reg0           ;
; -1.000 ; 1.000        ; 2.000          ; Min Period       ; clk   ; Rise       ; counter[1]~reg0           ;
; -1.000 ; 1.000        ; 2.000          ; Min Period       ; clk   ; Rise       ; counter[2]~reg0           ;
; -1.000 ; 1.000        ; 2.000          ; Min Period       ; clk   ; Rise       ; counter[3]~reg0           ;
; -1.000 ; 1.000        ; 2.000          ; Min Period       ; clk   ; Rise       ; counter[4]~reg0           ;
; -1.000 ; 1.000        ; 2.000          ; Min Period       ; clk   ; Rise       ; counter[5]~reg0           ;
; -1.000 ; 1.000        ; 2.000          ; Min Period       ; clk   ; Rise       ; counter[6]~reg0           ;
; -1.000 ; 1.000        ; 2.000          ; Min Period       ; clk   ; Rise       ; counter[7]~reg0           ;
; -1.000 ; 1.000        ; 2.000          ; Min Period       ; clk   ; Rise       ; mystate[0]~reg0           ;
; -1.000 ; 1.000        ; 2.000          ; Min Period       ; clk   ; Rise       ; mystate[1]~reg0           ;
; -1.000 ; 1.000        ; 2.000          ; Min Period       ; clk   ; Rise       ; ring~reg0                 ;
; -1.000 ; 1.000        ; 2.000          ; Min Period       ; clk   ; Rise       ; state.S0                  ;
; -1.000 ; 1.000        ; 2.000          ; Min Period       ; clk   ; Rise       ; state.S1                  ;
; -1.000 ; 1.000        ; 2.000          ; Min Period       ; clk   ; Rise       ; state.S2                  ;
; -1.000 ; 1.000        ; 2.000          ; Min Period       ; clk   ; Rise       ; state.S3                  ;
; 0.191  ; 0.375        ; 0.184          ; Low Pulse Width  ; clk   ; Rise       ; counter[0]~reg0           ;
; 0.191  ; 0.375        ; 0.184          ; Low Pulse Width  ; clk   ; Rise       ; counter[1]~reg0           ;
; 0.191  ; 0.375        ; 0.184          ; Low Pulse Width  ; clk   ; Rise       ; counter[2]~reg0           ;
; 0.191  ; 0.375        ; 0.184          ; Low Pulse Width  ; clk   ; Rise       ; counter[3]~reg0           ;
; 0.191  ; 0.375        ; 0.184          ; Low Pulse Width  ; clk   ; Rise       ; counter[5]~reg0           ;
; 0.191  ; 0.375        ; 0.184          ; Low Pulse Width  ; clk   ; Rise       ; counter[6]~reg0           ;
; 0.191  ; 0.375        ; 0.184          ; Low Pulse Width  ; clk   ; Rise       ; counter[7]~reg0           ;
; 0.192  ; 0.376        ; 0.184          ; Low Pulse Width  ; clk   ; Rise       ; counter[4]~reg0           ;
; 0.192  ; 0.376        ; 0.184          ; Low Pulse Width  ; clk   ; Rise       ; mystate[0]~reg0           ;
; 0.192  ; 0.376        ; 0.184          ; Low Pulse Width  ; clk   ; Rise       ; mystate[1]~reg0           ;
; 0.192  ; 0.376        ; 0.184          ; Low Pulse Width  ; clk   ; Rise       ; ring~reg0                 ;
; 0.192  ; 0.376        ; 0.184          ; Low Pulse Width  ; clk   ; Rise       ; state.S0                  ;
; 0.192  ; 0.376        ; 0.184          ; Low Pulse Width  ; clk   ; Rise       ; state.S1                  ;
; 0.192  ; 0.376        ; 0.184          ; Low Pulse Width  ; clk   ; Rise       ; state.S2                  ;
; 0.192  ; 0.376        ; 0.184          ; Low Pulse Width  ; clk   ; Rise       ; state.S3                  ;
; 0.351  ; 0.351        ; 0.000          ; Low Pulse Width  ; clk   ; Rise       ; counter[0]~reg0|clk       ;
; 0.351  ; 0.351        ; 0.000          ; Low Pulse Width  ; clk   ; Rise       ; counter[1]~reg0|clk       ;
; 0.351  ; 0.351        ; 0.000          ; Low Pulse Width  ; clk   ; Rise       ; counter[2]~reg0|clk       ;
; 0.351  ; 0.351        ; 0.000          ; Low Pulse Width  ; clk   ; Rise       ; counter[3]~reg0|clk       ;
; 0.351  ; 0.351        ; 0.000          ; Low Pulse Width  ; clk   ; Rise       ; counter[5]~reg0|clk       ;
; 0.351  ; 0.351        ; 0.000          ; Low Pulse Width  ; clk   ; Rise       ; counter[6]~reg0|clk       ;
; 0.351  ; 0.351        ; 0.000          ; Low Pulse Width  ; clk   ; Rise       ; counter[7]~reg0|clk       ;
; 0.352  ; 0.352        ; 0.000          ; Low Pulse Width  ; clk   ; Rise       ; counter[4]~reg0|clk       ;
; 0.352  ; 0.352        ; 0.000          ; Low Pulse Width  ; clk   ; Rise       ; mystate[0]~reg0|clk       ;
; 0.352  ; 0.352        ; 0.000          ; Low Pulse Width  ; clk   ; Rise       ; mystate[1]~reg0|clk       ;
; 0.352  ; 0.352        ; 0.000          ; Low Pulse Width  ; clk   ; Rise       ; ring~reg0|clk             ;
; 0.352  ; 0.352        ; 0.000          ; Low Pulse Width  ; clk   ; Rise       ; state.S0|clk              ;
; 0.352  ; 0.352        ; 0.000          ; Low Pulse Width  ; clk   ; Rise       ; state.S1|clk              ;
; 0.352  ; 0.352        ; 0.000          ; Low Pulse Width  ; clk   ; Rise       ; state.S2|clk              ;
; 0.352  ; 0.352        ; 0.000          ; Low Pulse Width  ; clk   ; Rise       ; state.S3|clk              ;
; 0.358  ; 0.358        ; 0.000          ; Low Pulse Width  ; clk   ; Rise       ; clk~input|o               ;
; 0.370  ; 0.370        ; 0.000          ; Low Pulse Width  ; clk   ; Rise       ; clk~inputclkctrl|inclk[0] ;
; 0.370  ; 0.370        ; 0.000          ; Low Pulse Width  ; clk   ; Rise       ; clk~inputclkctrl|outclk   ;
; 0.408  ; 0.624        ; 0.216          ; High Pulse Width ; clk   ; Rise       ; counter[0]~reg0           ;
; 0.408  ; 0.624        ; 0.216          ; High Pulse Width ; clk   ; Rise       ; counter[1]~reg0           ;
; 0.408  ; 0.624        ; 0.216          ; High Pulse Width ; clk   ; Rise       ; counter[2]~reg0           ;
; 0.408  ; 0.624        ; 0.216          ; High Pulse Width ; clk   ; Rise       ; counter[3]~reg0           ;
; 0.408  ; 0.624        ; 0.216          ; High Pulse Width ; clk   ; Rise       ; counter[4]~reg0           ;
; 0.408  ; 0.624        ; 0.216          ; High Pulse Width ; clk   ; Rise       ; counter[5]~reg0           ;
; 0.408  ; 0.624        ; 0.216          ; High Pulse Width ; clk   ; Rise       ; counter[6]~reg0           ;
; 0.408  ; 0.624        ; 0.216          ; High Pulse Width ; clk   ; Rise       ; counter[7]~reg0           ;
; 0.408  ; 0.624        ; 0.216          ; High Pulse Width ; clk   ; Rise       ; mystate[0]~reg0           ;
; 0.408  ; 0.624        ; 0.216          ; High Pulse Width ; clk   ; Rise       ; mystate[1]~reg0           ;
; 0.408  ; 0.624        ; 0.216          ; High Pulse Width ; clk   ; Rise       ; ring~reg0                 ;
; 0.408  ; 0.624        ; 0.216          ; High Pulse Width ; clk   ; Rise       ; state.S0                  ;
; 0.408  ; 0.624        ; 0.216          ; High Pulse Width ; clk   ; Rise       ; state.S1                  ;
; 0.408  ; 0.624        ; 0.216          ; High Pulse Width ; clk   ; Rise       ; state.S2                  ;
; 0.408  ; 0.624        ; 0.216          ; High Pulse Width ; clk   ; Rise       ; state.S3                  ;
; 0.500  ; 0.500        ; 0.000          ; High Pulse Width ; clk   ; Rise       ; clk~input|i               ;
; 0.500  ; 0.500        ; 0.000          ; Low Pulse Width  ; clk   ; Rise       ; clk~input|i               ;
; 0.630  ; 0.630        ; 0.000          ; High Pulse Width ; clk   ; Rise       ; clk~inputclkctrl|inclk[0] ;
; 0.630  ; 0.630        ; 0.000          ; High Pulse Width ; clk   ; Rise       ; clk~inputclkctrl|outclk   ;
; 0.642  ; 0.642        ; 0.000          ; High Pulse Width ; clk   ; Rise       ; clk~input|o               ;
; 0.648  ; 0.648        ; 0.000          ; High Pulse Width ; clk   ; Rise       ; counter[0]~reg0|clk       ;
; 0.648  ; 0.648        ; 0.000          ; High Pulse Width ; clk   ; Rise       ; counter[1]~reg0|clk       ;
; 0.648  ; 0.648        ; 0.000          ; High Pulse Width ; clk   ; Rise       ; counter[2]~reg0|clk       ;
; 0.648  ; 0.648        ; 0.000          ; High Pulse Width ; clk   ; Rise       ; counter[3]~reg0|clk       ;
; 0.648  ; 0.648        ; 0.000          ; High Pulse Width ; clk   ; Rise       ; counter[4]~reg0|clk       ;
; 0.648  ; 0.648        ; 0.000          ; High Pulse Width ; clk   ; Rise       ; counter[5]~reg0|clk       ;
; 0.648  ; 0.648        ; 0.000          ; High Pulse Width ; clk   ; Rise       ; counter[6]~reg0|clk       ;
; 0.648  ; 0.648        ; 0.000          ; High Pulse Width ; clk   ; Rise       ; counter[7]~reg0|clk       ;
; 0.648  ; 0.648        ; 0.000          ; High Pulse Width ; clk   ; Rise       ; mystate[0]~reg0|clk       ;
; 0.648  ; 0.648        ; 0.000          ; High Pulse Width ; clk   ; Rise       ; mystate[1]~reg0|clk       ;
; 0.648  ; 0.648        ; 0.000          ; High Pulse Width ; clk   ; Rise       ; ring~reg0|clk             ;
; 0.648  ; 0.648        ; 0.000          ; High Pulse Width ; clk   ; Rise       ; state.S0|clk              ;
; 0.648  ; 0.648        ; 0.000          ; High Pulse Width ; clk   ; Rise       ; state.S1|clk              ;
; 0.648  ; 0.648        ; 0.000          ; High Pulse Width ; clk   ; Rise       ; state.S2|clk              ;
; 0.648  ; 0.648        ; 0.000          ; High Pulse Width ; clk   ; Rise       ; state.S3|clk              ;
+--------+--------------+----------------+------------------+-------+------------+---------------------------+


+-------------------------------------------------------------------------+
; Setup Times                                                             ;
+-------------+------------+-------+-------+------------+-----------------+
; Data Port   ; Clock Port ; Rise  ; Fall  ; Clock Edge ; Clock Reference ;
+-------------+------------+-------+-------+------------+-----------------+
; data_in[*]  ; clk        ; 2.313 ; 2.714 ; Rise       ; clk             ;
;  data_in[0] ; clk        ; 1.498 ; 1.837 ; Rise       ; clk             ;
;  data_in[1] ; clk        ; 1.719 ; 2.098 ; Rise       ; clk             ;
;  data_in[2] ; clk        ; 2.116 ; 2.533 ; Rise       ; clk             ;
;  data_in[3] ; clk        ; 2.313 ; 2.714 ; Rise       ; clk             ;
;  data_in[4] ; clk        ; 1.632 ; 1.968 ; Rise       ; clk             ;
;  data_in[5] ; clk        ; 1.935 ; 2.280 ; Rise       ; clk             ;
;  data_in[6] ; clk        ; 1.998 ; 2.328 ; Rise       ; clk             ;
;  data_in[7] ; clk        ; 2.060 ; 2.471 ; Rise       ; clk             ;
; reset       ; clk        ; 2.392 ; 2.717 ; Rise       ; clk             ;
; start       ; clk        ; 2.743 ; 3.019 ; Rise       ; clk             ;
+-------------+------------+-------+-------+------------+-----------------+


+---------------------------------------------------------------------------+
; Hold Times                                                                ;
+-------------+------------+--------+--------+------------+-----------------+
; Data Port   ; Clock Port ; Rise   ; Fall   ; Clock Edge ; Clock Reference ;
+-------------+------------+--------+--------+------------+-----------------+
; data_in[*]  ; clk        ; -1.166 ; -1.482 ; Rise       ; clk             ;
;  data_in[0] ; clk        ; -1.166 ; -1.482 ; Rise       ; clk             ;
;  data_in[1] ; clk        ; -1.347 ; -1.702 ; Rise       ; clk             ;
;  data_in[2] ; clk        ; -1.727 ; -2.120 ; Rise       ; clk             ;
;  data_in[3] ; clk        ; -1.917 ; -2.294 ; Rise       ; clk             ;
;  data_in[4] ; clk        ; -1.305 ; -1.627 ; Rise       ; clk             ;
;  data_in[5] ; clk        ; -1.554 ; -1.877 ; Rise       ; clk             ;
;  data_in[6] ; clk        ; -1.659 ; -1.974 ; Rise       ; clk             ;
;  data_in[7] ; clk        ; -1.674 ; -2.060 ; Rise       ; clk             ;
; reset       ; clk        ; -1.448 ; -1.791 ; Rise       ; clk             ;
; start       ; clk        ; -1.708 ; -2.006 ; Rise       ; clk             ;
+-------------+------------+--------+--------+------------+-----------------+


+-------------------------------------------------------------------------+
; Clock to Output Times                                                   ;
+-------------+------------+-------+-------+------------+-----------------+
; Data Port   ; Clock Port ; Rise  ; Fall  ; Clock Edge ; Clock Reference ;
+-------------+------------+-------+-------+------------+-----------------+
; counter[*]  ; clk        ; 6.553 ; 6.524 ; Rise       ; clk             ;
;  counter[0] ; clk        ; 5.127 ; 5.095 ; Rise       ; clk             ;
;  counter[1] ; clk        ; 5.094 ; 5.066 ; Rise       ; clk             ;
;  counter[2] ; clk        ; 5.405 ; 5.399 ; Rise       ; clk             ;
;  counter[3] ; clk        ; 5.113 ; 5.086 ; Rise       ; clk             ;
;  counter[4] ; clk        ; 5.412 ; 5.413 ; Rise       ; clk             ;
;  counter[5] ; clk        ; 6.424 ; 6.479 ; Rise       ; clk             ;
;  counter[6] ; clk        ; 6.553 ; 6.524 ; Rise       ; clk             ;
;  counter[7] ; clk        ; 5.247 ; 5.223 ; Rise       ; clk             ;
; mystate[*]  ; clk        ; 5.424 ; 5.405 ; Rise       ; clk             ;
;  mystate[0] ; clk        ; 5.424 ; 5.405 ; Rise       ; clk             ;
;  mystate[1] ; clk        ; 5.120 ; 5.121 ; Rise       ; clk             ;
; out1[*]     ; clk        ; 7.301 ; 7.351 ; Rise       ; clk             ;
;  out1[0]    ; clk        ; 6.495 ; 6.412 ; Rise       ; clk             ;
;  out1[1]    ; clk        ; 6.468 ; 6.375 ; Rise       ; clk             ;
;  out1[2]    ; clk        ; 6.441 ; 6.313 ; Rise       ; clk             ;
;  out1[3]    ; clk        ; 6.955 ; 7.003 ; Rise       ; clk             ;
;  out1[4]    ; clk        ; 6.314 ; 6.231 ; Rise       ; clk             ;
;  out1[5]    ; clk        ; 6.716 ; 6.721 ; Rise       ; clk             ;
;  out1[6]    ; clk        ; 7.301 ; 7.351 ; Rise       ; clk             ;
; out2[*]     ; clk        ; 6.824 ; 6.808 ; Rise       ; clk             ;
;  out2[0]    ; clk        ; 6.422 ; 6.379 ; Rise       ; clk             ;
;  out2[1]    ; clk        ; 6.824 ; 6.808 ; Rise       ; clk             ;
;  out2[2]    ; clk        ; 6.249 ; 6.155 ; Rise       ; clk             ;
;  out2[3]    ; clk        ; 6.598 ; 6.556 ; Rise       ; clk             ;
;  out2[4]    ; clk        ; 6.354 ; 6.365 ; Rise       ; clk             ;
;  out2[5]    ; clk        ; 6.583 ; 6.580 ; Rise       ; clk             ;
;  out2[6]    ; clk        ; 6.362 ; 6.406 ; Rise       ; clk             ;
; ring        ; clk        ; 4.771 ; 4.759 ; Rise       ; clk             ;
+-------------+------------+-------+-------+------------+-----------------+


+-------------------------------------------------------------------------+
; Minimum Clock to Output Times                                           ;
+-------------+------------+-------+-------+------------+-----------------+
; Data Port   ; Clock Port ; Rise  ; Fall  ; Clock Edge ; Clock Reference ;
+-------------+------------+-------+-------+------------+-----------------+
; counter[*]  ; clk        ; 4.920 ; 4.892 ; Rise       ; clk             ;
;  counter[0] ; clk        ; 4.952 ; 4.920 ; Rise       ; clk             ;
;  counter[1] ; clk        ; 4.920 ; 4.892 ; Rise       ; clk             ;
;  counter[2] ; clk        ; 5.219 ; 5.213 ; Rise       ; clk             ;
;  counter[3] ; clk        ; 4.938 ; 4.911 ; Rise       ; clk             ;
;  counter[4] ; clk        ; 5.226 ; 5.226 ; Rise       ; clk             ;
;  counter[5] ; clk        ; 6.197 ; 6.249 ; Rise       ; clk             ;
;  counter[6] ; clk        ; 6.367 ; 6.339 ; Rise       ; clk             ;
;  counter[7] ; clk        ; 5.067 ; 5.044 ; Rise       ; clk             ;
; mystate[*]  ; clk        ; 4.945 ; 4.945 ; Rise       ; clk             ;
;  mystate[0] ; clk        ; 5.235 ; 5.217 ; Rise       ; clk             ;
;  mystate[1] ; clk        ; 4.945 ; 4.945 ; Rise       ; clk             ;
; out1[*]     ; clk        ; 5.774 ; 5.671 ; Rise       ; clk             ;
;  out1[0]    ; clk        ; 5.944 ; 5.844 ; Rise       ; clk             ;
;  out1[1]    ; clk        ; 6.146 ; 6.080 ; Rise       ; clk             ;
;  out1[2]    ; clk        ; 6.080 ; 5.990 ; Rise       ; clk             ;
;  out1[3]    ; clk        ; 6.611 ; 6.639 ; Rise       ; clk             ;
;  out1[4]    ; clk        ; 5.774 ; 5.671 ; Rise       ; clk             ;
;  out1[5]    ; clk        ; 6.153 ; 6.137 ; Rise       ; clk             ;
;  out1[6]    ; clk        ; 6.989 ; 7.052 ; Rise       ; clk             ;
; out2[*]     ; clk        ; 5.666 ; 5.608 ; Rise       ; clk             ;
;  out2[0]    ; clk        ; 5.829 ; 5.753 ; Rise       ; clk             ;
;  out2[1]    ; clk        ; 6.221 ; 6.169 ; Rise       ; clk             ;
;  out2[2]    ; clk        ; 5.666 ; 5.608 ; Rise       ; clk             ;
;  out2[3]    ; clk        ; 6.004 ; 5.931 ; Rise       ; clk             ;
;  out2[4]    ; clk        ; 5.792 ; 5.734 ; Rise       ; clk             ;
;  out2[5]    ; clk        ; 6.017 ; 5.948 ; Rise       ; clk             ;
;  out2[6]    ; clk        ; 5.741 ; 5.817 ; Rise       ; clk             ;
; ring        ; clk        ; 4.610 ; 4.598 ; Rise       ; clk             ;
+-------------+------------+-------+-------+------------+-----------------+


----------------------------------------------
; Slow 1200mV 0C Model Metastability Summary ;
----------------------------------------------
No synchronizer chains to report.


+------------------------------------+
; Fast 1200mV 0C Model Setup Summary ;
+-------+--------+-------------------+
; Clock ; Slack  ; End Point TNS     ;
+-------+--------+-------------------+
; clk   ; -0.432 ; -3.117            ;
+-------+--------+-------------------+


+-----------------------------------+
; Fast 1200mV 0C Model Hold Summary ;
+-------+-------+-------------------+
; Clock ; Slack ; End Point TNS     ;
+-------+-------+-------------------+
; clk   ; 0.187 ; 0.000             ;
+-------+-------+-------------------+


-----------------------------------------
; Fast 1200mV 0C Model Recovery Summary ;
-----------------------------------------
No paths to report.


----------------------------------------
; Fast 1200mV 0C Model Removal Summary ;
----------------------------------------
No paths to report.


+--------------------------------------------------+
; Fast 1200mV 0C Model Minimum Pulse Width Summary ;
+-------+--------+---------------------------------+
; Clock ; Slack  ; End Point TNS                   ;
+-------+--------+---------------------------------+
; clk   ; -3.000 ; -18.968                         ;
+-------+--------+---------------------------------+


+------------------------------------------------------------------------------------------------------------------+
; Fast 1200mV 0C Model Setup: 'clk'                                                                                ;
+--------+-----------------+-----------------+--------------+-------------+--------------+------------+------------+
; Slack  ; From Node       ; To Node         ; Launch Clock ; Latch Clock ; Relationship ; Clock Skew ; Data Delay ;
+--------+-----------------+-----------------+--------------+-------------+--------------+------------+------------+
; -0.432 ; counter[6]~reg0 ; counter[3]~reg0 ; clk          ; clk         ; 1.000        ; -0.036     ; 1.383      ;
; -0.408 ; counter[0]~reg0 ; counter[3]~reg0 ; clk          ; clk         ; 1.000        ; -0.036     ; 1.359      ;
; -0.397 ; counter[2]~reg0 ; counter[3]~reg0 ; clk          ; clk         ; 1.000        ; -0.036     ; 1.348      ;
; -0.349 ; counter[4]~reg0 ; counter[3]~reg0 ; clk          ; clk         ; 1.000        ; -0.034     ; 1.302      ;
; -0.349 ; counter[5]~reg0 ; counter[3]~reg0 ; clk          ; clk         ; 1.000        ; -0.036     ; 1.300      ;
; -0.340 ; counter[0]~reg0 ; counter[6]~reg0 ; clk          ; clk         ; 1.000        ; -0.036     ; 1.291      ;
; -0.338 ; counter[6]~reg0 ; counter[6]~reg0 ; clk          ; clk         ; 1.000        ; -0.036     ; 1.289      ;
; -0.315 ; counter[6]~reg0 ; state.S2        ; clk          ; clk         ; 1.000        ; -0.038     ; 1.264      ;
; -0.302 ; counter[2]~reg0 ; counter[6]~reg0 ; clk          ; clk         ; 1.000        ; -0.036     ; 1.253      ;
; -0.287 ; counter[3]~reg0 ; counter[3]~reg0 ; clk          ; clk         ; 1.000        ; -0.036     ; 1.238      ;
; -0.285 ; counter[7]~reg0 ; counter[3]~reg0 ; clk          ; clk         ; 1.000        ; -0.036     ; 1.236      ;
; -0.278 ; counter[1]~reg0 ; counter[6]~reg0 ; clk          ; clk         ; 1.000        ; -0.036     ; 1.229      ;
; -0.272 ; counter[4]~reg0 ; counter[6]~reg0 ; clk          ; clk         ; 1.000        ; -0.034     ; 1.225      ;
; -0.266 ; counter[5]~reg0 ; counter[6]~reg0 ; clk          ; clk         ; 1.000        ; -0.036     ; 1.217      ;
; -0.262 ; counter[6]~reg0 ; counter[7]~reg0 ; clk          ; clk         ; 1.000        ; -0.036     ; 1.213      ;
; -0.261 ; counter[6]~reg0 ; counter[1]~reg0 ; clk          ; clk         ; 1.000        ; -0.036     ; 1.212      ;
; -0.258 ; counter[6]~reg0 ; counter[5]~reg0 ; clk          ; clk         ; 1.000        ; -0.036     ; 1.209      ;
; -0.258 ; counter[6]~reg0 ; counter[0]~reg0 ; clk          ; clk         ; 1.000        ; -0.036     ; 1.209      ;
; -0.257 ; counter[6]~reg0 ; counter[2]~reg0 ; clk          ; clk         ; 1.000        ; -0.036     ; 1.208      ;
; -0.256 ; counter[6]~reg0 ; counter[4]~reg0 ; clk          ; clk         ; 1.000        ; -0.038     ; 1.205      ;
; -0.252 ; counter[0]~reg0 ; counter[7]~reg0 ; clk          ; clk         ; 1.000        ; -0.036     ; 1.203      ;
; -0.251 ; counter[0]~reg0 ; counter[1]~reg0 ; clk          ; clk         ; 1.000        ; -0.036     ; 1.202      ;
; -0.248 ; counter[0]~reg0 ; counter[5]~reg0 ; clk          ; clk         ; 1.000        ; -0.036     ; 1.199      ;
; -0.248 ; counter[6]~reg0 ; state.S3        ; clk          ; clk         ; 1.000        ; -0.038     ; 1.197      ;
; -0.247 ; counter[0]~reg0 ; counter[0]~reg0 ; clk          ; clk         ; 1.000        ; -0.036     ; 1.198      ;
; -0.246 ; counter[0]~reg0 ; counter[2]~reg0 ; clk          ; clk         ; 1.000        ; -0.036     ; 1.197      ;
; -0.245 ; counter[0]~reg0 ; counter[4]~reg0 ; clk          ; clk         ; 1.000        ; -0.038     ; 1.194      ;
; -0.245 ; counter[1]~reg0 ; counter[3]~reg0 ; clk          ; clk         ; 1.000        ; -0.036     ; 1.196      ;
; -0.240 ; counter[0]~reg0 ; state.S3        ; clk          ; clk         ; 1.000        ; -0.038     ; 1.189      ;
; -0.232 ; counter[4]~reg0 ; state.S2        ; clk          ; clk         ; 1.000        ; -0.036     ; 1.183      ;
; -0.232 ; counter[5]~reg0 ; state.S2        ; clk          ; clk         ; 1.000        ; -0.038     ; 1.181      ;
; -0.231 ; counter[1]~reg0 ; counter[4]~reg0 ; clk          ; clk         ; 1.000        ; -0.038     ; 1.180      ;
; -0.227 ; counter[2]~reg0 ; counter[7]~reg0 ; clk          ; clk         ; 1.000        ; -0.036     ; 1.178      ;
; -0.226 ; counter[2]~reg0 ; counter[1]~reg0 ; clk          ; clk         ; 1.000        ; -0.036     ; 1.177      ;
; -0.223 ; counter[2]~reg0 ; counter[5]~reg0 ; clk          ; clk         ; 1.000        ; -0.036     ; 1.174      ;
; -0.223 ; counter[2]~reg0 ; counter[0]~reg0 ; clk          ; clk         ; 1.000        ; -0.036     ; 1.174      ;
; -0.222 ; counter[2]~reg0 ; counter[2]~reg0 ; clk          ; clk         ; 1.000        ; -0.036     ; 1.173      ;
; -0.221 ; counter[2]~reg0 ; counter[4]~reg0 ; clk          ; clk         ; 1.000        ; -0.038     ; 1.170      ;
; -0.214 ; counter[2]~reg0 ; state.S3        ; clk          ; clk         ; 1.000        ; -0.038     ; 1.163      ;
; -0.212 ; counter[2]~reg0 ; state.S2        ; clk          ; clk         ; 1.000        ; -0.038     ; 1.161      ;
; -0.210 ; counter[3]~reg0 ; counter[6]~reg0 ; clk          ; clk         ; 1.000        ; -0.036     ; 1.161      ;
; -0.205 ; counter[1]~reg0 ; counter[7]~reg0 ; clk          ; clk         ; 1.000        ; -0.036     ; 1.156      ;
; -0.203 ; counter[7]~reg0 ; counter[6]~reg0 ; clk          ; clk         ; 1.000        ; -0.036     ; 1.154      ;
; -0.184 ; counter[4]~reg0 ; counter[7]~reg0 ; clk          ; clk         ; 1.000        ; -0.034     ; 1.137      ;
; -0.183 ; counter[0]~reg0 ; state.S2        ; clk          ; clk         ; 1.000        ; -0.038     ; 1.132      ;
; -0.183 ; counter[4]~reg0 ; counter[1]~reg0 ; clk          ; clk         ; 1.000        ; -0.034     ; 1.136      ;
; -0.180 ; counter[4]~reg0 ; counter[5]~reg0 ; clk          ; clk         ; 1.000        ; -0.034     ; 1.133      ;
; -0.179 ; counter[5]~reg0 ; counter[7]~reg0 ; clk          ; clk         ; 1.000        ; -0.036     ; 1.130      ;
; -0.179 ; counter[4]~reg0 ; counter[0]~reg0 ; clk          ; clk         ; 1.000        ; -0.034     ; 1.132      ;
; -0.178 ; counter[5]~reg0 ; counter[1]~reg0 ; clk          ; clk         ; 1.000        ; -0.036     ; 1.129      ;
; -0.178 ; counter[4]~reg0 ; counter[2]~reg0 ; clk          ; clk         ; 1.000        ; -0.034     ; 1.131      ;
; -0.177 ; counter[4]~reg0 ; counter[4]~reg0 ; clk          ; clk         ; 1.000        ; -0.036     ; 1.128      ;
; -0.175 ; counter[5]~reg0 ; counter[5]~reg0 ; clk          ; clk         ; 1.000        ; -0.036     ; 1.126      ;
; -0.175 ; counter[5]~reg0 ; counter[0]~reg0 ; clk          ; clk         ; 1.000        ; -0.036     ; 1.126      ;
; -0.174 ; counter[5]~reg0 ; counter[2]~reg0 ; clk          ; clk         ; 1.000        ; -0.036     ; 1.125      ;
; -0.173 ; counter[5]~reg0 ; counter[4]~reg0 ; clk          ; clk         ; 1.000        ; -0.038     ; 1.122      ;
; -0.172 ; counter[4]~reg0 ; state.S3        ; clk          ; clk         ; 1.000        ; -0.036     ; 1.123      ;
; -0.168 ; counter[7]~reg0 ; state.S2        ; clk          ; clk         ; 1.000        ; -0.038     ; 1.117      ;
; -0.166 ; counter[5]~reg0 ; state.S3        ; clk          ; clk         ; 1.000        ; -0.038     ; 1.115      ;
; -0.163 ; counter[3]~reg0 ; counter[4]~reg0 ; clk          ; clk         ; 1.000        ; -0.038     ; 1.112      ;
; -0.145 ; counter[1]~reg0 ; counter[2]~reg0 ; clk          ; clk         ; 1.000        ; -0.036     ; 1.096      ;
; -0.144 ; counter[6]~reg0 ; state.S0        ; clk          ; clk         ; 1.000        ; -0.038     ; 1.093      ;
; -0.140 ; counter[1]~reg0 ; counter[5]~reg0 ; clk          ; clk         ; 1.000        ; -0.036     ; 1.091      ;
; -0.137 ; counter[3]~reg0 ; counter[7]~reg0 ; clk          ; clk         ; 1.000        ; -0.036     ; 1.088      ;
; -0.120 ; state.S2        ; counter[3]~reg0 ; clk          ; clk         ; 1.000        ; -0.034     ; 1.073      ;
; -0.116 ; counter[3]~reg0 ; counter[1]~reg0 ; clk          ; clk         ; 1.000        ; -0.036     ; 1.067      ;
; -0.115 ; counter[7]~reg0 ; counter[7]~reg0 ; clk          ; clk         ; 1.000        ; -0.036     ; 1.066      ;
; -0.114 ; counter[7]~reg0 ; counter[1]~reg0 ; clk          ; clk         ; 1.000        ; -0.036     ; 1.065      ;
; -0.113 ; counter[3]~reg0 ; counter[5]~reg0 ; clk          ; clk         ; 1.000        ; -0.036     ; 1.064      ;
; -0.113 ; counter[3]~reg0 ; counter[0]~reg0 ; clk          ; clk         ; 1.000        ; -0.036     ; 1.064      ;
; -0.112 ; state.S0        ; counter[3]~reg0 ; clk          ; clk         ; 1.000        ; -0.034     ; 1.065      ;
; -0.112 ; counter[3]~reg0 ; counter[2]~reg0 ; clk          ; clk         ; 1.000        ; -0.036     ; 1.063      ;
; -0.111 ; counter[7]~reg0 ; counter[5]~reg0 ; clk          ; clk         ; 1.000        ; -0.036     ; 1.062      ;
; -0.111 ; counter[7]~reg0 ; counter[0]~reg0 ; clk          ; clk         ; 1.000        ; -0.036     ; 1.062      ;
; -0.110 ; counter[7]~reg0 ; counter[2]~reg0 ; clk          ; clk         ; 1.000        ; -0.036     ; 1.061      ;
; -0.109 ; counter[7]~reg0 ; counter[4]~reg0 ; clk          ; clk         ; 1.000        ; -0.038     ; 1.058      ;
; -0.104 ; counter[3]~reg0 ; state.S3        ; clk          ; clk         ; 1.000        ; -0.038     ; 1.053      ;
; -0.103 ; counter[7]~reg0 ; state.S3        ; clk          ; clk         ; 1.000        ; -0.038     ; 1.052      ;
; -0.102 ; counter[3]~reg0 ; state.S2        ; clk          ; clk         ; 1.000        ; -0.038     ; 1.051      ;
; -0.086 ; counter[6]~reg0 ; ring~reg0       ; clk          ; clk         ; 1.000        ; -0.038     ; 1.035      ;
; -0.082 ; counter[0]~reg0 ; ring~reg0       ; clk          ; clk         ; 1.000        ; -0.038     ; 1.031      ;
; -0.078 ; counter[0]~reg0 ; state.S0        ; clk          ; clk         ; 1.000        ; -0.038     ; 1.027      ;
; -0.075 ; counter[4]~reg0 ; state.S0        ; clk          ; clk         ; 1.000        ; -0.036     ; 1.026      ;
; -0.069 ; counter[5]~reg0 ; state.S0        ; clk          ; clk         ; 1.000        ; -0.038     ; 1.018      ;
; -0.063 ; counter[2]~reg0 ; state.S0        ; clk          ; clk         ; 1.000        ; -0.038     ; 1.012      ;
; -0.062 ; counter[1]~reg0 ; counter[1]~reg0 ; clk          ; clk         ; 1.000        ; -0.036     ; 1.013      ;
; -0.059 ; counter[1]~reg0 ; counter[0]~reg0 ; clk          ; clk         ; 1.000        ; -0.036     ; 1.010      ;
; -0.052 ; state.S2        ; counter[6]~reg0 ; clk          ; clk         ; 1.000        ; -0.034     ; 1.005      ;
; -0.052 ; counter[2]~reg0 ; ring~reg0       ; clk          ; clk         ; 1.000        ; -0.038     ; 1.001      ;
; -0.050 ; counter[1]~reg0 ; state.S3        ; clk          ; clk         ; 1.000        ; -0.038     ; 0.999      ;
; -0.048 ; counter[1]~reg0 ; state.S2        ; clk          ; clk         ; 1.000        ; -0.038     ; 0.997      ;
; -0.017 ; state.S0        ; counter[6]~reg0 ; clk          ; clk         ; 1.000        ; -0.034     ; 0.970      ;
; -0.014 ; counter[4]~reg0 ; ring~reg0       ; clk          ; clk         ; 1.000        ; -0.036     ; 0.965      ;
; -0.008 ; counter[5]~reg0 ; ring~reg0       ; clk          ; clk         ; 1.000        ; -0.038     ; 0.957      ;
; -0.006 ; counter[7]~reg0 ; state.S0        ; clk          ; clk         ; 1.000        ; -0.038     ; 0.955      ;
; 0.036  ; state.S2        ; counter[7]~reg0 ; clk          ; clk         ; 1.000        ; -0.034     ; 0.917      ;
; 0.037  ; state.S2        ; counter[1]~reg0 ; clk          ; clk         ; 1.000        ; -0.034     ; 0.916      ;
; 0.040  ; state.S2        ; counter[5]~reg0 ; clk          ; clk         ; 1.000        ; -0.034     ; 0.913      ;
; 0.041  ; state.S2        ; counter[0]~reg0 ; clk          ; clk         ; 1.000        ; -0.034     ; 0.912      ;
; 0.042  ; state.S2        ; counter[2]~reg0 ; clk          ; clk         ; 1.000        ; -0.034     ; 0.911      ;
+--------+-----------------+-----------------+--------------+-------------+--------------+------------+------------+


+-----------------------------------------------------------------------------------------------------------------+
; Fast 1200mV 0C Model Hold: 'clk'                                                                                ;
+-------+-----------------+-----------------+--------------+-------------+--------------+------------+------------+
; Slack ; From Node       ; To Node         ; Launch Clock ; Latch Clock ; Relationship ; Clock Skew ; Data Delay ;
+-------+-----------------+-----------------+--------------+-------------+--------------+------------+------------+
; 0.187 ; ring~reg0       ; ring~reg0       ; clk          ; clk         ; 0.000        ; 0.036      ; 0.307      ;
; 0.187 ; state.S0        ; state.S0        ; clk          ; clk         ; 0.000        ; 0.036      ; 0.307      ;
; 0.187 ; state.S3        ; state.S3        ; clk          ; clk         ; 0.000        ; 0.036      ; 0.307      ;
; 0.187 ; state.S1        ; state.S1        ; clk          ; clk         ; 0.000        ; 0.036      ; 0.307      ;
; 0.238 ; state.S1        ; mystate[1]~reg0 ; clk          ; clk         ; 0.000        ; 0.036      ; 0.358      ;
; 0.264 ; state.S0        ; mystate[1]~reg0 ; clk          ; clk         ; 0.000        ; 0.036      ; 0.384      ;
; 0.265 ; state.S0        ; mystate[0]~reg0 ; clk          ; clk         ; 0.000        ; 0.036      ; 0.385      ;
; 0.332 ; state.S2        ; state.S3        ; clk          ; clk         ; 0.000        ; 0.036      ; 0.452      ;
; 0.347 ; state.S1        ; counter[4]~reg0 ; clk          ; clk         ; 0.000        ; 0.036      ; 0.467      ;
; 0.347 ; state.S2        ; mystate[0]~reg0 ; clk          ; clk         ; 0.000        ; 0.036      ; 0.467      ;
; 0.358 ; state.S1        ; ring~reg0       ; clk          ; clk         ; 0.000        ; 0.036      ; 0.478      ;
; 0.365 ; state.S1        ; state.S2        ; clk          ; clk         ; 0.000        ; 0.036      ; 0.485      ;
; 0.368 ; counter[7]~reg0 ; counter[7]~reg0 ; clk          ; clk         ; 0.000        ; 0.036      ; 0.488      ;
; 0.375 ; state.S3        ; state.S1        ; clk          ; clk         ; 0.000        ; 0.036      ; 0.495      ;
; 0.401 ; state.S2        ; counter[3]~reg0 ; clk          ; clk         ; 0.000        ; 0.038      ; 0.523      ;
; 0.423 ; state.S1        ; counter[6]~reg0 ; clk          ; clk         ; 0.000        ; 0.038      ; 0.545      ;
; 0.427 ; state.S1        ; counter[2]~reg0 ; clk          ; clk         ; 0.000        ; 0.038      ; 0.549      ;
; 0.429 ; state.S1        ; counter[5]~reg0 ; clk          ; clk         ; 0.000        ; 0.038      ; 0.551      ;
; 0.434 ; state.S1        ; counter[1]~reg0 ; clk          ; clk         ; 0.000        ; 0.038      ; 0.556      ;
; 0.435 ; state.S1        ; counter[7]~reg0 ; clk          ; clk         ; 0.000        ; 0.038      ; 0.557      ;
; 0.457 ; state.S3        ; state.S0        ; clk          ; clk         ; 0.000        ; 0.036      ; 0.577      ;
; 0.461 ; counter[5]~reg0 ; counter[5]~reg0 ; clk          ; clk         ; 0.000        ; 0.036      ; 0.581      ;
; 0.472 ; counter[1]~reg0 ; counter[1]~reg0 ; clk          ; clk         ; 0.000        ; 0.036      ; 0.592      ;
; 0.479 ; state.S1        ; counter[0]~reg0 ; clk          ; clk         ; 0.000        ; 0.038      ; 0.601      ;
; 0.489 ; state.S2        ; ring~reg0       ; clk          ; clk         ; 0.000        ; 0.036      ; 0.609      ;
; 0.520 ; state.S3        ; ring~reg0       ; clk          ; clk         ; 0.000        ; 0.036      ; 0.640      ;
; 0.522 ; counter[6]~reg0 ; counter[6]~reg0 ; clk          ; clk         ; 0.000        ; 0.036      ; 0.642      ;
; 0.528 ; counter[2]~reg0 ; counter[2]~reg0 ; clk          ; clk         ; 0.000        ; 0.036      ; 0.648      ;
; 0.541 ; state.S2        ; state.S1        ; clk          ; clk         ; 0.000        ; 0.036      ; 0.661      ;
; 0.597 ; state.S1        ; counter[3]~reg0 ; clk          ; clk         ; 0.000        ; 0.038      ; 0.719      ;
; 0.608 ; state.S2        ; state.S2        ; clk          ; clk         ; 0.000        ; 0.036      ; 0.728      ;
; 0.613 ; counter[7]~reg0 ; counter[3]~reg0 ; clk          ; clk         ; 0.000        ; 0.036      ; 0.733      ;
; 0.614 ; counter[4]~reg0 ; counter[4]~reg0 ; clk          ; clk         ; 0.000        ; 0.036      ; 0.734      ;
; 0.616 ; state.S2        ; counter[4]~reg0 ; clk          ; clk         ; 0.000        ; 0.036      ; 0.736      ;
; 0.617 ; state.S0        ; counter[4]~reg0 ; clk          ; clk         ; 0.000        ; 0.036      ; 0.737      ;
; 0.620 ; counter[6]~reg0 ; counter[7]~reg0 ; clk          ; clk         ; 0.000        ; 0.036      ; 0.740      ;
; 0.620 ; counter[0]~reg0 ; counter[0]~reg0 ; clk          ; clk         ; 0.000        ; 0.036      ; 0.740      ;
; 0.625 ; counter[3]~reg0 ; counter[3]~reg0 ; clk          ; clk         ; 0.000        ; 0.036      ; 0.745      ;
; 0.630 ; counter[0]~reg0 ; counter[1]~reg0 ; clk          ; clk         ; 0.000        ; 0.036      ; 0.750      ;
; 0.651 ; state.S0        ; counter[2]~reg0 ; clk          ; clk         ; 0.000        ; 0.038      ; 0.773      ;
; 0.651 ; state.S0        ; counter[0]~reg0 ; clk          ; clk         ; 0.000        ; 0.038      ; 0.773      ;
; 0.652 ; state.S0        ; counter[5]~reg0 ; clk          ; clk         ; 0.000        ; 0.038      ; 0.774      ;
; 0.654 ; state.S2        ; counter[2]~reg0 ; clk          ; clk         ; 0.000        ; 0.038      ; 0.776      ;
; 0.655 ; state.S2        ; counter[5]~reg0 ; clk          ; clk         ; 0.000        ; 0.038      ; 0.777      ;
; 0.655 ; state.S0        ; counter[1]~reg0 ; clk          ; clk         ; 0.000        ; 0.038      ; 0.777      ;
; 0.655 ; state.S2        ; counter[0]~reg0 ; clk          ; clk         ; 0.000        ; 0.038      ; 0.777      ;
; 0.656 ; state.S0        ; counter[7]~reg0 ; clk          ; clk         ; 0.000        ; 0.038      ; 0.778      ;
; 0.658 ; state.S2        ; counter[1]~reg0 ; clk          ; clk         ; 0.000        ; 0.038      ; 0.780      ;
; 0.659 ; state.S2        ; counter[7]~reg0 ; clk          ; clk         ; 0.000        ; 0.038      ; 0.781      ;
; 0.668 ; counter[1]~reg0 ; ring~reg0       ; clk          ; clk         ; 0.000        ; 0.034      ; 0.786      ;
; 0.669 ; counter[5]~reg0 ; counter[6]~reg0 ; clk          ; clk         ; 0.000        ; 0.036      ; 0.789      ;
; 0.671 ; counter[1]~reg0 ; state.S0        ; clk          ; clk         ; 0.000        ; 0.034      ; 0.789      ;
; 0.671 ; counter[5]~reg0 ; counter[7]~reg0 ; clk          ; clk         ; 0.000        ; 0.036      ; 0.791      ;
; 0.673 ; counter[5]~reg0 ; counter[3]~reg0 ; clk          ; clk         ; 0.000        ; 0.036      ; 0.793      ;
; 0.680 ; counter[4]~reg0 ; counter[3]~reg0 ; clk          ; clk         ; 0.000        ; 0.038      ; 0.802      ;
; 0.683 ; counter[3]~reg0 ; counter[5]~reg0 ; clk          ; clk         ; 0.000        ; 0.036      ; 0.803      ;
; 0.685 ; counter[2]~reg0 ; counter[5]~reg0 ; clk          ; clk         ; 0.000        ; 0.036      ; 0.805      ;
; 0.688 ; counter[1]~reg0 ; counter[2]~reg0 ; clk          ; clk         ; 0.000        ; 0.036      ; 0.808      ;
; 0.694 ; counter[4]~reg0 ; counter[5]~reg0 ; clk          ; clk         ; 0.000        ; 0.038      ; 0.816      ;
; 0.699 ; counter[3]~reg0 ; counter[4]~reg0 ; clk          ; clk         ; 0.000        ; 0.034      ; 0.817      ;
; 0.701 ; counter[0]~reg0 ; counter[2]~reg0 ; clk          ; clk         ; 0.000        ; 0.036      ; 0.821      ;
; 0.701 ; counter[2]~reg0 ; counter[4]~reg0 ; clk          ; clk         ; 0.000        ; 0.034      ; 0.819      ;
; 0.713 ; state.S2        ; counter[6]~reg0 ; clk          ; clk         ; 0.000        ; 0.038      ; 0.835      ;
; 0.717 ; counter[1]~reg0 ; counter[3]~reg0 ; clk          ; clk         ; 0.000        ; 0.036      ; 0.837      ;
; 0.720 ; state.S0        ; counter[6]~reg0 ; clk          ; clk         ; 0.000        ; 0.038      ; 0.842      ;
; 0.726 ; counter[3]~reg0 ; ring~reg0       ; clk          ; clk         ; 0.000        ; 0.034      ; 0.844      ;
; 0.729 ; counter[3]~reg0 ; state.S0        ; clk          ; clk         ; 0.000        ; 0.034      ; 0.847      ;
; 0.733 ; counter[7]~reg0 ; ring~reg0       ; clk          ; clk         ; 0.000        ; 0.034      ; 0.851      ;
; 0.743 ; counter[6]~reg0 ; counter[3]~reg0 ; clk          ; clk         ; 0.000        ; 0.036      ; 0.863      ;
; 0.746 ; counter[3]~reg0 ; counter[6]~reg0 ; clk          ; clk         ; 0.000        ; 0.036      ; 0.866      ;
; 0.748 ; counter[3]~reg0 ; counter[7]~reg0 ; clk          ; clk         ; 0.000        ; 0.036      ; 0.868      ;
; 0.748 ; counter[2]~reg0 ; counter[6]~reg0 ; clk          ; clk         ; 0.000        ; 0.036      ; 0.868      ;
; 0.749 ; counter[1]~reg0 ; counter[5]~reg0 ; clk          ; clk         ; 0.000        ; 0.036      ; 0.869      ;
; 0.750 ; counter[2]~reg0 ; counter[7]~reg0 ; clk          ; clk         ; 0.000        ; 0.036      ; 0.870      ;
; 0.757 ; counter[4]~reg0 ; counter[6]~reg0 ; clk          ; clk         ; 0.000        ; 0.038      ; 0.879      ;
; 0.759 ; counter[4]~reg0 ; counter[7]~reg0 ; clk          ; clk         ; 0.000        ; 0.038      ; 0.881      ;
; 0.762 ; counter[0]~reg0 ; counter[5]~reg0 ; clk          ; clk         ; 0.000        ; 0.036      ; 0.882      ;
; 0.765 ; counter[1]~reg0 ; counter[4]~reg0 ; clk          ; clk         ; 0.000        ; 0.034      ; 0.883      ;
; 0.772 ; counter[1]~reg0 ; state.S2        ; clk          ; clk         ; 0.000        ; 0.034      ; 0.890      ;
; 0.772 ; counter[2]~reg0 ; counter[3]~reg0 ; clk          ; clk         ; 0.000        ; 0.036      ; 0.892      ;
; 0.776 ; counter[0]~reg0 ; ring~reg0       ; clk          ; clk         ; 0.000        ; 0.034      ; 0.894      ;
; 0.778 ; counter[0]~reg0 ; counter[4]~reg0 ; clk          ; clk         ; 0.000        ; 0.034      ; 0.896      ;
; 0.780 ; counter[0]~reg0 ; state.S0        ; clk          ; clk         ; 0.000        ; 0.034      ; 0.898      ;
; 0.783 ; counter[7]~reg0 ; state.S0        ; clk          ; clk         ; 0.000        ; 0.034      ; 0.901      ;
; 0.785 ; counter[1]~reg0 ; state.S3        ; clk          ; clk         ; 0.000        ; 0.034      ; 0.903      ;
; 0.793 ; counter[5]~reg0 ; ring~reg0       ; clk          ; clk         ; 0.000        ; 0.034      ; 0.911      ;
; 0.796 ; counter[4]~reg0 ; ring~reg0       ; clk          ; clk         ; 0.000        ; 0.036      ; 0.916      ;
; 0.806 ; state.S0        ; counter[3]~reg0 ; clk          ; clk         ; 0.000        ; 0.038      ; 0.928      ;
; 0.810 ; counter[0]~reg0 ; counter[3]~reg0 ; clk          ; clk         ; 0.000        ; 0.036      ; 0.930      ;
; 0.812 ; counter[2]~reg0 ; ring~reg0       ; clk          ; clk         ; 0.000        ; 0.034      ; 0.930      ;
; 0.812 ; counter[1]~reg0 ; counter[6]~reg0 ; clk          ; clk         ; 0.000        ; 0.036      ; 0.932      ;
; 0.814 ; counter[1]~reg0 ; counter[7]~reg0 ; clk          ; clk         ; 0.000        ; 0.036      ; 0.934      ;
; 0.815 ; counter[2]~reg0 ; state.S0        ; clk          ; clk         ; 0.000        ; 0.034      ; 0.933      ;
; 0.825 ; counter[0]~reg0 ; counter[6]~reg0 ; clk          ; clk         ; 0.000        ; 0.036      ; 0.945      ;
; 0.827 ; counter[0]~reg0 ; counter[7]~reg0 ; clk          ; clk         ; 0.000        ; 0.036      ; 0.947      ;
; 0.830 ; counter[3]~reg0 ; state.S2        ; clk          ; clk         ; 0.000        ; 0.034      ; 0.948      ;
; 0.833 ; counter[1]~reg0 ; counter[0]~reg0 ; clk          ; clk         ; 0.000        ; 0.036      ; 0.953      ;
; 0.834 ; counter[7]~reg0 ; state.S3        ; clk          ; clk         ; 0.000        ; 0.034      ; 0.952      ;
; 0.837 ; counter[3]~reg0 ; state.S3        ; clk          ; clk         ; 0.000        ; 0.034      ; 0.955      ;
; 0.845 ; counter[5]~reg0 ; state.S0        ; clk          ; clk         ; 0.000        ; 0.034      ; 0.963      ;
+-------+-----------------+-----------------+--------------+-------------+--------------+------------+------------+


+------------------------------------------------------------------------------------------------------------+
; Fast 1200mV 0C Model Minimum Pulse Width: 'clk'                                                            ;
+--------+--------------+----------------+------------------+-------+------------+---------------------------+
; Slack  ; Actual Width ; Required Width ; Type             ; Clock ; Clock Edge ; Target                    ;
+--------+--------------+----------------+------------------+-------+------------+---------------------------+
; -3.000 ; 1.000        ; 4.000          ; Port Rate        ; clk   ; Rise       ; clk                       ;
; -1.000 ; 1.000        ; 2.000          ; Min Period       ; clk   ; Rise       ; counter[0]~reg0           ;
; -1.000 ; 1.000        ; 2.000          ; Min Period       ; clk   ; Rise       ; counter[1]~reg0           ;
; -1.000 ; 1.000        ; 2.000          ; Min Period       ; clk   ; Rise       ; counter[2]~reg0           ;
; -1.000 ; 1.000        ; 2.000          ; Min Period       ; clk   ; Rise       ; counter[3]~reg0           ;
; -1.000 ; 1.000        ; 2.000          ; Min Period       ; clk   ; Rise       ; counter[4]~reg0           ;
; -1.000 ; 1.000        ; 2.000          ; Min Period       ; clk   ; Rise       ; counter[5]~reg0           ;
; -1.000 ; 1.000        ; 2.000          ; Min Period       ; clk   ; Rise       ; counter[6]~reg0           ;
; -1.000 ; 1.000        ; 2.000          ; Min Period       ; clk   ; Rise       ; counter[7]~reg0           ;
; -1.000 ; 1.000        ; 2.000          ; Min Period       ; clk   ; Rise       ; mystate[0]~reg0           ;
; -1.000 ; 1.000        ; 2.000          ; Min Period       ; clk   ; Rise       ; mystate[1]~reg0           ;
; -1.000 ; 1.000        ; 2.000          ; Min Period       ; clk   ; Rise       ; ring~reg0                 ;
; -1.000 ; 1.000        ; 2.000          ; Min Period       ; clk   ; Rise       ; state.S0                  ;
; -1.000 ; 1.000        ; 2.000          ; Min Period       ; clk   ; Rise       ; state.S1                  ;
; -1.000 ; 1.000        ; 2.000          ; Min Period       ; clk   ; Rise       ; state.S2                  ;
; -1.000 ; 1.000        ; 2.000          ; Min Period       ; clk   ; Rise       ; state.S3                  ;
; -0.065 ; 0.119        ; 0.184          ; Low Pulse Width  ; clk   ; Rise       ; counter[4]~reg0           ;
; -0.065 ; 0.119        ; 0.184          ; Low Pulse Width  ; clk   ; Rise       ; mystate[0]~reg0           ;
; -0.065 ; 0.119        ; 0.184          ; Low Pulse Width  ; clk   ; Rise       ; mystate[1]~reg0           ;
; -0.065 ; 0.119        ; 0.184          ; Low Pulse Width  ; clk   ; Rise       ; ring~reg0                 ;
; -0.065 ; 0.119        ; 0.184          ; Low Pulse Width  ; clk   ; Rise       ; state.S0                  ;
; -0.065 ; 0.119        ; 0.184          ; Low Pulse Width  ; clk   ; Rise       ; state.S1                  ;
; -0.065 ; 0.119        ; 0.184          ; Low Pulse Width  ; clk   ; Rise       ; state.S2                  ;
; -0.065 ; 0.119        ; 0.184          ; Low Pulse Width  ; clk   ; Rise       ; state.S3                  ;
; -0.064 ; 0.120        ; 0.184          ; Low Pulse Width  ; clk   ; Rise       ; counter[0]~reg0           ;
; -0.064 ; 0.120        ; 0.184          ; Low Pulse Width  ; clk   ; Rise       ; counter[1]~reg0           ;
; -0.064 ; 0.120        ; 0.184          ; Low Pulse Width  ; clk   ; Rise       ; counter[2]~reg0           ;
; -0.064 ; 0.120        ; 0.184          ; Low Pulse Width  ; clk   ; Rise       ; counter[3]~reg0           ;
; -0.064 ; 0.120        ; 0.184          ; Low Pulse Width  ; clk   ; Rise       ; counter[5]~reg0           ;
; -0.064 ; 0.120        ; 0.184          ; Low Pulse Width  ; clk   ; Rise       ; counter[6]~reg0           ;
; -0.064 ; 0.120        ; 0.184          ; Low Pulse Width  ; clk   ; Rise       ; counter[7]~reg0           ;
; 0.115  ; 0.115        ; 0.000          ; Low Pulse Width  ; clk   ; Rise       ; counter[4]~reg0|clk       ;
; 0.115  ; 0.115        ; 0.000          ; Low Pulse Width  ; clk   ; Rise       ; mystate[0]~reg0|clk       ;
; 0.115  ; 0.115        ; 0.000          ; Low Pulse Width  ; clk   ; Rise       ; mystate[1]~reg0|clk       ;
; 0.115  ; 0.115        ; 0.000          ; Low Pulse Width  ; clk   ; Rise       ; ring~reg0|clk             ;
; 0.115  ; 0.115        ; 0.000          ; Low Pulse Width  ; clk   ; Rise       ; state.S0|clk              ;
; 0.115  ; 0.115        ; 0.000          ; Low Pulse Width  ; clk   ; Rise       ; state.S1|clk              ;
; 0.115  ; 0.115        ; 0.000          ; Low Pulse Width  ; clk   ; Rise       ; state.S2|clk              ;
; 0.115  ; 0.115        ; 0.000          ; Low Pulse Width  ; clk   ; Rise       ; state.S3|clk              ;
; 0.116  ; 0.116        ; 0.000          ; Low Pulse Width  ; clk   ; Rise       ; counter[0]~reg0|clk       ;
; 0.116  ; 0.116        ; 0.000          ; Low Pulse Width  ; clk   ; Rise       ; counter[1]~reg0|clk       ;
; 0.116  ; 0.116        ; 0.000          ; Low Pulse Width  ; clk   ; Rise       ; counter[2]~reg0|clk       ;
; 0.116  ; 0.116        ; 0.000          ; Low Pulse Width  ; clk   ; Rise       ; counter[3]~reg0|clk       ;
; 0.116  ; 0.116        ; 0.000          ; Low Pulse Width  ; clk   ; Rise       ; counter[5]~reg0|clk       ;
; 0.116  ; 0.116        ; 0.000          ; Low Pulse Width  ; clk   ; Rise       ; counter[6]~reg0|clk       ;
; 0.116  ; 0.116        ; 0.000          ; Low Pulse Width  ; clk   ; Rise       ; counter[7]~reg0|clk       ;
; 0.120  ; 0.120        ; 0.000          ; Low Pulse Width  ; clk   ; Rise       ; clk~input|o               ;
; 0.139  ; 0.139        ; 0.000          ; Low Pulse Width  ; clk   ; Rise       ; clk~inputclkctrl|inclk[0] ;
; 0.139  ; 0.139        ; 0.000          ; Low Pulse Width  ; clk   ; Rise       ; clk~inputclkctrl|outclk   ;
; 0.500  ; 0.500        ; 0.000          ; High Pulse Width ; clk   ; Rise       ; clk~input|i               ;
; 0.500  ; 0.500        ; 0.000          ; Low Pulse Width  ; clk   ; Rise       ; clk~input|i               ;
; 0.661  ; 0.877        ; 0.216          ; High Pulse Width ; clk   ; Rise       ; counter[0]~reg0           ;
; 0.661  ; 0.877        ; 0.216          ; High Pulse Width ; clk   ; Rise       ; counter[1]~reg0           ;
; 0.661  ; 0.877        ; 0.216          ; High Pulse Width ; clk   ; Rise       ; counter[2]~reg0           ;
; 0.661  ; 0.877        ; 0.216          ; High Pulse Width ; clk   ; Rise       ; counter[3]~reg0           ;
; 0.661  ; 0.877        ; 0.216          ; High Pulse Width ; clk   ; Rise       ; counter[5]~reg0           ;
; 0.661  ; 0.877        ; 0.216          ; High Pulse Width ; clk   ; Rise       ; counter[6]~reg0           ;
; 0.661  ; 0.877        ; 0.216          ; High Pulse Width ; clk   ; Rise       ; counter[7]~reg0           ;
; 0.662  ; 0.878        ; 0.216          ; High Pulse Width ; clk   ; Rise       ; counter[4]~reg0           ;
; 0.662  ; 0.878        ; 0.216          ; High Pulse Width ; clk   ; Rise       ; mystate[0]~reg0           ;
; 0.662  ; 0.878        ; 0.216          ; High Pulse Width ; clk   ; Rise       ; mystate[1]~reg0           ;
; 0.662  ; 0.878        ; 0.216          ; High Pulse Width ; clk   ; Rise       ; ring~reg0                 ;
; 0.662  ; 0.878        ; 0.216          ; High Pulse Width ; clk   ; Rise       ; state.S0                  ;
; 0.662  ; 0.878        ; 0.216          ; High Pulse Width ; clk   ; Rise       ; state.S1                  ;
; 0.662  ; 0.878        ; 0.216          ; High Pulse Width ; clk   ; Rise       ; state.S2                  ;
; 0.662  ; 0.878        ; 0.216          ; High Pulse Width ; clk   ; Rise       ; state.S3                  ;
; 0.861  ; 0.861        ; 0.000          ; High Pulse Width ; clk   ; Rise       ; clk~inputclkctrl|inclk[0] ;
; 0.861  ; 0.861        ; 0.000          ; High Pulse Width ; clk   ; Rise       ; clk~inputclkctrl|outclk   ;
; 0.880  ; 0.880        ; 0.000          ; High Pulse Width ; clk   ; Rise       ; clk~input|o               ;
; 0.883  ; 0.883        ; 0.000          ; High Pulse Width ; clk   ; Rise       ; counter[0]~reg0|clk       ;
; 0.883  ; 0.883        ; 0.000          ; High Pulse Width ; clk   ; Rise       ; counter[1]~reg0|clk       ;
; 0.883  ; 0.883        ; 0.000          ; High Pulse Width ; clk   ; Rise       ; counter[2]~reg0|clk       ;
; 0.883  ; 0.883        ; 0.000          ; High Pulse Width ; clk   ; Rise       ; counter[3]~reg0|clk       ;
; 0.883  ; 0.883        ; 0.000          ; High Pulse Width ; clk   ; Rise       ; counter[5]~reg0|clk       ;
; 0.883  ; 0.883        ; 0.000          ; High Pulse Width ; clk   ; Rise       ; counter[6]~reg0|clk       ;
; 0.883  ; 0.883        ; 0.000          ; High Pulse Width ; clk   ; Rise       ; counter[7]~reg0|clk       ;
; 0.884  ; 0.884        ; 0.000          ; High Pulse Width ; clk   ; Rise       ; counter[4]~reg0|clk       ;
; 0.884  ; 0.884        ; 0.000          ; High Pulse Width ; clk   ; Rise       ; mystate[0]~reg0|clk       ;
; 0.884  ; 0.884        ; 0.000          ; High Pulse Width ; clk   ; Rise       ; mystate[1]~reg0|clk       ;
; 0.884  ; 0.884        ; 0.000          ; High Pulse Width ; clk   ; Rise       ; ring~reg0|clk             ;
; 0.884  ; 0.884        ; 0.000          ; High Pulse Width ; clk   ; Rise       ; state.S0|clk              ;
; 0.884  ; 0.884        ; 0.000          ; High Pulse Width ; clk   ; Rise       ; state.S1|clk              ;
; 0.884  ; 0.884        ; 0.000          ; High Pulse Width ; clk   ; Rise       ; state.S2|clk              ;
; 0.884  ; 0.884        ; 0.000          ; High Pulse Width ; clk   ; Rise       ; state.S3|clk              ;
+--------+--------------+----------------+------------------+-------+------------+---------------------------+


+-------------------------------------------------------------------------+
; Setup Times                                                             ;
+-------------+------------+-------+-------+------------+-----------------+
; Data Port   ; Clock Port ; Rise  ; Fall  ; Clock Edge ; Clock Reference ;
+-------------+------------+-------+-------+------------+-----------------+
; data_in[*]  ; clk        ; 1.488 ; 2.169 ; Rise       ; clk             ;
;  data_in[0] ; clk        ; 0.998 ; 1.586 ; Rise       ; clk             ;
;  data_in[1] ; clk        ; 1.142 ; 1.757 ; Rise       ; clk             ;
;  data_in[2] ; clk        ; 1.395 ; 2.072 ; Rise       ; clk             ;
;  data_in[3] ; clk        ; 1.488 ; 2.169 ; Rise       ; clk             ;
;  data_in[4] ; clk        ; 1.076 ; 1.665 ; Rise       ; clk             ;
;  data_in[5] ; clk        ; 1.259 ; 1.881 ; Rise       ; clk             ;
;  data_in[6] ; clk        ; 1.285 ; 1.928 ; Rise       ; clk             ;
;  data_in[7] ; clk        ; 1.344 ; 2.007 ; Rise       ; clk             ;
; reset       ; clk        ; 1.567 ; 2.149 ; Rise       ; clk             ;
; start       ; clk        ; 1.767 ; 2.353 ; Rise       ; clk             ;
+-------------+------------+-------+-------+------------+-----------------+


+---------------------------------------------------------------------------+
; Hold Times                                                                ;
+-------------+------------+--------+--------+------------+-----------------+
; Data Port   ; Clock Port ; Rise   ; Fall   ; Clock Edge ; Clock Reference ;
+-------------+------------+--------+--------+------------+-----------------+
; data_in[*]  ; clk        ; -0.791 ; -1.352 ; Rise       ; clk             ;
;  data_in[0] ; clk        ; -0.791 ; -1.352 ; Rise       ; clk             ;
;  data_in[1] ; clk        ; -0.907 ; -1.504 ; Rise       ; clk             ;
;  data_in[2] ; clk        ; -1.149 ; -1.806 ; Rise       ; clk             ;
;  data_in[3] ; clk        ; -1.238 ; -1.899 ; Rise       ; clk             ;
;  data_in[4] ; clk        ; -0.872 ; -1.445 ; Rise       ; clk             ;
;  data_in[5] ; clk        ; -1.019 ; -1.622 ; Rise       ; clk             ;
;  data_in[6] ; clk        ; -1.072 ; -1.697 ; Rise       ; clk             ;
;  data_in[7] ; clk        ; -1.101 ; -1.743 ; Rise       ; clk             ;
; reset       ; clk        ; -0.977 ; -1.575 ; Rise       ; clk             ;
; start       ; clk        ; -1.125 ; -1.709 ; Rise       ; clk             ;
+-------------+------------+--------+--------+------------+-----------------+


+-------------------------------------------------------------------------+
; Clock to Output Times                                                   ;
+-------------+------------+-------+-------+------------+-----------------+
; Data Port   ; Clock Port ; Rise  ; Fall  ; Clock Edge ; Clock Reference ;
+-------------+------------+-------+-------+------------+-----------------+
; counter[*]  ; clk        ; 4.449 ; 4.578 ; Rise       ; clk             ;
;  counter[0] ; clk        ; 3.344 ; 3.404 ; Rise       ; clk             ;
;  counter[1] ; clk        ; 3.327 ; 3.387 ; Rise       ; clk             ;
;  counter[2] ; clk        ; 3.530 ; 3.628 ; Rise       ; clk             ;
;  counter[3] ; clk        ; 3.336 ; 3.398 ; Rise       ; clk             ;
;  counter[4] ; clk        ; 3.539 ; 3.632 ; Rise       ; clk             ;
;  counter[5] ; clk        ; 4.207 ; 4.400 ; Rise       ; clk             ;
;  counter[6] ; clk        ; 4.449 ; 4.578 ; Rise       ; clk             ;
;  counter[7] ; clk        ; 3.423 ; 3.492 ; Rise       ; clk             ;
; mystate[*]  ; clk        ; 3.520 ; 3.618 ; Rise       ; clk             ;
;  mystate[0] ; clk        ; 3.520 ; 3.618 ; Rise       ; clk             ;
;  mystate[1] ; clk        ; 3.356 ; 3.433 ; Rise       ; clk             ;
; out1[*]     ; clk        ; 5.103 ; 4.984 ; Rise       ; clk             ;
;  out1[0]    ; clk        ; 4.233 ; 4.299 ; Rise       ; clk             ;
;  out1[1]    ; clk        ; 4.194 ; 4.284 ; Rise       ; clk             ;
;  out1[2]    ; clk        ; 4.192 ; 4.233 ; Rise       ; clk             ;
;  out1[3]    ; clk        ; 4.570 ; 4.719 ; Rise       ; clk             ;
;  out1[4]    ; clk        ; 4.139 ; 4.174 ; Rise       ; clk             ;
;  out1[5]    ; clk        ; 4.420 ; 4.531 ; Rise       ; clk             ;
;  out1[6]    ; clk        ; 5.103 ; 4.984 ; Rise       ; clk             ;
; out2[*]     ; clk        ; 4.470 ; 4.581 ; Rise       ; clk             ;
;  out2[0]    ; clk        ; 4.231 ; 4.273 ; Rise       ; clk             ;
;  out2[1]    ; clk        ; 4.470 ; 4.581 ; Rise       ; clk             ;
;  out2[2]    ; clk        ; 4.122 ; 4.071 ; Rise       ; clk             ;
;  out2[3]    ; clk        ; 4.321 ; 4.393 ; Rise       ; clk             ;
;  out2[4]    ; clk        ; 4.160 ; 4.257 ; Rise       ; clk             ;
;  out2[5]    ; clk        ; 4.311 ; 4.411 ; Rise       ; clk             ;
;  out2[6]    ; clk        ; 4.257 ; 4.214 ; Rise       ; clk             ;
; ring        ; clk        ; 3.130 ; 3.171 ; Rise       ; clk             ;
+-------------+------------+-------+-------+------------+-----------------+


+-------------------------------------------------------------------------+
; Minimum Clock to Output Times                                           ;
+-------------+------------+-------+-------+------------+-----------------+
; Data Port   ; Clock Port ; Rise  ; Fall  ; Clock Edge ; Clock Reference ;
+-------------+------------+-------+-------+------------+-----------------+
; counter[*]  ; clk        ; 3.221 ; 3.278 ; Rise       ; clk             ;
;  counter[0] ; clk        ; 3.237 ; 3.295 ; Rise       ; clk             ;
;  counter[1] ; clk        ; 3.221 ; 3.278 ; Rise       ; clk             ;
;  counter[2] ; clk        ; 3.415 ; 3.509 ; Rise       ; clk             ;
;  counter[3] ; clk        ; 3.229 ; 3.289 ; Rise       ; clk             ;
;  counter[4] ; clk        ; 3.423 ; 3.513 ; Rise       ; clk             ;
;  counter[5] ; clk        ; 4.065 ; 4.250 ; Rise       ; clk             ;
;  counter[6] ; clk        ; 4.334 ; 4.461 ; Rise       ; clk             ;
;  counter[7] ; clk        ; 3.312 ; 3.378 ; Rise       ; clk             ;
; mystate[*]  ; clk        ; 3.248 ; 3.322 ; Rise       ; clk             ;
;  mystate[0] ; clk        ; 3.407 ; 3.501 ; Rise       ; clk             ;
;  mystate[1] ; clk        ; 3.248 ; 3.322 ; Rise       ; clk             ;
; out1[*]     ; clk        ; 3.758 ; 3.750 ; Rise       ; clk             ;
;  out1[0]    ; clk        ; 3.806 ; 3.868 ; Rise       ; clk             ;
;  out1[1]    ; clk        ; 3.937 ; 4.010 ; Rise       ; clk             ;
;  out1[2]    ; clk        ; 3.903 ; 3.978 ; Rise       ; clk             ;
;  out1[3]    ; clk        ; 4.289 ; 4.425 ; Rise       ; clk             ;
;  out1[4]    ; clk        ; 3.758 ; 3.750 ; Rise       ; clk             ;
;  out1[5]    ; clk        ; 3.985 ; 4.090 ; Rise       ; clk             ;
;  out1[6]    ; clk        ; 4.832 ; 4.730 ; Rise       ; clk             ;
; out2[*]     ; clk        ; 3.648 ; 3.670 ; Rise       ; clk             ;
;  out2[0]    ; clk        ; 3.745 ; 3.771 ; Rise       ; clk             ;
;  out2[1]    ; clk        ; 3.980 ; 4.157 ; Rise       ; clk             ;
;  out2[2]    ; clk        ; 3.648 ; 3.670 ; Rise       ; clk             ;
;  out2[3]    ; clk        ; 3.844 ; 3.900 ; Rise       ; clk             ;
;  out2[4]    ; clk        ; 3.722 ; 3.754 ; Rise       ; clk             ;
;  out2[5]    ; clk        ; 3.860 ; 3.913 ; Rise       ; clk             ;
;  out2[6]    ; clk        ; 3.765 ; 3.738 ; Rise       ; clk             ;
; ring        ; clk        ; 3.031 ; 3.071 ; Rise       ; clk             ;
+-------------+------------+-------+-------+------------+-----------------+


----------------------------------------------
; Fast 1200mV 0C Model Metastability Summary ;
----------------------------------------------
No synchronizer chains to report.


+-------------------------------------------------------------------------------+
; Multicorner Timing Analysis Summary                                           ;
+------------------+---------+-------+----------+---------+---------------------+
; Clock            ; Setup   ; Hold  ; Recovery ; Removal ; Minimum Pulse Width ;
+------------------+---------+-------+----------+---------+---------------------+
; Worst-case Slack ; -1.598  ; 0.187 ; N/A      ; N/A     ; -3.000              ;
;  clk             ; -1.598  ; 0.187 ; N/A      ; N/A     ; -3.000              ;
; Design-wide TNS  ; -15.913 ; 0.0   ; 0.0      ; 0.0     ; -18.968             ;
;  clk             ; -15.913 ; 0.000 ; N/A      ; N/A     ; -18.968             ;
+------------------+---------+-------+----------+---------+---------------------+


+-------------------------------------------------------------------------+
; Setup Times                                                             ;
+-------------+------------+-------+-------+------------+-----------------+
; Data Port   ; Clock Port ; Rise  ; Fall  ; Clock Edge ; Clock Reference ;
+-------------+------------+-------+-------+------------+-----------------+
; data_in[*]  ; clk        ; 2.647 ; 3.181 ; Rise       ; clk             ;
;  data_in[0] ; clk        ; 1.756 ; 2.203 ; Rise       ; clk             ;
;  data_in[1] ; clk        ; 2.007 ; 2.488 ; Rise       ; clk             ;
;  data_in[2] ; clk        ; 2.428 ; 2.976 ; Rise       ; clk             ;
;  data_in[3] ; clk        ; 2.647 ; 3.181 ; Rise       ; clk             ;
;  data_in[4] ; clk        ; 1.901 ; 2.334 ; Rise       ; clk             ;
;  data_in[5] ; clk        ; 2.236 ; 2.696 ; Rise       ; clk             ;
;  data_in[6] ; clk        ; 2.292 ; 2.741 ; Rise       ; clk             ;
;  data_in[7] ; clk        ; 2.371 ; 2.910 ; Rise       ; clk             ;
; reset       ; clk        ; 2.774 ; 3.190 ; Rise       ; clk             ;
; start       ; clk        ; 3.125 ; 3.517 ; Rise       ; clk             ;
+-------------+------------+-------+-------+------------+-----------------+


+---------------------------------------------------------------------------+
; Hold Times                                                                ;
+-------------+------------+--------+--------+------------+-----------------+
; Data Port   ; Clock Port ; Rise   ; Fall   ; Clock Edge ; Clock Reference ;
+-------------+------------+--------+--------+------------+-----------------+
; data_in[*]  ; clk        ; -0.791 ; -1.352 ; Rise       ; clk             ;
;  data_in[0] ; clk        ; -0.791 ; -1.352 ; Rise       ; clk             ;
;  data_in[1] ; clk        ; -0.907 ; -1.504 ; Rise       ; clk             ;
;  data_in[2] ; clk        ; -1.149 ; -1.806 ; Rise       ; clk             ;
;  data_in[3] ; clk        ; -1.238 ; -1.899 ; Rise       ; clk             ;
;  data_in[4] ; clk        ; -0.872 ; -1.445 ; Rise       ; clk             ;
;  data_in[5] ; clk        ; -1.019 ; -1.622 ; Rise       ; clk             ;
;  data_in[6] ; clk        ; -1.072 ; -1.697 ; Rise       ; clk             ;
;  data_in[7] ; clk        ; -1.101 ; -1.743 ; Rise       ; clk             ;
; reset       ; clk        ; -0.977 ; -1.575 ; Rise       ; clk             ;
; start       ; clk        ; -1.125 ; -1.709 ; Rise       ; clk             ;
+-------------+------------+--------+--------+------------+-----------------+


+-------------------------------------------------------------------------+
; Clock to Output Times                                                   ;
+-------------+------------+-------+-------+------------+-----------------+
; Data Port   ; Clock Port ; Rise  ; Fall  ; Clock Edge ; Clock Reference ;
+-------------+------------+-------+-------+------------+-----------------+
; counter[*]  ; clk        ; 7.303 ; 7.359 ; Rise       ; clk             ;
;  counter[0] ; clk        ; 5.705 ; 5.708 ; Rise       ; clk             ;
;  counter[1] ; clk        ; 5.671 ; 5.657 ; Rise       ; clk             ;
;  counter[2] ; clk        ; 6.009 ; 6.035 ; Rise       ; clk             ;
;  counter[3] ; clk        ; 5.692 ; 5.695 ; Rise       ; clk             ;
;  counter[4] ; clk        ; 6.020 ; 6.053 ; Rise       ; clk             ;
;  counter[5] ; clk        ; 7.123 ; 7.189 ; Rise       ; clk             ;
;  counter[6] ; clk        ; 7.303 ; 7.359 ; Rise       ; clk             ;
;  counter[7] ; clk        ; 5.841 ; 5.836 ; Rise       ; clk             ;
; mystate[*]  ; clk        ; 6.027 ; 6.056 ; Rise       ; clk             ;
;  mystate[0] ; clk        ; 6.027 ; 6.056 ; Rise       ; clk             ;
;  mystate[1] ; clk        ; 5.700 ; 5.714 ; Rise       ; clk             ;
; out1[*]     ; clk        ; 8.263 ; 8.216 ; Rise       ; clk             ;
;  out1[0]    ; clk        ; 7.222 ; 7.167 ; Rise       ; clk             ;
;  out1[1]    ; clk        ; 7.210 ; 7.152 ; Rise       ; clk             ;
;  out1[2]    ; clk        ; 7.186 ; 7.079 ; Rise       ; clk             ;
;  out1[3]    ; clk        ; 7.753 ; 7.871 ; Rise       ; clk             ;
;  out1[4]    ; clk        ; 7.043 ; 6.986 ; Rise       ; clk             ;
;  out1[5]    ; clk        ; 7.484 ; 7.520 ; Rise       ; clk             ;
;  out1[6]    ; clk        ; 8.263 ; 8.216 ; Rise       ; clk             ;
; out2[*]     ; clk        ; 7.598 ; 7.621 ; Rise       ; clk             ;
;  out2[0]    ; clk        ; 7.177 ; 7.142 ; Rise       ; clk             ;
;  out2[1]    ; clk        ; 7.598 ; 7.621 ; Rise       ; clk             ;
;  out2[2]    ; clk        ; 6.991 ; 6.844 ; Rise       ; clk             ;
;  out2[3]    ; clk        ; 7.365 ; 7.343 ; Rise       ; clk             ;
;  out2[4]    ; clk        ; 7.074 ; 7.135 ; Rise       ; clk             ;
;  out2[5]    ; clk        ; 7.337 ; 7.361 ; Rise       ; clk             ;
;  out2[6]    ; clk        ; 7.122 ; 7.159 ; Rise       ; clk             ;
; ring        ; clk        ; 5.327 ; 5.320 ; Rise       ; clk             ;
+-------------+------------+-------+-------+------------+-----------------+


+-------------------------------------------------------------------------+
; Minimum Clock to Output Times                                           ;
+-------------+------------+-------+-------+------------+-----------------+
; Data Port   ; Clock Port ; Rise  ; Fall  ; Clock Edge ; Clock Reference ;
+-------------+------------+-------+-------+------------+-----------------+
; counter[*]  ; clk        ; 3.221 ; 3.278 ; Rise       ; clk             ;
;  counter[0] ; clk        ; 3.237 ; 3.295 ; Rise       ; clk             ;
;  counter[1] ; clk        ; 3.221 ; 3.278 ; Rise       ; clk             ;
;  counter[2] ; clk        ; 3.415 ; 3.509 ; Rise       ; clk             ;
;  counter[3] ; clk        ; 3.229 ; 3.289 ; Rise       ; clk             ;
;  counter[4] ; clk        ; 3.423 ; 3.513 ; Rise       ; clk             ;
;  counter[5] ; clk        ; 4.065 ; 4.250 ; Rise       ; clk             ;
;  counter[6] ; clk        ; 4.334 ; 4.461 ; Rise       ; clk             ;
;  counter[7] ; clk        ; 3.312 ; 3.378 ; Rise       ; clk             ;
; mystate[*]  ; clk        ; 3.248 ; 3.322 ; Rise       ; clk             ;
;  mystate[0] ; clk        ; 3.407 ; 3.501 ; Rise       ; clk             ;
;  mystate[1] ; clk        ; 3.248 ; 3.322 ; Rise       ; clk             ;
; out1[*]     ; clk        ; 3.758 ; 3.750 ; Rise       ; clk             ;
;  out1[0]    ; clk        ; 3.806 ; 3.868 ; Rise       ; clk             ;
;  out1[1]    ; clk        ; 3.937 ; 4.010 ; Rise       ; clk             ;
;  out1[2]    ; clk        ; 3.903 ; 3.978 ; Rise       ; clk             ;
;  out1[3]    ; clk        ; 4.289 ; 4.425 ; Rise       ; clk             ;
;  out1[4]    ; clk        ; 3.758 ; 3.750 ; Rise       ; clk             ;
;  out1[5]    ; clk        ; 3.985 ; 4.090 ; Rise       ; clk             ;
;  out1[6]    ; clk        ; 4.832 ; 4.730 ; Rise       ; clk             ;
; out2[*]     ; clk        ; 3.648 ; 3.670 ; Rise       ; clk             ;
;  out2[0]    ; clk        ; 3.745 ; 3.771 ; Rise       ; clk             ;
;  out2[1]    ; clk        ; 3.980 ; 4.157 ; Rise       ; clk             ;
;  out2[2]    ; clk        ; 3.648 ; 3.670 ; Rise       ; clk             ;
;  out2[3]    ; clk        ; 3.844 ; 3.900 ; Rise       ; clk             ;
;  out2[4]    ; clk        ; 3.722 ; 3.754 ; Rise       ; clk             ;
;  out2[5]    ; clk        ; 3.860 ; 3.913 ; Rise       ; clk             ;
;  out2[6]    ; clk        ; 3.765 ; 3.738 ; Rise       ; clk             ;
; ring        ; clk        ; 3.031 ; 3.071 ; Rise       ; clk             ;
+-------------+------------+-------+-------+------------+-----------------+


+------------------------------------------------------------------------------------------------------------------------------------------------------------------------------------------------------------------------------------------------------------------------------------------------------------------------------------------------------------------------------------------------------------------+
; Board Trace Model Assignments                                                                                                                                                                                                                                                                                                                                                                                    ;
+---------------+--------------+-------------------+-------------------------+-------------------------+---------------+---------------------+----------------+------------------+--------+------------------+------------------------+------------------------+--------------+---------------+-----------------+-------+---------------------+--------------------+---------------+-----------------+-------------+
; Pin           ; I/O Standard ; Near Tline Length ; Near Tline L per Length ; Near Tline C per Length ; Near Series R ; Near Differential R ; Near Pull-up R ; Near Pull-down R ; Near C ; Far Tline Length ; Far Tline L per Length ; Far Tline C per Length ; Far Series R ; Far Pull-up R ; Far Pull-down R ; Far C ; Termination Voltage ; Far Differential R ; EBD File Name ; EBD Signal Name ; EBD Far-end ;
+---------------+--------------+-------------------+-------------------------+-------------------------+---------------+---------------------+----------------+------------------+--------+------------------+------------------------+------------------------+--------------+---------------+-----------------+-------+---------------------+--------------------+---------------+-----------------+-------------+
; counter[0]    ; 2.5 V        ; 0 in              ; 0 H/in                  ; 0 F/in                  ; short         ; -                   ; open           ; open             ; open   ; 0 in             ; 0 H/in                 ; 0 F/in                 ; short        ; open          ; open            ; open  ; 0 V                 ; -                  ; n/a           ; n/a             ; n/a         ;
; counter[1]    ; 2.5 V        ; 0 in              ; 0 H/in                  ; 0 F/in                  ; short         ; -                   ; open           ; open             ; open   ; 0 in             ; 0 H/in                 ; 0 F/in                 ; short        ; open          ; open            ; open  ; 0 V                 ; -                  ; n/a           ; n/a             ; n/a         ;
; counter[2]    ; 2.5 V        ; 0 in              ; 0 H/in                  ; 0 F/in                  ; short         ; -                   ; open           ; open             ; open   ; 0 in             ; 0 H/in                 ; 0 F/in                 ; short        ; open          ; open            ; open  ; 0 V                 ; -                  ; n/a           ; n/a             ; n/a         ;
; counter[3]    ; 2.5 V        ; 0 in              ; 0 H/in                  ; 0 F/in                  ; short         ; -                   ; open           ; open             ; open   ; 0 in             ; 0 H/in                 ; 0 F/in                 ; short        ; open          ; open            ; open  ; 0 V                 ; -                  ; n/a           ; n/a             ; n/a         ;
; counter[4]    ; 2.5 V        ; 0 in              ; 0 H/in                  ; 0 F/in                  ; short         ; -                   ; open           ; open             ; open   ; 0 in             ; 0 H/in                 ; 0 F/in                 ; short        ; open          ; open            ; open  ; 0 V                 ; -                  ; n/a           ; n/a             ; n/a         ;
; counter[5]    ; 2.5 V        ; 0 in              ; 0 H/in                  ; 0 F/in                  ; short         ; -                   ; open           ; open             ; open   ; 0 in             ; 0 H/in                 ; 0 F/in                 ; short        ; open          ; open            ; open  ; 0 V                 ; -                  ; n/a           ; n/a             ; n/a         ;
; counter[6]    ; 2.5 V        ; 0 in              ; 0 H/in                  ; 0 F/in                  ; short         ; -                   ; open           ; open             ; open   ; 0 in             ; 0 H/in                 ; 0 F/in                 ; short        ; open          ; open            ; open  ; 0 V                 ; -                  ; n/a           ; n/a             ; n/a         ;
; counter[7]    ; 2.5 V        ; 0 in              ; 0 H/in                  ; 0 F/in                  ; short         ; -                   ; open           ; open             ; open   ; 0 in             ; 0 H/in                 ; 0 F/in                 ; short        ; open          ; open            ; open  ; 0 V                 ; -                  ; n/a           ; n/a             ; n/a         ;
; mystate[0]    ; 2.5 V        ; 0 in              ; 0 H/in                  ; 0 F/in                  ; short         ; -                   ; open           ; open             ; open   ; 0 in             ; 0 H/in                 ; 0 F/in                 ; short        ; open          ; open            ; open  ; 0 V                 ; -                  ; n/a           ; n/a             ; n/a         ;
; mystate[1]    ; 2.5 V        ; 0 in              ; 0 H/in                  ; 0 F/in                  ; short         ; -                   ; open           ; open             ; open   ; 0 in             ; 0 H/in                 ; 0 F/in                 ; short        ; open          ; open            ; open  ; 0 V                 ; -                  ; n/a           ; n/a             ; n/a         ;
; ring          ; 2.5 V        ; 0 in              ; 0 H/in                  ; 0 F/in                  ; short         ; -                   ; open           ; open             ; open   ; 0 in             ; 0 H/in                 ; 0 F/in                 ; short        ; open          ; open            ; open  ; 0 V                 ; -                  ; n/a           ; n/a             ; n/a         ;
; out1[0]       ; 2.5 V        ; 0 in              ; 0 H/in                  ; 0 F/in                  ; short         ; -                   ; open           ; open             ; open   ; 0 in             ; 0 H/in                 ; 0 F/in                 ; short        ; open          ; open            ; open  ; 0 V                 ; -                  ; n/a           ; n/a             ; n/a         ;
; out1[1]       ; 2.5 V        ; 0 in              ; 0 H/in                  ; 0 F/in                  ; short         ; -                   ; open           ; open             ; open   ; 0 in             ; 0 H/in                 ; 0 F/in                 ; short        ; open          ; open            ; open  ; 0 V                 ; -                  ; n/a           ; n/a             ; n/a         ;
; out1[2]       ; 2.5 V        ; 0 in              ; 0 H/in                  ; 0 F/in                  ; short         ; -                   ; open           ; open             ; open   ; 0 in             ; 0 H/in                 ; 0 F/in                 ; short        ; open          ; open            ; open  ; 0 V                 ; -                  ; n/a           ; n/a             ; n/a         ;
; out1[3]       ; 2.5 V        ; 0 in              ; 0 H/in                  ; 0 F/in                  ; short         ; -                   ; open           ; open             ; open   ; 0 in             ; 0 H/in                 ; 0 F/in                 ; short        ; open          ; open            ; open  ; 0 V                 ; -                  ; n/a           ; n/a             ; n/a         ;
; out1[4]       ; 2.5 V        ; 0 in              ; 0 H/in                  ; 0 F/in                  ; short         ; -                   ; open           ; open             ; open   ; 0 in             ; 0 H/in                 ; 0 F/in                 ; short        ; open          ; open            ; open  ; 0 V                 ; -                  ; n/a           ; n/a             ; n/a         ;
; out1[5]       ; 2.5 V        ; 0 in              ; 0 H/in                  ; 0 F/in                  ; short         ; -                   ; open           ; open             ; open   ; 0 in             ; 0 H/in                 ; 0 F/in                 ; short        ; open          ; open            ; open  ; 0 V                 ; -                  ; n/a           ; n/a             ; n/a         ;
; out1[6]       ; 2.5 V        ; 0 in              ; 0 H/in                  ; 0 F/in                  ; short         ; -                   ; open           ; open             ; open   ; 0 in             ; 0 H/in                 ; 0 F/in                 ; short        ; open          ; open            ; open  ; 0 V                 ; -                  ; n/a           ; n/a             ; n/a         ;
; out2[0]       ; 2.5 V        ; 0 in              ; 0 H/in                  ; 0 F/in                  ; short         ; -                   ; open           ; open             ; open   ; 0 in             ; 0 H/in                 ; 0 F/in                 ; short        ; open          ; open            ; open  ; 0 V                 ; -                  ; n/a           ; n/a             ; n/a         ;
; out2[1]       ; 2.5 V        ; 0 in              ; 0 H/in                  ; 0 F/in                  ; short         ; -                   ; open           ; open             ; open   ; 0 in             ; 0 H/in                 ; 0 F/in                 ; short        ; open          ; open            ; open  ; 0 V                 ; -                  ; n/a           ; n/a             ; n/a         ;
; out2[2]       ; 2.5 V        ; 0 in              ; 0 H/in                  ; 0 F/in                  ; short         ; -                   ; open           ; open             ; open   ; 0 in             ; 0 H/in                 ; 0 F/in                 ; short        ; open          ; open            ; open  ; 0 V                 ; -                  ; n/a           ; n/a             ; n/a         ;
; out2[3]       ; 2.5 V        ; 0 in              ; 0 H/in                  ; 0 F/in                  ; short         ; -                   ; open           ; open             ; open   ; 0 in             ; 0 H/in                 ; 0 F/in                 ; short        ; open          ; open            ; open  ; 0 V                 ; -                  ; n/a           ; n/a             ; n/a         ;
; out2[4]       ; 2.5 V        ; 0 in              ; 0 H/in                  ; 0 F/in                  ; short         ; -                   ; open           ; open             ; open   ; 0 in             ; 0 H/in                 ; 0 F/in                 ; short        ; open          ; open            ; open  ; 0 V                 ; -                  ; n/a           ; n/a             ; n/a         ;
; out2[5]       ; 2.5 V        ; 0 in              ; 0 H/in                  ; 0 F/in                  ; short         ; -                   ; open           ; open             ; open   ; 0 in             ; 0 H/in                 ; 0 F/in                 ; short        ; open          ; open            ; open  ; 0 V                 ; -                  ; n/a           ; n/a             ; n/a         ;
; out2[6]       ; 2.5 V        ; 0 in              ; 0 H/in                  ; 0 F/in                  ; short         ; -                   ; open           ; open             ; open   ; 0 in             ; 0 H/in                 ; 0 F/in                 ; short        ; open          ; open            ; open  ; 0 V                 ; -                  ; n/a           ; n/a             ; n/a         ;
; ~ALTERA_DCLK~ ; 2.5 V        ; 0 in              ; 0 H/in                  ; 0 F/in                  ; short         ; -                   ; open           ; open             ; open   ; 0 in             ; 0 H/in                 ; 0 F/in                 ; short        ; open          ; open            ; open  ; 0 V                 ; -                  ; n/a           ; n/a             ; n/a         ;
; ~ALTERA_nCEO~ ; 2.5 V        ; 0 in              ; 0 H/in                  ; 0 F/in                  ; short         ; -                   ; open           ; open             ; open   ; 0 in             ; 0 H/in                 ; 0 F/in                 ; short        ; open          ; open            ; open  ; 0 V                 ; -                  ; n/a           ; n/a             ; n/a         ;
+---------------+--------------+-------------------+-------------------------+-------------------------+---------------+---------------------+----------------+------------------+--------+------------------+------------------------+------------------------+--------------+---------------+-----------------+-------+---------------------+--------------------+---------------+-----------------+-------------+


+----------------------------------------------------------------------------+
; Input Transition Times                                                     ;
+-------------------------+--------------+-----------------+-----------------+
; Pin                     ; I/O Standard ; 10-90 Rise Time ; 90-10 Fall Time ;
+-------------------------+--------------+-----------------+-----------------+
; data_in[0]              ; 2.5 V        ; 2000 ps         ; 2000 ps         ;
; clk                     ; 2.5 V        ; 2000 ps         ; 2000 ps         ;
; data_in[1]              ; 2.5 V        ; 2000 ps         ; 2000 ps         ;
; data_in[2]              ; 2.5 V        ; 2000 ps         ; 2000 ps         ;
; data_in[3]              ; 2.5 V        ; 2000 ps         ; 2000 ps         ;
; data_in[4]              ; 2.5 V        ; 2000 ps         ; 2000 ps         ;
; data_in[5]              ; 2.5 V        ; 2000 ps         ; 2000 ps         ;
; data_in[6]              ; 2.5 V        ; 2000 ps         ; 2000 ps         ;
; data_in[7]              ; 2.5 V        ; 2000 ps         ; 2000 ps         ;
; start                   ; 2.5 V        ; 2000 ps         ; 2000 ps         ;
; reset                   ; 2.5 V        ; 2000 ps         ; 2000 ps         ;
; ~ALTERA_ASDO_DATA1~     ; 2.5 V        ; 2000 ps         ; 2000 ps         ;
; ~ALTERA_FLASH_nCE_nCSO~ ; 2.5 V        ; 2000 ps         ; 2000 ps         ;
; ~ALTERA_DATA0~          ; 2.5 V        ; 2000 ps         ; 2000 ps         ;
+-------------------------+--------------+-----------------+-----------------+


+--------------------------------------------------------------------------------------------------------------------------------------------------------------------------------------------------------------------------------------------------------------------------------------------------------------------------------------------------------------------------------------------------------------------------------------------------------------------------------------------------------------------------------------------------------------------------------------------------------------------------------------------------------------------------------------------+
; Signal Integrity Metrics (Slow 1200mv 0c Model)                                                                                                                                                                                                                                                                                                                                                                                                                                                                                                                                                                                                                                            ;
+---------------+--------------+---------------------+---------------------+------------------------------+------------------------------+---------------------+---------------------+--------------------------------------+--------------------------------------+-----------------------------+-----------------------------+----------------------------+----------------------------+-----------------------------+-----------------------------+--------------------+--------------------+-------------------------------------+-------------------------------------+----------------------------+----------------------------+---------------------------+---------------------------+
; Pin           ; I/O Standard ; Board Delay on Rise ; Board Delay on Fall ; Steady State Voh at FPGA Pin ; Steady State Vol at FPGA Pin ; Voh Max at FPGA Pin ; Vol Min at FPGA Pin ; Ringback Voltage on Rise at FPGA Pin ; Ringback Voltage on Fall at FPGA Pin ; 10-90 Rise Time at FPGA Pin ; 90-10 Fall Time at FPGA Pin ; Monotonic Rise at FPGA Pin ; Monotonic Fall at FPGA Pin ; Steady State Voh at Far-end ; Steady State Vol at Far-end ; Voh Max at Far-end ; Vol Min at Far-end ; Ringback Voltage on Rise at Far-end ; Ringback Voltage on Fall at Far-end ; 10-90 Rise Time at Far-end ; 90-10 Fall Time at Far-end ; Monotonic Rise at Far-end ; Monotonic Fall at Far-end ;
+---------------+--------------+---------------------+---------------------+------------------------------+------------------------------+---------------------+---------------------+--------------------------------------+--------------------------------------+-----------------------------+-----------------------------+----------------------------+----------------------------+-----------------------------+-----------------------------+--------------------+--------------------+-------------------------------------+-------------------------------------+----------------------------+----------------------------+---------------------------+---------------------------+
; counter[0]    ; 2.5 V        ; 0 s                 ; 0 s                 ; 2.32 V                       ; 5.95e-09 V                   ; 2.38 V              ; -0.016 V            ; 0.22 V                               ; 0.025 V                              ; 3.06e-10 s                  ; 3.3e-10 s                   ; Yes                        ; Yes                        ; 2.32 V                      ; 5.95e-09 V                  ; 2.38 V             ; -0.016 V           ; 0.22 V                              ; 0.025 V                             ; 3.06e-10 s                 ; 3.3e-10 s                  ; Yes                       ; Yes                       ;
; counter[1]    ; 2.5 V        ; 0 s                 ; 0 s                 ; 2.32 V                       ; 5.95e-09 V                   ; 2.38 V              ; -0.016 V            ; 0.22 V                               ; 0.025 V                              ; 3.06e-10 s                  ; 3.3e-10 s                   ; Yes                        ; Yes                        ; 2.32 V                      ; 5.95e-09 V                  ; 2.38 V             ; -0.016 V           ; 0.22 V                              ; 0.025 V                             ; 3.06e-10 s                 ; 3.3e-10 s                  ; Yes                       ; Yes                       ;
; counter[2]    ; 2.5 V        ; 0 s                 ; 0 s                 ; 2.32 V                       ; 5.95e-09 V                   ; 2.38 V              ; -0.016 V            ; 0.22 V                               ; 0.025 V                              ; 3.06e-10 s                  ; 3.3e-10 s                   ; Yes                        ; Yes                        ; 2.32 V                      ; 5.95e-09 V                  ; 2.38 V             ; -0.016 V           ; 0.22 V                              ; 0.025 V                             ; 3.06e-10 s                 ; 3.3e-10 s                  ; Yes                       ; Yes                       ;
; counter[3]    ; 2.5 V        ; 0 s                 ; 0 s                 ; 2.32 V                       ; 5.95e-09 V                   ; 2.38 V              ; -0.016 V            ; 0.22 V                               ; 0.025 V                              ; 3.06e-10 s                  ; 3.3e-10 s                   ; Yes                        ; Yes                        ; 2.32 V                      ; 5.95e-09 V                  ; 2.38 V             ; -0.016 V           ; 0.22 V                              ; 0.025 V                             ; 3.06e-10 s                 ; 3.3e-10 s                  ; Yes                       ; Yes                       ;
; counter[4]    ; 2.5 V        ; 0 s                 ; 0 s                 ; 2.32 V                       ; 5.95e-09 V                   ; 2.38 V              ; -0.016 V            ; 0.22 V                               ; 0.025 V                              ; 3.06e-10 s                  ; 3.3e-10 s                   ; Yes                        ; Yes                        ; 2.32 V                      ; 5.95e-09 V                  ; 2.38 V             ; -0.016 V           ; 0.22 V                              ; 0.025 V                             ; 3.06e-10 s                 ; 3.3e-10 s                  ; Yes                       ; Yes                       ;
; counter[5]    ; 2.5 V        ; 0 s                 ; 0 s                 ; 2.32 V                       ; 5.95e-09 V                   ; 2.38 V              ; -0.016 V            ; 0.22 V                               ; 0.025 V                              ; 3.06e-10 s                  ; 3.3e-10 s                   ; Yes                        ; Yes                        ; 2.32 V                      ; 5.95e-09 V                  ; 2.38 V             ; -0.016 V           ; 0.22 V                              ; 0.025 V                             ; 3.06e-10 s                 ; 3.3e-10 s                  ; Yes                       ; Yes                       ;
; counter[6]    ; 2.5 V        ; 0 s                 ; 0 s                 ; 2.32 V                       ; 5.95e-09 V                   ; 2.33 V              ; -0.00616 V          ; 0.191 V                              ; 0.099 V                              ; 2.83e-09 s                  ; 2.56e-09 s                  ; No                         ; Yes                        ; 2.32 V                      ; 5.95e-09 V                  ; 2.33 V             ; -0.00616 V         ; 0.191 V                             ; 0.099 V                             ; 2.83e-09 s                 ; 2.56e-09 s                 ; No                        ; Yes                       ;
; counter[7]    ; 2.5 V        ; 0 s                 ; 0 s                 ; 2.32 V                       ; 5.95e-09 V                   ; 2.38 V              ; -0.016 V            ; 0.22 V                               ; 0.025 V                              ; 3.06e-10 s                  ; 3.3e-10 s                   ; Yes                        ; Yes                        ; 2.32 V                      ; 5.95e-09 V                  ; 2.38 V             ; -0.016 V           ; 0.22 V                              ; 0.025 V                             ; 3.06e-10 s                 ; 3.3e-10 s                  ; Yes                       ; Yes                       ;
; mystate[0]    ; 2.5 V        ; 0 s                 ; 0 s                 ; 2.32 V                       ; 4.44e-09 V                   ; 2.39 V              ; -0.0265 V           ; 0.2 V                                ; 0.033 V                              ; 2.94e-10 s                  ; 3.12e-10 s                  ; Yes                        ; Yes                        ; 2.32 V                      ; 4.44e-09 V                  ; 2.39 V             ; -0.0265 V          ; 0.2 V                               ; 0.033 V                             ; 2.94e-10 s                 ; 3.12e-10 s                 ; Yes                       ; Yes                       ;
; mystate[1]    ; 2.5 V        ; 0 s                 ; 0 s                 ; 2.32 V                       ; 5.95e-09 V                   ; 2.38 V              ; -0.016 V            ; 0.22 V                               ; 0.025 V                              ; 3.06e-10 s                  ; 3.3e-10 s                   ; Yes                        ; Yes                        ; 2.32 V                      ; 5.95e-09 V                  ; 2.38 V             ; -0.016 V           ; 0.22 V                              ; 0.025 V                             ; 3.06e-10 s                 ; 3.3e-10 s                  ; Yes                       ; Yes                       ;
; ring          ; 2.5 V        ; 0 s                 ; 0 s                 ; 2.32 V                       ; 5.95e-09 V                   ; 2.38 V              ; -0.016 V            ; 0.22 V                               ; 0.025 V                              ; 3.06e-10 s                  ; 3.3e-10 s                   ; Yes                        ; Yes                        ; 2.32 V                      ; 5.95e-09 V                  ; 2.38 V             ; -0.016 V           ; 0.22 V                              ; 0.025 V                             ; 3.06e-10 s                 ; 3.3e-10 s                  ; Yes                       ; Yes                       ;
; out1[0]       ; 2.5 V        ; 0 s                 ; 0 s                 ; 2.32 V                       ; 5.95e-09 V                   ; 2.38 V              ; -0.016 V            ; 0.22 V                               ; 0.025 V                              ; 3.06e-10 s                  ; 3.3e-10 s                   ; Yes                        ; Yes                        ; 2.32 V                      ; 5.95e-09 V                  ; 2.38 V             ; -0.016 V           ; 0.22 V                              ; 0.025 V                             ; 3.06e-10 s                 ; 3.3e-10 s                  ; Yes                       ; Yes                       ;
; out1[1]       ; 2.5 V        ; 0 s                 ; 0 s                 ; 2.32 V                       ; 5.95e-09 V                   ; 2.38 V              ; -0.016 V            ; 0.22 V                               ; 0.025 V                              ; 3.06e-10 s                  ; 3.3e-10 s                   ; Yes                        ; Yes                        ; 2.32 V                      ; 5.95e-09 V                  ; 2.38 V             ; -0.016 V           ; 0.22 V                              ; 0.025 V                             ; 3.06e-10 s                 ; 3.3e-10 s                  ; Yes                       ; Yes                       ;
; out1[2]       ; 2.5 V        ; 0 s                 ; 0 s                 ; 2.32 V                       ; 5.95e-09 V                   ; 2.38 V              ; -0.016 V            ; 0.22 V                               ; 0.025 V                              ; 3.06e-10 s                  ; 3.3e-10 s                   ; Yes                        ; Yes                        ; 2.32 V                      ; 5.95e-09 V                  ; 2.38 V             ; -0.016 V           ; 0.22 V                              ; 0.025 V                             ; 3.06e-10 s                 ; 3.3e-10 s                  ; Yes                       ; Yes                       ;
; out1[3]       ; 2.5 V        ; 0 s                 ; 0 s                 ; 2.32 V                       ; 5.95e-09 V                   ; 2.38 V              ; -0.016 V            ; 0.22 V                               ; 0.025 V                              ; 3.06e-10 s                  ; 3.3e-10 s                   ; Yes                        ; Yes                        ; 2.32 V                      ; 5.95e-09 V                  ; 2.38 V             ; -0.016 V           ; 0.22 V                              ; 0.025 V                             ; 3.06e-10 s                 ; 3.3e-10 s                  ; Yes                       ; Yes                       ;
; out1[4]       ; 2.5 V        ; 0 s                 ; 0 s                 ; 2.32 V                       ; 5.95e-09 V                   ; 2.38 V              ; -0.016 V            ; 0.22 V                               ; 0.025 V                              ; 3.06e-10 s                  ; 3.3e-10 s                   ; Yes                        ; Yes                        ; 2.32 V                      ; 5.95e-09 V                  ; 2.38 V             ; -0.016 V           ; 0.22 V                              ; 0.025 V                             ; 3.06e-10 s                 ; 3.3e-10 s                  ; Yes                       ; Yes                       ;
; out1[5]       ; 2.5 V        ; 0 s                 ; 0 s                 ; 2.32 V                       ; 5.95e-09 V                   ; 2.38 V              ; -0.016 V            ; 0.22 V                               ; 0.025 V                              ; 3.06e-10 s                  ; 3.3e-10 s                   ; Yes                        ; Yes                        ; 2.32 V                      ; 5.95e-09 V                  ; 2.38 V             ; -0.016 V           ; 0.22 V                              ; 0.025 V                             ; 3.06e-10 s                 ; 3.3e-10 s                  ; Yes                       ; Yes                       ;
; out1[6]       ; 2.5 V        ; 0 s                 ; 0 s                 ; 2.32 V                       ; 5.95e-09 V                   ; 2.33 V              ; -0.00616 V          ; 0.191 V                              ; 0.099 V                              ; 2.83e-09 s                  ; 2.56e-09 s                  ; No                         ; Yes                        ; 2.32 V                      ; 5.95e-09 V                  ; 2.33 V             ; -0.00616 V         ; 0.191 V                             ; 0.099 V                             ; 2.83e-09 s                 ; 2.56e-09 s                 ; No                        ; Yes                       ;
; out2[0]       ; 2.5 V        ; 0 s                 ; 0 s                 ; 2.32 V                       ; 5.95e-09 V                   ; 2.38 V              ; -0.016 V            ; 0.22 V                               ; 0.025 V                              ; 3.06e-10 s                  ; 3.3e-10 s                   ; Yes                        ; Yes                        ; 2.32 V                      ; 5.95e-09 V                  ; 2.38 V             ; -0.016 V           ; 0.22 V                              ; 0.025 V                             ; 3.06e-10 s                 ; 3.3e-10 s                  ; Yes                       ; Yes                       ;
; out2[1]       ; 2.5 V        ; 0 s                 ; 0 s                 ; 2.32 V                       ; 4.44e-09 V                   ; 2.38 V              ; -0.0145 V           ; 0.169 V                              ; 0.026 V                              ; 4.83e-10 s                  ; 4.71e-10 s                  ; Yes                        ; Yes                        ; 2.32 V                      ; 4.44e-09 V                  ; 2.38 V             ; -0.0145 V          ; 0.169 V                             ; 0.026 V                             ; 4.83e-10 s                 ; 4.71e-10 s                 ; Yes                       ; Yes                       ;
; out2[2]       ; 2.5 V        ; 0 s                 ; 0 s                 ; 2.32 V                       ; 5.95e-09 V                   ; 2.38 V              ; -0.016 V            ; 0.22 V                               ; 0.025 V                              ; 3.06e-10 s                  ; 3.3e-10 s                   ; Yes                        ; Yes                        ; 2.32 V                      ; 5.95e-09 V                  ; 2.38 V             ; -0.016 V           ; 0.22 V                              ; 0.025 V                             ; 3.06e-10 s                 ; 3.3e-10 s                  ; Yes                       ; Yes                       ;
; out2[3]       ; 2.5 V        ; 0 s                 ; 0 s                 ; 2.32 V                       ; 4.44e-09 V                   ; 2.39 V              ; -0.0265 V           ; 0.2 V                                ; 0.033 V                              ; 2.94e-10 s                  ; 3.12e-10 s                  ; Yes                        ; Yes                        ; 2.32 V                      ; 4.44e-09 V                  ; 2.39 V             ; -0.0265 V          ; 0.2 V                               ; 0.033 V                             ; 2.94e-10 s                 ; 3.12e-10 s                 ; Yes                       ; Yes                       ;
; out2[4]       ; 2.5 V        ; 0 s                 ; 0 s                 ; 2.32 V                       ; 4.44e-09 V                   ; 2.39 V              ; -0.0265 V           ; 0.2 V                                ; 0.033 V                              ; 2.94e-10 s                  ; 3.12e-10 s                  ; Yes                        ; Yes                        ; 2.32 V                      ; 4.44e-09 V                  ; 2.39 V             ; -0.0265 V          ; 0.2 V                               ; 0.033 V                             ; 2.94e-10 s                 ; 3.12e-10 s                 ; Yes                       ; Yes                       ;
; out2[5]       ; 2.5 V        ; 0 s                 ; 0 s                 ; 2.32 V                       ; 4.44e-09 V                   ; 2.39 V              ; -0.0265 V           ; 0.2 V                                ; 0.033 V                              ; 2.94e-10 s                  ; 3.12e-10 s                  ; Yes                        ; Yes                        ; 2.32 V                      ; 4.44e-09 V                  ; 2.39 V             ; -0.0265 V          ; 0.2 V                               ; 0.033 V                             ; 2.94e-10 s                 ; 3.12e-10 s                 ; Yes                       ; Yes                       ;
; out2[6]       ; 2.5 V        ; 0 s                 ; 0 s                 ; 2.32 V                       ; 5.95e-09 V                   ; 2.38 V              ; -0.016 V            ; 0.22 V                               ; 0.025 V                              ; 3.06e-10 s                  ; 3.3e-10 s                   ; Yes                        ; Yes                        ; 2.32 V                      ; 5.95e-09 V                  ; 2.38 V             ; -0.016 V           ; 0.22 V                              ; 0.025 V                             ; 3.06e-10 s                 ; 3.3e-10 s                  ; Yes                       ; Yes                       ;
; ~ALTERA_DCLK~ ; 2.5 V        ; 0 s                 ; 0 s                 ; 2.32 V                       ; 3.45e-09 V                   ; 2.38 V              ; -0.0609 V           ; 0.148 V                              ; 0.095 V                              ; 2.82e-10 s                  ; 2.59e-10 s                  ; Yes                        ; Yes                        ; 2.32 V                      ; 3.45e-09 V                  ; 2.38 V             ; -0.0609 V          ; 0.148 V                             ; 0.095 V                             ; 2.82e-10 s                 ; 2.59e-10 s                 ; Yes                       ; Yes                       ;
; ~ALTERA_nCEO~ ; 2.5 V        ; 0 s                 ; 0 s                 ; 2.32 V                       ; 5.61e-09 V                   ; 2.38 V              ; -0.00274 V          ; 0.141 V                              ; 0.006 V                              ; 4.7e-10 s                   ; 6.02e-10 s                  ; Yes                        ; Yes                        ; 2.32 V                      ; 5.61e-09 V                  ; 2.38 V             ; -0.00274 V         ; 0.141 V                             ; 0.006 V                             ; 4.7e-10 s                  ; 6.02e-10 s                 ; Yes                       ; Yes                       ;
+---------------+--------------+---------------------+---------------------+------------------------------+------------------------------+---------------------+---------------------+--------------------------------------+--------------------------------------+-----------------------------+-----------------------------+----------------------------+----------------------------+-----------------------------+-----------------------------+--------------------+--------------------+-------------------------------------+-------------------------------------+----------------------------+----------------------------+---------------------------+---------------------------+


+--------------------------------------------------------------------------------------------------------------------------------------------------------------------------------------------------------------------------------------------------------------------------------------------------------------------------------------------------------------------------------------------------------------------------------------------------------------------------------------------------------------------------------------------------------------------------------------------------------------------------------------------------------------------------------------------+
; Signal Integrity Metrics (Slow 1200mv 85c Model)                                                                                                                                                                                                                                                                                                                                                                                                                                                                                                                                                                                                                                           ;
+---------------+--------------+---------------------+---------------------+------------------------------+------------------------------+---------------------+---------------------+--------------------------------------+--------------------------------------+-----------------------------+-----------------------------+----------------------------+----------------------------+-----------------------------+-----------------------------+--------------------+--------------------+-------------------------------------+-------------------------------------+----------------------------+----------------------------+---------------------------+---------------------------+
; Pin           ; I/O Standard ; Board Delay on Rise ; Board Delay on Fall ; Steady State Voh at FPGA Pin ; Steady State Vol at FPGA Pin ; Voh Max at FPGA Pin ; Vol Min at FPGA Pin ; Ringback Voltage on Rise at FPGA Pin ; Ringback Voltage on Fall at FPGA Pin ; 10-90 Rise Time at FPGA Pin ; 90-10 Fall Time at FPGA Pin ; Monotonic Rise at FPGA Pin ; Monotonic Fall at FPGA Pin ; Steady State Voh at Far-end ; Steady State Vol at Far-end ; Voh Max at Far-end ; Vol Min at Far-end ; Ringback Voltage on Rise at Far-end ; Ringback Voltage on Fall at Far-end ; 10-90 Rise Time at Far-end ; 90-10 Fall Time at Far-end ; Monotonic Rise at Far-end ; Monotonic Fall at Far-end ;
+---------------+--------------+---------------------+---------------------+------------------------------+------------------------------+---------------------+---------------------+--------------------------------------+--------------------------------------+-----------------------------+-----------------------------+----------------------------+----------------------------+-----------------------------+-----------------------------+--------------------+--------------------+-------------------------------------+-------------------------------------+----------------------------+----------------------------+---------------------------+---------------------------+
; counter[0]    ; 2.5 V        ; 0 s                 ; 0 s                 ; 2.32 V                       ; 1.06e-06 V                   ; 2.36 V              ; -0.00724 V          ; 0.107 V                              ; 0.02 V                               ; 4.5e-10 s                   ; 4.25e-10 s                  ; Yes                        ; Yes                        ; 2.32 V                      ; 1.06e-06 V                  ; 2.36 V             ; -0.00724 V         ; 0.107 V                             ; 0.02 V                              ; 4.5e-10 s                  ; 4.25e-10 s                 ; Yes                       ; Yes                       ;
; counter[1]    ; 2.5 V        ; 0 s                 ; 0 s                 ; 2.32 V                       ; 1.06e-06 V                   ; 2.36 V              ; -0.00724 V          ; 0.107 V                              ; 0.02 V                               ; 4.5e-10 s                   ; 4.25e-10 s                  ; Yes                        ; Yes                        ; 2.32 V                      ; 1.06e-06 V                  ; 2.36 V             ; -0.00724 V         ; 0.107 V                             ; 0.02 V                              ; 4.5e-10 s                  ; 4.25e-10 s                 ; Yes                       ; Yes                       ;
; counter[2]    ; 2.5 V        ; 0 s                 ; 0 s                 ; 2.32 V                       ; 1.06e-06 V                   ; 2.36 V              ; -0.00724 V          ; 0.107 V                              ; 0.02 V                               ; 4.5e-10 s                   ; 4.25e-10 s                  ; Yes                        ; Yes                        ; 2.32 V                      ; 1.06e-06 V                  ; 2.36 V             ; -0.00724 V         ; 0.107 V                             ; 0.02 V                              ; 4.5e-10 s                  ; 4.25e-10 s                 ; Yes                       ; Yes                       ;
; counter[3]    ; 2.5 V        ; 0 s                 ; 0 s                 ; 2.32 V                       ; 1.06e-06 V                   ; 2.36 V              ; -0.00724 V          ; 0.107 V                              ; 0.02 V                               ; 4.5e-10 s                   ; 4.25e-10 s                  ; Yes                        ; Yes                        ; 2.32 V                      ; 1.06e-06 V                  ; 2.36 V             ; -0.00724 V         ; 0.107 V                             ; 0.02 V                              ; 4.5e-10 s                  ; 4.25e-10 s                 ; Yes                       ; Yes                       ;
; counter[4]    ; 2.5 V        ; 0 s                 ; 0 s                 ; 2.32 V                       ; 1.06e-06 V                   ; 2.36 V              ; -0.00724 V          ; 0.107 V                              ; 0.02 V                               ; 4.5e-10 s                   ; 4.25e-10 s                  ; Yes                        ; Yes                        ; 2.32 V                      ; 1.06e-06 V                  ; 2.36 V             ; -0.00724 V         ; 0.107 V                             ; 0.02 V                              ; 4.5e-10 s                  ; 4.25e-10 s                 ; Yes                       ; Yes                       ;
; counter[5]    ; 2.5 V        ; 0 s                 ; 0 s                 ; 2.32 V                       ; 1.06e-06 V                   ; 2.36 V              ; -0.00724 V          ; 0.107 V                              ; 0.02 V                               ; 4.5e-10 s                   ; 4.25e-10 s                  ; Yes                        ; Yes                        ; 2.32 V                      ; 1.06e-06 V                  ; 2.36 V             ; -0.00724 V         ; 0.107 V                             ; 0.02 V                              ; 4.5e-10 s                  ; 4.25e-10 s                 ; Yes                       ; Yes                       ;
; counter[6]    ; 2.5 V        ; 0 s                 ; 0 s                 ; 2.32 V                       ; 1.06e-06 V                   ; 2.33 V              ; -0.00344 V          ; 0.134 V                              ; 0.075 V                              ; 3.33e-09 s                  ; 3.16e-09 s                  ; Yes                        ; Yes                        ; 2.32 V                      ; 1.06e-06 V                  ; 2.33 V             ; -0.00344 V         ; 0.134 V                             ; 0.075 V                             ; 3.33e-09 s                 ; 3.16e-09 s                 ; Yes                       ; Yes                       ;
; counter[7]    ; 2.5 V        ; 0 s                 ; 0 s                 ; 2.32 V                       ; 1.06e-06 V                   ; 2.36 V              ; -0.00724 V          ; 0.107 V                              ; 0.02 V                               ; 4.5e-10 s                   ; 4.25e-10 s                  ; Yes                        ; Yes                        ; 2.32 V                      ; 1.06e-06 V                  ; 2.36 V             ; -0.00724 V         ; 0.107 V                             ; 0.02 V                              ; 4.5e-10 s                  ; 4.25e-10 s                 ; Yes                       ; Yes                       ;
; mystate[0]    ; 2.5 V        ; 0 s                 ; 0 s                 ; 2.32 V                       ; 7.16e-07 V                   ; 2.36 V              ; -0.00476 V          ; 0.096 V                              ; 0.013 V                              ; 4.39e-10 s                  ; 4.15e-10 s                  ; Yes                        ; Yes                        ; 2.32 V                      ; 7.16e-07 V                  ; 2.36 V             ; -0.00476 V         ; 0.096 V                             ; 0.013 V                             ; 4.39e-10 s                 ; 4.15e-10 s                 ; Yes                       ; Yes                       ;
; mystate[1]    ; 2.5 V        ; 0 s                 ; 0 s                 ; 2.32 V                       ; 1.06e-06 V                   ; 2.36 V              ; -0.00724 V          ; 0.107 V                              ; 0.02 V                               ; 4.5e-10 s                   ; 4.25e-10 s                  ; Yes                        ; Yes                        ; 2.32 V                      ; 1.06e-06 V                  ; 2.36 V             ; -0.00724 V         ; 0.107 V                             ; 0.02 V                              ; 4.5e-10 s                  ; 4.25e-10 s                 ; Yes                       ; Yes                       ;
; ring          ; 2.5 V        ; 0 s                 ; 0 s                 ; 2.32 V                       ; 1.06e-06 V                   ; 2.36 V              ; -0.00724 V          ; 0.107 V                              ; 0.02 V                               ; 4.5e-10 s                   ; 4.25e-10 s                  ; Yes                        ; Yes                        ; 2.32 V                      ; 1.06e-06 V                  ; 2.36 V             ; -0.00724 V         ; 0.107 V                             ; 0.02 V                              ; 4.5e-10 s                  ; 4.25e-10 s                 ; Yes                       ; Yes                       ;
; out1[0]       ; 2.5 V        ; 0 s                 ; 0 s                 ; 2.32 V                       ; 1.06e-06 V                   ; 2.36 V              ; -0.00724 V          ; 0.107 V                              ; 0.02 V                               ; 4.5e-10 s                   ; 4.25e-10 s                  ; Yes                        ; Yes                        ; 2.32 V                      ; 1.06e-06 V                  ; 2.36 V             ; -0.00724 V         ; 0.107 V                             ; 0.02 V                              ; 4.5e-10 s                  ; 4.25e-10 s                 ; Yes                       ; Yes                       ;
; out1[1]       ; 2.5 V        ; 0 s                 ; 0 s                 ; 2.32 V                       ; 1.06e-06 V                   ; 2.36 V              ; -0.00724 V          ; 0.107 V                              ; 0.02 V                               ; 4.5e-10 s                   ; 4.25e-10 s                  ; Yes                        ; Yes                        ; 2.32 V                      ; 1.06e-06 V                  ; 2.36 V             ; -0.00724 V         ; 0.107 V                             ; 0.02 V                              ; 4.5e-10 s                  ; 4.25e-10 s                 ; Yes                       ; Yes                       ;
; out1[2]       ; 2.5 V        ; 0 s                 ; 0 s                 ; 2.32 V                       ; 1.06e-06 V                   ; 2.36 V              ; -0.00724 V          ; 0.107 V                              ; 0.02 V                               ; 4.5e-10 s                   ; 4.25e-10 s                  ; Yes                        ; Yes                        ; 2.32 V                      ; 1.06e-06 V                  ; 2.36 V             ; -0.00724 V         ; 0.107 V                             ; 0.02 V                              ; 4.5e-10 s                  ; 4.25e-10 s                 ; Yes                       ; Yes                       ;
; out1[3]       ; 2.5 V        ; 0 s                 ; 0 s                 ; 2.32 V                       ; 1.06e-06 V                   ; 2.36 V              ; -0.00724 V          ; 0.107 V                              ; 0.02 V                               ; 4.5e-10 s                   ; 4.25e-10 s                  ; Yes                        ; Yes                        ; 2.32 V                      ; 1.06e-06 V                  ; 2.36 V             ; -0.00724 V         ; 0.107 V                             ; 0.02 V                              ; 4.5e-10 s                  ; 4.25e-10 s                 ; Yes                       ; Yes                       ;
; out1[4]       ; 2.5 V        ; 0 s                 ; 0 s                 ; 2.32 V                       ; 1.06e-06 V                   ; 2.36 V              ; -0.00724 V          ; 0.107 V                              ; 0.02 V                               ; 4.5e-10 s                   ; 4.25e-10 s                  ; Yes                        ; Yes                        ; 2.32 V                      ; 1.06e-06 V                  ; 2.36 V             ; -0.00724 V         ; 0.107 V                             ; 0.02 V                              ; 4.5e-10 s                  ; 4.25e-10 s                 ; Yes                       ; Yes                       ;
; out1[5]       ; 2.5 V        ; 0 s                 ; 0 s                 ; 2.32 V                       ; 1.06e-06 V                   ; 2.36 V              ; -0.00724 V          ; 0.107 V                              ; 0.02 V                               ; 4.5e-10 s                   ; 4.25e-10 s                  ; Yes                        ; Yes                        ; 2.32 V                      ; 1.06e-06 V                  ; 2.36 V             ; -0.00724 V         ; 0.107 V                             ; 0.02 V                              ; 4.5e-10 s                  ; 4.25e-10 s                 ; Yes                       ; Yes                       ;
; out1[6]       ; 2.5 V        ; 0 s                 ; 0 s                 ; 2.32 V                       ; 1.06e-06 V                   ; 2.33 V              ; -0.00344 V          ; 0.134 V                              ; 0.075 V                              ; 3.33e-09 s                  ; 3.16e-09 s                  ; Yes                        ; Yes                        ; 2.32 V                      ; 1.06e-06 V                  ; 2.33 V             ; -0.00344 V         ; 0.134 V                             ; 0.075 V                             ; 3.33e-09 s                 ; 3.16e-09 s                 ; Yes                       ; Yes                       ;
; out2[0]       ; 2.5 V        ; 0 s                 ; 0 s                 ; 2.32 V                       ; 1.06e-06 V                   ; 2.36 V              ; -0.00724 V          ; 0.107 V                              ; 0.02 V                               ; 4.5e-10 s                   ; 4.25e-10 s                  ; Yes                        ; Yes                        ; 2.32 V                      ; 1.06e-06 V                  ; 2.36 V             ; -0.00724 V         ; 0.107 V                             ; 0.02 V                              ; 4.5e-10 s                  ; 4.25e-10 s                 ; Yes                       ; Yes                       ;
; out2[1]       ; 2.5 V        ; 0 s                 ; 0 s                 ; 2.32 V                       ; 7.16e-07 V                   ; 2.35 V              ; -0.00832 V          ; 0.101 V                              ; 0.024 V                              ; 6.39e-10 s                  ; 6e-10 s                     ; Yes                        ; Yes                        ; 2.32 V                      ; 7.16e-07 V                  ; 2.35 V             ; -0.00832 V         ; 0.101 V                             ; 0.024 V                             ; 6.39e-10 s                 ; 6e-10 s                    ; Yes                       ; Yes                       ;
; out2[2]       ; 2.5 V        ; 0 s                 ; 0 s                 ; 2.32 V                       ; 1.06e-06 V                   ; 2.36 V              ; -0.00724 V          ; 0.107 V                              ; 0.02 V                               ; 4.5e-10 s                   ; 4.25e-10 s                  ; Yes                        ; Yes                        ; 2.32 V                      ; 1.06e-06 V                  ; 2.36 V             ; -0.00724 V         ; 0.107 V                             ; 0.02 V                              ; 4.5e-10 s                  ; 4.25e-10 s                 ; Yes                       ; Yes                       ;
; out2[3]       ; 2.5 V        ; 0 s                 ; 0 s                 ; 2.32 V                       ; 7.16e-07 V                   ; 2.36 V              ; -0.00476 V          ; 0.096 V                              ; 0.013 V                              ; 4.39e-10 s                  ; 4.15e-10 s                  ; Yes                        ; Yes                        ; 2.32 V                      ; 7.16e-07 V                  ; 2.36 V             ; -0.00476 V         ; 0.096 V                             ; 0.013 V                             ; 4.39e-10 s                 ; 4.15e-10 s                 ; Yes                       ; Yes                       ;
; out2[4]       ; 2.5 V        ; 0 s                 ; 0 s                 ; 2.32 V                       ; 7.16e-07 V                   ; 2.36 V              ; -0.00476 V          ; 0.096 V                              ; 0.013 V                              ; 4.39e-10 s                  ; 4.15e-10 s                  ; Yes                        ; Yes                        ; 2.32 V                      ; 7.16e-07 V                  ; 2.36 V             ; -0.00476 V         ; 0.096 V                             ; 0.013 V                             ; 4.39e-10 s                 ; 4.15e-10 s                 ; Yes                       ; Yes                       ;
; out2[5]       ; 2.5 V        ; 0 s                 ; 0 s                 ; 2.32 V                       ; 7.16e-07 V                   ; 2.36 V              ; -0.00476 V          ; 0.096 V                              ; 0.013 V                              ; 4.39e-10 s                  ; 4.15e-10 s                  ; Yes                        ; Yes                        ; 2.32 V                      ; 7.16e-07 V                  ; 2.36 V             ; -0.00476 V         ; 0.096 V                             ; 0.013 V                             ; 4.39e-10 s                 ; 4.15e-10 s                 ; Yes                       ; Yes                       ;
; out2[6]       ; 2.5 V        ; 0 s                 ; 0 s                 ; 2.32 V                       ; 1.06e-06 V                   ; 2.36 V              ; -0.00724 V          ; 0.107 V                              ; 0.02 V                               ; 4.5e-10 s                   ; 4.25e-10 s                  ; Yes                        ; Yes                        ; 2.32 V                      ; 1.06e-06 V                  ; 2.36 V             ; -0.00724 V         ; 0.107 V                             ; 0.02 V                              ; 4.5e-10 s                  ; 4.25e-10 s                 ; Yes                       ; Yes                       ;
; ~ALTERA_DCLK~ ; 2.5 V        ; 0 s                 ; 0 s                 ; 2.32 V                       ; 5.74e-07 V                   ; 2.36 V              ; -0.0201 V           ; 0.072 V                              ; 0.033 V                              ; 4.04e-10 s                  ; 3.29e-10 s                  ; Yes                        ; Yes                        ; 2.32 V                      ; 5.74e-07 V                  ; 2.36 V             ; -0.0201 V          ; 0.072 V                             ; 0.033 V                             ; 4.04e-10 s                 ; 3.29e-10 s                 ; Yes                       ; Yes                       ;
; ~ALTERA_nCEO~ ; 2.5 V        ; 0 s                 ; 0 s                 ; 2.32 V                       ; 9.45e-07 V                   ; 2.35 V              ; -0.00643 V          ; 0.081 V                              ; 0.031 V                              ; 5.31e-10 s                  ; 7.59e-10 s                  ; Yes                        ; Yes                        ; 2.32 V                      ; 9.45e-07 V                  ; 2.35 V             ; -0.00643 V         ; 0.081 V                             ; 0.031 V                             ; 5.31e-10 s                 ; 7.59e-10 s                 ; Yes                       ; Yes                       ;
+---------------+--------------+---------------------+---------------------+------------------------------+------------------------------+---------------------+---------------------+--------------------------------------+--------------------------------------+-----------------------------+-----------------------------+----------------------------+----------------------------+-----------------------------+-----------------------------+--------------------+--------------------+-------------------------------------+-------------------------------------+----------------------------+----------------------------+---------------------------+---------------------------+


+--------------------------------------------------------------------------------------------------------------------------------------------------------------------------------------------------------------------------------------------------------------------------------------------------------------------------------------------------------------------------------------------------------------------------------------------------------------------------------------------------------------------------------------------------------------------------------------------------------------------------------------------------------------------------------------------+
; Signal Integrity Metrics (Fast 1200mv 0c Model)                                                                                                                                                                                                                                                                                                                                                                                                                                                                                                                                                                                                                                            ;
+---------------+--------------+---------------------+---------------------+------------------------------+------------------------------+---------------------+---------------------+--------------------------------------+--------------------------------------+-----------------------------+-----------------------------+----------------------------+----------------------------+-----------------------------+-----------------------------+--------------------+--------------------+-------------------------------------+-------------------------------------+----------------------------+----------------------------+---------------------------+---------------------------+
; Pin           ; I/O Standard ; Board Delay on Rise ; Board Delay on Fall ; Steady State Voh at FPGA Pin ; Steady State Vol at FPGA Pin ; Voh Max at FPGA Pin ; Vol Min at FPGA Pin ; Ringback Voltage on Rise at FPGA Pin ; Ringback Voltage on Fall at FPGA Pin ; 10-90 Rise Time at FPGA Pin ; 90-10 Fall Time at FPGA Pin ; Monotonic Rise at FPGA Pin ; Monotonic Fall at FPGA Pin ; Steady State Voh at Far-end ; Steady State Vol at Far-end ; Voh Max at Far-end ; Vol Min at Far-end ; Ringback Voltage on Rise at Far-end ; Ringback Voltage on Fall at Far-end ; 10-90 Rise Time at Far-end ; 90-10 Fall Time at Far-end ; Monotonic Rise at Far-end ; Monotonic Fall at Far-end ;
+---------------+--------------+---------------------+---------------------+------------------------------+------------------------------+---------------------+---------------------+--------------------------------------+--------------------------------------+-----------------------------+-----------------------------+----------------------------+----------------------------+-----------------------------+-----------------------------+--------------------+--------------------+-------------------------------------+-------------------------------------+----------------------------+----------------------------+---------------------------+---------------------------+
; counter[0]    ; 2.5 V        ; 0 s                 ; 0 s                 ; 2.62 V                       ; 4.05e-08 V                   ; 2.72 V              ; -0.0349 V           ; 0.173 V                              ; 0.1 V                                ; 2.72e-10 s                  ; 2.69e-10 s                  ; Yes                        ; Yes                        ; 2.62 V                      ; 4.05e-08 V                  ; 2.72 V             ; -0.0349 V          ; 0.173 V                             ; 0.1 V                               ; 2.72e-10 s                 ; 2.69e-10 s                 ; Yes                       ; Yes                       ;
; counter[1]    ; 2.5 V        ; 0 s                 ; 0 s                 ; 2.62 V                       ; 4.05e-08 V                   ; 2.72 V              ; -0.0349 V           ; 0.173 V                              ; 0.1 V                                ; 2.72e-10 s                  ; 2.69e-10 s                  ; Yes                        ; Yes                        ; 2.62 V                      ; 4.05e-08 V                  ; 2.72 V             ; -0.0349 V          ; 0.173 V                             ; 0.1 V                               ; 2.72e-10 s                 ; 2.69e-10 s                 ; Yes                       ; Yes                       ;
; counter[2]    ; 2.5 V        ; 0 s                 ; 0 s                 ; 2.62 V                       ; 4.05e-08 V                   ; 2.72 V              ; -0.0349 V           ; 0.173 V                              ; 0.1 V                                ; 2.72e-10 s                  ; 2.69e-10 s                  ; Yes                        ; Yes                        ; 2.62 V                      ; 4.05e-08 V                  ; 2.72 V             ; -0.0349 V          ; 0.173 V                             ; 0.1 V                               ; 2.72e-10 s                 ; 2.69e-10 s                 ; Yes                       ; Yes                       ;
; counter[3]    ; 2.5 V        ; 0 s                 ; 0 s                 ; 2.62 V                       ; 4.05e-08 V                   ; 2.72 V              ; -0.0349 V           ; 0.173 V                              ; 0.1 V                                ; 2.72e-10 s                  ; 2.69e-10 s                  ; Yes                        ; Yes                        ; 2.62 V                      ; 4.05e-08 V                  ; 2.72 V             ; -0.0349 V          ; 0.173 V                             ; 0.1 V                               ; 2.72e-10 s                 ; 2.69e-10 s                 ; Yes                       ; Yes                       ;
; counter[4]    ; 2.5 V        ; 0 s                 ; 0 s                 ; 2.62 V                       ; 4.05e-08 V                   ; 2.72 V              ; -0.0349 V           ; 0.173 V                              ; 0.1 V                                ; 2.72e-10 s                  ; 2.69e-10 s                  ; Yes                        ; Yes                        ; 2.62 V                      ; 4.05e-08 V                  ; 2.72 V             ; -0.0349 V          ; 0.173 V                             ; 0.1 V                               ; 2.72e-10 s                 ; 2.69e-10 s                 ; Yes                       ; Yes                       ;
; counter[5]    ; 2.5 V        ; 0 s                 ; 0 s                 ; 2.62 V                       ; 4.05e-08 V                   ; 2.72 V              ; -0.0349 V           ; 0.173 V                              ; 0.1 V                                ; 2.72e-10 s                  ; 2.69e-10 s                  ; Yes                        ; Yes                        ; 2.62 V                      ; 4.05e-08 V                  ; 2.72 V             ; -0.0349 V          ; 0.173 V                             ; 0.1 V                               ; 2.72e-10 s                 ; 2.69e-10 s                 ; Yes                       ; Yes                       ;
; counter[6]    ; 2.5 V        ; 0 s                 ; 0 s                 ; 2.62 V                       ; 4.05e-08 V                   ; 2.64 V              ; -0.0113 V           ; 0.208 V                              ; 0.179 V                              ; 2.38e-09 s                  ; 2.23e-09 s                  ; No                         ; Yes                        ; 2.62 V                      ; 4.05e-08 V                  ; 2.64 V             ; -0.0113 V          ; 0.208 V                             ; 0.179 V                             ; 2.38e-09 s                 ; 2.23e-09 s                 ; No                        ; Yes                       ;
; counter[7]    ; 2.5 V        ; 0 s                 ; 0 s                 ; 2.62 V                       ; 4.05e-08 V                   ; 2.72 V              ; -0.0349 V           ; 0.173 V                              ; 0.1 V                                ; 2.72e-10 s                  ; 2.69e-10 s                  ; Yes                        ; Yes                        ; 2.62 V                      ; 4.05e-08 V                  ; 2.72 V             ; -0.0349 V          ; 0.173 V                             ; 0.1 V                               ; 2.72e-10 s                 ; 2.69e-10 s                 ; Yes                       ; Yes                       ;
; mystate[0]    ; 2.5 V        ; 0 s                 ; 0 s                 ; 2.62 V                       ; 2.74e-08 V                   ; 2.73 V              ; -0.0384 V           ; 0.169 V                              ; 0.089 V                              ; 2.7e-10 s                   ; 2.62e-10 s                  ; Yes                        ; Yes                        ; 2.62 V                      ; 2.74e-08 V                  ; 2.73 V             ; -0.0384 V          ; 0.169 V                             ; 0.089 V                             ; 2.7e-10 s                  ; 2.62e-10 s                 ; Yes                       ; Yes                       ;
; mystate[1]    ; 2.5 V        ; 0 s                 ; 0 s                 ; 2.62 V                       ; 4.05e-08 V                   ; 2.72 V              ; -0.0349 V           ; 0.173 V                              ; 0.1 V                                ; 2.72e-10 s                  ; 2.69e-10 s                  ; Yes                        ; Yes                        ; 2.62 V                      ; 4.05e-08 V                  ; 2.72 V             ; -0.0349 V          ; 0.173 V                             ; 0.1 V                               ; 2.72e-10 s                 ; 2.69e-10 s                 ; Yes                       ; Yes                       ;
; ring          ; 2.5 V        ; 0 s                 ; 0 s                 ; 2.62 V                       ; 4.05e-08 V                   ; 2.72 V              ; -0.0349 V           ; 0.173 V                              ; 0.1 V                                ; 2.72e-10 s                  ; 2.69e-10 s                  ; Yes                        ; Yes                        ; 2.62 V                      ; 4.05e-08 V                  ; 2.72 V             ; -0.0349 V          ; 0.173 V                             ; 0.1 V                               ; 2.72e-10 s                 ; 2.69e-10 s                 ; Yes                       ; Yes                       ;
; out1[0]       ; 2.5 V        ; 0 s                 ; 0 s                 ; 2.62 V                       ; 4.05e-08 V                   ; 2.72 V              ; -0.0349 V           ; 0.173 V                              ; 0.1 V                                ; 2.72e-10 s                  ; 2.69e-10 s                  ; Yes                        ; Yes                        ; 2.62 V                      ; 4.05e-08 V                  ; 2.72 V             ; -0.0349 V          ; 0.173 V                             ; 0.1 V                               ; 2.72e-10 s                 ; 2.69e-10 s                 ; Yes                       ; Yes                       ;
; out1[1]       ; 2.5 V        ; 0 s                 ; 0 s                 ; 2.62 V                       ; 4.05e-08 V                   ; 2.72 V              ; -0.0349 V           ; 0.173 V                              ; 0.1 V                                ; 2.72e-10 s                  ; 2.69e-10 s                  ; Yes                        ; Yes                        ; 2.62 V                      ; 4.05e-08 V                  ; 2.72 V             ; -0.0349 V          ; 0.173 V                             ; 0.1 V                               ; 2.72e-10 s                 ; 2.69e-10 s                 ; Yes                       ; Yes                       ;
; out1[2]       ; 2.5 V        ; 0 s                 ; 0 s                 ; 2.62 V                       ; 4.05e-08 V                   ; 2.72 V              ; -0.0349 V           ; 0.173 V                              ; 0.1 V                                ; 2.72e-10 s                  ; 2.69e-10 s                  ; Yes                        ; Yes                        ; 2.62 V                      ; 4.05e-08 V                  ; 2.72 V             ; -0.0349 V          ; 0.173 V                             ; 0.1 V                               ; 2.72e-10 s                 ; 2.69e-10 s                 ; Yes                       ; Yes                       ;
; out1[3]       ; 2.5 V        ; 0 s                 ; 0 s                 ; 2.62 V                       ; 4.05e-08 V                   ; 2.72 V              ; -0.0349 V           ; 0.173 V                              ; 0.1 V                                ; 2.72e-10 s                  ; 2.69e-10 s                  ; Yes                        ; Yes                        ; 2.62 V                      ; 4.05e-08 V                  ; 2.72 V             ; -0.0349 V          ; 0.173 V                             ; 0.1 V                               ; 2.72e-10 s                 ; 2.69e-10 s                 ; Yes                       ; Yes                       ;
; out1[4]       ; 2.5 V        ; 0 s                 ; 0 s                 ; 2.62 V                       ; 4.05e-08 V                   ; 2.72 V              ; -0.0349 V           ; 0.173 V                              ; 0.1 V                                ; 2.72e-10 s                  ; 2.69e-10 s                  ; Yes                        ; Yes                        ; 2.62 V                      ; 4.05e-08 V                  ; 2.72 V             ; -0.0349 V          ; 0.173 V                             ; 0.1 V                               ; 2.72e-10 s                 ; 2.69e-10 s                 ; Yes                       ; Yes                       ;
; out1[5]       ; 2.5 V        ; 0 s                 ; 0 s                 ; 2.62 V                       ; 4.05e-08 V                   ; 2.72 V              ; -0.0349 V           ; 0.173 V                              ; 0.1 V                                ; 2.72e-10 s                  ; 2.69e-10 s                  ; Yes                        ; Yes                        ; 2.62 V                      ; 4.05e-08 V                  ; 2.72 V             ; -0.0349 V          ; 0.173 V                             ; 0.1 V                               ; 2.72e-10 s                 ; 2.69e-10 s                 ; Yes                       ; Yes                       ;
; out1[6]       ; 2.5 V        ; 0 s                 ; 0 s                 ; 2.62 V                       ; 4.05e-08 V                   ; 2.64 V              ; -0.0113 V           ; 0.208 V                              ; 0.179 V                              ; 2.38e-09 s                  ; 2.23e-09 s                  ; No                         ; Yes                        ; 2.62 V                      ; 4.05e-08 V                  ; 2.64 V             ; -0.0113 V          ; 0.208 V                             ; 0.179 V                             ; 2.38e-09 s                 ; 2.23e-09 s                 ; No                        ; Yes                       ;
; out2[0]       ; 2.5 V        ; 0 s                 ; 0 s                 ; 2.62 V                       ; 4.05e-08 V                   ; 2.72 V              ; -0.0349 V           ; 0.173 V                              ; 0.1 V                                ; 2.72e-10 s                  ; 2.69e-10 s                  ; Yes                        ; Yes                        ; 2.62 V                      ; 4.05e-08 V                  ; 2.72 V             ; -0.0349 V          ; 0.173 V                             ; 0.1 V                               ; 2.72e-10 s                 ; 2.69e-10 s                 ; Yes                       ; Yes                       ;
; out2[1]       ; 2.5 V        ; 0 s                 ; 0 s                 ; 2.62 V                       ; 2.74e-08 V                   ; 2.71 V              ; -0.0317 V           ; 0.148 V                              ; 0.064 V                              ; 4.51e-10 s                  ; 4.15e-10 s                  ; No                         ; Yes                        ; 2.62 V                      ; 2.74e-08 V                  ; 2.71 V             ; -0.0317 V          ; 0.148 V                             ; 0.064 V                             ; 4.51e-10 s                 ; 4.15e-10 s                 ; No                        ; Yes                       ;
; out2[2]       ; 2.5 V        ; 0 s                 ; 0 s                 ; 2.62 V                       ; 4.05e-08 V                   ; 2.72 V              ; -0.0349 V           ; 0.173 V                              ; 0.1 V                                ; 2.72e-10 s                  ; 2.69e-10 s                  ; Yes                        ; Yes                        ; 2.62 V                      ; 4.05e-08 V                  ; 2.72 V             ; -0.0349 V          ; 0.173 V                             ; 0.1 V                               ; 2.72e-10 s                 ; 2.69e-10 s                 ; Yes                       ; Yes                       ;
; out2[3]       ; 2.5 V        ; 0 s                 ; 0 s                 ; 2.62 V                       ; 2.74e-08 V                   ; 2.73 V              ; -0.0384 V           ; 0.169 V                              ; 0.089 V                              ; 2.7e-10 s                   ; 2.62e-10 s                  ; Yes                        ; Yes                        ; 2.62 V                      ; 2.74e-08 V                  ; 2.73 V             ; -0.0384 V          ; 0.169 V                             ; 0.089 V                             ; 2.7e-10 s                  ; 2.62e-10 s                 ; Yes                       ; Yes                       ;
; out2[4]       ; 2.5 V        ; 0 s                 ; 0 s                 ; 2.62 V                       ; 2.74e-08 V                   ; 2.73 V              ; -0.0384 V           ; 0.169 V                              ; 0.089 V                              ; 2.7e-10 s                   ; 2.62e-10 s                  ; Yes                        ; Yes                        ; 2.62 V                      ; 2.74e-08 V                  ; 2.73 V             ; -0.0384 V          ; 0.169 V                             ; 0.089 V                             ; 2.7e-10 s                  ; 2.62e-10 s                 ; Yes                       ; Yes                       ;
; out2[5]       ; 2.5 V        ; 0 s                 ; 0 s                 ; 2.62 V                       ; 2.74e-08 V                   ; 2.73 V              ; -0.0384 V           ; 0.169 V                              ; 0.089 V                              ; 2.7e-10 s                   ; 2.62e-10 s                  ; Yes                        ; Yes                        ; 2.62 V                      ; 2.74e-08 V                  ; 2.73 V             ; -0.0384 V          ; 0.169 V                             ; 0.089 V                             ; 2.7e-10 s                  ; 2.62e-10 s                 ; Yes                       ; Yes                       ;
; out2[6]       ; 2.5 V        ; 0 s                 ; 0 s                 ; 2.62 V                       ; 4.05e-08 V                   ; 2.72 V              ; -0.0349 V           ; 0.173 V                              ; 0.1 V                                ; 2.72e-10 s                  ; 2.69e-10 s                  ; Yes                        ; Yes                        ; 2.62 V                      ; 4.05e-08 V                  ; 2.72 V             ; -0.0349 V          ; 0.173 V                             ; 0.1 V                               ; 2.72e-10 s                 ; 2.69e-10 s                 ; Yes                       ; Yes                       ;
; ~ALTERA_DCLK~ ; 2.5 V        ; 0 s                 ; 0 s                 ; 2.62 V                       ; 2.22e-08 V                   ; 2.74 V              ; -0.06 V             ; 0.158 V                              ; 0.08 V                               ; 2.68e-10 s                  ; 2.19e-10 s                  ; Yes                        ; Yes                        ; 2.62 V                      ; 2.22e-08 V                  ; 2.74 V             ; -0.06 V            ; 0.158 V                             ; 0.08 V                              ; 2.68e-10 s                 ; 2.19e-10 s                 ; Yes                       ; Yes                       ;
; ~ALTERA_nCEO~ ; 2.5 V        ; 0 s                 ; 0 s                 ; 2.62 V                       ; 3.54e-08 V                   ; 2.7 V               ; -0.00943 V          ; 0.276 V                              ; 0.035 V                              ; 3.19e-10 s                  ; 4.99e-10 s                  ; No                         ; Yes                        ; 2.62 V                      ; 3.54e-08 V                  ; 2.7 V              ; -0.00943 V         ; 0.276 V                             ; 0.035 V                             ; 3.19e-10 s                 ; 4.99e-10 s                 ; No                        ; Yes                       ;
+---------------+--------------+---------------------+---------------------+------------------------------+------------------------------+---------------------+---------------------+--------------------------------------+--------------------------------------+-----------------------------+-----------------------------+----------------------------+----------------------------+-----------------------------+-----------------------------+--------------------+--------------------+-------------------------------------+-------------------------------------+----------------------------+----------------------------+---------------------------+---------------------------+


+-------------------------------------------------------------------+
; Setup Transfers                                                   ;
+------------+----------+----------+----------+----------+----------+
; From Clock ; To Clock ; RR Paths ; FR Paths ; RF Paths ; FF Paths ;
+------------+----------+----------+----------+----------+----------+
; clk        ; clk      ; 183      ; 0        ; 0        ; 0        ;
+------------+----------+----------+----------+----------+----------+
Entries labeled "false path" only account for clock-to-clock false paths and not path-based false paths. As a result, actual path counts may be lower than reported.


+-------------------------------------------------------------------+
; Hold Transfers                                                    ;
+------------+----------+----------+----------+----------+----------+
; From Clock ; To Clock ; RR Paths ; FR Paths ; RF Paths ; FF Paths ;
+------------+----------+----------+----------+----------+----------+
; clk        ; clk      ; 183      ; 0        ; 0        ; 0        ;
+------------+----------+----------+----------+----------+----------+
Entries labeled "false path" only account for clock-to-clock false paths and not path-based false paths. As a result, actual path counts may be lower than reported.


---------------
; Report TCCS ;
---------------
No dedicated SERDES Transmitter circuitry present in device or used in design


---------------
; Report RSKM ;
---------------
No non-DPA dedicated SERDES Receiver circuitry present in device or used in design


+------------------------------------------------+
; Unconstrained Paths                            ;
+---------------------------------+-------+------+
; Property                        ; Setup ; Hold ;
+---------------------------------+-------+------+
; Illegal Clocks                  ; 0     ; 0    ;
; Unconstrained Clocks            ; 0     ; 0    ;
; Unconstrained Input Ports       ; 10    ; 10   ;
; Unconstrained Input Port Paths  ; 16    ; 16   ;
; Unconstrained Output Ports      ; 25    ; 25   ;
; Unconstrained Output Port Paths ; 67    ; 67   ;
+---------------------------------+-------+------+


+------------------------------------+
; TimeQuest Timing Analyzer Messages ;
+------------------------------------+
Info: *******************************************************************
Info: Running Quartus II 64-Bit TimeQuest Timing Analyzer
    Info: Version 15.0.0 Build 145 04/22/2015 SJ Full Version
    Info: Processing started: Mon Nov 06 20:36:09 2023
Info: Command: quartus_sta Timer -c Timer
Info: qsta_default_script.tcl version: #11
Info (11104): Parallel Compilation has detected 16 hyper-threaded processors. However, the extra hyper-threaded processors will not be used by default. Parallel Compilation will use 12 of the 12 physical processors detected instead.
Info (21076): High junction temperature operating condition is not set. Assuming a default value of '85'.
Info (21076): Low junction temperature operating condition is not set. Assuming a default value of '0'.
Critical Warning (332012): Synopsys Design Constraints File file not found: 'Timer.sdc'. A Synopsys Design Constraints File is required by the TimeQuest Timing Analyzer to get proper timing constraints. Without it, the Compiler will not properly optimize the design.
Info (332142): No user constrained base clocks found in the design. Calling "derive_clocks -period 1.0"
Info (332105): Deriving Clocks
    Info (332105): create_clock -period 1.000 -name clk clk
Info (332143): No user constrained clock uncertainty found in the design. Calling "derive_clock_uncertainty"
Info (332123): Deriving Clock Uncertainty. Please refer to report_sdc in TimeQuest to see clock uncertainties.
Info: Found TIMEQUEST_REPORT_SCRIPT_INCLUDE_DEFAULT_ANALYSIS = ON
Info: Analyzing Slow 1200mV 85C Model
Critical Warning (332148): Timing requirements not met
    Info (11105): For recommendations on closing timing, run Report Timing Closure Recommendations in the TimeQuest Timing Analyzer.
Info (332146): Worst-case setup slack is -1.598
    Info (332119):     Slack       End Point TNS Clock 
    Info (332119): ========= =================== =====================
    Info (332119):    -1.598             -15.913 clk 
Info (332146): Worst-case hold slack is 0.358
    Info (332119):     Slack       End Point TNS Clock 
    Info (332119): ========= =================== =====================
    Info (332119):     0.358               0.000 clk 
Info (332140): No Recovery paths to report
Info (332140): No Removal paths to report
Info (332146): Worst-case minimum pulse width slack is -3.000
    Info (332119):     Slack       End Point TNS Clock 
    Info (332119): ========= =================== =====================
    Info (332119):    -3.000             -18.000 clk 
Info: Analyzing Slow 1200mV 0C Model
Info (334003): Started post-fitting delay annotation
Info (334004): Delay annotation completed successfully
Info (332123): Deriving Clock Uncertainty. Please refer to report_sdc in TimeQuest to see clock uncertainties.
Critical Warning (332148): Timing requirements not met
    Info (11105): For recommendations on closing timing, run Report Timing Closure Recommendations in the TimeQuest Timing Analyzer.
Info (332146): Worst-case setup slack is -1.329
    Info (332119):     Slack       End Point TNS Clock 
    Info (332119): ========= =================== =====================
    Info (332119):    -1.329             -12.860 clk 
Info (332146): Worst-case hold slack is 0.311
    Info (332119):     Slack       End Point TNS Clock 
    Info (332119): ========= =================== =====================
    Info (332119):     0.311               0.000 clk 
Info (332140): No Recovery paths to report
Info (332140): No Removal paths to report
Info (332146): Worst-case minimum pulse width slack is -3.000
    Info (332119):     Slack       End Point TNS Clock 
    Info (332119): ========= =================== =====================
    Info (332119):    -3.000             -18.000 clk 
Info: Analyzing Fast 1200mV 0C Model
Info (332123): Deriving Clock Uncertainty. Please refer to report_sdc in TimeQuest to see clock uncertainties.
Critical Warning (332148): Timing requirements not met
    Info (11105): For recommendations on closing timing, run Report Timing Closure Recommendations in the TimeQuest Timing Analyzer.
Info (332146): Worst-case setup slack is -0.432
    Info (332119):     Slack       End Point TNS Clock 
    Info (332119): ========= =================== =====================
    Info (332119):    -0.432              -3.117 clk 
Info (332146): Worst-case hold slack is 0.187
    Info (332119):     Slack       End Point TNS Clock 
    Info (332119): ========= =================== =====================
    Info (332119):     0.187               0.000 clk 
Info (332140): No Recovery paths to report
Info (332140): No Removal paths to report
Info (332146): Worst-case minimum pulse width slack is -3.000
    Info (332119):     Slack       End Point TNS Clock 
    Info (332119): ========= =================== =====================
    Info (332119):    -3.000             -18.968 clk 
Info (332102): Design is not fully constrained for setup requirements
Info (332102): Design is not fully constrained for hold requirements
Info: Quartus II 64-Bit TimeQuest Timing Analyzer was successful. 0 errors, 4 warnings
    Info: Peak virtual memory: 4964 megabytes
    Info: Processing ended: Mon Nov 06 20:36:11 2023
    Info: Elapsed time: 00:00:02
    Info: Total CPU time (on all processors): 00:00:01


