Fitter report for lab2_4
Wed May 02 18:58:06 2018
Quartus II Version 10.0 Build 218 06/27/2010 SJ Web Edition


---------------------
; Table of Contents ;
---------------------
  1. Legal Notice
  2. Fitter Summary
  3. Fitter Settings
  4. Parallel Compilation
  5. I/O Assignment Warnings
  6. Incremental Compilation Preservation Summary
  7. Incremental Compilation Partition Settings
  8. Incremental Compilation Placement Preservation
  9. Pin-Out File
 10. Fitter Resource Usage Summary
 11. Fitter Partition Statistics
 12. Input Pins
 13. Output Pins
 14. Dual Purpose and Dedicated Pins
 15. I/O Bank Usage
 16. All Package Pins
 17. Output Pin Default Load For Reported TCO
 18. Fitter Resource Utilization by Entity
 19. Delay Chain Summary
 20. Pad To Core Delay Chain Fanout
 21. Control Signals
 22. Global & Other Fast Signals
 23. Non-Global High Fan-Out Signals
 24. Interconnect Usage Summary
 25. LAB Logic Elements
 26. LAB-wide Signals
 27. LAB Signals Sourced
 28. LAB Signals Sourced Out
 29. LAB Distinct Inputs
 30. I/O Rules Summary
 31. I/O Rules Details
 32. I/O Rules Matrix
 33. Fitter Device Options
 34. Operating Settings and Conditions
 35. Estimated Delay Added for Hold Timing Summary
 36. Estimated Delay Added for Hold Timing Details
 37. Fitter Messages



----------------
; Legal Notice ;
----------------
Copyright (C) 1991-2010 Altera Corporation
Your use of Altera Corporation's design tools, logic functions 
and other software and tools, and its AMPP partner logic 
functions, and any output files from any of the foregoing 
(including device programming or simulation files), and any 
associated documentation or information are expressly subject 
to the terms and conditions of the Altera Program License 
Subscription Agreement, Altera MegaCore Function License 
Agreement, or other applicable license agreement, including, 
without limitation, that your use is for the sole purpose of 
programming logic devices manufactured by Altera and sold by 
Altera or its authorized distributors.  Please refer to the 
applicable agreement for further details.



+-------------------------------------------------------------------------------+
; Fitter Summary                                                                ;
+------------------------------------+------------------------------------------+
; Fitter Status                      ; Successful - Wed May 02 18:58:06 2018    ;
; Quartus II Version                 ; 10.0 Build 218 06/27/2010 SJ Web Edition ;
; Revision Name                      ; lab2_4                                   ;
; Top-level Entity Name              ; lab2_4                                   ;
; Family                             ; Cyclone IV E                             ;
; Device                             ; EP4CE115F29C7                            ;
; Timing Models                      ; Final                                    ;
; Total logic elements               ; 237 / 114,480 ( < 1 % )                  ;
;     Total combinational functions  ; 237 / 114,480 ( < 1 % )                  ;
;     Dedicated logic registers      ; 80 / 114,480 ( < 1 % )                   ;
; Total registers                    ; 80                                       ;
; Total pins                         ; 196 / 529 ( 37 % )                       ;
; Total virtual pins                 ; 0                                        ;
; Total memory bits                  ; 0 / 3,981,312 ( 0 % )                    ;
; Embedded Multiplier 9-bit elements ; 0 / 532 ( 0 % )                          ;
; Total PLLs                         ; 0 / 4 ( 0 % )                            ;
+------------------------------------+------------------------------------------+


+------------------------------------------------------------------------------------------------------------------------------------------------------------+
; Fitter Settings                                                                                                                                            ;
+----------------------------------------------------------------------------+---------------------------------------+---------------------------------------+
; Option                                                                     ; Setting                               ; Default Value                         ;
+----------------------------------------------------------------------------+---------------------------------------+---------------------------------------+
; Device                                                                     ; EP4CE115F29C7                         ;                                       ;
; Nominal Core Supply Voltage                                                ; 1.2V                                  ;                                       ;
; Minimum Core Junction Temperature                                          ; 0                                     ;                                       ;
; Maximum Core Junction Temperature                                          ; 85                                    ;                                       ;
; Fit Attempts to Skip                                                       ; 0                                     ; 0.0                                   ;
; Use smart compilation                                                      ; Off                                   ; Off                                   ;
; Enable parallel Assembler and TimeQuest Timing Analyzer during compilation ; On                                    ; On                                    ;
; Enable compact report table                                                ; Off                                   ; Off                                   ;
; Use TimeQuest Timing Analyzer                                              ; On                                    ; On                                    ;
; Router Timing Optimization Level                                           ; Normal                                ; Normal                                ;
; Placement Effort Multiplier                                                ; 1.0                                   ; 1.0                                   ;
; Router Effort Multiplier                                                   ; 1.0                                   ; 1.0                                   ;
; Optimize Hold Timing                                                       ; All Paths                             ; All Paths                             ;
; Optimize Multi-Corner Timing                                               ; Off                                   ; Off                                   ;
; PowerPlay Power Optimization                                               ; Normal compilation                    ; Normal compilation                    ;
; SSN Optimization                                                           ; Off                                   ; Off                                   ;
; Optimize Timing                                                            ; Normal compilation                    ; Normal compilation                    ;
; Optimize Timing for ECOs                                                   ; Off                                   ; Off                                   ;
; Regenerate full fit report during ECO compiles                             ; Off                                   ; Off                                   ;
; Optimize IOC Register Placement for Timing                                 ; Normal                                ; Normal                                ;
; Limit to One Fitting Attempt                                               ; Off                                   ; Off                                   ;
; Final Placement Optimizations                                              ; Automatically                         ; Automatically                         ;
; Fitter Aggressive Routability Optimizations                                ; Automatically                         ; Automatically                         ;
; Fitter Initial Placement Seed                                              ; 1                                     ; 1                                     ;
; PCI I/O                                                                    ; Off                                   ; Off                                   ;
; Weak Pull-Up Resistor                                                      ; Off                                   ; Off                                   ;
; Enable Bus-Hold Circuitry                                                  ; Off                                   ; Off                                   ;
; Auto Packed Registers                                                      ; Auto                                  ; Auto                                  ;
; Auto Delay Chains                                                          ; On                                    ; On                                    ;
; Allow Single-ended Buffer for Differential-XSTL Input                      ; Off                                   ; Off                                   ;
; Treat Bidirectional Pin as Output Pin                                      ; Off                                   ; Off                                   ;
; Auto Merge PLLs                                                            ; On                                    ; On                                    ;
; Perform Physical Synthesis for Combinational Logic for Fitting             ; Off                                   ; Off                                   ;
; Perform Physical Synthesis for Combinational Logic for Performance         ; Off                                   ; Off                                   ;
; Perform Register Duplication for Performance                               ; Off                                   ; Off                                   ;
; Perform Logic to Memory Mapping for Fitting                                ; Off                                   ; Off                                   ;
; Perform Register Retiming for Performance                                  ; Off                                   ; Off                                   ;
; Perform Asynchronous Signal Pipelining                                     ; Off                                   ; Off                                   ;
; Fitter Effort                                                              ; Auto Fit                              ; Auto Fit                              ;
; Physical Synthesis Effort Level                                            ; Normal                                ; Normal                                ;
; Logic Cell Insertion - Logic Duplication                                   ; Auto                                  ; Auto                                  ;
; Auto Register Duplication                                                  ; Auto                                  ; Auto                                  ;
; Auto Global Clock                                                          ; On                                    ; On                                    ;
; Auto Global Register Control Signals                                       ; On                                    ; On                                    ;
; Reserve all unused pins                                                    ; As input tri-stated with weak pull-up ; As input tri-stated with weak pull-up ;
; Stop After Congestion Map Generation                                       ; Off                                   ; Off                                   ;
; Synchronizer Identification                                                ; Off                                   ; Off                                   ;
; Enable Beneficial Skew Optimization                                        ; On                                    ; On                                    ;
; Optimize Design for Metastability                                          ; On                                    ; On                                    ;
; Force Fitter to Avoid Periphery Placement Warnings                         ; Off                                   ; Off                                   ;
; Enable input tri-state on active configuration pins in user mode           ; Off                                   ; Off                                   ;
+----------------------------------------------------------------------------+---------------------------------------+---------------------------------------+


Parallel compilation was disabled, but you have multiple processors available. Enable parallel compilation to reduce compilation time.
+-------------------------------------+
; Parallel Compilation                ;
+----------------------------+--------+
; Processors                 ; Number ;
+----------------------------+--------+
; Number detected on machine ; 4      ;
; Maximum allowed            ; 1      ;
+----------------------------+--------+


+------------------------------------------+
; I/O Assignment Warnings                  ;
+----------+-------------------------------+
; Pin Name ; Reason                        ;
+----------+-------------------------------+
; overflow ; Incomplete set of assignments ;
; sum[63]  ; Incomplete set of assignments ;
; sum[62]  ; Incomplete set of assignments ;
; sum[61]  ; Incomplete set of assignments ;
; sum[60]  ; Incomplete set of assignments ;
; sum[59]  ; Incomplete set of assignments ;
; sum[58]  ; Incomplete set of assignments ;
; sum[57]  ; Incomplete set of assignments ;
; sum[56]  ; Incomplete set of assignments ;
; sum[55]  ; Incomplete set of assignments ;
; sum[54]  ; Incomplete set of assignments ;
; sum[53]  ; Incomplete set of assignments ;
; sum[52]  ; Incomplete set of assignments ;
; sum[51]  ; Incomplete set of assignments ;
; sum[50]  ; Incomplete set of assignments ;
; sum[49]  ; Incomplete set of assignments ;
; sum[48]  ; Incomplete set of assignments ;
; sum[47]  ; Incomplete set of assignments ;
; sum[46]  ; Incomplete set of assignments ;
; sum[45]  ; Incomplete set of assignments ;
; sum[44]  ; Incomplete set of assignments ;
; sum[43]  ; Incomplete set of assignments ;
; sum[42]  ; Incomplete set of assignments ;
; sum[41]  ; Incomplete set of assignments ;
; sum[40]  ; Incomplete set of assignments ;
; sum[39]  ; Incomplete set of assignments ;
; sum[38]  ; Incomplete set of assignments ;
; sum[37]  ; Incomplete set of assignments ;
; sum[36]  ; Incomplete set of assignments ;
; sum[35]  ; Incomplete set of assignments ;
; sum[34]  ; Incomplete set of assignments ;
; sum[33]  ; Incomplete set of assignments ;
; sum[32]  ; Incomplete set of assignments ;
; sum[31]  ; Incomplete set of assignments ;
; sum[30]  ; Incomplete set of assignments ;
; sum[29]  ; Incomplete set of assignments ;
; sum[28]  ; Incomplete set of assignments ;
; sum[27]  ; Incomplete set of assignments ;
; sum[26]  ; Incomplete set of assignments ;
; sum[25]  ; Incomplete set of assignments ;
; sum[24]  ; Incomplete set of assignments ;
; sum[23]  ; Incomplete set of assignments ;
; sum[22]  ; Incomplete set of assignments ;
; sum[21]  ; Incomplete set of assignments ;
; sum[20]  ; Incomplete set of assignments ;
; sum[19]  ; Incomplete set of assignments ;
; sum[18]  ; Incomplete set of assignments ;
; sum[17]  ; Incomplete set of assignments ;
; sum[16]  ; Incomplete set of assignments ;
; sum[15]  ; Incomplete set of assignments ;
; sum[14]  ; Incomplete set of assignments ;
; sum[13]  ; Incomplete set of assignments ;
; sum[12]  ; Incomplete set of assignments ;
; sum[11]  ; Incomplete set of assignments ;
; sum[10]  ; Incomplete set of assignments ;
; sum[9]   ; Incomplete set of assignments ;
; sum[8]   ; Incomplete set of assignments ;
; sum[7]   ; Incomplete set of assignments ;
; sum[6]   ; Incomplete set of assignments ;
; sum[5]   ; Incomplete set of assignments ;
; sum[4]   ; Incomplete set of assignments ;
; sum[3]   ; Incomplete set of assignments ;
; sum[2]   ; Incomplete set of assignments ;
; sum[1]   ; Incomplete set of assignments ;
; sum[0]   ; Incomplete set of assignments ;
; a[62]    ; Incomplete set of assignments ;
; b[62]    ; Incomplete set of assignments ;
; a[63]    ; Incomplete set of assignments ;
; b[63]    ; Incomplete set of assignments ;
; a[61]    ; Incomplete set of assignments ;
; b[61]    ; Incomplete set of assignments ;
; a[60]    ; Incomplete set of assignments ;
; b[60]    ; Incomplete set of assignments ;
; clock    ; Incomplete set of assignments ;
; cclr     ; Incomplete set of assignments ;
; b[57]    ; Incomplete set of assignments ;
; a[57]    ; Incomplete set of assignments ;
; a[58]    ; Incomplete set of assignments ;
; b[58]    ; Incomplete set of assignments ;
; a[56]    ; Incomplete set of assignments ;
; b[56]    ; Incomplete set of assignments ;
; a[59]    ; Incomplete set of assignments ;
; b[59]    ; Incomplete set of assignments ;
; b[53]    ; Incomplete set of assignments ;
; a[53]    ; Incomplete set of assignments ;
; a[54]    ; Incomplete set of assignments ;
; b[54]    ; Incomplete set of assignments ;
; a[52]    ; Incomplete set of assignments ;
; b[52]    ; Incomplete set of assignments ;
; a[55]    ; Incomplete set of assignments ;
; b[55]    ; Incomplete set of assignments ;
; b[49]    ; Incomplete set of assignments ;
; a[49]    ; Incomplete set of assignments ;
; a[50]    ; Incomplete set of assignments ;
; b[50]    ; Incomplete set of assignments ;
; a[48]    ; Incomplete set of assignments ;
; b[48]    ; Incomplete set of assignments ;
; a[51]    ; Incomplete set of assignments ;
; b[51]    ; Incomplete set of assignments ;
; b[45]    ; Incomplete set of assignments ;
; a[45]    ; Incomplete set of assignments ;
; a[46]    ; Incomplete set of assignments ;
; b[46]    ; Incomplete set of assignments ;
; a[44]    ; Incomplete set of assignments ;
; b[44]    ; Incomplete set of assignments ;
; a[47]    ; Incomplete set of assignments ;
; b[47]    ; Incomplete set of assignments ;
; b[41]    ; Incomplete set of assignments ;
; a[41]    ; Incomplete set of assignments ;
; a[42]    ; Incomplete set of assignments ;
; b[42]    ; Incomplete set of assignments ;
; a[40]    ; Incomplete set of assignments ;
; b[40]    ; Incomplete set of assignments ;
; a[43]    ; Incomplete set of assignments ;
; b[43]    ; Incomplete set of assignments ;
; b[37]    ; Incomplete set of assignments ;
; a[37]    ; Incomplete set of assignments ;
; a[38]    ; Incomplete set of assignments ;
; b[38]    ; Incomplete set of assignments ;
; a[36]    ; Incomplete set of assignments ;
; b[36]    ; Incomplete set of assignments ;
; a[39]    ; Incomplete set of assignments ;
; b[39]    ; Incomplete set of assignments ;
; b[33]    ; Incomplete set of assignments ;
; a[33]    ; Incomplete set of assignments ;
; a[34]    ; Incomplete set of assignments ;
; b[34]    ; Incomplete set of assignments ;
; a[32]    ; Incomplete set of assignments ;
; b[32]    ; Incomplete set of assignments ;
; a[35]    ; Incomplete set of assignments ;
; b[35]    ; Incomplete set of assignments ;
; b[29]    ; Incomplete set of assignments ;
; a[2]     ; Incomplete set of assignments ;
; a[1]     ; Incomplete set of assignments ;
; b[30]    ; Incomplete set of assignments ;
; a[3]     ; Incomplete set of assignments ;
; b[28]    ; Incomplete set of assignments ;
; a[0]     ; Incomplete set of assignments ;
; b[31]    ; Incomplete set of assignments ;
; b[25]    ; Incomplete set of assignments ;
; a[6]     ; Incomplete set of assignments ;
; a[5]     ; Incomplete set of assignments ;
; b[26]    ; Incomplete set of assignments ;
; a[7]     ; Incomplete set of assignments ;
; b[24]    ; Incomplete set of assignments ;
; a[4]     ; Incomplete set of assignments ;
; b[27]    ; Incomplete set of assignments ;
; b[21]    ; Incomplete set of assignments ;
; a[10]    ; Incomplete set of assignments ;
; a[9]     ; Incomplete set of assignments ;
; b[22]    ; Incomplete set of assignments ;
; a[11]    ; Incomplete set of assignments ;
; b[20]    ; Incomplete set of assignments ;
; a[8]     ; Incomplete set of assignments ;
; b[23]    ; Incomplete set of assignments ;
; b[17]    ; Incomplete set of assignments ;
; a[14]    ; Incomplete set of assignments ;
; a[13]    ; Incomplete set of assignments ;
; b[18]    ; Incomplete set of assignments ;
; a[15]    ; Incomplete set of assignments ;
; b[16]    ; Incomplete set of assignments ;
; a[12]    ; Incomplete set of assignments ;
; b[19]    ; Incomplete set of assignments ;
; b[13]    ; Incomplete set of assignments ;
; a[18]    ; Incomplete set of assignments ;
; a[17]    ; Incomplete set of assignments ;
; b[14]    ; Incomplete set of assignments ;
; a[19]    ; Incomplete set of assignments ;
; b[12]    ; Incomplete set of assignments ;
; a[16]    ; Incomplete set of assignments ;
; b[15]    ; Incomplete set of assignments ;
; b[9]     ; Incomplete set of assignments ;
; a[22]    ; Incomplete set of assignments ;
; a[21]    ; Incomplete set of assignments ;
; b[10]    ; Incomplete set of assignments ;
; a[23]    ; Incomplete set of assignments ;
; b[8]     ; Incomplete set of assignments ;
; a[20]    ; Incomplete set of assignments ;
; b[11]    ; Incomplete set of assignments ;
; b[5]     ; Incomplete set of assignments ;
; a[26]    ; Incomplete set of assignments ;
; a[25]    ; Incomplete set of assignments ;
; b[6]     ; Incomplete set of assignments ;
; a[27]    ; Incomplete set of assignments ;
; b[4]     ; Incomplete set of assignments ;
; a[24]    ; Incomplete set of assignments ;
; b[7]     ; Incomplete set of assignments ;
; a[28]    ; Incomplete set of assignments ;
; b[3]     ; Incomplete set of assignments ;
; b[1]     ; Incomplete set of assignments ;
; a[30]    ; Incomplete set of assignments ;
; a[29]    ; Incomplete set of assignments ;
; b[2]     ; Incomplete set of assignments ;
; a[31]    ; Incomplete set of assignments ;
; b[0]     ; Incomplete set of assignments ;
; c0       ; Incomplete set of assignments ;
+----------+-------------------------------+


+----------------------------------------------+
; Incremental Compilation Preservation Summary ;
+---------------------+------------------------+
; Type                ; Value                  ;
+---------------------+------------------------+
; Placement (by node) ;                        ;
;     -- Requested    ; 0 / 722 ( 0.00 % )     ;
;     -- Achieved     ; 0 / 722 ( 0.00 % )     ;
;                     ;                        ;
; Routing (by net)    ;                        ;
;     -- Requested    ; 0 / 0 ( 0.00 % )       ;
;     -- Achieved     ; 0 / 0 ( 0.00 % )       ;
+---------------------+------------------------+


+----------------------------------------------------------------------------------------------------------------------------------------------------------------------------------------+
; Incremental Compilation Partition Settings                                                                                                                                             ;
+--------------------------------+----------------+-------------------+-------------------------+------------------------+------------------------------+--------------------------------+
; Partition Name                 ; Partition Type ; Netlist Type Used ; Preservation Level Used ; Netlist Type Requested ; Preservation Level Requested ; Contents                       ;
+--------------------------------+----------------+-------------------+-------------------------+------------------------+------------------------------+--------------------------------+
; Top                            ; User-created   ; Source File       ; N/A                     ; Source File            ; N/A                          ;                                ;
; hard_block:auto_generated_inst ; Auto-generated ; Source File       ; N/A                     ; Source File            ; N/A                          ; hard_block:auto_generated_inst ;
+--------------------------------+----------------+-------------------+-------------------------+------------------------+------------------------------+--------------------------------+


+------------------------------------------------------------------------------------------------------------+
; Incremental Compilation Placement Preservation                                                             ;
+--------------------------------+---------+-------------------+-------------------------+-------------------+
; Partition Name                 ; # Nodes ; # Preserved Nodes ; Preservation Level Used ; Netlist Type Used ;
+--------------------------------+---------+-------------------+-------------------------+-------------------+
; Top                            ; 712     ; 0                 ; N/A                     ; Source File       ;
; hard_block:auto_generated_inst ; 10      ; 0                 ; N/A                     ; Source File       ;
+--------------------------------+---------+-------------------+-------------------------+-------------------+


+--------------+
; Pin-Out File ;
+--------------+
The pin-out file can be found in E:/Quartus_Projects/lab2_4/lab2_4.pin.


+-----------------------------------------------------------------------+
; Fitter Resource Usage Summary                                         ;
+---------------------------------------------+-------------------------+
; Resource                                    ; Usage                   ;
+---------------------------------------------+-------------------------+
; Total logic elements                        ; 237 / 114,480 ( < 1 % ) ;
;     -- Combinational with no register       ; 157                     ;
;     -- Register only                        ; 0                       ;
;     -- Combinational with a register        ; 80                      ;
;                                             ;                         ;
; Logic element usage by number of LUT inputs ;                         ;
;     -- 4 input functions                    ; 153                     ;
;     -- 3 input functions                    ; 38                      ;
;     -- <=2 input functions                  ; 46                      ;
;     -- Register only                        ; 0                       ;
;                                             ;                         ;
; Logic elements by mode                      ;                         ;
;     -- normal mode                          ; 237                     ;
;     -- arithmetic mode                      ; 0                       ;
;                                             ;                         ;
; Total registers*                            ; 80 / 117,053 ( < 1 % )  ;
;     -- Dedicated logic registers            ; 80 / 114,480 ( < 1 % )  ;
;     -- I/O registers                        ; 0 / 2,573 ( 0 % )       ;
;                                             ;                         ;
; Total LABs:  partially or completely used   ; 18 / 7,155 ( < 1 % )    ;
; User inserted logic elements                ; 0                       ;
; Virtual pins                                ; 0                       ;
; I/O pins                                    ; 196 / 529 ( 37 % )      ;
;     -- Clock pins                           ; 3 / 7 ( 43 % )          ;
;     -- Dedicated input pins                 ; 0 / 9 ( 0 % )           ;
; Global signals                              ; 2                       ;
; M9Ks                                        ; 0 / 432 ( 0 % )         ;
; Total block memory bits                     ; 0 / 3,981,312 ( 0 % )   ;
; Total block memory implementation bits      ; 0 / 3,981,312 ( 0 % )   ;
; Embedded Multiplier 9-bit elements          ; 0 / 532 ( 0 % )         ;
; DSP Blocks                                  ; 0 / 266 ( 0 % )         ;
; PLLs                                        ; 0 / 4 ( 0 % )           ;
; Global clocks                               ; 2 / 20 ( 10 % )         ;
; JTAGs                                       ; 0 / 1 ( 0 % )           ;
; CRC blocks                                  ; 0 / 1 ( 0 % )           ;
; ASMI blocks                                 ; 0 / 1 ( 0 % )           ;
; Impedance control blocks                    ; 0 / 4 ( 0 % )           ;
; Average interconnect usage (total/H/V)      ; 0% / 0% / 0%            ;
; Peak interconnect usage (total/H/V)         ; 1% / 0% / 2%            ;
; Maximum fan-out node                        ; cclr~inputclkctrl       ;
; Maximum fan-out                             ; 80                      ;
; Highest non-global fan-out signal           ; a[61]~input             ;
; Highest non-global fan-out                  ; 5                       ;
; Total fan-out                               ; 1326                    ;
; Average fan-out                             ; 1.84                    ;
+---------------------------------------------+-------------------------+
*  Register count does not include registers inside RAM blocks or DSP blocks.



+-------------------------------------------------------------------------------------------------------+
; Fitter Partition Statistics                                                                           ;
+---------------------------------------------+------------------------+--------------------------------+
; Statistic                                   ; Top                    ; hard_block:auto_generated_inst ;
+---------------------------------------------+------------------------+--------------------------------+
; Difficulty Clustering Region                ; Low                    ; Low                            ;
;                                             ;                        ;                                ;
; Total logic elements                        ; 237 / 114480 ( < 1 % ) ; 0 / 114480 ( 0 % )             ;
;     -- Combinational with no register       ; 157                    ; 0                              ;
;     -- Register only                        ; 0                      ; 0                              ;
;     -- Combinational with a register        ; 80                     ; 0                              ;
;                                             ;                        ;                                ;
; Logic element usage by number of LUT inputs ;                        ;                                ;
;     -- 4 input functions                    ; 153                    ; 0                              ;
;     -- 3 input functions                    ; 38                     ; 0                              ;
;     -- <=2 input functions                  ; 46                     ; 0                              ;
;     -- Register only                        ; 0                      ; 0                              ;
;                                             ;                        ;                                ;
; Logic elements by mode                      ;                        ;                                ;
;     -- normal mode                          ; 237                    ; 0                              ;
;     -- arithmetic mode                      ; 0                      ; 0                              ;
;                                             ;                        ;                                ;
; Total registers                             ; 80                     ; 0                              ;
;     -- Dedicated logic registers            ; 80 / 114480 ( < 1 % )  ; 0 / 114480 ( 0 % )             ;
;     -- I/O registers                        ; 0                      ; 0                              ;
;                                             ;                        ;                                ;
; Total LABs:  partially or completely used   ; 18 / 7155 ( < 1 % )    ; 0 / 7155 ( 0 % )               ;
;                                             ;                        ;                                ;
; Virtual pins                                ; 0                      ; 0                              ;
; I/O pins                                    ; 196                    ; 0                              ;
; Embedded Multiplier 9-bit elements          ; 0 / 532 ( 0 % )        ; 0 / 532 ( 0 % )                ;
; Total memory bits                           ; 0                      ; 0                              ;
; Total RAM block bits                        ; 0                      ; 0                              ;
; Clock control block                         ; 2 / 24 ( 8 % )         ; 0 / 24 ( 0 % )                 ;
;                                             ;                        ;                                ;
; Connections                                 ;                        ;                                ;
;     -- Input Connections                    ; 0                      ; 0                              ;
;     -- Registered Input Connections         ; 0                      ; 0                              ;
;     -- Output Connections                   ; 0                      ; 0                              ;
;     -- Registered Output Connections        ; 0                      ; 0                              ;
;                                             ;                        ;                                ;
; Internal Connections                        ;                        ;                                ;
;     -- Total Connections                    ; 1321                   ; 5                              ;
;     -- Registered Connections               ; 125                    ; 0                              ;
;                                             ;                        ;                                ;
; External Connections                        ;                        ;                                ;
;     -- Top                                  ; 0                      ; 0                              ;
;     -- hard_block:auto_generated_inst       ; 0                      ; 0                              ;
;                                             ;                        ;                                ;
; Partition Interface                         ;                        ;                                ;
;     -- Input Ports                          ; 131                    ; 0                              ;
;     -- Output Ports                         ; 65                     ; 0                              ;
;     -- Bidir Ports                          ; 0                      ; 0                              ;
;                                             ;                        ;                                ;
; Registered Ports                            ;                        ;                                ;
;     -- Registered Input Ports               ; 0                      ; 0                              ;
;     -- Registered Output Ports              ; 0                      ; 0                              ;
;                                             ;                        ;                                ;
; Port Connectivity                           ;                        ;                                ;
;     -- Input Ports driven by GND            ; 0                      ; 0                              ;
;     -- Output Ports driven by GND           ; 0                      ; 0                              ;
;     -- Input Ports driven by VCC            ; 0                      ; 0                              ;
;     -- Output Ports driven by VCC           ; 0                      ; 0                              ;
;     -- Input Ports with no Source           ; 0                      ; 0                              ;
;     -- Output Ports with no Source          ; 0                      ; 0                              ;
;     -- Input Ports with no Fanout           ; 0                      ; 0                              ;
;     -- Output Ports with no Fanout          ; 0                      ; 0                              ;
+---------------------------------------------+------------------------+--------------------------------+


+----------------------------------------------------------------------------------------------------------------------------------------------------------------------------------------------------------------------------------------------------------------------------+
; Input Pins                                                                                                                                                                                                                                                                 ;
+-------+-------+----------+--------------+--------------+--------------+-----------------------+--------------------+--------+----------------+---------------+-----------------+----------+--------------+--------------+---------------------------+----------------------+
; Name  ; Pin # ; I/O Bank ; X coordinate ; Y coordinate ; Z coordinate ; Combinational Fan-Out ; Registered Fan-Out ; Global ; Input Register ; Power Up High ; PCI I/O Enabled ; Bus Hold ; Weak Pull Up ; I/O Standard ; Termination Control Block ; Location assigned by ;
+-------+-------+----------+--------------+--------------+--------------+-----------------------+--------------------+--------+----------------+---------------+-----------------+----------+--------------+--------------+---------------------------+----------------------+
; a[0]  ; AD19  ; 4        ; 94           ; 0            ; 0            ; 3                     ; 0                  ; no     ; no             ; no            ; yes             ; no       ; Off          ; 2.5 V        ; --                        ; Fitter               ;
; a[10] ; Y3    ; 2        ; 0            ; 24           ; 14           ; 5                     ; 0                  ; no     ; no             ; no            ; yes             ; no       ; Off          ; 2.5 V        ; --                        ; Fitter               ;
; a[11] ; AB1   ; 2        ; 0            ; 27           ; 21           ; 5                     ; 0                  ; no     ; no             ; no            ; yes             ; no       ; Off          ; 2.5 V        ; --                        ; Fitter               ;
; a[12] ; M1    ; 1        ; 0            ; 44           ; 21           ; 3                     ; 0                  ; no     ; no             ; no            ; yes             ; no       ; Off          ; 2.5 V        ; --                        ; Fitter               ;
; a[13] ; L2    ; 1        ; 0            ; 44           ; 0            ; 4                     ; 0                  ; no     ; no             ; no            ; yes             ; no       ; Off          ; 2.5 V        ; --                        ; Fitter               ;
; a[14] ; R1    ; 2        ; 0            ; 35           ; 7            ; 5                     ; 0                  ; no     ; no             ; no            ; yes             ; no       ; Off          ; 2.5 V        ; --                        ; Fitter               ;
; a[15] ; M2    ; 1        ; 0            ; 44           ; 14           ; 5                     ; 0                  ; no     ; no             ; no            ; yes             ; no       ; Off          ; 2.5 V        ; --                        ; Fitter               ;
; a[16] ; B4    ; 8        ; 7            ; 73           ; 21           ; 3                     ; 0                  ; no     ; no             ; no            ; yes             ; no       ; Off          ; 2.5 V        ; --                        ; Fitter               ;
; a[17] ; AH3   ; 3        ; 5            ; 0            ; 7            ; 3                     ; 0                  ; no     ; no             ; no            ; yes             ; no       ; Off          ; 2.5 V        ; --                        ; Fitter               ;
; a[18] ; AC4   ; 2        ; 0            ; 4            ; 0            ; 5                     ; 0                  ; no     ; no             ; no            ; yes             ; no       ; Off          ; 2.5 V        ; --                        ; Fitter               ;
; a[19] ; L3    ; 1        ; 0            ; 52           ; 14           ; 5                     ; 0                  ; no     ; no             ; no            ; yes             ; no       ; Off          ; 2.5 V        ; --                        ; Fitter               ;
; a[1]  ; AD18  ; 4        ; 85           ; 0            ; 7            ; 4                     ; 0                  ; no     ; no             ; no            ; yes             ; no       ; Off          ; 2.5 V        ; --                        ; Fitter               ;
; a[20] ; M4    ; 1        ; 0            ; 52           ; 21           ; 3                     ; 0                  ; no     ; no             ; no            ; yes             ; no       ; Off          ; 2.5 V        ; --                        ; Fitter               ;
; a[21] ; J6    ; 1        ; 0            ; 50           ; 14           ; 3                     ; 0                  ; no     ; no             ; no            ; yes             ; no       ; Off          ; 2.5 V        ; --                        ; Fitter               ;
; a[22] ; M3    ; 1        ; 0            ; 51           ; 14           ; 5                     ; 0                  ; no     ; no             ; no            ; yes             ; no       ; Off          ; 2.5 V        ; --                        ; Fitter               ;
; a[23] ; AF5   ; 3        ; 5            ; 0            ; 14           ; 5                     ; 0                  ; no     ; no             ; no            ; yes             ; no       ; Off          ; 2.5 V        ; --                        ; Fitter               ;
; a[24] ; R4    ; 2        ; 0            ; 33           ; 14           ; 3                     ; 0                  ; no     ; no             ; no            ; yes             ; no       ; Off          ; 2.5 V        ; --                        ; Fitter               ;
; a[25] ; R3    ; 2        ; 0            ; 34           ; 21           ; 4                     ; 0                  ; no     ; no             ; no            ; yes             ; no       ; Off          ; 2.5 V        ; --                        ; Fitter               ;
; a[26] ; T4    ; 2        ; 0            ; 33           ; 21           ; 5                     ; 0                  ; no     ; no             ; no            ; yes             ; no       ; Off          ; 2.5 V        ; --                        ; Fitter               ;
; a[27] ; AD4   ; 3        ; 1            ; 0            ; 7            ; 5                     ; 0                  ; no     ; no             ; no            ; yes             ; no       ; Off          ; 2.5 V        ; --                        ; Fitter               ;
; a[28] ; Y6    ; 2        ; 0            ; 13           ; 7            ; 2                     ; 0                  ; no     ; no             ; no            ; yes             ; no       ; Off          ; 2.5 V        ; --                        ; Fitter               ;
; a[29] ; AE2   ; 2        ; 0            ; 17           ; 14           ; 4                     ; 0                  ; no     ; no             ; no            ; yes             ; no       ; Off          ; 2.5 V        ; --                        ; Fitter               ;
; a[2]  ; AE25  ; 4        ; 89           ; 0            ; 7            ; 5                     ; 0                  ; no     ; no             ; no            ; yes             ; no       ; Off          ; 2.5 V        ; --                        ; Fitter               ;
; a[30] ; V5    ; 2        ; 0            ; 15           ; 14           ; 5                     ; 0                  ; no     ; no             ; no            ; yes             ; no       ; Off          ; 2.5 V        ; --                        ; Fitter               ;
; a[31] ; W7    ; 2        ; 0            ; 12           ; 21           ; 5                     ; 0                  ; no     ; no             ; no            ; yes             ; no       ; Off          ; 2.5 V        ; --                        ; Fitter               ;
; a[32] ; AH23  ; 4        ; 81           ; 0            ; 14           ; 5                     ; 0                  ; no     ; no             ; no            ; yes             ; no       ; Off          ; 2.5 V        ; --                        ; Fitter               ;
; a[33] ; AE21  ; 4        ; 85           ; 0            ; 0            ; 5                     ; 0                  ; no     ; no             ; no            ; yes             ; no       ; Off          ; 2.5 V        ; --                        ; Fitter               ;
; a[34] ; AH22  ; 4        ; 79           ; 0            ; 0            ; 3                     ; 0                  ; no     ; no             ; no            ; yes             ; no       ; Off          ; 2.5 V        ; --                        ; Fitter               ;
; a[35] ; AE18  ; 4        ; 79           ; 0            ; 21           ; 3                     ; 0                  ; no     ; no             ; no            ; yes             ; no       ; Off          ; 2.5 V        ; --                        ; Fitter               ;
; a[36] ; AC19  ; 4        ; 94           ; 0            ; 7            ; 5                     ; 0                  ; no     ; no             ; no            ; yes             ; no       ; Off          ; 2.5 V        ; --                        ; Fitter               ;
; a[37] ; AE19  ; 4        ; 83           ; 0            ; 21           ; 5                     ; 0                  ; no     ; no             ; no            ; yes             ; no       ; Off          ; 2.5 V        ; --                        ; Fitter               ;
; a[38] ; AF21  ; 4        ; 87           ; 0            ; 21           ; 3                     ; 0                  ; no     ; no             ; no            ; yes             ; no       ; Off          ; 2.5 V        ; --                        ; Fitter               ;
; a[39] ; AC17  ; 4        ; 74           ; 0            ; 21           ; 3                     ; 0                  ; no     ; no             ; no            ; yes             ; no       ; Off          ; 2.5 V        ; --                        ; Fitter               ;
; a[3]  ; AG14  ; 3        ; 58           ; 0            ; 21           ; 5                     ; 0                  ; no     ; no             ; no            ; yes             ; no       ; Off          ; 2.5 V        ; --                        ; Fitter               ;
; a[40] ; AF15  ; 4        ; 60           ; 0            ; 0            ; 5                     ; 0                  ; no     ; no             ; no            ; yes             ; no       ; Off          ; 2.5 V        ; --                        ; Fitter               ;
; a[41] ; AF16  ; 4        ; 65           ; 0            ; 14           ; 5                     ; 0                  ; no     ; no             ; no            ; yes             ; no       ; Off          ; 2.5 V        ; --                        ; Fitter               ;
; a[42] ; AB16  ; 4        ; 65           ; 0            ; 0            ; 4                     ; 0                  ; no     ; no             ; no            ; yes             ; no       ; Off          ; 2.5 V        ; --                        ; Fitter               ;
; a[43] ; AG19  ; 4        ; 72           ; 0            ; 7            ; 3                     ; 0                  ; no     ; no             ; no            ; yes             ; no       ; Off          ; 2.5 V        ; --                        ; Fitter               ;
; a[44] ; AB14  ; 3        ; 54           ; 0            ; 14           ; 5                     ; 0                  ; no     ; no             ; no            ; yes             ; no       ; Off          ; 2.5 V        ; --                        ; Fitter               ;
; a[45] ; AA12  ; 3        ; 52           ; 0            ; 14           ; 5                     ; 0                  ; no     ; no             ; no            ; yes             ; no       ; Off          ; 2.5 V        ; --                        ; Fitter               ;
; a[46] ; AD15  ; 4        ; 60           ; 0            ; 14           ; 3                     ; 0                  ; no     ; no             ; no            ; yes             ; no       ; Off          ; 2.5 V        ; --                        ; Fitter               ;
; a[47] ; AC14  ; 3        ; 56           ; 0            ; 21           ; 3                     ; 0                  ; no     ; no             ; no            ; yes             ; no       ; Off          ; 2.5 V        ; --                        ; Fitter               ;
; a[48] ; AA15  ; 4        ; 67           ; 0            ; 21           ; 5                     ; 0                  ; no     ; no             ; no            ; yes             ; no       ; Off          ; 2.5 V        ; --                        ; Fitter               ;
; a[49] ; AE17  ; 4        ; 67           ; 0            ; 7            ; 5                     ; 0                  ; no     ; no             ; no            ; yes             ; no       ; Off          ; 2.5 V        ; --                        ; Fitter               ;
; a[4]  ; W1    ; 2        ; 0            ; 25           ; 14           ; 3                     ; 0                  ; no     ; no             ; no            ; yes             ; no       ; Off          ; 2.5 V        ; --                        ; Fitter               ;
; a[50] ; A17   ; 7        ; 60           ; 73           ; 0            ; 4                     ; 0                  ; no     ; no             ; no            ; yes             ; no       ; Off          ; 2.5 V        ; --                        ; Fitter               ;
; a[51] ; AF17  ; 4        ; 67           ; 0            ; 0            ; 3                     ; 0                  ; no     ; no             ; no            ; yes             ; no       ; Off          ; 2.5 V        ; --                        ; Fitter               ;
; a[52] ; AB24  ; 5        ; 115          ; 5            ; 14           ; 5                     ; 0                  ; no     ; no             ; no            ; yes             ; no       ; Off          ; 2.5 V        ; --                        ; Fitter               ;
; a[53] ; AB13  ; 3        ; 47           ; 0            ; 7            ; 5                     ; 0                  ; no     ; no             ; no            ; yes             ; no       ; Off          ; 2.5 V        ; --                        ; Fitter               ;
; a[54] ; AH12  ; 3        ; 54           ; 0            ; 0            ; 4                     ; 0                  ; no     ; no             ; no            ; yes             ; no       ; Off          ; 2.5 V        ; --                        ; Fitter               ;
; a[55] ; AC11  ; 3        ; 49           ; 0            ; 7            ; 3                     ; 0                  ; no     ; no             ; no            ; yes             ; no       ; Off          ; 2.5 V        ; --                        ; Fitter               ;
; a[56] ; AH11  ; 3        ; 40           ; 0            ; 14           ; 5                     ; 0                  ; no     ; no             ; no            ; yes             ; no       ; Off          ; 2.5 V        ; --                        ; Fitter               ;
; a[57] ; AG11  ; 3        ; 40           ; 0            ; 21           ; 5                     ; 0                  ; no     ; no             ; no            ; yes             ; no       ; Off          ; 2.5 V        ; --                        ; Fitter               ;
; a[58] ; AE13  ; 3        ; 42           ; 0            ; 21           ; 3                     ; 0                  ; no     ; no             ; no            ; yes             ; no       ; Off          ; 2.5 V        ; --                        ; Fitter               ;
; a[59] ; AC12  ; 3        ; 45           ; 0            ; 21           ; 3                     ; 0                  ; no     ; no             ; no            ; yes             ; no       ; Off          ; 2.5 V        ; --                        ; Fitter               ;
; a[5]  ; AD2   ; 2        ; 0            ; 22           ; 21           ; 3                     ; 0                  ; no     ; no             ; no            ; yes             ; no       ; Off          ; 2.5 V        ; --                        ; Fitter               ;
; a[60] ; AE7   ; 3        ; 20           ; 0            ; 14           ; 5                     ; 0                  ; no     ; no             ; no            ; yes             ; no       ; Off          ; 2.5 V        ; --                        ; Fitter               ;
; a[61] ; AG10  ; 3        ; 31           ; 0            ; 7            ; 5                     ; 0                  ; no     ; no             ; no            ; yes             ; no       ; Off          ; 2.5 V        ; --                        ; Fitter               ;
; a[62] ; AE10  ; 3        ; 29           ; 0            ; 21           ; 4                     ; 0                  ; no     ; no             ; no            ; yes             ; no       ; Off          ; 2.5 V        ; --                        ; Fitter               ;
; a[63] ; AH8   ; 3        ; 20           ; 0            ; 21           ; 3                     ; 0                  ; no     ; no             ; no            ; yes             ; no       ; Off          ; 2.5 V        ; --                        ; Fitter               ;
; a[6]  ; Y1    ; 2        ; 0            ; 36           ; 21           ; 5                     ; 0                  ; no     ; no             ; no            ; yes             ; no       ; Off          ; 2.5 V        ; --                        ; Fitter               ;
; a[7]  ; U5    ; 2        ; 0            ; 24           ; 0            ; 5                     ; 0                  ; no     ; no             ; no            ; yes             ; no       ; Off          ; 2.5 V        ; --                        ; Fitter               ;
; a[8]  ; AD3   ; 2        ; 0            ; 22           ; 14           ; 3                     ; 0                  ; no     ; no             ; no            ; yes             ; no       ; Off          ; 2.5 V        ; --                        ; Fitter               ;
; a[9]  ; U1    ; 2        ; 0            ; 30           ; 7            ; 4                     ; 0                  ; no     ; no             ; no            ; yes             ; no       ; Off          ; 2.5 V        ; --                        ; Fitter               ;
; b[0]  ; AA4   ; 2        ; 0            ; 19           ; 0            ; 5                     ; 0                  ; no     ; no             ; no            ; yes             ; no       ; Off          ; 2.5 V        ; --                        ; Fitter               ;
; b[10] ; C4    ; 8        ; 3            ; 73           ; 21           ; 3                     ; 0                  ; no     ; no             ; no            ; yes             ; no       ; Off          ; 2.5 V        ; --                        ; Fitter               ;
; b[11] ; C5    ; 8        ; 3            ; 73           ; 7            ; 3                     ; 0                  ; no     ; no             ; no            ; yes             ; no       ; Off          ; 2.5 V        ; --                        ; Fitter               ;
; b[12] ; B3    ; 8        ; 5            ; 73           ; 0            ; 5                     ; 0                  ; no     ; no             ; no            ; yes             ; no       ; Off          ; 2.5 V        ; --                        ; Fitter               ;
; b[13] ; K4    ; 1        ; 0            ; 53           ; 0            ; 5                     ; 0                  ; no     ; no             ; no            ; yes             ; no       ; Off          ; 2.5 V        ; --                        ; Fitter               ;
; b[14] ; L5    ; 1        ; 0            ; 58           ; 14           ; 3                     ; 0                  ; no     ; no             ; no            ; yes             ; no       ; Off          ; 2.5 V        ; --                        ; Fitter               ;
; b[15] ; K3    ; 1        ; 0            ; 53           ; 7            ; 3                     ; 0                  ; no     ; no             ; no            ; yes             ; no       ; Off          ; 2.5 V        ; --                        ; Fitter               ;
; b[16] ; U3    ; 2        ; 0            ; 34           ; 7            ; 5                     ; 0                  ; no     ; no             ; no            ; yes             ; no       ; Off          ; 2.5 V        ; --                        ; Fitter               ;
; b[17] ; N8    ; 1        ; 0            ; 42           ; 7            ; 5                     ; 0                  ; no     ; no             ; no            ; yes             ; no       ; Off          ; 2.5 V        ; --                        ; Fitter               ;
; b[18] ; R7    ; 2        ; 0            ; 35           ; 14           ; 4                     ; 0                  ; no     ; no             ; no            ; yes             ; no       ; Off          ; 2.5 V        ; --                        ; Fitter               ;
; b[19] ; R6    ; 2        ; 0            ; 34           ; 0            ; 3                     ; 0                  ; no     ; no             ; no            ; yes             ; no       ; Off          ; 2.5 V        ; --                        ; Fitter               ;
; b[1]  ; AA3   ; 2        ; 0            ; 19           ; 7            ; 5                     ; 0                  ; no     ; no             ; no            ; yes             ; no       ; Off          ; 2.5 V        ; --                        ; Fitter               ;
; b[20] ; AF4   ; 3        ; 1            ; 0            ; 0            ; 5                     ; 0                  ; no     ; no             ; no            ; yes             ; no       ; Off          ; 2.5 V        ; --                        ; Fitter               ;
; b[21] ; Y4    ; 2        ; 0            ; 24           ; 7            ; 5                     ; 0                  ; no     ; no             ; no            ; yes             ; no       ; Off          ; 2.5 V        ; --                        ; Fitter               ;
; b[22] ; AD1   ; 2        ; 0            ; 21           ; 14           ; 4                     ; 0                  ; no     ; no             ; no            ; yes             ; no       ; Off          ; 2.5 V        ; --                        ; Fitter               ;
; b[23] ; AC1   ; 2        ; 0            ; 23           ; 14           ; 3                     ; 0                  ; no     ; no             ; no            ; yes             ; no       ; Off          ; 2.5 V        ; --                        ; Fitter               ;
; b[24] ; V2    ; 2        ; 0            ; 28           ; 14           ; 5                     ; 0                  ; no     ; no             ; no            ; yes             ; no       ; Off          ; 2.5 V        ; --                        ; Fitter               ;
; b[25] ; AC7   ; 3        ; 9            ; 0            ; 0            ; 5                     ; 0                  ; no     ; no             ; no            ; yes             ; no       ; Off          ; 2.5 V        ; --                        ; Fitter               ;
; b[26] ; V1    ; 2        ; 0            ; 28           ; 21           ; 3                     ; 0                  ; no     ; no             ; no            ; yes             ; no       ; Off          ; 2.5 V        ; --                        ; Fitter               ;
; b[27] ; AB3   ; 2        ; 0            ; 21           ; 21           ; 3                     ; 0                  ; no     ; no             ; no            ; yes             ; no       ; Off          ; 2.5 V        ; --                        ; Fitter               ;
; b[28] ; AH14  ; 3        ; 58           ; 0            ; 14           ; 5                     ; 0                  ; no     ; no             ; no            ; yes             ; no       ; Off          ; 2.5 V        ; --                        ; Fitter               ;
; b[29] ; AE20  ; 4        ; 85           ; 0            ; 21           ; 5                     ; 0                  ; no     ; no             ; no            ; yes             ; no       ; Off          ; 2.5 V        ; --                        ; Fitter               ;
; b[2]  ; U8    ; 2        ; 0            ; 18           ; 21           ; 4                     ; 0                  ; no     ; no             ; no            ; yes             ; no       ; Off          ; 2.5 V        ; --                        ; Fitter               ;
; b[30] ; AH25  ; 4        ; 91           ; 0            ; 14           ; 4                     ; 0                  ; no     ; no             ; no            ; yes             ; no       ; Off          ; 2.5 V        ; --                        ; Fitter               ;
; b[31] ; AF25  ; 4        ; 83           ; 0            ; 0            ; 3                     ; 0                  ; no     ; no             ; no            ; yes             ; no       ; Off          ; 2.5 V        ; --                        ; Fitter               ;
; b[32] ; AG22  ; 4        ; 79           ; 0            ; 7            ; 5                     ; 0                  ; no     ; no             ; no            ; yes             ; no       ; Off          ; 2.5 V        ; --                        ; Fitter               ;
; b[33] ; AC28  ; 5        ; 115          ; 14           ; 0            ; 5                     ; 0                  ; no     ; no             ; no            ; yes             ; no       ; Off          ; 2.5 V        ; --                        ; Fitter               ;
; b[34] ; AD28  ; 5        ; 115          ; 12           ; 0            ; 3                     ; 0                  ; no     ; no             ; no            ; yes             ; no       ; Off          ; 2.5 V        ; --                        ; Fitter               ;
; b[35] ; AF18  ; 4        ; 79           ; 0            ; 14           ; 3                     ; 0                  ; no     ; no             ; no            ; yes             ; no       ; Off          ; 2.5 V        ; --                        ; Fitter               ;
; b[36] ; G17   ; 7        ; 83           ; 73           ; 21           ; 5                     ; 0                  ; no     ; no             ; no            ; yes             ; no       ; Off          ; 2.5 V        ; --                        ; Fitter               ;
; b[37] ; AB17  ; 4        ; 89           ; 0            ; 14           ; 5                     ; 0                  ; no     ; no             ; no            ; yes             ; no       ; Off          ; 2.5 V        ; --                        ; Fitter               ;
; b[38] ; C19   ; 7        ; 83           ; 73           ; 7            ; 3                     ; 0                  ; no     ; no             ; no            ; yes             ; no       ; Off          ; 2.5 V        ; --                        ; Fitter               ;
; b[39] ; AB26  ; 5        ; 115          ; 15           ; 0            ; 3                     ; 0                  ; no     ; no             ; no            ; yes             ; no       ; Off          ; 2.5 V        ; --                        ; Fitter               ;
; b[3]  ; U7    ; 2        ; 0            ; 18           ; 14           ; 2                     ; 0                  ; no     ; no             ; no            ; yes             ; no       ; Off          ; 2.5 V        ; --                        ; Fitter               ;
; b[40] ; AC25  ; 5        ; 115          ; 4            ; 21           ; 5                     ; 0                  ; no     ; no             ; no            ; yes             ; no       ; Off          ; 2.5 V        ; --                        ; Fitter               ;
; b[41] ; Y14   ; 3        ; 56           ; 0            ; 7            ; 5                     ; 0                  ; no     ; no             ; no            ; yes             ; no       ; Off          ; 2.5 V        ; --                        ; Fitter               ;
; b[42] ; AG18  ; 4        ; 69           ; 0            ; 7            ; 4                     ; 0                  ; no     ; no             ; no            ; yes             ; no       ; Off          ; 2.5 V        ; --                        ; Fitter               ;
; b[43] ; AC15  ; 4        ; 60           ; 0            ; 21           ; 3                     ; 0                  ; no     ; no             ; no            ; yes             ; no       ; Off          ; 2.5 V        ; --                        ; Fitter               ;
; b[44] ; AD14  ; 3        ; 56           ; 0            ; 14           ; 5                     ; 0                  ; no     ; no             ; no            ; yes             ; no       ; Off          ; 2.5 V        ; --                        ; Fitter               ;
; b[45] ; AE15  ; 4        ; 60           ; 0            ; 7            ; 5                     ; 0                  ; no     ; no             ; no            ; yes             ; no       ; Off          ; 2.5 V        ; --                        ; Fitter               ;
; b[46] ; Y13   ; 3        ; 52           ; 0            ; 7            ; 3                     ; 0                  ; no     ; no             ; no            ; yes             ; no       ; Off          ; 2.5 V        ; --                        ; Fitter               ;
; b[47] ; D13   ; 8        ; 54           ; 73           ; 7            ; 3                     ; 0                  ; no     ; no             ; no            ; yes             ; no       ; Off          ; 2.5 V        ; --                        ; Fitter               ;
; b[48] ; AE16  ; 4        ; 65           ; 0            ; 21           ; 5                     ; 0                  ; no     ; no             ; no            ; yes             ; no       ; Off          ; 2.5 V        ; --                        ; Fitter               ;
; b[49] ; AB15  ; 4        ; 67           ; 0            ; 14           ; 5                     ; 0                  ; no     ; no             ; no            ; yes             ; no       ; Off          ; 2.5 V        ; --                        ; Fitter               ;
; b[4]  ; L1    ; 1        ; 0            ; 44           ; 7            ; 5                     ; 0                  ; no     ; no             ; no            ; yes             ; no       ; Off          ; 2.5 V        ; --                        ; Fitter               ;
; b[50] ; AA16  ; 4        ; 65           ; 0            ; 7            ; 4                     ; 0                  ; no     ; no             ; no            ; yes             ; no       ; Off          ; 2.5 V        ; --                        ; Fitter               ;
; b[51] ; G15   ; 7        ; 65           ; 73           ; 7            ; 3                     ; 0                  ; no     ; no             ; no            ; yes             ; no       ; Off          ; 2.5 V        ; --                        ; Fitter               ;
; b[52] ; AB12  ; 3        ; 45           ; 0            ; 14           ; 5                     ; 0                  ; no     ; no             ; no            ; yes             ; no       ; Off          ; 2.5 V        ; --                        ; Fitter               ;
; b[53] ; AF14  ; 3        ; 49           ; 0            ; 14           ; 5                     ; 0                  ; no     ; no             ; no            ; yes             ; no       ; Off          ; 2.5 V        ; --                        ; Fitter               ;
; b[54] ; E14   ; 8        ; 45           ; 73           ; 7            ; 4                     ; 0                  ; no     ; no             ; no            ; yes             ; no       ; Off          ; 2.5 V        ; --                        ; Fitter               ;
; b[55] ; AA13  ; 3        ; 52           ; 0            ; 0            ; 3                     ; 0                  ; no     ; no             ; no            ; yes             ; no       ; Off          ; 2.5 V        ; --                        ; Fitter               ;
; b[56] ; AB5   ; 2        ; 0            ; 4            ; 21           ; 5                     ; 0                  ; no     ; no             ; no            ; yes             ; no       ; Off          ; 2.5 V        ; --                        ; Fitter               ;
; b[57] ; AD12  ; 3        ; 47           ; 0            ; 0            ; 5                     ; 0                  ; no     ; no             ; no            ; yes             ; no       ; Off          ; 2.5 V        ; --                        ; Fitter               ;
; b[58] ; AC10  ; 3        ; 38           ; 0            ; 0            ; 3                     ; 0                  ; no     ; no             ; no            ; yes             ; no       ; Off          ; 2.5 V        ; --                        ; Fitter               ;
; b[59] ; AF11  ; 3        ; 35           ; 0            ; 14           ; 3                     ; 0                  ; no     ; no             ; no            ; yes             ; no       ; Off          ; 2.5 V        ; --                        ; Fitter               ;
; b[5]  ; R5    ; 2        ; 0            ; 32           ; 21           ; 5                     ; 0                  ; no     ; no             ; no            ; yes             ; no       ; Off          ; 2.5 V        ; --                        ; Fitter               ;
; b[60] ; AB11  ; 3        ; 27           ; 0            ; 7            ; 5                     ; 0                  ; no     ; no             ; no            ; yes             ; no       ; Off          ; 2.5 V        ; --                        ; Fitter               ;
; b[61] ; B7    ; 8        ; 29           ; 73           ; 7            ; 5                     ; 0                  ; no     ; no             ; no            ; yes             ; no       ; Off          ; 2.5 V        ; --                        ; Fitter               ;
; b[62] ; A7    ; 8        ; 29           ; 73           ; 0            ; 4                     ; 0                  ; no     ; no             ; no            ; yes             ; no       ; Off          ; 2.5 V        ; --                        ; Fitter               ;
; b[63] ; AH10  ; 3        ; 31           ; 0            ; 0            ; 3                     ; 0                  ; no     ; no             ; no            ; yes             ; no       ; Off          ; 2.5 V        ; --                        ; Fitter               ;
; b[6]  ; AE6   ; 3        ; 1            ; 0            ; 14           ; 4                     ; 0                  ; no     ; no             ; no            ; yes             ; no       ; Off          ; 2.5 V        ; --                        ; Fitter               ;
; b[7]  ; AG3   ; 3        ; 3            ; 0            ; 14           ; 3                     ; 0                  ; no     ; no             ; no            ; yes             ; no       ; Off          ; 2.5 V        ; --                        ; Fitter               ;
; b[8]  ; G2    ; 1        ; 0            ; 55           ; 7            ; 5                     ; 0                  ; no     ; no             ; no            ; yes             ; no       ; Off          ; 2.5 V        ; --                        ; Fitter               ;
; b[9]  ; L4    ; 1        ; 0            ; 52           ; 0            ; 5                     ; 0                  ; no     ; no             ; no            ; yes             ; no       ; Off          ; 2.5 V        ; --                        ; Fitter               ;
; c0    ; Y7    ; 2        ; 0            ; 11           ; 21           ; 4                     ; 0                  ; no     ; no             ; no            ; yes             ; no       ; Off          ; 2.5 V        ; --                        ; Fitter               ;
; cclr  ; Y2    ; 2        ; 0            ; 36           ; 14           ; 80                    ; 0                  ; yes    ; no             ; no            ; yes             ; no       ; Off          ; 2.5 V        ; --                        ; Fitter               ;
; clock ; J1    ; 1        ; 0            ; 36           ; 7            ; 80                    ; 0                  ; yes    ; no             ; no            ; yes             ; no       ; Off          ; 2.5 V        ; --                        ; Fitter               ;
+-------+-------+----------+--------------+--------------+--------------+-----------------------+--------------------+--------+----------------+---------------+-----------------+----------+--------------+--------------+---------------------------+----------------------+


+------------------------------------------------------------------------------------------------------------------------------------------------------------------------------------------------------------------------------------------------------------------------------------------------------------------------------------------------------------------------------------------------------------------------------------------------------------------+
; Output Pins                                                                                                                                                                                                                                                                                                                                                                                                                                                      ;
+----------+-------+----------+--------------+--------------+--------------+-----------------+------------------------+---------------+-----------+-----------------+------------+---------------+----------+--------------+--------------+------------------+-----------------------------------+---------------------------+----------------------------+-----------------------------+----------------------+------+----------------------+---------------------+
; Name     ; Pin # ; I/O Bank ; X coordinate ; Y coordinate ; Z coordinate ; Output Register ; Output Enable Register ; Power Up High ; Slew Rate ; PCI I/O Enabled ; Open Drain ; TRI Primitive ; Bus Hold ; Weak Pull Up ; I/O Standard ; Current Strength ; Termination                       ; Termination Control Block ; Output Buffer Pre-emphasis ; Voltage Output Differential ; Location assigned by ; Load ; Output Enable Source ; Output Enable Group ;
+----------+-------+----------+--------------+--------------+--------------+-----------------+------------------------+---------------+-----------+-----------------+------------+---------------+----------+--------------+--------------+------------------+-----------------------------------+---------------------------+----------------------------+-----------------------------+----------------------+------+----------------------+---------------------+
; overflow ; AE8   ; 3        ; 23           ; 0            ; 21           ; no              ; no                     ; no            ; 2         ; no              ; no         ; no            ; no       ; Off          ; 2.5 V        ; Default          ; Series 50 Ohm without Calibration ; --                        ; no                         ; no                          ; Fitter               ; 0 pF ; -                    ; -                   ;
; sum[0]   ; V6    ; 2        ; 0            ; 16           ; 21           ; no              ; no                     ; no            ; 2         ; no              ; no         ; no            ; no       ; Off          ; 2.5 V        ; Default          ; Series 50 Ohm without Calibration ; --                        ; no                         ; no                          ; Fitter               ; 0 pF ; -                    ; -                   ;
; sum[10]  ; T7    ; 2        ; 0            ; 31           ; 14           ; no              ; no                     ; no            ; 2         ; no              ; no         ; no            ; no       ; Off          ; 2.5 V        ; Default          ; Series 50 Ohm without Calibration ; --                        ; no                         ; no                          ; Fitter               ; 0 pF ; -                    ; -                   ;
; sum[11]  ; AD7   ; 3        ; 3            ; 0            ; 0            ; no              ; no                     ; no            ; 2         ; no              ; no         ; no            ; no       ; Off          ; 2.5 V        ; Default          ; Series 50 Ohm without Calibration ; --                        ; no                         ; no                          ; Fitter               ; 0 pF ; -                    ; -                   ;
; sum[12]  ; A8    ; 8        ; 18           ; 73           ; 21           ; no              ; no                     ; no            ; 2         ; no              ; no         ; no            ; no       ; Off          ; 2.5 V        ; Default          ; Series 50 Ohm without Calibration ; --                        ; no                         ; no                          ; Fitter               ; 0 pF ; -                    ; -                   ;
; sum[13]  ; K2    ; 1        ; 0            ; 55           ; 21           ; no              ; no                     ; no            ; 2         ; no              ; no         ; no            ; no       ; Off          ; 2.5 V        ; Default          ; Series 50 Ohm without Calibration ; --                        ; no                         ; no                          ; Fitter               ; 0 pF ; -                    ; -                   ;
; sum[14]  ; AF6   ; 3        ; 7            ; 0            ; 14           ; no              ; no                     ; no            ; 2         ; no              ; no         ; no            ; no       ; Off          ; 2.5 V        ; Default          ; Series 50 Ohm without Calibration ; --                        ; no                         ; no                          ; Fitter               ; 0 pF ; -                    ; -                   ;
; sum[15]  ; J5    ; 1        ; 0            ; 50           ; 21           ; no              ; no                     ; no            ; 2         ; no              ; no         ; no            ; no       ; Off          ; 2.5 V        ; Default          ; Series 50 Ohm without Calibration ; --                        ; no                         ; no                          ; Fitter               ; 0 pF ; -                    ; -                   ;
; sum[16]  ; P2    ; 1        ; 0            ; 43           ; 14           ; no              ; no                     ; no            ; 2         ; no              ; no         ; no            ; no       ; Off          ; 2.5 V        ; Default          ; Series 50 Ohm without Calibration ; --                        ; no                         ; no                          ; Fitter               ; 0 pF ; -                    ; -                   ;
; sum[17]  ; W3    ; 2        ; 0            ; 13           ; 0            ; no              ; no                     ; no            ; 2         ; no              ; no         ; no            ; no       ; Off          ; 2.5 V        ; Default          ; Series 50 Ohm without Calibration ; --                        ; no                         ; no                          ; Fitter               ; 0 pF ; -                    ; -                   ;
; sum[18]  ; P1    ; 1        ; 0            ; 42           ; 0            ; no              ; no                     ; no            ; 2         ; no              ; no         ; no            ; no       ; Off          ; 2.5 V        ; Default          ; Series 50 Ohm without Calibration ; --                        ; no                         ; no                          ; Fitter               ; 0 pF ; -                    ; -                   ;
; sum[19]  ; R2    ; 2        ; 0            ; 35           ; 0            ; no              ; no                     ; no            ; 2         ; no              ; no         ; no            ; no       ; Off          ; 2.5 V        ; Default          ; Series 50 Ohm without Calibration ; --                        ; no                         ; no                          ; Fitter               ; 0 pF ; -                    ; -                   ;
; sum[1]   ; AE1   ; 2        ; 0            ; 16           ; 14           ; no              ; no                     ; no            ; 2         ; no              ; no         ; no            ; no       ; Off          ; 2.5 V        ; Default          ; Series 50 Ohm without Calibration ; --                        ; no                         ; no                          ; Fitter               ; 0 pF ; -                    ; -                   ;
; sum[20]  ; U4    ; 2        ; 0            ; 34           ; 14           ; no              ; no                     ; no            ; 2         ; no              ; no         ; no            ; no       ; Off          ; 2.5 V        ; Default          ; Series 50 Ohm without Calibration ; --                        ; no                         ; no                          ; Fitter               ; 0 pF ; -                    ; -                   ;
; sum[21]  ; AC3   ; 2        ; 0            ; 23           ; 21           ; no              ; no                     ; no            ; 2         ; no              ; no         ; no            ; no       ; Off          ; 2.5 V        ; Default          ; Series 50 Ohm without Calibration ; --                        ; no                         ; no                          ; Fitter               ; 0 pF ; -                    ; -                   ;
; sum[22]  ; U6    ; 2        ; 0            ; 25           ; 21           ; no              ; no                     ; no            ; 2         ; no              ; no         ; no            ; no       ; Off          ; 2.5 V        ; Default          ; Series 50 Ohm without Calibration ; --                        ; no                         ; no                          ; Fitter               ; 0 pF ; -                    ; -                   ;
; sum[23]  ; AC2   ; 2        ; 0            ; 24           ; 21           ; no              ; no                     ; no            ; 2         ; no              ; no         ; no            ; no       ; Off          ; 2.5 V        ; Default          ; Series 50 Ohm without Calibration ; --                        ; no                         ; no                          ; Fitter               ; 0 pF ; -                    ; -                   ;
; sum[24]  ; V4    ; 2        ; 0            ; 29           ; 14           ; no              ; no                     ; no            ; 2         ; no              ; no         ; no            ; no       ; Off          ; 2.5 V        ; Default          ; Series 50 Ohm without Calibration ; --                        ; no                         ; no                          ; Fitter               ; 0 pF ; -                    ; -                   ;
; sum[25]  ; W2    ; 2        ; 0            ; 26           ; 14           ; no              ; no                     ; no            ; 2         ; no              ; no         ; no            ; no       ; Off          ; 2.5 V        ; Default          ; Series 50 Ohm without Calibration ; --                        ; no                         ; no                          ; Fitter               ; 0 pF ; -                    ; -                   ;
; sum[26]  ; AB2   ; 2        ; 0            ; 27           ; 14           ; no              ; no                     ; no            ; 2         ; no              ; no         ; no            ; no       ; Off          ; 2.5 V        ; Default          ; Series 50 Ohm without Calibration ; --                        ; no                         ; no                          ; Fitter               ; 0 pF ; -                    ; -                   ;
; sum[27]  ; T8    ; 2        ; 0            ; 20           ; 14           ; no              ; no                     ; no            ; 2         ; no              ; no         ; no            ; no       ; Off          ; 2.5 V        ; Default          ; Series 50 Ohm without Calibration ; --                        ; no                         ; no                          ; Fitter               ; 0 pF ; -                    ; -                   ;
; sum[28]  ; AC18  ; 4        ; 87           ; 0            ; 14           ; no              ; no                     ; no            ; 2         ; no              ; no         ; no            ; no       ; Off          ; 2.5 V        ; Default          ; Series 50 Ohm without Calibration ; --                        ; no                         ; no                          ; Fitter               ; 0 pF ; -                    ; -                   ;
; sum[29]  ; AF24  ; 4        ; 83           ; 0            ; 7            ; no              ; no                     ; no            ; 2         ; no              ; no         ; no            ; no       ; Off          ; 2.5 V        ; Default          ; Series 50 Ohm without Calibration ; --                        ; no                         ; no                          ; Fitter               ; 0 pF ; -                    ; -                   ;
; sum[2]   ; V8    ; 2        ; 0            ; 15           ; 21           ; no              ; no                     ; no            ; 2         ; no              ; no         ; no            ; no       ; Off          ; 2.5 V        ; Default          ; Series 50 Ohm without Calibration ; --                        ; no                         ; no                          ; Fitter               ; 0 pF ; -                    ; -                   ;
; sum[30]  ; AF20  ; 4        ; 85           ; 0            ; 14           ; no              ; no                     ; no            ; 2         ; no              ; no         ; no            ; no       ; Off          ; 2.5 V        ; Default          ; Series 50 Ohm without Calibration ; --                        ; no                         ; no                          ; Fitter               ; 0 pF ; -                    ; -                   ;
; sum[31]  ; AF26  ; 4        ; 89           ; 0            ; 0            ; no              ; no                     ; no            ; 2         ; no              ; no         ; no            ; no       ; Off          ; 2.5 V        ; Default          ; Series 50 Ohm without Calibration ; --                        ; no                         ; no                          ; Fitter               ; 0 pF ; -                    ; -                   ;
; sum[32]  ; AG23  ; 4        ; 81           ; 0            ; 21           ; no              ; no                     ; no            ; 2         ; no              ; no         ; no            ; no       ; Off          ; 2.5 V        ; Default          ; Series 50 Ohm without Calibration ; --                        ; no                         ; no                          ; Fitter               ; 0 pF ; -                    ; -                   ;
; sum[33]  ; A19   ; 7        ; 81           ; 73           ; 14           ; no              ; no                     ; no            ; 2         ; no              ; no         ; no            ; no       ; Off          ; 2.5 V        ; Default          ; Series 50 Ohm without Calibration ; --                        ; no                         ; no                          ; Fitter               ; 0 pF ; -                    ; -                   ;
; sum[34]  ; AA17  ; 4        ; 89           ; 0            ; 21           ; no              ; no                     ; no            ; 2         ; no              ; no         ; no            ; no       ; Off          ; 2.5 V        ; Default          ; Series 50 Ohm without Calibration ; --                        ; no                         ; no                          ; Fitter               ; 0 pF ; -                    ; -                   ;
; sum[35]  ; AE27  ; 5        ; 115          ; 12           ; 7            ; no              ; no                     ; no            ; 2         ; no              ; no         ; no            ; no       ; Off          ; 2.5 V        ; Default          ; Series 50 Ohm without Calibration ; --                        ; no                         ; no                          ; Fitter               ; 0 pF ; -                    ; -                   ;
; sum[36]  ; AC26  ; 5        ; 115          ; 11           ; 7            ; no              ; no                     ; no            ; 2         ; no              ; no         ; no            ; no       ; Off          ; 2.5 V        ; Default          ; Series 50 Ohm without Calibration ; --                        ; no                         ; no                          ; Fitter               ; 0 pF ; -                    ; -                   ;
; sum[37]  ; AD17  ; 4        ; 74           ; 0            ; 14           ; no              ; no                     ; no            ; 2         ; no              ; no         ; no            ; no       ; Off          ; 2.5 V        ; Default          ; Series 50 Ohm without Calibration ; --                        ; no                         ; no                          ; Fitter               ; 0 pF ; -                    ; -                   ;
; sum[38]  ; AH21  ; 4        ; 74           ; 0            ; 0            ; no              ; no                     ; no            ; 2         ; no              ; no         ; no            ; no       ; Off          ; 2.5 V        ; Default          ; Series 50 Ohm without Calibration ; --                        ; no                         ; no                          ; Fitter               ; 0 pF ; -                    ; -                   ;
; sum[39]  ; AF19  ; 4        ; 83           ; 0            ; 14           ; no              ; no                     ; no            ; 2         ; no              ; no         ; no            ; no       ; Off          ; 2.5 V        ; Default          ; Series 50 Ohm without Calibration ; --                        ; no                         ; no                          ; Fitter               ; 0 pF ; -                    ; -                   ;
; sum[3]   ; AA26  ; 5        ; 115          ; 16           ; 0            ; no              ; no                     ; no            ; 2         ; no              ; no         ; no            ; no       ; Off          ; 2.5 V        ; Default          ; Series 50 Ohm without Calibration ; --                        ; no                         ; no                          ; Fitter               ; 0 pF ; -                    ; -                   ;
; sum[40]  ; AG4   ; 3        ; 9            ; 0            ; 21           ; no              ; no                     ; no            ; 2         ; no              ; no         ; no            ; no       ; Off          ; 2.5 V        ; Default          ; Series 50 Ohm without Calibration ; --                        ; no                         ; no                          ; Fitter               ; 0 pF ; -                    ; -                   ;
; sum[41]  ; AA22  ; 5        ; 115          ; 6            ; 14           ; no              ; no                     ; no            ; 2         ; no              ; no         ; no            ; no       ; Off          ; 2.5 V        ; Default          ; Series 50 Ohm without Calibration ; --                        ; no                         ; no                          ; Fitter               ; 0 pF ; -                    ; -                   ;
; sum[42]  ; AC24  ; 5        ; 115          ; 4            ; 14           ; no              ; no                     ; no            ; 2         ; no              ; no         ; no            ; no       ; Off          ; 2.5 V        ; Default          ; Series 50 Ohm without Calibration ; --                        ; no                         ; no                          ; Fitter               ; 0 pF ; -                    ; -                   ;
; sum[43]  ; AG17  ; 4        ; 62           ; 0            ; 21           ; no              ; no                     ; no            ; 2         ; no              ; no         ; no            ; no       ; Off          ; 2.5 V        ; Default          ; Series 50 Ohm without Calibration ; --                        ; no                         ; no                          ; Fitter               ; 0 pF ; -                    ; -                   ;
; sum[44]  ; AG12  ; 3        ; 54           ; 0            ; 7            ; no              ; no                     ; no            ; 2         ; no              ; no         ; no            ; no       ; Off          ; 2.5 V        ; Default          ; Series 50 Ohm without Calibration ; --                        ; no                         ; no                          ; Fitter               ; 0 pF ; -                    ; -                   ;
; sum[45]  ; Y12   ; 3        ; 52           ; 0            ; 21           ; no              ; no                     ; no            ; 2         ; no              ; no         ; no            ; no       ; Off          ; 2.5 V        ; Default          ; Series 50 Ohm without Calibration ; --                        ; no                         ; no                          ; Fitter               ; 0 pF ; -                    ; -                   ;
; sum[46]  ; AA14  ; 3        ; 54           ; 0            ; 21           ; no              ; no                     ; no            ; 2         ; no              ; no         ; no            ; no       ; Off          ; 2.5 V        ; Default          ; Series 50 Ohm without Calibration ; --                        ; no                         ; no                          ; Fitter               ; 0 pF ; -                    ; -                   ;
; sum[47]  ; Y15   ; 3        ; 56           ; 0            ; 0            ; no              ; no                     ; no            ; 2         ; no              ; no         ; no            ; no       ; Off          ; 2.5 V        ; Default          ; Series 50 Ohm without Calibration ; --                        ; no                         ; no                          ; Fitter               ; 0 pF ; -                    ; -                   ;
; sum[48]  ; C16   ; 7        ; 62           ; 73           ; 14           ; no              ; no                     ; no            ; 2         ; no              ; no         ; no            ; no       ; Off          ; 2.5 V        ; Default          ; Series 50 Ohm without Calibration ; --                        ; no                         ; no                          ; Fitter               ; 0 pF ; -                    ; -                   ;
; sum[49]  ; D16   ; 7        ; 62           ; 73           ; 21           ; no              ; no                     ; no            ; 2         ; no              ; no         ; no            ; no       ; Off          ; 2.5 V        ; Default          ; Series 50 Ohm without Calibration ; --                        ; no                         ; no                          ; Fitter               ; 0 pF ; -                    ; -                   ;
; sum[4]   ; T3    ; 2        ; 0            ; 32           ; 14           ; no              ; no                     ; no            ; 2         ; no              ; no         ; no            ; no       ; Off          ; 2.5 V        ; Default          ; Series 50 Ohm without Calibration ; --                        ; no                         ; no                          ; Fitter               ; 0 pF ; -                    ; -                   ;
; sum[50]  ; AG21  ; 4        ; 74           ; 0            ; 7            ; no              ; no                     ; no            ; 2         ; no              ; no         ; no            ; no       ; Off          ; 2.5 V        ; Default          ; Series 50 Ohm without Calibration ; --                        ; no                         ; no                          ; Fitter               ; 0 pF ; -                    ; -                   ;
; sum[51]  ; AH17  ; 4        ; 62           ; 0            ; 14           ; no              ; no                     ; no            ; 2         ; no              ; no         ; no            ; no       ; Off          ; 2.5 V        ; Default          ; Series 50 Ohm without Calibration ; --                        ; no                         ; no                          ; Fitter               ; 0 pF ; -                    ; -                   ;
; sum[52]  ; F14   ; 8        ; 45           ; 73           ; 0            ; no              ; no                     ; no            ; 2         ; no              ; no         ; no            ; no       ; Off          ; 2.5 V        ; Default          ; Series 50 Ohm without Calibration ; --                        ; no                         ; no                          ; Fitter               ; 0 pF ; -                    ; -                   ;
; sum[53]  ; AF13  ; 3        ; 42           ; 0            ; 14           ; no              ; no                     ; no            ; 2         ; no              ; no         ; no            ; no       ; Off          ; 2.5 V        ; Default          ; Series 50 Ohm without Calibration ; --                        ; no                         ; no                          ; Fitter               ; 0 pF ; -                    ; -                   ;
; sum[54]  ; AE14  ; 3        ; 49           ; 0            ; 21           ; no              ; no                     ; no            ; 2         ; no              ; no         ; no            ; no       ; Off          ; 2.5 V        ; Default          ; Series 50 Ohm without Calibration ; --                        ; no                         ; no                          ; Fitter               ; 0 pF ; -                    ; -                   ;
; sum[55]  ; AD11  ; 3        ; 49           ; 0            ; 0            ; no              ; no                     ; no            ; 2         ; no              ; no         ; no            ; no       ; Off          ; 2.5 V        ; Default          ; Series 50 Ohm without Calibration ; --                        ; no                         ; no                          ; Fitter               ; 0 pF ; -                    ; -                   ;
; sum[56]  ; AB10  ; 3        ; 38           ; 0            ; 7            ; no              ; no                     ; no            ; 2         ; no              ; no         ; no            ; no       ; Off          ; 2.5 V        ; Default          ; Series 50 Ohm without Calibration ; --                        ; no                         ; no                          ; Fitter               ; 0 pF ; -                    ; -                   ;
; sum[57]  ; AE11  ; 3        ; 35           ; 0            ; 21           ; no              ; no                     ; no            ; 2         ; no              ; no         ; no            ; no       ; Off          ; 2.5 V        ; Default          ; Series 50 Ohm without Calibration ; --                        ; no                         ; no                          ; Fitter               ; 0 pF ; -                    ; -                   ;
; sum[58]  ; AE12  ; 3        ; 33           ; 0            ; 7            ; no              ; no                     ; no            ; 2         ; no              ; no         ; no            ; no       ; Off          ; 2.5 V        ; Default          ; Series 50 Ohm without Calibration ; --                        ; no                         ; no                          ; Fitter               ; 0 pF ; -                    ; -                   ;
; sum[59]  ; AF12  ; 3        ; 33           ; 0            ; 0            ; no              ; no                     ; no            ; 2         ; no              ; no         ; no            ; no       ; Off          ; 2.5 V        ; Default          ; Series 50 Ohm without Calibration ; --                        ; no                         ; no                          ; Fitter               ; 0 pF ; -                    ; -                   ;
; sum[5]   ; V3    ; 2        ; 0            ; 29           ; 21           ; no              ; no                     ; no            ; 2         ; no              ; no         ; no            ; no       ; Off          ; 2.5 V        ; Default          ; Series 50 Ohm without Calibration ; --                        ; no                         ; no                          ; Fitter               ; 0 pF ; -                    ; -                   ;
; sum[60]  ; AF10  ; 3        ; 29           ; 0            ; 14           ; no              ; no                     ; no            ; 2         ; no              ; no         ; no            ; no       ; Off          ; 2.5 V        ; Default          ; Series 50 Ohm without Calibration ; --                        ; no                         ; no                          ; Fitter               ; 0 pF ; -                    ; -                   ;
; sum[61]  ; AE9   ; 3        ; 27           ; 0            ; 21           ; no              ; no                     ; no            ; 2         ; no              ; no         ; no            ; no       ; Off          ; 2.5 V        ; Default          ; Series 50 Ohm without Calibration ; --                        ; no                         ; no                          ; Fitter               ; 0 pF ; -                    ; -                   ;
; sum[62]  ; AF9   ; 3        ; 20           ; 0            ; 0            ; no              ; no                     ; no            ; 2         ; no              ; no         ; no            ; no       ; Off          ; 2.5 V        ; Default          ; Series 50 Ohm without Calibration ; --                        ; no                         ; no                          ; Fitter               ; 0 pF ; -                    ; -                   ;
; sum[63]  ; AF8   ; 3        ; 23           ; 0            ; 14           ; no              ; no                     ; no            ; 2         ; no              ; no         ; no            ; no       ; Off          ; 2.5 V        ; Default          ; Series 50 Ohm without Calibration ; --                        ; no                         ; no                          ; Fitter               ; 0 pF ; -                    ; -                   ;
; sum[6]   ; U2    ; 2        ; 0            ; 30           ; 0            ; no              ; no                     ; no            ; 2         ; no              ; no         ; no            ; no       ; Off          ; 2.5 V        ; Default          ; Series 50 Ohm without Calibration ; --                        ; no                         ; no                          ; Fitter               ; 0 pF ; -                    ; -                   ;
; sum[7]   ; V7    ; 2        ; 0            ; 14           ; 0            ; no              ; no                     ; no            ; 2         ; no              ; no         ; no            ; no       ; Off          ; 2.5 V        ; Default          ; Series 50 Ohm without Calibration ; --                        ; no                         ; no                          ; Fitter               ; 0 pF ; -                    ; -                   ;
; sum[8]   ; G1    ; 1        ; 0            ; 55           ; 14           ; no              ; no                     ; no            ; 2         ; no              ; no         ; no            ; no       ; Off          ; 2.5 V        ; Default          ; Series 50 Ohm without Calibration ; --                        ; no                         ; no                          ; Fitter               ; 0 pF ; -                    ; -                   ;
; sum[9]   ; K1    ; 1        ; 0            ; 54           ; 7            ; no              ; no                     ; no            ; 2         ; no              ; no         ; no            ; no       ; Off          ; 2.5 V        ; Default          ; Series 50 Ohm without Calibration ; --                        ; no                         ; no                          ; Fitter               ; 0 pF ; -                    ; -                   ;
+----------+-------+----------+--------------+--------------+--------------+-----------------+------------------------+---------------+-----------+-----------------+------------+---------------+----------+--------------+--------------+------------------+-----------------------------------+---------------------------+----------------------------+-----------------------------+----------------------+------+----------------------+---------------------+


+-------------------------------------------------------------------------------------------------------------------------------------+
; Dual Purpose and Dedicated Pins                                                                                                     ;
+----------+-----------------------------------------+--------------------------+-------------------------+---------------------------+
; Location ; Pin Name                                ; Reserved As              ; User Signal Name        ; Pin Type                  ;
+----------+-----------------------------------------+--------------------------+-------------------------+---------------------------+
; F4       ; DIFFIO_L5n, DATA1, ASDO                 ; As input tri-stated      ; ~ALTERA_ASDO_DATA1~     ; Dual Purpose Pin          ;
; E2       ; DIFFIO_L8p, FLASH_nCE, nCSO             ; As input tri-stated      ; ~ALTERA_FLASH_nCE_nCSO~ ; Dual Purpose Pin          ;
; M6       ; nSTATUS                                 ; -                        ; -                       ; Dedicated Programming Pin ;
; P3       ; DCLK                                    ; As output driving ground ; ~ALTERA_DCLK~           ; Dual Purpose Pin          ;
; N7       ; DATA0                                   ; As input tri-stated      ; ~ALTERA_DATA0~          ; Dual Purpose Pin          ;
; P4       ; nCONFIG                                 ; -                        ; -                       ; Dedicated Programming Pin ;
; R8       ; nCE                                     ; -                        ; -                       ; Dedicated Programming Pin ;
; P24      ; CONF_DONE                               ; -                        ; -                       ; Dedicated Programming Pin ;
; N22      ; MSEL0                                   ; -                        ; -                       ; Dedicated Programming Pin ;
; P23      ; MSEL1                                   ; -                        ; -                       ; Dedicated Programming Pin ;
; M22      ; MSEL2                                   ; -                        ; -                       ; Dedicated Programming Pin ;
; P22      ; MSEL3                                   ; -                        ; -                       ; Dedicated Programming Pin ;
; P28      ; DIFFIO_R23n, nCEO                       ; Use as programming pin   ; ~ALTERA_nCEO~           ; Dual Purpose Pin          ;
; A19      ; DIFFIO_T45n, PADD5                      ; Use as regular IO        ; sum[33]                 ; Dual Purpose Pin          ;
; C16      ; DIFFIO_T36n, PADD9                      ; Use as regular IO        ; sum[48]                 ; Dual Purpose Pin          ;
; D16      ; DIFFIO_T36p, PADD10                     ; Use as regular IO        ; sum[49]                 ; Dual Purpose Pin          ;
; A17      ; DIFFIO_T35n, PADD11                     ; Use as regular IO        ; a[50]                   ; Dual Purpose Pin          ;
; B7       ; DIFFIO_T18p, DATA5                      ; Use as regular IO        ; b[61]                   ; Dual Purpose Pin          ;
; A8       ; DIFFIO_T11n, DATA9                      ; Use as regular IO        ; sum[12]                 ; Dual Purpose Pin          ;
; B4       ; DIFFIO_T4p, DATA12, DQS1T/CQ1T#,CDPCLK7 ; Use as regular IO        ; a[16]                   ; Dual Purpose Pin          ;
+----------+-----------------------------------------+--------------------------+-------------------------+---------------------------+


+------------------------------------------------------------+
; I/O Bank Usage                                             ;
+----------+------------------+---------------+--------------+
; I/O Bank ; Usage            ; VCCIO Voltage ; VREF Voltage ;
+----------+------------------+---------------+--------------+
; 1        ; 25 / 56 ( 45 % ) ; 2.5V          ; --           ;
; 2        ; 52 / 63 ( 83 % ) ; 2.5V          ; --           ;
; 3        ; 53 / 73 ( 73 % ) ; 2.5V          ; --           ;
; 4        ; 43 / 71 ( 61 % ) ; 2.5V          ; --           ;
; 5        ; 10 / 65 ( 15 % ) ; 2.5V          ; --           ;
; 6        ; 1 / 58 ( 2 % )   ; 2.5V          ; --           ;
; 7        ; 7 / 72 ( 10 % )  ; 2.5V          ; --           ;
; 8        ; 10 / 71 ( 14 % ) ; 2.5V          ; --           ;
+----------+------------------+---------------+--------------+


+-----------------------------------------------------------------------------------------------------------------------------------------------------------------------------------------+
; All Package Pins                                                                                                                                                                        ;
+----------+------------+----------+-----------------------------------------------------------+--------+--------------+---------+------------+-----------------+----------+--------------+
; Location ; Pad Number ; I/O Bank ; Pin Name/Usage                                            ; Dir.   ; I/O Standard ; Voltage ; I/O Type   ; User Assignment ; Bus Hold ; Weak Pull Up ;
+----------+------------+----------+-----------------------------------------------------------+--------+--------------+---------+------------+-----------------+----------+--------------+
; A2       ;            ; 8        ; VCCIO8                                                    ; power  ;              ; 2.5V    ; --         ;                 ; --       ; --           ;
; A3       ; 535        ; 8        ; RESERVED_INPUT_WITH_WEAK_PULLUP                           ;        ;              ;         ; Column I/O ;                 ; no       ; On           ;
; A4       ; 532        ; 8        ; RESERVED_INPUT_WITH_WEAK_PULLUP                           ;        ;              ;         ; Column I/O ;                 ; no       ; On           ;
; A5       ;            ; 8        ; VCCIO8                                                    ; power  ;              ; 2.5V    ; --         ;                 ; --       ; --           ;
; A6       ; 504        ; 8        ; RESERVED_INPUT_WITH_WEAK_PULLUP                           ;        ;              ;         ; Column I/O ;                 ; no       ; On           ;
; A7       ; 501        ; 8        ; b[62]                                                     ; input  ; 2.5 V        ;         ; Column I/O ; N               ; no       ; Off          ;
; A8       ; 517        ; 8        ; sum[12]                                                   ; output ; 2.5 V        ;         ; Column I/O ; N               ; no       ; Off          ;
; A9       ;            ; 8        ; VCCIO8                                                    ; power  ;              ; 2.5V    ; --         ;                 ; --       ; --           ;
; A10      ; 491        ; 8        ; RESERVED_INPUT_WITH_WEAK_PULLUP                           ;        ;              ;         ; Column I/O ;                 ; no       ; On           ;
; A11      ; 487        ; 8        ; RESERVED_INPUT_WITH_WEAK_PULLUP                           ;        ;              ;         ; Column I/O ;                 ; no       ; On           ;
; A12      ; 482        ; 8        ; RESERVED_INPUT_WITH_WEAK_PULLUP                           ;        ;              ;         ; Column I/O ;                 ; no       ; On           ;
; A13      ;            ; 8        ; VCCIO8                                                    ; power  ;              ; 2.5V    ; --         ;                 ; --       ; --           ;
; A14      ; 472        ; 8        ; GND+                                                      ;        ;              ;         ; Column I/O ;                 ; --       ; --           ;
; A15      ; 470        ; 7        ; GND+                                                      ;        ;              ;         ; Column I/O ;                 ; --       ; --           ;
; A16      ;            ; 7        ; VCCIO7                                                    ; power  ;              ; 2.5V    ; --         ;                 ; --       ; --           ;
; A17      ; 462        ; 7        ; a[50]                                                     ; input  ; 2.5 V        ;         ; Column I/O ; N               ; no       ; Off          ;
; A18      ; 442        ; 7        ; RESERVED_INPUT_WITH_WEAK_PULLUP                           ;        ;              ;         ; Column I/O ;                 ; no       ; On           ;
; A19      ; 440        ; 7        ; sum[33]                                                   ; output ; 2.5 V        ;         ; Column I/O ; N               ; no       ; Off          ;
; A20      ;            ; 7        ; VCCIO7                                                    ; power  ;              ; 2.5V    ; --         ;                 ; --       ; --           ;
; A21      ; 425        ; 7        ; RESERVED_INPUT_WITH_WEAK_PULLUP                           ;        ;              ;         ; Column I/O ;                 ; no       ; On           ;
; A22      ; 423        ; 7        ; RESERVED_INPUT_WITH_WEAK_PULLUP                           ;        ;              ;         ; Column I/O ;                 ; no       ; On           ;
; A23      ; 412        ; 7        ; RESERVED_INPUT_WITH_WEAK_PULLUP                           ;        ;              ;         ; Column I/O ;                 ; no       ; On           ;
; A24      ;            ; 7        ; VCCIO7                                                    ; power  ;              ; 2.5V    ; --         ;                 ; --       ; --           ;
; A25      ; 405        ; 7        ; RESERVED_INPUT_WITH_WEAK_PULLUP                           ;        ;              ;         ; Column I/O ;                 ; no       ; On           ;
; A26      ; 404        ; 7        ; RESERVED_INPUT_WITH_WEAK_PULLUP                           ;        ;              ;         ; Column I/O ;                 ; no       ; On           ;
; A27      ;            ; 7        ; VCCIO7                                                    ; power  ;              ; 2.5V    ; --         ;                 ; --       ; --           ;
; AA1      ;            ; 2        ; VCCIO2                                                    ; power  ;              ; 2.5V    ; --         ;                 ; --       ; --           ;
; AA2      ;            ;          ; GND                                                       ; gnd    ;              ;         ; --         ;                 ; --       ; --           ;
; AA3      ; 102        ; 2        ; b[1]                                                      ; input  ; 2.5 V        ;         ; Row I/O    ; N               ; no       ; Off          ;
; AA4      ; 101        ; 2        ; b[0]                                                      ; input  ; 2.5 V        ;         ; Row I/O    ; N               ; no       ; Off          ;
; AA5      ; 119        ; 2        ; RESERVED_INPUT_WITH_WEAK_PULLUP                           ;        ;              ;         ; Row I/O    ;                 ; no       ; On           ;
; AA6      ; 118        ; 2        ; RESERVED_INPUT_WITH_WEAK_PULLUP                           ;        ;              ;         ; Row I/O    ;                 ; no       ; On           ;
; AA7      ; 120        ; 2        ; RESERVED_INPUT_WITH_WEAK_PULLUP                           ;        ;              ;         ; Row I/O    ;                 ; no       ; On           ;
; AA8      ; 154        ; 3        ; RESERVED_INPUT_WITH_WEAK_PULLUP                           ;        ;              ;         ; Column I/O ;                 ; no       ; On           ;
; AA9      ;            ;          ; GNDA1                                                     ; gnd    ;              ;         ; --         ;                 ; --       ; --           ;
; AA10     ; 155        ; 3        ; RESERVED_INPUT_WITH_WEAK_PULLUP                           ;        ;              ;         ; Column I/O ;                 ; no       ; On           ;
; AA11     ;            ; 3        ; VCCIO3                                                    ; power  ;              ; 2.5V    ; --         ;                 ; --       ; --           ;
; AA12     ; 188        ; 3        ; a[45]                                                     ; input  ; 2.5 V        ;         ; Column I/O ; N               ; no       ; Off          ;
; AA13     ; 190        ; 3        ; b[55]                                                     ; input  ; 2.5 V        ;         ; Column I/O ; N               ; no       ; Off          ;
; AA14     ; 191        ; 3        ; sum[46]                                                   ; output ; 2.5 V        ;         ; Column I/O ; N               ; no       ; Off          ;
; AA15     ; 213        ; 4        ; a[48]                                                     ; input  ; 2.5 V        ;         ; Column I/O ; N               ; no       ; Off          ;
; AA16     ; 211        ; 4        ; b[50]                                                     ; input  ; 2.5 V        ;         ; Column I/O ; N               ; no       ; Off          ;
; AA17     ; 241        ; 4        ; sum[34]                                                   ; output ; 2.5 V        ;         ; Column I/O ; N               ; no       ; Off          ;
; AA18     ;            ; 4        ; VCCIO4                                                    ; power  ;              ; 2.5V    ; --         ;                 ; --       ; --           ;
; AA19     ; 264        ; 4        ; RESERVED_INPUT_WITH_WEAK_PULLUP                           ;        ;              ;         ; Column I/O ;                 ; no       ; On           ;
; AA20     ;            ;          ; GNDA4                                                     ; gnd    ;              ;         ; --         ;                 ; --       ; --           ;
; AA21     ; 269        ; 4        ; RESERVED_INPUT_WITH_WEAK_PULLUP                           ;        ;              ;         ; Column I/O ;                 ; no       ; On           ;
; AA22     ; 275        ; 5        ; sum[41]                                                   ; output ; 2.5 V        ;         ; Row I/O    ; N               ; no       ; Off          ;
; AA23     ; 280        ; 5        ; RESERVED_INPUT_WITH_WEAK_PULLUP                           ;        ;              ;         ; Row I/O    ;                 ; no       ; On           ;
; AA24     ; 279        ; 5        ; RESERVED_INPUT_WITH_WEAK_PULLUP                           ;        ;              ;         ; Row I/O    ;                 ; no       ; On           ;
; AA25     ; 294        ; 5        ; RESERVED_INPUT_WITH_WEAK_PULLUP                           ;        ;              ;         ; Row I/O    ;                 ; no       ; On           ;
; AA26     ; 293        ; 5        ; sum[3]                                                    ; output ; 2.5 V        ;         ; Row I/O    ; N               ; no       ; Off          ;
; AA27     ;            ;          ; GND                                                       ; gnd    ;              ;         ; --         ;                 ; --       ; --           ;
; AA28     ;            ; 5        ; VCCIO5                                                    ; power  ;              ; 2.5V    ; --         ;                 ; --       ; --           ;
; AB1      ; 86         ; 2        ; a[11]                                                     ; input  ; 2.5 V        ;         ; Row I/O    ; N               ; no       ; Off          ;
; AB2      ; 85         ; 2        ; sum[26]                                                   ; output ; 2.5 V        ;         ; Row I/O    ; N               ; no       ; Off          ;
; AB3      ; 99         ; 2        ; b[27]                                                     ; input  ; 2.5 V        ;         ; Row I/O    ; N               ; no       ; Off          ;
; AB4      ; 121        ; 2        ; RESERVED_INPUT_WITH_WEAK_PULLUP                           ;        ;              ;         ; Row I/O    ;                 ; no       ; On           ;
; AB5      ; 127        ; 2        ; b[56]                                                     ; input  ; 2.5 V        ;         ; Row I/O    ; N               ; no       ; Off          ;
; AB6      ; 126        ; 2        ; RESERVED_INPUT_WITH_WEAK_PULLUP                           ;        ;              ;         ; Row I/O    ;                 ; no       ; On           ;
; AB7      ; 152        ; 3        ; RESERVED_INPUT_WITH_WEAK_PULLUP                           ;        ;              ;         ; Column I/O ;                 ; no       ; On           ;
; AB8      ; 148        ; 3        ; RESERVED_INPUT_WITH_WEAK_PULLUP                           ;        ;              ;         ; Column I/O ;                 ; no       ; On           ;
; AB9      ; 147        ; 3        ; RESERVED_INPUT_WITH_WEAK_PULLUP                           ;        ;              ;         ; Column I/O ;                 ; no       ; On           ;
; AB10     ; 173        ; 3        ; sum[56]                                                   ; output ; 2.5 V        ;         ; Column I/O ; N               ; no       ; Off          ;
; AB11     ; 164        ; 3        ; b[60]                                                     ; input  ; 2.5 V        ;         ; Column I/O ; N               ; no       ; Off          ;
; AB12     ; 180        ; 3        ; b[52]                                                     ; input  ; 2.5 V        ;         ; Column I/O ; N               ; no       ; Off          ;
; AB13     ; 181        ; 3        ; a[53]                                                     ; input  ; 2.5 V        ;         ; Column I/O ; N               ; no       ; Off          ;
; AB14     ; 192        ; 3        ; a[44]                                                     ; input  ; 2.5 V        ;         ; Column I/O ; N               ; no       ; Off          ;
; AB15     ; 214        ; 4        ; b[49]                                                     ; input  ; 2.5 V        ;         ; Column I/O ; N               ; no       ; Off          ;
; AB16     ; 212        ; 4        ; a[42]                                                     ; input  ; 2.5 V        ;         ; Column I/O ; N               ; no       ; Off          ;
; AB17     ; 242        ; 4        ; b[37]                                                     ; input  ; 2.5 V        ;         ; Column I/O ; N               ; no       ; Off          ;
; AB18     ; 254        ; 4        ; RESERVED_INPUT_WITH_WEAK_PULLUP                           ;        ;              ;         ; Column I/O ;                 ; no       ; On           ;
; AB19     ; 253        ; 4        ; RESERVED_INPUT_WITH_WEAK_PULLUP                           ;        ;              ;         ; Column I/O ;                 ; no       ; On           ;
; AB20     ; 257        ; 4        ; RESERVED_INPUT_WITH_WEAK_PULLUP                           ;        ;              ;         ; Column I/O ;                 ; no       ; On           ;
; AB21     ; 266        ; 4        ; RESERVED_INPUT_WITH_WEAK_PULLUP                           ;        ;              ;         ; Column I/O ;                 ; no       ; On           ;
; AB22     ; 265        ; 4        ; RESERVED_INPUT_WITH_WEAK_PULLUP                           ;        ;              ;         ; Column I/O ;                 ; no       ; On           ;
; AB23     ; 276        ; 5        ; RESERVED_INPUT_WITH_WEAK_PULLUP                           ;        ;              ;         ; Row I/O    ;                 ; no       ; On           ;
; AB24     ; 274        ; 5        ; a[52]                                                     ; input  ; 2.5 V        ;         ; Row I/O    ; N               ; no       ; Off          ;
; AB25     ; 292        ; 5        ; RESERVED_INPUT_WITH_WEAK_PULLUP                           ;        ;              ;         ; Row I/O    ;                 ; no       ; On           ;
; AB26     ; 291        ; 5        ; b[39]                                                     ; input  ; 2.5 V        ;         ; Row I/O    ; N               ; no       ; Off          ;
; AB27     ; 296        ; 5        ; RESERVED_INPUT_WITH_WEAK_PULLUP                           ;        ;              ;         ; Row I/O    ;                 ; no       ; On           ;
; AB28     ; 295        ; 5        ; RESERVED_INPUT_WITH_WEAK_PULLUP                           ;        ;              ;         ; Row I/O    ;                 ; no       ; On           ;
; AC1      ; 94         ; 2        ; b[23]                                                     ; input  ; 2.5 V        ;         ; Row I/O    ; N               ; no       ; Off          ;
; AC2      ; 93         ; 2        ; sum[23]                                                   ; output ; 2.5 V        ;         ; Row I/O    ; N               ; no       ; Off          ;
; AC3      ; 95         ; 2        ; sum[21]                                                   ; output ; 2.5 V        ;         ; Row I/O    ; N               ; no       ; Off          ;
; AC4      ; 125        ; 2        ; a[18]                                                     ; input  ; 2.5 V        ;         ; Row I/O    ; N               ; no       ; Off          ;
; AC5      ; 124        ; 2        ; RESERVED_INPUT_WITH_WEAK_PULLUP                           ;        ;              ;         ; Row I/O    ;                 ; no       ; On           ;
; AC6      ;            ;          ; GND                                                       ; gnd    ;              ;         ; --         ;                 ; --       ; --           ;
; AC7      ; 144        ; 3        ; b[25]                                                     ; input  ; 2.5 V        ;         ; Column I/O ; N               ; no       ; Off          ;
; AC8      ; 153        ; 3        ; RESERVED_INPUT_WITH_WEAK_PULLUP                           ;        ;              ;         ; Column I/O ;                 ; no       ; On           ;
; AC9      ;            ;          ; GND                                                       ; gnd    ;              ;         ; --         ;                 ; --       ; --           ;
; AC10     ; 174        ; 3        ; b[58]                                                     ; input  ; 2.5 V        ;         ; Column I/O ; N               ; no       ; Off          ;
; AC11     ; 185        ; 3        ; a[55]                                                     ; input  ; 2.5 V        ;         ; Column I/O ; N               ; no       ; Off          ;
; AC12     ; 179        ; 3        ; a[59]                                                     ; input  ; 2.5 V        ;         ; Column I/O ; N               ; no       ; Off          ;
; AC13     ;            ;          ; GND                                                       ; gnd    ;              ;         ; --         ;                 ; --       ; --           ;
; AC14     ; 195        ; 3        ; a[47]                                                     ; input  ; 2.5 V        ;         ; Column I/O ; N               ; no       ; Off          ;
; AC15     ; 203        ; 4        ; b[43]                                                     ; input  ; 2.5 V        ;         ; Column I/O ; N               ; no       ; Off          ;
; AC16     ;            ;          ; GND                                                       ; gnd    ;              ;         ; --         ;                 ; --       ; --           ;
; AC17     ; 221        ; 4        ; a[39]                                                     ; input  ; 2.5 V        ;         ; Column I/O ; N               ; no       ; Off          ;
; AC18     ; 240        ; 4        ; sum[28]                                                   ; output ; 2.5 V        ;         ; Column I/O ; N               ; no       ; Off          ;
; AC19     ; 247        ; 4        ; a[36]                                                     ; input  ; 2.5 V        ;         ; Column I/O ; N               ; no       ; Off          ;
; AC20     ;            ;          ; GND                                                       ; gnd    ;              ;         ; --         ;                 ; --       ; --           ;
; AC21     ; 258        ; 4        ; RESERVED_INPUT_WITH_WEAK_PULLUP                           ;        ;              ;         ; Column I/O ;                 ; no       ; On           ;
; AC22     ; 267        ; 4        ; RESERVED_INPUT_WITH_WEAK_PULLUP                           ;        ;              ;         ; Column I/O ;                 ; no       ; On           ;
; AC23     ;            ;          ; GND                                                       ; gnd    ;              ;         ; --         ;                 ; --       ; --           ;
; AC24     ; 273        ; 5        ; sum[42]                                                   ; output ; 2.5 V        ;         ; Row I/O    ; N               ; no       ; Off          ;
; AC25     ; 272        ; 5        ; b[40]                                                     ; input  ; 2.5 V        ;         ; Row I/O    ; N               ; no       ; Off          ;
; AC26     ; 282        ; 5        ; sum[36]                                                   ; output ; 2.5 V        ;         ; Row I/O    ; N               ; no       ; Off          ;
; AC27     ; 290        ; 5        ; RESERVED_INPUT_WITH_WEAK_PULLUP                           ;        ;              ;         ; Row I/O    ;                 ; no       ; On           ;
; AC28     ; 289        ; 5        ; b[33]                                                     ; input  ; 2.5 V        ;         ; Row I/O    ; N               ; no       ; Off          ;
; AD1      ; 98         ; 2        ; b[22]                                                     ; input  ; 2.5 V        ;         ; Row I/O    ; N               ; no       ; Off          ;
; AD2      ; 97         ; 2        ; a[5]                                                      ; input  ; 2.5 V        ;         ; Row I/O    ; N               ; no       ; Off          ;
; AD3      ; 96         ; 2        ; a[8]                                                      ; input  ; 2.5 V        ;         ; Row I/O    ; N               ; no       ; Off          ;
; AD4      ; 130        ; 3        ; a[27]                                                     ; input  ; 2.5 V        ;         ; Column I/O ; N               ; no       ; Off          ;
; AD5      ; 128        ; 3        ; RESERVED_INPUT_WITH_WEAK_PULLUP                           ;        ;              ;         ; Column I/O ;                 ; no       ; On           ;
; AD6      ;            ; 3        ; VCCIO3                                                    ; power  ;              ; 2.5V    ; --         ;                 ; --       ; --           ;
; AD7      ; 134        ; 3        ; sum[11]                                                   ; output ; 2.5 V        ;         ; Column I/O ; N               ; no       ; Off          ;
; AD8      ; 143        ; 3        ; RESERVED_INPUT_WITH_WEAK_PULLUP                           ;        ;              ;         ; Column I/O ;                 ; no       ; On           ;
; AD9      ;            ; 3        ; VCCIO3                                                    ; power  ;              ; 2.5V    ; --         ;                 ; --       ; --           ;
; AD10     ; 149        ; 3        ; RESERVED_INPUT_WITH_WEAK_PULLUP                           ;        ;              ;         ; Column I/O ;                 ; no       ; On           ;
; AD11     ; 186        ; 3        ; sum[55]                                                   ; output ; 2.5 V        ;         ; Column I/O ; N               ; no       ; Off          ;
; AD12     ; 182        ; 3        ; b[57]                                                     ; input  ; 2.5 V        ;         ; Column I/O ; N               ; no       ; Off          ;
; AD13     ;            ; 3        ; VCCIO3                                                    ; power  ;              ; 2.5V    ; --         ;                 ; --       ; --           ;
; AD14     ; 196        ; 3        ; b[44]                                                     ; input  ; 2.5 V        ;         ; Column I/O ; N               ; no       ; Off          ;
; AD15     ; 204        ; 4        ; a[46]                                                     ; input  ; 2.5 V        ;         ; Column I/O ; N               ; no       ; Off          ;
; AD16     ;            ; 4        ; VCCIO4                                                    ; power  ;              ; 2.5V    ; --         ;                 ; --       ; --           ;
; AD17     ; 222        ; 4        ; sum[37]                                                   ; output ; 2.5 V        ;         ; Column I/O ; N               ; no       ; Off          ;
; AD18     ; 237        ; 4        ; a[1]                                                      ; input  ; 2.5 V        ;         ; Column I/O ; N               ; no       ; Off          ;
; AD19     ; 248        ; 4        ; a[0]                                                      ; input  ; 2.5 V        ;         ; Column I/O ; N               ; no       ; Off          ;
; AD20     ;            ; 4        ; VCCIO4                                                    ; power  ;              ; 2.5V    ; --         ;                 ; --       ; --           ;
; AD21     ; 259        ; 4        ; RESERVED_INPUT_WITH_WEAK_PULLUP                           ;        ;              ;         ; Column I/O ;                 ; no       ; On           ;
; AD22     ; 268        ; 4        ; RESERVED_INPUT_WITH_WEAK_PULLUP                           ;        ;              ;         ; Column I/O ;                 ; no       ; On           ;
; AD23     ;            ; 4        ; VCCIO4                                                    ; power  ;              ; 2.5V    ; --         ;                 ; --       ; --           ;
; AD24     ; 260        ; 4        ; RESERVED_INPUT_WITH_WEAK_PULLUP                           ;        ;              ;         ; Column I/O ;                 ; no       ; On           ;
; AD25     ; 255        ; 4        ; RESERVED_INPUT_WITH_WEAK_PULLUP                           ;        ;              ;         ; Column I/O ;                 ; no       ; On           ;
; AD26     ; 281        ; 5        ; RESERVED_INPUT_WITH_WEAK_PULLUP                           ;        ;              ;         ; Row I/O    ;                 ; no       ; On           ;
; AD27     ; 286        ; 5        ; RESERVED_INPUT_WITH_WEAK_PULLUP                           ;        ;              ;         ; Row I/O    ;                 ; no       ; On           ;
; AD28     ; 285        ; 5        ; b[34]                                                     ; input  ; 2.5 V        ;         ; Row I/O    ; N               ; no       ; Off          ;
; AE1      ; 106        ; 2        ; sum[1]                                                    ; output ; 2.5 V        ;         ; Row I/O    ; N               ; no       ; Off          ;
; AE2      ; 105        ; 2        ; a[29]                                                     ; input  ; 2.5 V        ;         ; Row I/O    ; N               ; no       ; Off          ;
; AE3      ; 122        ; 2        ; RESERVED_INPUT_WITH_WEAK_PULLUP                           ;        ;              ;         ; Row I/O    ;                 ; no       ; On           ;
; AE4      ; 132        ; 3        ; RESERVED_INPUT_WITH_WEAK_PULLUP                           ;        ;              ;         ; Column I/O ;                 ; no       ; On           ;
; AE5      ; 135        ; 3        ; RESERVED_INPUT_WITH_WEAK_PULLUP                           ;        ;              ;         ; Column I/O ;                 ; no       ; On           ;
; AE6      ; 129        ; 3        ; b[6]                                                      ; input  ; 2.5 V        ;         ; Column I/O ; N               ; no       ; Off          ;
; AE7      ; 158        ; 3        ; a[60]                                                     ; input  ; 2.5 V        ;         ; Column I/O ; N               ; no       ; Off          ;
; AE8      ; 161        ; 3        ; overflow                                                  ; output ; 2.5 V        ;         ; Column I/O ; N               ; no       ; Off          ;
; AE9      ; 163        ; 3        ; sum[61]                                                   ; output ; 2.5 V        ;         ; Column I/O ; N               ; no       ; Off          ;
; AE10     ; 165        ; 3        ; a[62]                                                     ; input  ; 2.5 V        ;         ; Column I/O ; N               ; no       ; Off          ;
; AE11     ; 171        ; 3        ; sum[57]                                                   ; output ; 2.5 V        ;         ; Column I/O ; N               ; no       ; Off          ;
; AE12     ; 169        ; 3        ; sum[58]                                                   ; output ; 2.5 V        ;         ; Column I/O ; N               ; no       ; Off          ;
; AE13     ; 177        ; 3        ; a[58]                                                     ; input  ; 2.5 V        ;         ; Column I/O ; N               ; no       ; Off          ;
; AE14     ; 183        ; 3        ; sum[54]                                                   ; output ; 2.5 V        ;         ; Column I/O ; N               ; no       ; Off          ;
; AE15     ; 205        ; 4        ; b[45]                                                     ; input  ; 2.5 V        ;         ; Column I/O ; N               ; no       ; Off          ;
; AE16     ; 209        ; 4        ; b[48]                                                     ; input  ; 2.5 V        ;         ; Column I/O ; N               ; no       ; Off          ;
; AE17     ; 215        ; 4        ; a[49]                                                     ; input  ; 2.5 V        ;         ; Column I/O ; N               ; no       ; Off          ;
; AE18     ; 225        ; 4        ; a[35]                                                     ; input  ; 2.5 V        ;         ; Column I/O ; N               ; no       ; Off          ;
; AE19     ; 231        ; 4        ; a[37]                                                     ; input  ; 2.5 V        ;         ; Column I/O ; N               ; no       ; Off          ;
; AE20     ; 235        ; 4        ; b[29]                                                     ; input  ; 2.5 V        ;         ; Column I/O ; N               ; no       ; Off          ;
; AE21     ; 238        ; 4        ; a[33]                                                     ; input  ; 2.5 V        ;         ; Column I/O ; N               ; no       ; Off          ;
; AE22     ; 251        ; 4        ; RESERVED_INPUT_WITH_WEAK_PULLUP                           ;        ;              ;         ; Column I/O ;                 ; no       ; On           ;
; AE23     ; 261        ; 4        ; RESERVED_INPUT_WITH_WEAK_PULLUP                           ;        ;              ;         ; Column I/O ;                 ; no       ; On           ;
; AE24     ; 256        ; 4        ; RESERVED_INPUT_WITH_WEAK_PULLUP                           ;        ;              ;         ; Column I/O ;                 ; no       ; On           ;
; AE25     ; 243        ; 4        ; a[2]                                                      ; input  ; 2.5 V        ;         ; Column I/O ; N               ; no       ; Off          ;
; AE26     ; 278        ; 5        ; RESERVED_INPUT_WITH_WEAK_PULLUP                           ;        ;              ;         ; Row I/O    ;                 ; no       ; On           ;
; AE27     ; 284        ; 5        ; sum[35]                                                   ; output ; 2.5 V        ;         ; Row I/O    ; N               ; no       ; Off          ;
; AE28     ; 283        ; 5        ; RESERVED_INPUT_WITH_WEAK_PULLUP                           ;        ;              ;         ; Row I/O    ;                 ; no       ; On           ;
; AF1      ;            ;          ; GND                                                       ; gnd    ;              ;         ; --         ;                 ; --       ; --           ;
; AF2      ; 123        ; 2        ; RESERVED_INPUT_WITH_WEAK_PULLUP                           ;        ;              ;         ; Row I/O    ;                 ; no       ; On           ;
; AF3      ; 138        ; 3        ; RESERVED_INPUT_WITH_WEAK_PULLUP                           ;        ;              ;         ; Column I/O ;                 ; no       ; On           ;
; AF4      ; 131        ; 3        ; b[20]                                                     ; input  ; 2.5 V        ;         ; Column I/O ; N               ; no       ; Off          ;
; AF5      ; 136        ; 3        ; a[23]                                                     ; input  ; 2.5 V        ;         ; Column I/O ; N               ; no       ; Off          ;
; AF6      ; 139        ; 3        ; sum[14]                                                   ; output ; 2.5 V        ;         ; Column I/O ; N               ; no       ; Off          ;
; AF7      ; 159        ; 3        ; RESERVED_INPUT_WITH_WEAK_PULLUP                           ;        ;              ;         ; Column I/O ;                 ; no       ; On           ;
; AF8      ; 162        ; 3        ; sum[63]                                                   ; output ; 2.5 V        ;         ; Column I/O ; N               ; no       ; Off          ;
; AF9      ; 160        ; 3        ; sum[62]                                                   ; output ; 2.5 V        ;         ; Column I/O ; N               ; no       ; Off          ;
; AF10     ; 166        ; 3        ; sum[60]                                                   ; output ; 2.5 V        ;         ; Column I/O ; N               ; no       ; Off          ;
; AF11     ; 172        ; 3        ; b[59]                                                     ; input  ; 2.5 V        ;         ; Column I/O ; N               ; no       ; Off          ;
; AF12     ; 170        ; 3        ; sum[59]                                                   ; output ; 2.5 V        ;         ; Column I/O ; N               ; no       ; Off          ;
; AF13     ; 178        ; 3        ; sum[53]                                                   ; output ; 2.5 V        ;         ; Column I/O ; N               ; no       ; Off          ;
; AF14     ; 184        ; 3        ; b[53]                                                     ; input  ; 2.5 V        ;         ; Column I/O ; N               ; no       ; Off          ;
; AF15     ; 206        ; 4        ; a[40]                                                     ; input  ; 2.5 V        ;         ; Column I/O ; N               ; no       ; Off          ;
; AF16     ; 210        ; 4        ; a[41]                                                     ; input  ; 2.5 V        ;         ; Column I/O ; N               ; no       ; Off          ;
; AF17     ; 216        ; 4        ; a[51]                                                     ; input  ; 2.5 V        ;         ; Column I/O ; N               ; no       ; Off          ;
; AF18     ; 226        ; 4        ; b[35]                                                     ; input  ; 2.5 V        ;         ; Column I/O ; N               ; no       ; Off          ;
; AF19     ; 232        ; 4        ; sum[39]                                                   ; output ; 2.5 V        ;         ; Column I/O ; N               ; no       ; Off          ;
; AF20     ; 236        ; 4        ; sum[30]                                                   ; output ; 2.5 V        ;         ; Column I/O ; N               ; no       ; Off          ;
; AF21     ; 239        ; 4        ; a[38]                                                     ; input  ; 2.5 V        ;         ; Column I/O ; N               ; no       ; Off          ;
; AF22     ; 252        ; 4        ; RESERVED_INPUT_WITH_WEAK_PULLUP                           ;        ;              ;         ; Column I/O ;                 ; no       ; On           ;
; AF23     ; 262        ; 4        ; RESERVED_INPUT_WITH_WEAK_PULLUP                           ;        ;              ;         ; Column I/O ;                 ; no       ; On           ;
; AF24     ; 233        ; 4        ; sum[29]                                                   ; output ; 2.5 V        ;         ; Column I/O ; N               ; no       ; Off          ;
; AF25     ; 234        ; 4        ; b[31]                                                     ; input  ; 2.5 V        ;         ; Column I/O ; N               ; no       ; Off          ;
; AF26     ; 244        ; 4        ; sum[31]                                                   ; output ; 2.5 V        ;         ; Column I/O ; N               ; no       ; Off          ;
; AF27     ; 277        ; 5        ; RESERVED_INPUT_WITH_WEAK_PULLUP                           ;        ;              ;         ; Row I/O    ;                 ; no       ; On           ;
; AF28     ;            ;          ; GND                                                       ; gnd    ;              ;         ; --         ;                 ; --       ; --           ;
; AG1      ;            ; 2        ; VCCIO2                                                    ; power  ;              ; 2.5V    ; --         ;                 ; --       ; --           ;
; AG2      ;            ;          ; GND                                                       ; gnd    ;              ;         ; --         ;                 ; --       ; --           ;
; AG3      ; 133        ; 3        ; b[7]                                                      ; input  ; 2.5 V        ;         ; Column I/O ; N               ; no       ; Off          ;
; AG4      ; 141        ; 3        ; sum[40]                                                   ; output ; 2.5 V        ;         ; Column I/O ; N               ; no       ; Off          ;
; AG5      ;            ;          ; GND                                                       ; gnd    ;              ;         ; --         ;                 ; --       ; --           ;
; AG6      ; 145        ; 3        ; RESERVED_INPUT_WITH_WEAK_PULLUP                           ;        ;              ;         ; Column I/O ;                 ; no       ; On           ;
; AG7      ; 150        ; 3        ; RESERVED_INPUT_WITH_WEAK_PULLUP                           ;        ;              ;         ; Column I/O ;                 ; no       ; On           ;
; AG8      ; 156        ; 3        ; RESERVED_INPUT_WITH_WEAK_PULLUP                           ;        ;              ;         ; Column I/O ;                 ; no       ; On           ;
; AG9      ;            ;          ; GND                                                       ; gnd    ;              ;         ; --         ;                 ; --       ; --           ;
; AG10     ; 167        ; 3        ; a[61]                                                     ; input  ; 2.5 V        ;         ; Column I/O ; N               ; no       ; Off          ;
; AG11     ; 175        ; 3        ; a[57]                                                     ; input  ; 2.5 V        ;         ; Column I/O ; N               ; no       ; Off          ;
; AG12     ; 193        ; 3        ; sum[44]                                                   ; output ; 2.5 V        ;         ; Column I/O ; N               ; no       ; Off          ;
; AG13     ;            ;          ; GND                                                       ; gnd    ;              ;         ; --         ;                 ; --       ; --           ;
; AG14     ; 199        ; 3        ; a[3]                                                      ; input  ; 2.5 V        ;         ; Column I/O ; N               ; no       ; Off          ;
; AG15     ; 201        ; 4        ; GND+                                                      ;        ;              ;         ; Column I/O ;                 ; --       ; --           ;
; AG16     ;            ;          ; GND                                                       ; gnd    ;              ;         ; --         ;                 ; --       ; --           ;
; AG17     ; 207        ; 4        ; sum[43]                                                   ; output ; 2.5 V        ;         ; Column I/O ; N               ; no       ; Off          ;
; AG18     ; 217        ; 4        ; b[42]                                                     ; input  ; 2.5 V        ;         ; Column I/O ; N               ; no       ; Off          ;
; AG19     ; 219        ; 4        ; a[43]                                                     ; input  ; 2.5 V        ;         ; Column I/O ; N               ; no       ; Off          ;
; AG20     ;            ;          ; GND                                                       ; gnd    ;              ;         ; --         ;                 ; --       ; --           ;
; AG21     ; 223        ; 4        ; sum[50]                                                   ; output ; 2.5 V        ;         ; Column I/O ; N               ; no       ; Off          ;
; AG22     ; 227        ; 4        ; b[32]                                                     ; input  ; 2.5 V        ;         ; Column I/O ; N               ; no       ; Off          ;
; AG23     ; 229        ; 4        ; sum[32]                                                   ; output ; 2.5 V        ;         ; Column I/O ; N               ; no       ; Off          ;
; AG24     ;            ;          ; GND                                                       ; gnd    ;              ;         ; --         ;                 ; --       ; --           ;
; AG25     ; 245        ; 4        ; RESERVED_INPUT_WITH_WEAK_PULLUP                           ;        ;              ;         ; Column I/O ;                 ; no       ; On           ;
; AG26     ; 270        ; 4        ; RESERVED_INPUT_WITH_WEAK_PULLUP                           ;        ;              ;         ; Column I/O ;                 ; no       ; On           ;
; AG27     ;            ;          ; GND                                                       ; gnd    ;              ;         ; --         ;                 ; --       ; --           ;
; AG28     ;            ; 5        ; VCCIO5                                                    ; power  ;              ; 2.5V    ; --         ;                 ; --       ; --           ;
; AH2      ;            ; 3        ; VCCIO3                                                    ; power  ;              ; 2.5V    ; --         ;                 ; --       ; --           ;
; AH3      ; 137        ; 3        ; a[17]                                                     ; input  ; 2.5 V        ;         ; Column I/O ; N               ; no       ; Off          ;
; AH4      ; 142        ; 3        ; RESERVED_INPUT_WITH_WEAK_PULLUP                           ;        ;              ;         ; Column I/O ;                 ; no       ; On           ;
; AH5      ;            ; 3        ; VCCIO3                                                    ; power  ;              ; 2.5V    ; --         ;                 ; --       ; --           ;
; AH6      ; 146        ; 3        ; RESERVED_INPUT_WITH_WEAK_PULLUP                           ;        ;              ;         ; Column I/O ;                 ; no       ; On           ;
; AH7      ; 151        ; 3        ; RESERVED_INPUT_WITH_WEAK_PULLUP                           ;        ;              ;         ; Column I/O ;                 ; no       ; On           ;
; AH8      ; 157        ; 3        ; a[63]                                                     ; input  ; 2.5 V        ;         ; Column I/O ; N               ; no       ; Off          ;
; AH9      ;            ; 3        ; VCCIO3                                                    ; power  ;              ; 2.5V    ; --         ;                 ; --       ; --           ;
; AH10     ; 168        ; 3        ; b[63]                                                     ; input  ; 2.5 V        ;         ; Column I/O ; N               ; no       ; Off          ;
; AH11     ; 176        ; 3        ; a[56]                                                     ; input  ; 2.5 V        ;         ; Column I/O ; N               ; no       ; Off          ;
; AH12     ; 194        ; 3        ; a[54]                                                     ; input  ; 2.5 V        ;         ; Column I/O ; N               ; no       ; Off          ;
; AH13     ;            ; 3        ; VCCIO3                                                    ; power  ;              ; 2.5V    ; --         ;                 ; --       ; --           ;
; AH14     ; 200        ; 3        ; b[28]                                                     ; input  ; 2.5 V        ;         ; Column I/O ; N               ; no       ; Off          ;
; AH15     ; 202        ; 4        ; GND+                                                      ;        ;              ;         ; Column I/O ;                 ; --       ; --           ;
; AH16     ;            ; 4        ; VCCIO4                                                    ; power  ;              ; 2.5V    ; --         ;                 ; --       ; --           ;
; AH17     ; 208        ; 4        ; sum[51]                                                   ; output ; 2.5 V        ;         ; Column I/O ; N               ; no       ; Off          ;
; AH18     ; 218        ; 4        ; RESERVED_INPUT_WITH_WEAK_PULLUP                           ;        ;              ;         ; Column I/O ;                 ; no       ; On           ;
; AH19     ; 220        ; 4        ; RESERVED_INPUT_WITH_WEAK_PULLUP                           ;        ;              ;         ; Column I/O ;                 ; no       ; On           ;
; AH20     ;            ; 4        ; VCCIO4                                                    ; power  ;              ; 2.5V    ; --         ;                 ; --       ; --           ;
; AH21     ; 224        ; 4        ; sum[38]                                                   ; output ; 2.5 V        ;         ; Column I/O ; N               ; no       ; Off          ;
; AH22     ; 228        ; 4        ; a[34]                                                     ; input  ; 2.5 V        ;         ; Column I/O ; N               ; no       ; Off          ;
; AH23     ; 230        ; 4        ; a[32]                                                     ; input  ; 2.5 V        ;         ; Column I/O ; N               ; no       ; Off          ;
; AH24     ;            ; 4        ; VCCIO4                                                    ; power  ;              ; 2.5V    ; --         ;                 ; --       ; --           ;
; AH25     ; 246        ; 4        ; b[30]                                                     ; input  ; 2.5 V        ;         ; Column I/O ; N               ; no       ; Off          ;
; AH26     ; 271        ; 4        ; RESERVED_INPUT_WITH_WEAK_PULLUP                           ;        ;              ;         ; Column I/O ;                 ; no       ; On           ;
; AH27     ;            ; 4        ; VCCIO4                                                    ; power  ;              ; 2.5V    ; --         ;                 ; --       ; --           ;
; B1       ;            ; 1        ; VCCIO1                                                    ; power  ;              ; 2.5V    ; --         ;                 ; --       ; --           ;
; B2       ;            ;          ; GND                                                       ; gnd    ;              ;         ; --         ;                 ; --       ; --           ;
; B3       ; 534        ; 8        ; b[12]                                                     ; input  ; 2.5 V        ;         ; Column I/O ; N               ; no       ; Off          ;
; B4       ; 533        ; 8        ; a[16]                                                     ; input  ; 2.5 V        ;         ; Column I/O ; N               ; no       ; Off          ;
; B5       ;            ;          ; GND                                                       ; gnd    ;              ;         ; --         ;                 ; --       ; --           ;
; B6       ; 505        ; 8        ; RESERVED_INPUT_WITH_WEAK_PULLUP                           ;        ;              ;         ; Column I/O ;                 ; no       ; On           ;
; B7       ; 502        ; 8        ; b[61]                                                     ; input  ; 2.5 V        ;         ; Column I/O ; N               ; no       ; Off          ;
; B8       ; 518        ; 8        ; RESERVED_INPUT_WITH_WEAK_PULLUP                           ;        ;              ;         ; Column I/O ;                 ; no       ; On           ;
; B9       ;            ;          ; GND                                                       ; gnd    ;              ;         ; --         ;                 ; --       ; --           ;
; B10      ; 492        ; 8        ; RESERVED_INPUT_WITH_WEAK_PULLUP                           ;        ;              ;         ; Column I/O ;                 ; no       ; On           ;
; B11      ; 488        ; 8        ; RESERVED_INPUT_WITH_WEAK_PULLUP                           ;        ;              ;         ; Column I/O ;                 ; no       ; On           ;
; B12      ;            ;          ; GND                                                       ; gnd    ;              ;         ; --         ;                 ; --       ; --           ;
; B13      ;            ;          ; GND                                                       ; gnd    ;              ;         ; --         ;                 ; --       ; --           ;
; B14      ; 473        ; 8        ; GND+                                                      ;        ;              ;         ; Column I/O ;                 ; --       ; --           ;
; B15      ; 471        ; 7        ; GND+                                                      ;        ;              ;         ; Column I/O ;                 ; --       ; --           ;
; B16      ;            ;          ; GND                                                       ; gnd    ;              ;         ; --         ;                 ; --       ; --           ;
; B17      ; 463        ; 7        ; RESERVED_INPUT_WITH_WEAK_PULLUP                           ;        ;              ;         ; Column I/O ;                 ; no       ; On           ;
; B18      ; 443        ; 7        ; RESERVED_INPUT_WITH_WEAK_PULLUP                           ;        ;              ;         ; Column I/O ;                 ; no       ; On           ;
; B19      ; 441        ; 7        ; RESERVED_INPUT_WITH_WEAK_PULLUP                           ;        ;              ;         ; Column I/O ;                 ; no       ; On           ;
; B20      ;            ;          ; GND                                                       ; gnd    ;              ;         ; --         ;                 ; --       ; --           ;
; B21      ; 426        ; 7        ; RESERVED_INPUT_WITH_WEAK_PULLUP                           ;        ;              ;         ; Column I/O ;                 ; no       ; On           ;
; B22      ; 424        ; 7        ; RESERVED_INPUT_WITH_WEAK_PULLUP                           ;        ;              ;         ; Column I/O ;                 ; no       ; On           ;
; B23      ; 413        ; 7        ; RESERVED_INPUT_WITH_WEAK_PULLUP                           ;        ;              ;         ; Column I/O ;                 ; no       ; On           ;
; B24      ;            ;          ; GND                                                       ; gnd    ;              ;         ; --         ;                 ; --       ; --           ;
; B25      ; 406        ; 7        ; RESERVED_INPUT_WITH_WEAK_PULLUP                           ;        ;              ;         ; Column I/O ;                 ; no       ; On           ;
; B26      ; 401        ; 7        ; RESERVED_INPUT_WITH_WEAK_PULLUP                           ;        ;              ;         ; Column I/O ;                 ; no       ; On           ;
; B27      ;            ;          ; GND                                                       ; gnd    ;              ;         ; --         ;                 ; --       ; --           ;
; B28      ;            ; 6        ; VCCIO6                                                    ; power  ;              ; 2.5V    ; --         ;                 ; --       ; --           ;
; C1       ;            ;          ; GND                                                       ; gnd    ;              ;         ; --         ;                 ; --       ; --           ;
; C2       ; 1          ; 1        ; RESERVED_INPUT_WITH_WEAK_PULLUP                           ;        ;              ;         ; Row I/O    ;                 ; no       ; On           ;
; C3       ; 543        ; 8        ; RESERVED_INPUT_WITH_WEAK_PULLUP                           ;        ;              ;         ; Column I/O ;                 ; no       ; On           ;
; C4       ; 539        ; 8        ; b[10]                                                     ; input  ; 2.5 V        ;         ; Column I/O ; N               ; no       ; Off          ;
; C5       ; 538        ; 8        ; b[11]                                                     ; input  ; 2.5 V        ;         ; Column I/O ; N               ; no       ; Off          ;
; C6       ; 536        ; 8        ; RESERVED_INPUT_WITH_WEAK_PULLUP                           ;        ;              ;         ; Column I/O ;                 ; no       ; On           ;
; C7       ; 521        ; 8        ; RESERVED_INPUT_WITH_WEAK_PULLUP                           ;        ;              ;         ; Column I/O ;                 ; no       ; On           ;
; C8       ; 519        ; 8        ; RESERVED_INPUT_WITH_WEAK_PULLUP                           ;        ;              ;         ; Column I/O ;                 ; no       ; On           ;
; C9       ; 510        ; 8        ; RESERVED_INPUT_WITH_WEAK_PULLUP                           ;        ;              ;         ; Column I/O ;                 ; no       ; On           ;
; C10      ; 495        ; 8        ; RESERVED_INPUT_WITH_WEAK_PULLUP                           ;        ;              ;         ; Column I/O ;                 ; no       ; On           ;
; C11      ; 508        ; 8        ; RESERVED_INPUT_WITH_WEAK_PULLUP                           ;        ;              ;         ; Column I/O ;                 ; no       ; On           ;
; C12      ; 478        ; 8        ; RESERVED_INPUT_WITH_WEAK_PULLUP                           ;        ;              ;         ; Column I/O ;                 ; no       ; On           ;
; C13      ; 474        ; 8        ; RESERVED_INPUT_WITH_WEAK_PULLUP                           ;        ;              ;         ; Column I/O ;                 ; no       ; On           ;
; C14      ; 476        ; 8        ; RESERVED_INPUT_WITH_WEAK_PULLUP                           ;        ;              ;         ; Column I/O ;                 ; no       ; On           ;
; C15      ; 468        ; 7        ; RESERVED_INPUT_WITH_WEAK_PULLUP                           ;        ;              ;         ; Column I/O ;                 ; no       ; On           ;
; C16      ; 460        ; 7        ; sum[48]                                                   ; output ; 2.5 V        ;         ; Column I/O ; N               ; no       ; Off          ;
; C17      ; 438        ; 7        ; RESERVED_INPUT_WITH_WEAK_PULLUP                           ;        ;              ;         ; Column I/O ;                 ; no       ; On           ;
; C18      ; 429        ; 7        ; RESERVED_INPUT_WITH_WEAK_PULLUP                           ;        ;              ;         ; Column I/O ;                 ; no       ; On           ;
; C19      ; 435        ; 7        ; b[38]                                                     ; input  ; 2.5 V        ;         ; Column I/O ; N               ; no       ; Off          ;
; C20      ; 431        ; 7        ; RESERVED_INPUT_WITH_WEAK_PULLUP                           ;        ;              ;         ; Column I/O ;                 ; no       ; On           ;
; C21      ; 422        ; 7        ; RESERVED_INPUT_WITH_WEAK_PULLUP                           ;        ;              ;         ; Column I/O ;                 ; no       ; On           ;
; C22      ; 418        ; 7        ; RESERVED_INPUT_WITH_WEAK_PULLUP                           ;        ;              ;         ; Column I/O ;                 ; no       ; On           ;
; C23      ; 415        ; 7        ; RESERVED_INPUT_WITH_WEAK_PULLUP                           ;        ;              ;         ; Column I/O ;                 ; no       ; On           ;
; C24      ; 416        ; 7        ; RESERVED_INPUT_WITH_WEAK_PULLUP                           ;        ;              ;         ; Column I/O ;                 ; no       ; On           ;
; C25      ; 411        ; 7        ; RESERVED_INPUT_WITH_WEAK_PULLUP                           ;        ;              ;         ; Column I/O ;                 ; no       ; On           ;
; C26      ; 400        ; 7        ; RESERVED_INPUT_WITH_WEAK_PULLUP                           ;        ;              ;         ; Column I/O ;                 ; no       ; On           ;
; C27      ; 382        ; 6        ; RESERVED_INPUT_WITH_WEAK_PULLUP                           ;        ;              ;         ; Row I/O    ;                 ; no       ; On           ;
; C28      ;            ;          ; GND                                                       ; gnd    ;              ;         ; --         ;                 ; --       ; --           ;
; D1       ; 3          ; 1        ; RESERVED_INPUT_WITH_WEAK_PULLUP                           ;        ;              ;         ; Row I/O    ;                 ; no       ; On           ;
; D2       ; 2          ; 1        ; RESERVED_INPUT_WITH_WEAK_PULLUP                           ;        ;              ;         ; Row I/O    ;                 ; no       ; On           ;
; D3       ;            ;          ; GND                                                       ; gnd    ;              ;         ; --         ;                 ; --       ; --           ;
; D4       ; 540        ; 8        ; RESERVED_INPUT_WITH_WEAK_PULLUP                           ;        ;              ;         ; Column I/O ;                 ; no       ; On           ;
; D5       ; 537        ; 8        ; RESERVED_INPUT_WITH_WEAK_PULLUP                           ;        ;              ;         ; Column I/O ;                 ; no       ; On           ;
; D6       ; 524        ; 8        ; RESERVED_INPUT_WITH_WEAK_PULLUP                           ;        ;              ;         ; Column I/O ;                 ; no       ; On           ;
; D7       ; 522        ; 8        ; RESERVED_INPUT_WITH_WEAK_PULLUP                           ;        ;              ;         ; Column I/O ;                 ; no       ; On           ;
; D8       ; 520        ; 8        ; RESERVED_INPUT_WITH_WEAK_PULLUP                           ;        ;              ;         ; Column I/O ;                 ; no       ; On           ;
; D9       ; 511        ; 8        ; RESERVED_INPUT_WITH_WEAK_PULLUP                           ;        ;              ;         ; Column I/O ;                 ; no       ; On           ;
; D10      ; 496        ; 8        ; RESERVED_INPUT_WITH_WEAK_PULLUP                           ;        ;              ;         ; Column I/O ;                 ; no       ; On           ;
; D11      ; 509        ; 8        ; RESERVED_INPUT_WITH_WEAK_PULLUP                           ;        ;              ;         ; Column I/O ;                 ; no       ; On           ;
; D12      ; 479        ; 8        ; RESERVED_INPUT_WITH_WEAK_PULLUP                           ;        ;              ;         ; Column I/O ;                 ; no       ; On           ;
; D13      ; 475        ; 8        ; b[47]                                                     ; input  ; 2.5 V        ;         ; Column I/O ; N               ; no       ; Off          ;
; D14      ; 477        ; 8        ; RESERVED_INPUT_WITH_WEAK_PULLUP                           ;        ;              ;         ; Column I/O ;                 ; no       ; On           ;
; D15      ; 469        ; 7        ; RESERVED_INPUT_WITH_WEAK_PULLUP                           ;        ;              ;         ; Column I/O ;                 ; no       ; On           ;
; D16      ; 461        ; 7        ; sum[49]                                                   ; output ; 2.5 V        ;         ; Column I/O ; N               ; no       ; Off          ;
; D17      ; 439        ; 7        ; RESERVED_INPUT_WITH_WEAK_PULLUP                           ;        ;              ;         ; Column I/O ;                 ; no       ; On           ;
; D18      ; 430        ; 7        ; RESERVED_INPUT_WITH_WEAK_PULLUP                           ;        ;              ;         ; Column I/O ;                 ; no       ; On           ;
; D19      ; 436        ; 7        ; RESERVED_INPUT_WITH_WEAK_PULLUP                           ;        ;              ;         ; Column I/O ;                 ; no       ; On           ;
; D20      ; 432        ; 7        ; RESERVED_INPUT_WITH_WEAK_PULLUP                           ;        ;              ;         ; Column I/O ;                 ; no       ; On           ;
; D21      ; 419        ; 7        ; RESERVED_INPUT_WITH_WEAK_PULLUP                           ;        ;              ;         ; Column I/O ;                 ; no       ; On           ;
; D22      ; 402        ; 7        ; RESERVED_INPUT_WITH_WEAK_PULLUP                           ;        ;              ;         ; Column I/O ;                 ; no       ; On           ;
; D23      ; 414        ; 7        ; RESERVED_INPUT_WITH_WEAK_PULLUP                           ;        ;              ;         ; Column I/O ;                 ; no       ; On           ;
; D24      ; 417        ; 7        ; RESERVED_INPUT_WITH_WEAK_PULLUP                           ;        ;              ;         ; Column I/O ;                 ; no       ; On           ;
; D25      ; 410        ; 7        ; RESERVED_INPUT_WITH_WEAK_PULLUP                           ;        ;              ;         ; Column I/O ;                 ; no       ; On           ;
; D26      ; 383        ; 6        ; RESERVED_INPUT_WITH_WEAK_PULLUP                           ;        ;              ;         ; Row I/O    ;                 ; no       ; On           ;
; D27      ; 381        ; 6        ; RESERVED_INPUT_WITH_WEAK_PULLUP                           ;        ;              ;         ; Row I/O    ;                 ; no       ; On           ;
; D28      ; 380        ; 6        ; RESERVED_INPUT_WITH_WEAK_PULLUP                           ;        ;              ;         ; Row I/O    ;                 ; no       ; On           ;
; E1       ; 17         ; 1        ; RESERVED_INPUT_WITH_WEAK_PULLUP                           ;        ;              ;         ; Row I/O    ;                 ; no       ; On           ;
; E2       ; 16         ; 1        ; ~ALTERA_FLASH_nCE_nCSO~ / RESERVED_INPUT_WITH_WEAK_PULLUP ; input  ; 2.5 V        ;         ; Row I/O    ; N               ; no       ; On           ;
; E3       ; 7          ; 1        ; RESERVED_INPUT_WITH_WEAK_PULLUP                           ;        ;              ;         ; Row I/O    ;                 ; no       ; On           ;
; E4       ; 541        ; 8        ; RESERVED_INPUT_WITH_WEAK_PULLUP                           ;        ;              ;         ; Column I/O ;                 ; no       ; On           ;
; E5       ; 542        ; 8        ; RESERVED_INPUT_WITH_WEAK_PULLUP                           ;        ;              ;         ; Column I/O ;                 ; no       ; On           ;
; E6       ;            ; 8        ; VCCIO8                                                    ; power  ;              ; 2.5V    ; --         ;                 ; --       ; --           ;
; E7       ; 523        ; 8        ; RESERVED_INPUT_WITH_WEAK_PULLUP                           ;        ;              ;         ; Column I/O ;                 ; no       ; On           ;
; E8       ; 526        ; 8        ; RESERVED_INPUT_WITH_WEAK_PULLUP                           ;        ;              ;         ; Column I/O ;                 ; no       ; On           ;
; E9       ;            ; 8        ; VCCIO8                                                    ; power  ;              ; 2.5V    ; --         ;                 ; --       ; --           ;
; E10      ; 516        ; 8        ; RESERVED_INPUT_WITH_WEAK_PULLUP                           ;        ;              ;         ; Column I/O ;                 ; no       ; On           ;
; E11      ; 499        ; 8        ; RESERVED_INPUT_WITH_WEAK_PULLUP                           ;        ;              ;         ; Column I/O ;                 ; no       ; On           ;
; E12      ; 497        ; 8        ; RESERVED_INPUT_WITH_WEAK_PULLUP                           ;        ;              ;         ; Column I/O ;                 ; no       ; On           ;
; E13      ;            ; 8        ; VCCIO8                                                    ; power  ;              ; 2.5V    ; --         ;                 ; --       ; --           ;
; E14      ; 486        ; 8        ; b[54]                                                     ; input  ; 2.5 V        ;         ; Column I/O ; N               ; no       ; Off          ;
; E15      ; 467        ; 7        ; RESERVED_INPUT_WITH_WEAK_PULLUP                           ;        ;              ;         ; Column I/O ;                 ; no       ; On           ;
; E16      ;            ; 7        ; VCCIO7                                                    ; power  ;              ; 2.5V    ; --         ;                 ; --       ; --           ;
; E17      ; 456        ; 7        ; RESERVED_INPUT_WITH_WEAK_PULLUP                           ;        ;              ;         ; Column I/O ;                 ; no       ; On           ;
; E18      ; 427        ; 7        ; RESERVED_INPUT_WITH_WEAK_PULLUP                           ;        ;              ;         ; Column I/O ;                 ; no       ; On           ;
; E19      ; 421        ; 7        ; RESERVED_INPUT_WITH_WEAK_PULLUP                           ;        ;              ;         ; Column I/O ;                 ; no       ; On           ;
; E20      ;            ; 7        ; VCCIO7                                                    ; power  ;              ; 2.5V    ; --         ;                 ; --       ; --           ;
; E21      ; 407        ; 7        ; RESERVED_INPUT_WITH_WEAK_PULLUP                           ;        ;              ;         ; Column I/O ;                 ; no       ; On           ;
; E22      ; 403        ; 7        ; RESERVED_INPUT_WITH_WEAK_PULLUP                           ;        ;              ;         ; Column I/O ;                 ; no       ; On           ;
; E23      ;            ; 7        ; VCCIO7                                                    ; power  ;              ; 2.5V    ; --         ;                 ; --       ; --           ;
; E24      ; 433        ; 7        ; RESERVED_INPUT_WITH_WEAK_PULLUP                           ;        ;              ;         ; Column I/O ;                 ; no       ; On           ;
; E25      ; 434        ; 7        ; RESERVED_INPUT_WITH_WEAK_PULLUP                           ;        ;              ;         ; Column I/O ;                 ; no       ; On           ;
; E26      ; 378        ; 6        ; RESERVED_INPUT_WITH_WEAK_PULLUP                           ;        ;              ;         ; Row I/O    ;                 ; no       ; On           ;
; E27      ; 375        ; 6        ; RESERVED_INPUT_WITH_WEAK_PULLUP                           ;        ;              ;         ; Row I/O    ;                 ; no       ; On           ;
; E28      ; 374        ; 6        ; RESERVED_INPUT_WITH_WEAK_PULLUP                           ;        ;              ;         ; Row I/O    ;                 ; no       ; On           ;
; F1       ; 19         ; 1        ; RESERVED_INPUT_WITH_WEAK_PULLUP                           ;        ;              ;         ; Row I/O    ;                 ; no       ; On           ;
; F2       ; 18         ; 1        ; RESERVED_INPUT_WITH_WEAK_PULLUP                           ;        ;              ;         ; Row I/O    ;                 ; no       ; On           ;
; F3       ; 8          ; 1        ; RESERVED_INPUT_WITH_WEAK_PULLUP                           ;        ;              ;         ; Row I/O    ;                 ; no       ; On           ;
; F4       ; 10         ; 1        ; ~ALTERA_ASDO_DATA1~ / RESERVED_INPUT_WITH_WEAK_PULLUP     ; input  ; 2.5 V        ;         ; Row I/O    ; N               ; no       ; On           ;
; F5       ; 9          ; 1        ; RESERVED_INPUT_WITH_WEAK_PULLUP                           ;        ;              ;         ; Row I/O    ;                 ; no       ; On           ;
; F6       ;            ;          ; GND                                                       ; gnd    ;              ;         ; --         ;                 ; --       ; --           ;
; F7       ; 531        ; 8        ; RESERVED_INPUT_WITH_WEAK_PULLUP                           ;        ;              ;         ; Column I/O ;                 ; no       ; On           ;
; F8       ; 527        ; 8        ; RESERVED_INPUT_WITH_WEAK_PULLUP                           ;        ;              ;         ; Column I/O ;                 ; no       ; On           ;
; F9       ;            ;          ; GND                                                       ; gnd    ;              ;         ; --         ;                 ; --       ; --           ;
; F10      ; 512        ; 8        ; RESERVED_INPUT_WITH_WEAK_PULLUP                           ;        ;              ;         ; Column I/O ;                 ; no       ; On           ;
; F11      ; 500        ; 8        ; RESERVED_INPUT_WITH_WEAK_PULLUP                           ;        ;              ;         ; Column I/O ;                 ; no       ; On           ;
; F12      ; 498        ; 8        ; RESERVED_INPUT_WITH_WEAK_PULLUP                           ;        ;              ;         ; Column I/O ;                 ; no       ; On           ;
; F13      ;            ;          ; GND                                                       ; gnd    ;              ;         ; --         ;                 ; --       ; --           ;
; F14      ; 485        ; 8        ; sum[52]                                                   ; output ; 2.5 V        ;         ; Column I/O ; N               ; no       ; Off          ;
; F15      ; 466        ; 7        ; RESERVED_INPUT_WITH_WEAK_PULLUP                           ;        ;              ;         ; Column I/O ;                 ; no       ; On           ;
; F16      ;            ;          ; GND                                                       ; gnd    ;              ;         ; --         ;                 ; --       ; --           ;
; F17      ; 455        ; 7        ; RESERVED_INPUT_WITH_WEAK_PULLUP                           ;        ;              ;         ; Column I/O ;                 ; no       ; On           ;
; F18      ; 428        ; 7        ; RESERVED_INPUT_WITH_WEAK_PULLUP                           ;        ;              ;         ; Column I/O ;                 ; no       ; On           ;
; F19      ; 420        ; 7        ; RESERVED_INPUT_WITH_WEAK_PULLUP                           ;        ;              ;         ; Column I/O ;                 ; no       ; On           ;
; F20      ;            ;          ; GND                                                       ; gnd    ;              ;         ; --         ;                 ; --       ; --           ;
; F21      ; 408        ; 7        ; RESERVED_INPUT_WITH_WEAK_PULLUP                           ;        ;              ;         ; Column I/O ;                 ; no       ; On           ;
; F22      ; 409        ; 7        ; RESERVED_INPUT_WITH_WEAK_PULLUP                           ;        ;              ;         ; Column I/O ;                 ; no       ; On           ;
; F23      ;            ;          ; GND                                                       ; gnd    ;              ;         ; --         ;                 ; --       ; --           ;
; F24      ; 396        ; 6        ; RESERVED_INPUT_WITH_WEAK_PULLUP                           ;        ;              ;         ; Row I/O    ;                 ; no       ; On           ;
; F25      ; 395        ; 6        ; RESERVED_INPUT_WITH_WEAK_PULLUP                           ;        ;              ;         ; Row I/O    ;                 ; no       ; On           ;
; F26      ; 379        ; 6        ; RESERVED_INPUT_WITH_WEAK_PULLUP                           ;        ;              ;         ; Row I/O    ;                 ; no       ; On           ;
; F27      ; 373        ; 6        ; RESERVED_INPUT_WITH_WEAK_PULLUP                           ;        ;              ;         ; Row I/O    ;                 ; no       ; On           ;
; F28      ; 372        ; 6        ; RESERVED_INPUT_WITH_WEAK_PULLUP                           ;        ;              ;         ; Row I/O    ;                 ; no       ; On           ;
; G1       ; 26         ; 1        ; sum[8]                                                    ; output ; 2.5 V        ;         ; Row I/O    ; N               ; no       ; Off          ;
; G2       ; 25         ; 1        ; b[8]                                                      ; input  ; 2.5 V        ;         ; Row I/O    ; N               ; no       ; Off          ;
; G3       ; 13         ; 1        ; RESERVED_INPUT_WITH_WEAK_PULLUP                           ;        ;              ;         ; Row I/O    ;                 ; no       ; On           ;
; G4       ; 12         ; 1        ; RESERVED_INPUT_WITH_WEAK_PULLUP                           ;        ;              ;         ; Row I/O    ;                 ; no       ; On           ;
; G5       ; 6          ; 1        ; RESERVED_INPUT_WITH_WEAK_PULLUP                           ;        ;              ;         ; Row I/O    ;                 ; no       ; On           ;
; G6       ; 5          ; 1        ; RESERVED_INPUT_WITH_WEAK_PULLUP                           ;        ;              ;         ; Row I/O    ;                 ; no       ; On           ;
; G7       ; 530        ; 8        ; RESERVED_INPUT_WITH_WEAK_PULLUP                           ;        ;              ;         ; Column I/O ;                 ; no       ; On           ;
; G8       ; 528        ; 8        ; RESERVED_INPUT_WITH_WEAK_PULLUP                           ;        ;              ;         ; Column I/O ;                 ; no       ; On           ;
; G9       ; 525        ; 8        ; RESERVED_INPUT_WITH_WEAK_PULLUP                           ;        ;              ;         ; Column I/O ;                 ; no       ; On           ;
; G10      ; 513        ; 8        ; RESERVED_INPUT_WITH_WEAK_PULLUP                           ;        ;              ;         ; Column I/O ;                 ; no       ; On           ;
; G11      ; 506        ; 8        ; RESERVED_INPUT_WITH_WEAK_PULLUP                           ;        ;              ;         ; Column I/O ;                 ; no       ; On           ;
; G12      ; 503        ; 8        ; RESERVED_INPUT_WITH_WEAK_PULLUP                           ;        ;              ;         ; Column I/O ;                 ; no       ; On           ;
; G13      ; 493        ; 8        ; RESERVED_INPUT_WITH_WEAK_PULLUP                           ;        ;              ;         ; Column I/O ;                 ; no       ; On           ;
; G14      ; 484        ; 8        ; RESERVED_INPUT_WITH_WEAK_PULLUP                           ;        ;              ;         ; Column I/O ;                 ; no       ; On           ;
; G15      ; 457        ; 7        ; b[51]                                                     ; input  ; 2.5 V        ;         ; Column I/O ; N               ; no       ; Off          ;
; G16      ; 453        ; 7        ; RESERVED_INPUT_WITH_WEAK_PULLUP                           ;        ;              ;         ; Column I/O ;                 ; no       ; On           ;
; G17      ; 437        ; 7        ; b[36]                                                     ; input  ; 2.5 V        ;         ; Column I/O ; N               ; no       ; Off          ;
; G18      ; 452        ; 7        ; RESERVED_INPUT_WITH_WEAK_PULLUP                           ;        ;              ;         ; Column I/O ;                 ; no       ; On           ;
; G19      ; 451        ; 7        ; RESERVED_INPUT_WITH_WEAK_PULLUP                           ;        ;              ;         ; Column I/O ;                 ; no       ; On           ;
; G20      ; 444        ; 7        ; RESERVED_INPUT_WITH_WEAK_PULLUP                           ;        ;              ;         ; Column I/O ;                 ; no       ; On           ;
; G21      ; 445        ; 7        ; RESERVED_INPUT_WITH_WEAK_PULLUP                           ;        ;              ;         ; Column I/O ;                 ; no       ; On           ;
; G22      ; 449        ; 7        ; RESERVED_INPUT_WITH_WEAK_PULLUP                           ;        ;              ;         ; Column I/O ;                 ; no       ; On           ;
; G23      ; 398        ; 6        ; RESERVED_INPUT_WITH_WEAK_PULLUP                           ;        ;              ;         ; Row I/O    ;                 ; no       ; On           ;
; G24      ; 397        ; 6        ; RESERVED_INPUT_WITH_WEAK_PULLUP                           ;        ;              ;         ; Row I/O    ;                 ; no       ; On           ;
; G25      ; 393        ; 6        ; RESERVED_INPUT_WITH_WEAK_PULLUP                           ;        ;              ;         ; Row I/O    ;                 ; no       ; On           ;
; G26      ; 392        ; 6        ; RESERVED_INPUT_WITH_WEAK_PULLUP                           ;        ;              ;         ; Row I/O    ;                 ; no       ; On           ;
; G27      ; 367        ; 6        ; RESERVED_INPUT_WITH_WEAK_PULLUP                           ;        ;              ;         ; Row I/O    ;                 ; no       ; On           ;
; G28      ; 366        ; 6        ; RESERVED_INPUT_WITH_WEAK_PULLUP                           ;        ;              ;         ; Row I/O    ;                 ; no       ; On           ;
; H1       ;            ; 1        ; VCCIO1                                                    ; power  ;              ; 2.5V    ; --         ;                 ; --       ; --           ;
; H2       ;            ;          ; GND                                                       ; gnd    ;              ;         ; --         ;                 ; --       ; --           ;
; H3       ; 15         ; 1        ; RESERVED_INPUT_WITH_WEAK_PULLUP                           ;        ;              ;         ; Row I/O    ;                 ; no       ; On           ;
; H4       ; 14         ; 1        ; RESERVED_INPUT_WITH_WEAK_PULLUP                           ;        ;              ;         ; Row I/O    ;                 ; no       ; On           ;
; H5       ; 20         ; 1        ; RESERVED_INPUT_WITH_WEAK_PULLUP                           ;        ;              ;         ; Row I/O    ;                 ; no       ; On           ;
; H6       ; 11         ; 1        ; RESERVED_INPUT_WITH_WEAK_PULLUP                           ;        ;              ;         ; Row I/O    ;                 ; no       ; On           ;
; H7       ; 4          ; 1        ; RESERVED_INPUT_WITH_WEAK_PULLUP                           ;        ;              ;         ; Row I/O    ;                 ; no       ; On           ;
; H8       ; 529        ; 8        ; RESERVED_INPUT_WITH_WEAK_PULLUP                           ;        ;              ;         ; Column I/O ;                 ; no       ; On           ;
; H9       ;            ;          ; GNDA3                                                     ; gnd    ;              ;         ; --         ;                 ; --       ; --           ;
; H10      ; 514        ; 8        ; RESERVED_INPUT_WITH_WEAK_PULLUP                           ;        ;              ;         ; Column I/O ;                 ; no       ; On           ;
; H11      ;            ; 8        ; VCCIO8                                                    ; power  ;              ; 2.5V    ; --         ;                 ; --       ; --           ;
; H12      ; 507        ; 8        ; RESERVED_INPUT_WITH_WEAK_PULLUP                           ;        ;              ;         ; Column I/O ;                 ; no       ; On           ;
; H13      ; 494        ; 8        ; RESERVED_INPUT_WITH_WEAK_PULLUP                           ;        ;              ;         ; Column I/O ;                 ; no       ; On           ;
; H14      ; 480        ; 8        ; RESERVED_INPUT_WITH_WEAK_PULLUP                           ;        ;              ;         ; Column I/O ;                 ; no       ; On           ;
; H15      ; 464        ; 7        ; RESERVED_INPUT_WITH_WEAK_PULLUP                           ;        ;              ;         ; Column I/O ;                 ; no       ; On           ;
; H16      ; 459        ; 7        ; RESERVED_INPUT_WITH_WEAK_PULLUP                           ;        ;              ;         ; Column I/O ;                 ; no       ; On           ;
; H17      ; 454        ; 7        ; RESERVED_INPUT_WITH_WEAK_PULLUP                           ;        ;              ;         ; Column I/O ;                 ; no       ; On           ;
; H18      ;            ; 7        ; VCCIO7                                                    ; power  ;              ; 2.5V    ; --         ;                 ; --       ; --           ;
; H19      ; 446        ; 7        ; RESERVED_INPUT_WITH_WEAK_PULLUP                           ;        ;              ;         ; Column I/O ;                 ; no       ; On           ;
; H20      ;            ;          ; GNDA2                                                     ; gnd    ;              ;         ; --         ;                 ; --       ; --           ;
; H21      ; 448        ; 7        ; RESERVED_INPUT_WITH_WEAK_PULLUP                           ;        ;              ;         ; Column I/O ;                 ; no       ; On           ;
; H22      ; 399        ; 6        ; RESERVED_INPUT_WITH_WEAK_PULLUP                           ;        ;              ;         ; Row I/O    ;                 ; no       ; On           ;
; H23      ; 391        ; 6        ; RESERVED_INPUT_WITH_WEAK_PULLUP                           ;        ;              ;         ; Row I/O    ;                 ; no       ; On           ;
; H24      ; 390        ; 6        ; RESERVED_INPUT_WITH_WEAK_PULLUP                           ;        ;              ;         ; Row I/O    ;                 ; no       ; On           ;
; H25      ; 377        ; 6        ; RESERVED_INPUT_WITH_WEAK_PULLUP                           ;        ;              ;         ; Row I/O    ;                 ; no       ; On           ;
; H26      ; 376        ; 6        ; RESERVED_INPUT_WITH_WEAK_PULLUP                           ;        ;              ;         ; Row I/O    ;                 ; no       ; On           ;
; H27      ;            ;          ; GND                                                       ; gnd    ;              ;         ; --         ;                 ; --       ; --           ;
; H28      ;            ; 6        ; VCCIO6                                                    ; power  ;              ; 2.5V    ; --         ;                 ; --       ; --           ;
; J1       ; 64         ; 1        ; clock                                                     ; input  ; 2.5 V        ;         ; Row I/O    ; N               ; no       ; Off          ;
; J2       ;            ;          ; GND                                                       ; gnd    ;              ;         ; --         ;                 ; --       ; --           ;
; J3       ; 23         ; 1        ; RESERVED_INPUT_WITH_WEAK_PULLUP                           ;        ;              ;         ; Row I/O    ;                 ; no       ; On           ;
; J4       ; 22         ; 1        ; RESERVED_INPUT_WITH_WEAK_PULLUP                           ;        ;              ;         ; Row I/O    ;                 ; no       ; On           ;
; J5       ; 36         ; 1        ; sum[15]                                                   ; output ; 2.5 V        ;         ; Row I/O    ; N               ; no       ; Off          ;
; J6       ; 35         ; 1        ; a[21]                                                     ; input  ; 2.5 V        ;         ; Row I/O    ; N               ; no       ; Off          ;
; J7       ; 37         ; 1        ; RESERVED_INPUT_WITH_WEAK_PULLUP                           ;        ;              ;         ; Row I/O    ;                 ; no       ; On           ;
; J8       ;            ; --       ; VCCA3                                                     ; power  ;              ; 2.5V    ; --         ;                 ; --       ; --           ;
; J9       ;            ;          ; VCCD_PLL3                                                 ; power  ;              ; 1.2V    ; --         ;                 ; --       ; --           ;
; J10      ; 515        ; 8        ; RESERVED_INPUT_WITH_WEAK_PULLUP                           ;        ;              ;         ; Column I/O ;                 ; no       ; On           ;
; J11      ;            ;          ; GND                                                       ; gnd    ;              ;         ; --         ;                 ; --       ; --           ;
; J12      ; 490        ; 8        ; RESERVED_INPUT_WITH_WEAK_PULLUP                           ;        ;              ;         ; Column I/O ;                 ; no       ; On           ;
; J13      ; 489        ; 8        ; RESERVED_INPUT_WITH_WEAK_PULLUP                           ;        ;              ;         ; Column I/O ;                 ; no       ; On           ;
; J14      ; 481        ; 8        ; RESERVED_INPUT_WITH_WEAK_PULLUP                           ;        ;              ;         ; Column I/O ;                 ; no       ; On           ;
; J15      ; 465        ; 7        ; RESERVED_INPUT_WITH_WEAK_PULLUP                           ;        ;              ;         ; Column I/O ;                 ; no       ; On           ;
; J16      ; 458        ; 7        ; RESERVED_INPUT_WITH_WEAK_PULLUP                           ;        ;              ;         ; Column I/O ;                 ; no       ; On           ;
; J17      ; 450        ; 7        ; RESERVED_INPUT_WITH_WEAK_PULLUP                           ;        ;              ;         ; Column I/O ;                 ; no       ; On           ;
; J18      ;            ;          ; GND                                                       ; gnd    ;              ;         ; --         ;                 ; --       ; --           ;
; J19      ; 447        ; 7        ; RESERVED_INPUT_WITH_WEAK_PULLUP                           ;        ;              ;         ; Column I/O ;                 ; no       ; On           ;
; J20      ;            ;          ; VCCD_PLL2                                                 ; power  ;              ; 1.2V    ; --         ;                 ; --       ; --           ;
; J21      ;            ; --       ; VCCA2                                                     ; power  ;              ; 2.5V    ; --         ;                 ; --       ; --           ;
; J22      ; 394        ; 6        ; RESERVED_INPUT_WITH_WEAK_PULLUP                           ;        ;              ;         ; Row I/O    ;                 ; no       ; On           ;
; J23      ; 387        ; 6        ; RESERVED_INPUT_WITH_WEAK_PULLUP                           ;        ;              ;         ; Row I/O    ;                 ; no       ; On           ;
; J24      ; 386        ; 6        ; RESERVED_INPUT_WITH_WEAK_PULLUP                           ;        ;              ;         ; Row I/O    ;                 ; no       ; On           ;
; J25      ; 365        ; 6        ; RESERVED_INPUT_WITH_WEAK_PULLUP                           ;        ;              ;         ; Row I/O    ;                 ; no       ; On           ;
; J26      ; 364        ; 6        ; RESERVED_INPUT_WITH_WEAK_PULLUP                           ;        ;              ;         ; Row I/O    ;                 ; no       ; On           ;
; J27      ; 338        ; 6        ; GND+                                                      ;        ;              ;         ; Row I/O    ;                 ; --       ; --           ;
; J28      ; 337        ; 6        ; GND+                                                      ;        ;              ;         ; Row I/O    ;                 ; --       ; --           ;
; K1       ; 28         ; 1        ; sum[9]                                                    ; output ; 2.5 V        ;         ; Row I/O    ; N               ; no       ; Off          ;
; K2       ; 27         ; 1        ; sum[13]                                                   ; output ; 2.5 V        ;         ; Row I/O    ; N               ; no       ; Off          ;
; K3       ; 30         ; 1        ; b[15]                                                     ; input  ; 2.5 V        ;         ; Row I/O    ; N               ; no       ; Off          ;
; K4       ; 29         ; 1        ; b[13]                                                     ; input  ; 2.5 V        ;         ; Row I/O    ; N               ; no       ; Off          ;
; K5       ;            ; 1        ; VCCIO1                                                    ; power  ;              ; 2.5V    ; --         ;                 ; --       ; --           ;
; K6       ;            ;          ; GND                                                       ; gnd    ;              ;         ; --         ;                 ; --       ; --           ;
; K7       ; 38         ; 1        ; RESERVED_INPUT_WITH_WEAK_PULLUP                           ;        ;              ;         ; Row I/O    ;                 ; no       ; On           ;
; K8       ; 39         ; 1        ; RESERVED_INPUT_WITH_WEAK_PULLUP                           ;        ;              ;         ; Row I/O    ;                 ; no       ; On           ;
; K9       ;            ;          ; VCCINT                                                    ; power  ;              ; 1.2V    ; --         ;                 ; --       ; --           ;
; K10      ;            ;          ; GND                                                       ; gnd    ;              ;         ; --         ;                 ; --       ; --           ;
; K11      ;            ;          ; VCCINT                                                    ; power  ;              ; 1.2V    ; --         ;                 ; --       ; --           ;
; K12      ;            ;          ; GND                                                       ; gnd    ;              ;         ; --         ;                 ; --       ; --           ;
; K13      ;            ;          ; VCCINT                                                    ; power  ;              ; 1.2V    ; --         ;                 ; --       ; --           ;
; K14      ;            ;          ; GND                                                       ; gnd    ;              ;         ; --         ;                 ; --       ; --           ;
; K15      ;            ;          ; VCCINT                                                    ; power  ;              ; 1.2V    ; --         ;                 ; --       ; --           ;
; K16      ;            ;          ; GND                                                       ; gnd    ;              ;         ; --         ;                 ; --       ; --           ;
; K17      ;            ;          ; VCCINT                                                    ; power  ;              ; 1.2V    ; --         ;                 ; --       ; --           ;
; K18      ;            ;          ; GND                                                       ; gnd    ;              ;         ; --         ;                 ; --       ; --           ;
; K19      ;            ;          ; VCCINT                                                    ; power  ;              ; 1.2V    ; --         ;                 ; --       ; --           ;
; K20      ;            ;          ; GND                                                       ; gnd    ;              ;         ; --         ;                 ; --       ; --           ;
; K21      ; 389        ; 6        ; RESERVED_INPUT_WITH_WEAK_PULLUP                           ;        ;              ;         ; Row I/O    ;                 ; no       ; On           ;
; K22      ; 388        ; 6        ; RESERVED_INPUT_WITH_WEAK_PULLUP                           ;        ;              ;         ; Row I/O    ;                 ; no       ; On           ;
; K23      ;            ;          ; GND                                                       ; gnd    ;              ;         ; --         ;                 ; --       ; --           ;
; K24      ;            ; 6        ; VCCIO6                                                    ; power  ;              ; 2.5V    ; --         ;                 ; --       ; --           ;
; K25      ; 371        ; 6        ; RESERVED_INPUT_WITH_WEAK_PULLUP                           ;        ;              ;         ; Row I/O    ;                 ; no       ; On           ;
; K26      ; 370        ; 6        ; RESERVED_INPUT_WITH_WEAK_PULLUP                           ;        ;              ;         ; Row I/O    ;                 ; no       ; On           ;
; K27      ; 362        ; 6        ; RESERVED_INPUT_WITH_WEAK_PULLUP                           ;        ;              ;         ; Row I/O    ;                 ; no       ; On           ;
; K28      ; 361        ; 6        ; RESERVED_INPUT_WITH_WEAK_PULLUP                           ;        ;              ;         ; Row I/O    ;                 ; no       ; On           ;
; L1       ; 49         ; 1        ; b[4]                                                      ; input  ; 2.5 V        ;         ; Row I/O    ; N               ; no       ; Off          ;
; L2       ; 48         ; 1        ; a[13]                                                     ; input  ; 2.5 V        ;         ; Row I/O    ; N               ; no       ; Off          ;
; L3       ; 32         ; 1        ; a[19]                                                     ; input  ; 2.5 V        ;         ; Row I/O    ; N               ; no       ; Off          ;
; L4       ; 31         ; 1        ; b[9]                                                      ; input  ; 2.5 V        ;         ; Row I/O    ; N               ; no       ; Off          ;
; L5       ; 21         ; 1        ; b[14]                                                     ; input  ; 2.5 V        ;         ; Row I/O    ; N               ; no       ; Off          ;
; L6       ; 43         ; 1        ; RESERVED_INPUT_WITH_WEAK_PULLUP                           ;        ;              ;         ; Row I/O    ;                 ; no       ; On           ;
; L7       ; 42         ; 1        ; RESERVED_INPUT_WITH_WEAK_PULLUP                           ;        ;              ;         ; Row I/O    ;                 ; no       ; On           ;
; L8       ; 40         ; 1        ; RESERVED_INPUT_WITH_WEAK_PULLUP                           ;        ;              ;         ; Row I/O    ;                 ; no       ; On           ;
; L9       ;            ;          ; GND                                                       ; gnd    ;              ;         ; --         ;                 ; --       ; --           ;
; L10      ;            ;          ; VCCINT                                                    ; power  ;              ; 1.2V    ; --         ;                 ; --       ; --           ;
; L11      ;            ;          ; GND                                                       ; gnd    ;              ;         ; --         ;                 ; --       ; --           ;
; L12      ;            ;          ; VCCINT                                                    ; power  ;              ; 1.2V    ; --         ;                 ; --       ; --           ;
; L13      ;            ;          ; GND                                                       ; gnd    ;              ;         ; --         ;                 ; --       ; --           ;
; L14      ;            ;          ; VCCINT                                                    ; power  ;              ; 1.2V    ; --         ;                 ; --       ; --           ;
; L15      ;            ;          ; GND                                                       ; gnd    ;              ;         ; --         ;                 ; --       ; --           ;
; L16      ;            ;          ; VCCINT                                                    ; power  ;              ; 1.2V    ; --         ;                 ; --       ; --           ;
; L17      ;            ;          ; GND                                                       ; gnd    ;              ;         ; --         ;                 ; --       ; --           ;
; L18      ;            ;          ; VCCINT                                                    ; power  ;              ; 1.2V    ; --         ;                 ; --       ; --           ;
; L19      ;            ;          ; GND                                                       ; gnd    ;              ;         ; --         ;                 ; --       ; --           ;
; L20      ;            ;          ; VCCINT                                                    ; power  ;              ; 1.2V    ; --         ;                 ; --       ; --           ;
; L21      ; 385        ; 6        ; RESERVED_INPUT_WITH_WEAK_PULLUP                           ;        ;              ;         ; Row I/O    ;                 ; no       ; On           ;
; L22      ; 384        ; 6        ; RESERVED_INPUT_WITH_WEAK_PULLUP                           ;        ;              ;         ; Row I/O    ;                 ; no       ; On           ;
; L23      ; 360        ; 6        ; RESERVED_INPUT_WITH_WEAK_PULLUP                           ;        ;              ;         ; Row I/O    ;                 ; no       ; On           ;
; L24      ; 359        ; 6        ; RESERVED_INPUT_WITH_WEAK_PULLUP                           ;        ;              ;         ; Row I/O    ;                 ; no       ; On           ;
; L25      ; 369        ; 6        ; RESERVED_INPUT_WITH_WEAK_PULLUP                           ;        ;              ;         ; Row I/O    ;                 ; no       ; On           ;
; L26      ; 363        ; 6        ; RESERVED_INPUT_WITH_WEAK_PULLUP                           ;        ;              ;         ; Row I/O    ;                 ; no       ; On           ;
; L27      ; 358        ; 6        ; RESERVED_INPUT_WITH_WEAK_PULLUP                           ;        ;              ;         ; Row I/O    ;                 ; no       ; On           ;
; L28      ; 357        ; 6        ; RESERVED_INPUT_WITH_WEAK_PULLUP                           ;        ;              ;         ; Row I/O    ;                 ; no       ; On           ;
; M1       ; 51         ; 1        ; a[12]                                                     ; input  ; 2.5 V        ;         ; Row I/O    ; N               ; no       ; Off          ;
; M2       ; 50         ; 1        ; a[15]                                                     ; input  ; 2.5 V        ;         ; Row I/O    ; N               ; no       ; Off          ;
; M3       ; 34         ; 1        ; a[22]                                                     ; input  ; 2.5 V        ;         ; Row I/O    ; N               ; no       ; Off          ;
; M4       ; 33         ; 1        ; a[20]                                                     ; input  ; 2.5 V        ;         ; Row I/O    ; N               ; no       ; Off          ;
; M5       ; 41         ; 1        ; RESERVED_INPUT_WITH_WEAK_PULLUP                           ;        ;              ;         ; Row I/O    ;                 ; no       ; On           ;
; M6       ; 24         ; 1        ; ^nSTATUS                                                  ;        ;              ;         ; --         ;                 ; --       ; --           ;
; M7       ; 47         ; 1        ; RESERVED_INPUT_WITH_WEAK_PULLUP                           ;        ;              ;         ; Row I/O    ;                 ; no       ; On           ;
; M8       ; 46         ; 1        ; RESERVED_INPUT_WITH_WEAK_PULLUP                           ;        ;              ;         ; Row I/O    ;                 ; no       ; On           ;
; M9       ;            ;          ; VCCINT                                                    ; power  ;              ; 1.2V    ; --         ;                 ; --       ; --           ;
; M10      ;            ;          ; GND                                                       ; gnd    ;              ;         ; --         ;                 ; --       ; --           ;
; M11      ;            ;          ; VCCINT                                                    ; power  ;              ; 1.2V    ; --         ;                 ; --       ; --           ;
; M12      ;            ;          ; GND                                                       ; gnd    ;              ;         ; --         ;                 ; --       ; --           ;
; M13      ;            ;          ; VCCINT                                                    ; power  ;              ; 1.2V    ; --         ;                 ; --       ; --           ;
; M14      ;            ;          ; GND                                                       ; gnd    ;              ;         ; --         ;                 ; --       ; --           ;
; M15      ;            ;          ; VCCINT                                                    ; power  ;              ; 1.2V    ; --         ;                 ; --       ; --           ;
; M16      ;            ;          ; GND                                                       ; gnd    ;              ;         ; --         ;                 ; --       ; --           ;
; M17      ;            ;          ; VCCINT                                                    ; power  ;              ; 1.2V    ; --         ;                 ; --       ; --           ;
; M18      ;            ;          ; GND                                                       ; gnd    ;              ;         ; --         ;                 ; --       ; --           ;
; M19      ;            ;          ; VCCINT                                                    ; power  ;              ; 1.2V    ; --         ;                 ; --       ; --           ;
; M20      ;            ;          ; GND                                                       ; gnd    ;              ;         ; --         ;                 ; --       ; --           ;
; M21      ; 368        ; 6        ; RESERVED_INPUT_WITH_WEAK_PULLUP                           ;        ;              ;         ; Row I/O    ;                 ; no       ; On           ;
; M22      ; 342        ; 6        ; ^MSEL2                                                    ;        ;              ;         ; --         ;                 ; --       ; --           ;
; M23      ; 344        ; 6        ; RESERVED_INPUT_WITH_WEAK_PULLUP                           ;        ;              ;         ; Row I/O    ;                 ; no       ; On           ;
; M24      ; 347        ; 6        ; RESERVED_INPUT_WITH_WEAK_PULLUP                           ;        ;              ;         ; Row I/O    ;                 ; no       ; On           ;
; M25      ; 356        ; 6        ; RESERVED_INPUT_WITH_WEAK_PULLUP                           ;        ;              ;         ; Row I/O    ;                 ; no       ; On           ;
; M26      ; 355        ; 6        ; RESERVED_INPUT_WITH_WEAK_PULLUP                           ;        ;              ;         ; Row I/O    ;                 ; no       ; On           ;
; M27      ; 354        ; 6        ; RESERVED_INPUT_WITH_WEAK_PULLUP                           ;        ;              ;         ; Row I/O    ;                 ; no       ; On           ;
; M28      ; 353        ; 6        ; RESERVED_INPUT_WITH_WEAK_PULLUP                           ;        ;              ;         ; Row I/O    ;                 ; no       ; On           ;
; N1       ;            ; 1        ; VCCIO1                                                    ; power  ;              ; 2.5V    ; --         ;                 ; --       ; --           ;
; N2       ;            ;          ; GND                                                       ; gnd    ;              ;         ; --         ;                 ; --       ; --           ;
; N3       ; 45         ; 1        ; RESERVED_INPUT_WITH_WEAK_PULLUP                           ;        ;              ;         ; Row I/O    ;                 ; no       ; On           ;
; N4       ; 44         ; 1        ; RESERVED_INPUT_WITH_WEAK_PULLUP                           ;        ;              ;         ; Row I/O    ;                 ; no       ; On           ;
; N5       ;            ; 1        ; VCCIO1                                                    ; power  ;              ; 2.5V    ; --         ;                 ; --       ; --           ;
; N6       ;            ;          ; GND                                                       ; gnd    ;              ;         ; --         ;                 ; --       ; --           ;
; N7       ; 56         ; 1        ; ~ALTERA_DATA0~ / RESERVED_INPUT_WITH_WEAK_PULLUP          ; input  ; 2.5 V        ;         ; Row I/O    ; N               ; no       ; On           ;
; N8       ; 54         ; 1        ; b[17]                                                     ; input  ; 2.5 V        ;         ; Row I/O    ; N               ; no       ; Off          ;
; N9       ;            ;          ; GND                                                       ; gnd    ;              ;         ; --         ;                 ; --       ; --           ;
; N10      ;            ;          ; VCCINT                                                    ; power  ;              ; 1.2V    ; --         ;                 ; --       ; --           ;
; N11      ;            ;          ; GND                                                       ; gnd    ;              ;         ; --         ;                 ; --       ; --           ;
; N12      ;            ;          ; VCCINT                                                    ; power  ;              ; 1.2V    ; --         ;                 ; --       ; --           ;
; N13      ;            ;          ; GND                                                       ; gnd    ;              ;         ; --         ;                 ; --       ; --           ;
; N14      ;            ;          ; VCCINT                                                    ; power  ;              ; 1.2V    ; --         ;                 ; --       ; --           ;
; N15      ;            ;          ; GND                                                       ; gnd    ;              ;         ; --         ;                 ; --       ; --           ;
; N16      ;            ;          ; VCCINT                                                    ; power  ;              ; 1.2V    ; --         ;                 ; --       ; --           ;
; N17      ;            ;          ; GND                                                       ; gnd    ;              ;         ; --         ;                 ; --       ; --           ;
; N18      ;            ;          ; VCCINT                                                    ; power  ;              ; 1.2V    ; --         ;                 ; --       ; --           ;
; N19      ;            ;          ; GND                                                       ; gnd    ;              ;         ; --         ;                 ; --       ; --           ;
; N20      ;            ;          ; VCCINT                                                    ; power  ;              ; 1.2V    ; --         ;                 ; --       ; --           ;
; N21      ; 348        ; 6        ; RESERVED_INPUT_WITH_WEAK_PULLUP                           ;        ;              ;         ; Row I/O    ;                 ; no       ; On           ;
; N22      ; 340        ; 6        ; ^MSEL0                                                    ;        ;              ;         ; --         ;                 ; --       ; --           ;
; N23      ;            ;          ; GND                                                       ; gnd    ;              ;         ; --         ;                 ; --       ; --           ;
; N24      ;            ; 6        ; VCCIO6                                                    ; power  ;              ; 2.5V    ; --         ;                 ; --       ; --           ;
; N25      ; 352        ; 6        ; RESERVED_INPUT_WITH_WEAK_PULLUP                           ;        ;              ;         ; Row I/O    ;                 ; no       ; On           ;
; N26      ; 351        ; 6        ; RESERVED_INPUT_WITH_WEAK_PULLUP                           ;        ;              ;         ; Row I/O    ;                 ; no       ; On           ;
; N27      ;            ;          ; GND                                                       ; gnd    ;              ;         ; --         ;                 ; --       ; --           ;
; N28      ;            ; 6        ; VCCIO6                                                    ; power  ;              ; 2.5V    ; --         ;                 ; --       ; --           ;
; P1       ; 53         ; 1        ; sum[18]                                                   ; output ; 2.5 V        ;         ; Row I/O    ; N               ; no       ; Off          ;
; P2       ; 52         ; 1        ; sum[16]                                                   ; output ; 2.5 V        ;         ; Row I/O    ; N               ; no       ; Off          ;
; P3       ; 55         ; 1        ; ~ALTERA_DCLK~                                             ; output ; 2.5 V        ;         ; Row I/O    ; N               ; no       ; On           ;
; P4       ; 57         ; 1        ; ^nCONFIG                                                  ;        ;              ;         ; --         ;                 ; --       ; --           ;
; P5       ; 59         ; 1        ; #TCK                                                      ; input  ;              ;         ; --         ;                 ; --       ; --           ;
; P6       ; 61         ; 1        ; #TDO                                                      ; output ;              ;         ; --         ;                 ; --       ; --           ;
; P7       ; 58         ; 1        ; #TDI                                                      ; input  ;              ;         ; --         ;                 ; --       ; --           ;
; P8       ; 60         ; 1        ; #TMS                                                      ; input  ;              ;         ; --         ;                 ; --       ; --           ;
; P9       ;            ;          ; VCCINT                                                    ; power  ;              ; 1.2V    ; --         ;                 ; --       ; --           ;
; P10      ;            ;          ; GND                                                       ; gnd    ;              ;         ; --         ;                 ; --       ; --           ;
; P11      ;            ;          ; VCCINT                                                    ; power  ;              ; 1.2V    ; --         ;                 ; --       ; --           ;
; P12      ;            ;          ; GND                                                       ; gnd    ;              ;         ; --         ;                 ; --       ; --           ;
; P13      ;            ;          ; VCCINT                                                    ; power  ;              ; 1.2V    ; --         ;                 ; --       ; --           ;
; P14      ;            ;          ; GND                                                       ; gnd    ;              ;         ; --         ;                 ; --       ; --           ;
; P15      ;            ;          ; VCCINT                                                    ; power  ;              ; 1.2V    ; --         ;                 ; --       ; --           ;
; P16      ;            ;          ; GND                                                       ; gnd    ;              ;         ; --         ;                 ; --       ; --           ;
; P17      ;            ;          ; VCCINT                                                    ; power  ;              ; 1.2V    ; --         ;                 ; --       ; --           ;
; P18      ;            ;          ; GND                                                       ; gnd    ;              ;         ; --         ;                 ; --       ; --           ;
; P19      ;            ;          ; VCCINT                                                    ; power  ;              ; 1.2V    ; --         ;                 ; --       ; --           ;
; P20      ;            ;          ; GND                                                       ; gnd    ;              ;         ; --         ;                 ; --       ; --           ;
; P21      ; 334        ; 5        ; RESERVED_INPUT_WITH_WEAK_PULLUP                           ;        ;              ;         ; Row I/O    ;                 ; no       ; On           ;
; P22      ; 343        ; 6        ; ^MSEL3                                                    ;        ;              ;         ; --         ;                 ; --       ; --           ;
; P23      ; 341        ; 6        ; ^MSEL1                                                    ;        ;              ;         ; --         ;                 ; --       ; --           ;
; P24      ; 339        ; 6        ; ^CONF_DONE                                                ;        ;              ;         ; --         ;                 ; --       ; --           ;
; P25      ; 346        ; 6        ; RESERVED_INPUT_WITH_WEAK_PULLUP                           ;        ;              ;         ; Row I/O    ;                 ; no       ; On           ;
; P26      ; 345        ; 6        ; RESERVED_INPUT_WITH_WEAK_PULLUP                           ;        ;              ;         ; Row I/O    ;                 ; no       ; On           ;
; P27      ; 350        ; 6        ; RESERVED_INPUT_WITH_WEAK_PULLUP                           ;        ;              ;         ; Row I/O    ;                 ; no       ; On           ;
; P28      ; 349        ; 6        ; ~ALTERA_nCEO~ / RESERVED_OUTPUT_OPEN_DRAIN                ; output ; 2.5 V        ;         ; Row I/O    ; N               ; no       ; Off          ;
; R1       ; 68         ; 2        ; a[14]                                                     ; input  ; 2.5 V        ;         ; Row I/O    ; N               ; no       ; Off          ;
; R2       ; 67         ; 2        ; sum[19]                                                   ; output ; 2.5 V        ;         ; Row I/O    ; N               ; no       ; Off          ;
; R3       ; 73         ; 2        ; a[25]                                                     ; input  ; 2.5 V        ;         ; Row I/O    ; N               ; no       ; Off          ;
; R4       ; 74         ; 2        ; a[24]                                                     ; input  ; 2.5 V        ;         ; Row I/O    ; N               ; no       ; Off          ;
; R5       ; 77         ; 2        ; b[5]                                                      ; input  ; 2.5 V        ;         ; Row I/O    ; N               ; no       ; Off          ;
; R6       ; 70         ; 2        ; b[19]                                                     ; input  ; 2.5 V        ;         ; Row I/O    ; N               ; no       ; Off          ;
; R7       ; 69         ; 2        ; b[18]                                                     ; input  ; 2.5 V        ;         ; Row I/O    ; N               ; no       ; Off          ;
; R8       ; 62         ; 1        ; ^nCE                                                      ;        ;              ;         ; --         ;                 ; --       ; --           ;
; R9       ;            ;          ; GND                                                       ; gnd    ;              ;         ; --         ;                 ; --       ; --           ;
; R10      ;            ;          ; VCCINT                                                    ; power  ;              ; 1.2V    ; --         ;                 ; --       ; --           ;
; R11      ;            ;          ; GND                                                       ; gnd    ;              ;         ; --         ;                 ; --       ; --           ;
; R12      ;            ;          ; VCCINT                                                    ; power  ;              ; 1.2V    ; --         ;                 ; --       ; --           ;
; R13      ;            ;          ; GND                                                       ; gnd    ;              ;         ; --         ;                 ; --       ; --           ;
; R14      ;            ;          ; VCCINT                                                    ; power  ;              ; 1.2V    ; --         ;                 ; --       ; --           ;
; R15      ;            ;          ; GND                                                       ; gnd    ;              ;         ; --         ;                 ; --       ; --           ;
; R16      ;            ;          ; VCCINT                                                    ; power  ;              ; 1.2V    ; --         ;                 ; --       ; --           ;
; R17      ;            ;          ; GND                                                       ; gnd    ;              ;         ; --         ;                 ; --       ; --           ;
; R18      ;            ;          ; VCCINT                                                    ; power  ;              ; 1.2V    ; --         ;                 ; --       ; --           ;
; R19      ;            ;          ; GND                                                       ; gnd    ;              ;         ; --         ;                 ; --       ; --           ;
; R20      ;            ;          ; VCCINT                                                    ; power  ;              ; 1.2V    ; --         ;                 ; --       ; --           ;
; R21      ; 333        ; 5        ; RESERVED_INPUT_WITH_WEAK_PULLUP                           ;        ;              ;         ; Row I/O    ;                 ; no       ; On           ;
; R22      ; 332        ; 5        ; RESERVED_INPUT_WITH_WEAK_PULLUP                           ;        ;              ;         ; Row I/O    ;                 ; no       ; On           ;
; R23      ; 331        ; 5        ; RESERVED_INPUT_WITH_WEAK_PULLUP                           ;        ;              ;         ; Row I/O    ;                 ; no       ; On           ;
; R24      ; 330        ; 5        ; RESERVED_INPUT_WITH_WEAK_PULLUP                           ;        ;              ;         ; Row I/O    ;                 ; no       ; On           ;
; R25      ; 327        ; 5        ; RESERVED_INPUT_WITH_WEAK_PULLUP                           ;        ;              ;         ; Row I/O    ;                 ; no       ; On           ;
; R26      ; 326        ; 5        ; RESERVED_INPUT_WITH_WEAK_PULLUP                           ;        ;              ;         ; Row I/O    ;                 ; no       ; On           ;
; R27      ; 329        ; 5        ; RESERVED_INPUT_WITH_WEAK_PULLUP                           ;        ;              ;         ; Row I/O    ;                 ; no       ; On           ;
; R28      ; 328        ; 5        ; RESERVED_INPUT_WITH_WEAK_PULLUP                           ;        ;              ;         ; Row I/O    ;                 ; no       ; On           ;
; T1       ;            ; 2        ; VCCIO2                                                    ; power  ;              ; 2.5V    ; --         ;                 ; --       ; --           ;
; T2       ;            ;          ; GND                                                       ; gnd    ;              ;         ; --         ;                 ; --       ; --           ;
; T3       ; 76         ; 2        ; sum[4]                                                    ; output ; 2.5 V        ;         ; Row I/O    ; N               ; no       ; Off          ;
; T4       ; 75         ; 2        ; a[26]                                                     ; input  ; 2.5 V        ;         ; Row I/O    ; N               ; no       ; Off          ;
; T5       ;            ; 2        ; VCCIO2                                                    ; power  ;              ; 2.5V    ; --         ;                 ; --       ; --           ;
; T6       ;            ;          ; GND                                                       ; gnd    ;              ;         ; --         ;                 ; --       ; --           ;
; T7       ; 78         ; 2        ; sum[10]                                                   ; output ; 2.5 V        ;         ; Row I/O    ; N               ; no       ; Off          ;
; T8       ; 100        ; 2        ; sum[27]                                                   ; output ; 2.5 V        ;         ; Row I/O    ; N               ; no       ; Off          ;
; T9       ;            ;          ; VCCINT                                                    ; power  ;              ; 1.2V    ; --         ;                 ; --       ; --           ;
; T10      ;            ;          ; GND                                                       ; gnd    ;              ;         ; --         ;                 ; --       ; --           ;
; T11      ;            ;          ; VCCINT                                                    ; power  ;              ; 1.2V    ; --         ;                 ; --       ; --           ;
; T12      ;            ;          ; GND                                                       ; gnd    ;              ;         ; --         ;                 ; --       ; --           ;
; T13      ;            ;          ; VCCINT                                                    ; power  ;              ; 1.2V    ; --         ;                 ; --       ; --           ;
; T14      ;            ;          ; GND                                                       ; gnd    ;              ;         ; --         ;                 ; --       ; --           ;
; T15      ;            ;          ; VCCINT                                                    ; power  ;              ; 1.2V    ; --         ;                 ; --       ; --           ;
; T16      ;            ;          ; GND                                                       ; gnd    ;              ;         ; --         ;                 ; --       ; --           ;
; T17      ;            ;          ; VCCINT                                                    ; power  ;              ; 1.2V    ; --         ;                 ; --       ; --           ;
; T18      ;            ;          ; GND                                                       ; gnd    ;              ;         ; --         ;                 ; --       ; --           ;
; T19      ;            ;          ; VCCINT                                                    ; power  ;              ; 1.2V    ; --         ;                 ; --       ; --           ;
; T20      ;            ;          ; GND                                                       ; gnd    ;              ;         ; --         ;                 ; --       ; --           ;
; T21      ; 325        ; 5        ; RESERVED_INPUT_WITH_WEAK_PULLUP                           ;        ;              ;         ; Row I/O    ;                 ; no       ; On           ;
; T22      ; 324        ; 5        ; RESERVED_INPUT_WITH_WEAK_PULLUP                           ;        ;              ;         ; Row I/O    ;                 ; no       ; On           ;
; T23      ;            ;          ; GND                                                       ; gnd    ;              ;         ; --         ;                 ; --       ; --           ;
; T24      ;            ; 5        ; VCCIO5                                                    ; power  ;              ; 2.5V    ; --         ;                 ; --       ; --           ;
; T25      ; 323        ; 5        ; RESERVED_INPUT_WITH_WEAK_PULLUP                           ;        ;              ;         ; Row I/O    ;                 ; no       ; On           ;
; T26      ; 322        ; 5        ; RESERVED_INPUT_WITH_WEAK_PULLUP                           ;        ;              ;         ; Row I/O    ;                 ; no       ; On           ;
; T27      ;            ;          ; GND                                                       ; gnd    ;              ;         ; --         ;                 ; --       ; --           ;
; T28      ;            ; 5        ; VCCIO5                                                    ; power  ;              ; 2.5V    ; --         ;                 ; --       ; --           ;
; U1       ; 80         ; 2        ; a[9]                                                      ; input  ; 2.5 V        ;         ; Row I/O    ; N               ; no       ; Off          ;
; U2       ; 79         ; 2        ; sum[6]                                                    ; output ; 2.5 V        ;         ; Row I/O    ; N               ; no       ; Off          ;
; U3       ; 71         ; 2        ; b[16]                                                     ; input  ; 2.5 V        ;         ; Row I/O    ; N               ; no       ; Off          ;
; U4       ; 72         ; 2        ; sum[20]                                                   ; output ; 2.5 V        ;         ; Row I/O    ; N               ; no       ; Off          ;
; U5       ; 90         ; 2        ; a[7]                                                      ; input  ; 2.5 V        ;         ; Row I/O    ; N               ; no       ; Off          ;
; U6       ; 89         ; 2        ; sum[22]                                                   ; output ; 2.5 V        ;         ; Row I/O    ; N               ; no       ; Off          ;
; U7       ; 103        ; 2        ; b[3]                                                      ; input  ; 2.5 V        ;         ; Row I/O    ; N               ; no       ; Off          ;
; U8       ; 104        ; 2        ; b[2]                                                      ; input  ; 2.5 V        ;         ; Row I/O    ; N               ; no       ; Off          ;
; U9       ;            ;          ; GND                                                       ; gnd    ;              ;         ; --         ;                 ; --       ; --           ;
; U10      ;            ;          ; VCCINT                                                    ; power  ;              ; 1.2V    ; --         ;                 ; --       ; --           ;
; U11      ;            ;          ; GND                                                       ; gnd    ;              ;         ; --         ;                 ; --       ; --           ;
; U12      ;            ;          ; VCCINT                                                    ; power  ;              ; 1.2V    ; --         ;                 ; --       ; --           ;
; U13      ;            ;          ; GND                                                       ; gnd    ;              ;         ; --         ;                 ; --       ; --           ;
; U14      ;            ;          ; VCCINT                                                    ; power  ;              ; 1.2V    ; --         ;                 ; --       ; --           ;
; U15      ;            ;          ; GND                                                       ; gnd    ;              ;         ; --         ;                 ; --       ; --           ;
; U16      ;            ;          ; VCCINT                                                    ; power  ;              ; 1.2V    ; --         ;                 ; --       ; --           ;
; U17      ;            ;          ; GND                                                       ; gnd    ;              ;         ; --         ;                 ; --       ; --           ;
; U18      ;            ;          ; VCCINT                                                    ; power  ;              ; 1.2V    ; --         ;                 ; --       ; --           ;
; U19      ;            ;          ; GND                                                       ; gnd    ;              ;         ; --         ;                 ; --       ; --           ;
; U20      ;            ;          ; VCCINT                                                    ; power  ;              ; 1.2V    ; --         ;                 ; --       ; --           ;
; U21      ; 319        ; 5        ; RESERVED_INPUT_WITH_WEAK_PULLUP                           ;        ;              ;         ; Row I/O    ;                 ; no       ; On           ;
; U22      ; 313        ; 5        ; RESERVED_INPUT_WITH_WEAK_PULLUP                           ;        ;              ;         ; Row I/O    ;                 ; no       ; On           ;
; U23      ; 305        ; 5        ; RESERVED_INPUT_WITH_WEAK_PULLUP                           ;        ;              ;         ; Row I/O    ;                 ; no       ; On           ;
; U24      ; 316        ; 5        ; RESERVED_INPUT_WITH_WEAK_PULLUP                           ;        ;              ;         ; Row I/O    ;                 ; no       ; On           ;
; U25      ; 315        ; 5        ; RESERVED_INPUT_WITH_WEAK_PULLUP                           ;        ;              ;         ; Row I/O    ;                 ; no       ; On           ;
; U26      ; 314        ; 5        ; RESERVED_INPUT_WITH_WEAK_PULLUP                           ;        ;              ;         ; Row I/O    ;                 ; no       ; On           ;
; U27      ; 318        ; 5        ; RESERVED_INPUT_WITH_WEAK_PULLUP                           ;        ;              ;         ; Row I/O    ;                 ; no       ; On           ;
; U28      ; 317        ; 5        ; RESERVED_INPUT_WITH_WEAK_PULLUP                           ;        ;              ;         ; Row I/O    ;                 ; no       ; On           ;
; V1       ; 84         ; 2        ; b[26]                                                     ; input  ; 2.5 V        ;         ; Row I/O    ; N               ; no       ; Off          ;
; V2       ; 83         ; 2        ; b[24]                                                     ; input  ; 2.5 V        ;         ; Row I/O    ; N               ; no       ; Off          ;
; V3       ; 82         ; 2        ; sum[5]                                                    ; output ; 2.5 V        ;         ; Row I/O    ; N               ; no       ; Off          ;
; V4       ; 81         ; 2        ; sum[24]                                                   ; output ; 2.5 V        ;         ; Row I/O    ; N               ; no       ; Off          ;
; V5       ; 108        ; 2        ; a[30]                                                     ; input  ; 2.5 V        ;         ; Row I/O    ; N               ; no       ; Off          ;
; V6       ; 107        ; 2        ; sum[0]                                                    ; output ; 2.5 V        ;         ; Row I/O    ; N               ; no       ; Off          ;
; V7       ; 110        ; 2        ; sum[7]                                                    ; output ; 2.5 V        ;         ; Row I/O    ; N               ; no       ; Off          ;
; V8       ; 109        ; 2        ; sum[2]                                                    ; output ; 2.5 V        ;         ; Row I/O    ; N               ; no       ; Off          ;
; V9       ;            ;          ; VCCINT                                                    ; power  ;              ; 1.2V    ; --         ;                 ; --       ; --           ;
; V10      ;            ;          ; GND                                                       ; gnd    ;              ;         ; --         ;                 ; --       ; --           ;
; V11      ;            ;          ; VCCINT                                                    ; power  ;              ; 1.2V    ; --         ;                 ; --       ; --           ;
; V12      ;            ;          ; GND                                                       ; gnd    ;              ;         ; --         ;                 ; --       ; --           ;
; V13      ;            ;          ; VCCINT                                                    ; power  ;              ; 1.2V    ; --         ;                 ; --       ; --           ;
; V14      ;            ;          ; GND                                                       ; gnd    ;              ;         ; --         ;                 ; --       ; --           ;
; V15      ;            ;          ; VCCINT                                                    ; power  ;              ; 1.2V    ; --         ;                 ; --       ; --           ;
; V16      ;            ;          ; GND                                                       ; gnd    ;              ;         ; --         ;                 ; --       ; --           ;
; V17      ;            ;          ; VCCINT                                                    ; power  ;              ; 1.2V    ; --         ;                 ; --       ; --           ;
; V18      ;            ;          ; GND                                                       ; gnd    ;              ;         ; --         ;                 ; --       ; --           ;
; V19      ;            ;          ; VCCINT                                                    ; power  ;              ; 1.2V    ; --         ;                 ; --       ; --           ;
; V20      ;            ;          ; GND                                                       ; gnd    ;              ;         ; --         ;                 ; --       ; --           ;
; V21      ; 311        ; 5        ; RESERVED_INPUT_WITH_WEAK_PULLUP                           ;        ;              ;         ; Row I/O    ;                 ; no       ; On           ;
; V22      ; 312        ; 5        ; RESERVED_INPUT_WITH_WEAK_PULLUP                           ;        ;              ;         ; Row I/O    ;                 ; no       ; On           ;
; V23      ; 309        ; 5        ; RESERVED_INPUT_WITH_WEAK_PULLUP                           ;        ;              ;         ; Row I/O    ;                 ; no       ; On           ;
; V24      ; 308        ; 5        ; RESERVED_INPUT_WITH_WEAK_PULLUP                           ;        ;              ;         ; Row I/O    ;                 ; no       ; On           ;
; V25      ; 307        ; 5        ; RESERVED_INPUT_WITH_WEAK_PULLUP                           ;        ;              ;         ; Row I/O    ;                 ; no       ; On           ;
; V26      ; 306        ; 5        ; RESERVED_INPUT_WITH_WEAK_PULLUP                           ;        ;              ;         ; Row I/O    ;                 ; no       ; On           ;
; V27      ; 304        ; 5        ; RESERVED_INPUT_WITH_WEAK_PULLUP                           ;        ;              ;         ; Row I/O    ;                 ; no       ; On           ;
; V28      ; 303        ; 5        ; RESERVED_INPUT_WITH_WEAK_PULLUP                           ;        ;              ;         ; Row I/O    ;                 ; no       ; On           ;
; W1       ; 88         ; 2        ; a[4]                                                      ; input  ; 2.5 V        ;         ; Row I/O    ; N               ; no       ; Off          ;
; W2       ; 87         ; 2        ; sum[25]                                                   ; output ; 2.5 V        ;         ; Row I/O    ; N               ; no       ; Off          ;
; W3       ; 112        ; 2        ; sum[17]                                                   ; output ; 2.5 V        ;         ; Row I/O    ; N               ; no       ; Off          ;
; W4       ; 111        ; 2        ; RESERVED_INPUT_WITH_WEAK_PULLUP                           ;        ;              ;         ; Row I/O    ;                 ; no       ; On           ;
; W5       ;            ; 2        ; VCCIO2                                                    ; power  ;              ; 2.5V    ; --         ;                 ; --       ; --           ;
; W6       ;            ;          ; GND                                                       ; gnd    ;              ;         ; --         ;                 ; --       ; --           ;
; W7       ; 115        ; 2        ; a[31]                                                     ; input  ; 2.5 V        ;         ; Row I/O    ; N               ; no       ; Off          ;
; W8       ; 116        ; 2        ; RESERVED_INPUT_WITH_WEAK_PULLUP                           ;        ;              ;         ; Row I/O    ;                 ; no       ; On           ;
; W9       ;            ;          ; GND                                                       ; gnd    ;              ;         ; --         ;                 ; --       ; --           ;
; W10      ;            ;          ; VCCINT                                                    ; power  ;              ; 1.2V    ; --         ;                 ; --       ; --           ;
; W11      ;            ;          ; GND                                                       ; gnd    ;              ;         ; --         ;                 ; --       ; --           ;
; W12      ;            ;          ; VCCINT                                                    ; power  ;              ; 1.2V    ; --         ;                 ; --       ; --           ;
; W13      ;            ;          ; GND                                                       ; gnd    ;              ;         ; --         ;                 ; --       ; --           ;
; W14      ;            ;          ; VCCINT                                                    ; power  ;              ; 1.2V    ; --         ;                 ; --       ; --           ;
; W15      ;            ;          ; GND                                                       ; gnd    ;              ;         ; --         ;                 ; --       ; --           ;
; W16      ;            ;          ; VCCINT                                                    ; power  ;              ; 1.2V    ; --         ;                 ; --       ; --           ;
; W17      ;            ;          ; GND                                                       ; gnd    ;              ;         ; --         ;                 ; --       ; --           ;
; W18      ;            ;          ; VCCINT                                                    ; power  ;              ; 1.2V    ; --         ;                 ; --       ; --           ;
; W19      ;            ;          ; GND                                                       ; gnd    ;              ;         ; --         ;                 ; --       ; --           ;
; W20      ;            ;          ; VCCINT                                                    ; power  ;              ; 1.2V    ; --         ;                 ; --       ; --           ;
; W21      ; 310        ; 5        ; RESERVED_INPUT_WITH_WEAK_PULLUP                           ;        ;              ;         ; Row I/O    ;                 ; no       ; On           ;
; W22      ; 321        ; 5        ; RESERVED_INPUT_WITH_WEAK_PULLUP                           ;        ;              ;         ; Row I/O    ;                 ; no       ; On           ;
; W23      ;            ;          ; GND                                                       ; gnd    ;              ;         ; --         ;                 ; --       ; --           ;
; W24      ;            ; 5        ; VCCIO5                                                    ; power  ;              ; 2.5V    ; --         ;                 ; --       ; --           ;
; W25      ; 300        ; 5        ; RESERVED_INPUT_WITH_WEAK_PULLUP                           ;        ;              ;         ; Row I/O    ;                 ; no       ; On           ;
; W26      ; 299        ; 5        ; RESERVED_INPUT_WITH_WEAK_PULLUP                           ;        ;              ;         ; Row I/O    ;                 ; no       ; On           ;
; W27      ; 301        ; 5        ; RESERVED_INPUT_WITH_WEAK_PULLUP                           ;        ;              ;         ; Row I/O    ;                 ; no       ; On           ;
; W28      ; 302        ; 5        ; RESERVED_INPUT_WITH_WEAK_PULLUP                           ;        ;              ;         ; Row I/O    ;                 ; no       ; On           ;
; Y1       ; 66         ; 2        ; a[6]                                                      ; input  ; 2.5 V        ;         ; Row I/O    ; N               ; no       ; Off          ;
; Y2       ; 65         ; 2        ; cclr                                                      ; input  ; 2.5 V        ;         ; Row I/O    ; N               ; no       ; Off          ;
; Y3       ; 92         ; 2        ; a[10]                                                     ; input  ; 2.5 V        ;         ; Row I/O    ; N               ; no       ; Off          ;
; Y4       ; 91         ; 2        ; b[21]                                                     ; input  ; 2.5 V        ;         ; Row I/O    ; N               ; no       ; Off          ;
; Y5       ; 114        ; 2        ; RESERVED_INPUT_WITH_WEAK_PULLUP                           ;        ;              ;         ; Row I/O    ;                 ; no       ; On           ;
; Y6       ; 113        ; 2        ; a[28]                                                     ; input  ; 2.5 V        ;         ; Row I/O    ; N               ; no       ; Off          ;
; Y7       ; 117        ; 2        ; c0                                                        ; input  ; 2.5 V        ;         ; Row I/O    ; N               ; no       ; Off          ;
; Y8       ;            ; --       ; VCCA1                                                     ; power  ;              ; 2.5V    ; --         ;                 ; --       ; --           ;
; Y9       ;            ;          ; VCCD_PLL1                                                 ; power  ;              ; 1.2V    ; --         ;                 ; --       ; --           ;
; Y10      ; 140        ; 3        ; RESERVED_INPUT_WITH_WEAK_PULLUP                           ;        ;              ;         ; Column I/O ;                 ; no       ; On           ;
; Y11      ;            ;          ; GND                                                       ; gnd    ;              ;         ; --         ;                 ; --       ; --           ;
; Y12      ; 187        ; 3        ; sum[45]                                                   ; output ; 2.5 V        ;         ; Column I/O ; N               ; no       ; Off          ;
; Y13      ; 189        ; 3        ; b[46]                                                     ; input  ; 2.5 V        ;         ; Column I/O ; N               ; no       ; Off          ;
; Y14      ; 197        ; 3        ; b[41]                                                     ; input  ; 2.5 V        ;         ; Column I/O ; N               ; no       ; Off          ;
; Y15      ; 198        ; 3        ; sum[47]                                                   ; output ; 2.5 V        ;         ; Column I/O ; N               ; no       ; Off          ;
; Y16      ; 250        ; 4        ; RESERVED_INPUT_WITH_WEAK_PULLUP                           ;        ;              ;         ; Column I/O ;                 ; no       ; On           ;
; Y17      ; 249        ; 4        ; RESERVED_INPUT_WITH_WEAK_PULLUP                           ;        ;              ;         ; Column I/O ;                 ; no       ; On           ;
; Y18      ;            ;          ; GND                                                       ; gnd    ;              ;         ; --         ;                 ; --       ; --           ;
; Y19      ; 263        ; 4        ; RESERVED_INPUT_WITH_WEAK_PULLUP                           ;        ;              ;         ; Column I/O ;                 ; no       ; On           ;
; Y20      ;            ;          ; VCCD_PLL4                                                 ; power  ;              ; 1.2V    ; --         ;                 ; --       ; --           ;
; Y21      ;            ; --       ; VCCA4                                                     ; power  ;              ; 2.5V    ; --         ;                 ; --       ; --           ;
; Y22      ; 320        ; 5        ; RESERVED_INPUT_WITH_WEAK_PULLUP                           ;        ;              ;         ; Row I/O    ;                 ; no       ; On           ;
; Y23      ; 288        ; 5        ; RESERVED_INPUT_WITH_WEAK_PULLUP                           ;        ;              ;         ; Row I/O    ;                 ; no       ; On           ;
; Y24      ; 287        ; 5        ; RESERVED_INPUT_WITH_WEAK_PULLUP                           ;        ;              ;         ; Row I/O    ;                 ; no       ; On           ;
; Y25      ; 298        ; 5        ; RESERVED_INPUT_WITH_WEAK_PULLUP                           ;        ;              ;         ; Row I/O    ;                 ; no       ; On           ;
; Y26      ; 297        ; 5        ; RESERVED_INPUT_WITH_WEAK_PULLUP                           ;        ;              ;         ; Row I/O    ;                 ; no       ; On           ;
; Y27      ; 336        ; 5        ; GND+                                                      ;        ;              ;         ; Row I/O    ;                 ; --       ; --           ;
; Y28      ; 335        ; 5        ; GND+                                                      ;        ;              ;         ; Row I/O    ;                 ; --       ; --           ;
+----------+------------+----------+-----------------------------------------------------------+--------+--------------+---------+------------+-----------------+----------+--------------+
Note: Pin directions (input, output or bidir) are based on device operating in user mode.


+-------------------------------------------------------------------------------+
; Output Pin Default Load For Reported TCO                                      ;
+----------------------------------+-------+------------------------------------+
; I/O Standard                     ; Load  ; Termination Resistance             ;
+----------------------------------+-------+------------------------------------+
; 3.0-V LVTTL                      ; 0 pF  ; Not Available                      ;
; 3.3-V LVTTL                      ; 0 pF  ; Not Available                      ;
; 3.0-V LVCMOS                     ; 0 pF  ; Not Available                      ;
; 3.3-V LVCMOS                     ; 0 pF  ; Not Available                      ;
; 3.0-V PCI                        ; 10 pF ; Not Available                      ;
; 3.0-V PCI-X                      ; 10 pF ; Not Available                      ;
; 2.5 V                            ; 0 pF  ; Not Available                      ;
; 1.8 V                            ; 0 pF  ; Not Available                      ;
; 1.5 V                            ; 0 pF  ; Not Available                      ;
; 1.2 V                            ; 0 pF  ; Not Available                      ;
; SSTL-2 Class I                   ; 0 pF  ; 50 Ohm (Parallel), 25 Ohm (Serial) ;
; Differential 2.5-V SSTL Class I  ; 0 pF  ; (See SSTL-2)                       ;
; SSTL-2 Class II                  ; 0 pF  ; 25 Ohm (Parallel), 25 Ohm (Serial) ;
; Differential 2.5-V SSTL Class II ; 0 pF  ; (See SSTL-2 Class II)              ;
; SSTL-18 Class I                  ; 0 pF  ; 50 Ohm (Parallel), 25 Ohm (Serial) ;
; Differential 1.8-V SSTL Class I  ; 0 pF  ; (See 1.8-V SSTL Class I)           ;
; SSTL-18 Class II                 ; 0 pF  ; 25 Ohm (Parallel), 25 Ohm (Serial) ;
; Differential 1.8-V SSTL Class II ; 0 pF  ; (See 1.8-V SSTL Class II)          ;
; 1.8-V HSTL Class I               ; 0 pF  ; 50 Ohm (Parallel)                  ;
; Differential 1.8-V HSTL Class I  ; 0 pF  ; (See 1.8-V HSTL Class I)           ;
; 1.8-V HSTL Class II              ; 0 pF  ; 25 Ohm (Parallel)                  ;
; Differential 1.8-V HSTL Class II ; 0 pF  ; (See 1.8-V HSTL Class II)          ;
; 1.5-V HSTL Class I               ; 0 pF  ; 50 Ohm (Parallel)                  ;
; Differential 1.5-V HSTL Class I  ; 0 pF  ; (See 1.5-V HSTL Class I)           ;
; 1.5-V HSTL Class II              ; 0 pF  ; 25 Ohm (Parallel)                  ;
; Differential 1.5-V HSTL Class II ; 0 pF  ; (See 1.5-V HSTL Class II)          ;
; 1.2-V HSTL Class I               ; 0 pF  ; Not Available                      ;
; Differential 1.2-V HSTL Class I  ; 0 pF  ; Not Available                      ;
; 1.2-V HSTL Class II              ; 0 pF  ; Not Available                      ;
; Differential 1.2-V HSTL Class II ; 0 pF  ; Not Available                      ;
; Differential LVPECL              ; 0 pF  ; 100 Ohm (Differential)             ;
; LVDS                             ; 0 pF  ; 100 Ohm (Differential)             ;
; LVDS_E_3R                        ; 0 pF  ; Not Available                      ;
; RSDS                             ; 0 pF  ; 100 Ohm (Differential)             ;
; RSDS_E_1R                        ; 0 pF  ; Not Available                      ;
; RSDS_E_3R                        ; 0 pF  ; Not Available                      ;
; mini-LVDS                        ; 0 pF  ; 100 Ohm (Differential)             ;
; mini-LVDS_E_3R                   ; 0 pF  ; Not Available                      ;
; PPDS                             ; 0 pF  ; Not Available                      ;
; PPDS_E_3R                        ; 0 pF  ; Not Available                      ;
; Bus LVDS                         ; 0 pF  ; Not Available                      ;
+----------------------------------+-------+------------------------------------+
Note: User assignments will override these defaults. The user specified values are listed in the Output Pins and Bidir Pins tables.


+------------------------------------------------------------------------------------------------------------------------------------------------------------------------------------------------------------------------------------------------------------------------------------------------------------------------+
; Fitter Resource Utilization by Entity                                                                                                                                                                                                                                                                                  ;
+---------------------------------------+-------------+---------------------------+---------------+-------------+------+------------+--------------+---------+-----------+------+--------------+--------------+-------------------+------------------+----------------------------------------------------+--------------+
; Compilation Hierarchy Node            ; Logic Cells ; Dedicated Logic Registers ; I/O Registers ; Memory Bits ; M9Ks ; DSP Blocks ; DSP Elements ; DSP 9x9 ; DSP 18x18 ; Pins ; Virtual Pins ; LUT-Only LCs ; Register-Only LCs ; LUT/Register LCs ; Full Hierarchy Name                                ; Library Name ;
+---------------------------------------+-------------+---------------------------+---------------+-------------+------+------------+--------------+---------+-----------+------+--------------+--------------+-------------------+------------------+----------------------------------------------------+--------------+
; |lab2_4                               ; 237 (0)     ; 80 (0)                    ; 0 (0)         ; 0           ; 0    ; 0          ; 0            ; 0       ; 0         ; 196  ; 0            ; 157 (0)      ; 0 (0)             ; 80 (0)           ; |lab2_4                                            ;              ;
;    |lab2_3:inst1|                     ; 120 (0)     ; 40 (0)                    ; 0 (0)         ; 0           ; 0    ; 0          ; 0            ; 0       ; 0         ; 0    ; 0            ; 80 (0)       ; 0 (0)             ; 40 (0)           ; |lab2_4|lab2_3:inst1                               ;              ;
;       |lab2_LookaheadCarry:b2v_inst2| ; 15 (15)     ; 5 (5)                     ; 0 (0)         ; 0           ; 0    ; 0          ; 0            ; 0       ; 0         ; 0    ; 0            ; 10 (10)      ; 0 (0)             ; 5 (5)            ; |lab2_4|lab2_3:inst1|lab2_LookaheadCarry:b2v_inst2 ;              ;
;       |lab2_LookaheadCarry:b2v_inst3| ; 15 (15)     ; 5 (5)                     ; 0 (0)         ; 0           ; 0    ; 0          ; 0            ; 0       ; 0         ; 0    ; 0            ; 10 (10)      ; 0 (0)             ; 5 (5)            ; |lab2_4|lab2_3:inst1|lab2_LookaheadCarry:b2v_inst3 ;              ;
;       |lab2_LookaheadCarry:b2v_inst4| ; 15 (15)     ; 5 (5)                     ; 0 (0)         ; 0           ; 0    ; 0          ; 0            ; 0       ; 0         ; 0    ; 0            ; 10 (10)      ; 0 (0)             ; 5 (5)            ; |lab2_4|lab2_3:inst1|lab2_LookaheadCarry:b2v_inst4 ;              ;
;       |lab2_LookaheadCarry:b2v_inst5| ; 15 (15)     ; 5 (5)                     ; 0 (0)         ; 0           ; 0    ; 0          ; 0            ; 0       ; 0         ; 0    ; 0            ; 10 (10)      ; 0 (0)             ; 5 (5)            ; |lab2_4|lab2_3:inst1|lab2_LookaheadCarry:b2v_inst5 ;              ;
;       |lab2_LookaheadCarry:b2v_inst6| ; 15 (15)     ; 5 (5)                     ; 0 (0)         ; 0           ; 0    ; 0          ; 0            ; 0       ; 0         ; 0    ; 0            ; 10 (10)      ; 0 (0)             ; 5 (5)            ; |lab2_4|lab2_3:inst1|lab2_LookaheadCarry:b2v_inst6 ;              ;
;       |lab2_LookaheadCarry:b2v_inst7| ; 15 (15)     ; 5 (5)                     ; 0 (0)         ; 0           ; 0    ; 0          ; 0            ; 0       ; 0         ; 0    ; 0            ; 10 (10)      ; 0 (0)             ; 5 (5)            ; |lab2_4|lab2_3:inst1|lab2_LookaheadCarry:b2v_inst7 ;              ;
;       |lab2_LookaheadCarry:b2v_inst8| ; 15 (15)     ; 5 (5)                     ; 0 (0)         ; 0           ; 0    ; 0          ; 0            ; 0       ; 0         ; 0    ; 0            ; 10 (10)      ; 0 (0)             ; 5 (5)            ; |lab2_4|lab2_3:inst1|lab2_LookaheadCarry:b2v_inst8 ;              ;
;       |lab2_LookaheadCarry:b2v_inst|  ; 15 (15)     ; 5 (5)                     ; 0 (0)         ; 0           ; 0    ; 0          ; 0            ; 0       ; 0         ; 0    ; 0            ; 10 (10)      ; 0 (0)             ; 5 (5)            ; |lab2_4|lab2_3:inst1|lab2_LookaheadCarry:b2v_inst  ;              ;
;    |lab2_3:inst|                      ; 117 (0)     ; 40 (0)                    ; 0 (0)         ; 0           ; 0    ; 0          ; 0            ; 0       ; 0         ; 0    ; 0            ; 77 (0)       ; 0 (0)             ; 40 (0)           ; |lab2_4|lab2_3:inst                                ;              ;
;       |lab2_LookaheadCarry:b2v_inst2| ; 15 (15)     ; 5 (5)                     ; 0 (0)         ; 0           ; 0    ; 0          ; 0            ; 0       ; 0         ; 0    ; 0            ; 10 (10)      ; 0 (0)             ; 5 (5)            ; |lab2_4|lab2_3:inst|lab2_LookaheadCarry:b2v_inst2  ;              ;
;       |lab2_LookaheadCarry:b2v_inst3| ; 15 (15)     ; 5 (5)                     ; 0 (0)         ; 0           ; 0    ; 0          ; 0            ; 0       ; 0         ; 0    ; 0            ; 10 (10)      ; 0 (0)             ; 5 (5)            ; |lab2_4|lab2_3:inst|lab2_LookaheadCarry:b2v_inst3  ;              ;
;       |lab2_LookaheadCarry:b2v_inst4| ; 15 (15)     ; 5 (5)                     ; 0 (0)         ; 0           ; 0    ; 0          ; 0            ; 0       ; 0         ; 0    ; 0            ; 10 (10)      ; 0 (0)             ; 5 (5)            ; |lab2_4|lab2_3:inst|lab2_LookaheadCarry:b2v_inst4  ;              ;
;       |lab2_LookaheadCarry:b2v_inst5| ; 15 (15)     ; 5 (5)                     ; 0 (0)         ; 0           ; 0    ; 0          ; 0            ; 0       ; 0         ; 0    ; 0            ; 10 (10)      ; 0 (0)             ; 5 (5)            ; |lab2_4|lab2_3:inst|lab2_LookaheadCarry:b2v_inst5  ;              ;
;       |lab2_LookaheadCarry:b2v_inst6| ; 15 (15)     ; 5 (5)                     ; 0 (0)         ; 0           ; 0    ; 0          ; 0            ; 0       ; 0         ; 0    ; 0            ; 10 (10)      ; 0 (0)             ; 5 (5)            ; |lab2_4|lab2_3:inst|lab2_LookaheadCarry:b2v_inst6  ;              ;
;       |lab2_LookaheadCarry:b2v_inst7| ; 15 (15)     ; 5 (5)                     ; 0 (0)         ; 0           ; 0    ; 0          ; 0            ; 0       ; 0         ; 0    ; 0            ; 10 (10)      ; 0 (0)             ; 5 (5)            ; |lab2_4|lab2_3:inst|lab2_LookaheadCarry:b2v_inst7  ;              ;
;       |lab2_LookaheadCarry:b2v_inst8| ; 15 (15)     ; 5 (5)                     ; 0 (0)         ; 0           ; 0    ; 0          ; 0            ; 0       ; 0         ; 0    ; 0            ; 10 (10)      ; 0 (0)             ; 5 (5)            ; |lab2_4|lab2_3:inst|lab2_LookaheadCarry:b2v_inst8  ;              ;
;       |lab2_LookaheadCarry:b2v_inst|  ; 12 (12)     ; 5 (5)                     ; 0 (0)         ; 0           ; 0    ; 0          ; 0            ; 0       ; 0         ; 0    ; 0            ; 7 (7)        ; 0 (0)             ; 5 (5)            ; |lab2_4|lab2_3:inst|lab2_LookaheadCarry:b2v_inst   ;              ;
+---------------------------------------+-------------+---------------------------+---------------+-------------+------+------------+--------------+---------+-----------+------+--------------+--------------+-------------------+------------------+----------------------------------------------------+--------------+
Note: For table entries with two numbers listed, the numbers in parentheses indicate the number of resources of the given type used by the specific entity alone. The numbers listed outside of parentheses indicate the total resources of the given type used by the specific entity and all of its sub-entities in the hierarchy.


+------------------------------------------------------------------------------------------+
; Delay Chain Summary                                                                      ;
+----------+----------+---------------+---------------+-----------------------+-----+------+
; Name     ; Pin Type ; Pad to Core 0 ; Pad to Core 1 ; Pad to Input Register ; TCO ; TCOE ;
+----------+----------+---------------+---------------+-----------------------+-----+------+
; overflow ; Output   ; --            ; --            ; --                    ; --  ; --   ;
; sum[63]  ; Output   ; --            ; --            ; --                    ; --  ; --   ;
; sum[62]  ; Output   ; --            ; --            ; --                    ; --  ; --   ;
; sum[61]  ; Output   ; --            ; --            ; --                    ; --  ; --   ;
; sum[60]  ; Output   ; --            ; --            ; --                    ; --  ; --   ;
; sum[59]  ; Output   ; --            ; --            ; --                    ; --  ; --   ;
; sum[58]  ; Output   ; --            ; --            ; --                    ; --  ; --   ;
; sum[57]  ; Output   ; --            ; --            ; --                    ; --  ; --   ;
; sum[56]  ; Output   ; --            ; --            ; --                    ; --  ; --   ;
; sum[55]  ; Output   ; --            ; --            ; --                    ; --  ; --   ;
; sum[54]  ; Output   ; --            ; --            ; --                    ; --  ; --   ;
; sum[53]  ; Output   ; --            ; --            ; --                    ; --  ; --   ;
; sum[52]  ; Output   ; --            ; --            ; --                    ; --  ; --   ;
; sum[51]  ; Output   ; --            ; --            ; --                    ; --  ; --   ;
; sum[50]  ; Output   ; --            ; --            ; --                    ; --  ; --   ;
; sum[49]  ; Output   ; --            ; --            ; --                    ; --  ; --   ;
; sum[48]  ; Output   ; --            ; --            ; --                    ; --  ; --   ;
; sum[47]  ; Output   ; --            ; --            ; --                    ; --  ; --   ;
; sum[46]  ; Output   ; --            ; --            ; --                    ; --  ; --   ;
; sum[45]  ; Output   ; --            ; --            ; --                    ; --  ; --   ;
; sum[44]  ; Output   ; --            ; --            ; --                    ; --  ; --   ;
; sum[43]  ; Output   ; --            ; --            ; --                    ; --  ; --   ;
; sum[42]  ; Output   ; --            ; --            ; --                    ; --  ; --   ;
; sum[41]  ; Output   ; --            ; --            ; --                    ; --  ; --   ;
; sum[40]  ; Output   ; --            ; --            ; --                    ; --  ; --   ;
; sum[39]  ; Output   ; --            ; --            ; --                    ; --  ; --   ;
; sum[38]  ; Output   ; --            ; --            ; --                    ; --  ; --   ;
; sum[37]  ; Output   ; --            ; --            ; --                    ; --  ; --   ;
; sum[36]  ; Output   ; --            ; --            ; --                    ; --  ; --   ;
; sum[35]  ; Output   ; --            ; --            ; --                    ; --  ; --   ;
; sum[34]  ; Output   ; --            ; --            ; --                    ; --  ; --   ;
; sum[33]  ; Output   ; --            ; --            ; --                    ; --  ; --   ;
; sum[32]  ; Output   ; --            ; --            ; --                    ; --  ; --   ;
; sum[31]  ; Output   ; --            ; --            ; --                    ; --  ; --   ;
; sum[30]  ; Output   ; --            ; --            ; --                    ; --  ; --   ;
; sum[29]  ; Output   ; --            ; --            ; --                    ; --  ; --   ;
; sum[28]  ; Output   ; --            ; --            ; --                    ; --  ; --   ;
; sum[27]  ; Output   ; --            ; --            ; --                    ; --  ; --   ;
; sum[26]  ; Output   ; --            ; --            ; --                    ; --  ; --   ;
; sum[25]  ; Output   ; --            ; --            ; --                    ; --  ; --   ;
; sum[24]  ; Output   ; --            ; --            ; --                    ; --  ; --   ;
; sum[23]  ; Output   ; --            ; --            ; --                    ; --  ; --   ;
; sum[22]  ; Output   ; --            ; --            ; --                    ; --  ; --   ;
; sum[21]  ; Output   ; --            ; --            ; --                    ; --  ; --   ;
; sum[20]  ; Output   ; --            ; --            ; --                    ; --  ; --   ;
; sum[19]  ; Output   ; --            ; --            ; --                    ; --  ; --   ;
; sum[18]  ; Output   ; --            ; --            ; --                    ; --  ; --   ;
; sum[17]  ; Output   ; --            ; --            ; --                    ; --  ; --   ;
; sum[16]  ; Output   ; --            ; --            ; --                    ; --  ; --   ;
; sum[15]  ; Output   ; --            ; --            ; --                    ; --  ; --   ;
; sum[14]  ; Output   ; --            ; --            ; --                    ; --  ; --   ;
; sum[13]  ; Output   ; --            ; --            ; --                    ; --  ; --   ;
; sum[12]  ; Output   ; --            ; --            ; --                    ; --  ; --   ;
; sum[11]  ; Output   ; --            ; --            ; --                    ; --  ; --   ;
; sum[10]  ; Output   ; --            ; --            ; --                    ; --  ; --   ;
; sum[9]   ; Output   ; --            ; --            ; --                    ; --  ; --   ;
; sum[8]   ; Output   ; --            ; --            ; --                    ; --  ; --   ;
; sum[7]   ; Output   ; --            ; --            ; --                    ; --  ; --   ;
; sum[6]   ; Output   ; --            ; --            ; --                    ; --  ; --   ;
; sum[5]   ; Output   ; --            ; --            ; --                    ; --  ; --   ;
; sum[4]   ; Output   ; --            ; --            ; --                    ; --  ; --   ;
; sum[3]   ; Output   ; --            ; --            ; --                    ; --  ; --   ;
; sum[2]   ; Output   ; --            ; --            ; --                    ; --  ; --   ;
; sum[1]   ; Output   ; --            ; --            ; --                    ; --  ; --   ;
; sum[0]   ; Output   ; --            ; --            ; --                    ; --  ; --   ;
; a[62]    ; Input    ; (6) 2428 ps   ; --            ; --                    ; --  ; --   ;
; b[62]    ; Input    ; (6) 2428 ps   ; --            ; --                    ; --  ; --   ;
; a[63]    ; Input    ; --            ; (6) 2428 ps   ; --                    ; --  ; --   ;
; b[63]    ; Input    ; (6) 2428 ps   ; --            ; --                    ; --  ; --   ;
; a[61]    ; Input    ; (6) 2428 ps   ; --            ; --                    ; --  ; --   ;
; b[61]    ; Input    ; --            ; (6) 2428 ps   ; --                    ; --  ; --   ;
; a[60]    ; Input    ; --            ; (6) 2428 ps   ; --                    ; --  ; --   ;
; b[60]    ; Input    ; --            ; (6) 2428 ps   ; --                    ; --  ; --   ;
; clock    ; Input    ; (0) 0 ps      ; --            ; --                    ; --  ; --   ;
; cclr     ; Input    ; (0) 0 ps      ; --            ; --                    ; --  ; --   ;
; b[57]    ; Input    ; --            ; (6) 2428 ps   ; --                    ; --  ; --   ;
; a[57]    ; Input    ; (6) 2428 ps   ; --            ; --                    ; --  ; --   ;
; a[58]    ; Input    ; (6) 2428 ps   ; --            ; --                    ; --  ; --   ;
; b[58]    ; Input    ; (6) 2428 ps   ; --            ; --                    ; --  ; --   ;
; a[56]    ; Input    ; (6) 2428 ps   ; --            ; --                    ; --  ; --   ;
; b[56]    ; Input    ; --            ; (6) 2427 ps   ; --                    ; --  ; --   ;
; a[59]    ; Input    ; (6) 2428 ps   ; --            ; --                    ; --  ; --   ;
; b[59]    ; Input    ; (6) 2428 ps   ; --            ; --                    ; --  ; --   ;
; b[53]    ; Input    ; (6) 2428 ps   ; --            ; --                    ; --  ; --   ;
; a[53]    ; Input    ; (6) 2428 ps   ; --            ; --                    ; --  ; --   ;
; a[54]    ; Input    ; (6) 2428 ps   ; --            ; --                    ; --  ; --   ;
; b[54]    ; Input    ; --            ; (6) 2428 ps   ; --                    ; --  ; --   ;
; a[52]    ; Input    ; --            ; (6) 2427 ps   ; --                    ; --  ; --   ;
; b[52]    ; Input    ; --            ; (6) 2428 ps   ; --                    ; --  ; --   ;
; a[55]    ; Input    ; (6) 2428 ps   ; --            ; --                    ; --  ; --   ;
; b[55]    ; Input    ; (6) 2428 ps   ; --            ; --                    ; --  ; --   ;
; b[49]    ; Input    ; --            ; (6) 2428 ps   ; --                    ; --  ; --   ;
; a[49]    ; Input    ; --            ; (6) 2428 ps   ; --                    ; --  ; --   ;
; a[50]    ; Input    ; (6) 2428 ps   ; --            ; --                    ; --  ; --   ;
; b[50]    ; Input    ; --            ; (6) 2428 ps   ; --                    ; --  ; --   ;
; a[48]    ; Input    ; --            ; (6) 2428 ps   ; --                    ; --  ; --   ;
; b[48]    ; Input    ; (6) 2428 ps   ; --            ; --                    ; --  ; --   ;
; a[51]    ; Input    ; --            ; (6) 2428 ps   ; --                    ; --  ; --   ;
; b[51]    ; Input    ; --            ; (6) 2428 ps   ; --                    ; --  ; --   ;
; b[45]    ; Input    ; (6) 2428 ps   ; --            ; --                    ; --  ; --   ;
; a[45]    ; Input    ; (6) 2428 ps   ; --            ; --                    ; --  ; --   ;
; a[46]    ; Input    ; (6) 2428 ps   ; --            ; --                    ; --  ; --   ;
; b[46]    ; Input    ; (6) 2428 ps   ; --            ; --                    ; --  ; --   ;
; a[44]    ; Input    ; --            ; (6) 2428 ps   ; --                    ; --  ; --   ;
; b[44]    ; Input    ; --            ; (6) 2428 ps   ; --                    ; --  ; --   ;
; a[47]    ; Input    ; (6) 2428 ps   ; --            ; --                    ; --  ; --   ;
; b[47]    ; Input    ; (6) 2428 ps   ; --            ; --                    ; --  ; --   ;
; b[41]    ; Input    ; --            ; (6) 2428 ps   ; --                    ; --  ; --   ;
; a[41]    ; Input    ; (6) 2428 ps   ; --            ; --                    ; --  ; --   ;
; a[42]    ; Input    ; --            ; (6) 2428 ps   ; --                    ; --  ; --   ;
; b[42]    ; Input    ; --            ; (6) 2428 ps   ; --                    ; --  ; --   ;
; a[40]    ; Input    ; (6) 2428 ps   ; --            ; --                    ; --  ; --   ;
; b[40]    ; Input    ; --            ; (6) 2427 ps   ; --                    ; --  ; --   ;
; a[43]    ; Input    ; (6) 2428 ps   ; --            ; --                    ; --  ; --   ;
; b[43]    ; Input    ; (6) 2428 ps   ; --            ; --                    ; --  ; --   ;
; b[37]    ; Input    ; --            ; (6) 2428 ps   ; --                    ; --  ; --   ;
; a[37]    ; Input    ; --            ; (6) 2428 ps   ; --                    ; --  ; --   ;
; a[38]    ; Input    ; --            ; (6) 2428 ps   ; --                    ; --  ; --   ;
; b[38]    ; Input    ; (6) 2428 ps   ; --            ; --                    ; --  ; --   ;
; a[36]    ; Input    ; (6) 2428 ps   ; --            ; --                    ; --  ; --   ;
; b[36]    ; Input    ; (6) 2428 ps   ; --            ; --                    ; --  ; --   ;
; a[39]    ; Input    ; (6) 2428 ps   ; --            ; --                    ; --  ; --   ;
; b[39]    ; Input    ; (6) 2427 ps   ; --            ; --                    ; --  ; --   ;
; b[33]    ; Input    ; (6) 2427 ps   ; --            ; --                    ; --  ; --   ;
; a[33]    ; Input    ; (6) 2428 ps   ; --            ; --                    ; --  ; --   ;
; a[34]    ; Input    ; (6) 2428 ps   ; --            ; --                    ; --  ; --   ;
; b[34]    ; Input    ; (6) 2427 ps   ; --            ; --                    ; --  ; --   ;
; a[32]    ; Input    ; (6) 2428 ps   ; --            ; --                    ; --  ; --   ;
; b[32]    ; Input    ; (6) 2428 ps   ; --            ; --                    ; --  ; --   ;
; a[35]    ; Input    ; (6) 2428 ps   ; --            ; --                    ; --  ; --   ;
; b[35]    ; Input    ; (6) 2428 ps   ; --            ; --                    ; --  ; --   ;
; b[29]    ; Input    ; (6) 2428 ps   ; --            ; --                    ; --  ; --   ;
; a[2]     ; Input    ; (6) 2428 ps   ; --            ; --                    ; --  ; --   ;
; a[1]     ; Input    ; (6) 2428 ps   ; --            ; --                    ; --  ; --   ;
; b[30]    ; Input    ; (6) 2428 ps   ; --            ; --                    ; --  ; --   ;
; a[3]     ; Input    ; (0) 0 ps      ; --            ; --                    ; --  ; --   ;
; b[28]    ; Input    ; (0) 0 ps      ; --            ; --                    ; --  ; --   ;
; a[0]     ; Input    ; (6) 2428 ps   ; --            ; --                    ; --  ; --   ;
; b[31]    ; Input    ; --            ; (6) 2428 ps   ; --                    ; --  ; --   ;
; b[25]    ; Input    ; (6) 2428 ps   ; --            ; --                    ; --  ; --   ;
; a[6]     ; Input    ; (0) 0 ps      ; --            ; --                    ; --  ; --   ;
; a[5]     ; Input    ; (6) 2427 ps   ; --            ; --                    ; --  ; --   ;
; b[26]    ; Input    ; (6) 2427 ps   ; --            ; --                    ; --  ; --   ;
; a[7]     ; Input    ; (6) 2427 ps   ; --            ; --                    ; --  ; --   ;
; b[24]    ; Input    ; (6) 2427 ps   ; --            ; --                    ; --  ; --   ;
; a[4]     ; Input    ; (6) 2427 ps   ; --            ; --                    ; --  ; --   ;
; b[27]    ; Input    ; (6) 2427 ps   ; --            ; --                    ; --  ; --   ;
; b[21]    ; Input    ; --            ; (6) 2427 ps   ; --                    ; --  ; --   ;
; a[10]    ; Input    ; (6) 2427 ps   ; --            ; --                    ; --  ; --   ;
; a[9]     ; Input    ; (6) 2427 ps   ; --            ; --                    ; --  ; --   ;
; b[22]    ; Input    ; (6) 2427 ps   ; --            ; --                    ; --  ; --   ;
; a[11]    ; Input    ; --            ; (6) 2427 ps   ; --                    ; --  ; --   ;
; b[20]    ; Input    ; --            ; (6) 2428 ps   ; --                    ; --  ; --   ;
; a[8]     ; Input    ; --            ; (6) 2427 ps   ; --                    ; --  ; --   ;
; b[23]    ; Input    ; --            ; (6) 2427 ps   ; --                    ; --  ; --   ;
; b[17]    ; Input    ; --            ; (6) 2427 ps   ; --                    ; --  ; --   ;
; a[14]    ; Input    ; (6) 2427 ps   ; --            ; --                    ; --  ; --   ;
; a[13]    ; Input    ; --            ; (6) 2427 ps   ; --                    ; --  ; --   ;
; b[18]    ; Input    ; (6) 2427 ps   ; --            ; --                    ; --  ; --   ;
; a[15]    ; Input    ; (6) 2427 ps   ; --            ; --                    ; --  ; --   ;
; b[16]    ; Input    ; (6) 2427 ps   ; --            ; --                    ; --  ; --   ;
; a[12]    ; Input    ; (6) 2427 ps   ; --            ; --                    ; --  ; --   ;
; b[19]    ; Input    ; (6) 2427 ps   ; --            ; --                    ; --  ; --   ;
; b[13]    ; Input    ; --            ; (6) 2427 ps   ; --                    ; --  ; --   ;
; a[18]    ; Input    ; (6) 2427 ps   ; --            ; --                    ; --  ; --   ;
; a[17]    ; Input    ; (6) 2428 ps   ; --            ; --                    ; --  ; --   ;
; b[14]    ; Input    ; --            ; (6) 2427 ps   ; --                    ; --  ; --   ;
; a[19]    ; Input    ; --            ; (6) 2427 ps   ; --                    ; --  ; --   ;
; b[12]    ; Input    ; (6) 2428 ps   ; --            ; --                    ; --  ; --   ;
; a[16]    ; Input    ; (6) 2428 ps   ; --            ; --                    ; --  ; --   ;
; b[15]    ; Input    ; (6) 2427 ps   ; --            ; --                    ; --  ; --   ;
; b[9]     ; Input    ; --            ; (6) 2427 ps   ; --                    ; --  ; --   ;
; a[22]    ; Input    ; --            ; (6) 2427 ps   ; --                    ; --  ; --   ;
; a[21]    ; Input    ; --            ; (6) 2427 ps   ; --                    ; --  ; --   ;
; b[10]    ; Input    ; (6) 2428 ps   ; --            ; --                    ; --  ; --   ;
; a[23]    ; Input    ; (6) 2428 ps   ; --            ; --                    ; --  ; --   ;
; b[8]     ; Input    ; (6) 2427 ps   ; --            ; --                    ; --  ; --   ;
; a[20]    ; Input    ; (6) 2427 ps   ; --            ; --                    ; --  ; --   ;
; b[11]    ; Input    ; --            ; (6) 2428 ps   ; --                    ; --  ; --   ;
; b[5]     ; Input    ; --            ; (6) 2427 ps   ; --                    ; --  ; --   ;
; a[26]    ; Input    ; (6) 2427 ps   ; --            ; --                    ; --  ; --   ;
; a[25]    ; Input    ; (6) 2427 ps   ; --            ; --                    ; --  ; --   ;
; b[6]     ; Input    ; (6) 2428 ps   ; --            ; --                    ; --  ; --   ;
; a[27]    ; Input    ; (6) 2428 ps   ; --            ; --                    ; --  ; --   ;
; b[4]     ; Input    ; --            ; (6) 2427 ps   ; --                    ; --  ; --   ;
; a[24]    ; Input    ; (6) 2427 ps   ; --            ; --                    ; --  ; --   ;
; b[7]     ; Input    ; (6) 2428 ps   ; --            ; --                    ; --  ; --   ;
; a[28]    ; Input    ; --            ; (6) 2427 ps   ; --                    ; --  ; --   ;
; b[3]     ; Input    ; (6) 2427 ps   ; --            ; --                    ; --  ; --   ;
; b[1]     ; Input    ; --            ; (6) 2427 ps   ; --                    ; --  ; --   ;
; a[30]    ; Input    ; --            ; (6) 2427 ps   ; --                    ; --  ; --   ;
; a[29]    ; Input    ; --            ; (6) 2427 ps   ; --                    ; --  ; --   ;
; b[2]     ; Input    ; --            ; (6) 2427 ps   ; --                    ; --  ; --   ;
; a[31]    ; Input    ; --            ; (6) 2427 ps   ; --                    ; --  ; --   ;
; b[0]     ; Input    ; --            ; (6) 2427 ps   ; --                    ; --  ; --   ;
; c0       ; Input    ; --            ; (6) 2427 ps   ; --                    ; --  ; --   ;
+----------+----------+---------------+---------------+-----------------------+-----+------+


+--------------------------------------------------------------------------------------+
; Pad To Core Delay Chain Fanout                                                       ;
+--------------------------------------------------------+-------------------+---------+
; Source Pin / Fanout                                    ; Pad To Core Index ; Setting ;
+--------------------------------------------------------+-------------------+---------+
; a[62]                                                  ;                   ;         ;
;      - lab2_3:inst1|lab2_LookaheadCarry:b2v_inst8|p2   ; 0                 ; 6       ;
;      - lab2_3:inst1|lab2_LookaheadCarry:b2v_inst8|c4~1 ; 0                 ; 6       ;
;      - lab2_3:inst1|lab2_LookaheadCarry:b2v_inst8|c3~3 ; 0                 ; 6       ;
;      - lab2_3:inst1|lab2_LookaheadCarry:b2v_inst8|c3~4 ; 0                 ; 6       ;
; b[62]                                                  ;                   ;         ;
;      - lab2_3:inst1|lab2_LookaheadCarry:b2v_inst8|p2   ; 0                 ; 6       ;
;      - lab2_3:inst1|lab2_LookaheadCarry:b2v_inst8|c4~1 ; 0                 ; 6       ;
;      - lab2_3:inst1|lab2_LookaheadCarry:b2v_inst8|c3~3 ; 0                 ; 6       ;
;      - lab2_3:inst1|lab2_LookaheadCarry:b2v_inst8|c3~4 ; 0                 ; 6       ;
; a[63]                                                  ;                   ;         ;
;      - lab2_3:inst1|lab2_LookaheadCarry:b2v_inst8|p3   ; 1                 ; 6       ;
;      - lab2_3:inst1|lab2_LookaheadCarry:b2v_inst8|c4~1 ; 1                 ; 6       ;
;      - lab2_3:inst1|lab2_LookaheadCarry:b2v_inst8|sum3 ; 1                 ; 6       ;
; b[63]                                                  ;                   ;         ;
;      - lab2_3:inst1|lab2_LookaheadCarry:b2v_inst8|p3   ; 0                 ; 6       ;
;      - lab2_3:inst1|lab2_LookaheadCarry:b2v_inst8|c4~1 ; 0                 ; 6       ;
;      - lab2_3:inst1|lab2_LookaheadCarry:b2v_inst8|sum3 ; 0                 ; 6       ;
; a[61]                                                  ;                   ;         ;
;      - lab2_3:inst1|lab2_LookaheadCarry:b2v_inst8|c4~0 ; 0                 ; 6       ;
;      - lab2_3:inst1|lab2_LookaheadCarry:b2v_inst8|c3~3 ; 0                 ; 6       ;
;      - lab2_3:inst1|lab2_LookaheadCarry:b2v_inst8|p1   ; 0                 ; 6       ;
;      - lab2_3:inst1|lab2_LookaheadCarry:b2v_inst8|c2~0 ; 0                 ; 6       ;
;      - lab2_3:inst1|lab2_LookaheadCarry:b2v_inst8|c3~4 ; 0                 ; 6       ;
; b[61]                                                  ;                   ;         ;
;      - lab2_3:inst1|lab2_LookaheadCarry:b2v_inst8|c4~0 ; 1                 ; 6       ;
;      - lab2_3:inst1|lab2_LookaheadCarry:b2v_inst8|c3~3 ; 1                 ; 6       ;
;      - lab2_3:inst1|lab2_LookaheadCarry:b2v_inst8|p1   ; 1                 ; 6       ;
;      - lab2_3:inst1|lab2_LookaheadCarry:b2v_inst8|c2~0 ; 1                 ; 6       ;
;      - lab2_3:inst1|lab2_LookaheadCarry:b2v_inst8|c3~4 ; 1                 ; 6       ;
; a[60]                                                  ;                   ;         ;
;      - lab2_3:inst1|lab2_LookaheadCarry:b2v_inst8|c3~2 ; 1                 ; 6       ;
;      - lab2_3:inst1|lab2_LookaheadCarry:b2v_inst8|c4~3 ; 1                 ; 6       ;
;      - lab2_3:inst1|lab2_LookaheadCarry:b2v_inst8|c2~0 ; 1                 ; 6       ;
;      - lab2_3:inst1|lab2_LookaheadCarry:b2v_inst8|sum1 ; 1                 ; 6       ;
;      - lab2_3:inst1|lab2_LookaheadCarry:b2v_inst8|sum0 ; 1                 ; 6       ;
; b[60]                                                  ;                   ;         ;
;      - lab2_3:inst1|lab2_LookaheadCarry:b2v_inst8|c3~2 ; 1                 ; 6       ;
;      - lab2_3:inst1|lab2_LookaheadCarry:b2v_inst8|c4~3 ; 1                 ; 6       ;
;      - lab2_3:inst1|lab2_LookaheadCarry:b2v_inst8|c2~0 ; 1                 ; 6       ;
;      - lab2_3:inst1|lab2_LookaheadCarry:b2v_inst8|sum1 ; 1                 ; 6       ;
;      - lab2_3:inst1|lab2_LookaheadCarry:b2v_inst8|sum0 ; 1                 ; 6       ;
; clock                                                  ;                   ;         ;
; cclr                                                   ;                   ;         ;
; b[57]                                                  ;                   ;         ;
;      - lab2_3:inst1|lab2_LookaheadCarry:b2v_inst7|c3~0 ; 1                 ; 6       ;
;      - lab2_3:inst1|lab2_LookaheadCarry:b2v_inst7|c4~1 ; 1                 ; 6       ;
;      - lab2_3:inst1|lab2_LookaheadCarry:b2v_inst7|p1   ; 1                 ; 6       ;
;      - lab2_3:inst1|lab2_LookaheadCarry:b2v_inst7|c2~0 ; 1                 ; 6       ;
;      - lab2_3:inst1|lab2_LookaheadCarry:b2v_inst7|c4~3 ; 1                 ; 6       ;
; a[57]                                                  ;                   ;         ;
;      - lab2_3:inst1|lab2_LookaheadCarry:b2v_inst7|c3~0 ; 0                 ; 6       ;
;      - lab2_3:inst1|lab2_LookaheadCarry:b2v_inst7|c4~1 ; 0                 ; 6       ;
;      - lab2_3:inst1|lab2_LookaheadCarry:b2v_inst7|p1   ; 0                 ; 6       ;
;      - lab2_3:inst1|lab2_LookaheadCarry:b2v_inst7|c2~0 ; 0                 ; 6       ;
;      - lab2_3:inst1|lab2_LookaheadCarry:b2v_inst7|c4~3 ; 0                 ; 6       ;
; a[58]                                                  ;                   ;         ;
;      - lab2_3:inst1|lab2_LookaheadCarry:b2v_inst7|c3~0 ; 0                 ; 6       ;
;      - lab2_3:inst1|lab2_LookaheadCarry:b2v_inst7|p2   ; 0                 ; 6       ;
;      - lab2_3:inst1|lab2_LookaheadCarry:b2v_inst7|c4~4 ; 0                 ; 6       ;
; b[58]                                                  ;                   ;         ;
;      - lab2_3:inst1|lab2_LookaheadCarry:b2v_inst7|c3~0 ; 0                 ; 6       ;
;      - lab2_3:inst1|lab2_LookaheadCarry:b2v_inst7|p2   ; 0                 ; 6       ;
;      - lab2_3:inst1|lab2_LookaheadCarry:b2v_inst7|c4~4 ; 0                 ; 6       ;
; a[56]                                                  ;                   ;         ;
;      - lab2_3:inst1|lab2_LookaheadCarry:b2v_inst7|c4~0 ; 0                 ; 6       ;
;      - lab2_3:inst1|lab2_LookaheadCarry:b2v_inst7|c4~2 ; 0                 ; 6       ;
;      - lab2_3:inst1|lab2_LookaheadCarry:b2v_inst7|c2~0 ; 0                 ; 6       ;
;      - lab2_3:inst1|lab2_LookaheadCarry:b2v_inst7|sum1 ; 0                 ; 6       ;
;      - lab2_3:inst1|lab2_LookaheadCarry:b2v_inst7|sum0 ; 0                 ; 6       ;
; b[56]                                                  ;                   ;         ;
;      - lab2_3:inst1|lab2_LookaheadCarry:b2v_inst7|c4~0 ; 1                 ; 6       ;
;      - lab2_3:inst1|lab2_LookaheadCarry:b2v_inst7|c4~2 ; 1                 ; 6       ;
;      - lab2_3:inst1|lab2_LookaheadCarry:b2v_inst7|c2~0 ; 1                 ; 6       ;
;      - lab2_3:inst1|lab2_LookaheadCarry:b2v_inst7|sum1 ; 1                 ; 6       ;
;      - lab2_3:inst1|lab2_LookaheadCarry:b2v_inst7|sum0 ; 1                 ; 6       ;
; a[59]                                                  ;                   ;         ;
;      - lab2_3:inst1|lab2_LookaheadCarry:b2v_inst7|p3   ; 0                 ; 6       ;
;      - lab2_3:inst1|lab2_LookaheadCarry:b2v_inst7|c4~4 ; 0                 ; 6       ;
;      - lab2_3:inst1|lab2_LookaheadCarry:b2v_inst7|sum3 ; 0                 ; 6       ;
; b[59]                                                  ;                   ;         ;
;      - lab2_3:inst1|lab2_LookaheadCarry:b2v_inst7|p3   ; 0                 ; 6       ;
;      - lab2_3:inst1|lab2_LookaheadCarry:b2v_inst7|c4~4 ; 0                 ; 6       ;
;      - lab2_3:inst1|lab2_LookaheadCarry:b2v_inst7|sum3 ; 0                 ; 6       ;
; b[53]                                                  ;                   ;         ;
;      - lab2_3:inst1|lab2_LookaheadCarry:b2v_inst6|c3~0 ; 0                 ; 6       ;
;      - lab2_3:inst1|lab2_LookaheadCarry:b2v_inst6|p1   ; 0                 ; 6       ;
;      - lab2_3:inst1|lab2_LookaheadCarry:b2v_inst6|c2~0 ; 0                 ; 6       ;
;      - lab2_3:inst1|lab2_LookaheadCarry:b2v_inst6|c4~4 ; 0                 ; 6       ;
;      - lab2_3:inst1|lab2_LookaheadCarry:b2v_inst6|c4~7 ; 0                 ; 6       ;
; a[53]                                                  ;                   ;         ;
;      - lab2_3:inst1|lab2_LookaheadCarry:b2v_inst6|c3~0 ; 0                 ; 6       ;
;      - lab2_3:inst1|lab2_LookaheadCarry:b2v_inst6|p1   ; 0                 ; 6       ;
;      - lab2_3:inst1|lab2_LookaheadCarry:b2v_inst6|c2~0 ; 0                 ; 6       ;
;      - lab2_3:inst1|lab2_LookaheadCarry:b2v_inst6|c4~4 ; 0                 ; 6       ;
;      - lab2_3:inst1|lab2_LookaheadCarry:b2v_inst6|c4~7 ; 0                 ; 6       ;
; a[54]                                                  ;                   ;         ;
;      - lab2_3:inst1|lab2_LookaheadCarry:b2v_inst6|c3~0 ; 0                 ; 6       ;
;      - lab2_3:inst1|lab2_LookaheadCarry:b2v_inst6|p2   ; 0                 ; 6       ;
;      - lab2_3:inst1|lab2_LookaheadCarry:b2v_inst6|c4~5 ; 0                 ; 6       ;
;      - lab2_3:inst1|lab2_LookaheadCarry:b2v_inst6|c4~7 ; 0                 ; 6       ;
; b[54]                                                  ;                   ;         ;
;      - lab2_3:inst1|lab2_LookaheadCarry:b2v_inst6|c3~0 ; 1                 ; 6       ;
;      - lab2_3:inst1|lab2_LookaheadCarry:b2v_inst6|p2   ; 1                 ; 6       ;
;      - lab2_3:inst1|lab2_LookaheadCarry:b2v_inst6|c4~5 ; 1                 ; 6       ;
;      - lab2_3:inst1|lab2_LookaheadCarry:b2v_inst6|c4~7 ; 1                 ; 6       ;
; a[52]                                                  ;                   ;         ;
;      - lab2_3:inst1|lab2_LookaheadCarry:b2v_inst6|c4~2 ; 1                 ; 6       ;
;      - lab2_3:inst1|lab2_LookaheadCarry:b2v_inst6|c4~3 ; 1                 ; 6       ;
;      - lab2_3:inst1|lab2_LookaheadCarry:b2v_inst6|c2~0 ; 1                 ; 6       ;
;      - lab2_3:inst1|lab2_LookaheadCarry:b2v_inst6|sum1 ; 1                 ; 6       ;
;      - lab2_3:inst1|lab2_LookaheadCarry:b2v_inst6|sum0 ; 1                 ; 6       ;
; b[52]                                                  ;                   ;         ;
;      - lab2_3:inst1|lab2_LookaheadCarry:b2v_inst6|c4~2 ; 1                 ; 6       ;
;      - lab2_3:inst1|lab2_LookaheadCarry:b2v_inst6|c4~3 ; 1                 ; 6       ;
;      - lab2_3:inst1|lab2_LookaheadCarry:b2v_inst6|c2~0 ; 1                 ; 6       ;
;      - lab2_3:inst1|lab2_LookaheadCarry:b2v_inst6|sum1 ; 1                 ; 6       ;
;      - lab2_3:inst1|lab2_LookaheadCarry:b2v_inst6|sum0 ; 1                 ; 6       ;
; a[55]                                                  ;                   ;         ;
;      - lab2_3:inst1|lab2_LookaheadCarry:b2v_inst6|p3   ; 0                 ; 6       ;
;      - lab2_3:inst1|lab2_LookaheadCarry:b2v_inst6|c4~5 ; 0                 ; 6       ;
;      - lab2_3:inst1|lab2_LookaheadCarry:b2v_inst6|sum3 ; 0                 ; 6       ;
; b[55]                                                  ;                   ;         ;
;      - lab2_3:inst1|lab2_LookaheadCarry:b2v_inst6|p3   ; 0                 ; 6       ;
;      - lab2_3:inst1|lab2_LookaheadCarry:b2v_inst6|c4~5 ; 0                 ; 6       ;
;      - lab2_3:inst1|lab2_LookaheadCarry:b2v_inst6|sum3 ; 0                 ; 6       ;
; b[49]                                                  ;                   ;         ;
;      - lab2_3:inst1|lab2_LookaheadCarry:b2v_inst5|c3~0 ; 1                 ; 6       ;
;      - lab2_3:inst1|lab2_LookaheadCarry:b2v_inst5|p1   ; 1                 ; 6       ;
;      - lab2_3:inst1|lab2_LookaheadCarry:b2v_inst5|c2~0 ; 1                 ; 6       ;
;      - lab2_3:inst1|lab2_LookaheadCarry:b2v_inst5|c4~4 ; 1                 ; 6       ;
;      - lab2_3:inst1|lab2_LookaheadCarry:b2v_inst5|c4~7 ; 1                 ; 6       ;
; a[49]                                                  ;                   ;         ;
;      - lab2_3:inst1|lab2_LookaheadCarry:b2v_inst5|c3~0 ; 1                 ; 6       ;
;      - lab2_3:inst1|lab2_LookaheadCarry:b2v_inst5|p1   ; 1                 ; 6       ;
;      - lab2_3:inst1|lab2_LookaheadCarry:b2v_inst5|c2~0 ; 1                 ; 6       ;
;      - lab2_3:inst1|lab2_LookaheadCarry:b2v_inst5|c4~4 ; 1                 ; 6       ;
;      - lab2_3:inst1|lab2_LookaheadCarry:b2v_inst5|c4~7 ; 1                 ; 6       ;
; a[50]                                                  ;                   ;         ;
;      - lab2_3:inst1|lab2_LookaheadCarry:b2v_inst5|c3~0 ; 0                 ; 6       ;
;      - lab2_3:inst1|lab2_LookaheadCarry:b2v_inst5|p2   ; 0                 ; 6       ;
;      - lab2_3:inst1|lab2_LookaheadCarry:b2v_inst5|c4~5 ; 0                 ; 6       ;
;      - lab2_3:inst1|lab2_LookaheadCarry:b2v_inst5|c4~7 ; 0                 ; 6       ;
; b[50]                                                  ;                   ;         ;
;      - lab2_3:inst1|lab2_LookaheadCarry:b2v_inst5|c3~0 ; 1                 ; 6       ;
;      - lab2_3:inst1|lab2_LookaheadCarry:b2v_inst5|p2   ; 1                 ; 6       ;
;      - lab2_3:inst1|lab2_LookaheadCarry:b2v_inst5|c4~5 ; 1                 ; 6       ;
;      - lab2_3:inst1|lab2_LookaheadCarry:b2v_inst5|c4~7 ; 1                 ; 6       ;
; a[48]                                                  ;                   ;         ;
;      - lab2_3:inst1|lab2_LookaheadCarry:b2v_inst5|c4~2 ; 1                 ; 6       ;
;      - lab2_3:inst1|lab2_LookaheadCarry:b2v_inst5|c4~3 ; 1                 ; 6       ;
;      - lab2_3:inst1|lab2_LookaheadCarry:b2v_inst5|c2~0 ; 1                 ; 6       ;
;      - lab2_3:inst1|lab2_LookaheadCarry:b2v_inst5|sum1 ; 1                 ; 6       ;
;      - lab2_3:inst1|lab2_LookaheadCarry:b2v_inst5|sum0 ; 1                 ; 6       ;
; b[48]                                                  ;                   ;         ;
;      - lab2_3:inst1|lab2_LookaheadCarry:b2v_inst5|c4~2 ; 0                 ; 6       ;
;      - lab2_3:inst1|lab2_LookaheadCarry:b2v_inst5|c4~3 ; 0                 ; 6       ;
;      - lab2_3:inst1|lab2_LookaheadCarry:b2v_inst5|c2~0 ; 0                 ; 6       ;
;      - lab2_3:inst1|lab2_LookaheadCarry:b2v_inst5|sum1 ; 0                 ; 6       ;
;      - lab2_3:inst1|lab2_LookaheadCarry:b2v_inst5|sum0 ; 0                 ; 6       ;
; a[51]                                                  ;                   ;         ;
;      - lab2_3:inst1|lab2_LookaheadCarry:b2v_inst5|p3   ; 1                 ; 6       ;
;      - lab2_3:inst1|lab2_LookaheadCarry:b2v_inst5|c4~5 ; 1                 ; 6       ;
;      - lab2_3:inst1|lab2_LookaheadCarry:b2v_inst5|sum3 ; 1                 ; 6       ;
; b[51]                                                  ;                   ;         ;
;      - lab2_3:inst1|lab2_LookaheadCarry:b2v_inst5|p3   ; 1                 ; 6       ;
;      - lab2_3:inst1|lab2_LookaheadCarry:b2v_inst5|c4~5 ; 1                 ; 6       ;
;      - lab2_3:inst1|lab2_LookaheadCarry:b2v_inst5|sum3 ; 1                 ; 6       ;
; b[45]                                                  ;                   ;         ;
;      - lab2_3:inst1|lab2_LookaheadCarry:b2v_inst4|c3~0 ; 0                 ; 6       ;
;      - lab2_3:inst1|lab2_LookaheadCarry:b2v_inst4|c4~1 ; 0                 ; 6       ;
;      - lab2_3:inst1|lab2_LookaheadCarry:b2v_inst4|p1   ; 0                 ; 6       ;
;      - lab2_3:inst1|lab2_LookaheadCarry:b2v_inst4|c2~0 ; 0                 ; 6       ;
;      - lab2_3:inst1|lab2_LookaheadCarry:b2v_inst4|c4~3 ; 0                 ; 6       ;
; a[45]                                                  ;                   ;         ;
;      - lab2_3:inst1|lab2_LookaheadCarry:b2v_inst4|c3~0 ; 0                 ; 6       ;
;      - lab2_3:inst1|lab2_LookaheadCarry:b2v_inst4|c4~1 ; 0                 ; 6       ;
;      - lab2_3:inst1|lab2_LookaheadCarry:b2v_inst4|p1   ; 0                 ; 6       ;
;      - lab2_3:inst1|lab2_LookaheadCarry:b2v_inst4|c2~0 ; 0                 ; 6       ;
;      - lab2_3:inst1|lab2_LookaheadCarry:b2v_inst4|c4~3 ; 0                 ; 6       ;
; a[46]                                                  ;                   ;         ;
;      - lab2_3:inst1|lab2_LookaheadCarry:b2v_inst4|c3~0 ; 0                 ; 6       ;
;      - lab2_3:inst1|lab2_LookaheadCarry:b2v_inst4|p2   ; 0                 ; 6       ;
;      - lab2_3:inst1|lab2_LookaheadCarry:b2v_inst4|c4~4 ; 0                 ; 6       ;
; b[46]                                                  ;                   ;         ;
;      - lab2_3:inst1|lab2_LookaheadCarry:b2v_inst4|c3~0 ; 0                 ; 6       ;
;      - lab2_3:inst1|lab2_LookaheadCarry:b2v_inst4|p2   ; 0                 ; 6       ;
;      - lab2_3:inst1|lab2_LookaheadCarry:b2v_inst4|c4~4 ; 0                 ; 6       ;
; a[44]                                                  ;                   ;         ;
;      - lab2_3:inst1|lab2_LookaheadCarry:b2v_inst4|c4~0 ; 1                 ; 6       ;
;      - lab2_3:inst1|lab2_LookaheadCarry:b2v_inst4|c4~2 ; 1                 ; 6       ;
;      - lab2_3:inst1|lab2_LookaheadCarry:b2v_inst4|c2~0 ; 1                 ; 6       ;
;      - lab2_3:inst1|lab2_LookaheadCarry:b2v_inst4|sum1 ; 1                 ; 6       ;
;      - lab2_3:inst1|lab2_LookaheadCarry:b2v_inst4|sum0 ; 1                 ; 6       ;
; b[44]                                                  ;                   ;         ;
;      - lab2_3:inst1|lab2_LookaheadCarry:b2v_inst4|c4~0 ; 1                 ; 6       ;
;      - lab2_3:inst1|lab2_LookaheadCarry:b2v_inst4|c4~2 ; 1                 ; 6       ;
;      - lab2_3:inst1|lab2_LookaheadCarry:b2v_inst4|c2~0 ; 1                 ; 6       ;
;      - lab2_3:inst1|lab2_LookaheadCarry:b2v_inst4|sum1 ; 1                 ; 6       ;
;      - lab2_3:inst1|lab2_LookaheadCarry:b2v_inst4|sum0 ; 1                 ; 6       ;
; a[47]                                                  ;                   ;         ;
;      - lab2_3:inst1|lab2_LookaheadCarry:b2v_inst4|p3   ; 0                 ; 6       ;
;      - lab2_3:inst1|lab2_LookaheadCarry:b2v_inst4|c4~4 ; 0                 ; 6       ;
;      - lab2_3:inst1|lab2_LookaheadCarry:b2v_inst4|sum3 ; 0                 ; 6       ;
; b[47]                                                  ;                   ;         ;
;      - lab2_3:inst1|lab2_LookaheadCarry:b2v_inst4|p3   ; 0                 ; 6       ;
;      - lab2_3:inst1|lab2_LookaheadCarry:b2v_inst4|c4~4 ; 0                 ; 6       ;
;      - lab2_3:inst1|lab2_LookaheadCarry:b2v_inst4|sum3 ; 0                 ; 6       ;
; b[41]                                                  ;                   ;         ;
;      - lab2_3:inst1|lab2_LookaheadCarry:b2v_inst3|c3~0 ; 1                 ; 6       ;
;      - lab2_3:inst1|lab2_LookaheadCarry:b2v_inst3|p1   ; 1                 ; 6       ;
;      - lab2_3:inst1|lab2_LookaheadCarry:b2v_inst3|c2~0 ; 1                 ; 6       ;
;      - lab2_3:inst1|lab2_LookaheadCarry:b2v_inst3|c4~4 ; 1                 ; 6       ;
;      - lab2_3:inst1|lab2_LookaheadCarry:b2v_inst3|c4~7 ; 1                 ; 6       ;
; a[41]                                                  ;                   ;         ;
;      - lab2_3:inst1|lab2_LookaheadCarry:b2v_inst3|c3~0 ; 0                 ; 6       ;
;      - lab2_3:inst1|lab2_LookaheadCarry:b2v_inst3|p1   ; 0                 ; 6       ;
;      - lab2_3:inst1|lab2_LookaheadCarry:b2v_inst3|c2~0 ; 0                 ; 6       ;
;      - lab2_3:inst1|lab2_LookaheadCarry:b2v_inst3|c4~4 ; 0                 ; 6       ;
;      - lab2_3:inst1|lab2_LookaheadCarry:b2v_inst3|c4~7 ; 0                 ; 6       ;
; a[42]                                                  ;                   ;         ;
;      - lab2_3:inst1|lab2_LookaheadCarry:b2v_inst3|c3~0 ; 1                 ; 6       ;
;      - lab2_3:inst1|lab2_LookaheadCarry:b2v_inst3|p2   ; 1                 ; 6       ;
;      - lab2_3:inst1|lab2_LookaheadCarry:b2v_inst3|c4~5 ; 1                 ; 6       ;
;      - lab2_3:inst1|lab2_LookaheadCarry:b2v_inst3|c4~7 ; 1                 ; 6       ;
; b[42]                                                  ;                   ;         ;
;      - lab2_3:inst1|lab2_LookaheadCarry:b2v_inst3|c3~0 ; 1                 ; 6       ;
;      - lab2_3:inst1|lab2_LookaheadCarry:b2v_inst3|p2   ; 1                 ; 6       ;
;      - lab2_3:inst1|lab2_LookaheadCarry:b2v_inst3|c4~5 ; 1                 ; 6       ;
;      - lab2_3:inst1|lab2_LookaheadCarry:b2v_inst3|c4~7 ; 1                 ; 6       ;
; a[40]                                                  ;                   ;         ;
;      - lab2_3:inst1|lab2_LookaheadCarry:b2v_inst3|c4~2 ; 0                 ; 6       ;
;      - lab2_3:inst1|lab2_LookaheadCarry:b2v_inst3|c4~3 ; 0                 ; 6       ;
;      - lab2_3:inst1|lab2_LookaheadCarry:b2v_inst3|c2~0 ; 0                 ; 6       ;
;      - lab2_3:inst1|lab2_LookaheadCarry:b2v_inst3|sum1 ; 0                 ; 6       ;
;      - lab2_3:inst1|lab2_LookaheadCarry:b2v_inst3|sum0 ; 0                 ; 6       ;
; b[40]                                                  ;                   ;         ;
;      - lab2_3:inst1|lab2_LookaheadCarry:b2v_inst3|c4~2 ; 1                 ; 6       ;
;      - lab2_3:inst1|lab2_LookaheadCarry:b2v_inst3|c4~3 ; 1                 ; 6       ;
;      - lab2_3:inst1|lab2_LookaheadCarry:b2v_inst3|c2~0 ; 1                 ; 6       ;
;      - lab2_3:inst1|lab2_LookaheadCarry:b2v_inst3|sum1 ; 1                 ; 6       ;
;      - lab2_3:inst1|lab2_LookaheadCarry:b2v_inst3|sum0 ; 1                 ; 6       ;
; a[43]                                                  ;                   ;         ;
;      - lab2_3:inst1|lab2_LookaheadCarry:b2v_inst3|p3   ; 0                 ; 6       ;
;      - lab2_3:inst1|lab2_LookaheadCarry:b2v_inst3|c4~5 ; 0                 ; 6       ;
;      - lab2_3:inst1|lab2_LookaheadCarry:b2v_inst3|sum3 ; 0                 ; 6       ;
; b[43]                                                  ;                   ;         ;
;      - lab2_3:inst1|lab2_LookaheadCarry:b2v_inst3|p3   ; 0                 ; 6       ;
;      - lab2_3:inst1|lab2_LookaheadCarry:b2v_inst3|c4~5 ; 0                 ; 6       ;
;      - lab2_3:inst1|lab2_LookaheadCarry:b2v_inst3|sum3 ; 0                 ; 6       ;
; b[37]                                                  ;                   ;         ;
;      - lab2_3:inst1|lab2_LookaheadCarry:b2v_inst2|c3~0 ; 1                 ; 6       ;
;      - lab2_3:inst1|lab2_LookaheadCarry:b2v_inst2|c4~1 ; 1                 ; 6       ;
;      - lab2_3:inst1|lab2_LookaheadCarry:b2v_inst2|p1   ; 1                 ; 6       ;
;      - lab2_3:inst1|lab2_LookaheadCarry:b2v_inst2|c2~0 ; 1                 ; 6       ;
;      - lab2_3:inst1|lab2_LookaheadCarry:b2v_inst2|c4~3 ; 1                 ; 6       ;
; a[37]                                                  ;                   ;         ;
;      - lab2_3:inst1|lab2_LookaheadCarry:b2v_inst2|c3~0 ; 1                 ; 6       ;
;      - lab2_3:inst1|lab2_LookaheadCarry:b2v_inst2|c4~1 ; 1                 ; 6       ;
;      - lab2_3:inst1|lab2_LookaheadCarry:b2v_inst2|p1   ; 1                 ; 6       ;
;      - lab2_3:inst1|lab2_LookaheadCarry:b2v_inst2|c2~0 ; 1                 ; 6       ;
;      - lab2_3:inst1|lab2_LookaheadCarry:b2v_inst2|c4~3 ; 1                 ; 6       ;
; a[38]                                                  ;                   ;         ;
;      - lab2_3:inst1|lab2_LookaheadCarry:b2v_inst2|c3~0 ; 1                 ; 6       ;
;      - lab2_3:inst1|lab2_LookaheadCarry:b2v_inst2|p2   ; 1                 ; 6       ;
;      - lab2_3:inst1|lab2_LookaheadCarry:b2v_inst2|c4~4 ; 1                 ; 6       ;
; b[38]                                                  ;                   ;         ;
;      - lab2_3:inst1|lab2_LookaheadCarry:b2v_inst2|c3~0 ; 0                 ; 6       ;
;      - lab2_3:inst1|lab2_LookaheadCarry:b2v_inst2|p2   ; 0                 ; 6       ;
;      - lab2_3:inst1|lab2_LookaheadCarry:b2v_inst2|c4~4 ; 0                 ; 6       ;
; a[36]                                                  ;                   ;         ;
;      - lab2_3:inst1|lab2_LookaheadCarry:b2v_inst2|c4~0 ; 0                 ; 6       ;
;      - lab2_3:inst1|lab2_LookaheadCarry:b2v_inst2|c4~2 ; 0                 ; 6       ;
;      - lab2_3:inst1|lab2_LookaheadCarry:b2v_inst2|c2~0 ; 0                 ; 6       ;
;      - lab2_3:inst1|lab2_LookaheadCarry:b2v_inst2|sum1 ; 0                 ; 6       ;
;      - lab2_3:inst1|lab2_LookaheadCarry:b2v_inst2|sum0 ; 0                 ; 6       ;
; b[36]                                                  ;                   ;         ;
;      - lab2_3:inst1|lab2_LookaheadCarry:b2v_inst2|c4~0 ; 0                 ; 6       ;
;      - lab2_3:inst1|lab2_LookaheadCarry:b2v_inst2|c4~2 ; 0                 ; 6       ;
;      - lab2_3:inst1|lab2_LookaheadCarry:b2v_inst2|c2~0 ; 0                 ; 6       ;
;      - lab2_3:inst1|lab2_LookaheadCarry:b2v_inst2|sum1 ; 0                 ; 6       ;
;      - lab2_3:inst1|lab2_LookaheadCarry:b2v_inst2|sum0 ; 0                 ; 6       ;
; a[39]                                                  ;                   ;         ;
;      - lab2_3:inst1|lab2_LookaheadCarry:b2v_inst2|p3   ; 0                 ; 6       ;
;      - lab2_3:inst1|lab2_LookaheadCarry:b2v_inst2|c4~4 ; 0                 ; 6       ;
;      - lab2_3:inst1|lab2_LookaheadCarry:b2v_inst2|sum3 ; 0                 ; 6       ;
; b[39]                                                  ;                   ;         ;
;      - lab2_3:inst1|lab2_LookaheadCarry:b2v_inst2|p3   ; 0                 ; 6       ;
;      - lab2_3:inst1|lab2_LookaheadCarry:b2v_inst2|c4~4 ; 0                 ; 6       ;
;      - lab2_3:inst1|lab2_LookaheadCarry:b2v_inst2|sum3 ; 0                 ; 6       ;
; b[33]                                                  ;                   ;         ;
;      - lab2_3:inst1|lab2_LookaheadCarry:b2v_inst|c3~0  ; 0                 ; 6       ;
;      - lab2_3:inst1|lab2_LookaheadCarry:b2v_inst|c4~1  ; 0                 ; 6       ;
;      - lab2_3:inst1|lab2_LookaheadCarry:b2v_inst|p1    ; 0                 ; 6       ;
;      - lab2_3:inst1|lab2_LookaheadCarry:b2v_inst|c2~0  ; 0                 ; 6       ;
;      - lab2_3:inst1|lab2_LookaheadCarry:b2v_inst|c4~3  ; 0                 ; 6       ;
; a[33]                                                  ;                   ;         ;
;      - lab2_3:inst1|lab2_LookaheadCarry:b2v_inst|c3~0  ; 0                 ; 6       ;
;      - lab2_3:inst1|lab2_LookaheadCarry:b2v_inst|c4~1  ; 0                 ; 6       ;
;      - lab2_3:inst1|lab2_LookaheadCarry:b2v_inst|p1    ; 0                 ; 6       ;
;      - lab2_3:inst1|lab2_LookaheadCarry:b2v_inst|c2~0  ; 0                 ; 6       ;
;      - lab2_3:inst1|lab2_LookaheadCarry:b2v_inst|c4~3  ; 0                 ; 6       ;
; a[34]                                                  ;                   ;         ;
;      - lab2_3:inst1|lab2_LookaheadCarry:b2v_inst|c3~0  ; 0                 ; 6       ;
;      - lab2_3:inst1|lab2_LookaheadCarry:b2v_inst|p2    ; 0                 ; 6       ;
;      - lab2_3:inst1|lab2_LookaheadCarry:b2v_inst|c4~4  ; 0                 ; 6       ;
; b[34]                                                  ;                   ;         ;
;      - lab2_3:inst1|lab2_LookaheadCarry:b2v_inst|c3~0  ; 0                 ; 6       ;
;      - lab2_3:inst1|lab2_LookaheadCarry:b2v_inst|p2    ; 0                 ; 6       ;
;      - lab2_3:inst1|lab2_LookaheadCarry:b2v_inst|c4~4  ; 0                 ; 6       ;
; a[32]                                                  ;                   ;         ;
;      - lab2_3:inst1|lab2_LookaheadCarry:b2v_inst|c4~0  ; 0                 ; 6       ;
;      - lab2_3:inst1|lab2_LookaheadCarry:b2v_inst|c4~2  ; 0                 ; 6       ;
;      - lab2_3:inst1|lab2_LookaheadCarry:b2v_inst|c2~0  ; 0                 ; 6       ;
;      - lab2_3:inst1|lab2_LookaheadCarry:b2v_inst|sum1  ; 0                 ; 6       ;
;      - lab2_3:inst1|lab2_LookaheadCarry:b2v_inst|sum0  ; 0                 ; 6       ;
; b[32]                                                  ;                   ;         ;
;      - lab2_3:inst1|lab2_LookaheadCarry:b2v_inst|c4~0  ; 0                 ; 6       ;
;      - lab2_3:inst1|lab2_LookaheadCarry:b2v_inst|c4~2  ; 0                 ; 6       ;
;      - lab2_3:inst1|lab2_LookaheadCarry:b2v_inst|c2~0  ; 0                 ; 6       ;
;      - lab2_3:inst1|lab2_LookaheadCarry:b2v_inst|sum1  ; 0                 ; 6       ;
;      - lab2_3:inst1|lab2_LookaheadCarry:b2v_inst|sum0  ; 0                 ; 6       ;
; a[35]                                                  ;                   ;         ;
;      - lab2_3:inst1|lab2_LookaheadCarry:b2v_inst|p3    ; 0                 ; 6       ;
;      - lab2_3:inst1|lab2_LookaheadCarry:b2v_inst|c4~4  ; 0                 ; 6       ;
;      - lab2_3:inst1|lab2_LookaheadCarry:b2v_inst|sum3  ; 0                 ; 6       ;
; b[35]                                                  ;                   ;         ;
;      - lab2_3:inst1|lab2_LookaheadCarry:b2v_inst|p3    ; 0                 ; 6       ;
;      - lab2_3:inst1|lab2_LookaheadCarry:b2v_inst|c4~4  ; 0                 ; 6       ;
;      - lab2_3:inst1|lab2_LookaheadCarry:b2v_inst|sum3  ; 0                 ; 6       ;
; b[29]                                                  ;                   ;         ;
;      - lab2_3:inst|lab2_LookaheadCarry:b2v_inst8|c3~0  ; 0                 ; 6       ;
;      - lab2_3:inst|lab2_LookaheadCarry:b2v_inst8|p1    ; 0                 ; 6       ;
;      - lab2_3:inst|lab2_LookaheadCarry:b2v_inst8|c2~0  ; 0                 ; 6       ;
;      - lab2_3:inst|lab2_LookaheadCarry:b2v_inst8|c4~4  ; 0                 ; 6       ;
;      - lab2_3:inst|lab2_LookaheadCarry:b2v_inst8|c4~7  ; 0                 ; 6       ;
; a[2]                                                   ;                   ;         ;
;      - lab2_3:inst|lab2_LookaheadCarry:b2v_inst8|c3~0  ; 0                 ; 6       ;
;      - lab2_3:inst|lab2_LookaheadCarry:b2v_inst8|p1    ; 0                 ; 6       ;
;      - lab2_3:inst|lab2_LookaheadCarry:b2v_inst8|c2~0  ; 0                 ; 6       ;
;      - lab2_3:inst|lab2_LookaheadCarry:b2v_inst8|c4~4  ; 0                 ; 6       ;
;      - lab2_3:inst|lab2_LookaheadCarry:b2v_inst8|c4~7  ; 0                 ; 6       ;
; a[1]                                                   ;                   ;         ;
;      - lab2_3:inst|lab2_LookaheadCarry:b2v_inst8|c3~0  ; 0                 ; 6       ;
;      - lab2_3:inst|lab2_LookaheadCarry:b2v_inst8|p2    ; 0                 ; 6       ;
;      - lab2_3:inst|lab2_LookaheadCarry:b2v_inst8|c4~5  ; 0                 ; 6       ;
;      - lab2_3:inst|lab2_LookaheadCarry:b2v_inst8|c4~7  ; 0                 ; 6       ;
; b[30]                                                  ;                   ;         ;
;      - lab2_3:inst|lab2_LookaheadCarry:b2v_inst8|c3~0  ; 0                 ; 6       ;
;      - lab2_3:inst|lab2_LookaheadCarry:b2v_inst8|p2    ; 0                 ; 6       ;
;      - lab2_3:inst|lab2_LookaheadCarry:b2v_inst8|c4~5  ; 0                 ; 6       ;
;      - lab2_3:inst|lab2_LookaheadCarry:b2v_inst8|c4~7  ; 0                 ; 6       ;
; a[3]                                                   ;                   ;         ;
; b[28]                                                  ;                   ;         ;
; a[0]                                                   ;                   ;         ;
;      - lab2_3:inst|lab2_LookaheadCarry:b2v_inst8|p3    ; 0                 ; 6       ;
;      - lab2_3:inst|lab2_LookaheadCarry:b2v_inst8|c4~5  ; 0                 ; 6       ;
;      - lab2_3:inst|lab2_LookaheadCarry:b2v_inst8|sum3  ; 0                 ; 6       ;
; b[31]                                                  ;                   ;         ;
;      - lab2_3:inst|lab2_LookaheadCarry:b2v_inst8|p3    ; 1                 ; 6       ;
;      - lab2_3:inst|lab2_LookaheadCarry:b2v_inst8|c4~5  ; 1                 ; 6       ;
;      - lab2_3:inst|lab2_LookaheadCarry:b2v_inst8|sum3  ; 1                 ; 6       ;
; b[25]                                                  ;                   ;         ;
;      - lab2_3:inst|lab2_LookaheadCarry:b2v_inst7|c3~0  ; 0                 ; 6       ;
;      - lab2_3:inst|lab2_LookaheadCarry:b2v_inst7|c4~1  ; 0                 ; 6       ;
;      - lab2_3:inst|lab2_LookaheadCarry:b2v_inst7|p1    ; 0                 ; 6       ;
;      - lab2_3:inst|lab2_LookaheadCarry:b2v_inst7|c2~0  ; 0                 ; 6       ;
;      - lab2_3:inst|lab2_LookaheadCarry:b2v_inst7|c4~3  ; 0                 ; 6       ;
; a[6]                                                   ;                   ;         ;
; a[5]                                                   ;                   ;         ;
;      - lab2_3:inst|lab2_LookaheadCarry:b2v_inst7|c3~0  ; 0                 ; 6       ;
;      - lab2_3:inst|lab2_LookaheadCarry:b2v_inst7|p2    ; 0                 ; 6       ;
;      - lab2_3:inst|lab2_LookaheadCarry:b2v_inst7|c4~4  ; 0                 ; 6       ;
; b[26]                                                  ;                   ;         ;
;      - lab2_3:inst|lab2_LookaheadCarry:b2v_inst7|c3~0  ; 0                 ; 6       ;
;      - lab2_3:inst|lab2_LookaheadCarry:b2v_inst7|p2    ; 0                 ; 6       ;
;      - lab2_3:inst|lab2_LookaheadCarry:b2v_inst7|c4~4  ; 0                 ; 6       ;
; a[7]                                                   ;                   ;         ;
;      - lab2_3:inst|lab2_LookaheadCarry:b2v_inst7|c4~0  ; 0                 ; 6       ;
;      - lab2_3:inst|lab2_LookaheadCarry:b2v_inst7|c4~2  ; 0                 ; 6       ;
;      - lab2_3:inst|lab2_LookaheadCarry:b2v_inst7|c2~0  ; 0                 ; 6       ;
;      - lab2_3:inst|lab2_LookaheadCarry:b2v_inst7|sum1  ; 0                 ; 6       ;
;      - lab2_3:inst|lab2_LookaheadCarry:b2v_inst7|sum0  ; 0                 ; 6       ;
; b[24]                                                  ;                   ;         ;
;      - lab2_3:inst|lab2_LookaheadCarry:b2v_inst7|c4~0  ; 0                 ; 6       ;
;      - lab2_3:inst|lab2_LookaheadCarry:b2v_inst7|c4~2  ; 0                 ; 6       ;
;      - lab2_3:inst|lab2_LookaheadCarry:b2v_inst7|c2~0  ; 0                 ; 6       ;
;      - lab2_3:inst|lab2_LookaheadCarry:b2v_inst7|sum1  ; 0                 ; 6       ;
;      - lab2_3:inst|lab2_LookaheadCarry:b2v_inst7|sum0  ; 0                 ; 6       ;
; a[4]                                                   ;                   ;         ;
;      - lab2_3:inst|lab2_LookaheadCarry:b2v_inst7|p3    ; 0                 ; 6       ;
;      - lab2_3:inst|lab2_LookaheadCarry:b2v_inst7|c4~4  ; 0                 ; 6       ;
;      - lab2_3:inst|lab2_LookaheadCarry:b2v_inst7|sum3  ; 0                 ; 6       ;
; b[27]                                                  ;                   ;         ;
;      - lab2_3:inst|lab2_LookaheadCarry:b2v_inst7|p3    ; 0                 ; 6       ;
;      - lab2_3:inst|lab2_LookaheadCarry:b2v_inst7|c4~4  ; 0                 ; 6       ;
;      - lab2_3:inst|lab2_LookaheadCarry:b2v_inst7|sum3  ; 0                 ; 6       ;
; b[21]                                                  ;                   ;         ;
;      - lab2_3:inst|lab2_LookaheadCarry:b2v_inst6|c3~0  ; 1                 ; 6       ;
;      - lab2_3:inst|lab2_LookaheadCarry:b2v_inst6|p1    ; 1                 ; 6       ;
;      - lab2_3:inst|lab2_LookaheadCarry:b2v_inst6|c2~0  ; 1                 ; 6       ;
;      - lab2_3:inst|lab2_LookaheadCarry:b2v_inst6|c4~4  ; 1                 ; 6       ;
;      - lab2_3:inst|lab2_LookaheadCarry:b2v_inst6|c4~7  ; 1                 ; 6       ;
; a[10]                                                  ;                   ;         ;
;      - lab2_3:inst|lab2_LookaheadCarry:b2v_inst6|c3~0  ; 0                 ; 6       ;
;      - lab2_3:inst|lab2_LookaheadCarry:b2v_inst6|p1    ; 0                 ; 6       ;
;      - lab2_3:inst|lab2_LookaheadCarry:b2v_inst6|c2~0  ; 0                 ; 6       ;
;      - lab2_3:inst|lab2_LookaheadCarry:b2v_inst6|c4~4  ; 0                 ; 6       ;
;      - lab2_3:inst|lab2_LookaheadCarry:b2v_inst6|c4~7  ; 0                 ; 6       ;
; a[9]                                                   ;                   ;         ;
;      - lab2_3:inst|lab2_LookaheadCarry:b2v_inst6|c3~0  ; 0                 ; 6       ;
;      - lab2_3:inst|lab2_LookaheadCarry:b2v_inst6|p2    ; 0                 ; 6       ;
;      - lab2_3:inst|lab2_LookaheadCarry:b2v_inst6|c4~5  ; 0                 ; 6       ;
;      - lab2_3:inst|lab2_LookaheadCarry:b2v_inst6|c4~7  ; 0                 ; 6       ;
; b[22]                                                  ;                   ;         ;
;      - lab2_3:inst|lab2_LookaheadCarry:b2v_inst6|c3~0  ; 0                 ; 6       ;
;      - lab2_3:inst|lab2_LookaheadCarry:b2v_inst6|p2    ; 0                 ; 6       ;
;      - lab2_3:inst|lab2_LookaheadCarry:b2v_inst6|c4~5  ; 0                 ; 6       ;
;      - lab2_3:inst|lab2_LookaheadCarry:b2v_inst6|c4~7  ; 0                 ; 6       ;
; a[11]                                                  ;                   ;         ;
;      - lab2_3:inst|lab2_LookaheadCarry:b2v_inst6|c4~2  ; 1                 ; 6       ;
;      - lab2_3:inst|lab2_LookaheadCarry:b2v_inst6|c4~3  ; 1                 ; 6       ;
;      - lab2_3:inst|lab2_LookaheadCarry:b2v_inst6|c2~0  ; 1                 ; 6       ;
;      - lab2_3:inst|lab2_LookaheadCarry:b2v_inst6|sum1  ; 1                 ; 6       ;
;      - lab2_3:inst|lab2_LookaheadCarry:b2v_inst6|sum0  ; 1                 ; 6       ;
; b[20]                                                  ;                   ;         ;
;      - lab2_3:inst|lab2_LookaheadCarry:b2v_inst6|c4~2  ; 1                 ; 6       ;
;      - lab2_3:inst|lab2_LookaheadCarry:b2v_inst6|c4~3  ; 1                 ; 6       ;
;      - lab2_3:inst|lab2_LookaheadCarry:b2v_inst6|c2~0  ; 1                 ; 6       ;
;      - lab2_3:inst|lab2_LookaheadCarry:b2v_inst6|sum1  ; 1                 ; 6       ;
;      - lab2_3:inst|lab2_LookaheadCarry:b2v_inst6|sum0  ; 1                 ; 6       ;
; a[8]                                                   ;                   ;         ;
;      - lab2_3:inst|lab2_LookaheadCarry:b2v_inst6|p3    ; 1                 ; 6       ;
;      - lab2_3:inst|lab2_LookaheadCarry:b2v_inst6|c4~5  ; 1                 ; 6       ;
;      - lab2_3:inst|lab2_LookaheadCarry:b2v_inst6|sum3  ; 1                 ; 6       ;
; b[23]                                                  ;                   ;         ;
;      - lab2_3:inst|lab2_LookaheadCarry:b2v_inst6|p3    ; 1                 ; 6       ;
;      - lab2_3:inst|lab2_LookaheadCarry:b2v_inst6|c4~5  ; 1                 ; 6       ;
;      - lab2_3:inst|lab2_LookaheadCarry:b2v_inst6|sum3  ; 1                 ; 6       ;
; b[17]                                                  ;                   ;         ;
;      - lab2_3:inst|lab2_LookaheadCarry:b2v_inst5|c3~0  ; 1                 ; 6       ;
;      - lab2_3:inst|lab2_LookaheadCarry:b2v_inst5|p1    ; 1                 ; 6       ;
;      - lab2_3:inst|lab2_LookaheadCarry:b2v_inst5|c2~0  ; 1                 ; 6       ;
;      - lab2_3:inst|lab2_LookaheadCarry:b2v_inst5|c4~4  ; 1                 ; 6       ;
;      - lab2_3:inst|lab2_LookaheadCarry:b2v_inst5|c4~7  ; 1                 ; 6       ;
; a[14]                                                  ;                   ;         ;
;      - lab2_3:inst|lab2_LookaheadCarry:b2v_inst5|c3~0  ; 0                 ; 6       ;
;      - lab2_3:inst|lab2_LookaheadCarry:b2v_inst5|p1    ; 0                 ; 6       ;
;      - lab2_3:inst|lab2_LookaheadCarry:b2v_inst5|c2~0  ; 0                 ; 6       ;
;      - lab2_3:inst|lab2_LookaheadCarry:b2v_inst5|c4~4  ; 0                 ; 6       ;
;      - lab2_3:inst|lab2_LookaheadCarry:b2v_inst5|c4~7  ; 0                 ; 6       ;
; a[13]                                                  ;                   ;         ;
;      - lab2_3:inst|lab2_LookaheadCarry:b2v_inst5|c3~0  ; 1                 ; 6       ;
;      - lab2_3:inst|lab2_LookaheadCarry:b2v_inst5|p2    ; 1                 ; 6       ;
;      - lab2_3:inst|lab2_LookaheadCarry:b2v_inst5|c4~5  ; 1                 ; 6       ;
;      - lab2_3:inst|lab2_LookaheadCarry:b2v_inst5|c4~7  ; 1                 ; 6       ;
; b[18]                                                  ;                   ;         ;
;      - lab2_3:inst|lab2_LookaheadCarry:b2v_inst5|c3~0  ; 0                 ; 6       ;
;      - lab2_3:inst|lab2_LookaheadCarry:b2v_inst5|p2    ; 0                 ; 6       ;
;      - lab2_3:inst|lab2_LookaheadCarry:b2v_inst5|c4~5  ; 0                 ; 6       ;
;      - lab2_3:inst|lab2_LookaheadCarry:b2v_inst5|c4~7  ; 0                 ; 6       ;
; a[15]                                                  ;                   ;         ;
;      - lab2_3:inst|lab2_LookaheadCarry:b2v_inst5|c4~2  ; 0                 ; 6       ;
;      - lab2_3:inst|lab2_LookaheadCarry:b2v_inst5|c4~3  ; 0                 ; 6       ;
;      - lab2_3:inst|lab2_LookaheadCarry:b2v_inst5|c2~0  ; 0                 ; 6       ;
;      - lab2_3:inst|lab2_LookaheadCarry:b2v_inst5|sum1  ; 0                 ; 6       ;
;      - lab2_3:inst|lab2_LookaheadCarry:b2v_inst5|sum0  ; 0                 ; 6       ;
; b[16]                                                  ;                   ;         ;
;      - lab2_3:inst|lab2_LookaheadCarry:b2v_inst5|c4~2  ; 0                 ; 6       ;
;      - lab2_3:inst|lab2_LookaheadCarry:b2v_inst5|c4~3  ; 0                 ; 6       ;
;      - lab2_3:inst|lab2_LookaheadCarry:b2v_inst5|c2~0  ; 0                 ; 6       ;
;      - lab2_3:inst|lab2_LookaheadCarry:b2v_inst5|sum1  ; 0                 ; 6       ;
;      - lab2_3:inst|lab2_LookaheadCarry:b2v_inst5|sum0  ; 0                 ; 6       ;
; a[12]                                                  ;                   ;         ;
;      - lab2_3:inst|lab2_LookaheadCarry:b2v_inst5|p3    ; 0                 ; 6       ;
;      - lab2_3:inst|lab2_LookaheadCarry:b2v_inst5|c4~5  ; 0                 ; 6       ;
;      - lab2_3:inst|lab2_LookaheadCarry:b2v_inst5|sum3  ; 0                 ; 6       ;
; b[19]                                                  ;                   ;         ;
;      - lab2_3:inst|lab2_LookaheadCarry:b2v_inst5|p3    ; 0                 ; 6       ;
;      - lab2_3:inst|lab2_LookaheadCarry:b2v_inst5|c4~5  ; 0                 ; 6       ;
;      - lab2_3:inst|lab2_LookaheadCarry:b2v_inst5|sum3  ; 0                 ; 6       ;
; b[13]                                                  ;                   ;         ;
;      - lab2_3:inst|lab2_LookaheadCarry:b2v_inst4|c3~0  ; 1                 ; 6       ;
;      - lab2_3:inst|lab2_LookaheadCarry:b2v_inst4|c4~1  ; 1                 ; 6       ;
;      - lab2_3:inst|lab2_LookaheadCarry:b2v_inst4|p1    ; 1                 ; 6       ;
;      - lab2_3:inst|lab2_LookaheadCarry:b2v_inst4|c2~0  ; 1                 ; 6       ;
;      - lab2_3:inst|lab2_LookaheadCarry:b2v_inst4|c4~3  ; 1                 ; 6       ;
; a[18]                                                  ;                   ;         ;
;      - lab2_3:inst|lab2_LookaheadCarry:b2v_inst4|c3~0  ; 0                 ; 6       ;
;      - lab2_3:inst|lab2_LookaheadCarry:b2v_inst4|c4~1  ; 0                 ; 6       ;
;      - lab2_3:inst|lab2_LookaheadCarry:b2v_inst4|p1    ; 0                 ; 6       ;
;      - lab2_3:inst|lab2_LookaheadCarry:b2v_inst4|c2~0  ; 0                 ; 6       ;
;      - lab2_3:inst|lab2_LookaheadCarry:b2v_inst4|c4~3  ; 0                 ; 6       ;
; a[17]                                                  ;                   ;         ;
;      - lab2_3:inst|lab2_LookaheadCarry:b2v_inst4|c3~0  ; 0                 ; 6       ;
;      - lab2_3:inst|lab2_LookaheadCarry:b2v_inst4|p2    ; 0                 ; 6       ;
;      - lab2_3:inst|lab2_LookaheadCarry:b2v_inst4|c4~4  ; 0                 ; 6       ;
; b[14]                                                  ;                   ;         ;
;      - lab2_3:inst|lab2_LookaheadCarry:b2v_inst4|c3~0  ; 1                 ; 6       ;
;      - lab2_3:inst|lab2_LookaheadCarry:b2v_inst4|p2    ; 1                 ; 6       ;
;      - lab2_3:inst|lab2_LookaheadCarry:b2v_inst4|c4~4  ; 1                 ; 6       ;
; a[19]                                                  ;                   ;         ;
;      - lab2_3:inst|lab2_LookaheadCarry:b2v_inst4|c4~0  ; 1                 ; 6       ;
;      - lab2_3:inst|lab2_LookaheadCarry:b2v_inst4|c4~2  ; 1                 ; 6       ;
;      - lab2_3:inst|lab2_LookaheadCarry:b2v_inst4|c2~0  ; 1                 ; 6       ;
;      - lab2_3:inst|lab2_LookaheadCarry:b2v_inst4|sum1  ; 1                 ; 6       ;
;      - lab2_3:inst|lab2_LookaheadCarry:b2v_inst4|sum0  ; 1                 ; 6       ;
; b[12]                                                  ;                   ;         ;
;      - lab2_3:inst|lab2_LookaheadCarry:b2v_inst4|c4~0  ; 0                 ; 6       ;
;      - lab2_3:inst|lab2_LookaheadCarry:b2v_inst4|c4~2  ; 0                 ; 6       ;
;      - lab2_3:inst|lab2_LookaheadCarry:b2v_inst4|c2~0  ; 0                 ; 6       ;
;      - lab2_3:inst|lab2_LookaheadCarry:b2v_inst4|sum1  ; 0                 ; 6       ;
;      - lab2_3:inst|lab2_LookaheadCarry:b2v_inst4|sum0  ; 0                 ; 6       ;
; a[16]                                                  ;                   ;         ;
;      - lab2_3:inst|lab2_LookaheadCarry:b2v_inst4|p3    ; 0                 ; 6       ;
;      - lab2_3:inst|lab2_LookaheadCarry:b2v_inst4|c4~4  ; 0                 ; 6       ;
;      - lab2_3:inst|lab2_LookaheadCarry:b2v_inst4|sum3  ; 0                 ; 6       ;
; b[15]                                                  ;                   ;         ;
;      - lab2_3:inst|lab2_LookaheadCarry:b2v_inst4|p3    ; 0                 ; 6       ;
;      - lab2_3:inst|lab2_LookaheadCarry:b2v_inst4|c4~4  ; 0                 ; 6       ;
;      - lab2_3:inst|lab2_LookaheadCarry:b2v_inst4|sum3  ; 0                 ; 6       ;
; b[9]                                                   ;                   ;         ;
;      - lab2_3:inst|lab2_LookaheadCarry:b2v_inst3|c3~0  ; 1                 ; 6       ;
;      - lab2_3:inst|lab2_LookaheadCarry:b2v_inst3|c4~1  ; 1                 ; 6       ;
;      - lab2_3:inst|lab2_LookaheadCarry:b2v_inst3|p1    ; 1                 ; 6       ;
;      - lab2_3:inst|lab2_LookaheadCarry:b2v_inst3|c2~0  ; 1                 ; 6       ;
;      - lab2_3:inst|lab2_LookaheadCarry:b2v_inst3|c4~3  ; 1                 ; 6       ;
; a[22]                                                  ;                   ;         ;
;      - lab2_3:inst|lab2_LookaheadCarry:b2v_inst3|c3~0  ; 1                 ; 6       ;
;      - lab2_3:inst|lab2_LookaheadCarry:b2v_inst3|c4~1  ; 1                 ; 6       ;
;      - lab2_3:inst|lab2_LookaheadCarry:b2v_inst3|p1    ; 1                 ; 6       ;
;      - lab2_3:inst|lab2_LookaheadCarry:b2v_inst3|c2~0  ; 1                 ; 6       ;
;      - lab2_3:inst|lab2_LookaheadCarry:b2v_inst3|c4~3  ; 1                 ; 6       ;
; a[21]                                                  ;                   ;         ;
;      - lab2_3:inst|lab2_LookaheadCarry:b2v_inst3|c3~0  ; 1                 ; 6       ;
;      - lab2_3:inst|lab2_LookaheadCarry:b2v_inst3|p2    ; 1                 ; 6       ;
;      - lab2_3:inst|lab2_LookaheadCarry:b2v_inst3|c4~4  ; 1                 ; 6       ;
; b[10]                                                  ;                   ;         ;
;      - lab2_3:inst|lab2_LookaheadCarry:b2v_inst3|c3~0  ; 0                 ; 6       ;
;      - lab2_3:inst|lab2_LookaheadCarry:b2v_inst3|p2    ; 0                 ; 6       ;
;      - lab2_3:inst|lab2_LookaheadCarry:b2v_inst3|c4~4  ; 0                 ; 6       ;
; a[23]                                                  ;                   ;         ;
;      - lab2_3:inst|lab2_LookaheadCarry:b2v_inst3|c4~0  ; 0                 ; 6       ;
;      - lab2_3:inst|lab2_LookaheadCarry:b2v_inst3|c4~2  ; 0                 ; 6       ;
;      - lab2_3:inst|lab2_LookaheadCarry:b2v_inst3|c2~0  ; 0                 ; 6       ;
;      - lab2_3:inst|lab2_LookaheadCarry:b2v_inst3|sum1  ; 0                 ; 6       ;
;      - lab2_3:inst|lab2_LookaheadCarry:b2v_inst3|sum0  ; 0                 ; 6       ;
; b[8]                                                   ;                   ;         ;
;      - lab2_3:inst|lab2_LookaheadCarry:b2v_inst3|c4~0  ; 0                 ; 6       ;
;      - lab2_3:inst|lab2_LookaheadCarry:b2v_inst3|c4~2  ; 0                 ; 6       ;
;      - lab2_3:inst|lab2_LookaheadCarry:b2v_inst3|c2~0  ; 0                 ; 6       ;
;      - lab2_3:inst|lab2_LookaheadCarry:b2v_inst3|sum1  ; 0                 ; 6       ;
;      - lab2_3:inst|lab2_LookaheadCarry:b2v_inst3|sum0  ; 0                 ; 6       ;
; a[20]                                                  ;                   ;         ;
;      - lab2_3:inst|lab2_LookaheadCarry:b2v_inst3|p3    ; 0                 ; 6       ;
;      - lab2_3:inst|lab2_LookaheadCarry:b2v_inst3|c4~4  ; 0                 ; 6       ;
;      - lab2_3:inst|lab2_LookaheadCarry:b2v_inst3|sum3  ; 0                 ; 6       ;
; b[11]                                                  ;                   ;         ;
;      - lab2_3:inst|lab2_LookaheadCarry:b2v_inst3|p3    ; 1                 ; 6       ;
;      - lab2_3:inst|lab2_LookaheadCarry:b2v_inst3|c4~4  ; 1                 ; 6       ;
;      - lab2_3:inst|lab2_LookaheadCarry:b2v_inst3|sum3  ; 1                 ; 6       ;
; b[5]                                                   ;                   ;         ;
;      - lab2_3:inst|lab2_LookaheadCarry:b2v_inst2|c3~0  ; 1                 ; 6       ;
;      - lab2_3:inst|lab2_LookaheadCarry:b2v_inst2|p1    ; 1                 ; 6       ;
;      - lab2_3:inst|lab2_LookaheadCarry:b2v_inst2|c2~0  ; 1                 ; 6       ;
;      - lab2_3:inst|lab2_LookaheadCarry:b2v_inst2|c4~4  ; 1                 ; 6       ;
;      - lab2_3:inst|lab2_LookaheadCarry:b2v_inst2|c4~7  ; 1                 ; 6       ;
; a[26]                                                  ;                   ;         ;
;      - lab2_3:inst|lab2_LookaheadCarry:b2v_inst2|c3~0  ; 0                 ; 6       ;
;      - lab2_3:inst|lab2_LookaheadCarry:b2v_inst2|p1    ; 0                 ; 6       ;
;      - lab2_3:inst|lab2_LookaheadCarry:b2v_inst2|c2~0  ; 0                 ; 6       ;
;      - lab2_3:inst|lab2_LookaheadCarry:b2v_inst2|c4~4  ; 0                 ; 6       ;
;      - lab2_3:inst|lab2_LookaheadCarry:b2v_inst2|c4~7  ; 0                 ; 6       ;
; a[25]                                                  ;                   ;         ;
;      - lab2_3:inst|lab2_LookaheadCarry:b2v_inst2|c3~0  ; 0                 ; 6       ;
;      - lab2_3:inst|lab2_LookaheadCarry:b2v_inst2|p2    ; 0                 ; 6       ;
;      - lab2_3:inst|lab2_LookaheadCarry:b2v_inst2|c4~5  ; 0                 ; 6       ;
;      - lab2_3:inst|lab2_LookaheadCarry:b2v_inst2|c4~7  ; 0                 ; 6       ;
; b[6]                                                   ;                   ;         ;
;      - lab2_3:inst|lab2_LookaheadCarry:b2v_inst2|c3~0  ; 0                 ; 6       ;
;      - lab2_3:inst|lab2_LookaheadCarry:b2v_inst2|p2    ; 0                 ; 6       ;
;      - lab2_3:inst|lab2_LookaheadCarry:b2v_inst2|c4~5  ; 0                 ; 6       ;
;      - lab2_3:inst|lab2_LookaheadCarry:b2v_inst2|c4~7  ; 0                 ; 6       ;
; a[27]                                                  ;                   ;         ;
;      - lab2_3:inst|lab2_LookaheadCarry:b2v_inst2|c4~2  ; 0                 ; 6       ;
;      - lab2_3:inst|lab2_LookaheadCarry:b2v_inst2|c4~3  ; 0                 ; 6       ;
;      - lab2_3:inst|lab2_LookaheadCarry:b2v_inst2|c2~0  ; 0                 ; 6       ;
;      - lab2_3:inst|lab2_LookaheadCarry:b2v_inst2|sum1  ; 0                 ; 6       ;
;      - lab2_3:inst|lab2_LookaheadCarry:b2v_inst2|sum0  ; 0                 ; 6       ;
; b[4]                                                   ;                   ;         ;
;      - lab2_3:inst|lab2_LookaheadCarry:b2v_inst2|c4~2  ; 1                 ; 6       ;
;      - lab2_3:inst|lab2_LookaheadCarry:b2v_inst2|c4~3  ; 1                 ; 6       ;
;      - lab2_3:inst|lab2_LookaheadCarry:b2v_inst2|c2~0  ; 1                 ; 6       ;
;      - lab2_3:inst|lab2_LookaheadCarry:b2v_inst2|sum1  ; 1                 ; 6       ;
;      - lab2_3:inst|lab2_LookaheadCarry:b2v_inst2|sum0  ; 1                 ; 6       ;
; a[24]                                                  ;                   ;         ;
;      - lab2_3:inst|lab2_LookaheadCarry:b2v_inst2|p3    ; 0                 ; 6       ;
;      - lab2_3:inst|lab2_LookaheadCarry:b2v_inst2|c4~5  ; 0                 ; 6       ;
;      - lab2_3:inst|lab2_LookaheadCarry:b2v_inst2|sum3  ; 0                 ; 6       ;
; b[7]                                                   ;                   ;         ;
;      - lab2_3:inst|lab2_LookaheadCarry:b2v_inst2|p3    ; 0                 ; 6       ;
;      - lab2_3:inst|lab2_LookaheadCarry:b2v_inst2|c4~5  ; 0                 ; 6       ;
;      - lab2_3:inst|lab2_LookaheadCarry:b2v_inst2|sum3  ; 0                 ; 6       ;
; a[28]                                                  ;                   ;         ;
;      - lab2_3:inst|lab2_LookaheadCarry:b2v_inst|sum3   ; 1                 ; 6       ;
;      - lab2_3:inst|lab2_LookaheadCarry:b2v_inst|c4~4   ; 1                 ; 6       ;
; b[3]                                                   ;                   ;         ;
;      - lab2_3:inst|lab2_LookaheadCarry:b2v_inst|sum3   ; 0                 ; 6       ;
;      - lab2_3:inst|lab2_LookaheadCarry:b2v_inst|c4~4   ; 0                 ; 6       ;
; b[1]                                                   ;                   ;         ;
;      - lab2_3:inst|lab2_LookaheadCarry:b2v_inst|c3~0   ; 1                 ; 6       ;
;      - lab2_3:inst|lab2_LookaheadCarry:b2v_inst|c4~0   ; 1                 ; 6       ;
;      - lab2_3:inst|lab2_LookaheadCarry:b2v_inst|c2~0   ; 1                 ; 6       ;
;      - lab2_3:inst|lab2_LookaheadCarry:b2v_inst|p1     ; 1                 ; 6       ;
;      - lab2_3:inst|lab2_LookaheadCarry:b2v_inst|c4~3   ; 1                 ; 6       ;
; a[30]                                                  ;                   ;         ;
;      - lab2_3:inst|lab2_LookaheadCarry:b2v_inst|c3~0   ; 1                 ; 6       ;
;      - lab2_3:inst|lab2_LookaheadCarry:b2v_inst|c4~0   ; 1                 ; 6       ;
;      - lab2_3:inst|lab2_LookaheadCarry:b2v_inst|c2~0   ; 1                 ; 6       ;
;      - lab2_3:inst|lab2_LookaheadCarry:b2v_inst|p1     ; 1                 ; 6       ;
;      - lab2_3:inst|lab2_LookaheadCarry:b2v_inst|c4~3   ; 1                 ; 6       ;
; a[29]                                                  ;                   ;         ;
;      - lab2_3:inst|lab2_LookaheadCarry:b2v_inst|c3~0   ; 1                 ; 6       ;
;      - lab2_3:inst|lab2_LookaheadCarry:b2v_inst|c4~0   ; 1                 ; 6       ;
;      - lab2_3:inst|lab2_LookaheadCarry:b2v_inst|sum2   ; 1                 ; 6       ;
;      - lab2_3:inst|lab2_LookaheadCarry:b2v_inst|c4~3   ; 1                 ; 6       ;
; b[2]                                                   ;                   ;         ;
;      - lab2_3:inst|lab2_LookaheadCarry:b2v_inst|c3~0   ; 1                 ; 6       ;
;      - lab2_3:inst|lab2_LookaheadCarry:b2v_inst|c4~0   ; 1                 ; 6       ;
;      - lab2_3:inst|lab2_LookaheadCarry:b2v_inst|sum2   ; 1                 ; 6       ;
;      - lab2_3:inst|lab2_LookaheadCarry:b2v_inst|c4~3   ; 1                 ; 6       ;
; a[31]                                                  ;                   ;         ;
;      - lab2_3:inst|lab2_LookaheadCarry:b2v_inst|c4~1   ; 1                 ; 6       ;
;      - lab2_3:inst|lab2_LookaheadCarry:b2v_inst|c2~0   ; 1                 ; 6       ;
;      - lab2_3:inst|lab2_LookaheadCarry:b2v_inst|c4~2   ; 1                 ; 6       ;
;      - lab2_3:inst|lab2_LookaheadCarry:b2v_inst|sum1   ; 1                 ; 6       ;
;      - lab2_3:inst|lab2_LookaheadCarry:b2v_inst|sum0   ; 1                 ; 6       ;
; b[0]                                                   ;                   ;         ;
;      - lab2_3:inst|lab2_LookaheadCarry:b2v_inst|c4~1   ; 1                 ; 6       ;
;      - lab2_3:inst|lab2_LookaheadCarry:b2v_inst|c2~0   ; 1                 ; 6       ;
;      - lab2_3:inst|lab2_LookaheadCarry:b2v_inst|c4~2   ; 1                 ; 6       ;
;      - lab2_3:inst|lab2_LookaheadCarry:b2v_inst|sum1   ; 1                 ; 6       ;
;      - lab2_3:inst|lab2_LookaheadCarry:b2v_inst|sum0   ; 1                 ; 6       ;
; c0                                                     ;                   ;         ;
;      - lab2_3:inst|lab2_LookaheadCarry:b2v_inst|c4~1   ; 1                 ; 6       ;
;      - lab2_3:inst|lab2_LookaheadCarry:b2v_inst|c4~2   ; 1                 ; 6       ;
;      - lab2_3:inst|lab2_LookaheadCarry:b2v_inst|sum1   ; 1                 ; 6       ;
;      - lab2_3:inst|lab2_LookaheadCarry:b2v_inst|sum0   ; 1                 ; 6       ;
+--------------------------------------------------------+-------------------+---------+


+--------------------------------------------------------------------------------------------------------------------------+
; Control Signals                                                                                                          ;
+-------+----------+---------+--------------+--------+----------------------+------------------+---------------------------+
; Name  ; Location ; Fan-Out ; Usage        ; Global ; Global Resource Used ; Global Line Name ; Enable Signal Source Name ;
+-------+----------+---------+--------------+--------+----------------------+------------------+---------------------------+
; cclr  ; PIN_Y2   ; 80      ; Async. clear ; yes    ; Global Clock         ; GCLK4            ; --                        ;
; clock ; PIN_J1   ; 80      ; Clock        ; yes    ; Global Clock         ; GCLK2            ; --                        ;
+-------+----------+---------+--------------+--------+----------------------+------------------+---------------------------+


+-----------------------------------------------------------------------------------------------------------------------------------------+
; Global & Other Fast Signals                                                                                                             ;
+-------+----------+---------+--------------------------------------+----------------------+------------------+---------------------------+
; Name  ; Location ; Fan-Out ; Fan-Out Using Intentional Clock Skew ; Global Resource Used ; Global Line Name ; Enable Signal Source Name ;
+-------+----------+---------+--------------------------------------+----------------------+------------------+---------------------------+
; cclr  ; PIN_Y2   ; 80      ; 0                                    ; Global Clock         ; GCLK4            ; --                        ;
; clock ; PIN_J1   ; 80      ; 0                                    ; Global Clock         ; GCLK2            ; --                        ;
+-------+----------+---------+--------------------------------------+----------------------+------------------+---------------------------+


+---------------------------------+
; Non-Global High Fan-Out Signals ;
+-------------+-------------------+
; Name        ; Fan-Out           ;
+-------------+-------------------+
; b[0]~input  ; 5                 ;
; a[31]~input ; 5                 ;
; a[30]~input ; 5                 ;
; b[1]~input  ; 5                 ;
; b[4]~input  ; 5                 ;
; a[27]~input ; 5                 ;
; a[26]~input ; 5                 ;
; b[5]~input  ; 5                 ;
; b[8]~input  ; 5                 ;
; a[23]~input ; 5                 ;
; a[22]~input ; 5                 ;
; b[9]~input  ; 5                 ;
; b[12]~input ; 5                 ;
; a[19]~input ; 5                 ;
; a[18]~input ; 5                 ;
; b[13]~input ; 5                 ;
; b[16]~input ; 5                 ;
; a[15]~input ; 5                 ;
; a[14]~input ; 5                 ;
; b[17]~input ; 5                 ;
; b[20]~input ; 5                 ;
; a[11]~input ; 5                 ;
; a[10]~input ; 5                 ;
; b[21]~input ; 5                 ;
; b[24]~input ; 5                 ;
; a[7]~input  ; 5                 ;
; a[6]~input  ; 5                 ;
; b[25]~input ; 5                 ;
; b[28]~input ; 5                 ;
; a[3]~input  ; 5                 ;
; a[2]~input  ; 5                 ;
; b[29]~input ; 5                 ;
; b[32]~input ; 5                 ;
; a[32]~input ; 5                 ;
; a[33]~input ; 5                 ;
; b[33]~input ; 5                 ;
; b[36]~input ; 5                 ;
; a[36]~input ; 5                 ;
; a[37]~input ; 5                 ;
; b[37]~input ; 5                 ;
; b[40]~input ; 5                 ;
; a[40]~input ; 5                 ;
; a[41]~input ; 5                 ;
; b[41]~input ; 5                 ;
; b[44]~input ; 5                 ;
; a[44]~input ; 5                 ;
; a[45]~input ; 5                 ;
; b[45]~input ; 5                 ;
; b[48]~input ; 5                 ;
; a[48]~input ; 5                 ;
+-------------+-------------------+


+------------------------------------------------------+
; Interconnect Usage Summary                           ;
+----------------------------+-------------------------+
; Interconnect Resource Type ; Usage                   ;
+----------------------------+-------------------------+
; Block interconnects        ; 291 / 342,891 ( < 1 % ) ;
; C16 interconnects          ; 110 / 10,120 ( 1 % )    ;
; C4 interconnects           ; 328 / 209,544 ( < 1 % ) ;
; Direct links               ; 29 / 342,891 ( < 1 % )  ;
; Global clocks              ; 2 / 20 ( 10 % )         ;
; Local interconnects        ; 137 / 119,088 ( < 1 % ) ;
; R24 interconnects          ; 45 / 9,963 ( < 1 % )    ;
; R4 interconnects           ; 199 / 289,782 ( < 1 % ) ;
+----------------------------+-------------------------+


+----------------------------------------------------------------------------+
; LAB Logic Elements                                                         ;
+---------------------------------------------+------------------------------+
; Number of Logic Elements  (Average = 13.17) ; Number of LABs  (Total = 18) ;
+---------------------------------------------+------------------------------+
; 1                                           ; 0                            ;
; 2                                           ; 0                            ;
; 3                                           ; 0                            ;
; 4                                           ; 0                            ;
; 5                                           ; 1                            ;
; 6                                           ; 0                            ;
; 7                                           ; 1                            ;
; 8                                           ; 1                            ;
; 9                                           ; 0                            ;
; 10                                          ; 1                            ;
; 11                                          ; 0                            ;
; 12                                          ; 1                            ;
; 13                                          ; 0                            ;
; 14                                          ; 5                            ;
; 15                                          ; 3                            ;
; 16                                          ; 5                            ;
+---------------------------------------------+------------------------------+


+-------------------------------------------------------------------+
; LAB-wide Signals                                                  ;
+------------------------------------+------------------------------+
; LAB-wide Signals  (Average = 2.00) ; Number of LABs  (Total = 18) ;
+------------------------------------+------------------------------+
; 1 Async. clear                     ; 18                           ;
; 1 Clock                            ; 18                           ;
+------------------------------------+------------------------------+


+-----------------------------------------------------------------------------+
; LAB Signals Sourced                                                         ;
+----------------------------------------------+------------------------------+
; Number of Signals Sourced  (Average = 17.61) ; Number of LABs  (Total = 18) ;
+----------------------------------------------+------------------------------+
; 0                                            ; 0                            ;
; 1                                            ; 0                            ;
; 2                                            ; 0                            ;
; 3                                            ; 0                            ;
; 4                                            ; 0                            ;
; 5                                            ; 0                            ;
; 6                                            ; 0                            ;
; 7                                            ; 0                            ;
; 8                                            ; 1                            ;
; 9                                            ; 0                            ;
; 10                                           ; 1                            ;
; 11                                           ; 1                            ;
; 12                                           ; 0                            ;
; 13                                           ; 1                            ;
; 14                                           ; 0                            ;
; 15                                           ; 0                            ;
; 16                                           ; 0                            ;
; 17                                           ; 1                            ;
; 18                                           ; 5                            ;
; 19                                           ; 0                            ;
; 20                                           ; 3                            ;
; 21                                           ; 2                            ;
; 22                                           ; 3                            ;
+----------------------------------------------+------------------------------+


+--------------------------------------------------------------------------------+
; LAB Signals Sourced Out                                                        ;
+-------------------------------------------------+------------------------------+
; Number of Signals Sourced Out  (Average = 5.94) ; Number of LABs  (Total = 18) ;
+-------------------------------------------------+------------------------------+
; 0                                               ; 0                            ;
; 1                                               ; 0                            ;
; 2                                               ; 0                            ;
; 3                                               ; 0                            ;
; 4                                               ; 2                            ;
; 5                                               ; 9                            ;
; 6                                               ; 0                            ;
; 7                                               ; 2                            ;
; 8                                               ; 5                            ;
+-------------------------------------------------+------------------------------+


+-----------------------------------------------------------------------------+
; LAB Distinct Inputs                                                         ;
+----------------------------------------------+------------------------------+
; Number of Distinct Inputs  (Average = 12.83) ; Number of LABs  (Total = 18) ;
+----------------------------------------------+------------------------------+
; 0                                            ; 0                            ;
; 1                                            ; 0                            ;
; 2                                            ; 0                            ;
; 3                                            ; 0                            ;
; 4                                            ; 0                            ;
; 5                                            ; 0                            ;
; 6                                            ; 0                            ;
; 7                                            ; 0                            ;
; 8                                            ; 0                            ;
; 9                                            ; 2                            ;
; 10                                           ; 0                            ;
; 11                                           ; 11                           ;
; 12                                           ; 0                            ;
; 13                                           ; 0                            ;
; 14                                           ; 3                            ;
; 15                                           ; 0                            ;
; 16                                           ; 0                            ;
; 17                                           ; 0                            ;
; 18                                           ; 0                            ;
; 19                                           ; 0                            ;
; 20                                           ; 0                            ;
; 21                                           ; 0                            ;
; 22                                           ; 0                            ;
; 23                                           ; 0                            ;
; 24                                           ; 0                            ;
; 25                                           ; 2                            ;
+----------------------------------------------+------------------------------+


+------------------------------------------+
; I/O Rules Summary                        ;
+----------------------------------+-------+
; I/O Rules Statistic              ; Total ;
+----------------------------------+-------+
; Total I/O Rules                  ; 30    ;
; Number of I/O Rules Passed       ; 9     ;
; Number of I/O Rules Failed       ; 0     ;
; Number of I/O Rules Unchecked    ; 0     ;
; Number of I/O Rules Inapplicable ; 21    ;
+----------------------------------+-------+


+-----------------------------------------------------------------------------------------------------------------------------------------------------------------------------------------------------------------------------------------------------------------------------------------------------+
; I/O Rules Details                                                                                                                                                                                                                                                                                   ;
+--------------+-----------+-----------------------------------+------------------------------------------------------------------------------------------------------+----------+--------------------------------------------------------------------------+---------------------+-------------------+
; Status       ; ID        ; Category                          ; Rule Description                                                                                     ; Severity ; Information                                                              ; Area                ; Extra Information ;
+--------------+-----------+-----------------------------------+------------------------------------------------------------------------------------------------------+----------+--------------------------------------------------------------------------+---------------------+-------------------+
; Inapplicable ; IO_000001 ; Capacity Checks                   ; Number of pins in an I/O bank should not exceed the number of locations available.                   ; Critical ; No Location assignments found.                                           ; I/O                 ;                   ;
; Inapplicable ; IO_000002 ; Capacity Checks                   ; Number of clocks in an I/O bank should not exceed the number of clocks available.                    ; Critical ; No Global Signal assignments found.                                      ; I/O                 ;                   ;
; Inapplicable ; IO_000003 ; Capacity Checks                   ; Number of pins in a Vrefgroup should not exceed the number of locations available.                   ; Critical ; No Location assignments found.                                           ; I/O                 ;                   ;
; Inapplicable ; IO_000004 ; Voltage Compatibility Checks      ; The I/O bank should support the requested VCCIO.                                                     ; Critical ; No IOBANK_VCCIO assignments found.                                       ; I/O                 ;                   ;
; Inapplicable ; IO_000005 ; Voltage Compatibility Checks      ; The I/O bank should not have competing VREF values.                                                  ; Critical ; No VREF I/O Standard assignments found.                                  ; I/O                 ;                   ;
; Pass         ; IO_000006 ; Voltage Compatibility Checks      ; The I/O bank should not have competing VCCIO values.                                                 ; Critical ; 0 such failures found.                                                   ; I/O                 ;                   ;
; Inapplicable ; IO_000007 ; Valid Location Checks             ; Checks for unavailable locations.                                                                    ; Critical ; No Location assignments found.                                           ; I/O                 ;                   ;
; Inapplicable ; IO_000008 ; Valid Location Checks             ; Checks for reserved locations.                                                                       ; Critical ; No reserved LogicLock region found.                                      ; I/O                 ;                   ;
; Pass         ; IO_000009 ; I/O Properties Checks for One I/O ; The location should support the requested I/O standard.                                              ; Critical ; 0 such failures found.                                                   ; I/O                 ;                   ;
; Pass         ; IO_000010 ; I/O Properties Checks for One I/O ; The location should support the requested I/O direction.                                             ; Critical ; 0 such failures found.                                                   ; I/O                 ;                   ;
; Inapplicable ; IO_000011 ; I/O Properties Checks for One I/O ; The location should support the requested Current Strength.                                          ; Critical ; No Current Strength assignments found.                                   ; I/O                 ;                   ;
; Pass         ; IO_000012 ; I/O Properties Checks for One I/O ; The location should support the requested On Chip Termination value.                                 ; Critical ; 0 such failures found.                                                   ; I/O                 ;                   ;
; Inapplicable ; IO_000013 ; I/O Properties Checks for One I/O ; The location should support the requested Bus Hold value.                                            ; Critical ; No Enable Bus-Hold Circuitry assignments found.                          ; I/O                 ;                   ;
; Inapplicable ; IO_000014 ; I/O Properties Checks for One I/O ; The location should support the requested Weak Pull Up value.                                        ; Critical ; No Weak Pull-Up Resistor assignments found.                              ; I/O                 ;                   ;
; Pass         ; IO_000015 ; I/O Properties Checks for One I/O ; The location should support the requested PCI Clamp Diode.                                           ; Critical ; 0 such failures found.                                                   ; I/O                 ;                   ;
; Inapplicable ; IO_000018 ; I/O Properties Checks for One I/O ; The I/O standard should support the requested Current Strength.                                      ; Critical ; No Current Strength assignments found.                                   ; I/O                 ;                   ;
; Pass         ; IO_000019 ; I/O Properties Checks for One I/O ; The I/O standard should support the requested On Chip Termination value.                             ; Critical ; 0 such failures found.                                                   ; I/O                 ;                   ;
; Pass         ; IO_000020 ; I/O Properties Checks for One I/O ; The I/O standard should support the requested PCI Clamp Diode.                                       ; Critical ; 0 such failures found.                                                   ; I/O                 ;                   ;
; Inapplicable ; IO_000021 ; I/O Properties Checks for One I/O ; The I/O standard should support the requested Weak Pull Up value.                                    ; Critical ; No Weak Pull-Up Resistor assignments found.                              ; I/O                 ;                   ;
; Inapplicable ; IO_000022 ; I/O Properties Checks for One I/O ; The I/O standard should support the requested Bus Hold value.                                        ; Critical ; No Enable Bus-Hold Circuitry assignments found.                          ; I/O                 ;                   ;
; Inapplicable ; IO_000023 ; I/O Properties Checks for One I/O ; The I/O standard should support the Open Drain value.                                                ; Critical ; No open drain assignments found.                                         ; I/O                 ;                   ;
; Pass         ; IO_000024 ; I/O Properties Checks for One I/O ; The I/O direction should support the On Chip Termination value.                                      ; Critical ; 0 such failures found.                                                   ; I/O                 ;                   ;
; Inapplicable ; IO_000026 ; I/O Properties Checks for One I/O ; On Chip Termination and Current Strength should not be used at the same time.                        ; Critical ; No Current Strength assignments found.                                   ; I/O                 ;                   ;
; Inapplicable ; IO_000027 ; I/O Properties Checks for One I/O ; Weak Pull Up and Bus Hold should not be used at the same time.                                       ; Critical ; No Enable Bus-Hold Circuitry or Weak Pull-Up Resistor assignments found. ; I/O                 ;                   ;
; Inapplicable ; IO_000045 ; I/O Properties Checks for One I/O ; The I/O standard should support the requested Slew Rate value.                                       ; Critical ; No Slew Rate assignments found.                                          ; I/O                 ;                   ;
; Inapplicable ; IO_000046 ; I/O Properties Checks for One I/O ; The location should support the requested Slew Rate value.                                           ; Critical ; No Slew Rate assignments found.                                          ; I/O                 ;                   ;
; Inapplicable ; IO_000047 ; I/O Properties Checks for One I/O ; On Chip Termination and Slew Rate should not be used at the same time.                               ; Critical ; No Slew Rate assignments found.                                          ; I/O                 ;                   ;
; Pass         ; IO_000033 ; Electromigration Checks           ; Current density for consecutive I/Os should not exceed 240mA for row I/Os and 240mA for column I/Os. ; Critical ; 0 such failures found.                                                   ; I/O                 ;                   ;
; Inapplicable ; IO_000034 ; SI Related Distance Checks        ; Single-ended outputs should be 5 LAB row(s) away from a differential I/O.                            ; High     ; No Differential I/O Standard assignments found.                          ; I/O                 ;                   ;
; Inapplicable ; IO_000042 ; SI Related SSO Limit Checks       ; No more than 20 outputs are allowed in a VREF group when VREF is being read from.                    ; High     ; No VREF I/O Standard assignments found.                                  ; I/O                 ;                   ;
; ----         ; ----      ; Disclaimer                        ; OCT rules are checked but not reported.                                                              ; None     ; ----                                                                     ; On Chip Termination ;                   ;
+--------------+-----------+-----------------------------------+------------------------------------------------------------------------------------------------------+----------+--------------------------------------------------------------------------+---------------------+-------------------+


+--------------------------------------------------------------------------------------------------------------------------------------------------------------------------------------------------------------------------------------------------------------------------------------------------------------------------------------------------------------------------------------------------------------------------------------------------------------------------+
; I/O Rules Matrix                                                                                                                                                                                                                                                                                                                                                                                                                                                         ;
+--------------------+--------------+--------------+--------------+--------------+--------------+-----------+--------------+--------------+-----------+-----------+--------------+--------------+--------------+--------------+--------------+--------------+--------------+--------------+--------------+--------------+--------------+--------------+--------------+--------------+--------------+--------------+--------------+-----------+--------------+--------------+
; Pin/Rules          ; IO_000001    ; IO_000002    ; IO_000003    ; IO_000004    ; IO_000005    ; IO_000006 ; IO_000007    ; IO_000008    ; IO_000009 ; IO_000010 ; IO_000011    ; IO_000012    ; IO_000013    ; IO_000014    ; IO_000015    ; IO_000018    ; IO_000019    ; IO_000020    ; IO_000021    ; IO_000022    ; IO_000023    ; IO_000024    ; IO_000026    ; IO_000027    ; IO_000045    ; IO_000046    ; IO_000047    ; IO_000033 ; IO_000034    ; IO_000042    ;
+--------------------+--------------+--------------+--------------+--------------+--------------+-----------+--------------+--------------+-----------+-----------+--------------+--------------+--------------+--------------+--------------+--------------+--------------+--------------+--------------+--------------+--------------+--------------+--------------+--------------+--------------+--------------+--------------+-----------+--------------+--------------+
; Total Pass         ; 0            ; 0            ; 0            ; 0            ; 0            ; 196       ; 0            ; 0            ; 196       ; 196       ; 0            ; 65           ; 0            ; 0            ; 131          ; 0            ; 65           ; 131          ; 0            ; 0            ; 0            ; 65           ; 0            ; 0            ; 0            ; 0            ; 0            ; 196       ; 0            ; 0            ;
; Total Unchecked    ; 0            ; 0            ; 0            ; 0            ; 0            ; 0         ; 0            ; 0            ; 0         ; 0         ; 0            ; 0            ; 0            ; 0            ; 0            ; 0            ; 0            ; 0            ; 0            ; 0            ; 0            ; 0            ; 0            ; 0            ; 0            ; 0            ; 0            ; 0         ; 0            ; 0            ;
; Total Inapplicable ; 196          ; 196          ; 196          ; 196          ; 196          ; 0         ; 196          ; 196          ; 0         ; 0         ; 196          ; 131          ; 196          ; 196          ; 65           ; 196          ; 131          ; 65           ; 196          ; 196          ; 196          ; 131          ; 196          ; 196          ; 196          ; 196          ; 196          ; 0         ; 196          ; 196          ;
; Total Fail         ; 0            ; 0            ; 0            ; 0            ; 0            ; 0         ; 0            ; 0            ; 0         ; 0         ; 0            ; 0            ; 0            ; 0            ; 0            ; 0            ; 0            ; 0            ; 0            ; 0            ; 0            ; 0            ; 0            ; 0            ; 0            ; 0            ; 0            ; 0         ; 0            ; 0            ;
; overflow           ; Inapplicable ; Inapplicable ; Inapplicable ; Inapplicable ; Inapplicable ; Pass      ; Inapplicable ; Inapplicable ; Pass      ; Pass      ; Inapplicable ; Pass         ; Inapplicable ; Inapplicable ; Inapplicable ; Inapplicable ; Pass         ; Inapplicable ; Inapplicable ; Inapplicable ; Inapplicable ; Pass         ; Inapplicable ; Inapplicable ; Inapplicable ; Inapplicable ; Inapplicable ; Pass      ; Inapplicable ; Inapplicable ;
; sum[63]            ; Inapplicable ; Inapplicable ; Inapplicable ; Inapplicable ; Inapplicable ; Pass      ; Inapplicable ; Inapplicable ; Pass      ; Pass      ; Inapplicable ; Pass         ; Inapplicable ; Inapplicable ; Inapplicable ; Inapplicable ; Pass         ; Inapplicable ; Inapplicable ; Inapplicable ; Inapplicable ; Pass         ; Inapplicable ; Inapplicable ; Inapplicable ; Inapplicable ; Inapplicable ; Pass      ; Inapplicable ; Inapplicable ;
; sum[62]            ; Inapplicable ; Inapplicable ; Inapplicable ; Inapplicable ; Inapplicable ; Pass      ; Inapplicable ; Inapplicable ; Pass      ; Pass      ; Inapplicable ; Pass         ; Inapplicable ; Inapplicable ; Inapplicable ; Inapplicable ; Pass         ; Inapplicable ; Inapplicable ; Inapplicable ; Inapplicable ; Pass         ; Inapplicable ; Inapplicable ; Inapplicable ; Inapplicable ; Inapplicable ; Pass      ; Inapplicable ; Inapplicable ;
; sum[61]            ; Inapplicable ; Inapplicable ; Inapplicable ; Inapplicable ; Inapplicable ; Pass      ; Inapplicable ; Inapplicable ; Pass      ; Pass      ; Inapplicable ; Pass         ; Inapplicable ; Inapplicable ; Inapplicable ; Inapplicable ; Pass         ; Inapplicable ; Inapplicable ; Inapplicable ; Inapplicable ; Pass         ; Inapplicable ; Inapplicable ; Inapplicable ; Inapplicable ; Inapplicable ; Pass      ; Inapplicable ; Inapplicable ;
; sum[60]            ; Inapplicable ; Inapplicable ; Inapplicable ; Inapplicable ; Inapplicable ; Pass      ; Inapplicable ; Inapplicable ; Pass      ; Pass      ; Inapplicable ; Pass         ; Inapplicable ; Inapplicable ; Inapplicable ; Inapplicable ; Pass         ; Inapplicable ; Inapplicable ; Inapplicable ; Inapplicable ; Pass         ; Inapplicable ; Inapplicable ; Inapplicable ; Inapplicable ; Inapplicable ; Pass      ; Inapplicable ; Inapplicable ;
; sum[59]            ; Inapplicable ; Inapplicable ; Inapplicable ; Inapplicable ; Inapplicable ; Pass      ; Inapplicable ; Inapplicable ; Pass      ; Pass      ; Inapplicable ; Pass         ; Inapplicable ; Inapplicable ; Inapplicable ; Inapplicable ; Pass         ; Inapplicable ; Inapplicable ; Inapplicable ; Inapplicable ; Pass         ; Inapplicable ; Inapplicable ; Inapplicable ; Inapplicable ; Inapplicable ; Pass      ; Inapplicable ; Inapplicable ;
; sum[58]            ; Inapplicable ; Inapplicable ; Inapplicable ; Inapplicable ; Inapplicable ; Pass      ; Inapplicable ; Inapplicable ; Pass      ; Pass      ; Inapplicable ; Pass         ; Inapplicable ; Inapplicable ; Inapplicable ; Inapplicable ; Pass         ; Inapplicable ; Inapplicable ; Inapplicable ; Inapplicable ; Pass         ; Inapplicable ; Inapplicable ; Inapplicable ; Inapplicable ; Inapplicable ; Pass      ; Inapplicable ; Inapplicable ;
; sum[57]            ; Inapplicable ; Inapplicable ; Inapplicable ; Inapplicable ; Inapplicable ; Pass      ; Inapplicable ; Inapplicable ; Pass      ; Pass      ; Inapplicable ; Pass         ; Inapplicable ; Inapplicable ; Inapplicable ; Inapplicable ; Pass         ; Inapplicable ; Inapplicable ; Inapplicable ; Inapplicable ; Pass         ; Inapplicable ; Inapplicable ; Inapplicable ; Inapplicable ; Inapplicable ; Pass      ; Inapplicable ; Inapplicable ;
; sum[56]            ; Inapplicable ; Inapplicable ; Inapplicable ; Inapplicable ; Inapplicable ; Pass      ; Inapplicable ; Inapplicable ; Pass      ; Pass      ; Inapplicable ; Pass         ; Inapplicable ; Inapplicable ; Inapplicable ; Inapplicable ; Pass         ; Inapplicable ; Inapplicable ; Inapplicable ; Inapplicable ; Pass         ; Inapplicable ; Inapplicable ; Inapplicable ; Inapplicable ; Inapplicable ; Pass      ; Inapplicable ; Inapplicable ;
; sum[55]            ; Inapplicable ; Inapplicable ; Inapplicable ; Inapplicable ; Inapplicable ; Pass      ; Inapplicable ; Inapplicable ; Pass      ; Pass      ; Inapplicable ; Pass         ; Inapplicable ; Inapplicable ; Inapplicable ; Inapplicable ; Pass         ; Inapplicable ; Inapplicable ; Inapplicable ; Inapplicable ; Pass         ; Inapplicable ; Inapplicable ; Inapplicable ; Inapplicable ; Inapplicable ; Pass      ; Inapplicable ; Inapplicable ;
; sum[54]            ; Inapplicable ; Inapplicable ; Inapplicable ; Inapplicable ; Inapplicable ; Pass      ; Inapplicable ; Inapplicable ; Pass      ; Pass      ; Inapplicable ; Pass         ; Inapplicable ; Inapplicable ; Inapplicable ; Inapplicable ; Pass         ; Inapplicable ; Inapplicable ; Inapplicable ; Inapplicable ; Pass         ; Inapplicable ; Inapplicable ; Inapplicable ; Inapplicable ; Inapplicable ; Pass      ; Inapplicable ; Inapplicable ;
; sum[53]            ; Inapplicable ; Inapplicable ; Inapplicable ; Inapplicable ; Inapplicable ; Pass      ; Inapplicable ; Inapplicable ; Pass      ; Pass      ; Inapplicable ; Pass         ; Inapplicable ; Inapplicable ; Inapplicable ; Inapplicable ; Pass         ; Inapplicable ; Inapplicable ; Inapplicable ; Inapplicable ; Pass         ; Inapplicable ; Inapplicable ; Inapplicable ; Inapplicable ; Inapplicable ; Pass      ; Inapplicable ; Inapplicable ;
; sum[52]            ; Inapplicable ; Inapplicable ; Inapplicable ; Inapplicable ; Inapplicable ; Pass      ; Inapplicable ; Inapplicable ; Pass      ; Pass      ; Inapplicable ; Pass         ; Inapplicable ; Inapplicable ; Inapplicable ; Inapplicable ; Pass         ; Inapplicable ; Inapplicable ; Inapplicable ; Inapplicable ; Pass         ; Inapplicable ; Inapplicable ; Inapplicable ; Inapplicable ; Inapplicable ; Pass      ; Inapplicable ; Inapplicable ;
; sum[51]            ; Inapplicable ; Inapplicable ; Inapplicable ; Inapplicable ; Inapplicable ; Pass      ; Inapplicable ; Inapplicable ; Pass      ; Pass      ; Inapplicable ; Pass         ; Inapplicable ; Inapplicable ; Inapplicable ; Inapplicable ; Pass         ; Inapplicable ; Inapplicable ; Inapplicable ; Inapplicable ; Pass         ; Inapplicable ; Inapplicable ; Inapplicable ; Inapplicable ; Inapplicable ; Pass      ; Inapplicable ; Inapplicable ;
; sum[50]            ; Inapplicable ; Inapplicable ; Inapplicable ; Inapplicable ; Inapplicable ; Pass      ; Inapplicable ; Inapplicable ; Pass      ; Pass      ; Inapplicable ; Pass         ; Inapplicable ; Inapplicable ; Inapplicable ; Inapplicable ; Pass         ; Inapplicable ; Inapplicable ; Inapplicable ; Inapplicable ; Pass         ; Inapplicable ; Inapplicable ; Inapplicable ; Inapplicable ; Inapplicable ; Pass      ; Inapplicable ; Inapplicable ;
; sum[49]            ; Inapplicable ; Inapplicable ; Inapplicable ; Inapplicable ; Inapplicable ; Pass      ; Inapplicable ; Inapplicable ; Pass      ; Pass      ; Inapplicable ; Pass         ; Inapplicable ; Inapplicable ; Inapplicable ; Inapplicable ; Pass         ; Inapplicable ; Inapplicable ; Inapplicable ; Inapplicable ; Pass         ; Inapplicable ; Inapplicable ; Inapplicable ; Inapplicable ; Inapplicable ; Pass      ; Inapplicable ; Inapplicable ;
; sum[48]            ; Inapplicable ; Inapplicable ; Inapplicable ; Inapplicable ; Inapplicable ; Pass      ; Inapplicable ; Inapplicable ; Pass      ; Pass      ; Inapplicable ; Pass         ; Inapplicable ; Inapplicable ; Inapplicable ; Inapplicable ; Pass         ; Inapplicable ; Inapplicable ; Inapplicable ; Inapplicable ; Pass         ; Inapplicable ; Inapplicable ; Inapplicable ; Inapplicable ; Inapplicable ; Pass      ; Inapplicable ; Inapplicable ;
; sum[47]            ; Inapplicable ; Inapplicable ; Inapplicable ; Inapplicable ; Inapplicable ; Pass      ; Inapplicable ; Inapplicable ; Pass      ; Pass      ; Inapplicable ; Pass         ; Inapplicable ; Inapplicable ; Inapplicable ; Inapplicable ; Pass         ; Inapplicable ; Inapplicable ; Inapplicable ; Inapplicable ; Pass         ; Inapplicable ; Inapplicable ; Inapplicable ; Inapplicable ; Inapplicable ; Pass      ; Inapplicable ; Inapplicable ;
; sum[46]            ; Inapplicable ; Inapplicable ; Inapplicable ; Inapplicable ; Inapplicable ; Pass      ; Inapplicable ; Inapplicable ; Pass      ; Pass      ; Inapplicable ; Pass         ; Inapplicable ; Inapplicable ; Inapplicable ; Inapplicable ; Pass         ; Inapplicable ; Inapplicable ; Inapplicable ; Inapplicable ; Pass         ; Inapplicable ; Inapplicable ; Inapplicable ; Inapplicable ; Inapplicable ; Pass      ; Inapplicable ; Inapplicable ;
; sum[45]            ; Inapplicable ; Inapplicable ; Inapplicable ; Inapplicable ; Inapplicable ; Pass      ; Inapplicable ; Inapplicable ; Pass      ; Pass      ; Inapplicable ; Pass         ; Inapplicable ; Inapplicable ; Inapplicable ; Inapplicable ; Pass         ; Inapplicable ; Inapplicable ; Inapplicable ; Inapplicable ; Pass         ; Inapplicable ; Inapplicable ; Inapplicable ; Inapplicable ; Inapplicable ; Pass      ; Inapplicable ; Inapplicable ;
; sum[44]            ; Inapplicable ; Inapplicable ; Inapplicable ; Inapplicable ; Inapplicable ; Pass      ; Inapplicable ; Inapplicable ; Pass      ; Pass      ; Inapplicable ; Pass         ; Inapplicable ; Inapplicable ; Inapplicable ; Inapplicable ; Pass         ; Inapplicable ; Inapplicable ; Inapplicable ; Inapplicable ; Pass         ; Inapplicable ; Inapplicable ; Inapplicable ; Inapplicable ; Inapplicable ; Pass      ; Inapplicable ; Inapplicable ;
; sum[43]            ; Inapplicable ; Inapplicable ; Inapplicable ; Inapplicable ; Inapplicable ; Pass      ; Inapplicable ; Inapplicable ; Pass      ; Pass      ; Inapplicable ; Pass         ; Inapplicable ; Inapplicable ; Inapplicable ; Inapplicable ; Pass         ; Inapplicable ; Inapplicable ; Inapplicable ; Inapplicable ; Pass         ; Inapplicable ; Inapplicable ; Inapplicable ; Inapplicable ; Inapplicable ; Pass      ; Inapplicable ; Inapplicable ;
; sum[42]            ; Inapplicable ; Inapplicable ; Inapplicable ; Inapplicable ; Inapplicable ; Pass      ; Inapplicable ; Inapplicable ; Pass      ; Pass      ; Inapplicable ; Pass         ; Inapplicable ; Inapplicable ; Inapplicable ; Inapplicable ; Pass         ; Inapplicable ; Inapplicable ; Inapplicable ; Inapplicable ; Pass         ; Inapplicable ; Inapplicable ; Inapplicable ; Inapplicable ; Inapplicable ; Pass      ; Inapplicable ; Inapplicable ;
; sum[41]            ; Inapplicable ; Inapplicable ; Inapplicable ; Inapplicable ; Inapplicable ; Pass      ; Inapplicable ; Inapplicable ; Pass      ; Pass      ; Inapplicable ; Pass         ; Inapplicable ; Inapplicable ; Inapplicable ; Inapplicable ; Pass         ; Inapplicable ; Inapplicable ; Inapplicable ; Inapplicable ; Pass         ; Inapplicable ; Inapplicable ; Inapplicable ; Inapplicable ; Inapplicable ; Pass      ; Inapplicable ; Inapplicable ;
; sum[40]            ; Inapplicable ; Inapplicable ; Inapplicable ; Inapplicable ; Inapplicable ; Pass      ; Inapplicable ; Inapplicable ; Pass      ; Pass      ; Inapplicable ; Pass         ; Inapplicable ; Inapplicable ; Inapplicable ; Inapplicable ; Pass         ; Inapplicable ; Inapplicable ; Inapplicable ; Inapplicable ; Pass         ; Inapplicable ; Inapplicable ; Inapplicable ; Inapplicable ; Inapplicable ; Pass      ; Inapplicable ; Inapplicable ;
; sum[39]            ; Inapplicable ; Inapplicable ; Inapplicable ; Inapplicable ; Inapplicable ; Pass      ; Inapplicable ; Inapplicable ; Pass      ; Pass      ; Inapplicable ; Pass         ; Inapplicable ; Inapplicable ; Inapplicable ; Inapplicable ; Pass         ; Inapplicable ; Inapplicable ; Inapplicable ; Inapplicable ; Pass         ; Inapplicable ; Inapplicable ; Inapplicable ; Inapplicable ; Inapplicable ; Pass      ; Inapplicable ; Inapplicable ;
; sum[38]            ; Inapplicable ; Inapplicable ; Inapplicable ; Inapplicable ; Inapplicable ; Pass      ; Inapplicable ; Inapplicable ; Pass      ; Pass      ; Inapplicable ; Pass         ; Inapplicable ; Inapplicable ; Inapplicable ; Inapplicable ; Pass         ; Inapplicable ; Inapplicable ; Inapplicable ; Inapplicable ; Pass         ; Inapplicable ; Inapplicable ; Inapplicable ; Inapplicable ; Inapplicable ; Pass      ; Inapplicable ; Inapplicable ;
; sum[37]            ; Inapplicable ; Inapplicable ; Inapplicable ; Inapplicable ; Inapplicable ; Pass      ; Inapplicable ; Inapplicable ; Pass      ; Pass      ; Inapplicable ; Pass         ; Inapplicable ; Inapplicable ; Inapplicable ; Inapplicable ; Pass         ; Inapplicable ; Inapplicable ; Inapplicable ; Inapplicable ; Pass         ; Inapplicable ; Inapplicable ; Inapplicable ; Inapplicable ; Inapplicable ; Pass      ; Inapplicable ; Inapplicable ;
; sum[36]            ; Inapplicable ; Inapplicable ; Inapplicable ; Inapplicable ; Inapplicable ; Pass      ; Inapplicable ; Inapplicable ; Pass      ; Pass      ; Inapplicable ; Pass         ; Inapplicable ; Inapplicable ; Inapplicable ; Inapplicable ; Pass         ; Inapplicable ; Inapplicable ; Inapplicable ; Inapplicable ; Pass         ; Inapplicable ; Inapplicable ; Inapplicable ; Inapplicable ; Inapplicable ; Pass      ; Inapplicable ; Inapplicable ;
; sum[35]            ; Inapplicable ; Inapplicable ; Inapplicable ; Inapplicable ; Inapplicable ; Pass      ; Inapplicable ; Inapplicable ; Pass      ; Pass      ; Inapplicable ; Pass         ; Inapplicable ; Inapplicable ; Inapplicable ; Inapplicable ; Pass         ; Inapplicable ; Inapplicable ; Inapplicable ; Inapplicable ; Pass         ; Inapplicable ; Inapplicable ; Inapplicable ; Inapplicable ; Inapplicable ; Pass      ; Inapplicable ; Inapplicable ;
; sum[34]            ; Inapplicable ; Inapplicable ; Inapplicable ; Inapplicable ; Inapplicable ; Pass      ; Inapplicable ; Inapplicable ; Pass      ; Pass      ; Inapplicable ; Pass         ; Inapplicable ; Inapplicable ; Inapplicable ; Inapplicable ; Pass         ; Inapplicable ; Inapplicable ; Inapplicable ; Inapplicable ; Pass         ; Inapplicable ; Inapplicable ; Inapplicable ; Inapplicable ; Inapplicable ; Pass      ; Inapplicable ; Inapplicable ;
; sum[33]            ; Inapplicable ; Inapplicable ; Inapplicable ; Inapplicable ; Inapplicable ; Pass      ; Inapplicable ; Inapplicable ; Pass      ; Pass      ; Inapplicable ; Pass         ; Inapplicable ; Inapplicable ; Inapplicable ; Inapplicable ; Pass         ; Inapplicable ; Inapplicable ; Inapplicable ; Inapplicable ; Pass         ; Inapplicable ; Inapplicable ; Inapplicable ; Inapplicable ; Inapplicable ; Pass      ; Inapplicable ; Inapplicable ;
; sum[32]            ; Inapplicable ; Inapplicable ; Inapplicable ; Inapplicable ; Inapplicable ; Pass      ; Inapplicable ; Inapplicable ; Pass      ; Pass      ; Inapplicable ; Pass         ; Inapplicable ; Inapplicable ; Inapplicable ; Inapplicable ; Pass         ; Inapplicable ; Inapplicable ; Inapplicable ; Inapplicable ; Pass         ; Inapplicable ; Inapplicable ; Inapplicable ; Inapplicable ; Inapplicable ; Pass      ; Inapplicable ; Inapplicable ;
; sum[31]            ; Inapplicable ; Inapplicable ; Inapplicable ; Inapplicable ; Inapplicable ; Pass      ; Inapplicable ; Inapplicable ; Pass      ; Pass      ; Inapplicable ; Pass         ; Inapplicable ; Inapplicable ; Inapplicable ; Inapplicable ; Pass         ; Inapplicable ; Inapplicable ; Inapplicable ; Inapplicable ; Pass         ; Inapplicable ; Inapplicable ; Inapplicable ; Inapplicable ; Inapplicable ; Pass      ; Inapplicable ; Inapplicable ;
; sum[30]            ; Inapplicable ; Inapplicable ; Inapplicable ; Inapplicable ; Inapplicable ; Pass      ; Inapplicable ; Inapplicable ; Pass      ; Pass      ; Inapplicable ; Pass         ; Inapplicable ; Inapplicable ; Inapplicable ; Inapplicable ; Pass         ; Inapplicable ; Inapplicable ; Inapplicable ; Inapplicable ; Pass         ; Inapplicable ; Inapplicable ; Inapplicable ; Inapplicable ; Inapplicable ; Pass      ; Inapplicable ; Inapplicable ;
; sum[29]            ; Inapplicable ; Inapplicable ; Inapplicable ; Inapplicable ; Inapplicable ; Pass      ; Inapplicable ; Inapplicable ; Pass      ; Pass      ; Inapplicable ; Pass         ; Inapplicable ; Inapplicable ; Inapplicable ; Inapplicable ; Pass         ; Inapplicable ; Inapplicable ; Inapplicable ; Inapplicable ; Pass         ; Inapplicable ; Inapplicable ; Inapplicable ; Inapplicable ; Inapplicable ; Pass      ; Inapplicable ; Inapplicable ;
; sum[28]            ; Inapplicable ; Inapplicable ; Inapplicable ; Inapplicable ; Inapplicable ; Pass      ; Inapplicable ; Inapplicable ; Pass      ; Pass      ; Inapplicable ; Pass         ; Inapplicable ; Inapplicable ; Inapplicable ; Inapplicable ; Pass         ; Inapplicable ; Inapplicable ; Inapplicable ; Inapplicable ; Pass         ; Inapplicable ; Inapplicable ; Inapplicable ; Inapplicable ; Inapplicable ; Pass      ; Inapplicable ; Inapplicable ;
; sum[27]            ; Inapplicable ; Inapplicable ; Inapplicable ; Inapplicable ; Inapplicable ; Pass      ; Inapplicable ; Inapplicable ; Pass      ; Pass      ; Inapplicable ; Pass         ; Inapplicable ; Inapplicable ; Inapplicable ; Inapplicable ; Pass         ; Inapplicable ; Inapplicable ; Inapplicable ; Inapplicable ; Pass         ; Inapplicable ; Inapplicable ; Inapplicable ; Inapplicable ; Inapplicable ; Pass      ; Inapplicable ; Inapplicable ;
; sum[26]            ; Inapplicable ; Inapplicable ; Inapplicable ; Inapplicable ; Inapplicable ; Pass      ; Inapplicable ; Inapplicable ; Pass      ; Pass      ; Inapplicable ; Pass         ; Inapplicable ; Inapplicable ; Inapplicable ; Inapplicable ; Pass         ; Inapplicable ; Inapplicable ; Inapplicable ; Inapplicable ; Pass         ; Inapplicable ; Inapplicable ; Inapplicable ; Inapplicable ; Inapplicable ; Pass      ; Inapplicable ; Inapplicable ;
; sum[25]            ; Inapplicable ; Inapplicable ; Inapplicable ; Inapplicable ; Inapplicable ; Pass      ; Inapplicable ; Inapplicable ; Pass      ; Pass      ; Inapplicable ; Pass         ; Inapplicable ; Inapplicable ; Inapplicable ; Inapplicable ; Pass         ; Inapplicable ; Inapplicable ; Inapplicable ; Inapplicable ; Pass         ; Inapplicable ; Inapplicable ; Inapplicable ; Inapplicable ; Inapplicable ; Pass      ; Inapplicable ; Inapplicable ;
; sum[24]            ; Inapplicable ; Inapplicable ; Inapplicable ; Inapplicable ; Inapplicable ; Pass      ; Inapplicable ; Inapplicable ; Pass      ; Pass      ; Inapplicable ; Pass         ; Inapplicable ; Inapplicable ; Inapplicable ; Inapplicable ; Pass         ; Inapplicable ; Inapplicable ; Inapplicable ; Inapplicable ; Pass         ; Inapplicable ; Inapplicable ; Inapplicable ; Inapplicable ; Inapplicable ; Pass      ; Inapplicable ; Inapplicable ;
; sum[23]            ; Inapplicable ; Inapplicable ; Inapplicable ; Inapplicable ; Inapplicable ; Pass      ; Inapplicable ; Inapplicable ; Pass      ; Pass      ; Inapplicable ; Pass         ; Inapplicable ; Inapplicable ; Inapplicable ; Inapplicable ; Pass         ; Inapplicable ; Inapplicable ; Inapplicable ; Inapplicable ; Pass         ; Inapplicable ; Inapplicable ; Inapplicable ; Inapplicable ; Inapplicable ; Pass      ; Inapplicable ; Inapplicable ;
; sum[22]            ; Inapplicable ; Inapplicable ; Inapplicable ; Inapplicable ; Inapplicable ; Pass      ; Inapplicable ; Inapplicable ; Pass      ; Pass      ; Inapplicable ; Pass         ; Inapplicable ; Inapplicable ; Inapplicable ; Inapplicable ; Pass         ; Inapplicable ; Inapplicable ; Inapplicable ; Inapplicable ; Pass         ; Inapplicable ; Inapplicable ; Inapplicable ; Inapplicable ; Inapplicable ; Pass      ; Inapplicable ; Inapplicable ;
; sum[21]            ; Inapplicable ; Inapplicable ; Inapplicable ; Inapplicable ; Inapplicable ; Pass      ; Inapplicable ; Inapplicable ; Pass      ; Pass      ; Inapplicable ; Pass         ; Inapplicable ; Inapplicable ; Inapplicable ; Inapplicable ; Pass         ; Inapplicable ; Inapplicable ; Inapplicable ; Inapplicable ; Pass         ; Inapplicable ; Inapplicable ; Inapplicable ; Inapplicable ; Inapplicable ; Pass      ; Inapplicable ; Inapplicable ;
; sum[20]            ; Inapplicable ; Inapplicable ; Inapplicable ; Inapplicable ; Inapplicable ; Pass      ; Inapplicable ; Inapplicable ; Pass      ; Pass      ; Inapplicable ; Pass         ; Inapplicable ; Inapplicable ; Inapplicable ; Inapplicable ; Pass         ; Inapplicable ; Inapplicable ; Inapplicable ; Inapplicable ; Pass         ; Inapplicable ; Inapplicable ; Inapplicable ; Inapplicable ; Inapplicable ; Pass      ; Inapplicable ; Inapplicable ;
; sum[19]            ; Inapplicable ; Inapplicable ; Inapplicable ; Inapplicable ; Inapplicable ; Pass      ; Inapplicable ; Inapplicable ; Pass      ; Pass      ; Inapplicable ; Pass         ; Inapplicable ; Inapplicable ; Inapplicable ; Inapplicable ; Pass         ; Inapplicable ; Inapplicable ; Inapplicable ; Inapplicable ; Pass         ; Inapplicable ; Inapplicable ; Inapplicable ; Inapplicable ; Inapplicable ; Pass      ; Inapplicable ; Inapplicable ;
; sum[18]            ; Inapplicable ; Inapplicable ; Inapplicable ; Inapplicable ; Inapplicable ; Pass      ; Inapplicable ; Inapplicable ; Pass      ; Pass      ; Inapplicable ; Pass         ; Inapplicable ; Inapplicable ; Inapplicable ; Inapplicable ; Pass         ; Inapplicable ; Inapplicable ; Inapplicable ; Inapplicable ; Pass         ; Inapplicable ; Inapplicable ; Inapplicable ; Inapplicable ; Inapplicable ; Pass      ; Inapplicable ; Inapplicable ;
; sum[17]            ; Inapplicable ; Inapplicable ; Inapplicable ; Inapplicable ; Inapplicable ; Pass      ; Inapplicable ; Inapplicable ; Pass      ; Pass      ; Inapplicable ; Pass         ; Inapplicable ; Inapplicable ; Inapplicable ; Inapplicable ; Pass         ; Inapplicable ; Inapplicable ; Inapplicable ; Inapplicable ; Pass         ; Inapplicable ; Inapplicable ; Inapplicable ; Inapplicable ; Inapplicable ; Pass      ; Inapplicable ; Inapplicable ;
; sum[16]            ; Inapplicable ; Inapplicable ; Inapplicable ; Inapplicable ; Inapplicable ; Pass      ; Inapplicable ; Inapplicable ; Pass      ; Pass      ; Inapplicable ; Pass         ; Inapplicable ; Inapplicable ; Inapplicable ; Inapplicable ; Pass         ; Inapplicable ; Inapplicable ; Inapplicable ; Inapplicable ; Pass         ; Inapplicable ; Inapplicable ; Inapplicable ; Inapplicable ; Inapplicable ; Pass      ; Inapplicable ; Inapplicable ;
; sum[15]            ; Inapplicable ; Inapplicable ; Inapplicable ; Inapplicable ; Inapplicable ; Pass      ; Inapplicable ; Inapplicable ; Pass      ; Pass      ; Inapplicable ; Pass         ; Inapplicable ; Inapplicable ; Inapplicable ; Inapplicable ; Pass         ; Inapplicable ; Inapplicable ; Inapplicable ; Inapplicable ; Pass         ; Inapplicable ; Inapplicable ; Inapplicable ; Inapplicable ; Inapplicable ; Pass      ; Inapplicable ; Inapplicable ;
; sum[14]            ; Inapplicable ; Inapplicable ; Inapplicable ; Inapplicable ; Inapplicable ; Pass      ; Inapplicable ; Inapplicable ; Pass      ; Pass      ; Inapplicable ; Pass         ; Inapplicable ; Inapplicable ; Inapplicable ; Inapplicable ; Pass         ; Inapplicable ; Inapplicable ; Inapplicable ; Inapplicable ; Pass         ; Inapplicable ; Inapplicable ; Inapplicable ; Inapplicable ; Inapplicable ; Pass      ; Inapplicable ; Inapplicable ;
; sum[13]            ; Inapplicable ; Inapplicable ; Inapplicable ; Inapplicable ; Inapplicable ; Pass      ; Inapplicable ; Inapplicable ; Pass      ; Pass      ; Inapplicable ; Pass         ; Inapplicable ; Inapplicable ; Inapplicable ; Inapplicable ; Pass         ; Inapplicable ; Inapplicable ; Inapplicable ; Inapplicable ; Pass         ; Inapplicable ; Inapplicable ; Inapplicable ; Inapplicable ; Inapplicable ; Pass      ; Inapplicable ; Inapplicable ;
; sum[12]            ; Inapplicable ; Inapplicable ; Inapplicable ; Inapplicable ; Inapplicable ; Pass      ; Inapplicable ; Inapplicable ; Pass      ; Pass      ; Inapplicable ; Pass         ; Inapplicable ; Inapplicable ; Inapplicable ; Inapplicable ; Pass         ; Inapplicable ; Inapplicable ; Inapplicable ; Inapplicable ; Pass         ; Inapplicable ; Inapplicable ; Inapplicable ; Inapplicable ; Inapplicable ; Pass      ; Inapplicable ; Inapplicable ;
; sum[11]            ; Inapplicable ; Inapplicable ; Inapplicable ; Inapplicable ; Inapplicable ; Pass      ; Inapplicable ; Inapplicable ; Pass      ; Pass      ; Inapplicable ; Pass         ; Inapplicable ; Inapplicable ; Inapplicable ; Inapplicable ; Pass         ; Inapplicable ; Inapplicable ; Inapplicable ; Inapplicable ; Pass         ; Inapplicable ; Inapplicable ; Inapplicable ; Inapplicable ; Inapplicable ; Pass      ; Inapplicable ; Inapplicable ;
; sum[10]            ; Inapplicable ; Inapplicable ; Inapplicable ; Inapplicable ; Inapplicable ; Pass      ; Inapplicable ; Inapplicable ; Pass      ; Pass      ; Inapplicable ; Pass         ; Inapplicable ; Inapplicable ; Inapplicable ; Inapplicable ; Pass         ; Inapplicable ; Inapplicable ; Inapplicable ; Inapplicable ; Pass         ; Inapplicable ; Inapplicable ; Inapplicable ; Inapplicable ; Inapplicable ; Pass      ; Inapplicable ; Inapplicable ;
; sum[9]             ; Inapplicable ; Inapplicable ; Inapplicable ; Inapplicable ; Inapplicable ; Pass      ; Inapplicable ; Inapplicable ; Pass      ; Pass      ; Inapplicable ; Pass         ; Inapplicable ; Inapplicable ; Inapplicable ; Inapplicable ; Pass         ; Inapplicable ; Inapplicable ; Inapplicable ; Inapplicable ; Pass         ; Inapplicable ; Inapplicable ; Inapplicable ; Inapplicable ; Inapplicable ; Pass      ; Inapplicable ; Inapplicable ;
; sum[8]             ; Inapplicable ; Inapplicable ; Inapplicable ; Inapplicable ; Inapplicable ; Pass      ; Inapplicable ; Inapplicable ; Pass      ; Pass      ; Inapplicable ; Pass         ; Inapplicable ; Inapplicable ; Inapplicable ; Inapplicable ; Pass         ; Inapplicable ; Inapplicable ; Inapplicable ; Inapplicable ; Pass         ; Inapplicable ; Inapplicable ; Inapplicable ; Inapplicable ; Inapplicable ; Pass      ; Inapplicable ; Inapplicable ;
; sum[7]             ; Inapplicable ; Inapplicable ; Inapplicable ; Inapplicable ; Inapplicable ; Pass      ; Inapplicable ; Inapplicable ; Pass      ; Pass      ; Inapplicable ; Pass         ; Inapplicable ; Inapplicable ; Inapplicable ; Inapplicable ; Pass         ; Inapplicable ; Inapplicable ; Inapplicable ; Inapplicable ; Pass         ; Inapplicable ; Inapplicable ; Inapplicable ; Inapplicable ; Inapplicable ; Pass      ; Inapplicable ; Inapplicable ;
; sum[6]             ; Inapplicable ; Inapplicable ; Inapplicable ; Inapplicable ; Inapplicable ; Pass      ; Inapplicable ; Inapplicable ; Pass      ; Pass      ; Inapplicable ; Pass         ; Inapplicable ; Inapplicable ; Inapplicable ; Inapplicable ; Pass         ; Inapplicable ; Inapplicable ; Inapplicable ; Inapplicable ; Pass         ; Inapplicable ; Inapplicable ; Inapplicable ; Inapplicable ; Inapplicable ; Pass      ; Inapplicable ; Inapplicable ;
; sum[5]             ; Inapplicable ; Inapplicable ; Inapplicable ; Inapplicable ; Inapplicable ; Pass      ; Inapplicable ; Inapplicable ; Pass      ; Pass      ; Inapplicable ; Pass         ; Inapplicable ; Inapplicable ; Inapplicable ; Inapplicable ; Pass         ; Inapplicable ; Inapplicable ; Inapplicable ; Inapplicable ; Pass         ; Inapplicable ; Inapplicable ; Inapplicable ; Inapplicable ; Inapplicable ; Pass      ; Inapplicable ; Inapplicable ;
; sum[4]             ; Inapplicable ; Inapplicable ; Inapplicable ; Inapplicable ; Inapplicable ; Pass      ; Inapplicable ; Inapplicable ; Pass      ; Pass      ; Inapplicable ; Pass         ; Inapplicable ; Inapplicable ; Inapplicable ; Inapplicable ; Pass         ; Inapplicable ; Inapplicable ; Inapplicable ; Inapplicable ; Pass         ; Inapplicable ; Inapplicable ; Inapplicable ; Inapplicable ; Inapplicable ; Pass      ; Inapplicable ; Inapplicable ;
; sum[3]             ; Inapplicable ; Inapplicable ; Inapplicable ; Inapplicable ; Inapplicable ; Pass      ; Inapplicable ; Inapplicable ; Pass      ; Pass      ; Inapplicable ; Pass         ; Inapplicable ; Inapplicable ; Inapplicable ; Inapplicable ; Pass         ; Inapplicable ; Inapplicable ; Inapplicable ; Inapplicable ; Pass         ; Inapplicable ; Inapplicable ; Inapplicable ; Inapplicable ; Inapplicable ; Pass      ; Inapplicable ; Inapplicable ;
; sum[2]             ; Inapplicable ; Inapplicable ; Inapplicable ; Inapplicable ; Inapplicable ; Pass      ; Inapplicable ; Inapplicable ; Pass      ; Pass      ; Inapplicable ; Pass         ; Inapplicable ; Inapplicable ; Inapplicable ; Inapplicable ; Pass         ; Inapplicable ; Inapplicable ; Inapplicable ; Inapplicable ; Pass         ; Inapplicable ; Inapplicable ; Inapplicable ; Inapplicable ; Inapplicable ; Pass      ; Inapplicable ; Inapplicable ;
; sum[1]             ; Inapplicable ; Inapplicable ; Inapplicable ; Inapplicable ; Inapplicable ; Pass      ; Inapplicable ; Inapplicable ; Pass      ; Pass      ; Inapplicable ; Pass         ; Inapplicable ; Inapplicable ; Inapplicable ; Inapplicable ; Pass         ; Inapplicable ; Inapplicable ; Inapplicable ; Inapplicable ; Pass         ; Inapplicable ; Inapplicable ; Inapplicable ; Inapplicable ; Inapplicable ; Pass      ; Inapplicable ; Inapplicable ;
; sum[0]             ; Inapplicable ; Inapplicable ; Inapplicable ; Inapplicable ; Inapplicable ; Pass      ; Inapplicable ; Inapplicable ; Pass      ; Pass      ; Inapplicable ; Pass         ; Inapplicable ; Inapplicable ; Inapplicable ; Inapplicable ; Pass         ; Inapplicable ; Inapplicable ; Inapplicable ; Inapplicable ; Pass         ; Inapplicable ; Inapplicable ; Inapplicable ; Inapplicable ; Inapplicable ; Pass      ; Inapplicable ; Inapplicable ;
; a[62]              ; Inapplicable ; Inapplicable ; Inapplicable ; Inapplicable ; Inapplicable ; Pass      ; Inapplicable ; Inapplicable ; Pass      ; Pass      ; Inapplicable ; Inapplicable ; Inapplicable ; Inapplicable ; Pass         ; Inapplicable ; Inapplicable ; Pass         ; Inapplicable ; Inapplicable ; Inapplicable ; Inapplicable ; Inapplicable ; Inapplicable ; Inapplicable ; Inapplicable ; Inapplicable ; Pass      ; Inapplicable ; Inapplicable ;
; b[62]              ; Inapplicable ; Inapplicable ; Inapplicable ; Inapplicable ; Inapplicable ; Pass      ; Inapplicable ; Inapplicable ; Pass      ; Pass      ; Inapplicable ; Inapplicable ; Inapplicable ; Inapplicable ; Pass         ; Inapplicable ; Inapplicable ; Pass         ; Inapplicable ; Inapplicable ; Inapplicable ; Inapplicable ; Inapplicable ; Inapplicable ; Inapplicable ; Inapplicable ; Inapplicable ; Pass      ; Inapplicable ; Inapplicable ;
; a[63]              ; Inapplicable ; Inapplicable ; Inapplicable ; Inapplicable ; Inapplicable ; Pass      ; Inapplicable ; Inapplicable ; Pass      ; Pass      ; Inapplicable ; Inapplicable ; Inapplicable ; Inapplicable ; Pass         ; Inapplicable ; Inapplicable ; Pass         ; Inapplicable ; Inapplicable ; Inapplicable ; Inapplicable ; Inapplicable ; Inapplicable ; Inapplicable ; Inapplicable ; Inapplicable ; Pass      ; Inapplicable ; Inapplicable ;
; b[63]              ; Inapplicable ; Inapplicable ; Inapplicable ; Inapplicable ; Inapplicable ; Pass      ; Inapplicable ; Inapplicable ; Pass      ; Pass      ; Inapplicable ; Inapplicable ; Inapplicable ; Inapplicable ; Pass         ; Inapplicable ; Inapplicable ; Pass         ; Inapplicable ; Inapplicable ; Inapplicable ; Inapplicable ; Inapplicable ; Inapplicable ; Inapplicable ; Inapplicable ; Inapplicable ; Pass      ; Inapplicable ; Inapplicable ;
; a[61]              ; Inapplicable ; Inapplicable ; Inapplicable ; Inapplicable ; Inapplicable ; Pass      ; Inapplicable ; Inapplicable ; Pass      ; Pass      ; Inapplicable ; Inapplicable ; Inapplicable ; Inapplicable ; Pass         ; Inapplicable ; Inapplicable ; Pass         ; Inapplicable ; Inapplicable ; Inapplicable ; Inapplicable ; Inapplicable ; Inapplicable ; Inapplicable ; Inapplicable ; Inapplicable ; Pass      ; Inapplicable ; Inapplicable ;
; b[61]              ; Inapplicable ; Inapplicable ; Inapplicable ; Inapplicable ; Inapplicable ; Pass      ; Inapplicable ; Inapplicable ; Pass      ; Pass      ; Inapplicable ; Inapplicable ; Inapplicable ; Inapplicable ; Pass         ; Inapplicable ; Inapplicable ; Pass         ; Inapplicable ; Inapplicable ; Inapplicable ; Inapplicable ; Inapplicable ; Inapplicable ; Inapplicable ; Inapplicable ; Inapplicable ; Pass      ; Inapplicable ; Inapplicable ;
; a[60]              ; Inapplicable ; Inapplicable ; Inapplicable ; Inapplicable ; Inapplicable ; Pass      ; Inapplicable ; Inapplicable ; Pass      ; Pass      ; Inapplicable ; Inapplicable ; Inapplicable ; Inapplicable ; Pass         ; Inapplicable ; Inapplicable ; Pass         ; Inapplicable ; Inapplicable ; Inapplicable ; Inapplicable ; Inapplicable ; Inapplicable ; Inapplicable ; Inapplicable ; Inapplicable ; Pass      ; Inapplicable ; Inapplicable ;
; b[60]              ; Inapplicable ; Inapplicable ; Inapplicable ; Inapplicable ; Inapplicable ; Pass      ; Inapplicable ; Inapplicable ; Pass      ; Pass      ; Inapplicable ; Inapplicable ; Inapplicable ; Inapplicable ; Pass         ; Inapplicable ; Inapplicable ; Pass         ; Inapplicable ; Inapplicable ; Inapplicable ; Inapplicable ; Inapplicable ; Inapplicable ; Inapplicable ; Inapplicable ; Inapplicable ; Pass      ; Inapplicable ; Inapplicable ;
; clock              ; Inapplicable ; Inapplicable ; Inapplicable ; Inapplicable ; Inapplicable ; Pass      ; Inapplicable ; Inapplicable ; Pass      ; Pass      ; Inapplicable ; Inapplicable ; Inapplicable ; Inapplicable ; Pass         ; Inapplicable ; Inapplicable ; Pass         ; Inapplicable ; Inapplicable ; Inapplicable ; Inapplicable ; Inapplicable ; Inapplicable ; Inapplicable ; Inapplicable ; Inapplicable ; Pass      ; Inapplicable ; Inapplicable ;
; cclr               ; Inapplicable ; Inapplicable ; Inapplicable ; Inapplicable ; Inapplicable ; Pass      ; Inapplicable ; Inapplicable ; Pass      ; Pass      ; Inapplicable ; Inapplicable ; Inapplicable ; Inapplicable ; Pass         ; Inapplicable ; Inapplicable ; Pass         ; Inapplicable ; Inapplicable ; Inapplicable ; Inapplicable ; Inapplicable ; Inapplicable ; Inapplicable ; Inapplicable ; Inapplicable ; Pass      ; Inapplicable ; Inapplicable ;
; b[57]              ; Inapplicable ; Inapplicable ; Inapplicable ; Inapplicable ; Inapplicable ; Pass      ; Inapplicable ; Inapplicable ; Pass      ; Pass      ; Inapplicable ; Inapplicable ; Inapplicable ; Inapplicable ; Pass         ; Inapplicable ; Inapplicable ; Pass         ; Inapplicable ; Inapplicable ; Inapplicable ; Inapplicable ; Inapplicable ; Inapplicable ; Inapplicable ; Inapplicable ; Inapplicable ; Pass      ; Inapplicable ; Inapplicable ;
; a[57]              ; Inapplicable ; Inapplicable ; Inapplicable ; Inapplicable ; Inapplicable ; Pass      ; Inapplicable ; Inapplicable ; Pass      ; Pass      ; Inapplicable ; Inapplicable ; Inapplicable ; Inapplicable ; Pass         ; Inapplicable ; Inapplicable ; Pass         ; Inapplicable ; Inapplicable ; Inapplicable ; Inapplicable ; Inapplicable ; Inapplicable ; Inapplicable ; Inapplicable ; Inapplicable ; Pass      ; Inapplicable ; Inapplicable ;
; a[58]              ; Inapplicable ; Inapplicable ; Inapplicable ; Inapplicable ; Inapplicable ; Pass      ; Inapplicable ; Inapplicable ; Pass      ; Pass      ; Inapplicable ; Inapplicable ; Inapplicable ; Inapplicable ; Pass         ; Inapplicable ; Inapplicable ; Pass         ; Inapplicable ; Inapplicable ; Inapplicable ; Inapplicable ; Inapplicable ; Inapplicable ; Inapplicable ; Inapplicable ; Inapplicable ; Pass      ; Inapplicable ; Inapplicable ;
; b[58]              ; Inapplicable ; Inapplicable ; Inapplicable ; Inapplicable ; Inapplicable ; Pass      ; Inapplicable ; Inapplicable ; Pass      ; Pass      ; Inapplicable ; Inapplicable ; Inapplicable ; Inapplicable ; Pass         ; Inapplicable ; Inapplicable ; Pass         ; Inapplicable ; Inapplicable ; Inapplicable ; Inapplicable ; Inapplicable ; Inapplicable ; Inapplicable ; Inapplicable ; Inapplicable ; Pass      ; Inapplicable ; Inapplicable ;
; a[56]              ; Inapplicable ; Inapplicable ; Inapplicable ; Inapplicable ; Inapplicable ; Pass      ; Inapplicable ; Inapplicable ; Pass      ; Pass      ; Inapplicable ; Inapplicable ; Inapplicable ; Inapplicable ; Pass         ; Inapplicable ; Inapplicable ; Pass         ; Inapplicable ; Inapplicable ; Inapplicable ; Inapplicable ; Inapplicable ; Inapplicable ; Inapplicable ; Inapplicable ; Inapplicable ; Pass      ; Inapplicable ; Inapplicable ;
; b[56]              ; Inapplicable ; Inapplicable ; Inapplicable ; Inapplicable ; Inapplicable ; Pass      ; Inapplicable ; Inapplicable ; Pass      ; Pass      ; Inapplicable ; Inapplicable ; Inapplicable ; Inapplicable ; Pass         ; Inapplicable ; Inapplicable ; Pass         ; Inapplicable ; Inapplicable ; Inapplicable ; Inapplicable ; Inapplicable ; Inapplicable ; Inapplicable ; Inapplicable ; Inapplicable ; Pass      ; Inapplicable ; Inapplicable ;
; a[59]              ; Inapplicable ; Inapplicable ; Inapplicable ; Inapplicable ; Inapplicable ; Pass      ; Inapplicable ; Inapplicable ; Pass      ; Pass      ; Inapplicable ; Inapplicable ; Inapplicable ; Inapplicable ; Pass         ; Inapplicable ; Inapplicable ; Pass         ; Inapplicable ; Inapplicable ; Inapplicable ; Inapplicable ; Inapplicable ; Inapplicable ; Inapplicable ; Inapplicable ; Inapplicable ; Pass      ; Inapplicable ; Inapplicable ;
; b[59]              ; Inapplicable ; Inapplicable ; Inapplicable ; Inapplicable ; Inapplicable ; Pass      ; Inapplicable ; Inapplicable ; Pass      ; Pass      ; Inapplicable ; Inapplicable ; Inapplicable ; Inapplicable ; Pass         ; Inapplicable ; Inapplicable ; Pass         ; Inapplicable ; Inapplicable ; Inapplicable ; Inapplicable ; Inapplicable ; Inapplicable ; Inapplicable ; Inapplicable ; Inapplicable ; Pass      ; Inapplicable ; Inapplicable ;
; b[53]              ; Inapplicable ; Inapplicable ; Inapplicable ; Inapplicable ; Inapplicable ; Pass      ; Inapplicable ; Inapplicable ; Pass      ; Pass      ; Inapplicable ; Inapplicable ; Inapplicable ; Inapplicable ; Pass         ; Inapplicable ; Inapplicable ; Pass         ; Inapplicable ; Inapplicable ; Inapplicable ; Inapplicable ; Inapplicable ; Inapplicable ; Inapplicable ; Inapplicable ; Inapplicable ; Pass      ; Inapplicable ; Inapplicable ;
; a[53]              ; Inapplicable ; Inapplicable ; Inapplicable ; Inapplicable ; Inapplicable ; Pass      ; Inapplicable ; Inapplicable ; Pass      ; Pass      ; Inapplicable ; Inapplicable ; Inapplicable ; Inapplicable ; Pass         ; Inapplicable ; Inapplicable ; Pass         ; Inapplicable ; Inapplicable ; Inapplicable ; Inapplicable ; Inapplicable ; Inapplicable ; Inapplicable ; Inapplicable ; Inapplicable ; Pass      ; Inapplicable ; Inapplicable ;
; a[54]              ; Inapplicable ; Inapplicable ; Inapplicable ; Inapplicable ; Inapplicable ; Pass      ; Inapplicable ; Inapplicable ; Pass      ; Pass      ; Inapplicable ; Inapplicable ; Inapplicable ; Inapplicable ; Pass         ; Inapplicable ; Inapplicable ; Pass         ; Inapplicable ; Inapplicable ; Inapplicable ; Inapplicable ; Inapplicable ; Inapplicable ; Inapplicable ; Inapplicable ; Inapplicable ; Pass      ; Inapplicable ; Inapplicable ;
; b[54]              ; Inapplicable ; Inapplicable ; Inapplicable ; Inapplicable ; Inapplicable ; Pass      ; Inapplicable ; Inapplicable ; Pass      ; Pass      ; Inapplicable ; Inapplicable ; Inapplicable ; Inapplicable ; Pass         ; Inapplicable ; Inapplicable ; Pass         ; Inapplicable ; Inapplicable ; Inapplicable ; Inapplicable ; Inapplicable ; Inapplicable ; Inapplicable ; Inapplicable ; Inapplicable ; Pass      ; Inapplicable ; Inapplicable ;
; a[52]              ; Inapplicable ; Inapplicable ; Inapplicable ; Inapplicable ; Inapplicable ; Pass      ; Inapplicable ; Inapplicable ; Pass      ; Pass      ; Inapplicable ; Inapplicable ; Inapplicable ; Inapplicable ; Pass         ; Inapplicable ; Inapplicable ; Pass         ; Inapplicable ; Inapplicable ; Inapplicable ; Inapplicable ; Inapplicable ; Inapplicable ; Inapplicable ; Inapplicable ; Inapplicable ; Pass      ; Inapplicable ; Inapplicable ;
; b[52]              ; Inapplicable ; Inapplicable ; Inapplicable ; Inapplicable ; Inapplicable ; Pass      ; Inapplicable ; Inapplicable ; Pass      ; Pass      ; Inapplicable ; Inapplicable ; Inapplicable ; Inapplicable ; Pass         ; Inapplicable ; Inapplicable ; Pass         ; Inapplicable ; Inapplicable ; Inapplicable ; Inapplicable ; Inapplicable ; Inapplicable ; Inapplicable ; Inapplicable ; Inapplicable ; Pass      ; Inapplicable ; Inapplicable ;
; a[55]              ; Inapplicable ; Inapplicable ; Inapplicable ; Inapplicable ; Inapplicable ; Pass      ; Inapplicable ; Inapplicable ; Pass      ; Pass      ; Inapplicable ; Inapplicable ; Inapplicable ; Inapplicable ; Pass         ; Inapplicable ; Inapplicable ; Pass         ; Inapplicable ; Inapplicable ; Inapplicable ; Inapplicable ; Inapplicable ; Inapplicable ; Inapplicable ; Inapplicable ; Inapplicable ; Pass      ; Inapplicable ; Inapplicable ;
; b[55]              ; Inapplicable ; Inapplicable ; Inapplicable ; Inapplicable ; Inapplicable ; Pass      ; Inapplicable ; Inapplicable ; Pass      ; Pass      ; Inapplicable ; Inapplicable ; Inapplicable ; Inapplicable ; Pass         ; Inapplicable ; Inapplicable ; Pass         ; Inapplicable ; Inapplicable ; Inapplicable ; Inapplicable ; Inapplicable ; Inapplicable ; Inapplicable ; Inapplicable ; Inapplicable ; Pass      ; Inapplicable ; Inapplicable ;
; b[49]              ; Inapplicable ; Inapplicable ; Inapplicable ; Inapplicable ; Inapplicable ; Pass      ; Inapplicable ; Inapplicable ; Pass      ; Pass      ; Inapplicable ; Inapplicable ; Inapplicable ; Inapplicable ; Pass         ; Inapplicable ; Inapplicable ; Pass         ; Inapplicable ; Inapplicable ; Inapplicable ; Inapplicable ; Inapplicable ; Inapplicable ; Inapplicable ; Inapplicable ; Inapplicable ; Pass      ; Inapplicable ; Inapplicable ;
; a[49]              ; Inapplicable ; Inapplicable ; Inapplicable ; Inapplicable ; Inapplicable ; Pass      ; Inapplicable ; Inapplicable ; Pass      ; Pass      ; Inapplicable ; Inapplicable ; Inapplicable ; Inapplicable ; Pass         ; Inapplicable ; Inapplicable ; Pass         ; Inapplicable ; Inapplicable ; Inapplicable ; Inapplicable ; Inapplicable ; Inapplicable ; Inapplicable ; Inapplicable ; Inapplicable ; Pass      ; Inapplicable ; Inapplicable ;
; a[50]              ; Inapplicable ; Inapplicable ; Inapplicable ; Inapplicable ; Inapplicable ; Pass      ; Inapplicable ; Inapplicable ; Pass      ; Pass      ; Inapplicable ; Inapplicable ; Inapplicable ; Inapplicable ; Pass         ; Inapplicable ; Inapplicable ; Pass         ; Inapplicable ; Inapplicable ; Inapplicable ; Inapplicable ; Inapplicable ; Inapplicable ; Inapplicable ; Inapplicable ; Inapplicable ; Pass      ; Inapplicable ; Inapplicable ;
; b[50]              ; Inapplicable ; Inapplicable ; Inapplicable ; Inapplicable ; Inapplicable ; Pass      ; Inapplicable ; Inapplicable ; Pass      ; Pass      ; Inapplicable ; Inapplicable ; Inapplicable ; Inapplicable ; Pass         ; Inapplicable ; Inapplicable ; Pass         ; Inapplicable ; Inapplicable ; Inapplicable ; Inapplicable ; Inapplicable ; Inapplicable ; Inapplicable ; Inapplicable ; Inapplicable ; Pass      ; Inapplicable ; Inapplicable ;
; a[48]              ; Inapplicable ; Inapplicable ; Inapplicable ; Inapplicable ; Inapplicable ; Pass      ; Inapplicable ; Inapplicable ; Pass      ; Pass      ; Inapplicable ; Inapplicable ; Inapplicable ; Inapplicable ; Pass         ; Inapplicable ; Inapplicable ; Pass         ; Inapplicable ; Inapplicable ; Inapplicable ; Inapplicable ; Inapplicable ; Inapplicable ; Inapplicable ; Inapplicable ; Inapplicable ; Pass      ; Inapplicable ; Inapplicable ;
; b[48]              ; Inapplicable ; Inapplicable ; Inapplicable ; Inapplicable ; Inapplicable ; Pass      ; Inapplicable ; Inapplicable ; Pass      ; Pass      ; Inapplicable ; Inapplicable ; Inapplicable ; Inapplicable ; Pass         ; Inapplicable ; Inapplicable ; Pass         ; Inapplicable ; Inapplicable ; Inapplicable ; Inapplicable ; Inapplicable ; Inapplicable ; Inapplicable ; Inapplicable ; Inapplicable ; Pass      ; Inapplicable ; Inapplicable ;
; a[51]              ; Inapplicable ; Inapplicable ; Inapplicable ; Inapplicable ; Inapplicable ; Pass      ; Inapplicable ; Inapplicable ; Pass      ; Pass      ; Inapplicable ; Inapplicable ; Inapplicable ; Inapplicable ; Pass         ; Inapplicable ; Inapplicable ; Pass         ; Inapplicable ; Inapplicable ; Inapplicable ; Inapplicable ; Inapplicable ; Inapplicable ; Inapplicable ; Inapplicable ; Inapplicable ; Pass      ; Inapplicable ; Inapplicable ;
; b[51]              ; Inapplicable ; Inapplicable ; Inapplicable ; Inapplicable ; Inapplicable ; Pass      ; Inapplicable ; Inapplicable ; Pass      ; Pass      ; Inapplicable ; Inapplicable ; Inapplicable ; Inapplicable ; Pass         ; Inapplicable ; Inapplicable ; Pass         ; Inapplicable ; Inapplicable ; Inapplicable ; Inapplicable ; Inapplicable ; Inapplicable ; Inapplicable ; Inapplicable ; Inapplicable ; Pass      ; Inapplicable ; Inapplicable ;
; b[45]              ; Inapplicable ; Inapplicable ; Inapplicable ; Inapplicable ; Inapplicable ; Pass      ; Inapplicable ; Inapplicable ; Pass      ; Pass      ; Inapplicable ; Inapplicable ; Inapplicable ; Inapplicable ; Pass         ; Inapplicable ; Inapplicable ; Pass         ; Inapplicable ; Inapplicable ; Inapplicable ; Inapplicable ; Inapplicable ; Inapplicable ; Inapplicable ; Inapplicable ; Inapplicable ; Pass      ; Inapplicable ; Inapplicable ;
; a[45]              ; Inapplicable ; Inapplicable ; Inapplicable ; Inapplicable ; Inapplicable ; Pass      ; Inapplicable ; Inapplicable ; Pass      ; Pass      ; Inapplicable ; Inapplicable ; Inapplicable ; Inapplicable ; Pass         ; Inapplicable ; Inapplicable ; Pass         ; Inapplicable ; Inapplicable ; Inapplicable ; Inapplicable ; Inapplicable ; Inapplicable ; Inapplicable ; Inapplicable ; Inapplicable ; Pass      ; Inapplicable ; Inapplicable ;
; a[46]              ; Inapplicable ; Inapplicable ; Inapplicable ; Inapplicable ; Inapplicable ; Pass      ; Inapplicable ; Inapplicable ; Pass      ; Pass      ; Inapplicable ; Inapplicable ; Inapplicable ; Inapplicable ; Pass         ; Inapplicable ; Inapplicable ; Pass         ; Inapplicable ; Inapplicable ; Inapplicable ; Inapplicable ; Inapplicable ; Inapplicable ; Inapplicable ; Inapplicable ; Inapplicable ; Pass      ; Inapplicable ; Inapplicable ;
; b[46]              ; Inapplicable ; Inapplicable ; Inapplicable ; Inapplicable ; Inapplicable ; Pass      ; Inapplicable ; Inapplicable ; Pass      ; Pass      ; Inapplicable ; Inapplicable ; Inapplicable ; Inapplicable ; Pass         ; Inapplicable ; Inapplicable ; Pass         ; Inapplicable ; Inapplicable ; Inapplicable ; Inapplicable ; Inapplicable ; Inapplicable ; Inapplicable ; Inapplicable ; Inapplicable ; Pass      ; Inapplicable ; Inapplicable ;
; a[44]              ; Inapplicable ; Inapplicable ; Inapplicable ; Inapplicable ; Inapplicable ; Pass      ; Inapplicable ; Inapplicable ; Pass      ; Pass      ; Inapplicable ; Inapplicable ; Inapplicable ; Inapplicable ; Pass         ; Inapplicable ; Inapplicable ; Pass         ; Inapplicable ; Inapplicable ; Inapplicable ; Inapplicable ; Inapplicable ; Inapplicable ; Inapplicable ; Inapplicable ; Inapplicable ; Pass      ; Inapplicable ; Inapplicable ;
; b[44]              ; Inapplicable ; Inapplicable ; Inapplicable ; Inapplicable ; Inapplicable ; Pass      ; Inapplicable ; Inapplicable ; Pass      ; Pass      ; Inapplicable ; Inapplicable ; Inapplicable ; Inapplicable ; Pass         ; Inapplicable ; Inapplicable ; Pass         ; Inapplicable ; Inapplicable ; Inapplicable ; Inapplicable ; Inapplicable ; Inapplicable ; Inapplicable ; Inapplicable ; Inapplicable ; Pass      ; Inapplicable ; Inapplicable ;
; a[47]              ; Inapplicable ; Inapplicable ; Inapplicable ; Inapplicable ; Inapplicable ; Pass      ; Inapplicable ; Inapplicable ; Pass      ; Pass      ; Inapplicable ; Inapplicable ; Inapplicable ; Inapplicable ; Pass         ; Inapplicable ; Inapplicable ; Pass         ; Inapplicable ; Inapplicable ; Inapplicable ; Inapplicable ; Inapplicable ; Inapplicable ; Inapplicable ; Inapplicable ; Inapplicable ; Pass      ; Inapplicable ; Inapplicable ;
; b[47]              ; Inapplicable ; Inapplicable ; Inapplicable ; Inapplicable ; Inapplicable ; Pass      ; Inapplicable ; Inapplicable ; Pass      ; Pass      ; Inapplicable ; Inapplicable ; Inapplicable ; Inapplicable ; Pass         ; Inapplicable ; Inapplicable ; Pass         ; Inapplicable ; Inapplicable ; Inapplicable ; Inapplicable ; Inapplicable ; Inapplicable ; Inapplicable ; Inapplicable ; Inapplicable ; Pass      ; Inapplicable ; Inapplicable ;
; b[41]              ; Inapplicable ; Inapplicable ; Inapplicable ; Inapplicable ; Inapplicable ; Pass      ; Inapplicable ; Inapplicable ; Pass      ; Pass      ; Inapplicable ; Inapplicable ; Inapplicable ; Inapplicable ; Pass         ; Inapplicable ; Inapplicable ; Pass         ; Inapplicable ; Inapplicable ; Inapplicable ; Inapplicable ; Inapplicable ; Inapplicable ; Inapplicable ; Inapplicable ; Inapplicable ; Pass      ; Inapplicable ; Inapplicable ;
; a[41]              ; Inapplicable ; Inapplicable ; Inapplicable ; Inapplicable ; Inapplicable ; Pass      ; Inapplicable ; Inapplicable ; Pass      ; Pass      ; Inapplicable ; Inapplicable ; Inapplicable ; Inapplicable ; Pass         ; Inapplicable ; Inapplicable ; Pass         ; Inapplicable ; Inapplicable ; Inapplicable ; Inapplicable ; Inapplicable ; Inapplicable ; Inapplicable ; Inapplicable ; Inapplicable ; Pass      ; Inapplicable ; Inapplicable ;
; a[42]              ; Inapplicable ; Inapplicable ; Inapplicable ; Inapplicable ; Inapplicable ; Pass      ; Inapplicable ; Inapplicable ; Pass      ; Pass      ; Inapplicable ; Inapplicable ; Inapplicable ; Inapplicable ; Pass         ; Inapplicable ; Inapplicable ; Pass         ; Inapplicable ; Inapplicable ; Inapplicable ; Inapplicable ; Inapplicable ; Inapplicable ; Inapplicable ; Inapplicable ; Inapplicable ; Pass      ; Inapplicable ; Inapplicable ;
; b[42]              ; Inapplicable ; Inapplicable ; Inapplicable ; Inapplicable ; Inapplicable ; Pass      ; Inapplicable ; Inapplicable ; Pass      ; Pass      ; Inapplicable ; Inapplicable ; Inapplicable ; Inapplicable ; Pass         ; Inapplicable ; Inapplicable ; Pass         ; Inapplicable ; Inapplicable ; Inapplicable ; Inapplicable ; Inapplicable ; Inapplicable ; Inapplicable ; Inapplicable ; Inapplicable ; Pass      ; Inapplicable ; Inapplicable ;
; a[40]              ; Inapplicable ; Inapplicable ; Inapplicable ; Inapplicable ; Inapplicable ; Pass      ; Inapplicable ; Inapplicable ; Pass      ; Pass      ; Inapplicable ; Inapplicable ; Inapplicable ; Inapplicable ; Pass         ; Inapplicable ; Inapplicable ; Pass         ; Inapplicable ; Inapplicable ; Inapplicable ; Inapplicable ; Inapplicable ; Inapplicable ; Inapplicable ; Inapplicable ; Inapplicable ; Pass      ; Inapplicable ; Inapplicable ;
; b[40]              ; Inapplicable ; Inapplicable ; Inapplicable ; Inapplicable ; Inapplicable ; Pass      ; Inapplicable ; Inapplicable ; Pass      ; Pass      ; Inapplicable ; Inapplicable ; Inapplicable ; Inapplicable ; Pass         ; Inapplicable ; Inapplicable ; Pass         ; Inapplicable ; Inapplicable ; Inapplicable ; Inapplicable ; Inapplicable ; Inapplicable ; Inapplicable ; Inapplicable ; Inapplicable ; Pass      ; Inapplicable ; Inapplicable ;
; a[43]              ; Inapplicable ; Inapplicable ; Inapplicable ; Inapplicable ; Inapplicable ; Pass      ; Inapplicable ; Inapplicable ; Pass      ; Pass      ; Inapplicable ; Inapplicable ; Inapplicable ; Inapplicable ; Pass         ; Inapplicable ; Inapplicable ; Pass         ; Inapplicable ; Inapplicable ; Inapplicable ; Inapplicable ; Inapplicable ; Inapplicable ; Inapplicable ; Inapplicable ; Inapplicable ; Pass      ; Inapplicable ; Inapplicable ;
; b[43]              ; Inapplicable ; Inapplicable ; Inapplicable ; Inapplicable ; Inapplicable ; Pass      ; Inapplicable ; Inapplicable ; Pass      ; Pass      ; Inapplicable ; Inapplicable ; Inapplicable ; Inapplicable ; Pass         ; Inapplicable ; Inapplicable ; Pass         ; Inapplicable ; Inapplicable ; Inapplicable ; Inapplicable ; Inapplicable ; Inapplicable ; Inapplicable ; Inapplicable ; Inapplicable ; Pass      ; Inapplicable ; Inapplicable ;
; b[37]              ; Inapplicable ; Inapplicable ; Inapplicable ; Inapplicable ; Inapplicable ; Pass      ; Inapplicable ; Inapplicable ; Pass      ; Pass      ; Inapplicable ; Inapplicable ; Inapplicable ; Inapplicable ; Pass         ; Inapplicable ; Inapplicable ; Pass         ; Inapplicable ; Inapplicable ; Inapplicable ; Inapplicable ; Inapplicable ; Inapplicable ; Inapplicable ; Inapplicable ; Inapplicable ; Pass      ; Inapplicable ; Inapplicable ;
; a[37]              ; Inapplicable ; Inapplicable ; Inapplicable ; Inapplicable ; Inapplicable ; Pass      ; Inapplicable ; Inapplicable ; Pass      ; Pass      ; Inapplicable ; Inapplicable ; Inapplicable ; Inapplicable ; Pass         ; Inapplicable ; Inapplicable ; Pass         ; Inapplicable ; Inapplicable ; Inapplicable ; Inapplicable ; Inapplicable ; Inapplicable ; Inapplicable ; Inapplicable ; Inapplicable ; Pass      ; Inapplicable ; Inapplicable ;
; a[38]              ; Inapplicable ; Inapplicable ; Inapplicable ; Inapplicable ; Inapplicable ; Pass      ; Inapplicable ; Inapplicable ; Pass      ; Pass      ; Inapplicable ; Inapplicable ; Inapplicable ; Inapplicable ; Pass         ; Inapplicable ; Inapplicable ; Pass         ; Inapplicable ; Inapplicable ; Inapplicable ; Inapplicable ; Inapplicable ; Inapplicable ; Inapplicable ; Inapplicable ; Inapplicable ; Pass      ; Inapplicable ; Inapplicable ;
; b[38]              ; Inapplicable ; Inapplicable ; Inapplicable ; Inapplicable ; Inapplicable ; Pass      ; Inapplicable ; Inapplicable ; Pass      ; Pass      ; Inapplicable ; Inapplicable ; Inapplicable ; Inapplicable ; Pass         ; Inapplicable ; Inapplicable ; Pass         ; Inapplicable ; Inapplicable ; Inapplicable ; Inapplicable ; Inapplicable ; Inapplicable ; Inapplicable ; Inapplicable ; Inapplicable ; Pass      ; Inapplicable ; Inapplicable ;
; a[36]              ; Inapplicable ; Inapplicable ; Inapplicable ; Inapplicable ; Inapplicable ; Pass      ; Inapplicable ; Inapplicable ; Pass      ; Pass      ; Inapplicable ; Inapplicable ; Inapplicable ; Inapplicable ; Pass         ; Inapplicable ; Inapplicable ; Pass         ; Inapplicable ; Inapplicable ; Inapplicable ; Inapplicable ; Inapplicable ; Inapplicable ; Inapplicable ; Inapplicable ; Inapplicable ; Pass      ; Inapplicable ; Inapplicable ;
; b[36]              ; Inapplicable ; Inapplicable ; Inapplicable ; Inapplicable ; Inapplicable ; Pass      ; Inapplicable ; Inapplicable ; Pass      ; Pass      ; Inapplicable ; Inapplicable ; Inapplicable ; Inapplicable ; Pass         ; Inapplicable ; Inapplicable ; Pass         ; Inapplicable ; Inapplicable ; Inapplicable ; Inapplicable ; Inapplicable ; Inapplicable ; Inapplicable ; Inapplicable ; Inapplicable ; Pass      ; Inapplicable ; Inapplicable ;
; a[39]              ; Inapplicable ; Inapplicable ; Inapplicable ; Inapplicable ; Inapplicable ; Pass      ; Inapplicable ; Inapplicable ; Pass      ; Pass      ; Inapplicable ; Inapplicable ; Inapplicable ; Inapplicable ; Pass         ; Inapplicable ; Inapplicable ; Pass         ; Inapplicable ; Inapplicable ; Inapplicable ; Inapplicable ; Inapplicable ; Inapplicable ; Inapplicable ; Inapplicable ; Inapplicable ; Pass      ; Inapplicable ; Inapplicable ;
; b[39]              ; Inapplicable ; Inapplicable ; Inapplicable ; Inapplicable ; Inapplicable ; Pass      ; Inapplicable ; Inapplicable ; Pass      ; Pass      ; Inapplicable ; Inapplicable ; Inapplicable ; Inapplicable ; Pass         ; Inapplicable ; Inapplicable ; Pass         ; Inapplicable ; Inapplicable ; Inapplicable ; Inapplicable ; Inapplicable ; Inapplicable ; Inapplicable ; Inapplicable ; Inapplicable ; Pass      ; Inapplicable ; Inapplicable ;
; b[33]              ; Inapplicable ; Inapplicable ; Inapplicable ; Inapplicable ; Inapplicable ; Pass      ; Inapplicable ; Inapplicable ; Pass      ; Pass      ; Inapplicable ; Inapplicable ; Inapplicable ; Inapplicable ; Pass         ; Inapplicable ; Inapplicable ; Pass         ; Inapplicable ; Inapplicable ; Inapplicable ; Inapplicable ; Inapplicable ; Inapplicable ; Inapplicable ; Inapplicable ; Inapplicable ; Pass      ; Inapplicable ; Inapplicable ;
; a[33]              ; Inapplicable ; Inapplicable ; Inapplicable ; Inapplicable ; Inapplicable ; Pass      ; Inapplicable ; Inapplicable ; Pass      ; Pass      ; Inapplicable ; Inapplicable ; Inapplicable ; Inapplicable ; Pass         ; Inapplicable ; Inapplicable ; Pass         ; Inapplicable ; Inapplicable ; Inapplicable ; Inapplicable ; Inapplicable ; Inapplicable ; Inapplicable ; Inapplicable ; Inapplicable ; Pass      ; Inapplicable ; Inapplicable ;
; a[34]              ; Inapplicable ; Inapplicable ; Inapplicable ; Inapplicable ; Inapplicable ; Pass      ; Inapplicable ; Inapplicable ; Pass      ; Pass      ; Inapplicable ; Inapplicable ; Inapplicable ; Inapplicable ; Pass         ; Inapplicable ; Inapplicable ; Pass         ; Inapplicable ; Inapplicable ; Inapplicable ; Inapplicable ; Inapplicable ; Inapplicable ; Inapplicable ; Inapplicable ; Inapplicable ; Pass      ; Inapplicable ; Inapplicable ;
; b[34]              ; Inapplicable ; Inapplicable ; Inapplicable ; Inapplicable ; Inapplicable ; Pass      ; Inapplicable ; Inapplicable ; Pass      ; Pass      ; Inapplicable ; Inapplicable ; Inapplicable ; Inapplicable ; Pass         ; Inapplicable ; Inapplicable ; Pass         ; Inapplicable ; Inapplicable ; Inapplicable ; Inapplicable ; Inapplicable ; Inapplicable ; Inapplicable ; Inapplicable ; Inapplicable ; Pass      ; Inapplicable ; Inapplicable ;
; a[32]              ; Inapplicable ; Inapplicable ; Inapplicable ; Inapplicable ; Inapplicable ; Pass      ; Inapplicable ; Inapplicable ; Pass      ; Pass      ; Inapplicable ; Inapplicable ; Inapplicable ; Inapplicable ; Pass         ; Inapplicable ; Inapplicable ; Pass         ; Inapplicable ; Inapplicable ; Inapplicable ; Inapplicable ; Inapplicable ; Inapplicable ; Inapplicable ; Inapplicable ; Inapplicable ; Pass      ; Inapplicable ; Inapplicable ;
; b[32]              ; Inapplicable ; Inapplicable ; Inapplicable ; Inapplicable ; Inapplicable ; Pass      ; Inapplicable ; Inapplicable ; Pass      ; Pass      ; Inapplicable ; Inapplicable ; Inapplicable ; Inapplicable ; Pass         ; Inapplicable ; Inapplicable ; Pass         ; Inapplicable ; Inapplicable ; Inapplicable ; Inapplicable ; Inapplicable ; Inapplicable ; Inapplicable ; Inapplicable ; Inapplicable ; Pass      ; Inapplicable ; Inapplicable ;
; a[35]              ; Inapplicable ; Inapplicable ; Inapplicable ; Inapplicable ; Inapplicable ; Pass      ; Inapplicable ; Inapplicable ; Pass      ; Pass      ; Inapplicable ; Inapplicable ; Inapplicable ; Inapplicable ; Pass         ; Inapplicable ; Inapplicable ; Pass         ; Inapplicable ; Inapplicable ; Inapplicable ; Inapplicable ; Inapplicable ; Inapplicable ; Inapplicable ; Inapplicable ; Inapplicable ; Pass      ; Inapplicable ; Inapplicable ;
; b[35]              ; Inapplicable ; Inapplicable ; Inapplicable ; Inapplicable ; Inapplicable ; Pass      ; Inapplicable ; Inapplicable ; Pass      ; Pass      ; Inapplicable ; Inapplicable ; Inapplicable ; Inapplicable ; Pass         ; Inapplicable ; Inapplicable ; Pass         ; Inapplicable ; Inapplicable ; Inapplicable ; Inapplicable ; Inapplicable ; Inapplicable ; Inapplicable ; Inapplicable ; Inapplicable ; Pass      ; Inapplicable ; Inapplicable ;
; b[29]              ; Inapplicable ; Inapplicable ; Inapplicable ; Inapplicable ; Inapplicable ; Pass      ; Inapplicable ; Inapplicable ; Pass      ; Pass      ; Inapplicable ; Inapplicable ; Inapplicable ; Inapplicable ; Pass         ; Inapplicable ; Inapplicable ; Pass         ; Inapplicable ; Inapplicable ; Inapplicable ; Inapplicable ; Inapplicable ; Inapplicable ; Inapplicable ; Inapplicable ; Inapplicable ; Pass      ; Inapplicable ; Inapplicable ;
; a[2]               ; Inapplicable ; Inapplicable ; Inapplicable ; Inapplicable ; Inapplicable ; Pass      ; Inapplicable ; Inapplicable ; Pass      ; Pass      ; Inapplicable ; Inapplicable ; Inapplicable ; Inapplicable ; Pass         ; Inapplicable ; Inapplicable ; Pass         ; Inapplicable ; Inapplicable ; Inapplicable ; Inapplicable ; Inapplicable ; Inapplicable ; Inapplicable ; Inapplicable ; Inapplicable ; Pass      ; Inapplicable ; Inapplicable ;
; a[1]               ; Inapplicable ; Inapplicable ; Inapplicable ; Inapplicable ; Inapplicable ; Pass      ; Inapplicable ; Inapplicable ; Pass      ; Pass      ; Inapplicable ; Inapplicable ; Inapplicable ; Inapplicable ; Pass         ; Inapplicable ; Inapplicable ; Pass         ; Inapplicable ; Inapplicable ; Inapplicable ; Inapplicable ; Inapplicable ; Inapplicable ; Inapplicable ; Inapplicable ; Inapplicable ; Pass      ; Inapplicable ; Inapplicable ;
; b[30]              ; Inapplicable ; Inapplicable ; Inapplicable ; Inapplicable ; Inapplicable ; Pass      ; Inapplicable ; Inapplicable ; Pass      ; Pass      ; Inapplicable ; Inapplicable ; Inapplicable ; Inapplicable ; Pass         ; Inapplicable ; Inapplicable ; Pass         ; Inapplicable ; Inapplicable ; Inapplicable ; Inapplicable ; Inapplicable ; Inapplicable ; Inapplicable ; Inapplicable ; Inapplicable ; Pass      ; Inapplicable ; Inapplicable ;
; a[3]               ; Inapplicable ; Inapplicable ; Inapplicable ; Inapplicable ; Inapplicable ; Pass      ; Inapplicable ; Inapplicable ; Pass      ; Pass      ; Inapplicable ; Inapplicable ; Inapplicable ; Inapplicable ; Pass         ; Inapplicable ; Inapplicable ; Pass         ; Inapplicable ; Inapplicable ; Inapplicable ; Inapplicable ; Inapplicable ; Inapplicable ; Inapplicable ; Inapplicable ; Inapplicable ; Pass      ; Inapplicable ; Inapplicable ;
; b[28]              ; Inapplicable ; Inapplicable ; Inapplicable ; Inapplicable ; Inapplicable ; Pass      ; Inapplicable ; Inapplicable ; Pass      ; Pass      ; Inapplicable ; Inapplicable ; Inapplicable ; Inapplicable ; Pass         ; Inapplicable ; Inapplicable ; Pass         ; Inapplicable ; Inapplicable ; Inapplicable ; Inapplicable ; Inapplicable ; Inapplicable ; Inapplicable ; Inapplicable ; Inapplicable ; Pass      ; Inapplicable ; Inapplicable ;
; a[0]               ; Inapplicable ; Inapplicable ; Inapplicable ; Inapplicable ; Inapplicable ; Pass      ; Inapplicable ; Inapplicable ; Pass      ; Pass      ; Inapplicable ; Inapplicable ; Inapplicable ; Inapplicable ; Pass         ; Inapplicable ; Inapplicable ; Pass         ; Inapplicable ; Inapplicable ; Inapplicable ; Inapplicable ; Inapplicable ; Inapplicable ; Inapplicable ; Inapplicable ; Inapplicable ; Pass      ; Inapplicable ; Inapplicable ;
; b[31]              ; Inapplicable ; Inapplicable ; Inapplicable ; Inapplicable ; Inapplicable ; Pass      ; Inapplicable ; Inapplicable ; Pass      ; Pass      ; Inapplicable ; Inapplicable ; Inapplicable ; Inapplicable ; Pass         ; Inapplicable ; Inapplicable ; Pass         ; Inapplicable ; Inapplicable ; Inapplicable ; Inapplicable ; Inapplicable ; Inapplicable ; Inapplicable ; Inapplicable ; Inapplicable ; Pass      ; Inapplicable ; Inapplicable ;
; b[25]              ; Inapplicable ; Inapplicable ; Inapplicable ; Inapplicable ; Inapplicable ; Pass      ; Inapplicable ; Inapplicable ; Pass      ; Pass      ; Inapplicable ; Inapplicable ; Inapplicable ; Inapplicable ; Pass         ; Inapplicable ; Inapplicable ; Pass         ; Inapplicable ; Inapplicable ; Inapplicable ; Inapplicable ; Inapplicable ; Inapplicable ; Inapplicable ; Inapplicable ; Inapplicable ; Pass      ; Inapplicable ; Inapplicable ;
; a[6]               ; Inapplicable ; Inapplicable ; Inapplicable ; Inapplicable ; Inapplicable ; Pass      ; Inapplicable ; Inapplicable ; Pass      ; Pass      ; Inapplicable ; Inapplicable ; Inapplicable ; Inapplicable ; Pass         ; Inapplicable ; Inapplicable ; Pass         ; Inapplicable ; Inapplicable ; Inapplicable ; Inapplicable ; Inapplicable ; Inapplicable ; Inapplicable ; Inapplicable ; Inapplicable ; Pass      ; Inapplicable ; Inapplicable ;
; a[5]               ; Inapplicable ; Inapplicable ; Inapplicable ; Inapplicable ; Inapplicable ; Pass      ; Inapplicable ; Inapplicable ; Pass      ; Pass      ; Inapplicable ; Inapplicable ; Inapplicable ; Inapplicable ; Pass         ; Inapplicable ; Inapplicable ; Pass         ; Inapplicable ; Inapplicable ; Inapplicable ; Inapplicable ; Inapplicable ; Inapplicable ; Inapplicable ; Inapplicable ; Inapplicable ; Pass      ; Inapplicable ; Inapplicable ;
; b[26]              ; Inapplicable ; Inapplicable ; Inapplicable ; Inapplicable ; Inapplicable ; Pass      ; Inapplicable ; Inapplicable ; Pass      ; Pass      ; Inapplicable ; Inapplicable ; Inapplicable ; Inapplicable ; Pass         ; Inapplicable ; Inapplicable ; Pass         ; Inapplicable ; Inapplicable ; Inapplicable ; Inapplicable ; Inapplicable ; Inapplicable ; Inapplicable ; Inapplicable ; Inapplicable ; Pass      ; Inapplicable ; Inapplicable ;
; a[7]               ; Inapplicable ; Inapplicable ; Inapplicable ; Inapplicable ; Inapplicable ; Pass      ; Inapplicable ; Inapplicable ; Pass      ; Pass      ; Inapplicable ; Inapplicable ; Inapplicable ; Inapplicable ; Pass         ; Inapplicable ; Inapplicable ; Pass         ; Inapplicable ; Inapplicable ; Inapplicable ; Inapplicable ; Inapplicable ; Inapplicable ; Inapplicable ; Inapplicable ; Inapplicable ; Pass      ; Inapplicable ; Inapplicable ;
; b[24]              ; Inapplicable ; Inapplicable ; Inapplicable ; Inapplicable ; Inapplicable ; Pass      ; Inapplicable ; Inapplicable ; Pass      ; Pass      ; Inapplicable ; Inapplicable ; Inapplicable ; Inapplicable ; Pass         ; Inapplicable ; Inapplicable ; Pass         ; Inapplicable ; Inapplicable ; Inapplicable ; Inapplicable ; Inapplicable ; Inapplicable ; Inapplicable ; Inapplicable ; Inapplicable ; Pass      ; Inapplicable ; Inapplicable ;
; a[4]               ; Inapplicable ; Inapplicable ; Inapplicable ; Inapplicable ; Inapplicable ; Pass      ; Inapplicable ; Inapplicable ; Pass      ; Pass      ; Inapplicable ; Inapplicable ; Inapplicable ; Inapplicable ; Pass         ; Inapplicable ; Inapplicable ; Pass         ; Inapplicable ; Inapplicable ; Inapplicable ; Inapplicable ; Inapplicable ; Inapplicable ; Inapplicable ; Inapplicable ; Inapplicable ; Pass      ; Inapplicable ; Inapplicable ;
; b[27]              ; Inapplicable ; Inapplicable ; Inapplicable ; Inapplicable ; Inapplicable ; Pass      ; Inapplicable ; Inapplicable ; Pass      ; Pass      ; Inapplicable ; Inapplicable ; Inapplicable ; Inapplicable ; Pass         ; Inapplicable ; Inapplicable ; Pass         ; Inapplicable ; Inapplicable ; Inapplicable ; Inapplicable ; Inapplicable ; Inapplicable ; Inapplicable ; Inapplicable ; Inapplicable ; Pass      ; Inapplicable ; Inapplicable ;
; b[21]              ; Inapplicable ; Inapplicable ; Inapplicable ; Inapplicable ; Inapplicable ; Pass      ; Inapplicable ; Inapplicable ; Pass      ; Pass      ; Inapplicable ; Inapplicable ; Inapplicable ; Inapplicable ; Pass         ; Inapplicable ; Inapplicable ; Pass         ; Inapplicable ; Inapplicable ; Inapplicable ; Inapplicable ; Inapplicable ; Inapplicable ; Inapplicable ; Inapplicable ; Inapplicable ; Pass      ; Inapplicable ; Inapplicable ;
; a[10]              ; Inapplicable ; Inapplicable ; Inapplicable ; Inapplicable ; Inapplicable ; Pass      ; Inapplicable ; Inapplicable ; Pass      ; Pass      ; Inapplicable ; Inapplicable ; Inapplicable ; Inapplicable ; Pass         ; Inapplicable ; Inapplicable ; Pass         ; Inapplicable ; Inapplicable ; Inapplicable ; Inapplicable ; Inapplicable ; Inapplicable ; Inapplicable ; Inapplicable ; Inapplicable ; Pass      ; Inapplicable ; Inapplicable ;
; a[9]               ; Inapplicable ; Inapplicable ; Inapplicable ; Inapplicable ; Inapplicable ; Pass      ; Inapplicable ; Inapplicable ; Pass      ; Pass      ; Inapplicable ; Inapplicable ; Inapplicable ; Inapplicable ; Pass         ; Inapplicable ; Inapplicable ; Pass         ; Inapplicable ; Inapplicable ; Inapplicable ; Inapplicable ; Inapplicable ; Inapplicable ; Inapplicable ; Inapplicable ; Inapplicable ; Pass      ; Inapplicable ; Inapplicable ;
; b[22]              ; Inapplicable ; Inapplicable ; Inapplicable ; Inapplicable ; Inapplicable ; Pass      ; Inapplicable ; Inapplicable ; Pass      ; Pass      ; Inapplicable ; Inapplicable ; Inapplicable ; Inapplicable ; Pass         ; Inapplicable ; Inapplicable ; Pass         ; Inapplicable ; Inapplicable ; Inapplicable ; Inapplicable ; Inapplicable ; Inapplicable ; Inapplicable ; Inapplicable ; Inapplicable ; Pass      ; Inapplicable ; Inapplicable ;
; a[11]              ; Inapplicable ; Inapplicable ; Inapplicable ; Inapplicable ; Inapplicable ; Pass      ; Inapplicable ; Inapplicable ; Pass      ; Pass      ; Inapplicable ; Inapplicable ; Inapplicable ; Inapplicable ; Pass         ; Inapplicable ; Inapplicable ; Pass         ; Inapplicable ; Inapplicable ; Inapplicable ; Inapplicable ; Inapplicable ; Inapplicable ; Inapplicable ; Inapplicable ; Inapplicable ; Pass      ; Inapplicable ; Inapplicable ;
; b[20]              ; Inapplicable ; Inapplicable ; Inapplicable ; Inapplicable ; Inapplicable ; Pass      ; Inapplicable ; Inapplicable ; Pass      ; Pass      ; Inapplicable ; Inapplicable ; Inapplicable ; Inapplicable ; Pass         ; Inapplicable ; Inapplicable ; Pass         ; Inapplicable ; Inapplicable ; Inapplicable ; Inapplicable ; Inapplicable ; Inapplicable ; Inapplicable ; Inapplicable ; Inapplicable ; Pass      ; Inapplicable ; Inapplicable ;
; a[8]               ; Inapplicable ; Inapplicable ; Inapplicable ; Inapplicable ; Inapplicable ; Pass      ; Inapplicable ; Inapplicable ; Pass      ; Pass      ; Inapplicable ; Inapplicable ; Inapplicable ; Inapplicable ; Pass         ; Inapplicable ; Inapplicable ; Pass         ; Inapplicable ; Inapplicable ; Inapplicable ; Inapplicable ; Inapplicable ; Inapplicable ; Inapplicable ; Inapplicable ; Inapplicable ; Pass      ; Inapplicable ; Inapplicable ;
; b[23]              ; Inapplicable ; Inapplicable ; Inapplicable ; Inapplicable ; Inapplicable ; Pass      ; Inapplicable ; Inapplicable ; Pass      ; Pass      ; Inapplicable ; Inapplicable ; Inapplicable ; Inapplicable ; Pass         ; Inapplicable ; Inapplicable ; Pass         ; Inapplicable ; Inapplicable ; Inapplicable ; Inapplicable ; Inapplicable ; Inapplicable ; Inapplicable ; Inapplicable ; Inapplicable ; Pass      ; Inapplicable ; Inapplicable ;
; b[17]              ; Inapplicable ; Inapplicable ; Inapplicable ; Inapplicable ; Inapplicable ; Pass      ; Inapplicable ; Inapplicable ; Pass      ; Pass      ; Inapplicable ; Inapplicable ; Inapplicable ; Inapplicable ; Pass         ; Inapplicable ; Inapplicable ; Pass         ; Inapplicable ; Inapplicable ; Inapplicable ; Inapplicable ; Inapplicable ; Inapplicable ; Inapplicable ; Inapplicable ; Inapplicable ; Pass      ; Inapplicable ; Inapplicable ;
; a[14]              ; Inapplicable ; Inapplicable ; Inapplicable ; Inapplicable ; Inapplicable ; Pass      ; Inapplicable ; Inapplicable ; Pass      ; Pass      ; Inapplicable ; Inapplicable ; Inapplicable ; Inapplicable ; Pass         ; Inapplicable ; Inapplicable ; Pass         ; Inapplicable ; Inapplicable ; Inapplicable ; Inapplicable ; Inapplicable ; Inapplicable ; Inapplicable ; Inapplicable ; Inapplicable ; Pass      ; Inapplicable ; Inapplicable ;
; a[13]              ; Inapplicable ; Inapplicable ; Inapplicable ; Inapplicable ; Inapplicable ; Pass      ; Inapplicable ; Inapplicable ; Pass      ; Pass      ; Inapplicable ; Inapplicable ; Inapplicable ; Inapplicable ; Pass         ; Inapplicable ; Inapplicable ; Pass         ; Inapplicable ; Inapplicable ; Inapplicable ; Inapplicable ; Inapplicable ; Inapplicable ; Inapplicable ; Inapplicable ; Inapplicable ; Pass      ; Inapplicable ; Inapplicable ;
; b[18]              ; Inapplicable ; Inapplicable ; Inapplicable ; Inapplicable ; Inapplicable ; Pass      ; Inapplicable ; Inapplicable ; Pass      ; Pass      ; Inapplicable ; Inapplicable ; Inapplicable ; Inapplicable ; Pass         ; Inapplicable ; Inapplicable ; Pass         ; Inapplicable ; Inapplicable ; Inapplicable ; Inapplicable ; Inapplicable ; Inapplicable ; Inapplicable ; Inapplicable ; Inapplicable ; Pass      ; Inapplicable ; Inapplicable ;
; a[15]              ; Inapplicable ; Inapplicable ; Inapplicable ; Inapplicable ; Inapplicable ; Pass      ; Inapplicable ; Inapplicable ; Pass      ; Pass      ; Inapplicable ; Inapplicable ; Inapplicable ; Inapplicable ; Pass         ; Inapplicable ; Inapplicable ; Pass         ; Inapplicable ; Inapplicable ; Inapplicable ; Inapplicable ; Inapplicable ; Inapplicable ; Inapplicable ; Inapplicable ; Inapplicable ; Pass      ; Inapplicable ; Inapplicable ;
; b[16]              ; Inapplicable ; Inapplicable ; Inapplicable ; Inapplicable ; Inapplicable ; Pass      ; Inapplicable ; Inapplicable ; Pass      ; Pass      ; Inapplicable ; Inapplicable ; Inapplicable ; Inapplicable ; Pass         ; Inapplicable ; Inapplicable ; Pass         ; Inapplicable ; Inapplicable ; Inapplicable ; Inapplicable ; Inapplicable ; Inapplicable ; Inapplicable ; Inapplicable ; Inapplicable ; Pass      ; Inapplicable ; Inapplicable ;
; a[12]              ; Inapplicable ; Inapplicable ; Inapplicable ; Inapplicable ; Inapplicable ; Pass      ; Inapplicable ; Inapplicable ; Pass      ; Pass      ; Inapplicable ; Inapplicable ; Inapplicable ; Inapplicable ; Pass         ; Inapplicable ; Inapplicable ; Pass         ; Inapplicable ; Inapplicable ; Inapplicable ; Inapplicable ; Inapplicable ; Inapplicable ; Inapplicable ; Inapplicable ; Inapplicable ; Pass      ; Inapplicable ; Inapplicable ;
; b[19]              ; Inapplicable ; Inapplicable ; Inapplicable ; Inapplicable ; Inapplicable ; Pass      ; Inapplicable ; Inapplicable ; Pass      ; Pass      ; Inapplicable ; Inapplicable ; Inapplicable ; Inapplicable ; Pass         ; Inapplicable ; Inapplicable ; Pass         ; Inapplicable ; Inapplicable ; Inapplicable ; Inapplicable ; Inapplicable ; Inapplicable ; Inapplicable ; Inapplicable ; Inapplicable ; Pass      ; Inapplicable ; Inapplicable ;
; b[13]              ; Inapplicable ; Inapplicable ; Inapplicable ; Inapplicable ; Inapplicable ; Pass      ; Inapplicable ; Inapplicable ; Pass      ; Pass      ; Inapplicable ; Inapplicable ; Inapplicable ; Inapplicable ; Pass         ; Inapplicable ; Inapplicable ; Pass         ; Inapplicable ; Inapplicable ; Inapplicable ; Inapplicable ; Inapplicable ; Inapplicable ; Inapplicable ; Inapplicable ; Inapplicable ; Pass      ; Inapplicable ; Inapplicable ;
; a[18]              ; Inapplicable ; Inapplicable ; Inapplicable ; Inapplicable ; Inapplicable ; Pass      ; Inapplicable ; Inapplicable ; Pass      ; Pass      ; Inapplicable ; Inapplicable ; Inapplicable ; Inapplicable ; Pass         ; Inapplicable ; Inapplicable ; Pass         ; Inapplicable ; Inapplicable ; Inapplicable ; Inapplicable ; Inapplicable ; Inapplicable ; Inapplicable ; Inapplicable ; Inapplicable ; Pass      ; Inapplicable ; Inapplicable ;
; a[17]              ; Inapplicable ; Inapplicable ; Inapplicable ; Inapplicable ; Inapplicable ; Pass      ; Inapplicable ; Inapplicable ; Pass      ; Pass      ; Inapplicable ; Inapplicable ; Inapplicable ; Inapplicable ; Pass         ; Inapplicable ; Inapplicable ; Pass         ; Inapplicable ; Inapplicable ; Inapplicable ; Inapplicable ; Inapplicable ; Inapplicable ; Inapplicable ; Inapplicable ; Inapplicable ; Pass      ; Inapplicable ; Inapplicable ;
; b[14]              ; Inapplicable ; Inapplicable ; Inapplicable ; Inapplicable ; Inapplicable ; Pass      ; Inapplicable ; Inapplicable ; Pass      ; Pass      ; Inapplicable ; Inapplicable ; Inapplicable ; Inapplicable ; Pass         ; Inapplicable ; Inapplicable ; Pass         ; Inapplicable ; Inapplicable ; Inapplicable ; Inapplicable ; Inapplicable ; Inapplicable ; Inapplicable ; Inapplicable ; Inapplicable ; Pass      ; Inapplicable ; Inapplicable ;
; a[19]              ; Inapplicable ; Inapplicable ; Inapplicable ; Inapplicable ; Inapplicable ; Pass      ; Inapplicable ; Inapplicable ; Pass      ; Pass      ; Inapplicable ; Inapplicable ; Inapplicable ; Inapplicable ; Pass         ; Inapplicable ; Inapplicable ; Pass         ; Inapplicable ; Inapplicable ; Inapplicable ; Inapplicable ; Inapplicable ; Inapplicable ; Inapplicable ; Inapplicable ; Inapplicable ; Pass      ; Inapplicable ; Inapplicable ;
; b[12]              ; Inapplicable ; Inapplicable ; Inapplicable ; Inapplicable ; Inapplicable ; Pass      ; Inapplicable ; Inapplicable ; Pass      ; Pass      ; Inapplicable ; Inapplicable ; Inapplicable ; Inapplicable ; Pass         ; Inapplicable ; Inapplicable ; Pass         ; Inapplicable ; Inapplicable ; Inapplicable ; Inapplicable ; Inapplicable ; Inapplicable ; Inapplicable ; Inapplicable ; Inapplicable ; Pass      ; Inapplicable ; Inapplicable ;
; a[16]              ; Inapplicable ; Inapplicable ; Inapplicable ; Inapplicable ; Inapplicable ; Pass      ; Inapplicable ; Inapplicable ; Pass      ; Pass      ; Inapplicable ; Inapplicable ; Inapplicable ; Inapplicable ; Pass         ; Inapplicable ; Inapplicable ; Pass         ; Inapplicable ; Inapplicable ; Inapplicable ; Inapplicable ; Inapplicable ; Inapplicable ; Inapplicable ; Inapplicable ; Inapplicable ; Pass      ; Inapplicable ; Inapplicable ;
; b[15]              ; Inapplicable ; Inapplicable ; Inapplicable ; Inapplicable ; Inapplicable ; Pass      ; Inapplicable ; Inapplicable ; Pass      ; Pass      ; Inapplicable ; Inapplicable ; Inapplicable ; Inapplicable ; Pass         ; Inapplicable ; Inapplicable ; Pass         ; Inapplicable ; Inapplicable ; Inapplicable ; Inapplicable ; Inapplicable ; Inapplicable ; Inapplicable ; Inapplicable ; Inapplicable ; Pass      ; Inapplicable ; Inapplicable ;
; b[9]               ; Inapplicable ; Inapplicable ; Inapplicable ; Inapplicable ; Inapplicable ; Pass      ; Inapplicable ; Inapplicable ; Pass      ; Pass      ; Inapplicable ; Inapplicable ; Inapplicable ; Inapplicable ; Pass         ; Inapplicable ; Inapplicable ; Pass         ; Inapplicable ; Inapplicable ; Inapplicable ; Inapplicable ; Inapplicable ; Inapplicable ; Inapplicable ; Inapplicable ; Inapplicable ; Pass      ; Inapplicable ; Inapplicable ;
; a[22]              ; Inapplicable ; Inapplicable ; Inapplicable ; Inapplicable ; Inapplicable ; Pass      ; Inapplicable ; Inapplicable ; Pass      ; Pass      ; Inapplicable ; Inapplicable ; Inapplicable ; Inapplicable ; Pass         ; Inapplicable ; Inapplicable ; Pass         ; Inapplicable ; Inapplicable ; Inapplicable ; Inapplicable ; Inapplicable ; Inapplicable ; Inapplicable ; Inapplicable ; Inapplicable ; Pass      ; Inapplicable ; Inapplicable ;
; a[21]              ; Inapplicable ; Inapplicable ; Inapplicable ; Inapplicable ; Inapplicable ; Pass      ; Inapplicable ; Inapplicable ; Pass      ; Pass      ; Inapplicable ; Inapplicable ; Inapplicable ; Inapplicable ; Pass         ; Inapplicable ; Inapplicable ; Pass         ; Inapplicable ; Inapplicable ; Inapplicable ; Inapplicable ; Inapplicable ; Inapplicable ; Inapplicable ; Inapplicable ; Inapplicable ; Pass      ; Inapplicable ; Inapplicable ;
; b[10]              ; Inapplicable ; Inapplicable ; Inapplicable ; Inapplicable ; Inapplicable ; Pass      ; Inapplicable ; Inapplicable ; Pass      ; Pass      ; Inapplicable ; Inapplicable ; Inapplicable ; Inapplicable ; Pass         ; Inapplicable ; Inapplicable ; Pass         ; Inapplicable ; Inapplicable ; Inapplicable ; Inapplicable ; Inapplicable ; Inapplicable ; Inapplicable ; Inapplicable ; Inapplicable ; Pass      ; Inapplicable ; Inapplicable ;
; a[23]              ; Inapplicable ; Inapplicable ; Inapplicable ; Inapplicable ; Inapplicable ; Pass      ; Inapplicable ; Inapplicable ; Pass      ; Pass      ; Inapplicable ; Inapplicable ; Inapplicable ; Inapplicable ; Pass         ; Inapplicable ; Inapplicable ; Pass         ; Inapplicable ; Inapplicable ; Inapplicable ; Inapplicable ; Inapplicable ; Inapplicable ; Inapplicable ; Inapplicable ; Inapplicable ; Pass      ; Inapplicable ; Inapplicable ;
; b[8]               ; Inapplicable ; Inapplicable ; Inapplicable ; Inapplicable ; Inapplicable ; Pass      ; Inapplicable ; Inapplicable ; Pass      ; Pass      ; Inapplicable ; Inapplicable ; Inapplicable ; Inapplicable ; Pass         ; Inapplicable ; Inapplicable ; Pass         ; Inapplicable ; Inapplicable ; Inapplicable ; Inapplicable ; Inapplicable ; Inapplicable ; Inapplicable ; Inapplicable ; Inapplicable ; Pass      ; Inapplicable ; Inapplicable ;
; a[20]              ; Inapplicable ; Inapplicable ; Inapplicable ; Inapplicable ; Inapplicable ; Pass      ; Inapplicable ; Inapplicable ; Pass      ; Pass      ; Inapplicable ; Inapplicable ; Inapplicable ; Inapplicable ; Pass         ; Inapplicable ; Inapplicable ; Pass         ; Inapplicable ; Inapplicable ; Inapplicable ; Inapplicable ; Inapplicable ; Inapplicable ; Inapplicable ; Inapplicable ; Inapplicable ; Pass      ; Inapplicable ; Inapplicable ;
; b[11]              ; Inapplicable ; Inapplicable ; Inapplicable ; Inapplicable ; Inapplicable ; Pass      ; Inapplicable ; Inapplicable ; Pass      ; Pass      ; Inapplicable ; Inapplicable ; Inapplicable ; Inapplicable ; Pass         ; Inapplicable ; Inapplicable ; Pass         ; Inapplicable ; Inapplicable ; Inapplicable ; Inapplicable ; Inapplicable ; Inapplicable ; Inapplicable ; Inapplicable ; Inapplicable ; Pass      ; Inapplicable ; Inapplicable ;
; b[5]               ; Inapplicable ; Inapplicable ; Inapplicable ; Inapplicable ; Inapplicable ; Pass      ; Inapplicable ; Inapplicable ; Pass      ; Pass      ; Inapplicable ; Inapplicable ; Inapplicable ; Inapplicable ; Pass         ; Inapplicable ; Inapplicable ; Pass         ; Inapplicable ; Inapplicable ; Inapplicable ; Inapplicable ; Inapplicable ; Inapplicable ; Inapplicable ; Inapplicable ; Inapplicable ; Pass      ; Inapplicable ; Inapplicable ;
; a[26]              ; Inapplicable ; Inapplicable ; Inapplicable ; Inapplicable ; Inapplicable ; Pass      ; Inapplicable ; Inapplicable ; Pass      ; Pass      ; Inapplicable ; Inapplicable ; Inapplicable ; Inapplicable ; Pass         ; Inapplicable ; Inapplicable ; Pass         ; Inapplicable ; Inapplicable ; Inapplicable ; Inapplicable ; Inapplicable ; Inapplicable ; Inapplicable ; Inapplicable ; Inapplicable ; Pass      ; Inapplicable ; Inapplicable ;
; a[25]              ; Inapplicable ; Inapplicable ; Inapplicable ; Inapplicable ; Inapplicable ; Pass      ; Inapplicable ; Inapplicable ; Pass      ; Pass      ; Inapplicable ; Inapplicable ; Inapplicable ; Inapplicable ; Pass         ; Inapplicable ; Inapplicable ; Pass         ; Inapplicable ; Inapplicable ; Inapplicable ; Inapplicable ; Inapplicable ; Inapplicable ; Inapplicable ; Inapplicable ; Inapplicable ; Pass      ; Inapplicable ; Inapplicable ;
; b[6]               ; Inapplicable ; Inapplicable ; Inapplicable ; Inapplicable ; Inapplicable ; Pass      ; Inapplicable ; Inapplicable ; Pass      ; Pass      ; Inapplicable ; Inapplicable ; Inapplicable ; Inapplicable ; Pass         ; Inapplicable ; Inapplicable ; Pass         ; Inapplicable ; Inapplicable ; Inapplicable ; Inapplicable ; Inapplicable ; Inapplicable ; Inapplicable ; Inapplicable ; Inapplicable ; Pass      ; Inapplicable ; Inapplicable ;
; a[27]              ; Inapplicable ; Inapplicable ; Inapplicable ; Inapplicable ; Inapplicable ; Pass      ; Inapplicable ; Inapplicable ; Pass      ; Pass      ; Inapplicable ; Inapplicable ; Inapplicable ; Inapplicable ; Pass         ; Inapplicable ; Inapplicable ; Pass         ; Inapplicable ; Inapplicable ; Inapplicable ; Inapplicable ; Inapplicable ; Inapplicable ; Inapplicable ; Inapplicable ; Inapplicable ; Pass      ; Inapplicable ; Inapplicable ;
; b[4]               ; Inapplicable ; Inapplicable ; Inapplicable ; Inapplicable ; Inapplicable ; Pass      ; Inapplicable ; Inapplicable ; Pass      ; Pass      ; Inapplicable ; Inapplicable ; Inapplicable ; Inapplicable ; Pass         ; Inapplicable ; Inapplicable ; Pass         ; Inapplicable ; Inapplicable ; Inapplicable ; Inapplicable ; Inapplicable ; Inapplicable ; Inapplicable ; Inapplicable ; Inapplicable ; Pass      ; Inapplicable ; Inapplicable ;
; a[24]              ; Inapplicable ; Inapplicable ; Inapplicable ; Inapplicable ; Inapplicable ; Pass      ; Inapplicable ; Inapplicable ; Pass      ; Pass      ; Inapplicable ; Inapplicable ; Inapplicable ; Inapplicable ; Pass         ; Inapplicable ; Inapplicable ; Pass         ; Inapplicable ; Inapplicable ; Inapplicable ; Inapplicable ; Inapplicable ; Inapplicable ; Inapplicable ; Inapplicable ; Inapplicable ; Pass      ; Inapplicable ; Inapplicable ;
; b[7]               ; Inapplicable ; Inapplicable ; Inapplicable ; Inapplicable ; Inapplicable ; Pass      ; Inapplicable ; Inapplicable ; Pass      ; Pass      ; Inapplicable ; Inapplicable ; Inapplicable ; Inapplicable ; Pass         ; Inapplicable ; Inapplicable ; Pass         ; Inapplicable ; Inapplicable ; Inapplicable ; Inapplicable ; Inapplicable ; Inapplicable ; Inapplicable ; Inapplicable ; Inapplicable ; Pass      ; Inapplicable ; Inapplicable ;
; a[28]              ; Inapplicable ; Inapplicable ; Inapplicable ; Inapplicable ; Inapplicable ; Pass      ; Inapplicable ; Inapplicable ; Pass      ; Pass      ; Inapplicable ; Inapplicable ; Inapplicable ; Inapplicable ; Pass         ; Inapplicable ; Inapplicable ; Pass         ; Inapplicable ; Inapplicable ; Inapplicable ; Inapplicable ; Inapplicable ; Inapplicable ; Inapplicable ; Inapplicable ; Inapplicable ; Pass      ; Inapplicable ; Inapplicable ;
; b[3]               ; Inapplicable ; Inapplicable ; Inapplicable ; Inapplicable ; Inapplicable ; Pass      ; Inapplicable ; Inapplicable ; Pass      ; Pass      ; Inapplicable ; Inapplicable ; Inapplicable ; Inapplicable ; Pass         ; Inapplicable ; Inapplicable ; Pass         ; Inapplicable ; Inapplicable ; Inapplicable ; Inapplicable ; Inapplicable ; Inapplicable ; Inapplicable ; Inapplicable ; Inapplicable ; Pass      ; Inapplicable ; Inapplicable ;
; b[1]               ; Inapplicable ; Inapplicable ; Inapplicable ; Inapplicable ; Inapplicable ; Pass      ; Inapplicable ; Inapplicable ; Pass      ; Pass      ; Inapplicable ; Inapplicable ; Inapplicable ; Inapplicable ; Pass         ; Inapplicable ; Inapplicable ; Pass         ; Inapplicable ; Inapplicable ; Inapplicable ; Inapplicable ; Inapplicable ; Inapplicable ; Inapplicable ; Inapplicable ; Inapplicable ; Pass      ; Inapplicable ; Inapplicable ;
; a[30]              ; Inapplicable ; Inapplicable ; Inapplicable ; Inapplicable ; Inapplicable ; Pass      ; Inapplicable ; Inapplicable ; Pass      ; Pass      ; Inapplicable ; Inapplicable ; Inapplicable ; Inapplicable ; Pass         ; Inapplicable ; Inapplicable ; Pass         ; Inapplicable ; Inapplicable ; Inapplicable ; Inapplicable ; Inapplicable ; Inapplicable ; Inapplicable ; Inapplicable ; Inapplicable ; Pass      ; Inapplicable ; Inapplicable ;
; a[29]              ; Inapplicable ; Inapplicable ; Inapplicable ; Inapplicable ; Inapplicable ; Pass      ; Inapplicable ; Inapplicable ; Pass      ; Pass      ; Inapplicable ; Inapplicable ; Inapplicable ; Inapplicable ; Pass         ; Inapplicable ; Inapplicable ; Pass         ; Inapplicable ; Inapplicable ; Inapplicable ; Inapplicable ; Inapplicable ; Inapplicable ; Inapplicable ; Inapplicable ; Inapplicable ; Pass      ; Inapplicable ; Inapplicable ;
; b[2]               ; Inapplicable ; Inapplicable ; Inapplicable ; Inapplicable ; Inapplicable ; Pass      ; Inapplicable ; Inapplicable ; Pass      ; Pass      ; Inapplicable ; Inapplicable ; Inapplicable ; Inapplicable ; Pass         ; Inapplicable ; Inapplicable ; Pass         ; Inapplicable ; Inapplicable ; Inapplicable ; Inapplicable ; Inapplicable ; Inapplicable ; Inapplicable ; Inapplicable ; Inapplicable ; Pass      ; Inapplicable ; Inapplicable ;
; a[31]              ; Inapplicable ; Inapplicable ; Inapplicable ; Inapplicable ; Inapplicable ; Pass      ; Inapplicable ; Inapplicable ; Pass      ; Pass      ; Inapplicable ; Inapplicable ; Inapplicable ; Inapplicable ; Pass         ; Inapplicable ; Inapplicable ; Pass         ; Inapplicable ; Inapplicable ; Inapplicable ; Inapplicable ; Inapplicable ; Inapplicable ; Inapplicable ; Inapplicable ; Inapplicable ; Pass      ; Inapplicable ; Inapplicable ;
; b[0]               ; Inapplicable ; Inapplicable ; Inapplicable ; Inapplicable ; Inapplicable ; Pass      ; Inapplicable ; Inapplicable ; Pass      ; Pass      ; Inapplicable ; Inapplicable ; Inapplicable ; Inapplicable ; Pass         ; Inapplicable ; Inapplicable ; Pass         ; Inapplicable ; Inapplicable ; Inapplicable ; Inapplicable ; Inapplicable ; Inapplicable ; Inapplicable ; Inapplicable ; Inapplicable ; Pass      ; Inapplicable ; Inapplicable ;
; c0                 ; Inapplicable ; Inapplicable ; Inapplicable ; Inapplicable ; Inapplicable ; Pass      ; Inapplicable ; Inapplicable ; Pass      ; Pass      ; Inapplicable ; Inapplicable ; Inapplicable ; Inapplicable ; Pass         ; Inapplicable ; Inapplicable ; Pass         ; Inapplicable ; Inapplicable ; Inapplicable ; Inapplicable ; Inapplicable ; Inapplicable ; Inapplicable ; Inapplicable ; Inapplicable ; Pass      ; Inapplicable ; Inapplicable ;
+--------------------+--------------+--------------+--------------+--------------+--------------+-----------+--------------+--------------+-----------+-----------+--------------+--------------+--------------+--------------+--------------+--------------+--------------+--------------+--------------+--------------+--------------+--------------+--------------+--------------+--------------+--------------+--------------+-----------+--------------+--------------+


+---------------------------------------------------------------------------------------------+
; Fitter Device Options                                                                       ;
+------------------------------------------------------------------+--------------------------+
; Option                                                           ; Setting                  ;
+------------------------------------------------------------------+--------------------------+
; Enable user-supplied start-up clock (CLKUSR)                     ; Off                      ;
; Enable device-wide reset (DEV_CLRn)                              ; Off                      ;
; Enable device-wide output enable (DEV_OE)                        ; Off                      ;
; Enable INIT_DONE output                                          ; Off                      ;
; Configuration scheme                                             ; Active Serial            ;
; Error detection CRC                                              ; Off                      ;
; Enable open-drain on CRC_ERROR pin                               ; Off                      ;
; Enable input tri-state on active configuration pins in user mode ; Off                      ;
; Configuration Voltage Level                                      ; Auto                     ;
; Force Configuration Voltage Level                                ; Off                      ;
; nCEO                                                             ; As output driving ground ;
; Data[0]                                                          ; As input tri-stated      ;
; Data[1]/ASDO                                                     ; As input tri-stated      ;
; Data[7..2]                                                       ; Unreserved               ;
; FLASH_nCE/nCSO                                                   ; As input tri-stated      ;
; Other Active Parallel pins                                       ; Unreserved               ;
; DCLK                                                             ; As output driving ground ;
; Base pin-out file on sameframe device                            ; Off                      ;
+------------------------------------------------------------------+--------------------------+


+------------------------------------+
; Operating Settings and Conditions  ;
+---------------------------+--------+
; Setting                   ; Value  ;
+---------------------------+--------+
; Nominal Core Voltage      ; 1.20 V ;
; Low Junction Temperature  ; 0 °C   ;
; High Junction Temperature ; 85 °C  ;
+---------------------------+--------+


+------------------------------------------------------------+
; Estimated Delay Added for Hold Timing Summary              ;
+-----------------+----------------------+-------------------+
; Source Clock(s) ; Destination Clock(s) ; Delay Added in ns ;
+-----------------+----------------------+-------------------+


+------------------------------------------------------------+
; Estimated Delay Added for Hold Timing Details              ;
+-----------------+----------------------+-------------------+
; Source Register ; Destination Register ; Delay Added in ns ;
+-----------------+----------------------+-------------------+


+-----------------+
; Fitter Messages ;
+-----------------+
Info: *******************************************************************
Info: Running Quartus II Fitter
    Info: Version 10.0 Build 218 06/27/2010 SJ Web Edition
    Info: Processing started: Wed May 02 18:57:49 2018
Info: Command: quartus_fit --read_settings_files=off --write_settings_files=off lab2_4 -c lab2_4
Info: Selected device EP4CE115F29C7 for design "lab2_4"
Info: Core supply voltage is 1.2V
Info: Low junction temperature is 0 degrees C
Info: High junction temperature is 85 degrees C
Info: Fitter is performing an Auto Fit compilation, which may decrease Fitter effort to reduce compilation time
Warning: Feature LogicLock is only available with a valid subscription license. You can purchase a software subscription to gain full access to this feature.
Info: Device migration not selected. If you intend to use device migration later, you may need to change the pin assignments as they may be incompatible with other devices
    Info: Device EP4CE40F29C7 is compatible
    Info: Device EP4CE40F29I7 is compatible
    Info: Device EP4CE30F29C7 is compatible
    Info: Device EP4CE30F29I7 is compatible
    Info: Device EP4CE55F29C7 is compatible
    Info: Device EP4CE55F29I7 is compatible
    Info: Device EP4CE75F29C7 is compatible
    Info: Device EP4CE75F29I7 is compatible
    Info: Device EP4CE115F29I7 is compatible
Info: Fitter converted 5 user pins into dedicated programming pins
    Info: Pin ~ALTERA_ASDO_DATA1~ is reserved at location F4
    Info: Pin ~ALTERA_FLASH_nCE_nCSO~ is reserved at location E2
    Info: Pin ~ALTERA_DCLK~ is reserved at location P3
    Info: Pin ~ALTERA_DATA0~ is reserved at location N7
    Info: Pin ~ALTERA_nCEO~ is reserved at location P28
Warning: Some pins have incomplete I/O assignments. Refer to the I/O Assignment Warnings report for details
Critical Warning: No exact pin location assignment(s) for 196 pins of 196 total pins
    Info: Pin overflow not assigned to an exact location on the device
    Info: Pin sum[63] not assigned to an exact location on the device
    Info: Pin sum[62] not assigned to an exact location on the device
    Info: Pin sum[61] not assigned to an exact location on the device
    Info: Pin sum[60] not assigned to an exact location on the device
    Info: Pin sum[59] not assigned to an exact location on the device
    Info: Pin sum[58] not assigned to an exact location on the device
    Info: Pin sum[57] not assigned to an exact location on the device
    Info: Pin sum[56] not assigned to an exact location on the device
    Info: Pin sum[55] not assigned to an exact location on the device
    Info: Pin sum[54] not assigned to an exact location on the device
    Info: Pin sum[53] not assigned to an exact location on the device
    Info: Pin sum[52] not assigned to an exact location on the device
    Info: Pin sum[51] not assigned to an exact location on the device
    Info: Pin sum[50] not assigned to an exact location on the device
    Info: Pin sum[49] not assigned to an exact location on the device
    Info: Pin sum[48] not assigned to an exact location on the device
    Info: Pin sum[47] not assigned to an exact location on the device
    Info: Pin sum[46] not assigned to an exact location on the device
    Info: Pin sum[45] not assigned to an exact location on the device
    Info: Pin sum[44] not assigned to an exact location on the device
    Info: Pin sum[43] not assigned to an exact location on the device
    Info: Pin sum[42] not assigned to an exact location on the device
    Info: Pin sum[41] not assigned to an exact location on the device
    Info: Pin sum[40] not assigned to an exact location on the device
    Info: Pin sum[39] not assigned to an exact location on the device
    Info: Pin sum[38] not assigned to an exact location on the device
    Info: Pin sum[37] not assigned to an exact location on the device
    Info: Pin sum[36] not assigned to an exact location on the device
    Info: Pin sum[35] not assigned to an exact location on the device
    Info: Pin sum[34] not assigned to an exact location on the device
    Info: Pin sum[33] not assigned to an exact location on the device
    Info: Pin sum[32] not assigned to an exact location on the device
    Info: Pin sum[31] not assigned to an exact location on the device
    Info: Pin sum[30] not assigned to an exact location on the device
    Info: Pin sum[29] not assigned to an exact location on the device
    Info: Pin sum[28] not assigned to an exact location on the device
    Info: Pin sum[27] not assigned to an exact location on the device
    Info: Pin sum[26] not assigned to an exact location on the device
    Info: Pin sum[25] not assigned to an exact location on the device
    Info: Pin sum[24] not assigned to an exact location on the device
    Info: Pin sum[23] not assigned to an exact location on the device
    Info: Pin sum[22] not assigned to an exact location on the device
    Info: Pin sum[21] not assigned to an exact location on the device
    Info: Pin sum[20] not assigned to an exact location on the device
    Info: Pin sum[19] not assigned to an exact location on the device
    Info: Pin sum[18] not assigned to an exact location on the device
    Info: Pin sum[17] not assigned to an exact location on the device
    Info: Pin sum[16] not assigned to an exact location on the device
    Info: Pin sum[15] not assigned to an exact location on the device
    Info: Pin sum[14] not assigned to an exact location on the device
    Info: Pin sum[13] not assigned to an exact location on the device
    Info: Pin sum[12] not assigned to an exact location on the device
    Info: Pin sum[11] not assigned to an exact location on the device
    Info: Pin sum[10] not assigned to an exact location on the device
    Info: Pin sum[9] not assigned to an exact location on the device
    Info: Pin sum[8] not assigned to an exact location on the device
    Info: Pin sum[7] not assigned to an exact location on the device
    Info: Pin sum[6] not assigned to an exact location on the device
    Info: Pin sum[5] not assigned to an exact location on the device
    Info: Pin sum[4] not assigned to an exact location on the device
    Info: Pin sum[3] not assigned to an exact location on the device
    Info: Pin sum[2] not assigned to an exact location on the device
    Info: Pin sum[1] not assigned to an exact location on the device
    Info: Pin sum[0] not assigned to an exact location on the device
    Info: Pin a[62] not assigned to an exact location on the device
    Info: Pin b[62] not assigned to an exact location on the device
    Info: Pin a[63] not assigned to an exact location on the device
    Info: Pin b[63] not assigned to an exact location on the device
    Info: Pin a[61] not assigned to an exact location on the device
    Info: Pin b[61] not assigned to an exact location on the device
    Info: Pin a[60] not assigned to an exact location on the device
    Info: Pin b[60] not assigned to an exact location on the device
    Info: Pin clock not assigned to an exact location on the device
    Info: Pin cclr not assigned to an exact location on the device
    Info: Pin b[57] not assigned to an exact location on the device
    Info: Pin a[57] not assigned to an exact location on the device
    Info: Pin a[58] not assigned to an exact location on the device
    Info: Pin b[58] not assigned to an exact location on the device
    Info: Pin a[56] not assigned to an exact location on the device
    Info: Pin b[56] not assigned to an exact location on the device
    Info: Pin a[59] not assigned to an exact location on the device
    Info: Pin b[59] not assigned to an exact location on the device
    Info: Pin b[53] not assigned to an exact location on the device
    Info: Pin a[53] not assigned to an exact location on the device
    Info: Pin a[54] not assigned to an exact location on the device
    Info: Pin b[54] not assigned to an exact location on the device
    Info: Pin a[52] not assigned to an exact location on the device
    Info: Pin b[52] not assigned to an exact location on the device
    Info: Pin a[55] not assigned to an exact location on the device
    Info: Pin b[55] not assigned to an exact location on the device
    Info: Pin b[49] not assigned to an exact location on the device
    Info: Pin a[49] not assigned to an exact location on the device
    Info: Pin a[50] not assigned to an exact location on the device
    Info: Pin b[50] not assigned to an exact location on the device
    Info: Pin a[48] not assigned to an exact location on the device
    Info: Pin b[48] not assigned to an exact location on the device
    Info: Pin a[51] not assigned to an exact location on the device
    Info: Pin b[51] not assigned to an exact location on the device
    Info: Pin b[45] not assigned to an exact location on the device
    Info: Pin a[45] not assigned to an exact location on the device
    Info: Pin a[46] not assigned to an exact location on the device
    Info: Pin b[46] not assigned to an exact location on the device
    Info: Pin a[44] not assigned to an exact location on the device
    Info: Pin b[44] not assigned to an exact location on the device
    Info: Pin a[47] not assigned to an exact location on the device
    Info: Pin b[47] not assigned to an exact location on the device
    Info: Pin b[41] not assigned to an exact location on the device
    Info: Pin a[41] not assigned to an exact location on the device
    Info: Pin a[42] not assigned to an exact location on the device
    Info: Pin b[42] not assigned to an exact location on the device
    Info: Pin a[40] not assigned to an exact location on the device
    Info: Pin b[40] not assigned to an exact location on the device
    Info: Pin a[43] not assigned to an exact location on the device
    Info: Pin b[43] not assigned to an exact location on the device
    Info: Pin b[37] not assigned to an exact location on the device
    Info: Pin a[37] not assigned to an exact location on the device
    Info: Pin a[38] not assigned to an exact location on the device
    Info: Pin b[38] not assigned to an exact location on the device
    Info: Pin a[36] not assigned to an exact location on the device
    Info: Pin b[36] not assigned to an exact location on the device
    Info: Pin a[39] not assigned to an exact location on the device
    Info: Pin b[39] not assigned to an exact location on the device
    Info: Pin b[33] not assigned to an exact location on the device
    Info: Pin a[33] not assigned to an exact location on the device
    Info: Pin a[34] not assigned to an exact location on the device
    Info: Pin b[34] not assigned to an exact location on the device
    Info: Pin a[32] not assigned to an exact location on the device
    Info: Pin b[32] not assigned to an exact location on the device
    Info: Pin a[35] not assigned to an exact location on the device
    Info: Pin b[35] not assigned to an exact location on the device
    Info: Pin b[29] not assigned to an exact location on the device
    Info: Pin a[2] not assigned to an exact location on the device
    Info: Pin a[1] not assigned to an exact location on the device
    Info: Pin b[30] not assigned to an exact location on the device
    Info: Pin a[3] not assigned to an exact location on the device
    Info: Pin b[28] not assigned to an exact location on the device
    Info: Pin a[0] not assigned to an exact location on the device
    Info: Pin b[31] not assigned to an exact location on the device
    Info: Pin b[25] not assigned to an exact location on the device
    Info: Pin a[6] not assigned to an exact location on the device
    Info: Pin a[5] not assigned to an exact location on the device
    Info: Pin b[26] not assigned to an exact location on the device
    Info: Pin a[7] not assigned to an exact location on the device
    Info: Pin b[24] not assigned to an exact location on the device
    Info: Pin a[4] not assigned to an exact location on the device
    Info: Pin b[27] not assigned to an exact location on the device
    Info: Pin b[21] not assigned to an exact location on the device
    Info: Pin a[10] not assigned to an exact location on the device
    Info: Pin a[9] not assigned to an exact location on the device
    Info: Pin b[22] not assigned to an exact location on the device
    Info: Pin a[11] not assigned to an exact location on the device
    Info: Pin b[20] not assigned to an exact location on the device
    Info: Pin a[8] not assigned to an exact location on the device
    Info: Pin b[23] not assigned to an exact location on the device
    Info: Pin b[17] not assigned to an exact location on the device
    Info: Pin a[14] not assigned to an exact location on the device
    Info: Pin a[13] not assigned to an exact location on the device
    Info: Pin b[18] not assigned to an exact location on the device
    Info: Pin a[15] not assigned to an exact location on the device
    Info: Pin b[16] not assigned to an exact location on the device
    Info: Pin a[12] not assigned to an exact location on the device
    Info: Pin b[19] not assigned to an exact location on the device
    Info: Pin b[13] not assigned to an exact location on the device
    Info: Pin a[18] not assigned to an exact location on the device
    Info: Pin a[17] not assigned to an exact location on the device
    Info: Pin b[14] not assigned to an exact location on the device
    Info: Pin a[19] not assigned to an exact location on the device
    Info: Pin b[12] not assigned to an exact location on the device
    Info: Pin a[16] not assigned to an exact location on the device
    Info: Pin b[15] not assigned to an exact location on the device
    Info: Pin b[9] not assigned to an exact location on the device
    Info: Pin a[22] not assigned to an exact location on the device
    Info: Pin a[21] not assigned to an exact location on the device
    Info: Pin b[10] not assigned to an exact location on the device
    Info: Pin a[23] not assigned to an exact location on the device
    Info: Pin b[8] not assigned to an exact location on the device
    Info: Pin a[20] not assigned to an exact location on the device
    Info: Pin b[11] not assigned to an exact location on the device
    Info: Pin b[5] not assigned to an exact location on the device
    Info: Pin a[26] not assigned to an exact location on the device
    Info: Pin a[25] not assigned to an exact location on the device
    Info: Pin b[6] not assigned to an exact location on the device
    Info: Pin a[27] not assigned to an exact location on the device
    Info: Pin b[4] not assigned to an exact location on the device
    Info: Pin a[24] not assigned to an exact location on the device
    Info: Pin b[7] not assigned to an exact location on the device
    Info: Pin a[28] not assigned to an exact location on the device
    Info: Pin b[3] not assigned to an exact location on the device
    Info: Pin b[1] not assigned to an exact location on the device
    Info: Pin a[30] not assigned to an exact location on the device
    Info: Pin a[29] not assigned to an exact location on the device
    Info: Pin b[2] not assigned to an exact location on the device
    Info: Pin a[31] not assigned to an exact location on the device
    Info: Pin b[0] not assigned to an exact location on the device
    Info: Pin c0 not assigned to an exact location on the device
Info: Timing-driven compilation is using the TimeQuest Timing Analyzer
Critical Warning: Synopsys Design Constraints File file not found: 'lab2_4.sdc'. A Synopsys Design Constraints File is required by the TimeQuest Timing Analyzer to get proper timing constraints. Without it, the Compiler will not properly optimize the design.
Info: No user constrained base clocks found in the design
Info: No user constrained clock uncertainty found in the design. Calling "derive_clock_uncertainty"
Info: The derive_clock_uncertainty command did not apply clock uncertainty to any clock-to-clock transfers.
Info: Timing requirements not specified -- quality metrics such as performance may be sacrificed to reduce compilation time.
Info: Automatically promoted node clock~input (placed in PIN J1 (CLK1, DIFFCLK_0n))
    Info: Automatically promoted destinations to use location or clock signal Global Clock CLKCTRL_G2
Info: Automatically promoted node cclr~input (placed in PIN Y2 (CLK2, DIFFCLK_1p))
    Info: Automatically promoted destinations to use location or clock signal Global Clock CLKCTRL_G4
Info: Starting register packing
Extra Info: Performing register packing on registers with non-logic cell location assignments
Extra Info: Completed register packing on registers with non-logic cell location assignments
Extra Info: Started Fast Input/Output/OE register processing
Extra Info: Finished Fast Input/Output/OE register processing
Extra Info: Moving registers into I/O cells, Multiplier Blocks, and RAM blocks to improve timing and density
Extra Info: Finished moving registers into I/O cells, Multiplier Blocks, and RAM blocks
Info: Finished register packing
    Extra Info: No registers were packed into other blocks
Info: Statistics of I/O pins that need to be placed that use the same VCCIO and VREF, before I/O pin placement
    Info: Number of I/O pins in group: 194 (unused VREF, 2.5V VCCIO, 129 input, 65 output, 0 bidirectional)
        Info: I/O standards used: 2.5 V.
Info: I/O bank details before I/O pin placement
    Info: Statistics of I/O banks
        Info: I/O bank number 1 does not use VREF pins and has undetermined VCCIO pins. 5 total pin(s) used --  51 pins available
        Info: I/O bank number 2 does not use VREF pins and has undetermined VCCIO pins. 1 total pin(s) used --  62 pins available
        Info: I/O bank number 3 does not use VREF pins and has undetermined VCCIO pins. 0 total pin(s) used --  73 pins available
        Info: I/O bank number 4 does not use VREF pins and has undetermined VCCIO pins. 0 total pin(s) used --  71 pins available
        Info: I/O bank number 5 does not use VREF pins and has undetermined VCCIO pins. 0 total pin(s) used --  65 pins available
        Info: I/O bank number 6 does not use VREF pins and has undetermined VCCIO pins. 1 total pin(s) used --  57 pins available
        Info: I/O bank number 7 does not use VREF pins and has undetermined VCCIO pins. 0 total pin(s) used --  72 pins available
        Info: I/O bank number 8 does not use VREF pins and has undetermined VCCIO pins. 0 total pin(s) used --  71 pins available
Info: Fitter preparation operations ending: elapsed time is 00:00:02
Info: Fitter placement preparation operations beginning
Info: Fitter placement preparation operations ending: elapsed time is 00:00:00
Info: Fitter placement operations beginning
Info: Fitter placement was successful
Info: Fitter placement operations ending: elapsed time is 00:00:03
Info: Fitter routing operations beginning
Info: Router estimated average interconnect usage is 0% of the available device resources
    Info: Router estimated peak interconnect usage is 1% of the available device resources in the region that extends from location X0_Y24 to location X10_Y36
Info: Fitter routing operations ending: elapsed time is 00:00:00
Info: The Fitter performed an Auto Fit compilation.  Optimizations were skipped to reduce compilation time.
    Info: Optimizations that may affect the design's routability were skipped
    Info: Optimizations that may affect the design's timing were skipped
Info: Started post-fitting delay annotation
Info: Delay annotation completed successfully
Info: Quartus II Fitter was successful. 0 errors, 4 warnings
    Info: Peak virtual memory: 510 megabytes
    Info: Processing ended: Wed May 02 18:58:06 2018
    Info: Elapsed time: 00:00:17
    Info: Total CPU time (on all processors): 00:00:17


