TimeQuest Timing Analyzer report for lab2_4
Wed May 02 18:58:12 2018
Quartus II Version 10.0 Build 218 06/27/2010 SJ Web Edition


---------------------
; Table of Contents ;
---------------------
  1. Legal Notice
  2. TimeQuest Timing Analyzer Summary
  3. Parallel Compilation
  4. Clocks
  5. Slow 1200mV 85C Model Fmax Summary
  6. Slow 1200mV 85C Model Setup Summary
  7. Slow 1200mV 85C Model Hold Summary
  8. Slow 1200mV 85C Model Recovery Summary
  9. Slow 1200mV 85C Model Removal Summary
 10. Slow 1200mV 85C Model Minimum Pulse Width Summary
 11. Slow 1200mV 85C Model Setup: 'clock'
 12. Slow 1200mV 85C Model Hold: 'clock'
 13. Slow 1200mV 85C Model Minimum Pulse Width: 'clock'
 14. Setup Times
 15. Hold Times
 16. Clock to Output Times
 17. Minimum Clock to Output Times
 18. Slow 1200mV 85C Model Metastability Report
 19. Slow 1200mV 0C Model Fmax Summary
 20. Slow 1200mV 0C Model Setup Summary
 21. Slow 1200mV 0C Model Hold Summary
 22. Slow 1200mV 0C Model Recovery Summary
 23. Slow 1200mV 0C Model Removal Summary
 24. Slow 1200mV 0C Model Minimum Pulse Width Summary
 25. Slow 1200mV 0C Model Setup: 'clock'
 26. Slow 1200mV 0C Model Hold: 'clock'
 27. Slow 1200mV 0C Model Minimum Pulse Width: 'clock'
 28. Setup Times
 29. Hold Times
 30. Clock to Output Times
 31. Minimum Clock to Output Times
 32. Slow 1200mV 0C Model Metastability Report
 33. Fast 1200mV 0C Model Setup Summary
 34. Fast 1200mV 0C Model Hold Summary
 35. Fast 1200mV 0C Model Recovery Summary
 36. Fast 1200mV 0C Model Removal Summary
 37. Fast 1200mV 0C Model Minimum Pulse Width Summary
 38. Fast 1200mV 0C Model Setup: 'clock'
 39. Fast 1200mV 0C Model Hold: 'clock'
 40. Fast 1200mV 0C Model Minimum Pulse Width: 'clock'
 41. Setup Times
 42. Hold Times
 43. Clock to Output Times
 44. Minimum Clock to Output Times
 45. Fast 1200mV 0C Model Metastability Report
 46. Multicorner Timing Analysis Summary
 47. Setup Times
 48. Hold Times
 49. Clock to Output Times
 50. Minimum Clock to Output Times
 51. Board Trace Model Assignments
 52. Input Transition Times
 53. Signal Integrity Metrics (Slow 1200mv 0c Model)
 54. Signal Integrity Metrics (Slow 1200mv 85c Model)
 55. Signal Integrity Metrics (Fast 1200mv 0c Model)
 56. Setup Transfers
 57. Hold Transfers
 58. Report TCCS
 59. Report RSKM
 60. Unconstrained Paths
 61. TimeQuest Timing Analyzer Messages



----------------
; Legal Notice ;
----------------
Copyright (C) 1991-2010 Altera Corporation
Your use of Altera Corporation's design tools, logic functions 
and other software and tools, and its AMPP partner logic 
functions, and any output files from any of the foregoing 
(including device programming or simulation files), and any 
associated documentation or information are expressly subject 
to the terms and conditions of the Altera Program License 
Subscription Agreement, Altera MegaCore Function License 
Agreement, or other applicable license agreement, including, 
without limitation, that your use is for the sole purpose of 
programming logic devices manufactured by Altera and sold by 
Altera or its authorized distributors.  Please refer to the 
applicable agreement for further details.



+-----------------------------------------------------------------------+
; TimeQuest Timing Analyzer Summary                                     ;
+--------------------+--------------------------------------------------+
; Quartus II Version ; Version 10.0 Build 218 06/27/2010 SJ Web Edition ;
; Revision Name      ; lab2_4                                           ;
; Device Family      ; Cyclone IV E                                     ;
; Device Name        ; EP4CE115F29C7                                    ;
; Timing Models      ; Final                                            ;
; Delay Model        ; Combined                                         ;
; Rise/Fall Delays   ; Enabled                                          ;
+--------------------+--------------------------------------------------+


Parallel compilation was disabled, but you have multiple processors available. Enable parallel compilation to reduce compilation time.
+-------------------------------------+
; Parallel Compilation                ;
+----------------------------+--------+
; Processors                 ; Number ;
+----------------------------+--------+
; Number detected on machine ; 4      ;
; Maximum allowed            ; 1      ;
+----------------------------+--------+


+-----------------------------------------------------------------------------------------------------------------------------------------------------------------------------------+
; Clocks                                                                                                                                                                            ;
+------------+------+--------+------------+-------+-------+------------+-----------+-------------+-------+--------+-----------+------------+----------+--------+--------+-----------+
; Clock Name ; Type ; Period ; Frequency  ; Rise  ; Fall  ; Duty Cycle ; Divide by ; Multiply by ; Phase ; Offset ; Edge List ; Edge Shift ; Inverted ; Master ; Source ; Targets   ;
+------------+------+--------+------------+-------+-------+------------+-----------+-------------+-------+--------+-----------+------------+----------+--------+--------+-----------+
; clock      ; Base ; 1.000  ; 1000.0 MHz ; 0.000 ; 0.500 ;            ;           ;             ;       ;        ;           ;            ;          ;        ;        ; { clock } ;
+------------+------+--------+------------+-------+-------+------------+-----------+-------------+-------+--------+-----------+------------+----------+--------+--------+-----------+


+--------------------------------------------------+
; Slow 1200mV 85C Model Fmax Summary               ;
+------------+-----------------+------------+------+
; Fmax       ; Restricted Fmax ; Clock Name ; Note ;
+------------+-----------------+------------+------+
; 240.85 MHz ; 240.85 MHz      ; clock      ;      ;
+------------+-----------------+------------+------+
This panel reports FMAX for every clock in the design, regardless of the user-specified clock periods.  FMAX is only computed for paths where the source and destination registers or ports are driven by the same clock.  Paths of different clocks, including generated clocks, are ignored.  For paths between a clock and its inversion, FMAX is computed as if the rising and falling edges are scaled along with FMAX, such that the duty cycle (in terms of a percentage) is maintained. Altera recommends that you always use clock constraints and other slack reports for sign-off analysis.


+-------------------------------------+
; Slow 1200mV 85C Model Setup Summary ;
+-------+--------+--------------------+
; Clock ; Slack  ; End Point TNS      ;
+-------+--------+--------------------+
; clock ; -3.152 ; -91.232            ;
+-------+--------+--------------------+


+------------------------------------+
; Slow 1200mV 85C Model Hold Summary ;
+-------+-------+--------------------+
; Clock ; Slack ; End Point TNS      ;
+-------+-------+--------------------+
; clock ; 0.420 ; 0.000              ;
+-------+-------+--------------------+


------------------------------------------
; Slow 1200mV 85C Model Recovery Summary ;
------------------------------------------
No paths to report.


-----------------------------------------
; Slow 1200mV 85C Model Removal Summary ;
-----------------------------------------
No paths to report.


+---------------------------------------------------+
; Slow 1200mV 85C Model Minimum Pulse Width Summary ;
+-------+--------+----------------------------------+
; Clock ; Slack  ; End Point TNS                    ;
+-------+--------+----------------------------------+
; clock ; -3.000 ; -105.800                         ;
+-------+--------+----------------------------------+


+--------------------------------------------------------------------------------------------------------------------------------------------------------------------------------------------+
; Slow 1200mV 85C Model Setup: 'clock'                                                                                                                                                       ;
+--------+------------------------------------------------------+------------------------------------------------------+--------------+-------------+--------------+------------+------------+
; Slack  ; From Node                                            ; To Node                                              ; Launch Clock ; Latch Clock ; Relationship ; Clock Skew ; Data Delay ;
+--------+------------------------------------------------------+------------------------------------------------------+--------------+-------------+--------------+------------+------------+
; -3.152 ; lab2_3:inst|lab2_LookaheadCarry:b2v_inst7|carry_out  ; lab2_3:inst|lab2_LookaheadCarry:b2v_inst8|sum[3]     ; clock        ; clock       ; 1.000        ; -0.168     ; 3.982      ;
; -3.138 ; lab2_3:inst|lab2_LookaheadCarry:b2v_inst7|carry_out  ; lab2_3:inst|lab2_LookaheadCarry:b2v_inst8|carry_out  ; clock        ; clock       ; 1.000        ; -0.166     ; 3.970      ;
; -2.948 ; lab2_3:inst|lab2_LookaheadCarry:b2v_inst7|carry_out  ; lab2_3:inst|lab2_LookaheadCarry:b2v_inst8|sum[2]     ; clock        ; clock       ; 1.000        ; -0.168     ; 3.778      ;
; -2.597 ; lab2_3:inst|lab2_LookaheadCarry:b2v_inst7|carry_out  ; lab2_3:inst|lab2_LookaheadCarry:b2v_inst8|sum[1]     ; clock        ; clock       ; 1.000        ; -0.168     ; 3.427      ;
; -2.595 ; lab2_3:inst|lab2_LookaheadCarry:b2v_inst7|carry_out  ; lab2_3:inst|lab2_LookaheadCarry:b2v_inst8|sum[0]     ; clock        ; clock       ; 1.000        ; -0.168     ; 3.425      ;
; -2.563 ; lab2_3:inst|lab2_LookaheadCarry:b2v_inst|carry_out   ; lab2_3:inst|lab2_LookaheadCarry:b2v_inst2|carry_out  ; clock        ; clock       ; 1.000        ; -0.088     ; 3.473      ;
; -2.221 ; lab2_3:inst1|lab2_LookaheadCarry:b2v_inst5|carry_out ; lab2_3:inst1|lab2_LookaheadCarry:b2v_inst6|carry_out ; clock        ; clock       ; 1.000        ; -0.113     ; 3.106      ;
; -1.987 ; lab2_3:inst1|lab2_LookaheadCarry:b2v_inst2|carry_out ; lab2_3:inst1|lab2_LookaheadCarry:b2v_inst3|carry_out ; clock        ; clock       ; 1.000        ; -0.027     ; 2.958      ;
; -1.813 ; lab2_3:inst1|lab2_LookaheadCarry:b2v_inst2|carry_out ; lab2_3:inst1|lab2_LookaheadCarry:b2v_inst3|sum[2]    ; clock        ; clock       ; 1.000        ; -0.026     ; 2.785      ;
; -1.777 ; lab2_3:inst|lab2_LookaheadCarry:b2v_inst5|carry_out  ; lab2_3:inst|lab2_LookaheadCarry:b2v_inst6|carry_out  ; clock        ; clock       ; 1.000        ; -0.095     ; 2.680      ;
; -1.774 ; lab2_3:inst1|lab2_LookaheadCarry:b2v_inst5|carry_out ; lab2_3:inst1|lab2_LookaheadCarry:b2v_inst6|sum[3]    ; clock        ; clock       ; 1.000        ; -0.108     ; 2.664      ;
; -1.683 ; lab2_3:inst1|lab2_LookaheadCarry:b2v_inst2|carry_out ; lab2_3:inst1|lab2_LookaheadCarry:b2v_inst3|sum[3]    ; clock        ; clock       ; 1.000        ; -0.026     ; 2.655      ;
; -1.587 ; lab2_3:inst1|lab2_LookaheadCarry:b2v_inst7|carry_out ; lab2_3:inst1|lab2_LookaheadCarry:b2v_inst8|carry_out ; clock        ; clock       ; 1.000        ; -0.092     ; 2.493      ;
; -1.584 ; lab2_3:inst1|lab2_LookaheadCarry:b2v_inst5|carry_out ; lab2_3:inst1|lab2_LookaheadCarry:b2v_inst6|sum[2]    ; clock        ; clock       ; 1.000        ; -0.108     ; 2.474      ;
; -1.558 ; lab2_3:inst|lab2_LookaheadCarry:b2v_inst|carry_out   ; lab2_3:inst|lab2_LookaheadCarry:b2v_inst2|sum[3]     ; clock        ; clock       ; 1.000        ; -0.018     ; 2.538      ;
; -1.556 ; lab2_3:inst|lab2_LookaheadCarry:b2v_inst|carry_out   ; lab2_3:inst|lab2_LookaheadCarry:b2v_inst2|sum[2]     ; clock        ; clock       ; 1.000        ; -0.018     ; 2.536      ;
; -1.556 ; lab2_3:inst|lab2_LookaheadCarry:b2v_inst2|carry_out  ; lab2_3:inst|lab2_LookaheadCarry:b2v_inst3|sum[3]     ; clock        ; clock       ; 1.000        ; -0.080     ; 2.474      ;
; -1.528 ; lab2_3:inst|lab2_LookaheadCarry:b2v_inst4|carry_out  ; lab2_3:inst|lab2_LookaheadCarry:b2v_inst5|carry_out  ; clock        ; clock       ; 1.000        ; -0.057     ; 2.469      ;
; -1.528 ; lab2_3:inst|lab2_LookaheadCarry:b2v_inst4|carry_out  ; lab2_3:inst|lab2_LookaheadCarry:b2v_inst5|sum[3]     ; clock        ; clock       ; 1.000        ; -0.057     ; 2.469      ;
; -1.525 ; lab2_3:inst1|lab2_LookaheadCarry:b2v_inst4|carry_out ; lab2_3:inst1|lab2_LookaheadCarry:b2v_inst5|sum[2]    ; clock        ; clock       ; 1.000        ; -0.115     ; 2.408      ;
; -1.509 ; lab2_3:inst1|lab2_LookaheadCarry:b2v_inst4|carry_out ; lab2_3:inst1|lab2_LookaheadCarry:b2v_inst5|carry_out ; clock        ; clock       ; 1.000        ; -0.115     ; 2.392      ;
; -1.508 ; lab2_3:inst1|lab2_LookaheadCarry:b2v_inst4|carry_out ; lab2_3:inst1|lab2_LookaheadCarry:b2v_inst5|sum[3]    ; clock        ; clock       ; 1.000        ; -0.115     ; 2.391      ;
; -1.485 ; lab2_3:inst1|lab2_LookaheadCarry:b2v_inst7|carry_out ; lab2_3:inst1|lab2_LookaheadCarry:b2v_inst8|sum[2]    ; clock        ; clock       ; 1.000        ; -0.092     ; 2.391      ;
; -1.435 ; lab2_3:inst1|lab2_LookaheadCarry:b2v_inst|carry_out  ; lab2_3:inst1|lab2_LookaheadCarry:b2v_inst2|sum[2]    ; clock        ; clock       ; 1.000        ; -0.072     ; 2.361      ;
; -1.412 ; lab2_3:inst|lab2_LookaheadCarry:b2v_inst3|carry_out  ; lab2_3:inst|lab2_LookaheadCarry:b2v_inst4|sum[2]     ; clock        ; clock       ; 1.000        ; -0.098     ; 2.312      ;
; -1.398 ; lab2_3:inst|lab2_LookaheadCarry:b2v_inst2|carry_out  ; lab2_3:inst|lab2_LookaheadCarry:b2v_inst3|carry_out  ; clock        ; clock       ; 1.000        ; -0.080     ; 2.316      ;
; -1.390 ; lab2_3:inst|lab2_LookaheadCarry:b2v_inst5|carry_out  ; lab2_3:inst|lab2_LookaheadCarry:b2v_inst6|sum[2]     ; clock        ; clock       ; 1.000        ; -0.092     ; 2.296      ;
; -1.363 ; lab2_3:inst|lab2_LookaheadCarry:b2v_inst4|carry_out  ; lab2_3:inst|lab2_LookaheadCarry:b2v_inst5|sum[2]     ; clock        ; clock       ; 1.000        ; -0.057     ; 2.304      ;
; -1.354 ; lab2_3:inst1|lab2_LookaheadCarry:b2v_inst7|carry_out ; lab2_3:inst1|lab2_LookaheadCarry:b2v_inst8|sum[3]    ; clock        ; clock       ; 1.000        ; -0.092     ; 2.260      ;
; -1.344 ; lab2_3:inst|lab2_LookaheadCarry:b2v_inst4|carry_out  ; lab2_3:inst|lab2_LookaheadCarry:b2v_inst5|sum[1]     ; clock        ; clock       ; 1.000        ; -0.057     ; 2.285      ;
; -1.312 ; lab2_3:inst1|lab2_LookaheadCarry:b2v_inst6|carry_out ; lab2_3:inst1|lab2_LookaheadCarry:b2v_inst7|carry_out ; clock        ; clock       ; 1.000        ; -0.081     ; 2.229      ;
; -1.312 ; lab2_3:inst1|lab2_LookaheadCarry:b2v_inst|carry_out  ; lab2_3:inst1|lab2_LookaheadCarry:b2v_inst2|carry_out ; clock        ; clock       ; 1.000        ; -0.079     ; 2.231      ;
; -1.308 ; lab2_3:inst1|lab2_LookaheadCarry:b2v_inst2|carry_out ; lab2_3:inst1|lab2_LookaheadCarry:b2v_inst3|sum[0]    ; clock        ; clock       ; 1.000        ; -0.026     ; 2.280      ;
; -1.303 ; lab2_3:inst1|lab2_LookaheadCarry:b2v_inst2|carry_out ; lab2_3:inst1|lab2_LookaheadCarry:b2v_inst3|sum[1]    ; clock        ; clock       ; 1.000        ; -0.026     ; 2.275      ;
; -1.293 ; lab2_3:inst1|lab2_LookaheadCarry:b2v_inst6|carry_out ; lab2_3:inst1|lab2_LookaheadCarry:b2v_inst7|sum[3]    ; clock        ; clock       ; 1.000        ; -0.081     ; 2.210      ;
; -1.263 ; lab2_3:inst|lab2_LookaheadCarry:b2v_inst8|carry_out  ; lab2_3:inst1|lab2_LookaheadCarry:b2v_inst|sum[3]     ; clock        ; clock       ; 1.000        ; -0.079     ; 2.182      ;
; -1.259 ; lab2_3:inst|lab2_LookaheadCarry:b2v_inst5|carry_out  ; lab2_3:inst|lab2_LookaheadCarry:b2v_inst6|sum[3]     ; clock        ; clock       ; 1.000        ; -0.092     ; 2.165      ;
; -1.192 ; lab2_3:inst|lab2_LookaheadCarry:b2v_inst|carry_out   ; lab2_3:inst|lab2_LookaheadCarry:b2v_inst2|sum[1]     ; clock        ; clock       ; 1.000        ; -0.018     ; 2.172      ;
; -1.179 ; lab2_3:inst|lab2_LookaheadCarry:b2v_inst|carry_out   ; lab2_3:inst|lab2_LookaheadCarry:b2v_inst2|sum[0]     ; clock        ; clock       ; 1.000        ; -0.018     ; 2.159      ;
; -1.174 ; lab2_3:inst|lab2_LookaheadCarry:b2v_inst3|carry_out  ; lab2_3:inst|lab2_LookaheadCarry:b2v_inst4|carry_out  ; clock        ; clock       ; 1.000        ; -0.080     ; 2.092      ;
; -1.133 ; lab2_3:inst|lab2_LookaheadCarry:b2v_inst6|carry_out  ; lab2_3:inst|lab2_LookaheadCarry:b2v_inst7|sum[3]     ; clock        ; clock       ; 1.000        ; -0.081     ; 2.050      ;
; -1.131 ; lab2_3:inst1|lab2_LookaheadCarry:b2v_inst|carry_out  ; lab2_3:inst1|lab2_LookaheadCarry:b2v_inst2|sum[3]    ; clock        ; clock       ; 1.000        ; -0.079     ; 2.050      ;
; -1.110 ; lab2_3:inst1|lab2_LookaheadCarry:b2v_inst3|carry_out ; lab2_3:inst1|lab2_LookaheadCarry:b2v_inst4|carry_out ; clock        ; clock       ; 1.000        ; -0.082     ; 2.026      ;
; -1.108 ; lab2_3:inst1|lab2_LookaheadCarry:b2v_inst3|carry_out ; lab2_3:inst1|lab2_LookaheadCarry:b2v_inst4|sum[3]    ; clock        ; clock       ; 1.000        ; -0.082     ; 2.024      ;
; -1.075 ; lab2_3:inst1|lab2_LookaheadCarry:b2v_inst5|carry_out ; lab2_3:inst1|lab2_LookaheadCarry:b2v_inst6|sum[0]    ; clock        ; clock       ; 1.000        ; -0.108     ; 1.965      ;
; -1.074 ; lab2_3:inst1|lab2_LookaheadCarry:b2v_inst5|carry_out ; lab2_3:inst1|lab2_LookaheadCarry:b2v_inst6|sum[1]    ; clock        ; clock       ; 1.000        ; -0.108     ; 1.964      ;
; -1.042 ; lab2_3:inst|lab2_LookaheadCarry:b2v_inst6|carry_out  ; lab2_3:inst|lab2_LookaheadCarry:b2v_inst7|carry_out  ; clock        ; clock       ; 1.000        ; -0.081     ; 1.959      ;
; -1.009 ; lab2_3:inst|lab2_LookaheadCarry:b2v_inst4|carry_out  ; lab2_3:inst|lab2_LookaheadCarry:b2v_inst5|sum[0]     ; clock        ; clock       ; 1.000        ; -0.057     ; 1.950      ;
; -0.992 ; lab2_3:inst1|lab2_LookaheadCarry:b2v_inst4|carry_out ; lab2_3:inst1|lab2_LookaheadCarry:b2v_inst5|sum[0]    ; clock        ; clock       ; 1.000        ; -0.115     ; 1.875      ;
; -0.982 ; lab2_3:inst1|lab2_LookaheadCarry:b2v_inst7|carry_out ; lab2_3:inst1|lab2_LookaheadCarry:b2v_inst8|sum[1]    ; clock        ; clock       ; 1.000        ; -0.092     ; 1.888      ;
; -0.982 ; lab2_3:inst1|lab2_LookaheadCarry:b2v_inst7|carry_out ; lab2_3:inst1|lab2_LookaheadCarry:b2v_inst8|sum[0]    ; clock        ; clock       ; 1.000        ; -0.092     ; 1.888      ;
; -0.935 ; lab2_3:inst|lab2_LookaheadCarry:b2v_inst3|carry_out  ; lab2_3:inst|lab2_LookaheadCarry:b2v_inst4|sum[3]     ; clock        ; clock       ; 1.000        ; -0.080     ; 1.853      ;
; -0.925 ; lab2_3:inst|lab2_LookaheadCarry:b2v_inst8|carry_out  ; lab2_3:inst1|lab2_LookaheadCarry:b2v_inst|carry_out  ; clock        ; clock       ; 1.000        ; -0.079     ; 1.844      ;
; -0.919 ; lab2_3:inst|lab2_LookaheadCarry:b2v_inst2|carry_out  ; lab2_3:inst|lab2_LookaheadCarry:b2v_inst3|sum[2]     ; clock        ; clock       ; 1.000        ; -0.085     ; 1.832      ;
; -0.877 ; lab2_3:inst|lab2_LookaheadCarry:b2v_inst5|carry_out  ; lab2_3:inst|lab2_LookaheadCarry:b2v_inst6|sum[1]     ; clock        ; clock       ; 1.000        ; -0.092     ; 1.783      ;
; -0.877 ; lab2_3:inst|lab2_LookaheadCarry:b2v_inst5|carry_out  ; lab2_3:inst|lab2_LookaheadCarry:b2v_inst6|sum[0]     ; clock        ; clock       ; 1.000        ; -0.092     ; 1.783      ;
; -0.771 ; lab2_3:inst|lab2_LookaheadCarry:b2v_inst3|carry_out  ; lab2_3:inst|lab2_LookaheadCarry:b2v_inst4|sum[1]     ; clock        ; clock       ; 1.000        ; -0.098     ; 1.671      ;
; -0.769 ; lab2_3:inst|lab2_LookaheadCarry:b2v_inst8|carry_out  ; lab2_3:inst1|lab2_LookaheadCarry:b2v_inst|sum[2]     ; clock        ; clock       ; 1.000        ; -0.077     ; 1.690      ;
; -0.768 ; lab2_3:inst|lab2_LookaheadCarry:b2v_inst3|carry_out  ; lab2_3:inst|lab2_LookaheadCarry:b2v_inst4|sum[0]     ; clock        ; clock       ; 1.000        ; -0.098     ; 1.668      ;
; -0.663 ; lab2_3:inst1|lab2_LookaheadCarry:b2v_inst4|carry_out ; lab2_3:inst1|lab2_LookaheadCarry:b2v_inst5|sum[1]    ; clock        ; clock       ; 1.000        ; -0.115     ; 1.546      ;
; -0.620 ; lab2_3:inst|lab2_LookaheadCarry:b2v_inst2|carry_out  ; lab2_3:inst|lab2_LookaheadCarry:b2v_inst3|sum[1]     ; clock        ; clock       ; 1.000        ; -0.085     ; 1.533      ;
; -0.547 ; lab2_3:inst|lab2_LookaheadCarry:b2v_inst6|carry_out  ; lab2_3:inst|lab2_LookaheadCarry:b2v_inst7|sum[2]     ; clock        ; clock       ; 1.000        ; -0.081     ; 1.464      ;
; -0.540 ; lab2_3:inst1|lab2_LookaheadCarry:b2v_inst|carry_out  ; lab2_3:inst1|lab2_LookaheadCarry:b2v_inst2|sum[1]    ; clock        ; clock       ; 1.000        ; -0.072     ; 1.466      ;
; -0.540 ; lab2_3:inst1|lab2_LookaheadCarry:b2v_inst|carry_out  ; lab2_3:inst1|lab2_LookaheadCarry:b2v_inst2|sum[0]    ; clock        ; clock       ; 1.000        ; -0.072     ; 1.466      ;
; -0.519 ; lab2_3:inst1|lab2_LookaheadCarry:b2v_inst3|carry_out ; lab2_3:inst1|lab2_LookaheadCarry:b2v_inst4|sum[2]    ; clock        ; clock       ; 1.000        ; -0.082     ; 1.435      ;
; -0.425 ; lab2_3:inst1|lab2_LookaheadCarry:b2v_inst6|carry_out ; lab2_3:inst1|lab2_LookaheadCarry:b2v_inst7|sum[2]    ; clock        ; clock       ; 1.000        ; -0.081     ; 1.342      ;
; -0.391 ; lab2_3:inst1|lab2_LookaheadCarry:b2v_inst6|carry_out ; lab2_3:inst1|lab2_LookaheadCarry:b2v_inst7|sum[1]    ; clock        ; clock       ; 1.000        ; -0.081     ; 1.308      ;
; -0.284 ; lab2_3:inst|lab2_LookaheadCarry:b2v_inst2|carry_out  ; lab2_3:inst|lab2_LookaheadCarry:b2v_inst3|sum[0]     ; clock        ; clock       ; 1.000        ; -0.085     ; 1.197      ;
; -0.256 ; lab2_3:inst|lab2_LookaheadCarry:b2v_inst8|carry_out  ; lab2_3:inst1|lab2_LookaheadCarry:b2v_inst|sum[0]     ; clock        ; clock       ; 1.000        ; -0.077     ; 1.177      ;
; -0.255 ; lab2_3:inst|lab2_LookaheadCarry:b2v_inst8|carry_out  ; lab2_3:inst1|lab2_LookaheadCarry:b2v_inst|sum[1]     ; clock        ; clock       ; 1.000        ; -0.077     ; 1.176      ;
; -0.250 ; lab2_3:inst|lab2_LookaheadCarry:b2v_inst6|carry_out  ; lab2_3:inst|lab2_LookaheadCarry:b2v_inst7|sum[1]     ; clock        ; clock       ; 1.000        ; -0.081     ; 1.167      ;
; 0.078  ; lab2_3:inst1|lab2_LookaheadCarry:b2v_inst6|carry_out ; lab2_3:inst1|lab2_LookaheadCarry:b2v_inst7|sum[0]    ; clock        ; clock       ; 1.000        ; -0.081     ; 0.839      ;
; 0.085  ; lab2_3:inst1|lab2_LookaheadCarry:b2v_inst3|carry_out ; lab2_3:inst1|lab2_LookaheadCarry:b2v_inst4|sum[1]    ; clock        ; clock       ; 1.000        ; -0.082     ; 0.831      ;
; 0.087  ; lab2_3:inst|lab2_LookaheadCarry:b2v_inst6|carry_out  ; lab2_3:inst|lab2_LookaheadCarry:b2v_inst7|sum[0]     ; clock        ; clock       ; 1.000        ; -0.081     ; 0.830      ;
; 0.088  ; lab2_3:inst1|lab2_LookaheadCarry:b2v_inst3|carry_out ; lab2_3:inst1|lab2_LookaheadCarry:b2v_inst4|sum[0]    ; clock        ; clock       ; 1.000        ; -0.082     ; 0.828      ;
+--------+------------------------------------------------------+------------------------------------------------------+--------------+-------------+--------------+------------+------------+


+-------------------------------------------------------------------------------------------------------------------------------------------------------------------------------------------+
; Slow 1200mV 85C Model Hold: 'clock'                                                                                                                                                       ;
+-------+------------------------------------------------------+------------------------------------------------------+--------------+-------------+--------------+------------+------------+
; Slack ; From Node                                            ; To Node                                              ; Launch Clock ; Latch Clock ; Relationship ; Clock Skew ; Data Delay ;
+-------+------------------------------------------------------+------------------------------------------------------+--------------+-------------+--------------+------------+------------+
; 0.420 ; lab2_3:inst1|lab2_LookaheadCarry:b2v_inst3|carry_out ; lab2_3:inst1|lab2_LookaheadCarry:b2v_inst4|sum[0]    ; clock        ; clock       ; 0.000        ; 0.082      ; 0.708      ;
; 0.421 ; lab2_3:inst|lab2_LookaheadCarry:b2v_inst6|carry_out  ; lab2_3:inst|lab2_LookaheadCarry:b2v_inst7|sum[0]     ; clock        ; clock       ; 0.000        ; 0.081      ; 0.708      ;
; 0.422 ; lab2_3:inst1|lab2_LookaheadCarry:b2v_inst3|carry_out ; lab2_3:inst1|lab2_LookaheadCarry:b2v_inst4|sum[1]    ; clock        ; clock       ; 0.000        ; 0.082      ; 0.710      ;
; 0.434 ; lab2_3:inst1|lab2_LookaheadCarry:b2v_inst6|carry_out ; lab2_3:inst1|lab2_LookaheadCarry:b2v_inst7|sum[0]    ; clock        ; clock       ; 0.000        ; 0.081      ; 0.721      ;
; 0.669 ; lab2_3:inst|lab2_LookaheadCarry:b2v_inst6|carry_out  ; lab2_3:inst|lab2_LookaheadCarry:b2v_inst7|sum[1]     ; clock        ; clock       ; 0.000        ; 0.081      ; 0.956      ;
; 0.760 ; lab2_3:inst|lab2_LookaheadCarry:b2v_inst8|carry_out  ; lab2_3:inst1|lab2_LookaheadCarry:b2v_inst|sum[1]     ; clock        ; clock       ; 0.000        ; 0.081      ; 1.047      ;
; 0.761 ; lab2_3:inst|lab2_LookaheadCarry:b2v_inst8|carry_out  ; lab2_3:inst1|lab2_LookaheadCarry:b2v_inst|sum[0]     ; clock        ; clock       ; 0.000        ; 0.081      ; 1.048      ;
; 0.825 ; lab2_3:inst|lab2_LookaheadCarry:b2v_inst2|carry_out  ; lab2_3:inst|lab2_LookaheadCarry:b2v_inst3|sum[0]     ; clock        ; clock       ; 0.000        ; 0.075      ; 1.106      ;
; 0.826 ; lab2_3:inst1|lab2_LookaheadCarry:b2v_inst6|carry_out ; lab2_3:inst1|lab2_LookaheadCarry:b2v_inst7|sum[1]    ; clock        ; clock       ; 0.000        ; 0.081      ; 1.113      ;
; 0.949 ; lab2_3:inst1|lab2_LookaheadCarry:b2v_inst6|carry_out ; lab2_3:inst1|lab2_LookaheadCarry:b2v_inst7|sum[2]    ; clock        ; clock       ; 0.000        ; 0.081      ; 1.236      ;
; 1.003 ; lab2_3:inst1|lab2_LookaheadCarry:b2v_inst3|carry_out ; lab2_3:inst1|lab2_LookaheadCarry:b2v_inst4|sum[2]    ; clock        ; clock       ; 0.000        ; 0.082      ; 1.291      ;
; 1.004 ; lab2_3:inst|lab2_LookaheadCarry:b2v_inst6|carry_out  ; lab2_3:inst|lab2_LookaheadCarry:b2v_inst7|sum[2]     ; clock        ; clock       ; 0.000        ; 0.081      ; 1.291      ;
; 1.046 ; lab2_3:inst1|lab2_LookaheadCarry:b2v_inst|carry_out  ; lab2_3:inst1|lab2_LookaheadCarry:b2v_inst2|sum[0]    ; clock        ; clock       ; 0.000        ; 0.086      ; 1.338      ;
; 1.047 ; lab2_3:inst1|lab2_LookaheadCarry:b2v_inst|carry_out  ; lab2_3:inst1|lab2_LookaheadCarry:b2v_inst2|sum[1]    ; clock        ; clock       ; 0.000        ; 0.086      ; 1.339      ;
; 1.084 ; lab2_3:inst|lab2_LookaheadCarry:b2v_inst2|carry_out  ; lab2_3:inst|lab2_LookaheadCarry:b2v_inst3|sum[1]     ; clock        ; clock       ; 0.000        ; 0.075      ; 1.365      ;
; 1.144 ; lab2_3:inst1|lab2_LookaheadCarry:b2v_inst4|carry_out ; lab2_3:inst1|lab2_LookaheadCarry:b2v_inst5|sum[1]    ; clock        ; clock       ; 0.000        ; 0.096      ; 1.446      ;
; 1.174 ; lab2_3:inst|lab2_LookaheadCarry:b2v_inst3|carry_out  ; lab2_3:inst|lab2_LookaheadCarry:b2v_inst4|sum[0]     ; clock        ; clock       ; 0.000        ; 0.061      ; 1.441      ;
; 1.193 ; lab2_3:inst|lab2_LookaheadCarry:b2v_inst3|carry_out  ; lab2_3:inst|lab2_LookaheadCarry:b2v_inst4|sum[1]     ; clock        ; clock       ; 0.000        ; 0.061      ; 1.460      ;
; 1.231 ; lab2_3:inst|lab2_LookaheadCarry:b2v_inst8|carry_out  ; lab2_3:inst1|lab2_LookaheadCarry:b2v_inst|sum[2]     ; clock        ; clock       ; 0.000        ; 0.081      ; 1.518      ;
; 1.333 ; lab2_3:inst|lab2_LookaheadCarry:b2v_inst3|carry_out  ; lab2_3:inst|lab2_LookaheadCarry:b2v_inst4|sum[3]     ; clock        ; clock       ; 0.000        ; 0.080      ; 1.619      ;
; 1.354 ; lab2_3:inst|lab2_LookaheadCarry:b2v_inst5|carry_out  ; lab2_3:inst|lab2_LookaheadCarry:b2v_inst6|sum[0]     ; clock        ; clock       ; 0.000        ; 0.071      ; 1.631      ;
; 1.358 ; lab2_3:inst|lab2_LookaheadCarry:b2v_inst5|carry_out  ; lab2_3:inst|lab2_LookaheadCarry:b2v_inst6|sum[1]     ; clock        ; clock       ; 0.000        ; 0.071      ; 1.635      ;
; 1.360 ; lab2_3:inst|lab2_LookaheadCarry:b2v_inst8|carry_out  ; lab2_3:inst1|lab2_LookaheadCarry:b2v_inst|carry_out  ; clock        ; clock       ; 0.000        ; 0.079      ; 1.645      ;
; 1.378 ; lab2_3:inst1|lab2_LookaheadCarry:b2v_inst4|carry_out ; lab2_3:inst1|lab2_LookaheadCarry:b2v_inst5|sum[0]    ; clock        ; clock       ; 0.000        ; 0.096      ; 1.680      ;
; 1.419 ; lab2_3:inst|lab2_LookaheadCarry:b2v_inst2|carry_out  ; lab2_3:inst|lab2_LookaheadCarry:b2v_inst3|sum[2]     ; clock        ; clock       ; 0.000        ; 0.075      ; 1.700      ;
; 1.439 ; lab2_3:inst|lab2_LookaheadCarry:b2v_inst4|carry_out  ; lab2_3:inst|lab2_LookaheadCarry:b2v_inst5|sum[0]     ; clock        ; clock       ; 0.000        ; 0.153      ; 1.798      ;
; 1.448 ; lab2_3:inst1|lab2_LookaheadCarry:b2v_inst3|carry_out ; lab2_3:inst1|lab2_LookaheadCarry:b2v_inst4|sum[3]    ; clock        ; clock       ; 0.000        ; 0.082      ; 1.736      ;
; 1.459 ; lab2_3:inst1|lab2_LookaheadCarry:b2v_inst3|carry_out ; lab2_3:inst1|lab2_LookaheadCarry:b2v_inst4|carry_out ; clock        ; clock       ; 0.000        ; 0.082      ; 1.747      ;
; 1.480 ; lab2_3:inst1|lab2_LookaheadCarry:b2v_inst|carry_out  ; lab2_3:inst1|lab2_LookaheadCarry:b2v_inst2|sum[3]    ; clock        ; clock       ; 0.000        ; 0.079      ; 1.765      ;
; 1.482 ; lab2_3:inst|lab2_LookaheadCarry:b2v_inst6|carry_out  ; lab2_3:inst|lab2_LookaheadCarry:b2v_inst7|carry_out  ; clock        ; clock       ; 0.000        ; 0.081      ; 1.769      ;
; 1.487 ; lab2_3:inst1|lab2_LookaheadCarry:b2v_inst7|carry_out ; lab2_3:inst1|lab2_LookaheadCarry:b2v_inst8|sum[1]    ; clock        ; clock       ; 0.000        ; 0.069      ; 1.762      ;
; 1.487 ; lab2_3:inst1|lab2_LookaheadCarry:b2v_inst7|carry_out ; lab2_3:inst1|lab2_LookaheadCarry:b2v_inst8|sum[0]    ; clock        ; clock       ; 0.000        ; 0.069      ; 1.762      ;
; 1.501 ; lab2_3:inst1|lab2_LookaheadCarry:b2v_inst5|carry_out ; lab2_3:inst1|lab2_LookaheadCarry:b2v_inst6|sum[1]    ; clock        ; clock       ; 0.000        ; 0.103      ; 1.810      ;
; 1.501 ; lab2_3:inst1|lab2_LookaheadCarry:b2v_inst5|carry_out ; lab2_3:inst1|lab2_LookaheadCarry:b2v_inst6|sum[0]    ; clock        ; clock       ; 0.000        ; 0.103      ; 1.810      ;
; 1.509 ; lab2_3:inst|lab2_LookaheadCarry:b2v_inst6|carry_out  ; lab2_3:inst|lab2_LookaheadCarry:b2v_inst7|sum[3]     ; clock        ; clock       ; 0.000        ; 0.081      ; 1.796      ;
; 1.568 ; lab2_3:inst|lab2_LookaheadCarry:b2v_inst3|carry_out  ; lab2_3:inst|lab2_LookaheadCarry:b2v_inst4|carry_out  ; clock        ; clock       ; 0.000        ; 0.080      ; 1.854      ;
; 1.574 ; lab2_3:inst|lab2_LookaheadCarry:b2v_inst|carry_out   ; lab2_3:inst|lab2_LookaheadCarry:b2v_inst2|sum[0]     ; clock        ; clock       ; 0.000        ; 0.142      ; 1.922      ;
; 1.579 ; lab2_3:inst1|lab2_LookaheadCarry:b2v_inst6|carry_out ; lab2_3:inst1|lab2_LookaheadCarry:b2v_inst7|sum[3]    ; clock        ; clock       ; 0.000        ; 0.081      ; 1.866      ;
; 1.593 ; lab2_3:inst|lab2_LookaheadCarry:b2v_inst|carry_out   ; lab2_3:inst|lab2_LookaheadCarry:b2v_inst2|sum[1]     ; clock        ; clock       ; 0.000        ; 0.142      ; 1.941      ;
; 1.613 ; lab2_3:inst|lab2_LookaheadCarry:b2v_inst8|carry_out  ; lab2_3:inst1|lab2_LookaheadCarry:b2v_inst|sum[3]     ; clock        ; clock       ; 0.000        ; 0.079      ; 1.898      ;
; 1.615 ; lab2_3:inst1|lab2_LookaheadCarry:b2v_inst6|carry_out ; lab2_3:inst1|lab2_LookaheadCarry:b2v_inst7|carry_out ; clock        ; clock       ; 0.000        ; 0.081      ; 1.902      ;
; 1.635 ; lab2_3:inst1|lab2_LookaheadCarry:b2v_inst|carry_out  ; lab2_3:inst1|lab2_LookaheadCarry:b2v_inst2|carry_out ; clock        ; clock       ; 0.000        ; 0.079      ; 1.920      ;
; 1.698 ; lab2_3:inst|lab2_LookaheadCarry:b2v_inst4|carry_out  ; lab2_3:inst|lab2_LookaheadCarry:b2v_inst5|sum[1]     ; clock        ; clock       ; 0.000        ; 0.153      ; 2.057      ;
; 1.701 ; lab2_3:inst1|lab2_LookaheadCarry:b2v_inst2|carry_out ; lab2_3:inst1|lab2_LookaheadCarry:b2v_inst3|sum[1]    ; clock        ; clock       ; 0.000        ; 0.183      ; 2.090      ;
; 1.706 ; lab2_3:inst1|lab2_LookaheadCarry:b2v_inst2|carry_out ; lab2_3:inst1|lab2_LookaheadCarry:b2v_inst3|sum[0]    ; clock        ; clock       ; 0.000        ; 0.183      ; 2.095      ;
; 1.721 ; lab2_3:inst|lab2_LookaheadCarry:b2v_inst5|carry_out  ; lab2_3:inst|lab2_LookaheadCarry:b2v_inst6|sum[3]     ; clock        ; clock       ; 0.000        ; 0.071      ; 1.998      ;
; 1.750 ; lab2_3:inst|lab2_LookaheadCarry:b2v_inst2|carry_out  ; lab2_3:inst|lab2_LookaheadCarry:b2v_inst3|carry_out  ; clock        ; clock       ; 0.000        ; 0.080      ; 2.036      ;
; 1.765 ; lab2_3:inst1|lab2_LookaheadCarry:b2v_inst|carry_out  ; lab2_3:inst1|lab2_LookaheadCarry:b2v_inst2|sum[2]    ; clock        ; clock       ; 0.000        ; 0.086      ; 2.057      ;
; 1.776 ; lab2_3:inst|lab2_LookaheadCarry:b2v_inst3|carry_out  ; lab2_3:inst|lab2_LookaheadCarry:b2v_inst4|sum[2]     ; clock        ; clock       ; 0.000        ; 0.061      ; 2.043      ;
; 1.785 ; lab2_3:inst|lab2_LookaheadCarry:b2v_inst4|carry_out  ; lab2_3:inst|lab2_LookaheadCarry:b2v_inst5|sum[2]     ; clock        ; clock       ; 0.000        ; 0.153      ; 2.144      ;
; 1.825 ; lab2_3:inst|lab2_LookaheadCarry:b2v_inst5|carry_out  ; lab2_3:inst|lab2_LookaheadCarry:b2v_inst6|sum[2]     ; clock        ; clock       ; 0.000        ; 0.071      ; 2.102      ;
; 1.839 ; lab2_3:inst1|lab2_LookaheadCarry:b2v_inst7|carry_out ; lab2_3:inst1|lab2_LookaheadCarry:b2v_inst8|sum[3]    ; clock        ; clock       ; 0.000        ; 0.069      ; 2.114      ;
; 1.852 ; lab2_3:inst|lab2_LookaheadCarry:b2v_inst2|carry_out  ; lab2_3:inst|lab2_LookaheadCarry:b2v_inst3|sum[3]     ; clock        ; clock       ; 0.000        ; 0.080      ; 2.138      ;
; 1.863 ; lab2_3:inst1|lab2_LookaheadCarry:b2v_inst4|carry_out ; lab2_3:inst1|lab2_LookaheadCarry:b2v_inst5|sum[2]    ; clock        ; clock       ; 0.000        ; 0.096      ; 2.165      ;
; 1.865 ; lab2_3:inst1|lab2_LookaheadCarry:b2v_inst4|carry_out ; lab2_3:inst1|lab2_LookaheadCarry:b2v_inst5|sum[3]    ; clock        ; clock       ; 0.000        ; 0.096      ; 2.167      ;
; 1.878 ; lab2_3:inst1|lab2_LookaheadCarry:b2v_inst4|carry_out ; lab2_3:inst1|lab2_LookaheadCarry:b2v_inst5|carry_out ; clock        ; clock       ; 0.000        ; 0.096      ; 2.180      ;
; 1.911 ; lab2_3:inst|lab2_LookaheadCarry:b2v_inst|carry_out   ; lab2_3:inst|lab2_LookaheadCarry:b2v_inst2|sum[2]     ; clock        ; clock       ; 0.000        ; 0.142      ; 2.259      ;
; 1.914 ; lab2_3:inst|lab2_LookaheadCarry:b2v_inst4|carry_out  ; lab2_3:inst|lab2_LookaheadCarry:b2v_inst5|sum[3]     ; clock        ; clock       ; 0.000        ; 0.153      ; 2.273      ;
; 1.927 ; lab2_3:inst|lab2_LookaheadCarry:b2v_inst4|carry_out  ; lab2_3:inst|lab2_LookaheadCarry:b2v_inst5|carry_out  ; clock        ; clock       ; 0.000        ; 0.153      ; 2.286      ;
; 1.939 ; lab2_3:inst|lab2_LookaheadCarry:b2v_inst|carry_out   ; lab2_3:inst|lab2_LookaheadCarry:b2v_inst2|sum[3]     ; clock        ; clock       ; 0.000        ; 0.142      ; 2.287      ;
; 1.974 ; lab2_3:inst1|lab2_LookaheadCarry:b2v_inst5|carry_out ; lab2_3:inst1|lab2_LookaheadCarry:b2v_inst6|sum[2]    ; clock        ; clock       ; 0.000        ; 0.103      ; 2.283      ;
; 1.997 ; lab2_3:inst1|lab2_LookaheadCarry:b2v_inst7|carry_out ; lab2_3:inst1|lab2_LookaheadCarry:b2v_inst8|sum[2]    ; clock        ; clock       ; 0.000        ; 0.069      ; 2.272      ;
; 2.069 ; lab2_3:inst1|lab2_LookaheadCarry:b2v_inst7|carry_out ; lab2_3:inst1|lab2_LookaheadCarry:b2v_inst8|carry_out ; clock        ; clock       ; 0.000        ; 0.069      ; 2.344      ;
; 2.074 ; lab2_3:inst1|lab2_LookaheadCarry:b2v_inst2|carry_out ; lab2_3:inst1|lab2_LookaheadCarry:b2v_inst3|sum[3]    ; clock        ; clock       ; 0.000        ; 0.183      ; 2.463      ;
; 2.106 ; lab2_3:inst1|lab2_LookaheadCarry:b2v_inst5|carry_out ; lab2_3:inst1|lab2_LookaheadCarry:b2v_inst6|sum[3]    ; clock        ; clock       ; 0.000        ; 0.103      ; 2.415      ;
; 2.175 ; lab2_3:inst1|lab2_LookaheadCarry:b2v_inst2|carry_out ; lab2_3:inst1|lab2_LookaheadCarry:b2v_inst3|sum[2]    ; clock        ; clock       ; 0.000        ; 0.183      ; 2.564      ;
; 2.263 ; lab2_3:inst|lab2_LookaheadCarry:b2v_inst5|carry_out  ; lab2_3:inst|lab2_LookaheadCarry:b2v_inst6|carry_out  ; clock        ; clock       ; 0.000        ; 0.068      ; 2.537      ;
; 2.370 ; lab2_3:inst1|lab2_LookaheadCarry:b2v_inst2|carry_out ; lab2_3:inst1|lab2_LookaheadCarry:b2v_inst3|carry_out ; clock        ; clock       ; 0.000        ; 0.182      ; 2.758      ;
; 2.653 ; lab2_3:inst1|lab2_LookaheadCarry:b2v_inst5|carry_out ; lab2_3:inst1|lab2_LookaheadCarry:b2v_inst6|carry_out ; clock        ; clock       ; 0.000        ; 0.097      ; 2.956      ;
; 2.892 ; lab2_3:inst|lab2_LookaheadCarry:b2v_inst7|carry_out  ; lab2_3:inst|lab2_LookaheadCarry:b2v_inst8|sum[0]     ; clock        ; clock       ; 0.000        ; 0.040      ; 3.138      ;
; 2.894 ; lab2_3:inst|lab2_LookaheadCarry:b2v_inst7|carry_out  ; lab2_3:inst|lab2_LookaheadCarry:b2v_inst8|sum[1]     ; clock        ; clock       ; 0.000        ; 0.040      ; 3.140      ;
; 2.973 ; lab2_3:inst|lab2_LookaheadCarry:b2v_inst|carry_out   ; lab2_3:inst|lab2_LookaheadCarry:b2v_inst2|carry_out  ; clock        ; clock       ; 0.000        ; 0.119      ; 3.298      ;
; 3.238 ; lab2_3:inst|lab2_LookaheadCarry:b2v_inst7|carry_out  ; lab2_3:inst|lab2_LookaheadCarry:b2v_inst8|sum[2]     ; clock        ; clock       ; 0.000        ; 0.040      ; 3.484      ;
; 3.446 ; lab2_3:inst|lab2_LookaheadCarry:b2v_inst7|carry_out  ; lab2_3:inst|lab2_LookaheadCarry:b2v_inst8|sum[3]     ; clock        ; clock       ; 0.000        ; 0.040      ; 3.692      ;
; 3.455 ; lab2_3:inst|lab2_LookaheadCarry:b2v_inst7|carry_out  ; lab2_3:inst|lab2_LookaheadCarry:b2v_inst8|carry_out  ; clock        ; clock       ; 0.000        ; 0.042      ; 3.703      ;
+-------+------------------------------------------------------+------------------------------------------------------+--------------+-------------+--------------+------------+------------+


+--------------------------------------------------------------------------------------------------------------------------------------+
; Slow 1200mV 85C Model Minimum Pulse Width: 'clock'                                                                                   ;
+--------+--------------+----------------+-----------------+-------+------------+------------------------------------------------------+
; Slack  ; Actual Width ; Required Width ; Type            ; Clock ; Clock Edge ; Target                                               ;
+--------+--------------+----------------+-----------------+-------+------------+------------------------------------------------------+
; -3.000 ; 1.000        ; 4.000          ; Port Rate       ; clock ; Rise       ; clock                                                ;
; -1.285 ; 1.000        ; 2.285          ; Min Period      ; clock ; Rise       ; lab2_3:inst1|lab2_LookaheadCarry:b2v_inst2|carry_out ;
; -1.285 ; 1.000        ; 2.285          ; Min Period      ; clock ; Rise       ; lab2_3:inst1|lab2_LookaheadCarry:b2v_inst2|sum[0]    ;
; -1.285 ; 1.000        ; 2.285          ; Min Period      ; clock ; Rise       ; lab2_3:inst1|lab2_LookaheadCarry:b2v_inst2|sum[1]    ;
; -1.285 ; 1.000        ; 2.285          ; Min Period      ; clock ; Rise       ; lab2_3:inst1|lab2_LookaheadCarry:b2v_inst2|sum[2]    ;
; -1.285 ; 1.000        ; 2.285          ; Min Period      ; clock ; Rise       ; lab2_3:inst1|lab2_LookaheadCarry:b2v_inst2|sum[3]    ;
; -1.285 ; 1.000        ; 2.285          ; Min Period      ; clock ; Rise       ; lab2_3:inst1|lab2_LookaheadCarry:b2v_inst3|carry_out ;
; -1.285 ; 1.000        ; 2.285          ; Min Period      ; clock ; Rise       ; lab2_3:inst1|lab2_LookaheadCarry:b2v_inst3|sum[0]    ;
; -1.285 ; 1.000        ; 2.285          ; Min Period      ; clock ; Rise       ; lab2_3:inst1|lab2_LookaheadCarry:b2v_inst3|sum[1]    ;
; -1.285 ; 1.000        ; 2.285          ; Min Period      ; clock ; Rise       ; lab2_3:inst1|lab2_LookaheadCarry:b2v_inst3|sum[2]    ;
; -1.285 ; 1.000        ; 2.285          ; Min Period      ; clock ; Rise       ; lab2_3:inst1|lab2_LookaheadCarry:b2v_inst3|sum[3]    ;
; -1.285 ; 1.000        ; 2.285          ; Min Period      ; clock ; Rise       ; lab2_3:inst1|lab2_LookaheadCarry:b2v_inst4|carry_out ;
; -1.285 ; 1.000        ; 2.285          ; Min Period      ; clock ; Rise       ; lab2_3:inst1|lab2_LookaheadCarry:b2v_inst4|sum[0]    ;
; -1.285 ; 1.000        ; 2.285          ; Min Period      ; clock ; Rise       ; lab2_3:inst1|lab2_LookaheadCarry:b2v_inst4|sum[1]    ;
; -1.285 ; 1.000        ; 2.285          ; Min Period      ; clock ; Rise       ; lab2_3:inst1|lab2_LookaheadCarry:b2v_inst4|sum[2]    ;
; -1.285 ; 1.000        ; 2.285          ; Min Period      ; clock ; Rise       ; lab2_3:inst1|lab2_LookaheadCarry:b2v_inst4|sum[3]    ;
; -1.285 ; 1.000        ; 2.285          ; Min Period      ; clock ; Rise       ; lab2_3:inst1|lab2_LookaheadCarry:b2v_inst5|carry_out ;
; -1.285 ; 1.000        ; 2.285          ; Min Period      ; clock ; Rise       ; lab2_3:inst1|lab2_LookaheadCarry:b2v_inst5|sum[0]    ;
; -1.285 ; 1.000        ; 2.285          ; Min Period      ; clock ; Rise       ; lab2_3:inst1|lab2_LookaheadCarry:b2v_inst5|sum[1]    ;
; -1.285 ; 1.000        ; 2.285          ; Min Period      ; clock ; Rise       ; lab2_3:inst1|lab2_LookaheadCarry:b2v_inst5|sum[2]    ;
; -1.285 ; 1.000        ; 2.285          ; Min Period      ; clock ; Rise       ; lab2_3:inst1|lab2_LookaheadCarry:b2v_inst5|sum[3]    ;
; -1.285 ; 1.000        ; 2.285          ; Min Period      ; clock ; Rise       ; lab2_3:inst1|lab2_LookaheadCarry:b2v_inst6|carry_out ;
; -1.285 ; 1.000        ; 2.285          ; Min Period      ; clock ; Rise       ; lab2_3:inst1|lab2_LookaheadCarry:b2v_inst6|sum[0]    ;
; -1.285 ; 1.000        ; 2.285          ; Min Period      ; clock ; Rise       ; lab2_3:inst1|lab2_LookaheadCarry:b2v_inst6|sum[1]    ;
; -1.285 ; 1.000        ; 2.285          ; Min Period      ; clock ; Rise       ; lab2_3:inst1|lab2_LookaheadCarry:b2v_inst6|sum[2]    ;
; -1.285 ; 1.000        ; 2.285          ; Min Period      ; clock ; Rise       ; lab2_3:inst1|lab2_LookaheadCarry:b2v_inst6|sum[3]    ;
; -1.285 ; 1.000        ; 2.285          ; Min Period      ; clock ; Rise       ; lab2_3:inst1|lab2_LookaheadCarry:b2v_inst7|carry_out ;
; -1.285 ; 1.000        ; 2.285          ; Min Period      ; clock ; Rise       ; lab2_3:inst1|lab2_LookaheadCarry:b2v_inst7|sum[0]    ;
; -1.285 ; 1.000        ; 2.285          ; Min Period      ; clock ; Rise       ; lab2_3:inst1|lab2_LookaheadCarry:b2v_inst7|sum[1]    ;
; -1.285 ; 1.000        ; 2.285          ; Min Period      ; clock ; Rise       ; lab2_3:inst1|lab2_LookaheadCarry:b2v_inst7|sum[2]    ;
; -1.285 ; 1.000        ; 2.285          ; Min Period      ; clock ; Rise       ; lab2_3:inst1|lab2_LookaheadCarry:b2v_inst7|sum[3]    ;
; -1.285 ; 1.000        ; 2.285          ; Min Period      ; clock ; Rise       ; lab2_3:inst1|lab2_LookaheadCarry:b2v_inst8|carry_out ;
; -1.285 ; 1.000        ; 2.285          ; Min Period      ; clock ; Rise       ; lab2_3:inst1|lab2_LookaheadCarry:b2v_inst8|sum[0]    ;
; -1.285 ; 1.000        ; 2.285          ; Min Period      ; clock ; Rise       ; lab2_3:inst1|lab2_LookaheadCarry:b2v_inst8|sum[1]    ;
; -1.285 ; 1.000        ; 2.285          ; Min Period      ; clock ; Rise       ; lab2_3:inst1|lab2_LookaheadCarry:b2v_inst8|sum[2]    ;
; -1.285 ; 1.000        ; 2.285          ; Min Period      ; clock ; Rise       ; lab2_3:inst1|lab2_LookaheadCarry:b2v_inst8|sum[3]    ;
; -1.285 ; 1.000        ; 2.285          ; Min Period      ; clock ; Rise       ; lab2_3:inst1|lab2_LookaheadCarry:b2v_inst|carry_out  ;
; -1.285 ; 1.000        ; 2.285          ; Min Period      ; clock ; Rise       ; lab2_3:inst1|lab2_LookaheadCarry:b2v_inst|sum[0]     ;
; -1.285 ; 1.000        ; 2.285          ; Min Period      ; clock ; Rise       ; lab2_3:inst1|lab2_LookaheadCarry:b2v_inst|sum[1]     ;
; -1.285 ; 1.000        ; 2.285          ; Min Period      ; clock ; Rise       ; lab2_3:inst1|lab2_LookaheadCarry:b2v_inst|sum[2]     ;
; -1.285 ; 1.000        ; 2.285          ; Min Period      ; clock ; Rise       ; lab2_3:inst1|lab2_LookaheadCarry:b2v_inst|sum[3]     ;
; -1.285 ; 1.000        ; 2.285          ; Min Period      ; clock ; Rise       ; lab2_3:inst|lab2_LookaheadCarry:b2v_inst2|carry_out  ;
; -1.285 ; 1.000        ; 2.285          ; Min Period      ; clock ; Rise       ; lab2_3:inst|lab2_LookaheadCarry:b2v_inst2|sum[0]     ;
; -1.285 ; 1.000        ; 2.285          ; Min Period      ; clock ; Rise       ; lab2_3:inst|lab2_LookaheadCarry:b2v_inst2|sum[1]     ;
; -1.285 ; 1.000        ; 2.285          ; Min Period      ; clock ; Rise       ; lab2_3:inst|lab2_LookaheadCarry:b2v_inst2|sum[2]     ;
; -1.285 ; 1.000        ; 2.285          ; Min Period      ; clock ; Rise       ; lab2_3:inst|lab2_LookaheadCarry:b2v_inst2|sum[3]     ;
; -1.285 ; 1.000        ; 2.285          ; Min Period      ; clock ; Rise       ; lab2_3:inst|lab2_LookaheadCarry:b2v_inst3|carry_out  ;
; -1.285 ; 1.000        ; 2.285          ; Min Period      ; clock ; Rise       ; lab2_3:inst|lab2_LookaheadCarry:b2v_inst3|sum[0]     ;
; -1.285 ; 1.000        ; 2.285          ; Min Period      ; clock ; Rise       ; lab2_3:inst|lab2_LookaheadCarry:b2v_inst3|sum[1]     ;
; -1.285 ; 1.000        ; 2.285          ; Min Period      ; clock ; Rise       ; lab2_3:inst|lab2_LookaheadCarry:b2v_inst3|sum[2]     ;
; -1.285 ; 1.000        ; 2.285          ; Min Period      ; clock ; Rise       ; lab2_3:inst|lab2_LookaheadCarry:b2v_inst3|sum[3]     ;
; -1.285 ; 1.000        ; 2.285          ; Min Period      ; clock ; Rise       ; lab2_3:inst|lab2_LookaheadCarry:b2v_inst4|carry_out  ;
; -1.285 ; 1.000        ; 2.285          ; Min Period      ; clock ; Rise       ; lab2_3:inst|lab2_LookaheadCarry:b2v_inst4|sum[0]     ;
; -1.285 ; 1.000        ; 2.285          ; Min Period      ; clock ; Rise       ; lab2_3:inst|lab2_LookaheadCarry:b2v_inst4|sum[1]     ;
; -1.285 ; 1.000        ; 2.285          ; Min Period      ; clock ; Rise       ; lab2_3:inst|lab2_LookaheadCarry:b2v_inst4|sum[2]     ;
; -1.285 ; 1.000        ; 2.285          ; Min Period      ; clock ; Rise       ; lab2_3:inst|lab2_LookaheadCarry:b2v_inst4|sum[3]     ;
; -1.285 ; 1.000        ; 2.285          ; Min Period      ; clock ; Rise       ; lab2_3:inst|lab2_LookaheadCarry:b2v_inst5|carry_out  ;
; -1.285 ; 1.000        ; 2.285          ; Min Period      ; clock ; Rise       ; lab2_3:inst|lab2_LookaheadCarry:b2v_inst5|sum[0]     ;
; -1.285 ; 1.000        ; 2.285          ; Min Period      ; clock ; Rise       ; lab2_3:inst|lab2_LookaheadCarry:b2v_inst5|sum[1]     ;
; -1.285 ; 1.000        ; 2.285          ; Min Period      ; clock ; Rise       ; lab2_3:inst|lab2_LookaheadCarry:b2v_inst5|sum[2]     ;
; -1.285 ; 1.000        ; 2.285          ; Min Period      ; clock ; Rise       ; lab2_3:inst|lab2_LookaheadCarry:b2v_inst5|sum[3]     ;
; -1.285 ; 1.000        ; 2.285          ; Min Period      ; clock ; Rise       ; lab2_3:inst|lab2_LookaheadCarry:b2v_inst6|carry_out  ;
; -1.285 ; 1.000        ; 2.285          ; Min Period      ; clock ; Rise       ; lab2_3:inst|lab2_LookaheadCarry:b2v_inst6|sum[0]     ;
; -1.285 ; 1.000        ; 2.285          ; Min Period      ; clock ; Rise       ; lab2_3:inst|lab2_LookaheadCarry:b2v_inst6|sum[1]     ;
; -1.285 ; 1.000        ; 2.285          ; Min Period      ; clock ; Rise       ; lab2_3:inst|lab2_LookaheadCarry:b2v_inst6|sum[2]     ;
; -1.285 ; 1.000        ; 2.285          ; Min Period      ; clock ; Rise       ; lab2_3:inst|lab2_LookaheadCarry:b2v_inst6|sum[3]     ;
; -1.285 ; 1.000        ; 2.285          ; Min Period      ; clock ; Rise       ; lab2_3:inst|lab2_LookaheadCarry:b2v_inst7|carry_out  ;
; -1.285 ; 1.000        ; 2.285          ; Min Period      ; clock ; Rise       ; lab2_3:inst|lab2_LookaheadCarry:b2v_inst7|sum[0]     ;
; -1.285 ; 1.000        ; 2.285          ; Min Period      ; clock ; Rise       ; lab2_3:inst|lab2_LookaheadCarry:b2v_inst7|sum[1]     ;
; -1.285 ; 1.000        ; 2.285          ; Min Period      ; clock ; Rise       ; lab2_3:inst|lab2_LookaheadCarry:b2v_inst7|sum[2]     ;
; -1.285 ; 1.000        ; 2.285          ; Min Period      ; clock ; Rise       ; lab2_3:inst|lab2_LookaheadCarry:b2v_inst7|sum[3]     ;
; -1.285 ; 1.000        ; 2.285          ; Min Period      ; clock ; Rise       ; lab2_3:inst|lab2_LookaheadCarry:b2v_inst8|carry_out  ;
; -1.285 ; 1.000        ; 2.285          ; Min Period      ; clock ; Rise       ; lab2_3:inst|lab2_LookaheadCarry:b2v_inst8|sum[0]     ;
; -1.285 ; 1.000        ; 2.285          ; Min Period      ; clock ; Rise       ; lab2_3:inst|lab2_LookaheadCarry:b2v_inst8|sum[1]     ;
; -1.285 ; 1.000        ; 2.285          ; Min Period      ; clock ; Rise       ; lab2_3:inst|lab2_LookaheadCarry:b2v_inst8|sum[2]     ;
; -1.285 ; 1.000        ; 2.285          ; Min Period      ; clock ; Rise       ; lab2_3:inst|lab2_LookaheadCarry:b2v_inst8|sum[3]     ;
; -1.285 ; 1.000        ; 2.285          ; Min Period      ; clock ; Rise       ; lab2_3:inst|lab2_LookaheadCarry:b2v_inst|carry_out   ;
; -1.285 ; 1.000        ; 2.285          ; Min Period      ; clock ; Rise       ; lab2_3:inst|lab2_LookaheadCarry:b2v_inst|sum[0]      ;
; -1.285 ; 1.000        ; 2.285          ; Min Period      ; clock ; Rise       ; lab2_3:inst|lab2_LookaheadCarry:b2v_inst|sum[1]      ;
; -1.285 ; 1.000        ; 2.285          ; Min Period      ; clock ; Rise       ; lab2_3:inst|lab2_LookaheadCarry:b2v_inst|sum[2]      ;
; -1.285 ; 1.000        ; 2.285          ; Min Period      ; clock ; Rise       ; lab2_3:inst|lab2_LookaheadCarry:b2v_inst|sum[3]      ;
; 0.252  ; 0.440        ; 0.188          ; Low Pulse Width ; clock ; Rise       ; lab2_3:inst1|lab2_LookaheadCarry:b2v_inst3|carry_out ;
; 0.252  ; 0.440        ; 0.188          ; Low Pulse Width ; clock ; Rise       ; lab2_3:inst1|lab2_LookaheadCarry:b2v_inst3|sum[0]    ;
; 0.252  ; 0.440        ; 0.188          ; Low Pulse Width ; clock ; Rise       ; lab2_3:inst1|lab2_LookaheadCarry:b2v_inst3|sum[1]    ;
; 0.252  ; 0.440        ; 0.188          ; Low Pulse Width ; clock ; Rise       ; lab2_3:inst1|lab2_LookaheadCarry:b2v_inst3|sum[2]    ;
; 0.252  ; 0.440        ; 0.188          ; Low Pulse Width ; clock ; Rise       ; lab2_3:inst1|lab2_LookaheadCarry:b2v_inst3|sum[3]    ;
; 0.252  ; 0.440        ; 0.188          ; Low Pulse Width ; clock ; Rise       ; lab2_3:inst1|lab2_LookaheadCarry:b2v_inst4|carry_out ;
; 0.252  ; 0.440        ; 0.188          ; Low Pulse Width ; clock ; Rise       ; lab2_3:inst1|lab2_LookaheadCarry:b2v_inst4|sum[0]    ;
; 0.252  ; 0.440        ; 0.188          ; Low Pulse Width ; clock ; Rise       ; lab2_3:inst1|lab2_LookaheadCarry:b2v_inst4|sum[1]    ;
; 0.252  ; 0.440        ; 0.188          ; Low Pulse Width ; clock ; Rise       ; lab2_3:inst1|lab2_LookaheadCarry:b2v_inst4|sum[2]    ;
; 0.252  ; 0.440        ; 0.188          ; Low Pulse Width ; clock ; Rise       ; lab2_3:inst1|lab2_LookaheadCarry:b2v_inst4|sum[3]    ;
; 0.252  ; 0.440        ; 0.188          ; Low Pulse Width ; clock ; Rise       ; lab2_3:inst1|lab2_LookaheadCarry:b2v_inst6|carry_out ;
; 0.252  ; 0.440        ; 0.188          ; Low Pulse Width ; clock ; Rise       ; lab2_3:inst1|lab2_LookaheadCarry:b2v_inst7|carry_out ;
; 0.252  ; 0.440        ; 0.188          ; Low Pulse Width ; clock ; Rise       ; lab2_3:inst1|lab2_LookaheadCarry:b2v_inst7|sum[0]    ;
; 0.252  ; 0.440        ; 0.188          ; Low Pulse Width ; clock ; Rise       ; lab2_3:inst1|lab2_LookaheadCarry:b2v_inst7|sum[1]    ;
; 0.252  ; 0.440        ; 0.188          ; Low Pulse Width ; clock ; Rise       ; lab2_3:inst1|lab2_LookaheadCarry:b2v_inst7|sum[2]    ;
; 0.252  ; 0.440        ; 0.188          ; Low Pulse Width ; clock ; Rise       ; lab2_3:inst1|lab2_LookaheadCarry:b2v_inst7|sum[3]    ;
; 0.253  ; 0.441        ; 0.188          ; Low Pulse Width ; clock ; Rise       ; lab2_3:inst1|lab2_LookaheadCarry:b2v_inst6|sum[0]    ;
; 0.253  ; 0.441        ; 0.188          ; Low Pulse Width ; clock ; Rise       ; lab2_3:inst1|lab2_LookaheadCarry:b2v_inst6|sum[1]    ;
; 0.253  ; 0.441        ; 0.188          ; Low Pulse Width ; clock ; Rise       ; lab2_3:inst1|lab2_LookaheadCarry:b2v_inst6|sum[2]    ;
+--------+--------------+----------------+-----------------+-------+------------+------------------------------------------------------+


+-----------------------------------------------------------------------+
; Setup Times                                                           ;
+-----------+------------+-------+-------+------------+-----------------+
; Data Port ; Clock Port ; Rise  ; Fall  ; Clock Edge ; Clock Reference ;
+-----------+------------+-------+-------+------------+-----------------+
; a[*]      ; clock      ; 4.283 ; 4.761 ; Rise       ; clock           ;
;  a[0]     ; clock      ; 3.492 ; 3.948 ; Rise       ; clock           ;
;  a[1]     ; clock      ; 3.405 ; 3.853 ; Rise       ; clock           ;
;  a[2]     ; clock      ; 3.434 ; 3.803 ; Rise       ; clock           ;
;  a[3]     ; clock      ; 0.221 ; 0.313 ; Rise       ; clock           ;
;  a[4]     ; clock      ; 2.924 ; 3.221 ; Rise       ; clock           ;
;  a[5]     ; clock      ; 3.287 ; 3.675 ; Rise       ; clock           ;
;  a[6]     ; clock      ; 0.472 ; 0.646 ; Rise       ; clock           ;
;  a[7]     ; clock      ; 2.604 ; 2.992 ; Rise       ; clock           ;
;  a[8]     ; clock      ; 2.831 ; 3.195 ; Rise       ; clock           ;
;  a[9]     ; clock      ; 2.322 ; 2.679 ; Rise       ; clock           ;
;  a[10]    ; clock      ; 2.661 ; 3.040 ; Rise       ; clock           ;
;  a[11]    ; clock      ; 2.252 ; 2.597 ; Rise       ; clock           ;
;  a[12]    ; clock      ; 2.286 ; 2.627 ; Rise       ; clock           ;
;  a[13]    ; clock      ; 2.965 ; 3.358 ; Rise       ; clock           ;
;  a[14]    ; clock      ; 2.229 ; 2.595 ; Rise       ; clock           ;
;  a[15]    ; clock      ; 2.402 ; 2.770 ; Rise       ; clock           ;
;  a[16]    ; clock      ; 3.213 ; 3.621 ; Rise       ; clock           ;
;  a[17]    ; clock      ; 4.178 ; 4.616 ; Rise       ; clock           ;
;  a[18]    ; clock      ; 3.515 ; 3.996 ; Rise       ; clock           ;
;  a[19]    ; clock      ; 2.339 ; 2.691 ; Rise       ; clock           ;
;  a[20]    ; clock      ; 2.297 ; 2.632 ; Rise       ; clock           ;
;  a[21]    ; clock      ; 3.837 ; 4.178 ; Rise       ; clock           ;
;  a[22]    ; clock      ; 2.291 ; 2.633 ; Rise       ; clock           ;
;  a[23]    ; clock      ; 3.602 ; 3.967 ; Rise       ; clock           ;
;  a[24]    ; clock      ; 4.211 ; 4.538 ; Rise       ; clock           ;
;  a[25]    ; clock      ; 4.259 ; 4.602 ; Rise       ; clock           ;
;  a[26]    ; clock      ; 3.656 ; 3.973 ; Rise       ; clock           ;
;  a[27]    ; clock      ; 3.603 ; 4.070 ; Rise       ; clock           ;
;  a[28]    ; clock      ; 1.162 ; 1.535 ; Rise       ; clock           ;
;  a[29]    ; clock      ; 2.950 ; 3.262 ; Rise       ; clock           ;
;  a[30]    ; clock      ; 2.536 ; 2.881 ; Rise       ; clock           ;
;  a[31]    ; clock      ; 1.742 ; 2.099 ; Rise       ; clock           ;
;  a[32]    ; clock      ; 2.972 ; 3.410 ; Rise       ; clock           ;
;  a[33]    ; clock      ; 2.642 ; 3.072 ; Rise       ; clock           ;
;  a[34]    ; clock      ; 3.368 ; 3.751 ; Rise       ; clock           ;
;  a[35]    ; clock      ; 3.023 ; 3.397 ; Rise       ; clock           ;
;  a[36]    ; clock      ; 2.912 ; 3.340 ; Rise       ; clock           ;
;  a[37]    ; clock      ; 2.552 ; 2.966 ; Rise       ; clock           ;
;  a[38]    ; clock      ; 3.055 ; 3.458 ; Rise       ; clock           ;
;  a[39]    ; clock      ; 3.050 ; 3.479 ; Rise       ; clock           ;
;  a[40]    ; clock      ; 2.226 ; 2.611 ; Rise       ; clock           ;
;  a[41]    ; clock      ; 2.911 ; 3.257 ; Rise       ; clock           ;
;  a[42]    ; clock      ; 3.157 ; 3.522 ; Rise       ; clock           ;
;  a[43]    ; clock      ; 2.954 ; 3.328 ; Rise       ; clock           ;
;  a[44]    ; clock      ; 2.147 ; 2.618 ; Rise       ; clock           ;
;  a[45]    ; clock      ; 2.007 ; 2.408 ; Rise       ; clock           ;
;  a[46]    ; clock      ; 2.420 ; 2.760 ; Rise       ; clock           ;
;  a[47]    ; clock      ; 2.401 ; 2.787 ; Rise       ; clock           ;
;  a[48]    ; clock      ; 1.894 ; 2.239 ; Rise       ; clock           ;
;  a[49]    ; clock      ; 2.388 ; 2.764 ; Rise       ; clock           ;
;  a[50]    ; clock      ; 4.283 ; 4.761 ; Rise       ; clock           ;
;  a[51]    ; clock      ; 2.248 ; 2.594 ; Rise       ; clock           ;
;  a[52]    ; clock      ; 3.530 ; 3.982 ; Rise       ; clock           ;
;  a[53]    ; clock      ; 3.312 ; 3.719 ; Rise       ; clock           ;
;  a[54]    ; clock      ; 3.739 ; 4.077 ; Rise       ; clock           ;
;  a[55]    ; clock      ; 2.852 ; 3.205 ; Rise       ; clock           ;
;  a[56]    ; clock      ; 2.412 ; 2.923 ; Rise       ; clock           ;
;  a[57]    ; clock      ; 2.012 ; 2.424 ; Rise       ; clock           ;
;  a[58]    ; clock      ; 2.978 ; 3.317 ; Rise       ; clock           ;
;  a[59]    ; clock      ; 2.414 ; 2.737 ; Rise       ; clock           ;
;  a[60]    ; clock      ; 2.448 ; 2.811 ; Rise       ; clock           ;
;  a[61]    ; clock      ; 2.255 ; 2.613 ; Rise       ; clock           ;
;  a[62]    ; clock      ; 2.470 ; 2.859 ; Rise       ; clock           ;
;  a[63]    ; clock      ; 2.727 ; 3.057 ; Rise       ; clock           ;
; b[*]      ; clock      ; 4.962 ; 5.501 ; Rise       ; clock           ;
;  b[0]     ; clock      ; 2.102 ; 2.493 ; Rise       ; clock           ;
;  b[1]     ; clock      ; 2.788 ; 3.149 ; Rise       ; clock           ;
;  b[2]     ; clock      ; 2.882 ; 3.206 ; Rise       ; clock           ;
;  b[3]     ; clock      ; 1.377 ; 1.714 ; Rise       ; clock           ;
;  b[4]     ; clock      ; 3.441 ; 3.811 ; Rise       ; clock           ;
;  b[5]     ; clock      ; 3.440 ; 3.795 ; Rise       ; clock           ;
;  b[6]     ; clock      ; 4.898 ; 5.353 ; Rise       ; clock           ;
;  b[7]     ; clock      ; 4.675 ; 5.110 ; Rise       ; clock           ;
;  b[8]     ; clock      ; 3.027 ; 3.389 ; Rise       ; clock           ;
;  b[9]     ; clock      ; 2.514 ; 2.813 ; Rise       ; clock           ;
;  b[10]    ; clock      ; 3.897 ; 4.286 ; Rise       ; clock           ;
;  b[11]    ; clock      ; 2.794 ; 3.301 ; Rise       ; clock           ;
;  b[12]    ; clock      ; 2.726 ; 3.230 ; Rise       ; clock           ;
;  b[13]    ; clock      ; 2.266 ; 2.622 ; Rise       ; clock           ;
;  b[14]    ; clock      ; 3.562 ; 3.934 ; Rise       ; clock           ;
;  b[15]    ; clock      ; 2.742 ; 3.071 ; Rise       ; clock           ;
;  b[16]    ; clock      ; 1.876 ; 2.283 ; Rise       ; clock           ;
;  b[17]    ; clock      ; 2.411 ; 2.778 ; Rise       ; clock           ;
;  b[18]    ; clock      ; 1.821 ; 2.169 ; Rise       ; clock           ;
;  b[19]    ; clock      ; 1.853 ; 2.283 ; Rise       ; clock           ;
;  b[20]    ; clock      ; 2.881 ; 3.302 ; Rise       ; clock           ;
;  b[21]    ; clock      ; 2.671 ; 3.046 ; Rise       ; clock           ;
;  b[22]    ; clock      ; 2.870 ; 3.202 ; Rise       ; clock           ;
;  b[23]    ; clock      ; 3.035 ; 3.396 ; Rise       ; clock           ;
;  b[24]    ; clock      ; 2.640 ; 3.033 ; Rise       ; clock           ;
;  b[25]    ; clock      ; 2.961 ; 3.443 ; Rise       ; clock           ;
;  b[26]    ; clock      ; 2.339 ; 2.661 ; Rise       ; clock           ;
;  b[27]    ; clock      ; 3.327 ; 3.647 ; Rise       ; clock           ;
;  b[28]    ; clock      ; 0.346 ; 0.433 ; Rise       ; clock           ;
;  b[29]    ; clock      ; 3.147 ; 3.531 ; Rise       ; clock           ;
;  b[30]    ; clock      ; 3.439 ; 3.824 ; Rise       ; clock           ;
;  b[31]    ; clock      ; 3.341 ; 3.746 ; Rise       ; clock           ;
;  b[32]    ; clock      ; 3.123 ; 3.572 ; Rise       ; clock           ;
;  b[33]    ; clock      ; 2.919 ; 3.326 ; Rise       ; clock           ;
;  b[34]    ; clock      ; 3.257 ; 3.653 ; Rise       ; clock           ;
;  b[35]    ; clock      ; 3.206 ; 3.623 ; Rise       ; clock           ;
;  b[36]    ; clock      ; 4.013 ; 4.568 ; Rise       ; clock           ;
;  b[37]    ; clock      ; 2.840 ; 3.293 ; Rise       ; clock           ;
;  b[38]    ; clock      ; 4.499 ; 5.070 ; Rise       ; clock           ;
;  b[39]    ; clock      ; 2.908 ; 3.273 ; Rise       ; clock           ;
;  b[40]    ; clock      ; 2.972 ; 3.416 ; Rise       ; clock           ;
;  b[41]    ; clock      ; 2.598 ; 3.027 ; Rise       ; clock           ;
;  b[42]    ; clock      ; 3.566 ; 3.908 ; Rise       ; clock           ;
;  b[43]    ; clock      ; 2.683 ; 3.051 ; Rise       ; clock           ;
;  b[44]    ; clock      ; 2.377 ; 2.844 ; Rise       ; clock           ;
;  b[45]    ; clock      ; 1.920 ; 2.271 ; Rise       ; clock           ;
;  b[46]    ; clock      ; 2.508 ; 2.863 ; Rise       ; clock           ;
;  b[47]    ; clock      ; 4.489 ; 4.998 ; Rise       ; clock           ;
;  b[48]    ; clock      ; 1.921 ; 2.311 ; Rise       ; clock           ;
;  b[49]    ; clock      ; 2.234 ; 2.594 ; Rise       ; clock           ;
;  b[50]    ; clock      ; 2.313 ; 2.617 ; Rise       ; clock           ;
;  b[51]    ; clock      ; 4.102 ; 4.661 ; Rise       ; clock           ;
;  b[52]    ; clock      ; 2.398 ; 2.764 ; Rise       ; clock           ;
;  b[53]    ; clock      ; 3.050 ; 3.392 ; Rise       ; clock           ;
;  b[54]    ; clock      ; 4.962 ; 5.501 ; Rise       ; clock           ;
;  b[55]    ; clock      ; 3.221 ; 3.582 ; Rise       ; clock           ;
;  b[56]    ; clock      ; 3.338 ; 3.876 ; Rise       ; clock           ;
;  b[57]    ; clock      ; 2.275 ; 2.642 ; Rise       ; clock           ;
;  b[58]    ; clock      ; 2.439 ; 2.820 ; Rise       ; clock           ;
;  b[59]    ; clock      ; 2.409 ; 2.769 ; Rise       ; clock           ;
;  b[60]    ; clock      ; 1.970 ; 2.376 ; Rise       ; clock           ;
;  b[61]    ; clock      ; 4.048 ; 4.588 ; Rise       ; clock           ;
;  b[62]    ; clock      ; 4.167 ; 4.675 ; Rise       ; clock           ;
;  b[63]    ; clock      ; 2.651 ; 3.011 ; Rise       ; clock           ;
; c0        ; clock      ; 2.187 ; 2.556 ; Rise       ; clock           ;
+-----------+------------+-------+-------+------------+-----------------+


+-------------------------------------------------------------------------+
; Hold Times                                                              ;
+-----------+------------+--------+--------+------------+-----------------+
; Data Port ; Clock Port ; Rise   ; Fall   ; Clock Edge ; Clock Reference ;
+-----------+------------+--------+--------+------------+-----------------+
; a[*]      ; clock      ; 0.844  ; 0.796  ; Rise       ; clock           ;
;  a[0]     ; clock      ; -1.470 ; -1.922 ; Rise       ; clock           ;
;  a[1]     ; clock      ; -1.645 ; -2.083 ; Rise       ; clock           ;
;  a[2]     ; clock      ; -2.069 ; -2.493 ; Rise       ; clock           ;
;  a[3]     ; clock      ; 0.844  ; 0.796  ; Rise       ; clock           ;
;  a[4]     ; clock      ; -1.348 ; -1.637 ; Rise       ; clock           ;
;  a[5]     ; clock      ; -1.698 ; -2.027 ; Rise       ; clock           ;
;  a[6]     ; clock      ; 0.650  ; 0.514  ; Rise       ; clock           ;
;  a[7]     ; clock      ; -0.944 ; -1.264 ; Rise       ; clock           ;
;  a[8]     ; clock      ; -1.008 ; -1.334 ; Rise       ; clock           ;
;  a[9]     ; clock      ; -0.935 ; -1.271 ; Rise       ; clock           ;
;  a[10]    ; clock      ; -0.971 ; -1.314 ; Rise       ; clock           ;
;  a[11]    ; clock      ; -0.853 ; -1.206 ; Rise       ; clock           ;
;  a[12]    ; clock      ; -1.400 ; -1.710 ; Rise       ; clock           ;
;  a[13]    ; clock      ; -1.808 ; -2.175 ; Rise       ; clock           ;
;  a[14]    ; clock      ; -0.610 ; -0.956 ; Rise       ; clock           ;
;  a[15]    ; clock      ; -1.132 ; -1.448 ; Rise       ; clock           ;
;  a[16]    ; clock      ; -1.561 ; -1.934 ; Rise       ; clock           ;
;  a[17]    ; clock      ; -2.299 ; -2.726 ; Rise       ; clock           ;
;  a[18]    ; clock      ; -2.411 ; -2.802 ; Rise       ; clock           ;
;  a[19]    ; clock      ; -1.082 ; -1.403 ; Rise       ; clock           ;
;  a[20]    ; clock      ; -0.950 ; -1.249 ; Rise       ; clock           ;
;  a[21]    ; clock      ; -1.375 ; -1.688 ; Rise       ; clock           ;
;  a[22]    ; clock      ; -1.062 ; -1.404 ; Rise       ; clock           ;
;  a[23]    ; clock      ; -1.877 ; -2.231 ; Rise       ; clock           ;
;  a[24]    ; clock      ; -0.736 ; -1.068 ; Rise       ; clock           ;
;  a[25]    ; clock      ; -1.191 ; -1.541 ; Rise       ; clock           ;
;  a[26]    ; clock      ; -0.992 ; -1.329 ; Rise       ; clock           ;
;  a[27]    ; clock      ; -1.418 ; -1.845 ; Rise       ; clock           ;
;  a[28]    ; clock      ; -0.711 ; -1.044 ; Rise       ; clock           ;
;  a[29]    ; clock      ; -0.788 ; -1.121 ; Rise       ; clock           ;
;  a[30]    ; clock      ; -0.924 ; -1.249 ; Rise       ; clock           ;
;  a[31]    ; clock      ; -0.600 ; -0.937 ; Rise       ; clock           ;
;  a[32]    ; clock      ; -0.947 ; -1.327 ; Rise       ; clock           ;
;  a[33]    ; clock      ; -1.697 ; -2.070 ; Rise       ; clock           ;
;  a[34]    ; clock      ; -1.728 ; -2.110 ; Rise       ; clock           ;
;  a[35]    ; clock      ; -1.296 ; -1.675 ; Rise       ; clock           ;
;  a[36]    ; clock      ; -1.231 ; -1.645 ; Rise       ; clock           ;
;  a[37]    ; clock      ; -1.323 ; -1.718 ; Rise       ; clock           ;
;  a[38]    ; clock      ; -1.386 ; -1.780 ; Rise       ; clock           ;
;  a[39]    ; clock      ; -1.355 ; -1.725 ; Rise       ; clock           ;
;  a[40]    ; clock      ; -0.944 ; -1.282 ; Rise       ; clock           ;
;  a[41]    ; clock      ; -1.420 ; -1.759 ; Rise       ; clock           ;
;  a[42]    ; clock      ; -1.766 ; -2.088 ; Rise       ; clock           ;
;  a[43]    ; clock      ; -1.313 ; -1.677 ; Rise       ; clock           ;
;  a[44]    ; clock      ; -0.575 ; -0.924 ; Rise       ; clock           ;
;  a[45]    ; clock      ; -1.153 ; -1.473 ; Rise       ; clock           ;
;  a[46]    ; clock      ; -1.079 ; -1.407 ; Rise       ; clock           ;
;  a[47]    ; clock      ; -0.725 ; -1.094 ; Rise       ; clock           ;
;  a[48]    ; clock      ; -0.742 ; -1.080 ; Rise       ; clock           ;
;  a[49]    ; clock      ; -1.231 ; -1.566 ; Rise       ; clock           ;
;  a[50]    ; clock      ; -3.159 ; -3.697 ; Rise       ; clock           ;
;  a[51]    ; clock      ; -1.028 ; -1.368 ; Rise       ; clock           ;
;  a[52]    ; clock      ; -1.840 ; -2.283 ; Rise       ; clock           ;
;  a[53]    ; clock      ; -1.322 ; -1.649 ; Rise       ; clock           ;
;  a[54]    ; clock      ; -2.002 ; -2.307 ; Rise       ; clock           ;
;  a[55]    ; clock      ; -0.738 ; -1.075 ; Rise       ; clock           ;
;  a[56]    ; clock      ; -0.675 ; -1.043 ; Rise       ; clock           ;
;  a[57]    ; clock      ; -1.154 ; -1.518 ; Rise       ; clock           ;
;  a[58]    ; clock      ; -1.478 ; -1.863 ; Rise       ; clock           ;
;  a[59]    ; clock      ; -0.954 ; -1.271 ; Rise       ; clock           ;
;  a[60]    ; clock      ; -1.015 ; -1.328 ; Rise       ; clock           ;
;  a[61]    ; clock      ; -1.312 ; -1.653 ; Rise       ; clock           ;
;  a[62]    ; clock      ; -1.256 ; -1.600 ; Rise       ; clock           ;
;  a[63]    ; clock      ; -1.184 ; -1.483 ; Rise       ; clock           ;
; b[*]      ; clock      ; 0.753  ; 0.725  ; Rise       ; clock           ;
;  b[0]     ; clock      ; -0.664 ; -1.006 ; Rise       ; clock           ;
;  b[1]     ; clock      ; -1.101 ; -1.462 ; Rise       ; clock           ;
;  b[2]     ; clock      ; -0.819 ; -1.173 ; Rise       ; clock           ;
;  b[3]     ; clock      ; -0.816 ; -1.151 ; Rise       ; clock           ;
;  b[4]     ; clock      ; -1.239 ; -1.569 ; Rise       ; clock           ;
;  b[5]     ; clock      ; -0.787 ; -1.173 ; Rise       ; clock           ;
;  b[6]     ; clock      ; -1.712 ; -2.148 ; Rise       ; clock           ;
;  b[7]     ; clock      ; -1.240 ; -1.655 ; Rise       ; clock           ;
;  b[8]     ; clock      ; -1.100 ; -1.425 ; Rise       ; clock           ;
;  b[9]     ; clock      ; -1.309 ; -1.607 ; Rise       ; clock           ;
;  b[10]    ; clock      ; -1.486 ; -1.857 ; Rise       ; clock           ;
;  b[11]    ; clock      ; -1.359 ; -1.782 ; Rise       ; clock           ;
;  b[12]    ; clock      ; -1.334 ; -1.752 ; Rise       ; clock           ;
;  b[13]    ; clock      ; -0.989 ; -1.305 ; Rise       ; clock           ;
;  b[14]    ; clock      ; -1.687 ; -1.987 ; Rise       ; clock           ;
;  b[15]    ; clock      ; -1.024 ; -1.336 ; Rise       ; clock           ;
;  b[16]    ; clock      ; -0.726 ; -1.079 ; Rise       ; clock           ;
;  b[17]    ; clock      ; -1.119 ; -1.437 ; Rise       ; clock           ;
;  b[18]    ; clock      ; -0.758 ; -1.126 ; Rise       ; clock           ;
;  b[19]    ; clock      ; -0.476 ; -0.799 ; Rise       ; clock           ;
;  b[20]    ; clock      ; -1.448 ; -1.876 ; Rise       ; clock           ;
;  b[21]    ; clock      ; -1.107 ; -1.438 ; Rise       ; clock           ;
;  b[22]    ; clock      ; -1.458 ; -1.780 ; Rise       ; clock           ;
;  b[23]    ; clock      ; -1.112 ; -1.456 ; Rise       ; clock           ;
;  b[24]    ; clock      ; -0.936 ; -1.261 ; Rise       ; clock           ;
;  b[25]    ; clock      ; -1.722 ; -2.112 ; Rise       ; clock           ;
;  b[26]    ; clock      ; -0.984 ; -1.311 ; Rise       ; clock           ;
;  b[27]    ; clock      ; -1.503 ; -1.787 ; Rise       ; clock           ;
;  b[28]    ; clock      ; 0.753  ; 0.725  ; Rise       ; clock           ;
;  b[29]    ; clock      ; -1.681 ; -2.108 ; Rise       ; clock           ;
;  b[30]    ; clock      ; -1.680 ; -2.058 ; Rise       ; clock           ;
;  b[31]    ; clock      ; -1.130 ; -1.541 ; Rise       ; clock           ;
;  b[32]    ; clock      ; -1.446 ; -1.826 ; Rise       ; clock           ;
;  b[33]    ; clock      ; -1.778 ; -2.099 ; Rise       ; clock           ;
;  b[34]    ; clock      ; -1.722 ; -2.077 ; Rise       ; clock           ;
;  b[35]    ; clock      ; -1.415 ; -1.769 ; Rise       ; clock           ;
;  b[36]    ; clock      ; -2.273 ; -2.762 ; Rise       ; clock           ;
;  b[37]    ; clock      ; -1.866 ; -2.325 ; Rise       ; clock           ;
;  b[38]    ; clock      ; -2.745 ; -3.260 ; Rise       ; clock           ;
;  b[39]    ; clock      ; -1.275 ; -1.627 ; Rise       ; clock           ;
;  b[40]    ; clock      ; -1.777 ; -2.179 ; Rise       ; clock           ;
;  b[41]    ; clock      ; -1.100 ; -1.450 ; Rise       ; clock           ;
;  b[42]    ; clock      ; -2.023 ; -2.358 ; Rise       ; clock           ;
;  b[43]    ; clock      ; -0.806 ; -1.141 ; Rise       ; clock           ;
;  b[44]    ; clock      ; -0.642 ; -0.995 ; Rise       ; clock           ;
;  b[45]    ; clock      ; -1.104 ; -1.448 ; Rise       ; clock           ;
;  b[46]    ; clock      ; -1.247 ; -1.589 ; Rise       ; clock           ;
;  b[47]    ; clock      ; -2.535 ; -3.043 ; Rise       ; clock           ;
;  b[48]    ; clock      ; -0.759 ; -1.125 ; Rise       ; clock           ;
;  b[49]    ; clock      ; -1.084 ; -1.437 ; Rise       ; clock           ;
;  b[50]    ; clock      ; -1.208 ; -1.552 ; Rise       ; clock           ;
;  b[51]    ; clock      ; -2.290 ; -2.780 ; Rise       ; clock           ;
;  b[52]    ; clock      ; -0.616 ; -0.978 ; Rise       ; clock           ;
;  b[53]    ; clock      ; -1.109 ; -1.444 ; Rise       ; clock           ;
;  b[54]    ; clock      ; -3.073 ; -3.595 ; Rise       ; clock           ;
;  b[55]    ; clock      ; -1.089 ; -1.423 ; Rise       ; clock           ;
;  b[56]    ; clock      ; -1.298 ; -1.681 ; Rise       ; clock           ;
;  b[57]    ; clock      ; -1.442 ; -1.788 ; Rise       ; clock           ;
;  b[58]    ; clock      ; -1.148 ; -1.514 ; Rise       ; clock           ;
;  b[59]    ; clock      ; -0.947 ; -1.276 ; Rise       ; clock           ;
;  b[60]    ; clock      ; -0.779 ; -1.142 ; Rise       ; clock           ;
;  b[61]    ; clock      ; -3.028 ; -3.517 ; Rise       ; clock           ;
;  b[62]    ; clock      ; -2.885 ; -3.387 ; Rise       ; clock           ;
;  b[63]    ; clock      ; -1.017 ; -1.365 ; Rise       ; clock           ;
; c0        ; clock      ; -1.024 ; -1.353 ; Rise       ; clock           ;
+-----------+------------+--------+--------+------------+-----------------+


+-------------------------------------------------------------------------+
; Clock to Output Times                                                   ;
+-----------+------------+--------+--------+------------+-----------------+
; Data Port ; Clock Port ; Rise   ; Fall   ; Clock Edge ; Clock Reference ;
+-----------+------------+--------+--------+------------+-----------------+
; overflow  ; clock      ; 7.269  ; 7.198  ; Rise       ; clock           ;
; sum[*]    ; clock      ; 12.601 ; 12.541 ; Rise       ; clock           ;
;  sum[0]   ; clock      ; 6.580  ; 6.590  ; Rise       ; clock           ;
;  sum[1]   ; clock      ; 6.632  ; 6.644  ; Rise       ; clock           ;
;  sum[2]   ; clock      ; 6.860  ; 6.868  ; Rise       ; clock           ;
;  sum[3]   ; clock      ; 8.959  ; 9.076  ; Rise       ; clock           ;
;  sum[4]   ; clock      ; 6.633  ; 6.643  ; Rise       ; clock           ;
;  sum[5]   ; clock      ; 6.980  ; 6.974  ; Rise       ; clock           ;
;  sum[6]   ; clock      ; 6.989  ; 7.000  ; Rise       ; clock           ;
;  sum[7]   ; clock      ; 7.502  ; 7.525  ; Rise       ; clock           ;
;  sum[8]   ; clock      ; 7.165  ; 7.158  ; Rise       ; clock           ;
;  sum[9]   ; clock      ; 7.137  ; 7.129  ; Rise       ; clock           ;
;  sum[10]  ; clock      ; 9.002  ; 9.091  ; Rise       ; clock           ;
;  sum[11]  ; clock      ; 10.445 ; 10.343 ; Rise       ; clock           ;
;  sum[12]  ; clock      ; 9.179  ; 9.212  ; Rise       ; clock           ;
;  sum[13]  ; clock      ; 7.118  ; 7.113  ; Rise       ; clock           ;
;  sum[14]  ; clock      ; 11.027 ; 10.883 ; Rise       ; clock           ;
;  sum[15]  ; clock      ; 6.835  ; 6.833  ; Rise       ; clock           ;
;  sum[16]  ; clock      ; 7.065  ; 7.071  ; Rise       ; clock           ;
;  sum[17]  ; clock      ; 8.681  ; 8.636  ; Rise       ; clock           ;
;  sum[18]  ; clock      ; 7.077  ; 7.085  ; Rise       ; clock           ;
;  sum[19]  ; clock      ; 6.653  ; 6.665  ; Rise       ; clock           ;
;  sum[20]  ; clock      ; 7.297  ; 7.301  ; Rise       ; clock           ;
;  sum[21]  ; clock      ; 7.298  ; 7.300  ; Rise       ; clock           ;
;  sum[22]  ; clock      ; 6.946  ; 6.959  ; Rise       ; clock           ;
;  sum[23]  ; clock      ; 7.014  ; 7.006  ; Rise       ; clock           ;
;  sum[24]  ; clock      ; 7.206  ; 7.197  ; Rise       ; clock           ;
;  sum[25]  ; clock      ; 7.252  ; 7.242  ; Rise       ; clock           ;
;  sum[26]  ; clock      ; 7.253  ; 7.240  ; Rise       ; clock           ;
;  sum[27]  ; clock      ; 8.774  ; 8.861  ; Rise       ; clock           ;
;  sum[28]  ; clock      ; 8.889  ; 8.933  ; Rise       ; clock           ;
;  sum[29]  ; clock      ; 7.527  ; 7.502  ; Rise       ; clock           ;
;  sum[30]  ; clock      ; 7.915  ; 7.929  ; Rise       ; clock           ;
;  sum[31]  ; clock      ; 7.699  ; 7.640  ; Rise       ; clock           ;
;  sum[32]  ; clock      ; 7.204  ; 7.196  ; Rise       ; clock           ;
;  sum[33]  ; clock      ; 11.656 ; 11.544 ; Rise       ; clock           ;
;  sum[34]  ; clock      ; 7.535  ; 7.568  ; Rise       ; clock           ;
;  sum[35]  ; clock      ; 7.711  ; 7.692  ; Rise       ; clock           ;
;  sum[36]  ; clock      ; 7.670  ; 7.647  ; Rise       ; clock           ;
;  sum[37]  ; clock      ; 7.752  ; 7.766  ; Rise       ; clock           ;
;  sum[38]  ; clock      ; 7.815  ; 7.828  ; Rise       ; clock           ;
;  sum[39]  ; clock      ; 7.494  ; 7.463  ; Rise       ; clock           ;
;  sum[40]  ; clock      ; 8.632  ; 8.611  ; Rise       ; clock           ;
;  sum[41]  ; clock      ; 10.826 ; 10.524 ; Rise       ; clock           ;
;  sum[42]  ; clock      ; 8.545  ; 8.561  ; Rise       ; clock           ;
;  sum[43]  ; clock      ; 7.422  ; 7.333  ; Rise       ; clock           ;
;  sum[44]  ; clock      ; 6.840  ; 6.803  ; Rise       ; clock           ;
;  sum[45]  ; clock      ; 7.030  ; 6.970  ; Rise       ; clock           ;
;  sum[46]  ; clock      ; 7.013  ; 6.949  ; Rise       ; clock           ;
;  sum[47]  ; clock      ; 6.792  ; 6.751  ; Rise       ; clock           ;
;  sum[48]  ; clock      ; 12.601 ; 12.541 ; Rise       ; clock           ;
;  sum[49]  ; clock      ; 12.295 ; 12.202 ; Rise       ; clock           ;
;  sum[50]  ; clock      ; 7.466  ; 7.445  ; Rise       ; clock           ;
;  sum[51]  ; clock      ; 7.140  ; 7.091  ; Rise       ; clock           ;
;  sum[52]  ; clock      ; 12.145 ; 12.012 ; Rise       ; clock           ;
;  sum[53]  ; clock      ; 7.031  ; 6.974  ; Rise       ; clock           ;
;  sum[54]  ; clock      ; 7.032  ; 6.965  ; Rise       ; clock           ;
;  sum[55]  ; clock      ; 7.331  ; 7.242  ; Rise       ; clock           ;
;  sum[56]  ; clock      ; 6.767  ; 6.730  ; Rise       ; clock           ;
;  sum[57]  ; clock      ; 7.138  ; 7.090  ; Rise       ; clock           ;
;  sum[58]  ; clock      ; 7.111  ; 7.066  ; Rise       ; clock           ;
;  sum[59]  ; clock      ; 7.096  ; 7.055  ; Rise       ; clock           ;
;  sum[60]  ; clock      ; 6.792  ; 6.751  ; Rise       ; clock           ;
;  sum[61]  ; clock      ; 6.770  ; 6.734  ; Rise       ; clock           ;
;  sum[62]  ; clock      ; 7.273  ; 7.197  ; Rise       ; clock           ;
;  sum[63]  ; clock      ; 7.045  ; 6.986  ; Rise       ; clock           ;
+-----------+------------+--------+--------+------------+-----------------+


+-------------------------------------------------------------------------+
; Minimum Clock to Output Times                                           ;
+-----------+------------+--------+--------+------------+-----------------+
; Data Port ; Clock Port ; Rise   ; Fall   ; Clock Edge ; Clock Reference ;
+-----------+------------+--------+--------+------------+-----------------+
; overflow  ; clock      ; 7.026  ; 6.956  ; Rise       ; clock           ;
; sum[*]    ; clock      ; 6.361  ; 6.371  ; Rise       ; clock           ;
;  sum[0]   ; clock      ; 6.361  ; 6.371  ; Rise       ; clock           ;
;  sum[1]   ; clock      ; 6.414  ; 6.424  ; Rise       ; clock           ;
;  sum[2]   ; clock      ; 6.630  ; 6.636  ; Rise       ; clock           ;
;  sum[3]   ; clock      ; 8.646  ; 8.758  ; Rise       ; clock           ;
;  sum[4]   ; clock      ; 6.413  ; 6.422  ; Rise       ; clock           ;
;  sum[5]   ; clock      ; 6.746  ; 6.740  ; Rise       ; clock           ;
;  sum[6]   ; clock      ; 6.756  ; 6.765  ; Rise       ; clock           ;
;  sum[7]   ; clock      ; 7.247  ; 7.269  ; Rise       ; clock           ;
;  sum[8]   ; clock      ; 6.924  ; 6.917  ; Rise       ; clock           ;
;  sum[9]   ; clock      ; 6.897  ; 6.888  ; Rise       ; clock           ;
;  sum[10]  ; clock      ; 8.736  ; 8.824  ; Rise       ; clock           ;
;  sum[11]  ; clock      ; 10.073 ; 9.973  ; Rise       ; clock           ;
;  sum[12]  ; clock      ; 8.860  ; 8.890  ; Rise       ; clock           ;
;  sum[13]  ; clock      ; 6.879  ; 6.874  ; Rise       ; clock           ;
;  sum[14]  ; clock      ; 10.634 ; 10.494 ; Rise       ; clock           ;
;  sum[15]  ; clock      ; 6.607  ; 6.605  ; Rise       ; clock           ;
;  sum[16]  ; clock      ; 6.827  ; 6.832  ; Rise       ; clock           ;
;  sum[17]  ; clock      ; 8.379  ; 8.334  ; Rise       ; clock           ;
;  sum[18]  ; clock      ; 6.839  ; 6.846  ; Rise       ; clock           ;
;  sum[19]  ; clock      ; 6.432  ; 6.443  ; Rise       ; clock           ;
;  sum[20]  ; clock      ; 7.051  ; 7.054  ; Rise       ; clock           ;
;  sum[21]  ; clock      ; 7.053  ; 7.054  ; Rise       ; clock           ;
;  sum[22]  ; clock      ; 6.713  ; 6.724  ; Rise       ; clock           ;
;  sum[23]  ; clock      ; 6.780  ; 6.772  ; Rise       ; clock           ;
;  sum[24]  ; clock      ; 6.964  ; 6.954  ; Rise       ; clock           ;
;  sum[25]  ; clock      ; 7.008  ; 6.997  ; Rise       ; clock           ;
;  sum[26]  ; clock      ; 7.009  ; 6.995  ; Rise       ; clock           ;
;  sum[27]  ; clock      ; 8.518  ; 8.604  ; Rise       ; clock           ;
;  sum[28]  ; clock      ; 8.634  ; 8.678  ; Rise       ; clock           ;
;  sum[29]  ; clock      ; 7.275  ; 7.249  ; Rise       ; clock           ;
;  sum[30]  ; clock      ; 7.645  ; 7.656  ; Rise       ; clock           ;
;  sum[31]  ; clock      ; 7.440  ; 7.381  ; Rise       ; clock           ;
;  sum[32]  ; clock      ; 6.964  ; 6.955  ; Rise       ; clock           ;
;  sum[33]  ; clock      ; 11.237 ; 11.128 ; Rise       ; clock           ;
;  sum[34]  ; clock      ; 7.279  ; 7.310  ; Rise       ; clock           ;
;  sum[35]  ; clock      ; 7.448  ; 7.429  ; Rise       ; clock           ;
;  sum[36]  ; clock      ; 7.409  ; 7.386  ; Rise       ; clock           ;
;  sum[37]  ; clock      ; 7.488  ; 7.500  ; Rise       ; clock           ;
;  sum[38]  ; clock      ; 7.552  ; 7.562  ; Rise       ; clock           ;
;  sum[39]  ; clock      ; 7.240  ; 7.209  ; Rise       ; clock           ;
;  sum[40]  ; clock      ; 8.335  ; 8.313  ; Rise       ; clock           ;
;  sum[41]  ; clock      ; 10.434 ; 10.143 ; Rise       ; clock           ;
;  sum[42]  ; clock      ; 8.248  ; 8.263  ; Rise       ; clock           ;
;  sum[43]  ; clock      ; 7.173  ; 7.086  ; Rise       ; clock           ;
;  sum[44]  ; clock      ; 6.615  ; 6.578  ; Rise       ; clock           ;
;  sum[45]  ; clock      ; 6.795  ; 6.735  ; Rise       ; clock           ;
;  sum[46]  ; clock      ; 6.779  ; 6.715  ; Rise       ; clock           ;
;  sum[47]  ; clock      ; 6.566  ; 6.525  ; Rise       ; clock           ;
;  sum[48]  ; clock      ; 12.144 ; 12.085 ; Rise       ; clock           ;
;  sum[49]  ; clock      ; 11.850 ; 11.759 ; Rise       ; clock           ;
;  sum[50]  ; clock      ; 7.217  ; 7.195  ; Rise       ; clock           ;
;  sum[51]  ; clock      ; 6.903  ; 6.855  ; Rise       ; clock           ;
;  sum[52]  ; clock      ; 11.705 ; 11.575 ; Rise       ; clock           ;
;  sum[53]  ; clock      ; 6.796  ; 6.740  ; Rise       ; clock           ;
;  sum[54]  ; clock      ; 6.797  ; 6.731  ; Rise       ; clock           ;
;  sum[55]  ; clock      ; 7.085  ; 6.997  ; Rise       ; clock           ;
;  sum[56]  ; clock      ; 6.543  ; 6.505  ; Rise       ; clock           ;
;  sum[57]  ; clock      ; 6.900  ; 6.852  ; Rise       ; clock           ;
;  sum[58]  ; clock      ; 6.874  ; 6.829  ; Rise       ; clock           ;
;  sum[59]  ; clock      ; 6.860  ; 6.819  ; Rise       ; clock           ;
;  sum[60]  ; clock      ; 6.569  ; 6.527  ; Rise       ; clock           ;
;  sum[61]  ; clock      ; 6.547  ; 6.511  ; Rise       ; clock           ;
;  sum[62]  ; clock      ; 7.029  ; 6.955  ; Rise       ; clock           ;
;  sum[63]  ; clock      ; 6.811  ; 6.753  ; Rise       ; clock           ;
+-----------+------------+--------+--------+------------+-----------------+


----------------------------------------------
; Slow 1200mV 85C Model Metastability Report ;
----------------------------------------------
No synchronizer chains to report.


+-----------------------------------------------------------------------------------------------------------+
; Slow 1200mV 0C Model Fmax Summary                                                                         ;
+------------+-----------------+------------+---------------------------------------------------------------+
; Fmax       ; Restricted Fmax ; Clock Name ; Note                                                          ;
+------------+-----------------+------------+---------------------------------------------------------------+
; 265.25 MHz ; 250.0 MHz       ; clock      ; limit due to minimum period restriction (max I/O toggle rate) ;
+------------+-----------------+------------+---------------------------------------------------------------+
This panel reports FMAX for every clock in the design, regardless of the user-specified clock periods.  FMAX is only computed for paths where the source and destination registers or ports are driven by the same clock.  Paths of different clocks, including generated clocks, are ignored.  For paths between a clock and its inversion, FMAX is computed as if the rising and falling edges are scaled along with FMAX, such that the duty cycle (in terms of a percentage) is maintained. Altera recommends that you always use clock constraints and other slack reports for sign-off analysis.


+------------------------------------+
; Slow 1200mV 0C Model Setup Summary ;
+-------+--------+-------------------+
; Clock ; Slack  ; End Point TNS     ;
+-------+--------+-------------------+
; clock ; -2.770 ; -75.595           ;
+-------+--------+-------------------+


+-----------------------------------+
; Slow 1200mV 0C Model Hold Summary ;
+-------+-------+-------------------+
; Clock ; Slack ; End Point TNS     ;
+-------+-------+-------------------+
; clock ; 0.377 ; 0.000             ;
+-------+-------+-------------------+


-----------------------------------------
; Slow 1200mV 0C Model Recovery Summary ;
-----------------------------------------
No paths to report.


----------------------------------------
; Slow 1200mV 0C Model Removal Summary ;
----------------------------------------
No paths to report.


+--------------------------------------------------+
; Slow 1200mV 0C Model Minimum Pulse Width Summary ;
+-------+--------+---------------------------------+
; Clock ; Slack  ; End Point TNS                   ;
+-------+--------+---------------------------------+
; clock ; -3.000 ; -105.800                        ;
+-------+--------+---------------------------------+


+--------------------------------------------------------------------------------------------------------------------------------------------------------------------------------------------+
; Slow 1200mV 0C Model Setup: 'clock'                                                                                                                                                        ;
+--------+------------------------------------------------------+------------------------------------------------------+--------------+-------------+--------------+------------+------------+
; Slack  ; From Node                                            ; To Node                                              ; Launch Clock ; Latch Clock ; Relationship ; Clock Skew ; Data Delay ;
+--------+------------------------------------------------------+------------------------------------------------------+--------------+-------------+--------------+------------+------------+
; -2.770 ; lab2_3:inst|lab2_LookaheadCarry:b2v_inst7|carry_out  ; lab2_3:inst|lab2_LookaheadCarry:b2v_inst8|carry_out  ; clock        ; clock       ; 1.000        ; -0.154     ; 3.615      ;
; -2.767 ; lab2_3:inst|lab2_LookaheadCarry:b2v_inst7|carry_out  ; lab2_3:inst|lab2_LookaheadCarry:b2v_inst8|sum[3]     ; clock        ; clock       ; 1.000        ; -0.156     ; 3.610      ;
; -2.560 ; lab2_3:inst|lab2_LookaheadCarry:b2v_inst7|carry_out  ; lab2_3:inst|lab2_LookaheadCarry:b2v_inst8|sum[2]     ; clock        ; clock       ; 1.000        ; -0.156     ; 3.403      ;
; -2.296 ; lab2_3:inst|lab2_LookaheadCarry:b2v_inst|carry_out   ; lab2_3:inst|lab2_LookaheadCarry:b2v_inst2|carry_out  ; clock        ; clock       ; 1.000        ; -0.075     ; 3.220      ;
; -2.234 ; lab2_3:inst|lab2_LookaheadCarry:b2v_inst7|carry_out  ; lab2_3:inst|lab2_LookaheadCarry:b2v_inst8|sum[1]     ; clock        ; clock       ; 1.000        ; -0.156     ; 3.077      ;
; -2.232 ; lab2_3:inst|lab2_LookaheadCarry:b2v_inst7|carry_out  ; lab2_3:inst|lab2_LookaheadCarry:b2v_inst8|sum[0]     ; clock        ; clock       ; 1.000        ; -0.156     ; 3.075      ;
; -2.000 ; lab2_3:inst1|lab2_LookaheadCarry:b2v_inst5|carry_out ; lab2_3:inst1|lab2_LookaheadCarry:b2v_inst6|carry_out ; clock        ; clock       ; 1.000        ; -0.100     ; 2.899      ;
; -1.711 ; lab2_3:inst1|lab2_LookaheadCarry:b2v_inst2|carry_out ; lab2_3:inst1|lab2_LookaheadCarry:b2v_inst3|carry_out ; clock        ; clock       ; 1.000        ; -0.013     ; 2.697      ;
; -1.562 ; lab2_3:inst|lab2_LookaheadCarry:b2v_inst5|carry_out  ; lab2_3:inst|lab2_LookaheadCarry:b2v_inst6|carry_out  ; clock        ; clock       ; 1.000        ; -0.089     ; 2.472      ;
; -1.520 ; lab2_3:inst1|lab2_LookaheadCarry:b2v_inst2|carry_out ; lab2_3:inst1|lab2_LookaheadCarry:b2v_inst3|sum[2]    ; clock        ; clock       ; 1.000        ; -0.012     ; 2.507      ;
; -1.494 ; lab2_3:inst1|lab2_LookaheadCarry:b2v_inst5|carry_out ; lab2_3:inst1|lab2_LookaheadCarry:b2v_inst6|sum[3]    ; clock        ; clock       ; 1.000        ; -0.094     ; 2.399      ;
; -1.427 ; lab2_3:inst1|lab2_LookaheadCarry:b2v_inst2|carry_out ; lab2_3:inst1|lab2_LookaheadCarry:b2v_inst3|sum[3]    ; clock        ; clock       ; 1.000        ; -0.012     ; 2.414      ;
; -1.377 ; lab2_3:inst1|lab2_LookaheadCarry:b2v_inst7|carry_out ; lab2_3:inst1|lab2_LookaheadCarry:b2v_inst8|carry_out ; clock        ; clock       ; 1.000        ; -0.086     ; 2.290      ;
; -1.333 ; lab2_3:inst|lab2_LookaheadCarry:b2v_inst|carry_out   ; lab2_3:inst|lab2_LookaheadCarry:b2v_inst2|sum[3]     ; clock        ; clock       ; 1.000        ; -0.008     ; 2.324      ;
; -1.332 ; lab2_3:inst1|lab2_LookaheadCarry:b2v_inst7|carry_out ; lab2_3:inst1|lab2_LookaheadCarry:b2v_inst8|sum[2]    ; clock        ; clock       ; 1.000        ; -0.086     ; 2.245      ;
; -1.321 ; lab2_3:inst1|lab2_LookaheadCarry:b2v_inst5|carry_out ; lab2_3:inst1|lab2_LookaheadCarry:b2v_inst6|sum[2]    ; clock        ; clock       ; 1.000        ; -0.094     ; 2.226      ;
; -1.294 ; lab2_3:inst|lab2_LookaheadCarry:b2v_inst2|carry_out  ; lab2_3:inst|lab2_LookaheadCarry:b2v_inst3|sum[3]     ; clock        ; clock       ; 1.000        ; -0.071     ; 2.222      ;
; -1.283 ; lab2_3:inst|lab2_LookaheadCarry:b2v_inst|carry_out   ; lab2_3:inst|lab2_LookaheadCarry:b2v_inst2|sum[2]     ; clock        ; clock       ; 1.000        ; -0.008     ; 2.274      ;
; -1.272 ; lab2_3:inst|lab2_LookaheadCarry:b2v_inst4|carry_out  ; lab2_3:inst|lab2_LookaheadCarry:b2v_inst5|carry_out  ; clock        ; clock       ; 1.000        ; -0.044     ; 2.227      ;
; -1.271 ; lab2_3:inst|lab2_LookaheadCarry:b2v_inst4|carry_out  ; lab2_3:inst|lab2_LookaheadCarry:b2v_inst5|sum[3]     ; clock        ; clock       ; 1.000        ; -0.044     ; 2.226      ;
; -1.266 ; lab2_3:inst1|lab2_LookaheadCarry:b2v_inst4|carry_out ; lab2_3:inst1|lab2_LookaheadCarry:b2v_inst5|sum[2]    ; clock        ; clock       ; 1.000        ; -0.105     ; 2.160      ;
; -1.253 ; lab2_3:inst1|lab2_LookaheadCarry:b2v_inst4|carry_out ; lab2_3:inst1|lab2_LookaheadCarry:b2v_inst5|carry_out ; clock        ; clock       ; 1.000        ; -0.105     ; 2.147      ;
; -1.252 ; lab2_3:inst1|lab2_LookaheadCarry:b2v_inst4|carry_out ; lab2_3:inst1|lab2_LookaheadCarry:b2v_inst5|sum[3]    ; clock        ; clock       ; 1.000        ; -0.105     ; 2.146      ;
; -1.176 ; lab2_3:inst1|lab2_LookaheadCarry:b2v_inst|carry_out  ; lab2_3:inst1|lab2_LookaheadCarry:b2v_inst2|sum[2]    ; clock        ; clock       ; 1.000        ; -0.064     ; 2.111      ;
; -1.167 ; lab2_3:inst1|lab2_LookaheadCarry:b2v_inst7|carry_out ; lab2_3:inst1|lab2_LookaheadCarry:b2v_inst8|sum[3]    ; clock        ; clock       ; 1.000        ; -0.086     ; 2.080      ;
; -1.164 ; lab2_3:inst|lab2_LookaheadCarry:b2v_inst3|carry_out  ; lab2_3:inst|lab2_LookaheadCarry:b2v_inst4|sum[2]     ; clock        ; clock       ; 1.000        ; -0.088     ; 2.075      ;
; -1.155 ; lab2_3:inst|lab2_LookaheadCarry:b2v_inst2|carry_out  ; lab2_3:inst|lab2_LookaheadCarry:b2v_inst3|carry_out  ; clock        ; clock       ; 1.000        ; -0.071     ; 2.083      ;
; -1.152 ; lab2_3:inst|lab2_LookaheadCarry:b2v_inst5|carry_out  ; lab2_3:inst|lab2_LookaheadCarry:b2v_inst6|sum[2]     ; clock        ; clock       ; 1.000        ; -0.085     ; 2.066      ;
; -1.147 ; lab2_3:inst|lab2_LookaheadCarry:b2v_inst4|carry_out  ; lab2_3:inst|lab2_LookaheadCarry:b2v_inst5|sum[2]     ; clock        ; clock       ; 1.000        ; -0.044     ; 2.102      ;
; -1.086 ; lab2_3:inst|lab2_LookaheadCarry:b2v_inst4|carry_out  ; lab2_3:inst|lab2_LookaheadCarry:b2v_inst5|sum[1]     ; clock        ; clock       ; 1.000        ; -0.044     ; 2.041      ;
; -1.075 ; lab2_3:inst1|lab2_LookaheadCarry:b2v_inst6|carry_out ; lab2_3:inst1|lab2_LookaheadCarry:b2v_inst7|carry_out ; clock        ; clock       ; 1.000        ; -0.073     ; 2.001      ;
; -1.073 ; lab2_3:inst1|lab2_LookaheadCarry:b2v_inst2|carry_out ; lab2_3:inst1|lab2_LookaheadCarry:b2v_inst3|sum[0]    ; clock        ; clock       ; 1.000        ; -0.012     ; 2.060      ;
; -1.072 ; lab2_3:inst1|lab2_LookaheadCarry:b2v_inst|carry_out  ; lab2_3:inst1|lab2_LookaheadCarry:b2v_inst2|carry_out ; clock        ; clock       ; 1.000        ; -0.070     ; 2.001      ;
; -1.068 ; lab2_3:inst1|lab2_LookaheadCarry:b2v_inst2|carry_out ; lab2_3:inst1|lab2_LookaheadCarry:b2v_inst3|sum[1]    ; clock        ; clock       ; 1.000        ; -0.012     ; 2.055      ;
; -1.059 ; lab2_3:inst1|lab2_LookaheadCarry:b2v_inst6|carry_out ; lab2_3:inst1|lab2_LookaheadCarry:b2v_inst7|sum[3]    ; clock        ; clock       ; 1.000        ; -0.073     ; 1.985      ;
; -1.038 ; lab2_3:inst|lab2_LookaheadCarry:b2v_inst5|carry_out  ; lab2_3:inst|lab2_LookaheadCarry:b2v_inst6|sum[3]     ; clock        ; clock       ; 1.000        ; -0.085     ; 1.952      ;
; -1.034 ; lab2_3:inst|lab2_LookaheadCarry:b2v_inst8|carry_out  ; lab2_3:inst1|lab2_LookaheadCarry:b2v_inst|sum[3]     ; clock        ; clock       ; 1.000        ; -0.070     ; 1.963      ;
; -0.977 ; lab2_3:inst|lab2_LookaheadCarry:b2v_inst|carry_out   ; lab2_3:inst|lab2_LookaheadCarry:b2v_inst2|sum[0]     ; clock        ; clock       ; 1.000        ; -0.008     ; 1.968      ;
; -0.948 ; lab2_3:inst|lab2_LookaheadCarry:b2v_inst|carry_out   ; lab2_3:inst|lab2_LookaheadCarry:b2v_inst2|sum[1]     ; clock        ; clock       ; 1.000        ; -0.008     ; 1.939      ;
; -0.948 ; lab2_3:inst|lab2_LookaheadCarry:b2v_inst3|carry_out  ; lab2_3:inst|lab2_LookaheadCarry:b2v_inst4|carry_out  ; clock        ; clock       ; 1.000        ; -0.071     ; 1.876      ;
; -0.921 ; lab2_3:inst|lab2_LookaheadCarry:b2v_inst6|carry_out  ; lab2_3:inst|lab2_LookaheadCarry:b2v_inst7|sum[3]     ; clock        ; clock       ; 1.000        ; -0.073     ; 1.847      ;
; -0.915 ; lab2_3:inst1|lab2_LookaheadCarry:b2v_inst|carry_out  ; lab2_3:inst1|lab2_LookaheadCarry:b2v_inst2|sum[3]    ; clock        ; clock       ; 1.000        ; -0.070     ; 1.844      ;
; -0.898 ; lab2_3:inst1|lab2_LookaheadCarry:b2v_inst3|carry_out ; lab2_3:inst1|lab2_LookaheadCarry:b2v_inst4|carry_out ; clock        ; clock       ; 1.000        ; -0.074     ; 1.823      ;
; -0.895 ; lab2_3:inst1|lab2_LookaheadCarry:b2v_inst3|carry_out ; lab2_3:inst1|lab2_LookaheadCarry:b2v_inst4|sum[3]    ; clock        ; clock       ; 1.000        ; -0.074     ; 1.820      ;
; -0.871 ; lab2_3:inst1|lab2_LookaheadCarry:b2v_inst5|carry_out ; lab2_3:inst1|lab2_LookaheadCarry:b2v_inst6|sum[0]    ; clock        ; clock       ; 1.000        ; -0.094     ; 1.776      ;
; -0.870 ; lab2_3:inst1|lab2_LookaheadCarry:b2v_inst5|carry_out ; lab2_3:inst1|lab2_LookaheadCarry:b2v_inst6|sum[1]    ; clock        ; clock       ; 1.000        ; -0.094     ; 1.775      ;
; -0.834 ; lab2_3:inst1|lab2_LookaheadCarry:b2v_inst4|carry_out ; lab2_3:inst1|lab2_LookaheadCarry:b2v_inst5|sum[0]    ; clock        ; clock       ; 1.000        ; -0.105     ; 1.728      ;
; -0.833 ; lab2_3:inst|lab2_LookaheadCarry:b2v_inst6|carry_out  ; lab2_3:inst|lab2_LookaheadCarry:b2v_inst7|carry_out  ; clock        ; clock       ; 1.000        ; -0.073     ; 1.759      ;
; -0.832 ; lab2_3:inst1|lab2_LookaheadCarry:b2v_inst7|carry_out ; lab2_3:inst1|lab2_LookaheadCarry:b2v_inst8|sum[0]    ; clock        ; clock       ; 1.000        ; -0.086     ; 1.745      ;
; -0.831 ; lab2_3:inst1|lab2_LookaheadCarry:b2v_inst7|carry_out ; lab2_3:inst1|lab2_LookaheadCarry:b2v_inst8|sum[1]    ; clock        ; clock       ; 1.000        ; -0.086     ; 1.744      ;
; -0.814 ; lab2_3:inst|lab2_LookaheadCarry:b2v_inst4|carry_out  ; lab2_3:inst|lab2_LookaheadCarry:b2v_inst5|sum[0]     ; clock        ; clock       ; 1.000        ; -0.044     ; 1.769      ;
; -0.764 ; lab2_3:inst|lab2_LookaheadCarry:b2v_inst2|carry_out  ; lab2_3:inst|lab2_LookaheadCarry:b2v_inst3|sum[2]     ; clock        ; clock       ; 1.000        ; -0.075     ; 1.688      ;
; -0.744 ; lab2_3:inst|lab2_LookaheadCarry:b2v_inst3|carry_out  ; lab2_3:inst|lab2_LookaheadCarry:b2v_inst4|sum[3]     ; clock        ; clock       ; 1.000        ; -0.071     ; 1.672      ;
; -0.728 ; lab2_3:inst|lab2_LookaheadCarry:b2v_inst8|carry_out  ; lab2_3:inst1|lab2_LookaheadCarry:b2v_inst|carry_out  ; clock        ; clock       ; 1.000        ; -0.070     ; 1.657      ;
; -0.687 ; lab2_3:inst|lab2_LookaheadCarry:b2v_inst5|carry_out  ; lab2_3:inst|lab2_LookaheadCarry:b2v_inst6|sum[1]     ; clock        ; clock       ; 1.000        ; -0.085     ; 1.601      ;
; -0.687 ; lab2_3:inst|lab2_LookaheadCarry:b2v_inst5|carry_out  ; lab2_3:inst|lab2_LookaheadCarry:b2v_inst6|sum[0]     ; clock        ; clock       ; 1.000        ; -0.085     ; 1.601      ;
; -0.587 ; lab2_3:inst|lab2_LookaheadCarry:b2v_inst3|carry_out  ; lab2_3:inst|lab2_LookaheadCarry:b2v_inst4|sum[0]     ; clock        ; clock       ; 1.000        ; -0.088     ; 1.498      ;
; -0.586 ; lab2_3:inst|lab2_LookaheadCarry:b2v_inst3|carry_out  ; lab2_3:inst|lab2_LookaheadCarry:b2v_inst4|sum[1]     ; clock        ; clock       ; 1.000        ; -0.088     ; 1.497      ;
; -0.585 ; lab2_3:inst|lab2_LookaheadCarry:b2v_inst8|carry_out  ; lab2_3:inst1|lab2_LookaheadCarry:b2v_inst|sum[2]     ; clock        ; clock       ; 1.000        ; -0.068     ; 1.516      ;
; -0.522 ; lab2_3:inst1|lab2_LookaheadCarry:b2v_inst4|carry_out ; lab2_3:inst1|lab2_LookaheadCarry:b2v_inst5|sum[1]    ; clock        ; clock       ; 1.000        ; -0.105     ; 1.416      ;
; -0.445 ; lab2_3:inst|lab2_LookaheadCarry:b2v_inst2|carry_out  ; lab2_3:inst|lab2_LookaheadCarry:b2v_inst3|sum[1]     ; clock        ; clock       ; 1.000        ; -0.075     ; 1.369      ;
; -0.392 ; lab2_3:inst|lab2_LookaheadCarry:b2v_inst6|carry_out  ; lab2_3:inst|lab2_LookaheadCarry:b2v_inst7|sum[2]     ; clock        ; clock       ; 1.000        ; -0.073     ; 1.318      ;
; -0.378 ; lab2_3:inst1|lab2_LookaheadCarry:b2v_inst|carry_out  ; lab2_3:inst1|lab2_LookaheadCarry:b2v_inst2|sum[1]    ; clock        ; clock       ; 1.000        ; -0.064     ; 1.313      ;
; -0.377 ; lab2_3:inst1|lab2_LookaheadCarry:b2v_inst|carry_out  ; lab2_3:inst1|lab2_LookaheadCarry:b2v_inst2|sum[0]    ; clock        ; clock       ; 1.000        ; -0.064     ; 1.312      ;
; -0.369 ; lab2_3:inst1|lab2_LookaheadCarry:b2v_inst3|carry_out ; lab2_3:inst1|lab2_LookaheadCarry:b2v_inst4|sum[2]    ; clock        ; clock       ; 1.000        ; -0.074     ; 1.294      ;
; -0.284 ; lab2_3:inst1|lab2_LookaheadCarry:b2v_inst6|carry_out ; lab2_3:inst1|lab2_LookaheadCarry:b2v_inst7|sum[2]    ; clock        ; clock       ; 1.000        ; -0.073     ; 1.210      ;
; -0.243 ; lab2_3:inst1|lab2_LookaheadCarry:b2v_inst6|carry_out ; lab2_3:inst1|lab2_LookaheadCarry:b2v_inst7|sum[1]    ; clock        ; clock       ; 1.000        ; -0.073     ; 1.169      ;
; -0.172 ; lab2_3:inst|lab2_LookaheadCarry:b2v_inst2|carry_out  ; lab2_3:inst|lab2_LookaheadCarry:b2v_inst3|sum[0]     ; clock        ; clock       ; 1.000        ; -0.075     ; 1.096      ;
; -0.122 ; lab2_3:inst|lab2_LookaheadCarry:b2v_inst8|carry_out  ; lab2_3:inst1|lab2_LookaheadCarry:b2v_inst|sum[1]     ; clock        ; clock       ; 1.000        ; -0.068     ; 1.053      ;
; -0.122 ; lab2_3:inst|lab2_LookaheadCarry:b2v_inst8|carry_out  ; lab2_3:inst1|lab2_LookaheadCarry:b2v_inst|sum[0]     ; clock        ; clock       ; 1.000        ; -0.068     ; 1.053      ;
; -0.121 ; lab2_3:inst|lab2_LookaheadCarry:b2v_inst6|carry_out  ; lab2_3:inst|lab2_LookaheadCarry:b2v_inst7|sum[1]     ; clock        ; clock       ; 1.000        ; -0.073     ; 1.047      ;
; 0.165  ; lab2_3:inst1|lab2_LookaheadCarry:b2v_inst6|carry_out ; lab2_3:inst1|lab2_LookaheadCarry:b2v_inst7|sum[0]    ; clock        ; clock       ; 1.000        ; -0.073     ; 0.761      ;
; 0.171  ; lab2_3:inst1|lab2_LookaheadCarry:b2v_inst3|carry_out ; lab2_3:inst1|lab2_LookaheadCarry:b2v_inst4|sum[1]    ; clock        ; clock       ; 1.000        ; -0.074     ; 0.754      ;
; 0.173  ; lab2_3:inst|lab2_LookaheadCarry:b2v_inst6|carry_out  ; lab2_3:inst|lab2_LookaheadCarry:b2v_inst7|sum[0]     ; clock        ; clock       ; 1.000        ; -0.073     ; 0.753      ;
; 0.174  ; lab2_3:inst1|lab2_LookaheadCarry:b2v_inst3|carry_out ; lab2_3:inst1|lab2_LookaheadCarry:b2v_inst4|sum[0]    ; clock        ; clock       ; 1.000        ; -0.074     ; 0.751      ;
+--------+------------------------------------------------------+------------------------------------------------------+--------------+-------------+--------------+------------+------------+


+-------------------------------------------------------------------------------------------------------------------------------------------------------------------------------------------+
; Slow 1200mV 0C Model Hold: 'clock'                                                                                                                                                        ;
+-------+------------------------------------------------------+------------------------------------------------------+--------------+-------------+--------------+------------+------------+
; Slack ; From Node                                            ; To Node                                              ; Launch Clock ; Latch Clock ; Relationship ; Clock Skew ; Data Delay ;
+-------+------------------------------------------------------+------------------------------------------------------+--------------+-------------+--------------+------------+------------+
; 0.377 ; lab2_3:inst1|lab2_LookaheadCarry:b2v_inst3|carry_out ; lab2_3:inst1|lab2_LookaheadCarry:b2v_inst4|sum[0]    ; clock        ; clock       ; 0.000        ; 0.074      ; 0.642      ;
; 0.378 ; lab2_3:inst|lab2_LookaheadCarry:b2v_inst6|carry_out  ; lab2_3:inst|lab2_LookaheadCarry:b2v_inst7|sum[0]     ; clock        ; clock       ; 0.000        ; 0.073      ; 0.642      ;
; 0.379 ; lab2_3:inst1|lab2_LookaheadCarry:b2v_inst3|carry_out ; lab2_3:inst1|lab2_LookaheadCarry:b2v_inst4|sum[1]    ; clock        ; clock       ; 0.000        ; 0.074      ; 0.644      ;
; 0.389 ; lab2_3:inst1|lab2_LookaheadCarry:b2v_inst6|carry_out ; lab2_3:inst1|lab2_LookaheadCarry:b2v_inst7|sum[0]    ; clock        ; clock       ; 0.000        ; 0.073      ; 0.653      ;
; 0.609 ; lab2_3:inst|lab2_LookaheadCarry:b2v_inst6|carry_out  ; lab2_3:inst|lab2_LookaheadCarry:b2v_inst7|sum[1]     ; clock        ; clock       ; 0.000        ; 0.073      ; 0.873      ;
; 0.701 ; lab2_3:inst|lab2_LookaheadCarry:b2v_inst8|carry_out  ; lab2_3:inst1|lab2_LookaheadCarry:b2v_inst|sum[1]     ; clock        ; clock       ; 0.000        ; 0.072      ; 0.964      ;
; 0.702 ; lab2_3:inst|lab2_LookaheadCarry:b2v_inst8|carry_out  ; lab2_3:inst1|lab2_LookaheadCarry:b2v_inst|sum[0]     ; clock        ; clock       ; 0.000        ; 0.072      ; 0.965      ;
; 0.748 ; lab2_3:inst|lab2_LookaheadCarry:b2v_inst2|carry_out  ; lab2_3:inst|lab2_LookaheadCarry:b2v_inst3|sum[0]     ; clock        ; clock       ; 0.000        ; 0.067      ; 1.006      ;
; 0.765 ; lab2_3:inst1|lab2_LookaheadCarry:b2v_inst6|carry_out ; lab2_3:inst1|lab2_LookaheadCarry:b2v_inst7|sum[1]    ; clock        ; clock       ; 0.000        ; 0.073      ; 1.029      ;
; 0.870 ; lab2_3:inst1|lab2_LookaheadCarry:b2v_inst6|carry_out ; lab2_3:inst1|lab2_LookaheadCarry:b2v_inst7|sum[2]    ; clock        ; clock       ; 0.000        ; 0.073      ; 1.134      ;
; 0.921 ; lab2_3:inst1|lab2_LookaheadCarry:b2v_inst3|carry_out ; lab2_3:inst1|lab2_LookaheadCarry:b2v_inst4|sum[2]    ; clock        ; clock       ; 0.000        ; 0.074      ; 1.186      ;
; 0.923 ; lab2_3:inst|lab2_LookaheadCarry:b2v_inst6|carry_out  ; lab2_3:inst|lab2_LookaheadCarry:b2v_inst7|sum[2]     ; clock        ; clock       ; 0.000        ; 0.073      ; 1.187      ;
; 0.963 ; lab2_3:inst1|lab2_LookaheadCarry:b2v_inst|carry_out  ; lab2_3:inst1|lab2_LookaheadCarry:b2v_inst2|sum[1]    ; clock        ; clock       ; 0.000        ; 0.076      ; 1.230      ;
; 0.963 ; lab2_3:inst1|lab2_LookaheadCarry:b2v_inst|carry_out  ; lab2_3:inst1|lab2_LookaheadCarry:b2v_inst2|sum[0]    ; clock        ; clock       ; 0.000        ; 0.076      ; 1.230      ;
; 0.976 ; lab2_3:inst|lab2_LookaheadCarry:b2v_inst2|carry_out  ; lab2_3:inst|lab2_LookaheadCarry:b2v_inst3|sum[1]     ; clock        ; clock       ; 0.000        ; 0.067      ; 1.234      ;
; 1.035 ; lab2_3:inst1|lab2_LookaheadCarry:b2v_inst4|carry_out ; lab2_3:inst1|lab2_LookaheadCarry:b2v_inst5|sum[1]    ; clock        ; clock       ; 0.000        ; 0.083      ; 1.309      ;
; 1.089 ; lab2_3:inst|lab2_LookaheadCarry:b2v_inst3|carry_out  ; lab2_3:inst|lab2_LookaheadCarry:b2v_inst4|sum[0]     ; clock        ; clock       ; 0.000        ; 0.053      ; 1.333      ;
; 1.099 ; lab2_3:inst|lab2_LookaheadCarry:b2v_inst3|carry_out  ; lab2_3:inst|lab2_LookaheadCarry:b2v_inst4|sum[1]     ; clock        ; clock       ; 0.000        ; 0.053      ; 1.343      ;
; 1.133 ; lab2_3:inst|lab2_LookaheadCarry:b2v_inst8|carry_out  ; lab2_3:inst1|lab2_LookaheadCarry:b2v_inst|sum[2]     ; clock        ; clock       ; 0.000        ; 0.072      ; 1.396      ;
; 1.219 ; lab2_3:inst|lab2_LookaheadCarry:b2v_inst3|carry_out  ; lab2_3:inst|lab2_LookaheadCarry:b2v_inst4|sum[3]     ; clock        ; clock       ; 0.000        ; 0.071      ; 1.481      ;
; 1.255 ; lab2_3:inst|lab2_LookaheadCarry:b2v_inst8|carry_out  ; lab2_3:inst1|lab2_LookaheadCarry:b2v_inst|carry_out  ; clock        ; clock       ; 0.000        ; 0.070      ; 1.516      ;
; 1.256 ; lab2_3:inst|lab2_LookaheadCarry:b2v_inst5|carry_out  ; lab2_3:inst|lab2_LookaheadCarry:b2v_inst6|sum[0]     ; clock        ; clock       ; 0.000        ; 0.060      ; 1.507      ;
; 1.257 ; lab2_3:inst|lab2_LookaheadCarry:b2v_inst5|carry_out  ; lab2_3:inst|lab2_LookaheadCarry:b2v_inst6|sum[1]     ; clock        ; clock       ; 0.000        ; 0.060      ; 1.508      ;
; 1.267 ; lab2_3:inst1|lab2_LookaheadCarry:b2v_inst4|carry_out ; lab2_3:inst1|lab2_LookaheadCarry:b2v_inst5|sum[0]    ; clock        ; clock       ; 0.000        ; 0.083      ; 1.541      ;
; 1.284 ; lab2_3:inst|lab2_LookaheadCarry:b2v_inst2|carry_out  ; lab2_3:inst|lab2_LookaheadCarry:b2v_inst3|sum[2]     ; clock        ; clock       ; 0.000        ; 0.067      ; 1.542      ;
; 1.316 ; lab2_3:inst|lab2_LookaheadCarry:b2v_inst4|carry_out  ; lab2_3:inst|lab2_LookaheadCarry:b2v_inst5|sum[0]     ; clock        ; clock       ; 0.000        ; 0.142      ; 1.649      ;
; 1.320 ; lab2_3:inst1|lab2_LookaheadCarry:b2v_inst3|carry_out ; lab2_3:inst1|lab2_LookaheadCarry:b2v_inst4|sum[3]    ; clock        ; clock       ; 0.000        ; 0.074      ; 1.585      ;
; 1.336 ; lab2_3:inst1|lab2_LookaheadCarry:b2v_inst3|carry_out ; lab2_3:inst1|lab2_LookaheadCarry:b2v_inst4|carry_out ; clock        ; clock       ; 0.000        ; 0.074      ; 1.601      ;
; 1.340 ; lab2_3:inst1|lab2_LookaheadCarry:b2v_inst7|carry_out ; lab2_3:inst1|lab2_LookaheadCarry:b2v_inst8|sum[1]    ; clock        ; clock       ; 0.000        ; 0.059      ; 1.590      ;
; 1.340 ; lab2_3:inst1|lab2_LookaheadCarry:b2v_inst7|carry_out ; lab2_3:inst1|lab2_LookaheadCarry:b2v_inst8|sum[0]    ; clock        ; clock       ; 0.000        ; 0.059      ; 1.590      ;
; 1.353 ; lab2_3:inst1|lab2_LookaheadCarry:b2v_inst|carry_out  ; lab2_3:inst1|lab2_LookaheadCarry:b2v_inst2|sum[3]    ; clock        ; clock       ; 0.000        ; 0.070      ; 1.614      ;
; 1.362 ; lab2_3:inst|lab2_LookaheadCarry:b2v_inst6|carry_out  ; lab2_3:inst|lab2_LookaheadCarry:b2v_inst7|carry_out  ; clock        ; clock       ; 0.000        ; 0.073      ; 1.626      ;
; 1.383 ; lab2_3:inst|lab2_LookaheadCarry:b2v_inst6|carry_out  ; lab2_3:inst|lab2_LookaheadCarry:b2v_inst7|sum[3]     ; clock        ; clock       ; 0.000        ; 0.073      ; 1.647      ;
; 1.386 ; lab2_3:inst1|lab2_LookaheadCarry:b2v_inst5|carry_out ; lab2_3:inst1|lab2_LookaheadCarry:b2v_inst6|sum[1]    ; clock        ; clock       ; 0.000        ; 0.092      ; 1.669      ;
; 1.386 ; lab2_3:inst1|lab2_LookaheadCarry:b2v_inst5|carry_out ; lab2_3:inst1|lab2_LookaheadCarry:b2v_inst6|sum[0]    ; clock        ; clock       ; 0.000        ; 0.092      ; 1.669      ;
; 1.440 ; lab2_3:inst|lab2_LookaheadCarry:b2v_inst3|carry_out  ; lab2_3:inst|lab2_LookaheadCarry:b2v_inst4|carry_out  ; clock        ; clock       ; 0.000        ; 0.071      ; 1.702      ;
; 1.442 ; lab2_3:inst|lab2_LookaheadCarry:b2v_inst|carry_out   ; lab2_3:inst|lab2_LookaheadCarry:b2v_inst2|sum[0]     ; clock        ; clock       ; 0.000        ; 0.135      ; 1.768      ;
; 1.450 ; lab2_3:inst1|lab2_LookaheadCarry:b2v_inst6|carry_out ; lab2_3:inst1|lab2_LookaheadCarry:b2v_inst7|sum[3]    ; clock        ; clock       ; 0.000        ; 0.073      ; 1.714      ;
; 1.457 ; lab2_3:inst|lab2_LookaheadCarry:b2v_inst|carry_out   ; lab2_3:inst|lab2_LookaheadCarry:b2v_inst2|sum[1]     ; clock        ; clock       ; 0.000        ; 0.135      ; 1.783      ;
; 1.477 ; lab2_3:inst1|lab2_LookaheadCarry:b2v_inst6|carry_out ; lab2_3:inst1|lab2_LookaheadCarry:b2v_inst7|carry_out ; clock        ; clock       ; 0.000        ; 0.073      ; 1.741      ;
; 1.481 ; lab2_3:inst|lab2_LookaheadCarry:b2v_inst8|carry_out  ; lab2_3:inst1|lab2_LookaheadCarry:b2v_inst|sum[3]     ; clock        ; clock       ; 0.000        ; 0.070      ; 1.742      ;
; 1.498 ; lab2_3:inst1|lab2_LookaheadCarry:b2v_inst|carry_out  ; lab2_3:inst1|lab2_LookaheadCarry:b2v_inst2|carry_out ; clock        ; clock       ; 0.000        ; 0.070      ; 1.759      ;
; 1.544 ; lab2_3:inst|lab2_LookaheadCarry:b2v_inst4|carry_out  ; lab2_3:inst|lab2_LookaheadCarry:b2v_inst5|sum[1]     ; clock        ; clock       ; 0.000        ; 0.142      ; 1.877      ;
; 1.568 ; lab2_3:inst1|lab2_LookaheadCarry:b2v_inst2|carry_out ; lab2_3:inst1|lab2_LookaheadCarry:b2v_inst3|sum[1]    ; clock        ; clock       ; 0.000        ; 0.173      ; 1.932      ;
; 1.572 ; lab2_3:inst1|lab2_LookaheadCarry:b2v_inst2|carry_out ; lab2_3:inst1|lab2_LookaheadCarry:b2v_inst3|sum[0]    ; clock        ; clock       ; 0.000        ; 0.173      ; 1.936      ;
; 1.597 ; lab2_3:inst|lab2_LookaheadCarry:b2v_inst5|carry_out  ; lab2_3:inst|lab2_LookaheadCarry:b2v_inst6|sum[3]     ; clock        ; clock       ; 0.000        ; 0.060      ; 1.848      ;
; 1.615 ; lab2_3:inst1|lab2_LookaheadCarry:b2v_inst|carry_out  ; lab2_3:inst1|lab2_LookaheadCarry:b2v_inst2|sum[2]    ; clock        ; clock       ; 0.000        ; 0.076      ; 1.882      ;
; 1.617 ; lab2_3:inst|lab2_LookaheadCarry:b2v_inst2|carry_out  ; lab2_3:inst|lab2_LookaheadCarry:b2v_inst3|carry_out  ; clock        ; clock       ; 0.000        ; 0.071      ; 1.879      ;
; 1.621 ; lab2_3:inst|lab2_LookaheadCarry:b2v_inst4|carry_out  ; lab2_3:inst|lab2_LookaheadCarry:b2v_inst5|sum[2]     ; clock        ; clock       ; 0.000        ; 0.142      ; 1.954      ;
; 1.628 ; lab2_3:inst|lab2_LookaheadCarry:b2v_inst3|carry_out  ; lab2_3:inst|lab2_LookaheadCarry:b2v_inst4|sum[2]     ; clock        ; clock       ; 0.000        ; 0.053      ; 1.872      ;
; 1.669 ; lab2_3:inst1|lab2_LookaheadCarry:b2v_inst7|carry_out ; lab2_3:inst1|lab2_LookaheadCarry:b2v_inst8|sum[3]    ; clock        ; clock       ; 0.000        ; 0.059      ; 1.919      ;
; 1.684 ; lab2_3:inst1|lab2_LookaheadCarry:b2v_inst4|carry_out ; lab2_3:inst1|lab2_LookaheadCarry:b2v_inst5|sum[2]    ; clock        ; clock       ; 0.000        ; 0.083      ; 1.958      ;
; 1.689 ; lab2_3:inst1|lab2_LookaheadCarry:b2v_inst4|carry_out ; lab2_3:inst1|lab2_LookaheadCarry:b2v_inst5|sum[3]    ; clock        ; clock       ; 0.000        ; 0.083      ; 1.963      ;
; 1.693 ; lab2_3:inst|lab2_LookaheadCarry:b2v_inst5|carry_out  ; lab2_3:inst|lab2_LookaheadCarry:b2v_inst6|sum[2]     ; clock        ; clock       ; 0.000        ; 0.060      ; 1.944      ;
; 1.707 ; lab2_3:inst1|lab2_LookaheadCarry:b2v_inst4|carry_out ; lab2_3:inst1|lab2_LookaheadCarry:b2v_inst5|carry_out ; clock        ; clock       ; 0.000        ; 0.083      ; 1.981      ;
; 1.712 ; lab2_3:inst|lab2_LookaheadCarry:b2v_inst2|carry_out  ; lab2_3:inst|lab2_LookaheadCarry:b2v_inst3|sum[3]     ; clock        ; clock       ; 0.000        ; 0.071      ; 1.974      ;
; 1.743 ; lab2_3:inst|lab2_LookaheadCarry:b2v_inst|carry_out   ; lab2_3:inst|lab2_LookaheadCarry:b2v_inst2|sum[2]     ; clock        ; clock       ; 0.000        ; 0.135      ; 2.069      ;
; 1.755 ; lab2_3:inst|lab2_LookaheadCarry:b2v_inst4|carry_out  ; lab2_3:inst|lab2_LookaheadCarry:b2v_inst5|sum[3]     ; clock        ; clock       ; 0.000        ; 0.142      ; 2.088      ;
; 1.772 ; lab2_3:inst|lab2_LookaheadCarry:b2v_inst4|carry_out  ; lab2_3:inst|lab2_LookaheadCarry:b2v_inst5|carry_out  ; clock        ; clock       ; 0.000        ; 0.142      ; 2.105      ;
; 1.779 ; lab2_3:inst1|lab2_LookaheadCarry:b2v_inst7|carry_out ; lab2_3:inst1|lab2_LookaheadCarry:b2v_inst8|sum[2]    ; clock        ; clock       ; 0.000        ; 0.059      ; 2.029      ;
; 1.784 ; lab2_3:inst|lab2_LookaheadCarry:b2v_inst|carry_out   ; lab2_3:inst|lab2_LookaheadCarry:b2v_inst2|sum[3]     ; clock        ; clock       ; 0.000        ; 0.135      ; 2.110      ;
; 1.819 ; lab2_3:inst1|lab2_LookaheadCarry:b2v_inst5|carry_out ; lab2_3:inst1|lab2_LookaheadCarry:b2v_inst6|sum[2]    ; clock        ; clock       ; 0.000        ; 0.092      ; 2.102      ;
; 1.876 ; lab2_3:inst1|lab2_LookaheadCarry:b2v_inst7|carry_out ; lab2_3:inst1|lab2_LookaheadCarry:b2v_inst8|carry_out ; clock        ; clock       ; 0.000        ; 0.059      ; 2.126      ;
; 1.897 ; lab2_3:inst1|lab2_LookaheadCarry:b2v_inst2|carry_out ; lab2_3:inst1|lab2_LookaheadCarry:b2v_inst3|sum[3]    ; clock        ; clock       ; 0.000        ; 0.173      ; 2.261      ;
; 1.925 ; lab2_3:inst1|lab2_LookaheadCarry:b2v_inst5|carry_out ; lab2_3:inst1|lab2_LookaheadCarry:b2v_inst6|sum[3]    ; clock        ; clock       ; 0.000        ; 0.092      ; 2.208      ;
; 2.001 ; lab2_3:inst1|lab2_LookaheadCarry:b2v_inst2|carry_out ; lab2_3:inst1|lab2_LookaheadCarry:b2v_inst3|sum[2]    ; clock        ; clock       ; 0.000        ; 0.173      ; 2.365      ;
; 2.048 ; lab2_3:inst|lab2_LookaheadCarry:b2v_inst5|carry_out  ; lab2_3:inst|lab2_LookaheadCarry:b2v_inst6|carry_out  ; clock        ; clock       ; 0.000        ; 0.057      ; 2.296      ;
; 2.161 ; lab2_3:inst1|lab2_LookaheadCarry:b2v_inst2|carry_out ; lab2_3:inst1|lab2_LookaheadCarry:b2v_inst3|carry_out ; clock        ; clock       ; 0.000        ; 0.173      ; 2.525      ;
; 2.376 ; lab2_3:inst1|lab2_LookaheadCarry:b2v_inst5|carry_out ; lab2_3:inst1|lab2_LookaheadCarry:b2v_inst6|carry_out ; clock        ; clock       ; 0.000        ; 0.087      ; 2.654      ;
; 2.672 ; lab2_3:inst|lab2_LookaheadCarry:b2v_inst|carry_out   ; lab2_3:inst|lab2_LookaheadCarry:b2v_inst2|carry_out  ; clock        ; clock       ; 0.000        ; 0.108      ; 2.971      ;
; 2.705 ; lab2_3:inst|lab2_LookaheadCarry:b2v_inst7|carry_out  ; lab2_3:inst|lab2_LookaheadCarry:b2v_inst8|sum[0]     ; clock        ; clock       ; 0.000        ; 0.029      ; 2.925      ;
; 2.707 ; lab2_3:inst|lab2_LookaheadCarry:b2v_inst7|carry_out  ; lab2_3:inst|lab2_LookaheadCarry:b2v_inst8|sum[1]     ; clock        ; clock       ; 0.000        ; 0.029      ; 2.927      ;
; 3.010 ; lab2_3:inst|lab2_LookaheadCarry:b2v_inst7|carry_out  ; lab2_3:inst|lab2_LookaheadCarry:b2v_inst8|sum[2]     ; clock        ; clock       ; 0.000        ; 0.029      ; 3.230      ;
; 3.174 ; lab2_3:inst|lab2_LookaheadCarry:b2v_inst7|carry_out  ; lab2_3:inst|lab2_LookaheadCarry:b2v_inst8|carry_out  ; clock        ; clock       ; 0.000        ; 0.031      ; 3.396      ;
; 3.180 ; lab2_3:inst|lab2_LookaheadCarry:b2v_inst7|carry_out  ; lab2_3:inst|lab2_LookaheadCarry:b2v_inst8|sum[3]     ; clock        ; clock       ; 0.000        ; 0.029      ; 3.400      ;
+-------+------------------------------------------------------+------------------------------------------------------+--------------+-------------+--------------+------------+------------+


+--------------------------------------------------------------------------------------------------------------------------------------+
; Slow 1200mV 0C Model Minimum Pulse Width: 'clock'                                                                                    ;
+--------+--------------+----------------+-----------------+-------+------------+------------------------------------------------------+
; Slack  ; Actual Width ; Required Width ; Type            ; Clock ; Clock Edge ; Target                                               ;
+--------+--------------+----------------+-----------------+-------+------------+------------------------------------------------------+
; -3.000 ; 1.000        ; 4.000          ; Port Rate       ; clock ; Rise       ; clock                                                ;
; -1.285 ; 1.000        ; 2.285          ; Min Period      ; clock ; Rise       ; lab2_3:inst1|lab2_LookaheadCarry:b2v_inst2|carry_out ;
; -1.285 ; 1.000        ; 2.285          ; Min Period      ; clock ; Rise       ; lab2_3:inst1|lab2_LookaheadCarry:b2v_inst2|sum[0]    ;
; -1.285 ; 1.000        ; 2.285          ; Min Period      ; clock ; Rise       ; lab2_3:inst1|lab2_LookaheadCarry:b2v_inst2|sum[1]    ;
; -1.285 ; 1.000        ; 2.285          ; Min Period      ; clock ; Rise       ; lab2_3:inst1|lab2_LookaheadCarry:b2v_inst2|sum[2]    ;
; -1.285 ; 1.000        ; 2.285          ; Min Period      ; clock ; Rise       ; lab2_3:inst1|lab2_LookaheadCarry:b2v_inst2|sum[3]    ;
; -1.285 ; 1.000        ; 2.285          ; Min Period      ; clock ; Rise       ; lab2_3:inst1|lab2_LookaheadCarry:b2v_inst3|carry_out ;
; -1.285 ; 1.000        ; 2.285          ; Min Period      ; clock ; Rise       ; lab2_3:inst1|lab2_LookaheadCarry:b2v_inst3|sum[0]    ;
; -1.285 ; 1.000        ; 2.285          ; Min Period      ; clock ; Rise       ; lab2_3:inst1|lab2_LookaheadCarry:b2v_inst3|sum[1]    ;
; -1.285 ; 1.000        ; 2.285          ; Min Period      ; clock ; Rise       ; lab2_3:inst1|lab2_LookaheadCarry:b2v_inst3|sum[2]    ;
; -1.285 ; 1.000        ; 2.285          ; Min Period      ; clock ; Rise       ; lab2_3:inst1|lab2_LookaheadCarry:b2v_inst3|sum[3]    ;
; -1.285 ; 1.000        ; 2.285          ; Min Period      ; clock ; Rise       ; lab2_3:inst1|lab2_LookaheadCarry:b2v_inst4|carry_out ;
; -1.285 ; 1.000        ; 2.285          ; Min Period      ; clock ; Rise       ; lab2_3:inst1|lab2_LookaheadCarry:b2v_inst4|sum[0]    ;
; -1.285 ; 1.000        ; 2.285          ; Min Period      ; clock ; Rise       ; lab2_3:inst1|lab2_LookaheadCarry:b2v_inst4|sum[1]    ;
; -1.285 ; 1.000        ; 2.285          ; Min Period      ; clock ; Rise       ; lab2_3:inst1|lab2_LookaheadCarry:b2v_inst4|sum[2]    ;
; -1.285 ; 1.000        ; 2.285          ; Min Period      ; clock ; Rise       ; lab2_3:inst1|lab2_LookaheadCarry:b2v_inst4|sum[3]    ;
; -1.285 ; 1.000        ; 2.285          ; Min Period      ; clock ; Rise       ; lab2_3:inst1|lab2_LookaheadCarry:b2v_inst5|carry_out ;
; -1.285 ; 1.000        ; 2.285          ; Min Period      ; clock ; Rise       ; lab2_3:inst1|lab2_LookaheadCarry:b2v_inst5|sum[0]    ;
; -1.285 ; 1.000        ; 2.285          ; Min Period      ; clock ; Rise       ; lab2_3:inst1|lab2_LookaheadCarry:b2v_inst5|sum[1]    ;
; -1.285 ; 1.000        ; 2.285          ; Min Period      ; clock ; Rise       ; lab2_3:inst1|lab2_LookaheadCarry:b2v_inst5|sum[2]    ;
; -1.285 ; 1.000        ; 2.285          ; Min Period      ; clock ; Rise       ; lab2_3:inst1|lab2_LookaheadCarry:b2v_inst5|sum[3]    ;
; -1.285 ; 1.000        ; 2.285          ; Min Period      ; clock ; Rise       ; lab2_3:inst1|lab2_LookaheadCarry:b2v_inst6|carry_out ;
; -1.285 ; 1.000        ; 2.285          ; Min Period      ; clock ; Rise       ; lab2_3:inst1|lab2_LookaheadCarry:b2v_inst6|sum[0]    ;
; -1.285 ; 1.000        ; 2.285          ; Min Period      ; clock ; Rise       ; lab2_3:inst1|lab2_LookaheadCarry:b2v_inst6|sum[1]    ;
; -1.285 ; 1.000        ; 2.285          ; Min Period      ; clock ; Rise       ; lab2_3:inst1|lab2_LookaheadCarry:b2v_inst6|sum[2]    ;
; -1.285 ; 1.000        ; 2.285          ; Min Period      ; clock ; Rise       ; lab2_3:inst1|lab2_LookaheadCarry:b2v_inst6|sum[3]    ;
; -1.285 ; 1.000        ; 2.285          ; Min Period      ; clock ; Rise       ; lab2_3:inst1|lab2_LookaheadCarry:b2v_inst7|carry_out ;
; -1.285 ; 1.000        ; 2.285          ; Min Period      ; clock ; Rise       ; lab2_3:inst1|lab2_LookaheadCarry:b2v_inst7|sum[0]    ;
; -1.285 ; 1.000        ; 2.285          ; Min Period      ; clock ; Rise       ; lab2_3:inst1|lab2_LookaheadCarry:b2v_inst7|sum[1]    ;
; -1.285 ; 1.000        ; 2.285          ; Min Period      ; clock ; Rise       ; lab2_3:inst1|lab2_LookaheadCarry:b2v_inst7|sum[2]    ;
; -1.285 ; 1.000        ; 2.285          ; Min Period      ; clock ; Rise       ; lab2_3:inst1|lab2_LookaheadCarry:b2v_inst7|sum[3]    ;
; -1.285 ; 1.000        ; 2.285          ; Min Period      ; clock ; Rise       ; lab2_3:inst1|lab2_LookaheadCarry:b2v_inst8|carry_out ;
; -1.285 ; 1.000        ; 2.285          ; Min Period      ; clock ; Rise       ; lab2_3:inst1|lab2_LookaheadCarry:b2v_inst8|sum[0]    ;
; -1.285 ; 1.000        ; 2.285          ; Min Period      ; clock ; Rise       ; lab2_3:inst1|lab2_LookaheadCarry:b2v_inst8|sum[1]    ;
; -1.285 ; 1.000        ; 2.285          ; Min Period      ; clock ; Rise       ; lab2_3:inst1|lab2_LookaheadCarry:b2v_inst8|sum[2]    ;
; -1.285 ; 1.000        ; 2.285          ; Min Period      ; clock ; Rise       ; lab2_3:inst1|lab2_LookaheadCarry:b2v_inst8|sum[3]    ;
; -1.285 ; 1.000        ; 2.285          ; Min Period      ; clock ; Rise       ; lab2_3:inst1|lab2_LookaheadCarry:b2v_inst|carry_out  ;
; -1.285 ; 1.000        ; 2.285          ; Min Period      ; clock ; Rise       ; lab2_3:inst1|lab2_LookaheadCarry:b2v_inst|sum[0]     ;
; -1.285 ; 1.000        ; 2.285          ; Min Period      ; clock ; Rise       ; lab2_3:inst1|lab2_LookaheadCarry:b2v_inst|sum[1]     ;
; -1.285 ; 1.000        ; 2.285          ; Min Period      ; clock ; Rise       ; lab2_3:inst1|lab2_LookaheadCarry:b2v_inst|sum[2]     ;
; -1.285 ; 1.000        ; 2.285          ; Min Period      ; clock ; Rise       ; lab2_3:inst1|lab2_LookaheadCarry:b2v_inst|sum[3]     ;
; -1.285 ; 1.000        ; 2.285          ; Min Period      ; clock ; Rise       ; lab2_3:inst|lab2_LookaheadCarry:b2v_inst2|carry_out  ;
; -1.285 ; 1.000        ; 2.285          ; Min Period      ; clock ; Rise       ; lab2_3:inst|lab2_LookaheadCarry:b2v_inst2|sum[0]     ;
; -1.285 ; 1.000        ; 2.285          ; Min Period      ; clock ; Rise       ; lab2_3:inst|lab2_LookaheadCarry:b2v_inst2|sum[1]     ;
; -1.285 ; 1.000        ; 2.285          ; Min Period      ; clock ; Rise       ; lab2_3:inst|lab2_LookaheadCarry:b2v_inst2|sum[2]     ;
; -1.285 ; 1.000        ; 2.285          ; Min Period      ; clock ; Rise       ; lab2_3:inst|lab2_LookaheadCarry:b2v_inst2|sum[3]     ;
; -1.285 ; 1.000        ; 2.285          ; Min Period      ; clock ; Rise       ; lab2_3:inst|lab2_LookaheadCarry:b2v_inst3|carry_out  ;
; -1.285 ; 1.000        ; 2.285          ; Min Period      ; clock ; Rise       ; lab2_3:inst|lab2_LookaheadCarry:b2v_inst3|sum[0]     ;
; -1.285 ; 1.000        ; 2.285          ; Min Period      ; clock ; Rise       ; lab2_3:inst|lab2_LookaheadCarry:b2v_inst3|sum[1]     ;
; -1.285 ; 1.000        ; 2.285          ; Min Period      ; clock ; Rise       ; lab2_3:inst|lab2_LookaheadCarry:b2v_inst3|sum[2]     ;
; -1.285 ; 1.000        ; 2.285          ; Min Period      ; clock ; Rise       ; lab2_3:inst|lab2_LookaheadCarry:b2v_inst3|sum[3]     ;
; -1.285 ; 1.000        ; 2.285          ; Min Period      ; clock ; Rise       ; lab2_3:inst|lab2_LookaheadCarry:b2v_inst4|carry_out  ;
; -1.285 ; 1.000        ; 2.285          ; Min Period      ; clock ; Rise       ; lab2_3:inst|lab2_LookaheadCarry:b2v_inst4|sum[0]     ;
; -1.285 ; 1.000        ; 2.285          ; Min Period      ; clock ; Rise       ; lab2_3:inst|lab2_LookaheadCarry:b2v_inst4|sum[1]     ;
; -1.285 ; 1.000        ; 2.285          ; Min Period      ; clock ; Rise       ; lab2_3:inst|lab2_LookaheadCarry:b2v_inst4|sum[2]     ;
; -1.285 ; 1.000        ; 2.285          ; Min Period      ; clock ; Rise       ; lab2_3:inst|lab2_LookaheadCarry:b2v_inst4|sum[3]     ;
; -1.285 ; 1.000        ; 2.285          ; Min Period      ; clock ; Rise       ; lab2_3:inst|lab2_LookaheadCarry:b2v_inst5|carry_out  ;
; -1.285 ; 1.000        ; 2.285          ; Min Period      ; clock ; Rise       ; lab2_3:inst|lab2_LookaheadCarry:b2v_inst5|sum[0]     ;
; -1.285 ; 1.000        ; 2.285          ; Min Period      ; clock ; Rise       ; lab2_3:inst|lab2_LookaheadCarry:b2v_inst5|sum[1]     ;
; -1.285 ; 1.000        ; 2.285          ; Min Period      ; clock ; Rise       ; lab2_3:inst|lab2_LookaheadCarry:b2v_inst5|sum[2]     ;
; -1.285 ; 1.000        ; 2.285          ; Min Period      ; clock ; Rise       ; lab2_3:inst|lab2_LookaheadCarry:b2v_inst5|sum[3]     ;
; -1.285 ; 1.000        ; 2.285          ; Min Period      ; clock ; Rise       ; lab2_3:inst|lab2_LookaheadCarry:b2v_inst6|carry_out  ;
; -1.285 ; 1.000        ; 2.285          ; Min Period      ; clock ; Rise       ; lab2_3:inst|lab2_LookaheadCarry:b2v_inst6|sum[0]     ;
; -1.285 ; 1.000        ; 2.285          ; Min Period      ; clock ; Rise       ; lab2_3:inst|lab2_LookaheadCarry:b2v_inst6|sum[1]     ;
; -1.285 ; 1.000        ; 2.285          ; Min Period      ; clock ; Rise       ; lab2_3:inst|lab2_LookaheadCarry:b2v_inst6|sum[2]     ;
; -1.285 ; 1.000        ; 2.285          ; Min Period      ; clock ; Rise       ; lab2_3:inst|lab2_LookaheadCarry:b2v_inst6|sum[3]     ;
; -1.285 ; 1.000        ; 2.285          ; Min Period      ; clock ; Rise       ; lab2_3:inst|lab2_LookaheadCarry:b2v_inst7|carry_out  ;
; -1.285 ; 1.000        ; 2.285          ; Min Period      ; clock ; Rise       ; lab2_3:inst|lab2_LookaheadCarry:b2v_inst7|sum[0]     ;
; -1.285 ; 1.000        ; 2.285          ; Min Period      ; clock ; Rise       ; lab2_3:inst|lab2_LookaheadCarry:b2v_inst7|sum[1]     ;
; -1.285 ; 1.000        ; 2.285          ; Min Period      ; clock ; Rise       ; lab2_3:inst|lab2_LookaheadCarry:b2v_inst7|sum[2]     ;
; -1.285 ; 1.000        ; 2.285          ; Min Period      ; clock ; Rise       ; lab2_3:inst|lab2_LookaheadCarry:b2v_inst7|sum[3]     ;
; -1.285 ; 1.000        ; 2.285          ; Min Period      ; clock ; Rise       ; lab2_3:inst|lab2_LookaheadCarry:b2v_inst8|carry_out  ;
; -1.285 ; 1.000        ; 2.285          ; Min Period      ; clock ; Rise       ; lab2_3:inst|lab2_LookaheadCarry:b2v_inst8|sum[0]     ;
; -1.285 ; 1.000        ; 2.285          ; Min Period      ; clock ; Rise       ; lab2_3:inst|lab2_LookaheadCarry:b2v_inst8|sum[1]     ;
; -1.285 ; 1.000        ; 2.285          ; Min Period      ; clock ; Rise       ; lab2_3:inst|lab2_LookaheadCarry:b2v_inst8|sum[2]     ;
; -1.285 ; 1.000        ; 2.285          ; Min Period      ; clock ; Rise       ; lab2_3:inst|lab2_LookaheadCarry:b2v_inst8|sum[3]     ;
; -1.285 ; 1.000        ; 2.285          ; Min Period      ; clock ; Rise       ; lab2_3:inst|lab2_LookaheadCarry:b2v_inst|carry_out   ;
; -1.285 ; 1.000        ; 2.285          ; Min Period      ; clock ; Rise       ; lab2_3:inst|lab2_LookaheadCarry:b2v_inst|sum[0]      ;
; -1.285 ; 1.000        ; 2.285          ; Min Period      ; clock ; Rise       ; lab2_3:inst|lab2_LookaheadCarry:b2v_inst|sum[1]      ;
; -1.285 ; 1.000        ; 2.285          ; Min Period      ; clock ; Rise       ; lab2_3:inst|lab2_LookaheadCarry:b2v_inst|sum[2]      ;
; -1.285 ; 1.000        ; 2.285          ; Min Period      ; clock ; Rise       ; lab2_3:inst|lab2_LookaheadCarry:b2v_inst|sum[3]      ;
; 0.276  ; 0.462        ; 0.186          ; Low Pulse Width ; clock ; Rise       ; lab2_3:inst1|lab2_LookaheadCarry:b2v_inst3|carry_out ;
; 0.276  ; 0.462        ; 0.186          ; Low Pulse Width ; clock ; Rise       ; lab2_3:inst1|lab2_LookaheadCarry:b2v_inst4|carry_out ;
; 0.276  ; 0.462        ; 0.186          ; Low Pulse Width ; clock ; Rise       ; lab2_3:inst1|lab2_LookaheadCarry:b2v_inst4|sum[0]    ;
; 0.276  ; 0.462        ; 0.186          ; Low Pulse Width ; clock ; Rise       ; lab2_3:inst1|lab2_LookaheadCarry:b2v_inst4|sum[1]    ;
; 0.276  ; 0.462        ; 0.186          ; Low Pulse Width ; clock ; Rise       ; lab2_3:inst1|lab2_LookaheadCarry:b2v_inst4|sum[2]    ;
; 0.276  ; 0.462        ; 0.186          ; Low Pulse Width ; clock ; Rise       ; lab2_3:inst1|lab2_LookaheadCarry:b2v_inst4|sum[3]    ;
; 0.277  ; 0.463        ; 0.186          ; Low Pulse Width ; clock ; Rise       ; lab2_3:inst1|lab2_LookaheadCarry:b2v_inst3|sum[0]    ;
; 0.277  ; 0.463        ; 0.186          ; Low Pulse Width ; clock ; Rise       ; lab2_3:inst1|lab2_LookaheadCarry:b2v_inst3|sum[1]    ;
; 0.277  ; 0.463        ; 0.186          ; Low Pulse Width ; clock ; Rise       ; lab2_3:inst1|lab2_LookaheadCarry:b2v_inst3|sum[2]    ;
; 0.277  ; 0.463        ; 0.186          ; Low Pulse Width ; clock ; Rise       ; lab2_3:inst1|lab2_LookaheadCarry:b2v_inst3|sum[3]    ;
; 0.277  ; 0.463        ; 0.186          ; Low Pulse Width ; clock ; Rise       ; lab2_3:inst1|lab2_LookaheadCarry:b2v_inst6|carry_out ;
; 0.277  ; 0.463        ; 0.186          ; Low Pulse Width ; clock ; Rise       ; lab2_3:inst1|lab2_LookaheadCarry:b2v_inst6|sum[0]    ;
; 0.277  ; 0.463        ; 0.186          ; Low Pulse Width ; clock ; Rise       ; lab2_3:inst1|lab2_LookaheadCarry:b2v_inst6|sum[1]    ;
; 0.277  ; 0.463        ; 0.186          ; Low Pulse Width ; clock ; Rise       ; lab2_3:inst1|lab2_LookaheadCarry:b2v_inst6|sum[2]    ;
; 0.277  ; 0.463        ; 0.186          ; Low Pulse Width ; clock ; Rise       ; lab2_3:inst1|lab2_LookaheadCarry:b2v_inst6|sum[3]    ;
; 0.277  ; 0.463        ; 0.186          ; Low Pulse Width ; clock ; Rise       ; lab2_3:inst1|lab2_LookaheadCarry:b2v_inst7|carry_out ;
; 0.277  ; 0.463        ; 0.186          ; Low Pulse Width ; clock ; Rise       ; lab2_3:inst1|lab2_LookaheadCarry:b2v_inst7|sum[0]    ;
; 0.277  ; 0.463        ; 0.186          ; Low Pulse Width ; clock ; Rise       ; lab2_3:inst1|lab2_LookaheadCarry:b2v_inst7|sum[1]    ;
; 0.277  ; 0.463        ; 0.186          ; Low Pulse Width ; clock ; Rise       ; lab2_3:inst1|lab2_LookaheadCarry:b2v_inst7|sum[2]    ;
+--------+--------------+----------------+-----------------+-------+------------+------------------------------------------------------+


+-----------------------------------------------------------------------+
; Setup Times                                                           ;
+-----------+------------+-------+-------+------------+-----------------+
; Data Port ; Clock Port ; Rise  ; Fall  ; Clock Edge ; Clock Reference ;
+-----------+------------+-------+-------+------------+-----------------+
; a[*]      ; clock      ; 3.859 ; 4.141 ; Rise       ; clock           ;
;  a[0]     ; clock      ; 3.125 ; 3.419 ; Rise       ; clock           ;
;  a[1]     ; clock      ; 3.012 ; 3.326 ; Rise       ; clock           ;
;  a[2]     ; clock      ; 3.047 ; 3.328 ; Rise       ; clock           ;
;  a[3]     ; clock      ; 0.232 ; 0.343 ; Rise       ; clock           ;
;  a[4]     ; clock      ; 2.561 ; 2.742 ; Rise       ; clock           ;
;  a[5]     ; clock      ; 2.902 ; 3.161 ; Rise       ; clock           ;
;  a[6]     ; clock      ; 0.443 ; 0.656 ; Rise       ; clock           ;
;  a[7]     ; clock      ; 2.293 ; 2.549 ; Rise       ; clock           ;
;  a[8]     ; clock      ; 2.530 ; 2.752 ; Rise       ; clock           ;
;  a[9]     ; clock      ; 2.068 ; 2.323 ; Rise       ; clock           ;
;  a[10]    ; clock      ; 2.368 ; 2.639 ; Rise       ; clock           ;
;  a[11]    ; clock      ; 2.001 ; 2.191 ; Rise       ; clock           ;
;  a[12]    ; clock      ; 2.018 ; 2.230 ; Rise       ; clock           ;
;  a[13]    ; clock      ; 2.603 ; 2.881 ; Rise       ; clock           ;
;  a[14]    ; clock      ; 1.919 ; 2.182 ; Rise       ; clock           ;
;  a[15]    ; clock      ; 2.125 ; 2.346 ; Rise       ; clock           ;
;  a[16]    ; clock      ; 2.851 ; 3.113 ; Rise       ; clock           ;
;  a[17]    ; clock      ; 3.772 ; 4.051 ; Rise       ; clock           ;
;  a[18]    ; clock      ; 3.173 ; 3.441 ; Rise       ; clock           ;
;  a[19]    ; clock      ; 2.072 ; 2.278 ; Rise       ; clock           ;
;  a[20]    ; clock      ; 2.003 ; 2.230 ; Rise       ; clock           ;
;  a[21]    ; clock      ; 3.458 ; 3.652 ; Rise       ; clock           ;
;  a[22]    ; clock      ; 2.028 ; 2.213 ; Rise       ; clock           ;
;  a[23]    ; clock      ; 3.247 ; 3.424 ; Rise       ; clock           ;
;  a[24]    ; clock      ; 3.816 ; 4.034 ; Rise       ; clock           ;
;  a[25]    ; clock      ; 3.859 ; 4.097 ; Rise       ; clock           ;
;  a[26]    ; clock      ; 3.305 ; 3.440 ; Rise       ; clock           ;
;  a[27]    ; clock      ; 3.254 ; 3.517 ; Rise       ; clock           ;
;  a[28]    ; clock      ; 0.983 ; 1.244 ; Rise       ; clock           ;
;  a[29]    ; clock      ; 2.581 ; 2.830 ; Rise       ; clock           ;
;  a[30]    ; clock      ; 2.220 ; 2.474 ; Rise       ; clock           ;
;  a[31]    ; clock      ; 1.503 ; 1.759 ; Rise       ; clock           ;
;  a[32]    ; clock      ; 2.635 ; 2.932 ; Rise       ; clock           ;
;  a[33]    ; clock      ; 2.337 ; 2.612 ; Rise       ; clock           ;
;  a[34]    ; clock      ; 2.992 ; 3.247 ; Rise       ; clock           ;
;  a[35]    ; clock      ; 2.663 ; 2.917 ; Rise       ; clock           ;
;  a[36]    ; clock      ; 2.586 ; 2.889 ; Rise       ; clock           ;
;  a[37]    ; clock      ; 2.278 ; 2.525 ; Rise       ; clock           ;
;  a[38]    ; clock      ; 2.678 ; 2.978 ; Rise       ; clock           ;
;  a[39]    ; clock      ; 2.683 ; 2.983 ; Rise       ; clock           ;
;  a[40]    ; clock      ; 1.950 ; 2.192 ; Rise       ; clock           ;
;  a[41]    ; clock      ; 2.548 ; 2.770 ; Rise       ; clock           ;
;  a[42]    ; clock      ; 2.764 ; 2.999 ; Rise       ; clock           ;
;  a[43]    ; clock      ; 2.589 ; 2.842 ; Rise       ; clock           ;
;  a[44]    ; clock      ; 1.867 ; 2.203 ; Rise       ; clock           ;
;  a[45]    ; clock      ; 1.740 ; 2.003 ; Rise       ; clock           ;
;  a[46]    ; clock      ; 2.097 ; 2.325 ; Rise       ; clock           ;
;  a[47]    ; clock      ; 2.064 ; 2.349 ; Rise       ; clock           ;
;  a[48]    ; clock      ; 1.631 ; 1.859 ; Rise       ; clock           ;
;  a[49]    ; clock      ; 2.071 ; 2.336 ; Rise       ; clock           ;
;  a[50]    ; clock      ; 3.841 ; 4.141 ; Rise       ; clock           ;
;  a[51]    ; clock      ; 1.941 ; 2.181 ; Rise       ; clock           ;
;  a[52]    ; clock      ; 3.212 ; 3.436 ; Rise       ; clock           ;
;  a[53]    ; clock      ; 2.959 ; 3.185 ; Rise       ; clock           ;
;  a[54]    ; clock      ; 3.378 ; 3.537 ; Rise       ; clock           ;
;  a[55]    ; clock      ; 2.569 ; 2.805 ; Rise       ; clock           ;
;  a[56]    ; clock      ; 2.117 ; 2.479 ; Rise       ; clock           ;
;  a[57]    ; clock      ; 1.739 ; 2.036 ; Rise       ; clock           ;
;  a[58]    ; clock      ; 2.605 ; 2.820 ; Rise       ; clock           ;
;  a[59]    ; clock      ; 2.103 ; 2.300 ; Rise       ; clock           ;
;  a[60]    ; clock      ; 2.141 ; 2.379 ; Rise       ; clock           ;
;  a[61]    ; clock      ; 1.983 ; 2.226 ; Rise       ; clock           ;
;  a[62]    ; clock      ; 2.133 ; 2.419 ; Rise       ; clock           ;
;  a[63]    ; clock      ; 2.383 ; 2.597 ; Rise       ; clock           ;
; b[*]      ; clock      ; 4.461 ; 4.819 ; Rise       ; clock           ;
;  b[0]     ; clock      ; 1.825 ; 2.110 ; Rise       ; clock           ;
;  b[1]     ; clock      ; 2.436 ; 2.690 ; Rise       ; clock           ;
;  b[2]     ; clock      ; 2.518 ; 2.778 ; Rise       ; clock           ;
;  b[3]     ; clock      ; 1.167 ; 1.404 ; Rise       ; clock           ;
;  b[4]     ; clock      ; 3.107 ; 3.286 ; Rise       ; clock           ;
;  b[5]     ; clock      ; 3.104 ; 3.277 ; Rise       ; clock           ;
;  b[6]     ; clock      ; 4.461 ; 4.779 ; Rise       ; clock           ;
;  b[7]     ; clock      ; 4.252 ; 4.562 ; Rise       ; clock           ;
;  b[8]     ; clock      ; 2.719 ; 2.917 ; Rise       ; clock           ;
;  b[9]     ; clock      ; 2.239 ; 2.377 ; Rise       ; clock           ;
;  b[10]    ; clock      ; 3.530 ; 3.783 ; Rise       ; clock           ;
;  b[11]    ; clock      ; 2.485 ; 2.831 ; Rise       ; clock           ;
;  b[12]    ; clock      ; 2.429 ; 2.765 ; Rise       ; clock           ;
;  b[13]    ; clock      ; 1.980 ; 2.218 ; Rise       ; clock           ;
;  b[14]    ; clock      ; 3.199 ; 3.384 ; Rise       ; clock           ;
;  b[15]    ; clock      ; 2.403 ; 2.616 ; Rise       ; clock           ;
;  b[16]    ; clock      ; 1.643 ; 1.907 ; Rise       ; clock           ;
;  b[17]    ; clock      ; 2.087 ; 2.353 ; Rise       ; clock           ;
;  b[18]    ; clock      ; 1.538 ; 1.800 ; Rise       ; clock           ;
;  b[19]    ; clock      ; 1.603 ; 1.897 ; Rise       ; clock           ;
;  b[20]    ; clock      ; 2.591 ; 2.820 ; Rise       ; clock           ;
;  b[21]    ; clock      ; 2.378 ; 2.648 ; Rise       ; clock           ;
;  b[22]    ; clock      ; 2.571 ; 2.804 ; Rise       ; clock           ;
;  b[23]    ; clock      ; 2.694 ; 2.939 ; Rise       ; clock           ;
;  b[24]    ; clock      ; 2.337 ; 2.587 ; Rise       ; clock           ;
;  b[25]    ; clock      ; 2.654 ; 2.934 ; Rise       ; clock           ;
;  b[26]    ; clock      ; 2.024 ; 2.252 ; Rise       ; clock           ;
;  b[27]    ; clock      ; 2.941 ; 3.130 ; Rise       ; clock           ;
;  b[28]    ; clock      ; 0.340 ; 0.458 ; Rise       ; clock           ;
;  b[29]    ; clock      ; 2.772 ; 3.083 ; Rise       ; clock           ;
;  b[30]    ; clock      ; 3.064 ; 3.328 ; Rise       ; clock           ;
;  b[31]    ; clock      ; 2.956 ; 3.257 ; Rise       ; clock           ;
;  b[32]    ; clock      ; 2.781 ; 3.072 ; Rise       ; clock           ;
;  b[33]    ; clock      ; 2.611 ; 2.843 ; Rise       ; clock           ;
;  b[34]    ; clock      ; 2.926 ; 3.154 ; Rise       ; clock           ;
;  b[35]    ; clock      ; 2.829 ; 3.105 ; Rise       ; clock           ;
;  b[36]    ; clock      ; 3.603 ; 3.955 ; Rise       ; clock           ;
;  b[37]    ; clock      ; 2.545 ; 2.820 ; Rise       ; clock           ;
;  b[38]    ; clock      ; 4.039 ; 4.413 ; Rise       ; clock           ;
;  b[39]    ; clock      ; 2.566 ; 2.804 ; Rise       ; clock           ;
;  b[40]    ; clock      ; 2.656 ; 2.929 ; Rise       ; clock           ;
;  b[41]    ; clock      ; 2.243 ; 2.558 ; Rise       ; clock           ;
;  b[42]    ; clock      ; 3.154 ; 3.344 ; Rise       ; clock           ;
;  b[43]    ; clock      ; 2.327 ; 2.583 ; Rise       ; clock           ;
;  b[44]    ; clock      ; 2.080 ; 2.401 ; Rise       ; clock           ;
;  b[45]    ; clock      ; 1.653 ; 1.898 ; Rise       ; clock           ;
;  b[46]    ; clock      ; 2.167 ; 2.420 ; Rise       ; clock           ;
;  b[47]    ; clock      ; 4.016 ; 4.330 ; Rise       ; clock           ;
;  b[48]    ; clock      ; 1.657 ; 1.926 ; Rise       ; clock           ;
;  b[49]    ; clock      ; 1.938 ; 2.184 ; Rise       ; clock           ;
;  b[50]    ; clock      ; 1.997 ; 2.210 ; Rise       ; clock           ;
;  b[51]    ; clock      ; 3.678 ; 4.028 ; Rise       ; clock           ;
;  b[52]    ; clock      ; 2.135 ; 2.322 ; Rise       ; clock           ;
;  b[53]    ; clock      ; 2.726 ; 2.958 ; Rise       ; clock           ;
;  b[54]    ; clock      ; 4.454 ; 4.819 ; Rise       ; clock           ;
;  b[55]    ; clock      ; 2.916 ; 3.119 ; Rise       ; clock           ;
;  b[56]    ; clock      ; 2.979 ; 3.328 ; Rise       ; clock           ;
;  b[57]    ; clock      ; 1.984 ; 2.220 ; Rise       ; clock           ;
;  b[58]    ; clock      ; 2.098 ; 2.383 ; Rise       ; clock           ;
;  b[59]    ; clock      ; 2.082 ; 2.340 ; Rise       ; clock           ;
;  b[60]    ; clock      ; 1.690 ; 1.985 ; Rise       ; clock           ;
;  b[61]    ; clock      ; 3.655 ; 3.980 ; Rise       ; clock           ;
;  b[62]    ; clock      ; 3.727 ; 4.052 ; Rise       ; clock           ;
;  b[63]    ; clock      ; 2.318 ; 2.557 ; Rise       ; clock           ;
; c0        ; clock      ; 1.916 ; 2.164 ; Rise       ; clock           ;
+-----------+------------+-------+-------+------------+-----------------+


+-------------------------------------------------------------------------+
; Hold Times                                                              ;
+-----------+------------+--------+--------+------------+-----------------+
; Data Port ; Clock Port ; Rise   ; Fall   ; Clock Edge ; Clock Reference ;
+-----------+------------+--------+--------+------------+-----------------+
; a[*]      ; clock      ; 0.740  ; 0.644  ; Rise       ; clock           ;
;  a[0]     ; clock      ; -1.279 ; -1.595 ; Rise       ; clock           ;
;  a[1]     ; clock      ; -1.432 ; -1.761 ; Rise       ; clock           ;
;  a[2]     ; clock      ; -1.832 ; -2.142 ; Rise       ; clock           ;
;  a[3]     ; clock      ; 0.740  ; 0.644  ; Rise       ; clock           ;
;  a[4]     ; clock      ; -1.166 ; -1.328 ; Rise       ; clock           ;
;  a[5]     ; clock      ; -1.487 ; -1.686 ; Rise       ; clock           ;
;  a[6]     ; clock      ; 0.558  ; 0.396  ; Rise       ; clock           ;
;  a[7]     ; clock      ; -0.783 ; -1.004 ; Rise       ; clock           ;
;  a[8]     ; clock      ; -0.850 ; -1.078 ; Rise       ; clock           ;
;  a[9]     ; clock      ; -0.771 ; -1.010 ; Rise       ; clock           ;
;  a[10]    ; clock      ; -0.799 ; -1.043 ; Rise       ; clock           ;
;  a[11]    ; clock      ; -0.705 ; -0.948 ; Rise       ; clock           ;
;  a[12]    ; clock      ; -1.215 ; -1.404 ; Rise       ; clock           ;
;  a[13]    ; clock      ; -1.585 ; -1.825 ; Rise       ; clock           ;
;  a[14]    ; clock      ; -0.462 ; -0.718 ; Rise       ; clock           ;
;  a[15]    ; clock      ; -0.956 ; -1.178 ; Rise       ; clock           ;
;  a[16]    ; clock      ; -1.374 ; -1.612 ; Rise       ; clock           ;
;  a[17]    ; clock      ; -2.053 ; -2.316 ; Rise       ; clock           ;
;  a[18]    ; clock      ; -2.153 ; -2.386 ; Rise       ; clock           ;
;  a[19]    ; clock      ; -0.922 ; -1.123 ; Rise       ; clock           ;
;  a[20]    ; clock      ; -0.793 ; -0.998 ; Rise       ; clock           ;
;  a[21]    ; clock      ; -1.187 ; -1.379 ; Rise       ; clock           ;
;  a[22]    ; clock      ; -0.893 ; -1.125 ; Rise       ; clock           ;
;  a[23]    ; clock      ; -1.661 ; -1.880 ; Rise       ; clock           ;
;  a[24]    ; clock      ; -0.592 ; -0.817 ; Rise       ; clock           ;
;  a[25]    ; clock      ; -1.004 ; -1.251 ; Rise       ; clock           ;
;  a[26]    ; clock      ; -0.813 ; -1.065 ; Rise       ; clock           ;
;  a[27]    ; clock      ; -1.221 ; -1.530 ; Rise       ; clock           ;
;  a[28]    ; clock      ; -0.574 ; -0.816 ; Rise       ; clock           ;
;  a[29]    ; clock      ; -0.644 ; -0.890 ; Rise       ; clock           ;
;  a[30]    ; clock      ; -0.770 ; -0.991 ; Rise       ; clock           ;
;  a[31]    ; clock      ; -0.470 ; -0.712 ; Rise       ; clock           ;
;  a[32]    ; clock      ; -0.796 ; -1.068 ; Rise       ; clock           ;
;  a[33]    ; clock      ; -1.501 ; -1.719 ; Rise       ; clock           ;
;  a[34]    ; clock      ; -1.524 ; -1.761 ; Rise       ; clock           ;
;  a[35]    ; clock      ; -1.124 ; -1.362 ; Rise       ; clock           ;
;  a[36]    ; clock      ; -1.062 ; -1.346 ; Rise       ; clock           ;
;  a[37]    ; clock      ; -1.148 ; -1.415 ; Rise       ; clock           ;
;  a[38]    ; clock      ; -1.184 ; -1.469 ; Rise       ; clock           ;
;  a[39]    ; clock      ; -1.172 ; -1.415 ; Rise       ; clock           ;
;  a[40]    ; clock      ; -0.790 ; -1.004 ; Rise       ; clock           ;
;  a[41]    ; clock      ; -1.220 ; -1.433 ; Rise       ; clock           ;
;  a[42]    ; clock      ; -1.533 ; -1.750 ; Rise       ; clock           ;
;  a[43]    ; clock      ; -1.138 ; -1.363 ; Rise       ; clock           ;
;  a[44]    ; clock      ; -0.432 ; -0.693 ; Rise       ; clock           ;
;  a[45]    ; clock      ; -0.963 ; -1.184 ; Rise       ; clock           ;
;  a[46]    ; clock      ; -0.910 ; -1.114 ; Rise       ; clock           ;
;  a[47]    ; clock      ; -0.577 ; -0.838 ; Rise       ; clock           ;
;  a[48]    ; clock      ; -0.590 ; -0.821 ; Rise       ; clock           ;
;  a[49]    ; clock      ; -1.037 ; -1.271 ; Rise       ; clock           ;
;  a[50]    ; clock      ; -2.842 ; -3.180 ; Rise       ; clock           ;
;  a[51]    ; clock      ; -0.867 ; -1.086 ; Rise       ; clock           ;
;  a[52]    ; clock      ; -1.628 ; -1.929 ; Rise       ; clock           ;
;  a[53]    ; clock      ; -1.130 ; -1.328 ; Rise       ; clock           ;
;  a[54]    ; clock      ; -1.779 ; -1.942 ; Rise       ; clock           ;
;  a[55]    ; clock      ; -0.597 ; -0.820 ; Rise       ; clock           ;
;  a[56]    ; clock      ; -0.532 ; -0.806 ; Rise       ; clock           ;
;  a[57]    ; clock      ; -0.973 ; -1.225 ; Rise       ; clock           ;
;  a[58]    ; clock      ; -1.280 ; -1.526 ; Rise       ; clock           ;
;  a[59]    ; clock      ; -0.802 ; -0.991 ; Rise       ; clock           ;
;  a[60]    ; clock      ; -0.849 ; -1.052 ; Rise       ; clock           ;
;  a[61]    ; clock      ; -1.125 ; -1.355 ; Rise       ; clock           ;
;  a[62]    ; clock      ; -1.061 ; -1.318 ; Rise       ; clock           ;
;  a[63]    ; clock      ; -1.007 ; -1.199 ; Rise       ; clock           ;
; b[*]      ; clock      ; 0.655  ; 0.583  ; Rise       ; clock           ;
;  b[0]     ; clock      ; -0.531 ; -0.777 ; Rise       ; clock           ;
;  b[1]     ; clock      ; -0.933 ; -1.185 ; Rise       ; clock           ;
;  b[2]     ; clock      ; -0.674 ; -0.922 ; Rise       ; clock           ;
;  b[3]     ; clock      ; -0.674 ; -0.900 ; Rise       ; clock           ;
;  b[4]     ; clock      ; -1.067 ; -1.276 ; Rise       ; clock           ;
;  b[5]     ; clock      ; -0.631 ; -0.912 ; Rise       ; clock           ;
;  b[6]     ; clock      ; -1.502 ; -1.803 ; Rise       ; clock           ;
;  b[7]     ; clock      ; -1.060 ; -1.353 ; Rise       ; clock           ;
;  b[8]     ; clock      ; -0.943 ; -1.149 ; Rise       ; clock           ;
;  b[9]     ; clock      ; -1.116 ; -1.321 ; Rise       ; clock           ;
;  b[10]    ; clock      ; -1.293 ; -1.533 ; Rise       ; clock           ;
;  b[11]    ; clock      ; -1.171 ; -1.473 ; Rise       ; clock           ;
;  b[12]    ; clock      ; -1.155 ; -1.448 ; Rise       ; clock           ;
;  b[13]    ; clock      ; -0.828 ; -1.047 ; Rise       ; clock           ;
;  b[14]    ; clock      ; -1.474 ; -1.659 ; Rise       ; clock           ;
;  b[15]    ; clock      ; -0.866 ; -1.065 ; Rise       ; clock           ;
;  b[16]    ; clock      ; -0.588 ; -0.831 ; Rise       ; clock           ;
;  b[17]    ; clock      ; -0.934 ; -1.166 ; Rise       ; clock           ;
;  b[18]    ; clock      ; -0.607 ; -0.867 ; Rise       ; clock           ;
;  b[19]    ; clock      ; -0.346 ; -0.575 ; Rise       ; clock           ;
;  b[20]    ; clock      ; -1.267 ; -1.546 ; Rise       ; clock           ;
;  b[21]    ; clock      ; -0.922 ; -1.169 ; Rise       ; clock           ;
;  b[22]    ; clock      ; -1.251 ; -1.485 ; Rise       ; clock           ;
;  b[23]    ; clock      ; -0.951 ; -1.179 ; Rise       ; clock           ;
;  b[24]    ; clock      ; -0.789 ; -0.994 ; Rise       ; clock           ;
;  b[25]    ; clock      ; -1.510 ; -1.751 ; Rise       ; clock           ;
;  b[26]    ; clock      ; -0.830 ; -1.048 ; Rise       ; clock           ;
;  b[27]    ; clock      ; -1.313 ; -1.479 ; Rise       ; clock           ;
;  b[28]    ; clock      ; 0.655  ; 0.583  ; Rise       ; clock           ;
;  b[29]    ; clock      ; -1.473 ; -1.768 ; Rise       ; clock           ;
;  b[30]    ; clock      ; -1.487 ; -1.736 ; Rise       ; clock           ;
;  b[31]    ; clock      ; -0.970 ; -1.264 ; Rise       ; clock           ;
;  b[32]    ; clock      ; -1.262 ; -1.503 ; Rise       ; clock           ;
;  b[33]    ; clock      ; -1.584 ; -1.753 ; Rise       ; clock           ;
;  b[34]    ; clock      ; -1.514 ; -1.749 ; Rise       ; clock           ;
;  b[35]    ; clock      ; -1.233 ; -1.460 ; Rise       ; clock           ;
;  b[36]    ; clock      ; -2.032 ; -2.346 ; Rise       ; clock           ;
;  b[37]    ; clock      ; -1.646 ; -1.962 ; Rise       ; clock           ;
;  b[38]    ; clock      ; -2.454 ; -2.808 ; Rise       ; clock           ;
;  b[39]    ; clock      ; -1.105 ; -1.331 ; Rise       ; clock           ;
;  b[40]    ; clock      ; -1.560 ; -1.828 ; Rise       ; clock           ;
;  b[41]    ; clock      ; -0.910 ; -1.156 ; Rise       ; clock           ;
;  b[42]    ; clock      ; -1.812 ; -1.962 ; Rise       ; clock           ;
;  b[43]    ; clock      ; -0.653 ; -0.885 ; Rise       ; clock           ;
;  b[44]    ; clock      ; -0.496 ; -0.755 ; Rise       ; clock           ;
;  b[45]    ; clock      ; -0.920 ; -1.151 ; Rise       ; clock           ;
;  b[46]    ; clock      ; -1.049 ; -1.273 ; Rise       ; clock           ;
;  b[47]    ; clock      ; -2.270 ; -2.588 ; Rise       ; clock           ;
;  b[48]    ; clock      ; -0.612 ; -0.864 ; Rise       ; clock           ;
;  b[49]    ; clock      ; -0.908 ; -1.145 ; Rise       ; clock           ;
;  b[50]    ; clock      ; -1.002 ; -1.269 ; Rise       ; clock           ;
;  b[51]    ; clock      ; -2.038 ; -2.350 ; Rise       ; clock           ;
;  b[52]    ; clock      ; -0.476 ; -0.742 ; Rise       ; clock           ;
;  b[53]    ; clock      ; -0.932 ; -1.151 ; Rise       ; clock           ;
;  b[54]    ; clock      ; -2.769 ; -3.080 ; Rise       ; clock           ;
;  b[55]    ; clock      ; -0.928 ; -1.142 ; Rise       ; clock           ;
;  b[56]    ; clock      ; -1.113 ; -1.367 ; Rise       ; clock           ;
;  b[57]    ; clock      ; -1.261 ; -1.460 ; Rise       ; clock           ;
;  b[58]    ; clock      ; -0.965 ; -1.239 ; Rise       ; clock           ;
;  b[59]    ; clock      ; -0.781 ; -1.015 ; Rise       ; clock           ;
;  b[60]    ; clock      ; -0.622 ; -0.877 ; Rise       ; clock           ;
;  b[61]    ; clock      ; -2.723 ; -3.035 ; Rise       ; clock           ;
;  b[62]    ; clock      ; -2.593 ; -2.906 ; Rise       ; clock           ;
;  b[63]    ; clock      ; -0.859 ; -1.086 ; Rise       ; clock           ;
; c0        ; clock      ; -0.864 ; -1.094 ; Rise       ; clock           ;
+-----------+------------+--------+--------+------------+-----------------+


+-------------------------------------------------------------------------+
; Clock to Output Times                                                   ;
+-----------+------------+--------+--------+------------+-----------------+
; Data Port ; Clock Port ; Rise   ; Fall   ; Clock Edge ; Clock Reference ;
+-----------+------------+--------+--------+------------+-----------------+
; overflow  ; clock      ; 6.579  ; 6.463  ; Rise       ; clock           ;
; sum[*]    ; clock      ; 11.549 ; 11.286 ; Rise       ; clock           ;
;  sum[0]   ; clock      ; 5.930  ; 5.909  ; Rise       ; clock           ;
;  sum[1]   ; clock      ; 5.982  ; 5.962  ; Rise       ; clock           ;
;  sum[2]   ; clock      ; 6.188  ; 6.158  ; Rise       ; clock           ;
;  sum[3]   ; clock      ; 8.168  ; 8.140  ; Rise       ; clock           ;
;  sum[4]   ; clock      ; 5.985  ; 5.964  ; Rise       ; clock           ;
;  sum[5]   ; clock      ; 6.308  ; 6.265  ; Rise       ; clock           ;
;  sum[6]   ; clock      ; 6.318  ; 6.289  ; Rise       ; clock           ;
;  sum[7]   ; clock      ; 6.808  ; 6.755  ; Rise       ; clock           ;
;  sum[8]   ; clock      ; 6.489  ; 6.427  ; Rise       ; clock           ;
;  sum[9]   ; clock      ; 6.464  ; 6.400  ; Rise       ; clock           ;
;  sum[10]  ; clock      ; 8.109  ; 8.092  ; Rise       ; clock           ;
;  sum[11]  ; clock      ; 9.530  ; 9.314  ; Rise       ; clock           ;
;  sum[12]  ; clock      ; 8.342  ; 8.275  ; Rise       ; clock           ;
;  sum[13]  ; clock      ; 6.445  ; 6.381  ; Rise       ; clock           ;
;  sum[14]  ; clock      ; 10.076 ; 9.807  ; Rise       ; clock           ;
;  sum[15]  ; clock      ; 6.182  ; 6.130  ; Rise       ; clock           ;
;  sum[16]  ; clock      ; 6.392  ; 6.358  ; Rise       ; clock           ;
;  sum[17]  ; clock      ; 7.913  ; 7.762  ; Rise       ; clock           ;
;  sum[18]  ; clock      ; 6.403  ; 6.372  ; Rise       ; clock           ;
;  sum[19]  ; clock      ; 6.005  ; 5.986  ; Rise       ; clock           ;
;  sum[20]  ; clock      ; 6.602  ; 6.556  ; Rise       ; clock           ;
;  sum[21]  ; clock      ; 6.604  ; 6.560  ; Rise       ; clock           ;
;  sum[22]  ; clock      ; 6.274  ; 6.246  ; Rise       ; clock           ;
;  sum[23]  ; clock      ; 6.342  ; 6.294  ; Rise       ; clock           ;
;  sum[24]  ; clock      ; 6.529  ; 6.460  ; Rise       ; clock           ;
;  sum[25]  ; clock      ; 6.570  ; 6.501  ; Rise       ; clock           ;
;  sum[26]  ; clock      ; 6.571  ; 6.500  ; Rise       ; clock           ;
;  sum[27]  ; clock      ; 7.885  ; 7.891  ; Rise       ; clock           ;
;  sum[28]  ; clock      ; 7.992  ; 7.946  ; Rise       ; clock           ;
;  sum[29]  ; clock      ; 6.796  ; 6.745  ; Rise       ; clock           ;
;  sum[30]  ; clock      ; 7.146  ; 7.144  ; Rise       ; clock           ;
;  sum[31]  ; clock      ; 6.960  ; 6.855  ; Rise       ; clock           ;
;  sum[32]  ; clock      ; 6.498  ; 6.461  ; Rise       ; clock           ;
;  sum[33]  ; clock      ; 10.654 ; 10.403 ; Rise       ; clock           ;
;  sum[34]  ; clock      ; 6.803  ; 6.788  ; Rise       ; clock           ;
;  sum[35]  ; clock      ; 6.993  ; 6.900  ; Rise       ; clock           ;
;  sum[36]  ; clock      ; 6.952  ; 6.862  ; Rise       ; clock           ;
;  sum[37]  ; clock      ; 7.010  ; 6.961  ; Rise       ; clock           ;
;  sum[38]  ; clock      ; 7.073  ; 7.022  ; Rise       ; clock           ;
;  sum[39]  ; clock      ; 6.762  ; 6.706  ; Rise       ; clock           ;
;  sum[40]  ; clock      ; 7.873  ; 7.733  ; Rise       ; clock           ;
;  sum[41]  ; clock      ; 9.888  ; 9.441  ; Rise       ; clock           ;
;  sum[42]  ; clock      ; 7.778  ; 7.684  ; Rise       ; clock           ;
;  sum[43]  ; clock      ; 6.709  ; 6.591  ; Rise       ; clock           ;
;  sum[44]  ; clock      ; 6.169  ; 6.120  ; Rise       ; clock           ;
;  sum[45]  ; clock      ; 6.347  ; 6.261  ; Rise       ; clock           ;
;  sum[46]  ; clock      ; 6.332  ; 6.242  ; Rise       ; clock           ;
;  sum[47]  ; clock      ; 6.121  ; 6.069  ; Rise       ; clock           ;
;  sum[48]  ; clock      ; 11.549 ; 11.286 ; Rise       ; clock           ;
;  sum[49]  ; clock      ; 11.264 ; 10.985 ; Rise       ; clock           ;
;  sum[50]  ; clock      ; 6.749  ; 6.690  ; Rise       ; clock           ;
;  sum[51]  ; clock      ; 6.447  ; 6.378  ; Rise       ; clock           ;
;  sum[52]  ; clock      ; 11.128 ; 10.826 ; Rise       ; clock           ;
;  sum[53]  ; clock      ; 6.352  ; 6.266  ; Rise       ; clock           ;
;  sum[54]  ; clock      ; 6.346  ; 6.261  ; Rise       ; clock           ;
;  sum[55]  ; clock      ; 6.621  ; 6.505  ; Rise       ; clock           ;
;  sum[56]  ; clock      ; 6.097  ; 6.047  ; Rise       ; clock           ;
;  sum[57]  ; clock      ; 6.448  ; 6.373  ; Rise       ; clock           ;
;  sum[58]  ; clock      ; 6.425  ; 6.351  ; Rise       ; clock           ;
;  sum[59]  ; clock      ; 6.410  ; 6.342  ; Rise       ; clock           ;
;  sum[60]  ; clock      ; 6.119  ; 6.068  ; Rise       ; clock           ;
;  sum[61]  ; clock      ; 6.096  ; 6.050  ; Rise       ; clock           ;
;  sum[62]  ; clock      ; 6.580  ; 6.462  ; Rise       ; clock           ;
;  sum[63]  ; clock      ; 6.360  ; 6.274  ; Rise       ; clock           ;
+-----------+------------+--------+--------+------------+-----------------+


+-------------------------------------------------------------------------+
; Minimum Clock to Output Times                                           ;
+-----------+------------+--------+--------+------------+-----------------+
; Data Port ; Clock Port ; Rise   ; Fall   ; Clock Edge ; Clock Reference ;
+-----------+------------+--------+--------+------------+-----------------+
; overflow  ; clock      ; 6.342  ; 6.230  ; Rise       ; clock           ;
; sum[*]    ; clock      ; 5.721  ; 5.700  ; Rise       ; clock           ;
;  sum[0]   ; clock      ; 5.721  ; 5.700  ; Rise       ; clock           ;
;  sum[1]   ; clock      ; 5.773  ; 5.753  ; Rise       ; clock           ;
;  sum[2]   ; clock      ; 5.968  ; 5.938  ; Rise       ; clock           ;
;  sum[3]   ; clock      ; 7.870  ; 7.842  ; Rise       ; clock           ;
;  sum[4]   ; clock      ; 5.773  ; 5.752  ; Rise       ; clock           ;
;  sum[5]   ; clock      ; 6.084  ; 6.041  ; Rise       ; clock           ;
;  sum[6]   ; clock      ; 6.094  ; 6.065  ; Rise       ; clock           ;
;  sum[7]   ; clock      ; 6.563  ; 6.511  ; Rise       ; clock           ;
;  sum[8]   ; clock      ; 6.258  ; 6.198  ; Rise       ; clock           ;
;  sum[9]   ; clock      ; 6.234  ; 6.172  ; Rise       ; clock           ;
;  sum[10]  ; clock      ; 7.854  ; 7.840  ; Rise       ; clock           ;
;  sum[11]  ; clock      ; 9.174  ; 8.966  ; Rise       ; clock           ;
;  sum[12]  ; clock      ; 8.036  ; 7.971  ; Rise       ; clock           ;
;  sum[13]  ; clock      ; 6.217  ; 6.154  ; Rise       ; clock           ;
;  sum[14]  ; clock      ; 9.700  ; 9.441  ; Rise       ; clock           ;
;  sum[15]  ; clock      ; 5.964  ; 5.913  ; Rise       ; clock           ;
;  sum[16]  ; clock      ; 6.165  ; 6.130  ; Rise       ; clock           ;
;  sum[17]  ; clock      ; 7.624  ; 7.478  ; Rise       ; clock           ;
;  sum[18]  ; clock      ; 6.176  ; 6.144  ; Rise       ; clock           ;
;  sum[19]  ; clock      ; 5.793  ; 5.773  ; Rise       ; clock           ;
;  sum[20]  ; clock      ; 6.367  ; 6.322  ; Rise       ; clock           ;
;  sum[21]  ; clock      ; 6.370  ; 6.326  ; Rise       ; clock           ;
;  sum[22]  ; clock      ; 6.051  ; 6.023  ; Rise       ; clock           ;
;  sum[23]  ; clock      ; 6.118  ; 6.071  ; Rise       ; clock           ;
;  sum[24]  ; clock      ; 6.296  ; 6.228  ; Rise       ; clock           ;
;  sum[25]  ; clock      ; 6.335  ; 6.267  ; Rise       ; clock           ;
;  sum[26]  ; clock      ; 6.336  ; 6.267  ; Rise       ; clock           ;
;  sum[27]  ; clock      ; 7.639  ; 7.647  ; Rise       ; clock           ;
;  sum[28]  ; clock      ; 7.745  ; 7.703  ; Rise       ; clock           ;
;  sum[29]  ; clock      ; 6.552  ; 6.502  ; Rise       ; clock           ;
;  sum[30]  ; clock      ; 6.885  ; 6.883  ; Rise       ; clock           ;
;  sum[31]  ; clock      ; 6.709  ; 6.608  ; Rise       ; clock           ;
;  sum[32]  ; clock      ; 6.266  ; 6.229  ; Rise       ; clock           ;
;  sum[33]  ; clock      ; 10.255 ; 10.013 ; Rise       ; clock           ;
;  sum[34]  ; clock      ; 6.555  ; 6.541  ; Rise       ; clock           ;
;  sum[35]  ; clock      ; 6.742  ; 6.652  ; Rise       ; clock           ;
;  sum[36]  ; clock      ; 6.703  ; 6.615  ; Rise       ; clock           ;
;  sum[37]  ; clock      ; 6.755  ; 6.707  ; Rise       ; clock           ;
;  sum[38]  ; clock      ; 6.819  ; 6.769  ; Rise       ; clock           ;
;  sum[39]  ; clock      ; 6.517  ; 6.463  ; Rise       ; clock           ;
;  sum[40]  ; clock      ; 7.586  ; 7.451  ; Rise       ; clock           ;
;  sum[41]  ; clock      ; 9.516  ; 9.087  ; Rise       ; clock           ;
;  sum[42]  ; clock      ; 7.496  ; 7.403  ; Rise       ; clock           ;
;  sum[43]  ; clock      ; 6.468  ; 6.354  ; Rise       ; clock           ;
;  sum[44]  ; clock      ; 5.949  ; 5.901  ; Rise       ; clock           ;
;  sum[45]  ; clock      ; 6.117  ; 6.034  ; Rise       ; clock           ;
;  sum[46]  ; clock      ; 6.103  ; 6.016  ; Rise       ; clock           ;
;  sum[47]  ; clock      ; 5.900  ; 5.850  ; Rise       ; clock           ;
;  sum[48]  ; clock      ; 11.113 ; 10.861 ; Rise       ; clock           ;
;  sum[49]  ; clock      ; 10.840 ; 10.571 ; Rise       ; clock           ;
;  sum[50]  ; clock      ; 6.507  ; 6.450  ; Rise       ; clock           ;
;  sum[51]  ; clock      ; 6.218  ; 6.150  ; Rise       ; clock           ;
;  sum[52]  ; clock      ; 10.708 ; 10.418 ; Rise       ; clock           ;
;  sum[53]  ; clock      ; 6.125  ; 6.041  ; Rise       ; clock           ;
;  sum[54]  ; clock      ; 6.119  ; 6.036  ; Rise       ; clock           ;
;  sum[55]  ; clock      ; 6.383  ; 6.271  ; Rise       ; clock           ;
;  sum[56]  ; clock      ; 5.878  ; 5.829  ; Rise       ; clock           ;
;  sum[57]  ; clock      ; 6.215  ; 6.143  ; Rise       ; clock           ;
;  sum[58]  ; clock      ; 6.194  ; 6.122  ; Rise       ; clock           ;
;  sum[59]  ; clock      ; 6.180  ; 6.113  ; Rise       ; clock           ;
;  sum[60]  ; clock      ; 5.901  ; 5.850  ; Rise       ; clock           ;
;  sum[61]  ; clock      ; 5.878  ; 5.833  ; Rise       ; clock           ;
;  sum[62]  ; clock      ; 6.343  ; 6.229  ; Rise       ; clock           ;
;  sum[63]  ; clock      ; 6.133  ; 6.049  ; Rise       ; clock           ;
+-----------+------------+--------+--------+------------+-----------------+


---------------------------------------------
; Slow 1200mV 0C Model Metastability Report ;
---------------------------------------------
No synchronizer chains to report.


+------------------------------------+
; Fast 1200mV 0C Model Setup Summary ;
+-------+--------+-------------------+
; Clock ; Slack  ; End Point TNS     ;
+-------+--------+-------------------+
; clock ; -1.273 ; -16.063           ;
+-------+--------+-------------------+


+-----------------------------------+
; Fast 1200mV 0C Model Hold Summary ;
+-------+-------+-------------------+
; Clock ; Slack ; End Point TNS     ;
+-------+-------+-------------------+
; clock ; 0.179 ; 0.000             ;
+-------+-------+-------------------+


-----------------------------------------
; Fast 1200mV 0C Model Recovery Summary ;
-----------------------------------------
No paths to report.


----------------------------------------
; Fast 1200mV 0C Model Removal Summary ;
----------------------------------------
No paths to report.


+--------------------------------------------------+
; Fast 1200mV 0C Model Minimum Pulse Width Summary ;
+-------+--------+---------------------------------+
; Clock ; Slack  ; End Point TNS                   ;
+-------+--------+---------------------------------+
; clock ; -3.000 ; -159.850                        ;
+-------+--------+---------------------------------+


+--------------------------------------------------------------------------------------------------------------------------------------------------------------------------------------------+
; Fast 1200mV 0C Model Setup: 'clock'                                                                                                                                                        ;
+--------+------------------------------------------------------+------------------------------------------------------+--------------+-------------+--------------+------------+------------+
; Slack  ; From Node                                            ; To Node                                              ; Launch Clock ; Latch Clock ; Relationship ; Clock Skew ; Data Delay ;
+--------+------------------------------------------------------+------------------------------------------------------+--------------+-------------+--------------+------------+------------+
; -1.273 ; lab2_3:inst|lab2_LookaheadCarry:b2v_inst7|carry_out  ; lab2_3:inst|lab2_LookaheadCarry:b2v_inst8|sum[3]     ; clock        ; clock       ; 1.000        ; -0.120     ; 2.140      ;
; -1.264 ; lab2_3:inst|lab2_LookaheadCarry:b2v_inst7|carry_out  ; lab2_3:inst|lab2_LookaheadCarry:b2v_inst8|carry_out  ; clock        ; clock       ; 1.000        ; -0.118     ; 2.133      ;
; -1.162 ; lab2_3:inst|lab2_LookaheadCarry:b2v_inst7|carry_out  ; lab2_3:inst|lab2_LookaheadCarry:b2v_inst8|sum[2]     ; clock        ; clock       ; 1.000        ; -0.120     ; 2.029      ;
; -0.992 ; lab2_3:inst|lab2_LookaheadCarry:b2v_inst7|carry_out  ; lab2_3:inst|lab2_LookaheadCarry:b2v_inst8|sum[1]     ; clock        ; clock       ; 1.000        ; -0.120     ; 1.859      ;
; -0.990 ; lab2_3:inst|lab2_LookaheadCarry:b2v_inst7|carry_out  ; lab2_3:inst|lab2_LookaheadCarry:b2v_inst8|sum[0]     ; clock        ; clock       ; 1.000        ; -0.120     ; 1.857      ;
; -0.867 ; lab2_3:inst|lab2_LookaheadCarry:b2v_inst|carry_out   ; lab2_3:inst|lab2_LookaheadCarry:b2v_inst2|carry_out  ; clock        ; clock       ; 1.000        ; -0.033     ; 1.821      ;
; -0.704 ; lab2_3:inst1|lab2_LookaheadCarry:b2v_inst5|carry_out ; lab2_3:inst1|lab2_LookaheadCarry:b2v_inst6|carry_out ; clock        ; clock       ; 1.000        ; -0.071     ; 1.620      ;
; -0.534 ; lab2_3:inst1|lab2_LookaheadCarry:b2v_inst2|carry_out ; lab2_3:inst1|lab2_LookaheadCarry:b2v_inst3|carry_out ; clock        ; clock       ; 1.000        ; 0.020      ; 1.541      ;
; -0.450 ; lab2_3:inst1|lab2_LookaheadCarry:b2v_inst5|carry_out ; lab2_3:inst1|lab2_LookaheadCarry:b2v_inst6|sum[3]    ; clock        ; clock       ; 1.000        ; -0.063     ; 1.374      ;
; -0.444 ; lab2_3:inst|lab2_LookaheadCarry:b2v_inst5|carry_out  ; lab2_3:inst|lab2_LookaheadCarry:b2v_inst6|carry_out  ; clock        ; clock       ; 1.000        ; -0.055     ; 1.376      ;
; -0.442 ; lab2_3:inst1|lab2_LookaheadCarry:b2v_inst2|carry_out ; lab2_3:inst1|lab2_LookaheadCarry:b2v_inst3|sum[2]    ; clock        ; clock       ; 1.000        ; 0.020      ; 1.449      ;
; -0.382 ; lab2_3:inst1|lab2_LookaheadCarry:b2v_inst2|carry_out ; lab2_3:inst1|lab2_LookaheadCarry:b2v_inst3|sum[3]    ; clock        ; clock       ; 1.000        ; 0.020      ; 1.389      ;
; -0.354 ; lab2_3:inst1|lab2_LookaheadCarry:b2v_inst5|carry_out ; lab2_3:inst1|lab2_LookaheadCarry:b2v_inst6|sum[2]    ; clock        ; clock       ; 1.000        ; -0.063     ; 1.278      ;
; -0.329 ; lab2_3:inst1|lab2_LookaheadCarry:b2v_inst7|carry_out ; lab2_3:inst1|lab2_LookaheadCarry:b2v_inst8|carry_out ; clock        ; clock       ; 1.000        ; -0.056     ; 1.260      ;
; -0.294 ; lab2_3:inst|lab2_LookaheadCarry:b2v_inst4|carry_out  ; lab2_3:inst|lab2_LookaheadCarry:b2v_inst5|carry_out  ; clock        ; clock       ; 1.000        ; -0.014     ; 1.267      ;
; -0.292 ; lab2_3:inst1|lab2_LookaheadCarry:b2v_inst4|carry_out ; lab2_3:inst1|lab2_LookaheadCarry:b2v_inst5|sum[2]    ; clock        ; clock       ; 1.000        ; -0.061     ; 1.218      ;
; -0.292 ; lab2_3:inst|lab2_LookaheadCarry:b2v_inst4|carry_out  ; lab2_3:inst|lab2_LookaheadCarry:b2v_inst5|sum[3]     ; clock        ; clock       ; 1.000        ; -0.014     ; 1.265      ;
; -0.287 ; lab2_3:inst1|lab2_LookaheadCarry:b2v_inst7|carry_out ; lab2_3:inst1|lab2_LookaheadCarry:b2v_inst8|sum[2]    ; clock        ; clock       ; 1.000        ; -0.056     ; 1.218      ;
; -0.285 ; lab2_3:inst1|lab2_LookaheadCarry:b2v_inst4|carry_out ; lab2_3:inst1|lab2_LookaheadCarry:b2v_inst5|carry_out ; clock        ; clock       ; 1.000        ; -0.061     ; 1.211      ;
; -0.284 ; lab2_3:inst|lab2_LookaheadCarry:b2v_inst|carry_out   ; lab2_3:inst|lab2_LookaheadCarry:b2v_inst2|sum[3]     ; clock        ; clock       ; 1.000        ; 0.021      ; 1.292      ;
; -0.281 ; lab2_3:inst1|lab2_LookaheadCarry:b2v_inst4|carry_out ; lab2_3:inst1|lab2_LookaheadCarry:b2v_inst5|sum[3]    ; clock        ; clock       ; 1.000        ; -0.061     ; 1.207      ;
; -0.278 ; lab2_3:inst|lab2_LookaheadCarry:b2v_inst|carry_out   ; lab2_3:inst|lab2_LookaheadCarry:b2v_inst2|sum[2]     ; clock        ; clock       ; 1.000        ; 0.021      ; 1.286      ;
; -0.254 ; lab2_3:inst|lab2_LookaheadCarry:b2v_inst2|carry_out  ; lab2_3:inst|lab2_LookaheadCarry:b2v_inst3|sum[3]     ; clock        ; clock       ; 1.000        ; -0.041     ; 1.200      ;
; -0.236 ; lab2_3:inst|lab2_LookaheadCarry:b2v_inst5|carry_out  ; lab2_3:inst|lab2_LookaheadCarry:b2v_inst6|sum[2]     ; clock        ; clock       ; 1.000        ; -0.053     ; 1.170      ;
; -0.231 ; lab2_3:inst|lab2_LookaheadCarry:b2v_inst3|carry_out  ; lab2_3:inst|lab2_LookaheadCarry:b2v_inst4|sum[2]     ; clock        ; clock       ; 1.000        ; -0.059     ; 1.159      ;
; -0.217 ; lab2_3:inst1|lab2_LookaheadCarry:b2v_inst|carry_out  ; lab2_3:inst1|lab2_LookaheadCarry:b2v_inst2|sum[2]    ; clock        ; clock       ; 1.000        ; -0.034     ; 1.170      ;
; -0.216 ; lab2_3:inst1|lab2_LookaheadCarry:b2v_inst7|carry_out ; lab2_3:inst1|lab2_LookaheadCarry:b2v_inst8|sum[3]    ; clock        ; clock       ; 1.000        ; -0.056     ; 1.147      ;
; -0.214 ; lab2_3:inst|lab2_LookaheadCarry:b2v_inst4|carry_out  ; lab2_3:inst|lab2_LookaheadCarry:b2v_inst5|sum[2]     ; clock        ; clock       ; 1.000        ; -0.014     ; 1.187      ;
; -0.211 ; lab2_3:inst|lab2_LookaheadCarry:b2v_inst4|carry_out  ; lab2_3:inst|lab2_LookaheadCarry:b2v_inst5|sum[1]     ; clock        ; clock       ; 1.000        ; -0.014     ; 1.184      ;
; -0.199 ; lab2_3:inst1|lab2_LookaheadCarry:b2v_inst2|carry_out ; lab2_3:inst1|lab2_LookaheadCarry:b2v_inst3|sum[0]    ; clock        ; clock       ; 1.000        ; 0.020      ; 1.206      ;
; -0.195 ; lab2_3:inst1|lab2_LookaheadCarry:b2v_inst2|carry_out ; lab2_3:inst1|lab2_LookaheadCarry:b2v_inst3|sum[1]    ; clock        ; clock       ; 1.000        ; 0.020      ; 1.202      ;
; -0.175 ; lab2_3:inst|lab2_LookaheadCarry:b2v_inst2|carry_out  ; lab2_3:inst|lab2_LookaheadCarry:b2v_inst3|carry_out  ; clock        ; clock       ; 1.000        ; -0.041     ; 1.121      ;
; -0.173 ; lab2_3:inst|lab2_LookaheadCarry:b2v_inst5|carry_out  ; lab2_3:inst|lab2_LookaheadCarry:b2v_inst6|sum[3]     ; clock        ; clock       ; 1.000        ; -0.053     ; 1.107      ;
; -0.135 ; lab2_3:inst1|lab2_LookaheadCarry:b2v_inst|carry_out  ; lab2_3:inst1|lab2_LookaheadCarry:b2v_inst2|carry_out ; clock        ; clock       ; 1.000        ; -0.039     ; 1.083      ;
; -0.131 ; lab2_3:inst1|lab2_LookaheadCarry:b2v_inst6|carry_out ; lab2_3:inst1|lab2_LookaheadCarry:b2v_inst7|carry_out ; clock        ; clock       ; 1.000        ; -0.042     ; 1.076      ;
; -0.121 ; lab2_3:inst1|lab2_LookaheadCarry:b2v_inst6|carry_out ; lab2_3:inst1|lab2_LookaheadCarry:b2v_inst7|sum[3]    ; clock        ; clock       ; 1.000        ; -0.042     ; 1.066      ;
; -0.108 ; lab2_3:inst1|lab2_LookaheadCarry:b2v_inst5|carry_out ; lab2_3:inst1|lab2_LookaheadCarry:b2v_inst6|sum[0]    ; clock        ; clock       ; 1.000        ; -0.063     ; 1.032      ;
; -0.107 ; lab2_3:inst|lab2_LookaheadCarry:b2v_inst8|carry_out  ; lab2_3:inst1|lab2_LookaheadCarry:b2v_inst|sum[3]     ; clock        ; clock       ; 1.000        ; -0.039     ; 1.055      ;
; -0.107 ; lab2_3:inst1|lab2_LookaheadCarry:b2v_inst5|carry_out ; lab2_3:inst1|lab2_LookaheadCarry:b2v_inst6|sum[1]    ; clock        ; clock       ; 1.000        ; -0.063     ; 1.031      ;
; -0.104 ; lab2_3:inst|lab2_LookaheadCarry:b2v_inst|carry_out   ; lab2_3:inst|lab2_LookaheadCarry:b2v_inst2|sum[1]     ; clock        ; clock       ; 1.000        ; 0.021      ; 1.112      ;
; -0.100 ; lab2_3:inst|lab2_LookaheadCarry:b2v_inst|carry_out   ; lab2_3:inst|lab2_LookaheadCarry:b2v_inst2|sum[0]     ; clock        ; clock       ; 1.000        ; 0.021      ; 1.108      ;
; -0.065 ; lab2_3:inst|lab2_LookaheadCarry:b2v_inst3|carry_out  ; lab2_3:inst|lab2_LookaheadCarry:b2v_inst4|carry_out  ; clock        ; clock       ; 1.000        ; -0.041     ; 1.011      ;
; -0.042 ; lab2_3:inst|lab2_LookaheadCarry:b2v_inst4|carry_out  ; lab2_3:inst|lab2_LookaheadCarry:b2v_inst5|sum[0]     ; clock        ; clock       ; 1.000        ; -0.014     ; 1.015      ;
; -0.040 ; lab2_3:inst1|lab2_LookaheadCarry:b2v_inst7|carry_out ; lab2_3:inst1|lab2_LookaheadCarry:b2v_inst8|sum[1]    ; clock        ; clock       ; 1.000        ; -0.056     ; 0.971      ;
; -0.040 ; lab2_3:inst1|lab2_LookaheadCarry:b2v_inst7|carry_out ; lab2_3:inst1|lab2_LookaheadCarry:b2v_inst8|sum[0]    ; clock        ; clock       ; 1.000        ; -0.056     ; 0.971      ;
; -0.039 ; lab2_3:inst1|lab2_LookaheadCarry:b2v_inst|carry_out  ; lab2_3:inst1|lab2_LookaheadCarry:b2v_inst2|sum[3]    ; clock        ; clock       ; 1.000        ; -0.039     ; 0.987      ;
; -0.038 ; lab2_3:inst|lab2_LookaheadCarry:b2v_inst6|carry_out  ; lab2_3:inst|lab2_LookaheadCarry:b2v_inst7|sum[3]     ; clock        ; clock       ; 1.000        ; -0.042     ; 0.983      ;
; -0.038 ; lab2_3:inst1|lab2_LookaheadCarry:b2v_inst4|carry_out ; lab2_3:inst1|lab2_LookaheadCarry:b2v_inst5|sum[0]    ; clock        ; clock       ; 1.000        ; -0.061     ; 0.964      ;
; -0.024 ; lab2_3:inst1|lab2_LookaheadCarry:b2v_inst3|carry_out ; lab2_3:inst1|lab2_LookaheadCarry:b2v_inst4|carry_out ; clock        ; clock       ; 1.000        ; -0.042     ; 0.969      ;
; -0.023 ; lab2_3:inst1|lab2_LookaheadCarry:b2v_inst3|carry_out ; lab2_3:inst1|lab2_LookaheadCarry:b2v_inst4|sum[3]    ; clock        ; clock       ; 1.000        ; -0.042     ; 0.968      ;
; 0.007  ; lab2_3:inst|lab2_LookaheadCarry:b2v_inst5|carry_out  ; lab2_3:inst|lab2_LookaheadCarry:b2v_inst6|sum[1]     ; clock        ; clock       ; 1.000        ; -0.053     ; 0.927      ;
; 0.008  ; lab2_3:inst|lab2_LookaheadCarry:b2v_inst6|carry_out  ; lab2_3:inst|lab2_LookaheadCarry:b2v_inst7|carry_out  ; clock        ; clock       ; 1.000        ; -0.042     ; 0.937      ;
; 0.008  ; lab2_3:inst|lab2_LookaheadCarry:b2v_inst5|carry_out  ; lab2_3:inst|lab2_LookaheadCarry:b2v_inst6|sum[0]     ; clock        ; clock       ; 1.000        ; -0.053     ; 0.926      ;
; 0.039  ; lab2_3:inst|lab2_LookaheadCarry:b2v_inst2|carry_out  ; lab2_3:inst|lab2_LookaheadCarry:b2v_inst3|sum[2]     ; clock        ; clock       ; 1.000        ; -0.046     ; 0.902      ;
; 0.054  ; lab2_3:inst|lab2_LookaheadCarry:b2v_inst3|carry_out  ; lab2_3:inst|lab2_LookaheadCarry:b2v_inst4|sum[3]     ; clock        ; clock       ; 1.000        ; -0.041     ; 0.892      ;
; 0.057  ; lab2_3:inst|lab2_LookaheadCarry:b2v_inst8|carry_out  ; lab2_3:inst1|lab2_LookaheadCarry:b2v_inst|carry_out  ; clock        ; clock       ; 1.000        ; -0.039     ; 0.891      ;
; 0.082  ; lab2_3:inst|lab2_LookaheadCarry:b2v_inst3|carry_out  ; lab2_3:inst|lab2_LookaheadCarry:b2v_inst4|sum[1]     ; clock        ; clock       ; 1.000        ; -0.059     ; 0.846      ;
; 0.085  ; lab2_3:inst|lab2_LookaheadCarry:b2v_inst3|carry_out  ; lab2_3:inst|lab2_LookaheadCarry:b2v_inst4|sum[0]     ; clock        ; clock       ; 1.000        ; -0.059     ; 0.843      ;
; 0.127  ; lab2_3:inst1|lab2_LookaheadCarry:b2v_inst4|carry_out ; lab2_3:inst1|lab2_LookaheadCarry:b2v_inst5|sum[1]    ; clock        ; clock       ; 1.000        ; -0.061     ; 0.799      ;
; 0.136  ; lab2_3:inst|lab2_LookaheadCarry:b2v_inst8|carry_out  ; lab2_3:inst1|lab2_LookaheadCarry:b2v_inst|sum[2]     ; clock        ; clock       ; 1.000        ; -0.037     ; 0.814      ;
; 0.185  ; lab2_3:inst|lab2_LookaheadCarry:b2v_inst2|carry_out  ; lab2_3:inst|lab2_LookaheadCarry:b2v_inst3|sum[1]     ; clock        ; clock       ; 1.000        ; -0.046     ; 0.756      ;
; 0.223  ; lab2_3:inst1|lab2_LookaheadCarry:b2v_inst|carry_out  ; lab2_3:inst1|lab2_LookaheadCarry:b2v_inst2|sum[1]    ; clock        ; clock       ; 1.000        ; -0.034     ; 0.730      ;
; 0.224  ; lab2_3:inst1|lab2_LookaheadCarry:b2v_inst|carry_out  ; lab2_3:inst1|lab2_LookaheadCarry:b2v_inst2|sum[0]    ; clock        ; clock       ; 1.000        ; -0.034     ; 0.729      ;
; 0.243  ; lab2_3:inst|lab2_LookaheadCarry:b2v_inst6|carry_out  ; lab2_3:inst|lab2_LookaheadCarry:b2v_inst7|sum[2]     ; clock        ; clock       ; 1.000        ; -0.042     ; 0.702      ;
; 0.258  ; lab2_3:inst1|lab2_LookaheadCarry:b2v_inst3|carry_out ; lab2_3:inst1|lab2_LookaheadCarry:b2v_inst4|sum[2]    ; clock        ; clock       ; 1.000        ; -0.042     ; 0.687      ;
; 0.297  ; lab2_3:inst1|lab2_LookaheadCarry:b2v_inst6|carry_out ; lab2_3:inst1|lab2_LookaheadCarry:b2v_inst7|sum[2]    ; clock        ; clock       ; 1.000        ; -0.042     ; 0.648      ;
; 0.312  ; lab2_3:inst1|lab2_LookaheadCarry:b2v_inst6|carry_out ; lab2_3:inst1|lab2_LookaheadCarry:b2v_inst7|sum[1]    ; clock        ; clock       ; 1.000        ; -0.042     ; 0.633      ;
; 0.354  ; lab2_3:inst|lab2_LookaheadCarry:b2v_inst2|carry_out  ; lab2_3:inst|lab2_LookaheadCarry:b2v_inst3|sum[0]     ; clock        ; clock       ; 1.000        ; -0.046     ; 0.587      ;
; 0.380  ; lab2_3:inst|lab2_LookaheadCarry:b2v_inst8|carry_out  ; lab2_3:inst1|lab2_LookaheadCarry:b2v_inst|sum[0]     ; clock        ; clock       ; 1.000        ; -0.037     ; 0.570      ;
; 0.381  ; lab2_3:inst|lab2_LookaheadCarry:b2v_inst8|carry_out  ; lab2_3:inst1|lab2_LookaheadCarry:b2v_inst|sum[1]     ; clock        ; clock       ; 1.000        ; -0.037     ; 0.569      ;
; 0.384  ; lab2_3:inst|lab2_LookaheadCarry:b2v_inst6|carry_out  ; lab2_3:inst|lab2_LookaheadCarry:b2v_inst7|sum[1]     ; clock        ; clock       ; 1.000        ; -0.042     ; 0.561      ;
; 0.551  ; lab2_3:inst1|lab2_LookaheadCarry:b2v_inst6|carry_out ; lab2_3:inst1|lab2_LookaheadCarry:b2v_inst7|sum[0]    ; clock        ; clock       ; 1.000        ; -0.042     ; 0.394      ;
; 0.553  ; lab2_3:inst1|lab2_LookaheadCarry:b2v_inst3|carry_out ; lab2_3:inst1|lab2_LookaheadCarry:b2v_inst4|sum[1]    ; clock        ; clock       ; 1.000        ; -0.042     ; 0.392      ;
; 0.556  ; lab2_3:inst1|lab2_LookaheadCarry:b2v_inst3|carry_out ; lab2_3:inst1|lab2_LookaheadCarry:b2v_inst4|sum[0]    ; clock        ; clock       ; 1.000        ; -0.042     ; 0.389      ;
; 0.556  ; lab2_3:inst|lab2_LookaheadCarry:b2v_inst6|carry_out  ; lab2_3:inst|lab2_LookaheadCarry:b2v_inst7|sum[0]     ; clock        ; clock       ; 1.000        ; -0.042     ; 0.389      ;
+--------+------------------------------------------------------+------------------------------------------------------+--------------+-------------+--------------+------------+------------+


+-------------------------------------------------------------------------------------------------------------------------------------------------------------------------------------------+
; Fast 1200mV 0C Model Hold: 'clock'                                                                                                                                                        ;
+-------+------------------------------------------------------+------------------------------------------------------+--------------+-------------+--------------+------------+------------+
; Slack ; From Node                                            ; To Node                                              ; Launch Clock ; Latch Clock ; Relationship ; Clock Skew ; Data Delay ;
+-------+------------------------------------------------------+------------------------------------------------------+--------------+-------------+--------------+------------+------------+
; 0.179 ; lab2_3:inst1|lab2_LookaheadCarry:b2v_inst3|carry_out ; lab2_3:inst1|lab2_LookaheadCarry:b2v_inst4|sum[0]    ; clock        ; clock       ; 0.000        ; 0.042      ; 0.325      ;
; 0.179 ; lab2_3:inst|lab2_LookaheadCarry:b2v_inst6|carry_out  ; lab2_3:inst|lab2_LookaheadCarry:b2v_inst7|sum[0]     ; clock        ; clock       ; 0.000        ; 0.042      ; 0.325      ;
; 0.181 ; lab2_3:inst1|lab2_LookaheadCarry:b2v_inst3|carry_out ; lab2_3:inst1|lab2_LookaheadCarry:b2v_inst4|sum[1]    ; clock        ; clock       ; 0.000        ; 0.042      ; 0.327      ;
; 0.184 ; lab2_3:inst1|lab2_LookaheadCarry:b2v_inst6|carry_out ; lab2_3:inst1|lab2_LookaheadCarry:b2v_inst7|sum[0]    ; clock        ; clock       ; 0.000        ; 0.042      ; 0.330      ;
; 0.296 ; lab2_3:inst|lab2_LookaheadCarry:b2v_inst6|carry_out  ; lab2_3:inst|lab2_LookaheadCarry:b2v_inst7|sum[1]     ; clock        ; clock       ; 0.000        ; 0.042      ; 0.442      ;
; 0.330 ; lab2_3:inst|lab2_LookaheadCarry:b2v_inst8|carry_out  ; lab2_3:inst1|lab2_LookaheadCarry:b2v_inst|sum[1]     ; clock        ; clock       ; 0.000        ; 0.041      ; 0.475      ;
; 0.330 ; lab2_3:inst|lab2_LookaheadCarry:b2v_inst8|carry_out  ; lab2_3:inst1|lab2_LookaheadCarry:b2v_inst|sum[0]     ; clock        ; clock       ; 0.000        ; 0.041      ; 0.475      ;
; 0.357 ; lab2_3:inst1|lab2_LookaheadCarry:b2v_inst6|carry_out ; lab2_3:inst1|lab2_LookaheadCarry:b2v_inst7|sum[1]    ; clock        ; clock       ; 0.000        ; 0.042      ; 0.503      ;
; 0.361 ; lab2_3:inst|lab2_LookaheadCarry:b2v_inst2|carry_out  ; lab2_3:inst|lab2_LookaheadCarry:b2v_inst3|sum[0]     ; clock        ; clock       ; 0.000        ; 0.035      ; 0.500      ;
; 0.409 ; lab2_3:inst1|lab2_LookaheadCarry:b2v_inst6|carry_out ; lab2_3:inst1|lab2_LookaheadCarry:b2v_inst7|sum[2]    ; clock        ; clock       ; 0.000        ; 0.042      ; 0.555      ;
; 0.440 ; lab2_3:inst1|lab2_LookaheadCarry:b2v_inst3|carry_out ; lab2_3:inst1|lab2_LookaheadCarry:b2v_inst4|sum[2]    ; clock        ; clock       ; 0.000        ; 0.042      ; 0.586      ;
; 0.440 ; lab2_3:inst|lab2_LookaheadCarry:b2v_inst6|carry_out  ; lab2_3:inst|lab2_LookaheadCarry:b2v_inst7|sum[2]     ; clock        ; clock       ; 0.000        ; 0.042      ; 0.586      ;
; 0.463 ; lab2_3:inst1|lab2_LookaheadCarry:b2v_inst|carry_out  ; lab2_3:inst1|lab2_LookaheadCarry:b2v_inst2|sum[1]    ; clock        ; clock       ; 0.000        ; 0.044      ; 0.611      ;
; 0.463 ; lab2_3:inst1|lab2_LookaheadCarry:b2v_inst|carry_out  ; lab2_3:inst1|lab2_LookaheadCarry:b2v_inst2|sum[0]    ; clock        ; clock       ; 0.000        ; 0.044      ; 0.611      ;
; 0.480 ; lab2_3:inst|lab2_LookaheadCarry:b2v_inst2|carry_out  ; lab2_3:inst|lab2_LookaheadCarry:b2v_inst3|sum[1]     ; clock        ; clock       ; 0.000        ; 0.035      ; 0.619      ;
; 0.519 ; lab2_3:inst1|lab2_LookaheadCarry:b2v_inst4|carry_out ; lab2_3:inst1|lab2_LookaheadCarry:b2v_inst5|sum[1]    ; clock        ; clock       ; 0.000        ; 0.054      ; 0.677      ;
; 0.542 ; lab2_3:inst|lab2_LookaheadCarry:b2v_inst8|carry_out  ; lab2_3:inst1|lab2_LookaheadCarry:b2v_inst|sum[2]     ; clock        ; clock       ; 0.000        ; 0.041      ; 0.687      ;
; 0.543 ; lab2_3:inst|lab2_LookaheadCarry:b2v_inst3|carry_out  ; lab2_3:inst|lab2_LookaheadCarry:b2v_inst4|sum[0]     ; clock        ; clock       ; 0.000        ; 0.022      ; 0.669      ;
; 0.550 ; lab2_3:inst|lab2_LookaheadCarry:b2v_inst3|carry_out  ; lab2_3:inst|lab2_LookaheadCarry:b2v_inst4|sum[1]     ; clock        ; clock       ; 0.000        ; 0.022      ; 0.676      ;
; 0.594 ; lab2_3:inst|lab2_LookaheadCarry:b2v_inst3|carry_out  ; lab2_3:inst|lab2_LookaheadCarry:b2v_inst4|sum[3]     ; clock        ; clock       ; 0.000        ; 0.041      ; 0.739      ;
; 0.600 ; lab2_3:inst|lab2_LookaheadCarry:b2v_inst8|carry_out  ; lab2_3:inst1|lab2_LookaheadCarry:b2v_inst|carry_out  ; clock        ; clock       ; 0.000        ; 0.039      ; 0.743      ;
; 0.627 ; lab2_3:inst1|lab2_LookaheadCarry:b2v_inst4|carry_out ; lab2_3:inst1|lab2_LookaheadCarry:b2v_inst5|sum[0]    ; clock        ; clock       ; 0.000        ; 0.054      ; 0.785      ;
; 0.632 ; lab2_3:inst|lab2_LookaheadCarry:b2v_inst2|carry_out  ; lab2_3:inst|lab2_LookaheadCarry:b2v_inst3|sum[2]     ; clock        ; clock       ; 0.000        ; 0.035      ; 0.771      ;
; 0.639 ; lab2_3:inst|lab2_LookaheadCarry:b2v_inst5|carry_out  ; lab2_3:inst|lab2_LookaheadCarry:b2v_inst6|sum[0]     ; clock        ; clock       ; 0.000        ; 0.031      ; 0.774      ;
; 0.641 ; lab2_3:inst|lab2_LookaheadCarry:b2v_inst5|carry_out  ; lab2_3:inst|lab2_LookaheadCarry:b2v_inst6|sum[1]     ; clock        ; clock       ; 0.000        ; 0.031      ; 0.776      ;
; 0.644 ; lab2_3:inst|lab2_LookaheadCarry:b2v_inst4|carry_out  ; lab2_3:inst|lab2_LookaheadCarry:b2v_inst5|sum[0]     ; clock        ; clock       ; 0.000        ; 0.099      ; 0.847      ;
; 0.645 ; lab2_3:inst1|lab2_LookaheadCarry:b2v_inst3|carry_out ; lab2_3:inst1|lab2_LookaheadCarry:b2v_inst4|sum[3]    ; clock        ; clock       ; 0.000        ; 0.042      ; 0.791      ;
; 0.648 ; lab2_3:inst1|lab2_LookaheadCarry:b2v_inst3|carry_out ; lab2_3:inst1|lab2_LookaheadCarry:b2v_inst4|carry_out ; clock        ; clock       ; 0.000        ; 0.042      ; 0.794      ;
; 0.658 ; lab2_3:inst|lab2_LookaheadCarry:b2v_inst6|carry_out  ; lab2_3:inst|lab2_LookaheadCarry:b2v_inst7|carry_out  ; clock        ; clock       ; 0.000        ; 0.042      ; 0.804      ;
; 0.664 ; lab2_3:inst1|lab2_LookaheadCarry:b2v_inst|carry_out  ; lab2_3:inst1|lab2_LookaheadCarry:b2v_inst2|sum[3]    ; clock        ; clock       ; 0.000        ; 0.039      ; 0.807      ;
; 0.672 ; lab2_3:inst|lab2_LookaheadCarry:b2v_inst6|carry_out  ; lab2_3:inst|lab2_LookaheadCarry:b2v_inst7|sum[3]     ; clock        ; clock       ; 0.000        ; 0.042      ; 0.818      ;
; 0.688 ; lab2_3:inst|lab2_LookaheadCarry:b2v_inst|carry_out   ; lab2_3:inst|lab2_LookaheadCarry:b2v_inst2|sum[0]     ; clock        ; clock       ; 0.000        ; 0.103      ; 0.895      ;
; 0.691 ; lab2_3:inst1|lab2_LookaheadCarry:b2v_inst7|carry_out ; lab2_3:inst1|lab2_LookaheadCarry:b2v_inst8|sum[1]    ; clock        ; clock       ; 0.000        ; 0.027      ; 0.822      ;
; 0.692 ; lab2_3:inst1|lab2_LookaheadCarry:b2v_inst7|carry_out ; lab2_3:inst1|lab2_LookaheadCarry:b2v_inst8|sum[0]    ; clock        ; clock       ; 0.000        ; 0.027      ; 0.823      ;
; 0.697 ; lab2_3:inst|lab2_LookaheadCarry:b2v_inst|carry_out   ; lab2_3:inst|lab2_LookaheadCarry:b2v_inst2|sum[1]     ; clock        ; clock       ; 0.000        ; 0.103      ; 0.904      ;
; 0.697 ; lab2_3:inst1|lab2_LookaheadCarry:b2v_inst5|carry_out ; lab2_3:inst1|lab2_LookaheadCarry:b2v_inst6|sum[1]    ; clock        ; clock       ; 0.000        ; 0.052      ; 0.853      ;
; 0.697 ; lab2_3:inst1|lab2_LookaheadCarry:b2v_inst5|carry_out ; lab2_3:inst1|lab2_LookaheadCarry:b2v_inst6|sum[0]    ; clock        ; clock       ; 0.000        ; 0.052      ; 0.853      ;
; 0.701 ; lab2_3:inst|lab2_LookaheadCarry:b2v_inst3|carry_out  ; lab2_3:inst|lab2_LookaheadCarry:b2v_inst4|carry_out  ; clock        ; clock       ; 0.000        ; 0.041      ; 0.846      ;
; 0.707 ; lab2_3:inst1|lab2_LookaheadCarry:b2v_inst6|carry_out ; lab2_3:inst1|lab2_LookaheadCarry:b2v_inst7|sum[3]    ; clock        ; clock       ; 0.000        ; 0.042      ; 0.853      ;
; 0.720 ; lab2_3:inst|lab2_LookaheadCarry:b2v_inst8|carry_out  ; lab2_3:inst1|lab2_LookaheadCarry:b2v_inst|sum[3]     ; clock        ; clock       ; 0.000        ; 0.039      ; 0.863      ;
; 0.727 ; lab2_3:inst1|lab2_LookaheadCarry:b2v_inst6|carry_out ; lab2_3:inst1|lab2_LookaheadCarry:b2v_inst7|carry_out ; clock        ; clock       ; 0.000        ; 0.042      ; 0.873      ;
; 0.738 ; lab2_3:inst1|lab2_LookaheadCarry:b2v_inst|carry_out  ; lab2_3:inst1|lab2_LookaheadCarry:b2v_inst2|carry_out ; clock        ; clock       ; 0.000        ; 0.039      ; 0.881      ;
; 0.763 ; lab2_3:inst|lab2_LookaheadCarry:b2v_inst4|carry_out  ; lab2_3:inst|lab2_LookaheadCarry:b2v_inst5|sum[1]     ; clock        ; clock       ; 0.000        ; 0.099      ; 0.966      ;
; 0.763 ; lab2_3:inst1|lab2_LookaheadCarry:b2v_inst2|carry_out ; lab2_3:inst1|lab2_LookaheadCarry:b2v_inst3|sum[1]    ; clock        ; clock       ; 0.000        ; 0.132      ; 0.999      ;
; 0.767 ; lab2_3:inst1|lab2_LookaheadCarry:b2v_inst2|carry_out ; lab2_3:inst1|lab2_LookaheadCarry:b2v_inst3|sum[0]    ; clock        ; clock       ; 0.000        ; 0.132      ; 1.003      ;
; 0.780 ; lab2_3:inst|lab2_LookaheadCarry:b2v_inst2|carry_out  ; lab2_3:inst|lab2_LookaheadCarry:b2v_inst3|carry_out  ; clock        ; clock       ; 0.000        ; 0.041      ; 0.925      ;
; 0.793 ; lab2_3:inst1|lab2_LookaheadCarry:b2v_inst|carry_out  ; lab2_3:inst1|lab2_LookaheadCarry:b2v_inst2|sum[2]    ; clock        ; clock       ; 0.000        ; 0.044      ; 0.941      ;
; 0.796 ; lab2_3:inst|lab2_LookaheadCarry:b2v_inst4|carry_out  ; lab2_3:inst|lab2_LookaheadCarry:b2v_inst5|sum[2]     ; clock        ; clock       ; 0.000        ; 0.099      ; 0.999      ;
; 0.802 ; lab2_3:inst|lab2_LookaheadCarry:b2v_inst5|carry_out  ; lab2_3:inst|lab2_LookaheadCarry:b2v_inst6|sum[3]     ; clock        ; clock       ; 0.000        ; 0.031      ; 0.937      ;
; 0.818 ; lab2_3:inst|lab2_LookaheadCarry:b2v_inst3|carry_out  ; lab2_3:inst|lab2_LookaheadCarry:b2v_inst4|sum[2]     ; clock        ; clock       ; 0.000        ; 0.022      ; 0.944      ;
; 0.828 ; lab2_3:inst|lab2_LookaheadCarry:b2v_inst2|carry_out  ; lab2_3:inst|lab2_LookaheadCarry:b2v_inst3|sum[3]     ; clock        ; clock       ; 0.000        ; 0.041      ; 0.973      ;
; 0.842 ; lab2_3:inst|lab2_LookaheadCarry:b2v_inst|carry_out   ; lab2_3:inst|lab2_LookaheadCarry:b2v_inst2|sum[2]     ; clock        ; clock       ; 0.000        ; 0.103      ; 1.049      ;
; 0.847 ; lab2_3:inst1|lab2_LookaheadCarry:b2v_inst7|carry_out ; lab2_3:inst1|lab2_LookaheadCarry:b2v_inst8|sum[3]    ; clock        ; clock       ; 0.000        ; 0.027      ; 0.978      ;
; 0.850 ; lab2_3:inst|lab2_LookaheadCarry:b2v_inst5|carry_out  ; lab2_3:inst|lab2_LookaheadCarry:b2v_inst6|sum[2]     ; clock        ; clock       ; 0.000        ; 0.031      ; 0.985      ;
; 0.850 ; lab2_3:inst|lab2_LookaheadCarry:b2v_inst|carry_out   ; lab2_3:inst|lab2_LookaheadCarry:b2v_inst2|sum[3]     ; clock        ; clock       ; 0.000        ; 0.103      ; 1.057      ;
; 0.850 ; lab2_3:inst1|lab2_LookaheadCarry:b2v_inst4|carry_out ; lab2_3:inst1|lab2_LookaheadCarry:b2v_inst5|sum[3]    ; clock        ; clock       ; 0.000        ; 0.054      ; 1.008      ;
; 0.850 ; lab2_3:inst1|lab2_LookaheadCarry:b2v_inst4|carry_out ; lab2_3:inst1|lab2_LookaheadCarry:b2v_inst5|sum[2]    ; clock        ; clock       ; 0.000        ; 0.054      ; 1.008      ;
; 0.853 ; lab2_3:inst1|lab2_LookaheadCarry:b2v_inst4|carry_out ; lab2_3:inst1|lab2_LookaheadCarry:b2v_inst5|carry_out ; clock        ; clock       ; 0.000        ; 0.054      ; 1.011      ;
; 0.858 ; lab2_3:inst|lab2_LookaheadCarry:b2v_inst4|carry_out  ; lab2_3:inst|lab2_LookaheadCarry:b2v_inst5|sum[3]     ; clock        ; clock       ; 0.000        ; 0.099      ; 1.061      ;
; 0.860 ; lab2_3:inst|lab2_LookaheadCarry:b2v_inst4|carry_out  ; lab2_3:inst|lab2_LookaheadCarry:b2v_inst5|carry_out  ; clock        ; clock       ; 0.000        ; 0.099      ; 1.063      ;
; 0.909 ; lab2_3:inst1|lab2_LookaheadCarry:b2v_inst5|carry_out ; lab2_3:inst1|lab2_LookaheadCarry:b2v_inst6|sum[2]    ; clock        ; clock       ; 0.000        ; 0.052      ; 1.065      ;
; 0.911 ; lab2_3:inst1|lab2_LookaheadCarry:b2v_inst7|carry_out ; lab2_3:inst1|lab2_LookaheadCarry:b2v_inst8|sum[2]    ; clock        ; clock       ; 0.000        ; 0.027      ; 1.042      ;
; 0.932 ; lab2_3:inst1|lab2_LookaheadCarry:b2v_inst2|carry_out ; lab2_3:inst1|lab2_LookaheadCarry:b2v_inst3|sum[3]    ; clock        ; clock       ; 0.000        ; 0.132      ; 1.168      ;
; 0.950 ; lab2_3:inst1|lab2_LookaheadCarry:b2v_inst7|carry_out ; lab2_3:inst1|lab2_LookaheadCarry:b2v_inst8|carry_out ; clock        ; clock       ; 0.000        ; 0.027      ; 1.081      ;
; 0.970 ; lab2_3:inst1|lab2_LookaheadCarry:b2v_inst5|carry_out ; lab2_3:inst1|lab2_LookaheadCarry:b2v_inst6|sum[3]    ; clock        ; clock       ; 0.000        ; 0.052      ; 1.126      ;
; 0.977 ; lab2_3:inst1|lab2_LookaheadCarry:b2v_inst2|carry_out ; lab2_3:inst1|lab2_LookaheadCarry:b2v_inst3|sum[2]    ; clock        ; clock       ; 0.000        ; 0.132      ; 1.213      ;
; 1.041 ; lab2_3:inst|lab2_LookaheadCarry:b2v_inst5|carry_out  ; lab2_3:inst|lab2_LookaheadCarry:b2v_inst6|carry_out  ; clock        ; clock       ; 0.000        ; 0.029      ; 1.174      ;
; 1.059 ; lab2_3:inst1|lab2_LookaheadCarry:b2v_inst2|carry_out ; lab2_3:inst1|lab2_LookaheadCarry:b2v_inst3|carry_out ; clock        ; clock       ; 0.000        ; 0.131      ; 1.294      ;
; 1.217 ; lab2_3:inst1|lab2_LookaheadCarry:b2v_inst5|carry_out ; lab2_3:inst1|lab2_LookaheadCarry:b2v_inst6|carry_out ; clock        ; clock       ; 0.000        ; 0.044      ; 1.365      ;
; 1.367 ; lab2_3:inst|lab2_LookaheadCarry:b2v_inst|carry_out   ; lab2_3:inst|lab2_LookaheadCarry:b2v_inst2|carry_out  ; clock        ; clock       ; 0.000        ; 0.077      ; 1.548      ;
; 1.453 ; lab2_3:inst|lab2_LookaheadCarry:b2v_inst7|carry_out  ; lab2_3:inst|lab2_LookaheadCarry:b2v_inst8|sum[0]     ; clock        ; clock       ; 0.000        ; -0.009     ; 1.548      ;
; 1.455 ; lab2_3:inst|lab2_LookaheadCarry:b2v_inst7|carry_out  ; lab2_3:inst|lab2_LookaheadCarry:b2v_inst8|sum[1]     ; clock        ; clock       ; 0.000        ; -0.009     ; 1.550      ;
; 1.606 ; lab2_3:inst|lab2_LookaheadCarry:b2v_inst7|carry_out  ; lab2_3:inst|lab2_LookaheadCarry:b2v_inst8|sum[2]     ; clock        ; clock       ; 0.000        ; -0.009     ; 1.701      ;
; 1.692 ; lab2_3:inst|lab2_LookaheadCarry:b2v_inst7|carry_out  ; lab2_3:inst|lab2_LookaheadCarry:b2v_inst8|carry_out  ; clock        ; clock       ; 0.000        ; -0.007     ; 1.789      ;
; 1.701 ; lab2_3:inst|lab2_LookaheadCarry:b2v_inst7|carry_out  ; lab2_3:inst|lab2_LookaheadCarry:b2v_inst8|sum[3]     ; clock        ; clock       ; 0.000        ; -0.009     ; 1.796      ;
+-------+------------------------------------------------------+------------------------------------------------------+--------------+-------------+--------------+------------+------------+


+--------------------------------------------------------------------------------------------------------------------------------------+
; Fast 1200mV 0C Model Minimum Pulse Width: 'clock'                                                                                    ;
+--------+--------------+----------------+-----------------+-------+------------+------------------------------------------------------+
; Slack  ; Actual Width ; Required Width ; Type            ; Clock ; Clock Edge ; Target                                               ;
+--------+--------------+----------------+-----------------+-------+------------+------------------------------------------------------+
; -3.000 ; 1.000        ; 4.000          ; Port Rate       ; clock ; Rise       ; clock                                                ;
; -1.899 ; 1.000        ; 2.899          ; Min Period      ; clock ; Rise       ; lab2_3:inst1|lab2_LookaheadCarry:b2v_inst2|carry_out ;
; -1.899 ; 1.000        ; 2.899          ; Min Period      ; clock ; Rise       ; lab2_3:inst1|lab2_LookaheadCarry:b2v_inst2|sum[0]    ;
; -1.899 ; 1.000        ; 2.899          ; Min Period      ; clock ; Rise       ; lab2_3:inst1|lab2_LookaheadCarry:b2v_inst2|sum[1]    ;
; -1.899 ; 1.000        ; 2.899          ; Min Period      ; clock ; Rise       ; lab2_3:inst1|lab2_LookaheadCarry:b2v_inst2|sum[2]    ;
; -1.899 ; 1.000        ; 2.899          ; Min Period      ; clock ; Rise       ; lab2_3:inst1|lab2_LookaheadCarry:b2v_inst2|sum[3]    ;
; -1.899 ; 1.000        ; 2.899          ; Min Period      ; clock ; Rise       ; lab2_3:inst1|lab2_LookaheadCarry:b2v_inst3|carry_out ;
; -1.899 ; 1.000        ; 2.899          ; Min Period      ; clock ; Rise       ; lab2_3:inst1|lab2_LookaheadCarry:b2v_inst3|sum[0]    ;
; -1.899 ; 1.000        ; 2.899          ; Min Period      ; clock ; Rise       ; lab2_3:inst1|lab2_LookaheadCarry:b2v_inst3|sum[1]    ;
; -1.899 ; 1.000        ; 2.899          ; Min Period      ; clock ; Rise       ; lab2_3:inst1|lab2_LookaheadCarry:b2v_inst3|sum[2]    ;
; -1.899 ; 1.000        ; 2.899          ; Min Period      ; clock ; Rise       ; lab2_3:inst1|lab2_LookaheadCarry:b2v_inst3|sum[3]    ;
; -1.899 ; 1.000        ; 2.899          ; Min Period      ; clock ; Rise       ; lab2_3:inst1|lab2_LookaheadCarry:b2v_inst4|carry_out ;
; -1.899 ; 1.000        ; 2.899          ; Min Period      ; clock ; Rise       ; lab2_3:inst1|lab2_LookaheadCarry:b2v_inst4|sum[0]    ;
; -1.899 ; 1.000        ; 2.899          ; Min Period      ; clock ; Rise       ; lab2_3:inst1|lab2_LookaheadCarry:b2v_inst4|sum[1]    ;
; -1.899 ; 1.000        ; 2.899          ; Min Period      ; clock ; Rise       ; lab2_3:inst1|lab2_LookaheadCarry:b2v_inst4|sum[2]    ;
; -1.899 ; 1.000        ; 2.899          ; Min Period      ; clock ; Rise       ; lab2_3:inst1|lab2_LookaheadCarry:b2v_inst4|sum[3]    ;
; -1.899 ; 1.000        ; 2.899          ; Min Period      ; clock ; Rise       ; lab2_3:inst1|lab2_LookaheadCarry:b2v_inst5|carry_out ;
; -1.899 ; 1.000        ; 2.899          ; Min Period      ; clock ; Rise       ; lab2_3:inst1|lab2_LookaheadCarry:b2v_inst5|sum[0]    ;
; -1.899 ; 1.000        ; 2.899          ; Min Period      ; clock ; Rise       ; lab2_3:inst1|lab2_LookaheadCarry:b2v_inst5|sum[1]    ;
; -1.899 ; 1.000        ; 2.899          ; Min Period      ; clock ; Rise       ; lab2_3:inst1|lab2_LookaheadCarry:b2v_inst5|sum[2]    ;
; -1.899 ; 1.000        ; 2.899          ; Min Period      ; clock ; Rise       ; lab2_3:inst1|lab2_LookaheadCarry:b2v_inst5|sum[3]    ;
; -1.899 ; 1.000        ; 2.899          ; Min Period      ; clock ; Rise       ; lab2_3:inst1|lab2_LookaheadCarry:b2v_inst6|carry_out ;
; -1.899 ; 1.000        ; 2.899          ; Min Period      ; clock ; Rise       ; lab2_3:inst1|lab2_LookaheadCarry:b2v_inst6|sum[0]    ;
; -1.899 ; 1.000        ; 2.899          ; Min Period      ; clock ; Rise       ; lab2_3:inst1|lab2_LookaheadCarry:b2v_inst6|sum[1]    ;
; -1.899 ; 1.000        ; 2.899          ; Min Period      ; clock ; Rise       ; lab2_3:inst1|lab2_LookaheadCarry:b2v_inst6|sum[2]    ;
; -1.899 ; 1.000        ; 2.899          ; Min Period      ; clock ; Rise       ; lab2_3:inst1|lab2_LookaheadCarry:b2v_inst6|sum[3]    ;
; -1.899 ; 1.000        ; 2.899          ; Min Period      ; clock ; Rise       ; lab2_3:inst1|lab2_LookaheadCarry:b2v_inst7|carry_out ;
; -1.899 ; 1.000        ; 2.899          ; Min Period      ; clock ; Rise       ; lab2_3:inst1|lab2_LookaheadCarry:b2v_inst7|sum[0]    ;
; -1.899 ; 1.000        ; 2.899          ; Min Period      ; clock ; Rise       ; lab2_3:inst1|lab2_LookaheadCarry:b2v_inst7|sum[1]    ;
; -1.899 ; 1.000        ; 2.899          ; Min Period      ; clock ; Rise       ; lab2_3:inst1|lab2_LookaheadCarry:b2v_inst7|sum[2]    ;
; -1.899 ; 1.000        ; 2.899          ; Min Period      ; clock ; Rise       ; lab2_3:inst1|lab2_LookaheadCarry:b2v_inst7|sum[3]    ;
; -1.899 ; 1.000        ; 2.899          ; Min Period      ; clock ; Rise       ; lab2_3:inst1|lab2_LookaheadCarry:b2v_inst8|carry_out ;
; -1.899 ; 1.000        ; 2.899          ; Min Period      ; clock ; Rise       ; lab2_3:inst1|lab2_LookaheadCarry:b2v_inst8|sum[0]    ;
; -1.899 ; 1.000        ; 2.899          ; Min Period      ; clock ; Rise       ; lab2_3:inst1|lab2_LookaheadCarry:b2v_inst8|sum[1]    ;
; -1.899 ; 1.000        ; 2.899          ; Min Period      ; clock ; Rise       ; lab2_3:inst1|lab2_LookaheadCarry:b2v_inst8|sum[2]    ;
; -1.899 ; 1.000        ; 2.899          ; Min Period      ; clock ; Rise       ; lab2_3:inst1|lab2_LookaheadCarry:b2v_inst8|sum[3]    ;
; -1.899 ; 1.000        ; 2.899          ; Min Period      ; clock ; Rise       ; lab2_3:inst1|lab2_LookaheadCarry:b2v_inst|carry_out  ;
; -1.899 ; 1.000        ; 2.899          ; Min Period      ; clock ; Rise       ; lab2_3:inst1|lab2_LookaheadCarry:b2v_inst|sum[0]     ;
; -1.899 ; 1.000        ; 2.899          ; Min Period      ; clock ; Rise       ; lab2_3:inst1|lab2_LookaheadCarry:b2v_inst|sum[1]     ;
; -1.899 ; 1.000        ; 2.899          ; Min Period      ; clock ; Rise       ; lab2_3:inst1|lab2_LookaheadCarry:b2v_inst|sum[2]     ;
; -1.899 ; 1.000        ; 2.899          ; Min Period      ; clock ; Rise       ; lab2_3:inst1|lab2_LookaheadCarry:b2v_inst|sum[3]     ;
; -1.899 ; 1.000        ; 2.899          ; Min Period      ; clock ; Rise       ; lab2_3:inst|lab2_LookaheadCarry:b2v_inst2|carry_out  ;
; -1.899 ; 1.000        ; 2.899          ; Min Period      ; clock ; Rise       ; lab2_3:inst|lab2_LookaheadCarry:b2v_inst2|sum[0]     ;
; -1.899 ; 1.000        ; 2.899          ; Min Period      ; clock ; Rise       ; lab2_3:inst|lab2_LookaheadCarry:b2v_inst2|sum[1]     ;
; -1.899 ; 1.000        ; 2.899          ; Min Period      ; clock ; Rise       ; lab2_3:inst|lab2_LookaheadCarry:b2v_inst2|sum[2]     ;
; -1.899 ; 1.000        ; 2.899          ; Min Period      ; clock ; Rise       ; lab2_3:inst|lab2_LookaheadCarry:b2v_inst2|sum[3]     ;
; -1.899 ; 1.000        ; 2.899          ; Min Period      ; clock ; Rise       ; lab2_3:inst|lab2_LookaheadCarry:b2v_inst3|carry_out  ;
; -1.899 ; 1.000        ; 2.899          ; Min Period      ; clock ; Rise       ; lab2_3:inst|lab2_LookaheadCarry:b2v_inst3|sum[0]     ;
; -1.899 ; 1.000        ; 2.899          ; Min Period      ; clock ; Rise       ; lab2_3:inst|lab2_LookaheadCarry:b2v_inst3|sum[1]     ;
; -1.899 ; 1.000        ; 2.899          ; Min Period      ; clock ; Rise       ; lab2_3:inst|lab2_LookaheadCarry:b2v_inst3|sum[2]     ;
; -1.899 ; 1.000        ; 2.899          ; Min Period      ; clock ; Rise       ; lab2_3:inst|lab2_LookaheadCarry:b2v_inst3|sum[3]     ;
; -1.899 ; 1.000        ; 2.899          ; Min Period      ; clock ; Rise       ; lab2_3:inst|lab2_LookaheadCarry:b2v_inst4|carry_out  ;
; -1.899 ; 1.000        ; 2.899          ; Min Period      ; clock ; Rise       ; lab2_3:inst|lab2_LookaheadCarry:b2v_inst4|sum[0]     ;
; -1.899 ; 1.000        ; 2.899          ; Min Period      ; clock ; Rise       ; lab2_3:inst|lab2_LookaheadCarry:b2v_inst4|sum[1]     ;
; -1.899 ; 1.000        ; 2.899          ; Min Period      ; clock ; Rise       ; lab2_3:inst|lab2_LookaheadCarry:b2v_inst4|sum[2]     ;
; -1.899 ; 1.000        ; 2.899          ; Min Period      ; clock ; Rise       ; lab2_3:inst|lab2_LookaheadCarry:b2v_inst4|sum[3]     ;
; -1.899 ; 1.000        ; 2.899          ; Min Period      ; clock ; Rise       ; lab2_3:inst|lab2_LookaheadCarry:b2v_inst5|carry_out  ;
; -1.899 ; 1.000        ; 2.899          ; Min Period      ; clock ; Rise       ; lab2_3:inst|lab2_LookaheadCarry:b2v_inst5|sum[0]     ;
; -1.899 ; 1.000        ; 2.899          ; Min Period      ; clock ; Rise       ; lab2_3:inst|lab2_LookaheadCarry:b2v_inst5|sum[1]     ;
; -1.899 ; 1.000        ; 2.899          ; Min Period      ; clock ; Rise       ; lab2_3:inst|lab2_LookaheadCarry:b2v_inst5|sum[2]     ;
; -1.899 ; 1.000        ; 2.899          ; Min Period      ; clock ; Rise       ; lab2_3:inst|lab2_LookaheadCarry:b2v_inst5|sum[3]     ;
; -1.899 ; 1.000        ; 2.899          ; Min Period      ; clock ; Rise       ; lab2_3:inst|lab2_LookaheadCarry:b2v_inst6|carry_out  ;
; -1.899 ; 1.000        ; 2.899          ; Min Period      ; clock ; Rise       ; lab2_3:inst|lab2_LookaheadCarry:b2v_inst6|sum[0]     ;
; -1.899 ; 1.000        ; 2.899          ; Min Period      ; clock ; Rise       ; lab2_3:inst|lab2_LookaheadCarry:b2v_inst6|sum[1]     ;
; -1.899 ; 1.000        ; 2.899          ; Min Period      ; clock ; Rise       ; lab2_3:inst|lab2_LookaheadCarry:b2v_inst6|sum[2]     ;
; -1.899 ; 1.000        ; 2.899          ; Min Period      ; clock ; Rise       ; lab2_3:inst|lab2_LookaheadCarry:b2v_inst6|sum[3]     ;
; -1.899 ; 1.000        ; 2.899          ; Min Period      ; clock ; Rise       ; lab2_3:inst|lab2_LookaheadCarry:b2v_inst7|carry_out  ;
; -1.899 ; 1.000        ; 2.899          ; Min Period      ; clock ; Rise       ; lab2_3:inst|lab2_LookaheadCarry:b2v_inst7|sum[0]     ;
; -1.899 ; 1.000        ; 2.899          ; Min Period      ; clock ; Rise       ; lab2_3:inst|lab2_LookaheadCarry:b2v_inst7|sum[1]     ;
; -1.899 ; 1.000        ; 2.899          ; Min Period      ; clock ; Rise       ; lab2_3:inst|lab2_LookaheadCarry:b2v_inst7|sum[2]     ;
; -1.899 ; 1.000        ; 2.899          ; Min Period      ; clock ; Rise       ; lab2_3:inst|lab2_LookaheadCarry:b2v_inst7|sum[3]     ;
; -1.899 ; 1.000        ; 2.899          ; Min Period      ; clock ; Rise       ; lab2_3:inst|lab2_LookaheadCarry:b2v_inst8|carry_out  ;
; -1.899 ; 1.000        ; 2.899          ; Min Period      ; clock ; Rise       ; lab2_3:inst|lab2_LookaheadCarry:b2v_inst8|sum[0]     ;
; -1.899 ; 1.000        ; 2.899          ; Min Period      ; clock ; Rise       ; lab2_3:inst|lab2_LookaheadCarry:b2v_inst8|sum[1]     ;
; -1.899 ; 1.000        ; 2.899          ; Min Period      ; clock ; Rise       ; lab2_3:inst|lab2_LookaheadCarry:b2v_inst8|sum[2]     ;
; -1.899 ; 1.000        ; 2.899          ; Min Period      ; clock ; Rise       ; lab2_3:inst|lab2_LookaheadCarry:b2v_inst8|sum[3]     ;
; -1.899 ; 1.000        ; 2.899          ; Min Period      ; clock ; Rise       ; lab2_3:inst|lab2_LookaheadCarry:b2v_inst|carry_out   ;
; -1.899 ; 1.000        ; 2.899          ; Min Period      ; clock ; Rise       ; lab2_3:inst|lab2_LookaheadCarry:b2v_inst|sum[0]      ;
; -1.899 ; 1.000        ; 2.899          ; Min Period      ; clock ; Rise       ; lab2_3:inst|lab2_LookaheadCarry:b2v_inst|sum[1]      ;
; -1.899 ; 1.000        ; 2.899          ; Min Period      ; clock ; Rise       ; lab2_3:inst|lab2_LookaheadCarry:b2v_inst|sum[2]      ;
; -1.899 ; 1.000        ; 2.899          ; Min Period      ; clock ; Rise       ; lab2_3:inst|lab2_LookaheadCarry:b2v_inst|sum[3]      ;
; -0.064 ; 0.120        ; 0.184          ; Low Pulse Width ; clock ; Rise       ; lab2_3:inst1|lab2_LookaheadCarry:b2v_inst3|carry_out ;
; -0.064 ; 0.120        ; 0.184          ; Low Pulse Width ; clock ; Rise       ; lab2_3:inst1|lab2_LookaheadCarry:b2v_inst4|carry_out ;
; -0.064 ; 0.120        ; 0.184          ; Low Pulse Width ; clock ; Rise       ; lab2_3:inst1|lab2_LookaheadCarry:b2v_inst4|sum[0]    ;
; -0.064 ; 0.120        ; 0.184          ; Low Pulse Width ; clock ; Rise       ; lab2_3:inst1|lab2_LookaheadCarry:b2v_inst4|sum[1]    ;
; -0.064 ; 0.120        ; 0.184          ; Low Pulse Width ; clock ; Rise       ; lab2_3:inst1|lab2_LookaheadCarry:b2v_inst4|sum[2]    ;
; -0.064 ; 0.120        ; 0.184          ; Low Pulse Width ; clock ; Rise       ; lab2_3:inst1|lab2_LookaheadCarry:b2v_inst4|sum[3]    ;
; -0.063 ; 0.121        ; 0.184          ; Low Pulse Width ; clock ; Rise       ; lab2_3:inst1|lab2_LookaheadCarry:b2v_inst3|sum[0]    ;
; -0.063 ; 0.121        ; 0.184          ; Low Pulse Width ; clock ; Rise       ; lab2_3:inst1|lab2_LookaheadCarry:b2v_inst3|sum[1]    ;
; -0.063 ; 0.121        ; 0.184          ; Low Pulse Width ; clock ; Rise       ; lab2_3:inst1|lab2_LookaheadCarry:b2v_inst3|sum[2]    ;
; -0.063 ; 0.121        ; 0.184          ; Low Pulse Width ; clock ; Rise       ; lab2_3:inst1|lab2_LookaheadCarry:b2v_inst3|sum[3]    ;
; -0.063 ; 0.121        ; 0.184          ; Low Pulse Width ; clock ; Rise       ; lab2_3:inst1|lab2_LookaheadCarry:b2v_inst6|carry_out ;
; -0.063 ; 0.121        ; 0.184          ; Low Pulse Width ; clock ; Rise       ; lab2_3:inst1|lab2_LookaheadCarry:b2v_inst6|sum[0]    ;
; -0.063 ; 0.121        ; 0.184          ; Low Pulse Width ; clock ; Rise       ; lab2_3:inst1|lab2_LookaheadCarry:b2v_inst6|sum[1]    ;
; -0.063 ; 0.121        ; 0.184          ; Low Pulse Width ; clock ; Rise       ; lab2_3:inst1|lab2_LookaheadCarry:b2v_inst6|sum[2]    ;
; -0.063 ; 0.121        ; 0.184          ; Low Pulse Width ; clock ; Rise       ; lab2_3:inst1|lab2_LookaheadCarry:b2v_inst6|sum[3]    ;
; -0.063 ; 0.121        ; 0.184          ; Low Pulse Width ; clock ; Rise       ; lab2_3:inst1|lab2_LookaheadCarry:b2v_inst7|carry_out ;
; -0.063 ; 0.121        ; 0.184          ; Low Pulse Width ; clock ; Rise       ; lab2_3:inst1|lab2_LookaheadCarry:b2v_inst7|sum[0]    ;
; -0.063 ; 0.121        ; 0.184          ; Low Pulse Width ; clock ; Rise       ; lab2_3:inst1|lab2_LookaheadCarry:b2v_inst7|sum[1]    ;
; -0.063 ; 0.121        ; 0.184          ; Low Pulse Width ; clock ; Rise       ; lab2_3:inst1|lab2_LookaheadCarry:b2v_inst7|sum[2]    ;
+--------+--------------+----------------+-----------------+-------+------------+------------------------------------------------------+


+-----------------------------------------------------------------------+
; Setup Times                                                           ;
+-----------+------------+-------+-------+------------+-----------------+
; Data Port ; Clock Port ; Rise  ; Fall  ; Clock Edge ; Clock Reference ;
+-----------+------------+-------+-------+------------+-----------------+
; a[*]      ; clock      ; 2.165 ; 2.839 ; Rise       ; clock           ;
;  a[0]     ; clock      ; 1.704 ; 2.369 ; Rise       ; clock           ;
;  a[1]     ; clock      ; 1.702 ; 2.350 ; Rise       ; clock           ;
;  a[2]     ; clock      ; 1.713 ; 2.355 ; Rise       ; clock           ;
;  a[3]     ; clock      ; 0.073 ; 0.377 ; Rise       ; clock           ;
;  a[4]     ; clock      ; 1.363 ; 1.960 ; Rise       ; clock           ;
;  a[5]     ; clock      ; 1.568 ; 2.200 ; Rise       ; clock           ;
;  a[6]     ; clock      ; 0.196 ; 0.501 ; Rise       ; clock           ;
;  a[7]     ; clock      ; 1.153 ; 1.802 ; Rise       ; clock           ;
;  a[8]     ; clock      ; 1.368 ; 1.962 ; Rise       ; clock           ;
;  a[9]     ; clock      ; 1.085 ; 1.651 ; Rise       ; clock           ;
;  a[10]    ; clock      ; 1.252 ; 1.807 ; Rise       ; clock           ;
;  a[11]    ; clock      ; 1.006 ; 1.644 ; Rise       ; clock           ;
;  a[12]    ; clock      ; 1.073 ; 1.669 ; Rise       ; clock           ;
;  a[13]    ; clock      ; 1.400 ; 2.033 ; Rise       ; clock           ;
;  a[14]    ; clock      ; 1.012 ; 1.573 ; Rise       ; clock           ;
;  a[15]    ; clock      ; 1.095 ; 1.743 ; Rise       ; clock           ;
;  a[16]    ; clock      ; 1.540 ; 2.198 ; Rise       ; clock           ;
;  a[17]    ; clock      ; 2.098 ; 2.780 ; Rise       ; clock           ;
;  a[18]    ; clock      ; 1.678 ; 2.434 ; Rise       ; clock           ;
;  a[19]    ; clock      ; 1.046 ; 1.672 ; Rise       ; clock           ;
;  a[20]    ; clock      ; 1.049 ; 1.633 ; Rise       ; clock           ;
;  a[21]    ; clock      ; 1.839 ; 2.447 ; Rise       ; clock           ;
;  a[22]    ; clock      ; 1.040 ; 1.639 ; Rise       ; clock           ;
;  a[23]    ; clock      ; 1.701 ; 2.403 ; Rise       ; clock           ;
;  a[24]    ; clock      ; 2.093 ; 2.691 ; Rise       ; clock           ;
;  a[25]    ; clock      ; 2.165 ; 2.740 ; Rise       ; clock           ;
;  a[26]    ; clock      ; 1.710 ; 2.433 ; Rise       ; clock           ;
;  a[27]    ; clock      ; 1.733 ; 2.499 ; Rise       ; clock           ;
;  a[28]    ; clock      ; 0.525 ; 1.107 ; Rise       ; clock           ;
;  a[29]    ; clock      ; 1.429 ; 1.976 ; Rise       ; clock           ;
;  a[30]    ; clock      ; 1.206 ; 1.770 ; Rise       ; clock           ;
;  a[31]    ; clock      ; 0.818 ; 1.384 ; Rise       ; clock           ;
;  a[32]    ; clock      ; 1.417 ; 2.097 ; Rise       ; clock           ;
;  a[33]    ; clock      ; 1.255 ; 1.915 ; Rise       ; clock           ;
;  a[34]    ; clock      ; 1.649 ; 2.272 ; Rise       ; clock           ;
;  a[35]    ; clock      ; 1.460 ; 2.068 ; Rise       ; clock           ;
;  a[36]    ; clock      ; 1.450 ; 2.097 ; Rise       ; clock           ;
;  a[37]    ; clock      ; 1.205 ; 1.881 ; Rise       ; clock           ;
;  a[38]    ; clock      ; 1.520 ; 2.140 ; Rise       ; clock           ;
;  a[39]    ; clock      ; 1.457 ; 2.109 ; Rise       ; clock           ;
;  a[40]    ; clock      ; 1.009 ; 1.638 ; Rise       ; clock           ;
;  a[41]    ; clock      ; 1.377 ; 1.978 ; Rise       ; clock           ;
;  a[42]    ; clock      ; 1.479 ; 2.096 ; Rise       ; clock           ;
;  a[43]    ; clock      ; 1.402 ; 2.019 ; Rise       ; clock           ;
;  a[44]    ; clock      ; 0.947 ; 1.590 ; Rise       ; clock           ;
;  a[45]    ; clock      ; 0.887 ; 1.505 ; Rise       ; clock           ;
;  a[46]    ; clock      ; 1.106 ; 1.686 ; Rise       ; clock           ;
;  a[47]    ; clock      ; 1.116 ; 1.692 ; Rise       ; clock           ;
;  a[48]    ; clock      ; 0.827 ; 1.426 ; Rise       ; clock           ;
;  a[49]    ; clock      ; 1.092 ; 1.679 ; Rise       ; clock           ;
;  a[50]    ; clock      ; 2.104 ; 2.839 ; Rise       ; clock           ;
;  a[51]    ; clock      ; 1.051 ; 1.632 ; Rise       ; clock           ;
;  a[52]    ; clock      ; 1.676 ; 2.434 ; Rise       ; clock           ;
;  a[53]    ; clock      ; 1.564 ; 2.185 ; Rise       ; clock           ;
;  a[54]    ; clock      ; 1.807 ; 2.418 ; Rise       ; clock           ;
;  a[55]    ; clock      ; 1.390 ; 1.964 ; Rise       ; clock           ;
;  a[56]    ; clock      ; 1.109 ; 1.778 ; Rise       ; clock           ;
;  a[57]    ; clock      ; 0.932 ; 1.545 ; Rise       ; clock           ;
;  a[58]    ; clock      ; 1.399 ; 1.984 ; Rise       ; clock           ;
;  a[59]    ; clock      ; 1.114 ; 1.697 ; Rise       ; clock           ;
;  a[60]    ; clock      ; 1.137 ; 1.770 ; Rise       ; clock           ;
;  a[61]    ; clock      ; 1.072 ; 1.667 ; Rise       ; clock           ;
;  a[62]    ; clock      ; 1.167 ; 1.745 ; Rise       ; clock           ;
;  a[63]    ; clock      ; 1.277 ; 1.878 ; Rise       ; clock           ;
; b[*]      ; clock      ; 2.538 ; 3.209 ; Rise       ; clock           ;
;  b[0]     ; clock      ; 0.997 ; 1.597 ; Rise       ; clock           ;
;  b[1]     ; clock      ; 1.333 ; 1.911 ; Rise       ; clock           ;
;  b[2]     ; clock      ; 1.371 ; 1.930 ; Rise       ; clock           ;
;  b[3]     ; clock      ; 0.627 ; 1.197 ; Rise       ; clock           ;
;  b[4]     ; clock      ; 1.640 ; 2.355 ; Rise       ; clock           ;
;  b[5]     ; clock      ; 1.655 ; 2.325 ; Rise       ; clock           ;
;  b[6]     ; clock      ; 2.538 ; 3.194 ; Rise       ; clock           ;
;  b[7]     ; clock      ; 2.402 ; 3.056 ; Rise       ; clock           ;
;  b[8]     ; clock      ; 1.397 ; 2.058 ; Rise       ; clock           ;
;  b[9]     ; clock      ; 1.104 ; 1.735 ; Rise       ; clock           ;
;  b[10]    ; clock      ; 1.927 ; 2.538 ; Rise       ; clock           ;
;  b[11]    ; clock      ; 1.331 ; 2.059 ; Rise       ; clock           ;
;  b[12]    ; clock      ; 1.321 ; 2.040 ; Rise       ; clock           ;
;  b[13]    ; clock      ; 1.026 ; 1.650 ; Rise       ; clock           ;
;  b[14]    ; clock      ; 1.707 ; 2.335 ; Rise       ; clock           ;
;  b[15]    ; clock      ; 1.270 ; 1.853 ; Rise       ; clock           ;
;  b[16]    ; clock      ; 0.826 ; 1.447 ; Rise       ; clock           ;
;  b[17]    ; clock      ; 1.108 ; 1.692 ; Rise       ; clock           ;
;  b[18]    ; clock      ; 0.808 ; 1.347 ; Rise       ; clock           ;
;  b[19]    ; clock      ; 0.788 ; 1.423 ; Rise       ; clock           ;
;  b[20]    ; clock      ; 1.345 ; 2.055 ; Rise       ; clock           ;
;  b[21]    ; clock      ; 1.263 ; 1.825 ; Rise       ; clock           ;
;  b[22]    ; clock      ; 1.374 ; 1.979 ; Rise       ; clock           ;
;  b[23]    ; clock      ; 1.475 ; 2.071 ; Rise       ; clock           ;
;  b[24]    ; clock      ; 1.186 ; 1.821 ; Rise       ; clock           ;
;  b[25]    ; clock      ; 1.347 ; 2.085 ; Rise       ; clock           ;
;  b[26]    ; clock      ; 1.096 ; 1.646 ; Rise       ; clock           ;
;  b[27]    ; clock      ; 1.568 ; 2.185 ; Rise       ; clock           ;
;  b[28]    ; clock      ; 0.137 ; 0.442 ; Rise       ; clock           ;
;  b[29]    ; clock      ; 1.552 ; 2.188 ; Rise       ; clock           ;
;  b[30]    ; clock      ; 1.722 ; 2.356 ; Rise       ; clock           ;
;  b[31]    ; clock      ; 1.678 ; 2.291 ; Rise       ; clock           ;
;  b[32]    ; clock      ; 1.475 ; 2.170 ; Rise       ; clock           ;
;  b[33]    ; clock      ; 1.381 ; 2.079 ; Rise       ; clock           ;
;  b[34]    ; clock      ; 1.589 ; 2.223 ; Rise       ; clock           ;
;  b[35]    ; clock      ; 1.544 ; 2.176 ; Rise       ; clock           ;
;  b[36]    ; clock      ; 2.002 ; 2.755 ; Rise       ; clock           ;
;  b[37]    ; clock      ; 1.333 ; 2.056 ; Rise       ; clock           ;
;  b[38]    ; clock      ; 2.269 ; 3.021 ; Rise       ; clock           ;
;  b[39]    ; clock      ; 1.410 ; 2.029 ; Rise       ; clock           ;
;  b[40]    ; clock      ; 1.399 ; 2.100 ; Rise       ; clock           ;
;  b[41]    ; clock      ; 1.191 ; 1.799 ; Rise       ; clock           ;
;  b[42]    ; clock      ; 1.713 ; 2.324 ; Rise       ; clock           ;
;  b[43]    ; clock      ; 1.244 ; 1.826 ; Rise       ; clock           ;
;  b[44]    ; clock      ; 1.058 ; 1.716 ; Rise       ; clock           ;
;  b[45]    ; clock      ; 0.889 ; 1.467 ; Rise       ; clock           ;
;  b[46]    ; clock      ; 1.142 ; 1.723 ; Rise       ; clock           ;
;  b[47]    ; clock      ; 2.183 ; 2.937 ; Rise       ; clock           ;
;  b[48]    ; clock      ; 0.865 ; 1.472 ; Rise       ; clock           ;
;  b[49]    ; clock      ; 1.019 ; 1.592 ; Rise       ; clock           ;
;  b[50]    ; clock      ; 1.043 ; 1.585 ; Rise       ; clock           ;
;  b[51]    ; clock      ; 1.979 ; 2.758 ; Rise       ; clock           ;
;  b[52]    ; clock      ; 1.062 ; 1.714 ; Rise       ; clock           ;
;  b[53]    ; clock      ; 1.463 ; 2.041 ; Rise       ; clock           ;
;  b[54]    ; clock      ; 2.452 ; 3.209 ; Rise       ; clock           ;
;  b[55]    ; clock      ; 1.559 ; 2.156 ; Rise       ; clock           ;
;  b[56]    ; clock      ; 1.553 ; 2.300 ; Rise       ; clock           ;
;  b[57]    ; clock      ; 1.055 ; 1.658 ; Rise       ; clock           ;
;  b[58]    ; clock      ; 1.135 ; 1.703 ; Rise       ; clock           ;
;  b[59]    ; clock      ; 1.136 ; 1.728 ; Rise       ; clock           ;
;  b[60]    ; clock      ; 0.875 ; 1.498 ; Rise       ; clock           ;
;  b[61]    ; clock      ; 2.014 ; 2.782 ; Rise       ; clock           ;
;  b[62]    ; clock      ; 2.068 ; 2.802 ; Rise       ; clock           ;
;  b[63]    ; clock      ; 1.261 ; 1.849 ; Rise       ; clock           ;
; c0        ; clock      ; 1.013 ; 1.629 ; Rise       ; clock           ;
+-----------+------------+-------+-------+------------+-----------------+


+-------------------------------------------------------------------------+
; Hold Times                                                              ;
+-----------+------------+--------+--------+------------+-----------------+
; Data Port ; Clock Port ; Rise   ; Fall   ; Clock Edge ; Clock Reference ;
+-----------+------------+--------+--------+------------+-----------------+
; a[*]      ; clock      ; 0.430  ; 0.168  ; Rise       ; clock           ;
;  a[0]     ; clock      ; -0.696 ; -1.362 ; Rise       ; clock           ;
;  a[1]     ; clock      ; -0.796 ; -1.440 ; Rise       ; clock           ;
;  a[2]     ; clock      ; -1.017 ; -1.673 ; Rise       ; clock           ;
;  a[3]     ; clock      ; 0.430  ; 0.168  ; Rise       ; clock           ;
;  a[4]     ; clock      ; -0.573 ; -1.172 ; Rise       ; clock           ;
;  a[5]     ; clock      ; -0.769 ; -1.382 ; Rise       ; clock           ;
;  a[6]     ; clock      ; 0.393  ; 0.086  ; Rise       ; clock           ;
;  a[7]     ; clock      ; -0.374 ; -0.949 ; Rise       ; clock           ;
;  a[8]     ; clock      ; -0.449 ; -1.018 ; Rise       ; clock           ;
;  a[9]     ; clock      ; -0.390 ; -0.958 ; Rise       ; clock           ;
;  a[10]    ; clock      ; -0.397 ; -0.974 ; Rise       ; clock           ;
;  a[11]    ; clock      ; -0.358 ; -0.941 ; Rise       ; clock           ;
;  a[12]    ; clock      ; -0.621 ; -1.224 ; Rise       ; clock           ;
;  a[13]    ; clock      ; -0.813 ; -1.430 ; Rise       ; clock           ;
;  a[14]    ; clock      ; -0.207 ; -0.760 ; Rise       ; clock           ;
;  a[15]    ; clock      ; -0.497 ; -1.072 ; Rise       ; clock           ;
;  a[16]    ; clock      ; -0.738 ; -1.367 ; Rise       ; clock           ;
;  a[17]    ; clock      ; -1.134 ; -1.810 ; Rise       ; clock           ;
;  a[18]    ; clock      ; -1.133 ; -1.795 ; Rise       ; clock           ;
;  a[19]    ; clock      ; -0.466 ; -1.047 ; Rise       ; clock           ;
;  a[20]    ; clock      ; -0.392 ; -0.952 ; Rise       ; clock           ;
;  a[21]    ; clock      ; -0.577 ; -1.153 ; Rise       ; clock           ;
;  a[22]    ; clock      ; -0.448 ; -1.012 ; Rise       ; clock           ;
;  a[23]    ; clock      ; -0.924 ; -1.542 ; Rise       ; clock           ;
;  a[24]    ; clock      ; -0.264 ; -0.830 ; Rise       ; clock           ;
;  a[25]    ; clock      ; -0.485 ; -1.059 ; Rise       ; clock           ;
;  a[26]    ; clock      ; -0.394 ; -0.945 ; Rise       ; clock           ;
;  a[27]    ; clock      ; -0.667 ; -1.303 ; Rise       ; clock           ;
;  a[28]    ; clock      ; -0.300 ; -0.854 ; Rise       ; clock           ;
;  a[29]    ; clock      ; -0.363 ; -0.916 ; Rise       ; clock           ;
;  a[30]    ; clock      ; -0.383 ; -0.958 ; Rise       ; clock           ;
;  a[31]    ; clock      ; -0.253 ; -0.814 ; Rise       ; clock           ;
;  a[32]    ; clock      ; -0.469 ; -1.075 ; Rise       ; clock           ;
;  a[33]    ; clock      ; -0.782 ; -1.419 ; Rise       ; clock           ;
;  a[34]    ; clock      ; -0.830 ; -1.448 ; Rise       ; clock           ;
;  a[35]    ; clock      ; -0.594 ; -1.213 ; Rise       ; clock           ;
;  a[36]    ; clock      ; -0.595 ; -1.231 ; Rise       ; clock           ;
;  a[37]    ; clock      ; -0.610 ; -1.230 ; Rise       ; clock           ;
;  a[38]    ; clock      ; -0.655 ; -1.272 ; Rise       ; clock           ;
;  a[39]    ; clock      ; -0.634 ; -1.251 ; Rise       ; clock           ;
;  a[40]    ; clock      ; -0.400 ; -0.973 ; Rise       ; clock           ;
;  a[41]    ; clock      ; -0.629 ; -1.228 ; Rise       ; clock           ;
;  a[42]    ; clock      ; -0.765 ; -1.354 ; Rise       ; clock           ;
;  a[43]    ; clock      ; -0.588 ; -1.205 ; Rise       ; clock           ;
;  a[44]    ; clock      ; -0.213 ; -0.758 ; Rise       ; clock           ;
;  a[45]    ; clock      ; -0.467 ; -1.023 ; Rise       ; clock           ;
;  a[46]    ; clock      ; -0.433 ; -1.024 ; Rise       ; clock           ;
;  a[47]    ; clock      ; -0.290 ; -0.859 ; Rise       ; clock           ;
;  a[48]    ; clock      ; -0.281 ; -0.852 ; Rise       ; clock           ;
;  a[49]    ; clock      ; -0.511 ; -1.075 ; Rise       ; clock           ;
;  a[50]    ; clock      ; -1.539 ; -2.293 ; Rise       ; clock           ;
;  a[51]    ; clock      ; -0.436 ; -1.018 ; Rise       ; clock           ;
;  a[52]    ; clock      ; -0.885 ; -1.553 ; Rise       ; clock           ;
;  a[53]    ; clock      ; -0.537 ; -1.130 ; Rise       ; clock           ;
;  a[54]    ; clock      ; -0.902 ; -1.494 ; Rise       ; clock           ;
;  a[55]    ; clock      ; -0.309 ; -0.877 ; Rise       ; clock           ;
;  a[56]    ; clock      ; -0.300 ; -0.855 ; Rise       ; clock           ;
;  a[57]    ; clock      ; -0.509 ; -1.085 ; Rise       ; clock           ;
;  a[58]    ; clock      ; -0.642 ; -1.261 ; Rise       ; clock           ;
;  a[59]    ; clock      ; -0.392 ; -0.970 ; Rise       ; clock           ;
;  a[60]    ; clock      ; -0.458 ; -1.035 ; Rise       ; clock           ;
;  a[61]    ; clock      ; -0.591 ; -1.173 ; Rise       ; clock           ;
;  a[62]    ; clock      ; -0.550 ; -1.101 ; Rise       ; clock           ;
;  a[63]    ; clock      ; -0.529 ; -1.104 ; Rise       ; clock           ;
; b[*]      ; clock      ; 0.387  ; 0.120  ; Rise       ; clock           ;
;  b[0]     ; clock      ; -0.294 ; -0.869 ; Rise       ; clock           ;
;  b[1]     ; clock      ; -0.486 ; -1.078 ; Rise       ; clock           ;
;  b[2]     ; clock      ; -0.347 ; -0.926 ; Rise       ; clock           ;
;  b[3]     ; clock      ; -0.344 ; -0.914 ; Rise       ; clock           ;
;  b[4]     ; clock      ; -0.561 ; -1.156 ; Rise       ; clock           ;
;  b[5]     ; clock      ; -0.293 ; -0.859 ; Rise       ; clock           ;
;  b[6]     ; clock      ; -0.796 ; -1.450 ; Rise       ; clock           ;
;  b[7]     ; clock      ; -0.584 ; -1.231 ; Rise       ; clock           ;
;  b[8]     ; clock      ; -0.496 ; -1.082 ; Rise       ; clock           ;
;  b[9]     ; clock      ; -0.557 ; -1.112 ; Rise       ; clock           ;
;  b[10]    ; clock      ; -0.697 ; -1.305 ; Rise       ; clock           ;
;  b[11]    ; clock      ; -0.655 ; -1.309 ; Rise       ; clock           ;
;  b[12]    ; clock      ; -0.669 ; -1.311 ; Rise       ; clock           ;
;  b[13]    ; clock      ; -0.409 ; -0.963 ; Rise       ; clock           ;
;  b[14]    ; clock      ; -0.754 ; -1.334 ; Rise       ; clock           ;
;  b[15]    ; clock      ; -0.431 ; -1.006 ; Rise       ; clock           ;
;  b[16]    ; clock      ; -0.284 ; -0.853 ; Rise       ; clock           ;
;  b[17]    ; clock      ; -0.457 ; -1.019 ; Rise       ; clock           ;
;  b[18]    ; clock      ; -0.259 ; -0.815 ; Rise       ; clock           ;
;  b[19]    ; clock      ; -0.139 ; -0.699 ; Rise       ; clock           ;
;  b[20]    ; clock      ; -0.684 ; -1.327 ; Rise       ; clock           ;
;  b[21]    ; clock      ; -0.461 ; -1.030 ; Rise       ; clock           ;
;  b[22]    ; clock      ; -0.667 ; -1.246 ; Rise       ; clock           ;
;  b[23]    ; clock      ; -0.504 ; -1.094 ; Rise       ; clock           ;
;  b[24]    ; clock      ; -0.383 ; -0.957 ; Rise       ; clock           ;
;  b[25]    ; clock      ; -0.768 ; -1.415 ; Rise       ; clock           ;
;  b[26]    ; clock      ; -0.400 ; -0.973 ; Rise       ; clock           ;
;  b[27]    ; clock      ; -0.669 ; -1.260 ; Rise       ; clock           ;
;  b[28]    ; clock      ; 0.387  ; 0.120  ; Rise       ; clock           ;
;  b[29]    ; clock      ; -0.803 ; -1.472 ; Rise       ; clock           ;
;  b[30]    ; clock      ; -0.814 ; -1.448 ; Rise       ; clock           ;
;  b[31]    ; clock      ; -0.575 ; -1.183 ; Rise       ; clock           ;
;  b[32]    ; clock      ; -0.694 ; -1.317 ; Rise       ; clock           ;
;  b[33]    ; clock      ; -0.836 ; -1.467 ; Rise       ; clock           ;
;  b[34]    ; clock      ; -0.818 ; -1.424 ; Rise       ; clock           ;
;  b[35]    ; clock      ; -0.653 ; -1.257 ; Rise       ; clock           ;
;  b[36]    ; clock      ; -1.118 ; -1.840 ; Rise       ; clock           ;
;  b[37]    ; clock      ; -0.861 ; -1.519 ; Rise       ; clock           ;
;  b[38]    ; clock      ; -1.374 ; -2.078 ; Rise       ; clock           ;
;  b[39]    ; clock      ; -0.610 ; -1.226 ; Rise       ; clock           ;
;  b[40]    ; clock      ; -0.825 ; -1.477 ; Rise       ; clock           ;
;  b[41]    ; clock      ; -0.453 ; -1.012 ; Rise       ; clock           ;
;  b[42]    ; clock      ; -0.908 ; -1.551 ; Rise       ; clock           ;
;  b[43]    ; clock      ; -0.322 ; -0.878 ; Rise       ; clock           ;
;  b[44]    ; clock      ; -0.242 ; -0.799 ; Rise       ; clock           ;
;  b[45]    ; clock      ; -0.468 ; -1.044 ; Rise       ; clock           ;
;  b[46]    ; clock      ; -0.512 ; -1.090 ; Rise       ; clock           ;
;  b[47]    ; clock      ; -1.220 ; -1.969 ; Rise       ; clock           ;
;  b[48]    ; clock      ; -0.312 ; -0.879 ; Rise       ; clock           ;
;  b[49]    ; clock      ; -0.444 ; -1.016 ; Rise       ; clock           ;
;  b[50]    ; clock      ; -0.493 ; -1.044 ; Rise       ; clock           ;
;  b[51]    ; clock      ; -1.088 ; -1.825 ; Rise       ; clock           ;
;  b[52]    ; clock      ; -0.236 ; -0.792 ; Rise       ; clock           ;
;  b[53]    ; clock      ; -0.464 ; -1.040 ; Rise       ; clock           ;
;  b[54]    ; clock      ; -1.473 ; -2.232 ; Rise       ; clock           ;
;  b[55]    ; clock      ; -0.473 ; -1.043 ; Rise       ; clock           ;
;  b[56]    ; clock      ; -0.591 ; -1.219 ; Rise       ; clock           ;
;  b[57]    ; clock      ; -0.626 ; -1.232 ; Rise       ; clock           ;
;  b[58]    ; clock      ; -0.478 ; -1.033 ; Rise       ; clock           ;
;  b[59]    ; clock      ; -0.415 ; -0.980 ; Rise       ; clock           ;
;  b[60]    ; clock      ; -0.308 ; -0.890 ; Rise       ; clock           ;
;  b[61]    ; clock      ; -1.492 ; -2.225 ; Rise       ; clock           ;
;  b[62]    ; clock      ; -1.413 ; -2.139 ; Rise       ; clock           ;
;  b[63]    ; clock      ; -0.463 ; -1.045 ; Rise       ; clock           ;
; c0        ; clock      ; -0.460 ; -1.031 ; Rise       ; clock           ;
+-----------+------------+--------+--------+------------+-----------------+


+-----------------------------------------------------------------------+
; Clock to Output Times                                                 ;
+-----------+------------+-------+-------+------------+-----------------+
; Data Port ; Clock Port ; Rise  ; Fall  ; Clock Edge ; Clock Reference ;
+-----------+------------+-------+-------+------------+-----------------+
; overflow  ; clock      ; 3.836 ; 3.896 ; Rise       ; clock           ;
; sum[*]    ; clock      ; 6.538 ; 6.967 ; Rise       ; clock           ;
;  sum[0]   ; clock      ; 3.497 ; 3.562 ; Rise       ; clock           ;
;  sum[1]   ; clock      ; 3.549 ; 3.614 ; Rise       ; clock           ;
;  sum[2]   ; clock      ; 3.623 ; 3.707 ; Rise       ; clock           ;
;  sum[3]   ; clock      ; 4.716 ; 4.968 ; Rise       ; clock           ;
;  sum[4]   ; clock      ; 3.551 ; 3.616 ; Rise       ; clock           ;
;  sum[5]   ; clock      ; 3.736 ; 3.815 ; Rise       ; clock           ;
;  sum[6]   ; clock      ; 3.744 ; 3.832 ; Rise       ; clock           ;
;  sum[7]   ; clock      ; 3.982 ; 4.110 ; Rise       ; clock           ;
;  sum[8]   ; clock      ; 3.810 ; 3.911 ; Rise       ; clock           ;
;  sum[9]   ; clock      ; 3.796 ; 3.892 ; Rise       ; clock           ;
;  sum[10]  ; clock      ; 4.921 ; 5.104 ; Rise       ; clock           ;
;  sum[11]  ; clock      ; 5.460 ; 5.719 ; Rise       ; clock           ;
;  sum[12]  ; clock      ; 4.821 ; 5.049 ; Rise       ; clock           ;
;  sum[13]  ; clock      ; 3.778 ; 3.872 ; Rise       ; clock           ;
;  sum[14]  ; clock      ; 5.743 ; 6.036 ; Rise       ; clock           ;
;  sum[15]  ; clock      ; 3.647 ; 3.720 ; Rise       ; clock           ;
;  sum[16]  ; clock      ; 3.795 ; 3.883 ; Rise       ; clock           ;
;  sum[17]  ; clock      ; 4.573 ; 4.764 ; Rise       ; clock           ;
;  sum[18]  ; clock      ; 3.806 ; 3.897 ; Rise       ; clock           ;
;  sum[19]  ; clock      ; 3.573 ; 3.637 ; Rise       ; clock           ;
;  sum[20]  ; clock      ; 3.896 ; 4.001 ; Rise       ; clock           ;
;  sum[21]  ; clock      ; 3.902 ; 4.005 ; Rise       ; clock           ;
;  sum[22]  ; clock      ; 3.701 ; 3.791 ; Rise       ; clock           ;
;  sum[23]  ; clock      ; 3.764 ; 3.842 ; Rise       ; clock           ;
;  sum[24]  ; clock      ; 3.833 ; 3.930 ; Rise       ; clock           ;
;  sum[25]  ; clock      ; 3.854 ; 3.960 ; Rise       ; clock           ;
;  sum[26]  ; clock      ; 3.855 ; 3.960 ; Rise       ; clock           ;
;  sum[27]  ; clock      ; 4.839 ; 4.998 ; Rise       ; clock           ;
;  sum[28]  ; clock      ; 4.860 ; 5.008 ; Rise       ; clock           ;
;  sum[29]  ; clock      ; 3.997 ; 4.093 ; Rise       ; clock           ;
;  sum[30]  ; clock      ; 4.207 ; 4.364 ; Rise       ; clock           ;
;  sum[31]  ; clock      ; 4.054 ; 4.154 ; Rise       ; clock           ;
;  sum[32]  ; clock      ; 3.826 ; 3.908 ; Rise       ; clock           ;
;  sum[33]  ; clock      ; 6.056 ; 6.420 ; Rise       ; clock           ;
;  sum[34]  ; clock      ; 3.955 ; 4.077 ; Rise       ; clock           ;
;  sum[35]  ; clock      ; 4.064 ; 4.192 ; Rise       ; clock           ;
;  sum[36]  ; clock      ; 4.041 ; 4.166 ; Rise       ; clock           ;
;  sum[37]  ; clock      ; 4.066 ; 4.192 ; Rise       ; clock           ;
;  sum[38]  ; clock      ; 4.126 ; 4.259 ; Rise       ; clock           ;
;  sum[39]  ; clock      ; 3.949 ; 4.046 ; Rise       ; clock           ;
;  sum[40]  ; clock      ; 4.558 ; 4.720 ; Rise       ; clock           ;
;  sum[41]  ; clock      ; 5.536 ; 5.758 ; Rise       ; clock           ;
;  sum[42]  ; clock      ; 4.511 ; 4.704 ; Rise       ; clock           ;
;  sum[43]  ; clock      ; 3.925 ; 3.996 ; Rise       ; clock           ;
;  sum[44]  ; clock      ; 3.664 ; 3.707 ; Rise       ; clock           ;
;  sum[45]  ; clock      ; 3.718 ; 3.771 ; Rise       ; clock           ;
;  sum[46]  ; clock      ; 3.707 ; 3.757 ; Rise       ; clock           ;
;  sum[47]  ; clock      ; 3.614 ; 3.656 ; Rise       ; clock           ;
;  sum[48]  ; clock      ; 6.538 ; 6.967 ; Rise       ; clock           ;
;  sum[49]  ; clock      ; 6.387 ; 6.780 ; Rise       ; clock           ;
;  sum[50]  ; clock      ; 3.979 ; 4.067 ; Rise       ; clock           ;
;  sum[51]  ; clock      ; 3.815 ; 3.878 ; Rise       ; clock           ;
;  sum[52]  ; clock      ; 6.308 ; 6.682 ; Rise       ; clock           ;
;  sum[53]  ; clock      ; 3.733 ; 3.783 ; Rise       ; clock           ;
;  sum[54]  ; clock      ; 3.727 ; 3.776 ; Rise       ; clock           ;
;  sum[55]  ; clock      ; 3.862 ; 3.923 ; Rise       ; clock           ;
;  sum[56]  ; clock      ; 3.595 ; 3.636 ; Rise       ; clock           ;
;  sum[57]  ; clock      ; 3.789 ; 3.854 ; Rise       ; clock           ;
;  sum[58]  ; clock      ; 3.778 ; 3.838 ; Rise       ; clock           ;
;  sum[59]  ; clock      ; 3.778 ; 3.837 ; Rise       ; clock           ;
;  sum[60]  ; clock      ; 3.613 ; 3.655 ; Rise       ; clock           ;
;  sum[61]  ; clock      ; 3.599 ; 3.641 ; Rise       ; clock           ;
;  sum[62]  ; clock      ; 3.829 ; 3.892 ; Rise       ; clock           ;
;  sum[63]  ; clock      ; 3.733 ; 3.786 ; Rise       ; clock           ;
+-----------+------------+-------+-------+------------+-----------------+


+-----------------------------------------------------------------------+
; Minimum Clock to Output Times                                         ;
+-----------+------------+-------+-------+------------+-----------------+
; Data Port ; Clock Port ; Rise  ; Fall  ; Clock Edge ; Clock Reference ;
+-----------+------------+-------+-------+------------+-----------------+
; overflow  ; clock      ; 3.711 ; 3.768 ; Rise       ; clock           ;
; sum[*]    ; clock      ; 3.389 ; 3.452 ; Rise       ; clock           ;
;  sum[0]   ; clock      ; 3.389 ; 3.452 ; Rise       ; clock           ;
;  sum[1]   ; clock      ; 3.440 ; 3.504 ; Rise       ; clock           ;
;  sum[2]   ; clock      ; 3.509 ; 3.591 ; Rise       ; clock           ;
;  sum[3]   ; clock      ; 4.559 ; 4.802 ; Rise       ; clock           ;
;  sum[4]   ; clock      ; 3.439 ; 3.502 ; Rise       ; clock           ;
;  sum[5]   ; clock      ; 3.617 ; 3.694 ; Rise       ; clock           ;
;  sum[6]   ; clock      ; 3.625 ; 3.711 ; Rise       ; clock           ;
;  sum[7]   ; clock      ; 3.852 ; 3.977 ; Rise       ; clock           ;
;  sum[8]   ; clock      ; 3.690 ; 3.788 ; Rise       ; clock           ;
;  sum[9]   ; clock      ; 3.676 ; 3.769 ; Rise       ; clock           ;
;  sum[10]  ; clock      ; 4.789 ; 4.967 ; Rise       ; clock           ;
;  sum[11]  ; clock      ; 5.268 ; 5.517 ; Rise       ; clock           ;
;  sum[12]  ; clock      ; 4.657 ; 4.876 ; Rise       ; clock           ;
;  sum[13]  ; clock      ; 3.659 ; 3.750 ; Rise       ; clock           ;
;  sum[14]  ; clock      ; 5.542 ; 5.824 ; Rise       ; clock           ;
;  sum[15]  ; clock      ; 3.532 ; 3.604 ; Rise       ; clock           ;
;  sum[16]  ; clock      ; 3.674 ; 3.760 ; Rise       ; clock           ;
;  sum[17]  ; clock      ; 4.421 ; 4.605 ; Rise       ; clock           ;
;  sum[18]  ; clock      ; 3.686 ; 3.773 ; Rise       ; clock           ;
;  sum[19]  ; clock      ; 3.461 ; 3.524 ; Rise       ; clock           ;
;  sum[20]  ; clock      ; 3.772 ; 3.874 ; Rise       ; clock           ;
;  sum[21]  ; clock      ; 3.778 ; 3.878 ; Rise       ; clock           ;
;  sum[22]  ; clock      ; 3.583 ; 3.670 ; Rise       ; clock           ;
;  sum[23]  ; clock      ; 3.646 ; 3.721 ; Rise       ; clock           ;
;  sum[24]  ; clock      ; 3.711 ; 3.806 ; Rise       ; clock           ;
;  sum[25]  ; clock      ; 3.731 ; 3.834 ; Rise       ; clock           ;
;  sum[26]  ; clock      ; 3.733 ; 3.834 ; Rise       ; clock           ;
;  sum[27]  ; clock      ; 4.710 ; 4.865 ; Rise       ; clock           ;
;  sum[28]  ; clock      ; 4.730 ; 4.874 ; Rise       ; clock           ;
;  sum[29]  ; clock      ; 3.867 ; 3.959 ; Rise       ; clock           ;
;  sum[30]  ; clock      ; 4.066 ; 4.217 ; Rise       ; clock           ;
;  sum[31]  ; clock      ; 3.922 ; 4.018 ; Rise       ; clock           ;
;  sum[32]  ; clock      ; 3.703 ; 3.782 ; Rise       ; clock           ;
;  sum[33]  ; clock      ; 5.843 ; 6.192 ; Rise       ; clock           ;
;  sum[34]  ; clock      ; 3.824 ; 3.941 ; Rise       ; clock           ;
;  sum[35]  ; clock      ; 3.934 ; 4.058 ; Rise       ; clock           ;
;  sum[36]  ; clock      ; 3.911 ; 4.033 ; Rise       ; clock           ;
;  sum[37]  ; clock      ; 3.931 ; 4.052 ; Rise       ; clock           ;
;  sum[38]  ; clock      ; 3.991 ; 4.119 ; Rise       ; clock           ;
;  sum[39]  ; clock      ; 3.819 ; 3.912 ; Rise       ; clock           ;
;  sum[40]  ; clock      ; 4.404 ; 4.560 ; Rise       ; clock           ;
;  sum[41]  ; clock      ; 5.342 ; 5.555 ; Rise       ; clock           ;
;  sum[42]  ; clock      ; 4.361 ; 4.548 ; Rise       ; clock           ;
;  sum[43]  ; clock      ; 3.796 ; 3.865 ; Rise       ; clock           ;
;  sum[44]  ; clock      ; 3.547 ; 3.588 ; Rise       ; clock           ;
;  sum[45]  ; clock      ; 3.596 ; 3.647 ; Rise       ; clock           ;
;  sum[46]  ; clock      ; 3.586 ; 3.634 ; Rise       ; clock           ;
;  sum[47]  ; clock      ; 3.497 ; 3.538 ; Rise       ; clock           ;
;  sum[48]  ; clock      ; 6.303 ; 6.715 ; Rise       ; clock           ;
;  sum[49]  ; clock      ; 6.159 ; 6.535 ; Rise       ; clock           ;
;  sum[50]  ; clock      ; 3.849 ; 3.933 ; Rise       ; clock           ;
;  sum[51]  ; clock      ; 3.691 ; 3.751 ; Rise       ; clock           ;
;  sum[52]  ; clock      ; 6.082 ; 6.442 ; Rise       ; clock           ;
;  sum[53]  ; clock      ; 3.611 ; 3.660 ; Rise       ; clock           ;
;  sum[54]  ; clock      ; 3.605 ; 3.653 ; Rise       ; clock           ;
;  sum[55]  ; clock      ; 3.736 ; 3.794 ; Rise       ; clock           ;
;  sum[56]  ; clock      ; 3.477 ; 3.518 ; Rise       ; clock           ;
;  sum[57]  ; clock      ; 3.665 ; 3.727 ; Rise       ; clock           ;
;  sum[58]  ; clock      ; 3.654 ; 3.712 ; Rise       ; clock           ;
;  sum[59]  ; clock      ; 3.655 ; 3.711 ; Rise       ; clock           ;
;  sum[60]  ; clock      ; 3.496 ; 3.537 ; Rise       ; clock           ;
;  sum[61]  ; clock      ; 3.483 ; 3.523 ; Rise       ; clock           ;
;  sum[62]  ; clock      ; 3.703 ; 3.764 ; Rise       ; clock           ;
;  sum[63]  ; clock      ; 3.612 ; 3.663 ; Rise       ; clock           ;
+-----------+------------+-------+-------+------------+-----------------+


---------------------------------------------
; Fast 1200mV 0C Model Metastability Report ;
---------------------------------------------
No synchronizer chains to report.


+-------------------------------------------------------------------------------+
; Multicorner Timing Analysis Summary                                           ;
+------------------+---------+-------+----------+---------+---------------------+
; Clock            ; Setup   ; Hold  ; Recovery ; Removal ; Minimum Pulse Width ;
+------------------+---------+-------+----------+---------+---------------------+
; Worst-case Slack ; -3.152  ; 0.179 ; N/A      ; N/A     ; -3.000              ;
;  clock           ; -3.152  ; 0.179 ; N/A      ; N/A     ; -3.000              ;
; Design-wide TNS  ; -91.232 ; 0.0   ; 0.0      ; 0.0     ; -159.85             ;
;  clock           ; -91.232 ; 0.000 ; N/A      ; N/A     ; -159.850            ;
+------------------+---------+-------+----------+---------+---------------------+


+-----------------------------------------------------------------------+
; Setup Times                                                           ;
+-----------+------------+-------+-------+------------+-----------------+
; Data Port ; Clock Port ; Rise  ; Fall  ; Clock Edge ; Clock Reference ;
+-----------+------------+-------+-------+------------+-----------------+
; a[*]      ; clock      ; 4.283 ; 4.761 ; Rise       ; clock           ;
;  a[0]     ; clock      ; 3.492 ; 3.948 ; Rise       ; clock           ;
;  a[1]     ; clock      ; 3.405 ; 3.853 ; Rise       ; clock           ;
;  a[2]     ; clock      ; 3.434 ; 3.803 ; Rise       ; clock           ;
;  a[3]     ; clock      ; 0.232 ; 0.377 ; Rise       ; clock           ;
;  a[4]     ; clock      ; 2.924 ; 3.221 ; Rise       ; clock           ;
;  a[5]     ; clock      ; 3.287 ; 3.675 ; Rise       ; clock           ;
;  a[6]     ; clock      ; 0.472 ; 0.656 ; Rise       ; clock           ;
;  a[7]     ; clock      ; 2.604 ; 2.992 ; Rise       ; clock           ;
;  a[8]     ; clock      ; 2.831 ; 3.195 ; Rise       ; clock           ;
;  a[9]     ; clock      ; 2.322 ; 2.679 ; Rise       ; clock           ;
;  a[10]    ; clock      ; 2.661 ; 3.040 ; Rise       ; clock           ;
;  a[11]    ; clock      ; 2.252 ; 2.597 ; Rise       ; clock           ;
;  a[12]    ; clock      ; 2.286 ; 2.627 ; Rise       ; clock           ;
;  a[13]    ; clock      ; 2.965 ; 3.358 ; Rise       ; clock           ;
;  a[14]    ; clock      ; 2.229 ; 2.595 ; Rise       ; clock           ;
;  a[15]    ; clock      ; 2.402 ; 2.770 ; Rise       ; clock           ;
;  a[16]    ; clock      ; 3.213 ; 3.621 ; Rise       ; clock           ;
;  a[17]    ; clock      ; 4.178 ; 4.616 ; Rise       ; clock           ;
;  a[18]    ; clock      ; 3.515 ; 3.996 ; Rise       ; clock           ;
;  a[19]    ; clock      ; 2.339 ; 2.691 ; Rise       ; clock           ;
;  a[20]    ; clock      ; 2.297 ; 2.632 ; Rise       ; clock           ;
;  a[21]    ; clock      ; 3.837 ; 4.178 ; Rise       ; clock           ;
;  a[22]    ; clock      ; 2.291 ; 2.633 ; Rise       ; clock           ;
;  a[23]    ; clock      ; 3.602 ; 3.967 ; Rise       ; clock           ;
;  a[24]    ; clock      ; 4.211 ; 4.538 ; Rise       ; clock           ;
;  a[25]    ; clock      ; 4.259 ; 4.602 ; Rise       ; clock           ;
;  a[26]    ; clock      ; 3.656 ; 3.973 ; Rise       ; clock           ;
;  a[27]    ; clock      ; 3.603 ; 4.070 ; Rise       ; clock           ;
;  a[28]    ; clock      ; 1.162 ; 1.535 ; Rise       ; clock           ;
;  a[29]    ; clock      ; 2.950 ; 3.262 ; Rise       ; clock           ;
;  a[30]    ; clock      ; 2.536 ; 2.881 ; Rise       ; clock           ;
;  a[31]    ; clock      ; 1.742 ; 2.099 ; Rise       ; clock           ;
;  a[32]    ; clock      ; 2.972 ; 3.410 ; Rise       ; clock           ;
;  a[33]    ; clock      ; 2.642 ; 3.072 ; Rise       ; clock           ;
;  a[34]    ; clock      ; 3.368 ; 3.751 ; Rise       ; clock           ;
;  a[35]    ; clock      ; 3.023 ; 3.397 ; Rise       ; clock           ;
;  a[36]    ; clock      ; 2.912 ; 3.340 ; Rise       ; clock           ;
;  a[37]    ; clock      ; 2.552 ; 2.966 ; Rise       ; clock           ;
;  a[38]    ; clock      ; 3.055 ; 3.458 ; Rise       ; clock           ;
;  a[39]    ; clock      ; 3.050 ; 3.479 ; Rise       ; clock           ;
;  a[40]    ; clock      ; 2.226 ; 2.611 ; Rise       ; clock           ;
;  a[41]    ; clock      ; 2.911 ; 3.257 ; Rise       ; clock           ;
;  a[42]    ; clock      ; 3.157 ; 3.522 ; Rise       ; clock           ;
;  a[43]    ; clock      ; 2.954 ; 3.328 ; Rise       ; clock           ;
;  a[44]    ; clock      ; 2.147 ; 2.618 ; Rise       ; clock           ;
;  a[45]    ; clock      ; 2.007 ; 2.408 ; Rise       ; clock           ;
;  a[46]    ; clock      ; 2.420 ; 2.760 ; Rise       ; clock           ;
;  a[47]    ; clock      ; 2.401 ; 2.787 ; Rise       ; clock           ;
;  a[48]    ; clock      ; 1.894 ; 2.239 ; Rise       ; clock           ;
;  a[49]    ; clock      ; 2.388 ; 2.764 ; Rise       ; clock           ;
;  a[50]    ; clock      ; 4.283 ; 4.761 ; Rise       ; clock           ;
;  a[51]    ; clock      ; 2.248 ; 2.594 ; Rise       ; clock           ;
;  a[52]    ; clock      ; 3.530 ; 3.982 ; Rise       ; clock           ;
;  a[53]    ; clock      ; 3.312 ; 3.719 ; Rise       ; clock           ;
;  a[54]    ; clock      ; 3.739 ; 4.077 ; Rise       ; clock           ;
;  a[55]    ; clock      ; 2.852 ; 3.205 ; Rise       ; clock           ;
;  a[56]    ; clock      ; 2.412 ; 2.923 ; Rise       ; clock           ;
;  a[57]    ; clock      ; 2.012 ; 2.424 ; Rise       ; clock           ;
;  a[58]    ; clock      ; 2.978 ; 3.317 ; Rise       ; clock           ;
;  a[59]    ; clock      ; 2.414 ; 2.737 ; Rise       ; clock           ;
;  a[60]    ; clock      ; 2.448 ; 2.811 ; Rise       ; clock           ;
;  a[61]    ; clock      ; 2.255 ; 2.613 ; Rise       ; clock           ;
;  a[62]    ; clock      ; 2.470 ; 2.859 ; Rise       ; clock           ;
;  a[63]    ; clock      ; 2.727 ; 3.057 ; Rise       ; clock           ;
; b[*]      ; clock      ; 4.962 ; 5.501 ; Rise       ; clock           ;
;  b[0]     ; clock      ; 2.102 ; 2.493 ; Rise       ; clock           ;
;  b[1]     ; clock      ; 2.788 ; 3.149 ; Rise       ; clock           ;
;  b[2]     ; clock      ; 2.882 ; 3.206 ; Rise       ; clock           ;
;  b[3]     ; clock      ; 1.377 ; 1.714 ; Rise       ; clock           ;
;  b[4]     ; clock      ; 3.441 ; 3.811 ; Rise       ; clock           ;
;  b[5]     ; clock      ; 3.440 ; 3.795 ; Rise       ; clock           ;
;  b[6]     ; clock      ; 4.898 ; 5.353 ; Rise       ; clock           ;
;  b[7]     ; clock      ; 4.675 ; 5.110 ; Rise       ; clock           ;
;  b[8]     ; clock      ; 3.027 ; 3.389 ; Rise       ; clock           ;
;  b[9]     ; clock      ; 2.514 ; 2.813 ; Rise       ; clock           ;
;  b[10]    ; clock      ; 3.897 ; 4.286 ; Rise       ; clock           ;
;  b[11]    ; clock      ; 2.794 ; 3.301 ; Rise       ; clock           ;
;  b[12]    ; clock      ; 2.726 ; 3.230 ; Rise       ; clock           ;
;  b[13]    ; clock      ; 2.266 ; 2.622 ; Rise       ; clock           ;
;  b[14]    ; clock      ; 3.562 ; 3.934 ; Rise       ; clock           ;
;  b[15]    ; clock      ; 2.742 ; 3.071 ; Rise       ; clock           ;
;  b[16]    ; clock      ; 1.876 ; 2.283 ; Rise       ; clock           ;
;  b[17]    ; clock      ; 2.411 ; 2.778 ; Rise       ; clock           ;
;  b[18]    ; clock      ; 1.821 ; 2.169 ; Rise       ; clock           ;
;  b[19]    ; clock      ; 1.853 ; 2.283 ; Rise       ; clock           ;
;  b[20]    ; clock      ; 2.881 ; 3.302 ; Rise       ; clock           ;
;  b[21]    ; clock      ; 2.671 ; 3.046 ; Rise       ; clock           ;
;  b[22]    ; clock      ; 2.870 ; 3.202 ; Rise       ; clock           ;
;  b[23]    ; clock      ; 3.035 ; 3.396 ; Rise       ; clock           ;
;  b[24]    ; clock      ; 2.640 ; 3.033 ; Rise       ; clock           ;
;  b[25]    ; clock      ; 2.961 ; 3.443 ; Rise       ; clock           ;
;  b[26]    ; clock      ; 2.339 ; 2.661 ; Rise       ; clock           ;
;  b[27]    ; clock      ; 3.327 ; 3.647 ; Rise       ; clock           ;
;  b[28]    ; clock      ; 0.346 ; 0.458 ; Rise       ; clock           ;
;  b[29]    ; clock      ; 3.147 ; 3.531 ; Rise       ; clock           ;
;  b[30]    ; clock      ; 3.439 ; 3.824 ; Rise       ; clock           ;
;  b[31]    ; clock      ; 3.341 ; 3.746 ; Rise       ; clock           ;
;  b[32]    ; clock      ; 3.123 ; 3.572 ; Rise       ; clock           ;
;  b[33]    ; clock      ; 2.919 ; 3.326 ; Rise       ; clock           ;
;  b[34]    ; clock      ; 3.257 ; 3.653 ; Rise       ; clock           ;
;  b[35]    ; clock      ; 3.206 ; 3.623 ; Rise       ; clock           ;
;  b[36]    ; clock      ; 4.013 ; 4.568 ; Rise       ; clock           ;
;  b[37]    ; clock      ; 2.840 ; 3.293 ; Rise       ; clock           ;
;  b[38]    ; clock      ; 4.499 ; 5.070 ; Rise       ; clock           ;
;  b[39]    ; clock      ; 2.908 ; 3.273 ; Rise       ; clock           ;
;  b[40]    ; clock      ; 2.972 ; 3.416 ; Rise       ; clock           ;
;  b[41]    ; clock      ; 2.598 ; 3.027 ; Rise       ; clock           ;
;  b[42]    ; clock      ; 3.566 ; 3.908 ; Rise       ; clock           ;
;  b[43]    ; clock      ; 2.683 ; 3.051 ; Rise       ; clock           ;
;  b[44]    ; clock      ; 2.377 ; 2.844 ; Rise       ; clock           ;
;  b[45]    ; clock      ; 1.920 ; 2.271 ; Rise       ; clock           ;
;  b[46]    ; clock      ; 2.508 ; 2.863 ; Rise       ; clock           ;
;  b[47]    ; clock      ; 4.489 ; 4.998 ; Rise       ; clock           ;
;  b[48]    ; clock      ; 1.921 ; 2.311 ; Rise       ; clock           ;
;  b[49]    ; clock      ; 2.234 ; 2.594 ; Rise       ; clock           ;
;  b[50]    ; clock      ; 2.313 ; 2.617 ; Rise       ; clock           ;
;  b[51]    ; clock      ; 4.102 ; 4.661 ; Rise       ; clock           ;
;  b[52]    ; clock      ; 2.398 ; 2.764 ; Rise       ; clock           ;
;  b[53]    ; clock      ; 3.050 ; 3.392 ; Rise       ; clock           ;
;  b[54]    ; clock      ; 4.962 ; 5.501 ; Rise       ; clock           ;
;  b[55]    ; clock      ; 3.221 ; 3.582 ; Rise       ; clock           ;
;  b[56]    ; clock      ; 3.338 ; 3.876 ; Rise       ; clock           ;
;  b[57]    ; clock      ; 2.275 ; 2.642 ; Rise       ; clock           ;
;  b[58]    ; clock      ; 2.439 ; 2.820 ; Rise       ; clock           ;
;  b[59]    ; clock      ; 2.409 ; 2.769 ; Rise       ; clock           ;
;  b[60]    ; clock      ; 1.970 ; 2.376 ; Rise       ; clock           ;
;  b[61]    ; clock      ; 4.048 ; 4.588 ; Rise       ; clock           ;
;  b[62]    ; clock      ; 4.167 ; 4.675 ; Rise       ; clock           ;
;  b[63]    ; clock      ; 2.651 ; 3.011 ; Rise       ; clock           ;
; c0        ; clock      ; 2.187 ; 2.556 ; Rise       ; clock           ;
+-----------+------------+-------+-------+------------+-----------------+


+-------------------------------------------------------------------------+
; Hold Times                                                              ;
+-----------+------------+--------+--------+------------+-----------------+
; Data Port ; Clock Port ; Rise   ; Fall   ; Clock Edge ; Clock Reference ;
+-----------+------------+--------+--------+------------+-----------------+
; a[*]      ; clock      ; 0.844  ; 0.796  ; Rise       ; clock           ;
;  a[0]     ; clock      ; -0.696 ; -1.362 ; Rise       ; clock           ;
;  a[1]     ; clock      ; -0.796 ; -1.440 ; Rise       ; clock           ;
;  a[2]     ; clock      ; -1.017 ; -1.673 ; Rise       ; clock           ;
;  a[3]     ; clock      ; 0.844  ; 0.796  ; Rise       ; clock           ;
;  a[4]     ; clock      ; -0.573 ; -1.172 ; Rise       ; clock           ;
;  a[5]     ; clock      ; -0.769 ; -1.382 ; Rise       ; clock           ;
;  a[6]     ; clock      ; 0.650  ; 0.514  ; Rise       ; clock           ;
;  a[7]     ; clock      ; -0.374 ; -0.949 ; Rise       ; clock           ;
;  a[8]     ; clock      ; -0.449 ; -1.018 ; Rise       ; clock           ;
;  a[9]     ; clock      ; -0.390 ; -0.958 ; Rise       ; clock           ;
;  a[10]    ; clock      ; -0.397 ; -0.974 ; Rise       ; clock           ;
;  a[11]    ; clock      ; -0.358 ; -0.941 ; Rise       ; clock           ;
;  a[12]    ; clock      ; -0.621 ; -1.224 ; Rise       ; clock           ;
;  a[13]    ; clock      ; -0.813 ; -1.430 ; Rise       ; clock           ;
;  a[14]    ; clock      ; -0.207 ; -0.718 ; Rise       ; clock           ;
;  a[15]    ; clock      ; -0.497 ; -1.072 ; Rise       ; clock           ;
;  a[16]    ; clock      ; -0.738 ; -1.367 ; Rise       ; clock           ;
;  a[17]    ; clock      ; -1.134 ; -1.810 ; Rise       ; clock           ;
;  a[18]    ; clock      ; -1.133 ; -1.795 ; Rise       ; clock           ;
;  a[19]    ; clock      ; -0.466 ; -1.047 ; Rise       ; clock           ;
;  a[20]    ; clock      ; -0.392 ; -0.952 ; Rise       ; clock           ;
;  a[21]    ; clock      ; -0.577 ; -1.153 ; Rise       ; clock           ;
;  a[22]    ; clock      ; -0.448 ; -1.012 ; Rise       ; clock           ;
;  a[23]    ; clock      ; -0.924 ; -1.542 ; Rise       ; clock           ;
;  a[24]    ; clock      ; -0.264 ; -0.817 ; Rise       ; clock           ;
;  a[25]    ; clock      ; -0.485 ; -1.059 ; Rise       ; clock           ;
;  a[26]    ; clock      ; -0.394 ; -0.945 ; Rise       ; clock           ;
;  a[27]    ; clock      ; -0.667 ; -1.303 ; Rise       ; clock           ;
;  a[28]    ; clock      ; -0.300 ; -0.816 ; Rise       ; clock           ;
;  a[29]    ; clock      ; -0.363 ; -0.890 ; Rise       ; clock           ;
;  a[30]    ; clock      ; -0.383 ; -0.958 ; Rise       ; clock           ;
;  a[31]    ; clock      ; -0.253 ; -0.712 ; Rise       ; clock           ;
;  a[32]    ; clock      ; -0.469 ; -1.068 ; Rise       ; clock           ;
;  a[33]    ; clock      ; -0.782 ; -1.419 ; Rise       ; clock           ;
;  a[34]    ; clock      ; -0.830 ; -1.448 ; Rise       ; clock           ;
;  a[35]    ; clock      ; -0.594 ; -1.213 ; Rise       ; clock           ;
;  a[36]    ; clock      ; -0.595 ; -1.231 ; Rise       ; clock           ;
;  a[37]    ; clock      ; -0.610 ; -1.230 ; Rise       ; clock           ;
;  a[38]    ; clock      ; -0.655 ; -1.272 ; Rise       ; clock           ;
;  a[39]    ; clock      ; -0.634 ; -1.251 ; Rise       ; clock           ;
;  a[40]    ; clock      ; -0.400 ; -0.973 ; Rise       ; clock           ;
;  a[41]    ; clock      ; -0.629 ; -1.228 ; Rise       ; clock           ;
;  a[42]    ; clock      ; -0.765 ; -1.354 ; Rise       ; clock           ;
;  a[43]    ; clock      ; -0.588 ; -1.205 ; Rise       ; clock           ;
;  a[44]    ; clock      ; -0.213 ; -0.693 ; Rise       ; clock           ;
;  a[45]    ; clock      ; -0.467 ; -1.023 ; Rise       ; clock           ;
;  a[46]    ; clock      ; -0.433 ; -1.024 ; Rise       ; clock           ;
;  a[47]    ; clock      ; -0.290 ; -0.838 ; Rise       ; clock           ;
;  a[48]    ; clock      ; -0.281 ; -0.821 ; Rise       ; clock           ;
;  a[49]    ; clock      ; -0.511 ; -1.075 ; Rise       ; clock           ;
;  a[50]    ; clock      ; -1.539 ; -2.293 ; Rise       ; clock           ;
;  a[51]    ; clock      ; -0.436 ; -1.018 ; Rise       ; clock           ;
;  a[52]    ; clock      ; -0.885 ; -1.553 ; Rise       ; clock           ;
;  a[53]    ; clock      ; -0.537 ; -1.130 ; Rise       ; clock           ;
;  a[54]    ; clock      ; -0.902 ; -1.494 ; Rise       ; clock           ;
;  a[55]    ; clock      ; -0.309 ; -0.820 ; Rise       ; clock           ;
;  a[56]    ; clock      ; -0.300 ; -0.806 ; Rise       ; clock           ;
;  a[57]    ; clock      ; -0.509 ; -1.085 ; Rise       ; clock           ;
;  a[58]    ; clock      ; -0.642 ; -1.261 ; Rise       ; clock           ;
;  a[59]    ; clock      ; -0.392 ; -0.970 ; Rise       ; clock           ;
;  a[60]    ; clock      ; -0.458 ; -1.035 ; Rise       ; clock           ;
;  a[61]    ; clock      ; -0.591 ; -1.173 ; Rise       ; clock           ;
;  a[62]    ; clock      ; -0.550 ; -1.101 ; Rise       ; clock           ;
;  a[63]    ; clock      ; -0.529 ; -1.104 ; Rise       ; clock           ;
; b[*]      ; clock      ; 0.753  ; 0.725  ; Rise       ; clock           ;
;  b[0]     ; clock      ; -0.294 ; -0.777 ; Rise       ; clock           ;
;  b[1]     ; clock      ; -0.486 ; -1.078 ; Rise       ; clock           ;
;  b[2]     ; clock      ; -0.347 ; -0.922 ; Rise       ; clock           ;
;  b[3]     ; clock      ; -0.344 ; -0.900 ; Rise       ; clock           ;
;  b[4]     ; clock      ; -0.561 ; -1.156 ; Rise       ; clock           ;
;  b[5]     ; clock      ; -0.293 ; -0.859 ; Rise       ; clock           ;
;  b[6]     ; clock      ; -0.796 ; -1.450 ; Rise       ; clock           ;
;  b[7]     ; clock      ; -0.584 ; -1.231 ; Rise       ; clock           ;
;  b[8]     ; clock      ; -0.496 ; -1.082 ; Rise       ; clock           ;
;  b[9]     ; clock      ; -0.557 ; -1.112 ; Rise       ; clock           ;
;  b[10]    ; clock      ; -0.697 ; -1.305 ; Rise       ; clock           ;
;  b[11]    ; clock      ; -0.655 ; -1.309 ; Rise       ; clock           ;
;  b[12]    ; clock      ; -0.669 ; -1.311 ; Rise       ; clock           ;
;  b[13]    ; clock      ; -0.409 ; -0.963 ; Rise       ; clock           ;
;  b[14]    ; clock      ; -0.754 ; -1.334 ; Rise       ; clock           ;
;  b[15]    ; clock      ; -0.431 ; -1.006 ; Rise       ; clock           ;
;  b[16]    ; clock      ; -0.284 ; -0.831 ; Rise       ; clock           ;
;  b[17]    ; clock      ; -0.457 ; -1.019 ; Rise       ; clock           ;
;  b[18]    ; clock      ; -0.259 ; -0.815 ; Rise       ; clock           ;
;  b[19]    ; clock      ; -0.139 ; -0.575 ; Rise       ; clock           ;
;  b[20]    ; clock      ; -0.684 ; -1.327 ; Rise       ; clock           ;
;  b[21]    ; clock      ; -0.461 ; -1.030 ; Rise       ; clock           ;
;  b[22]    ; clock      ; -0.667 ; -1.246 ; Rise       ; clock           ;
;  b[23]    ; clock      ; -0.504 ; -1.094 ; Rise       ; clock           ;
;  b[24]    ; clock      ; -0.383 ; -0.957 ; Rise       ; clock           ;
;  b[25]    ; clock      ; -0.768 ; -1.415 ; Rise       ; clock           ;
;  b[26]    ; clock      ; -0.400 ; -0.973 ; Rise       ; clock           ;
;  b[27]    ; clock      ; -0.669 ; -1.260 ; Rise       ; clock           ;
;  b[28]    ; clock      ; 0.753  ; 0.725  ; Rise       ; clock           ;
;  b[29]    ; clock      ; -0.803 ; -1.472 ; Rise       ; clock           ;
;  b[30]    ; clock      ; -0.814 ; -1.448 ; Rise       ; clock           ;
;  b[31]    ; clock      ; -0.575 ; -1.183 ; Rise       ; clock           ;
;  b[32]    ; clock      ; -0.694 ; -1.317 ; Rise       ; clock           ;
;  b[33]    ; clock      ; -0.836 ; -1.467 ; Rise       ; clock           ;
;  b[34]    ; clock      ; -0.818 ; -1.424 ; Rise       ; clock           ;
;  b[35]    ; clock      ; -0.653 ; -1.257 ; Rise       ; clock           ;
;  b[36]    ; clock      ; -1.118 ; -1.840 ; Rise       ; clock           ;
;  b[37]    ; clock      ; -0.861 ; -1.519 ; Rise       ; clock           ;
;  b[38]    ; clock      ; -1.374 ; -2.078 ; Rise       ; clock           ;
;  b[39]    ; clock      ; -0.610 ; -1.226 ; Rise       ; clock           ;
;  b[40]    ; clock      ; -0.825 ; -1.477 ; Rise       ; clock           ;
;  b[41]    ; clock      ; -0.453 ; -1.012 ; Rise       ; clock           ;
;  b[42]    ; clock      ; -0.908 ; -1.551 ; Rise       ; clock           ;
;  b[43]    ; clock      ; -0.322 ; -0.878 ; Rise       ; clock           ;
;  b[44]    ; clock      ; -0.242 ; -0.755 ; Rise       ; clock           ;
;  b[45]    ; clock      ; -0.468 ; -1.044 ; Rise       ; clock           ;
;  b[46]    ; clock      ; -0.512 ; -1.090 ; Rise       ; clock           ;
;  b[47]    ; clock      ; -1.220 ; -1.969 ; Rise       ; clock           ;
;  b[48]    ; clock      ; -0.312 ; -0.864 ; Rise       ; clock           ;
;  b[49]    ; clock      ; -0.444 ; -1.016 ; Rise       ; clock           ;
;  b[50]    ; clock      ; -0.493 ; -1.044 ; Rise       ; clock           ;
;  b[51]    ; clock      ; -1.088 ; -1.825 ; Rise       ; clock           ;
;  b[52]    ; clock      ; -0.236 ; -0.742 ; Rise       ; clock           ;
;  b[53]    ; clock      ; -0.464 ; -1.040 ; Rise       ; clock           ;
;  b[54]    ; clock      ; -1.473 ; -2.232 ; Rise       ; clock           ;
;  b[55]    ; clock      ; -0.473 ; -1.043 ; Rise       ; clock           ;
;  b[56]    ; clock      ; -0.591 ; -1.219 ; Rise       ; clock           ;
;  b[57]    ; clock      ; -0.626 ; -1.232 ; Rise       ; clock           ;
;  b[58]    ; clock      ; -0.478 ; -1.033 ; Rise       ; clock           ;
;  b[59]    ; clock      ; -0.415 ; -0.980 ; Rise       ; clock           ;
;  b[60]    ; clock      ; -0.308 ; -0.877 ; Rise       ; clock           ;
;  b[61]    ; clock      ; -1.492 ; -2.225 ; Rise       ; clock           ;
;  b[62]    ; clock      ; -1.413 ; -2.139 ; Rise       ; clock           ;
;  b[63]    ; clock      ; -0.463 ; -1.045 ; Rise       ; clock           ;
; c0        ; clock      ; -0.460 ; -1.031 ; Rise       ; clock           ;
+-----------+------------+--------+--------+------------+-----------------+


+-------------------------------------------------------------------------+
; Clock to Output Times                                                   ;
+-----------+------------+--------+--------+------------+-----------------+
; Data Port ; Clock Port ; Rise   ; Fall   ; Clock Edge ; Clock Reference ;
+-----------+------------+--------+--------+------------+-----------------+
; overflow  ; clock      ; 7.269  ; 7.198  ; Rise       ; clock           ;
; sum[*]    ; clock      ; 12.601 ; 12.541 ; Rise       ; clock           ;
;  sum[0]   ; clock      ; 6.580  ; 6.590  ; Rise       ; clock           ;
;  sum[1]   ; clock      ; 6.632  ; 6.644  ; Rise       ; clock           ;
;  sum[2]   ; clock      ; 6.860  ; 6.868  ; Rise       ; clock           ;
;  sum[3]   ; clock      ; 8.959  ; 9.076  ; Rise       ; clock           ;
;  sum[4]   ; clock      ; 6.633  ; 6.643  ; Rise       ; clock           ;
;  sum[5]   ; clock      ; 6.980  ; 6.974  ; Rise       ; clock           ;
;  sum[6]   ; clock      ; 6.989  ; 7.000  ; Rise       ; clock           ;
;  sum[7]   ; clock      ; 7.502  ; 7.525  ; Rise       ; clock           ;
;  sum[8]   ; clock      ; 7.165  ; 7.158  ; Rise       ; clock           ;
;  sum[9]   ; clock      ; 7.137  ; 7.129  ; Rise       ; clock           ;
;  sum[10]  ; clock      ; 9.002  ; 9.091  ; Rise       ; clock           ;
;  sum[11]  ; clock      ; 10.445 ; 10.343 ; Rise       ; clock           ;
;  sum[12]  ; clock      ; 9.179  ; 9.212  ; Rise       ; clock           ;
;  sum[13]  ; clock      ; 7.118  ; 7.113  ; Rise       ; clock           ;
;  sum[14]  ; clock      ; 11.027 ; 10.883 ; Rise       ; clock           ;
;  sum[15]  ; clock      ; 6.835  ; 6.833  ; Rise       ; clock           ;
;  sum[16]  ; clock      ; 7.065  ; 7.071  ; Rise       ; clock           ;
;  sum[17]  ; clock      ; 8.681  ; 8.636  ; Rise       ; clock           ;
;  sum[18]  ; clock      ; 7.077  ; 7.085  ; Rise       ; clock           ;
;  sum[19]  ; clock      ; 6.653  ; 6.665  ; Rise       ; clock           ;
;  sum[20]  ; clock      ; 7.297  ; 7.301  ; Rise       ; clock           ;
;  sum[21]  ; clock      ; 7.298  ; 7.300  ; Rise       ; clock           ;
;  sum[22]  ; clock      ; 6.946  ; 6.959  ; Rise       ; clock           ;
;  sum[23]  ; clock      ; 7.014  ; 7.006  ; Rise       ; clock           ;
;  sum[24]  ; clock      ; 7.206  ; 7.197  ; Rise       ; clock           ;
;  sum[25]  ; clock      ; 7.252  ; 7.242  ; Rise       ; clock           ;
;  sum[26]  ; clock      ; 7.253  ; 7.240  ; Rise       ; clock           ;
;  sum[27]  ; clock      ; 8.774  ; 8.861  ; Rise       ; clock           ;
;  sum[28]  ; clock      ; 8.889  ; 8.933  ; Rise       ; clock           ;
;  sum[29]  ; clock      ; 7.527  ; 7.502  ; Rise       ; clock           ;
;  sum[30]  ; clock      ; 7.915  ; 7.929  ; Rise       ; clock           ;
;  sum[31]  ; clock      ; 7.699  ; 7.640  ; Rise       ; clock           ;
;  sum[32]  ; clock      ; 7.204  ; 7.196  ; Rise       ; clock           ;
;  sum[33]  ; clock      ; 11.656 ; 11.544 ; Rise       ; clock           ;
;  sum[34]  ; clock      ; 7.535  ; 7.568  ; Rise       ; clock           ;
;  sum[35]  ; clock      ; 7.711  ; 7.692  ; Rise       ; clock           ;
;  sum[36]  ; clock      ; 7.670  ; 7.647  ; Rise       ; clock           ;
;  sum[37]  ; clock      ; 7.752  ; 7.766  ; Rise       ; clock           ;
;  sum[38]  ; clock      ; 7.815  ; 7.828  ; Rise       ; clock           ;
;  sum[39]  ; clock      ; 7.494  ; 7.463  ; Rise       ; clock           ;
;  sum[40]  ; clock      ; 8.632  ; 8.611  ; Rise       ; clock           ;
;  sum[41]  ; clock      ; 10.826 ; 10.524 ; Rise       ; clock           ;
;  sum[42]  ; clock      ; 8.545  ; 8.561  ; Rise       ; clock           ;
;  sum[43]  ; clock      ; 7.422  ; 7.333  ; Rise       ; clock           ;
;  sum[44]  ; clock      ; 6.840  ; 6.803  ; Rise       ; clock           ;
;  sum[45]  ; clock      ; 7.030  ; 6.970  ; Rise       ; clock           ;
;  sum[46]  ; clock      ; 7.013  ; 6.949  ; Rise       ; clock           ;
;  sum[47]  ; clock      ; 6.792  ; 6.751  ; Rise       ; clock           ;
;  sum[48]  ; clock      ; 12.601 ; 12.541 ; Rise       ; clock           ;
;  sum[49]  ; clock      ; 12.295 ; 12.202 ; Rise       ; clock           ;
;  sum[50]  ; clock      ; 7.466  ; 7.445  ; Rise       ; clock           ;
;  sum[51]  ; clock      ; 7.140  ; 7.091  ; Rise       ; clock           ;
;  sum[52]  ; clock      ; 12.145 ; 12.012 ; Rise       ; clock           ;
;  sum[53]  ; clock      ; 7.031  ; 6.974  ; Rise       ; clock           ;
;  sum[54]  ; clock      ; 7.032  ; 6.965  ; Rise       ; clock           ;
;  sum[55]  ; clock      ; 7.331  ; 7.242  ; Rise       ; clock           ;
;  sum[56]  ; clock      ; 6.767  ; 6.730  ; Rise       ; clock           ;
;  sum[57]  ; clock      ; 7.138  ; 7.090  ; Rise       ; clock           ;
;  sum[58]  ; clock      ; 7.111  ; 7.066  ; Rise       ; clock           ;
;  sum[59]  ; clock      ; 7.096  ; 7.055  ; Rise       ; clock           ;
;  sum[60]  ; clock      ; 6.792  ; 6.751  ; Rise       ; clock           ;
;  sum[61]  ; clock      ; 6.770  ; 6.734  ; Rise       ; clock           ;
;  sum[62]  ; clock      ; 7.273  ; 7.197  ; Rise       ; clock           ;
;  sum[63]  ; clock      ; 7.045  ; 6.986  ; Rise       ; clock           ;
+-----------+------------+--------+--------+------------+-----------------+


+-----------------------------------------------------------------------+
; Minimum Clock to Output Times                                         ;
+-----------+------------+-------+-------+------------+-----------------+
; Data Port ; Clock Port ; Rise  ; Fall  ; Clock Edge ; Clock Reference ;
+-----------+------------+-------+-------+------------+-----------------+
; overflow  ; clock      ; 3.711 ; 3.768 ; Rise       ; clock           ;
; sum[*]    ; clock      ; 3.389 ; 3.452 ; Rise       ; clock           ;
;  sum[0]   ; clock      ; 3.389 ; 3.452 ; Rise       ; clock           ;
;  sum[1]   ; clock      ; 3.440 ; 3.504 ; Rise       ; clock           ;
;  sum[2]   ; clock      ; 3.509 ; 3.591 ; Rise       ; clock           ;
;  sum[3]   ; clock      ; 4.559 ; 4.802 ; Rise       ; clock           ;
;  sum[4]   ; clock      ; 3.439 ; 3.502 ; Rise       ; clock           ;
;  sum[5]   ; clock      ; 3.617 ; 3.694 ; Rise       ; clock           ;
;  sum[6]   ; clock      ; 3.625 ; 3.711 ; Rise       ; clock           ;
;  sum[7]   ; clock      ; 3.852 ; 3.977 ; Rise       ; clock           ;
;  sum[8]   ; clock      ; 3.690 ; 3.788 ; Rise       ; clock           ;
;  sum[9]   ; clock      ; 3.676 ; 3.769 ; Rise       ; clock           ;
;  sum[10]  ; clock      ; 4.789 ; 4.967 ; Rise       ; clock           ;
;  sum[11]  ; clock      ; 5.268 ; 5.517 ; Rise       ; clock           ;
;  sum[12]  ; clock      ; 4.657 ; 4.876 ; Rise       ; clock           ;
;  sum[13]  ; clock      ; 3.659 ; 3.750 ; Rise       ; clock           ;
;  sum[14]  ; clock      ; 5.542 ; 5.824 ; Rise       ; clock           ;
;  sum[15]  ; clock      ; 3.532 ; 3.604 ; Rise       ; clock           ;
;  sum[16]  ; clock      ; 3.674 ; 3.760 ; Rise       ; clock           ;
;  sum[17]  ; clock      ; 4.421 ; 4.605 ; Rise       ; clock           ;
;  sum[18]  ; clock      ; 3.686 ; 3.773 ; Rise       ; clock           ;
;  sum[19]  ; clock      ; 3.461 ; 3.524 ; Rise       ; clock           ;
;  sum[20]  ; clock      ; 3.772 ; 3.874 ; Rise       ; clock           ;
;  sum[21]  ; clock      ; 3.778 ; 3.878 ; Rise       ; clock           ;
;  sum[22]  ; clock      ; 3.583 ; 3.670 ; Rise       ; clock           ;
;  sum[23]  ; clock      ; 3.646 ; 3.721 ; Rise       ; clock           ;
;  sum[24]  ; clock      ; 3.711 ; 3.806 ; Rise       ; clock           ;
;  sum[25]  ; clock      ; 3.731 ; 3.834 ; Rise       ; clock           ;
;  sum[26]  ; clock      ; 3.733 ; 3.834 ; Rise       ; clock           ;
;  sum[27]  ; clock      ; 4.710 ; 4.865 ; Rise       ; clock           ;
;  sum[28]  ; clock      ; 4.730 ; 4.874 ; Rise       ; clock           ;
;  sum[29]  ; clock      ; 3.867 ; 3.959 ; Rise       ; clock           ;
;  sum[30]  ; clock      ; 4.066 ; 4.217 ; Rise       ; clock           ;
;  sum[31]  ; clock      ; 3.922 ; 4.018 ; Rise       ; clock           ;
;  sum[32]  ; clock      ; 3.703 ; 3.782 ; Rise       ; clock           ;
;  sum[33]  ; clock      ; 5.843 ; 6.192 ; Rise       ; clock           ;
;  sum[34]  ; clock      ; 3.824 ; 3.941 ; Rise       ; clock           ;
;  sum[35]  ; clock      ; 3.934 ; 4.058 ; Rise       ; clock           ;
;  sum[36]  ; clock      ; 3.911 ; 4.033 ; Rise       ; clock           ;
;  sum[37]  ; clock      ; 3.931 ; 4.052 ; Rise       ; clock           ;
;  sum[38]  ; clock      ; 3.991 ; 4.119 ; Rise       ; clock           ;
;  sum[39]  ; clock      ; 3.819 ; 3.912 ; Rise       ; clock           ;
;  sum[40]  ; clock      ; 4.404 ; 4.560 ; Rise       ; clock           ;
;  sum[41]  ; clock      ; 5.342 ; 5.555 ; Rise       ; clock           ;
;  sum[42]  ; clock      ; 4.361 ; 4.548 ; Rise       ; clock           ;
;  sum[43]  ; clock      ; 3.796 ; 3.865 ; Rise       ; clock           ;
;  sum[44]  ; clock      ; 3.547 ; 3.588 ; Rise       ; clock           ;
;  sum[45]  ; clock      ; 3.596 ; 3.647 ; Rise       ; clock           ;
;  sum[46]  ; clock      ; 3.586 ; 3.634 ; Rise       ; clock           ;
;  sum[47]  ; clock      ; 3.497 ; 3.538 ; Rise       ; clock           ;
;  sum[48]  ; clock      ; 6.303 ; 6.715 ; Rise       ; clock           ;
;  sum[49]  ; clock      ; 6.159 ; 6.535 ; Rise       ; clock           ;
;  sum[50]  ; clock      ; 3.849 ; 3.933 ; Rise       ; clock           ;
;  sum[51]  ; clock      ; 3.691 ; 3.751 ; Rise       ; clock           ;
;  sum[52]  ; clock      ; 6.082 ; 6.442 ; Rise       ; clock           ;
;  sum[53]  ; clock      ; 3.611 ; 3.660 ; Rise       ; clock           ;
;  sum[54]  ; clock      ; 3.605 ; 3.653 ; Rise       ; clock           ;
;  sum[55]  ; clock      ; 3.736 ; 3.794 ; Rise       ; clock           ;
;  sum[56]  ; clock      ; 3.477 ; 3.518 ; Rise       ; clock           ;
;  sum[57]  ; clock      ; 3.665 ; 3.727 ; Rise       ; clock           ;
;  sum[58]  ; clock      ; 3.654 ; 3.712 ; Rise       ; clock           ;
;  sum[59]  ; clock      ; 3.655 ; 3.711 ; Rise       ; clock           ;
;  sum[60]  ; clock      ; 3.496 ; 3.537 ; Rise       ; clock           ;
;  sum[61]  ; clock      ; 3.483 ; 3.523 ; Rise       ; clock           ;
;  sum[62]  ; clock      ; 3.703 ; 3.764 ; Rise       ; clock           ;
;  sum[63]  ; clock      ; 3.612 ; 3.663 ; Rise       ; clock           ;
+-----------+------------+-------+-------+------------+-----------------+


+------------------------------------------------------------------------------------------------------------------------------------------------------------------------------------------------------------------------------------------------------------------------------------------------------------------------------------------------------------------+
; Board Trace Model Assignments                                                                                                                                                                                                                                                                                                                                    ;
+---------------+--------------+-------------------+-------------------------+-------------------------+---------------+---------------------+----------------+------------------+--------+------------------+------------------------+------------------------+--------------+---------------+-----------------+-------+---------------------+--------------------+
; Pin           ; I/O Standard ; Near Tline Length ; Near Tline L per Length ; Near Tline C per Length ; Near Series R ; Near Differential R ; Near Pull-up R ; Near Pull-down R ; Near C ; Far Tline Length ; Far Tline L per Length ; Far Tline C per Length ; Far Series R ; Far Pull-up R ; Far Pull-down R ; Far C ; Termination Voltage ; Far Differential R ;
+---------------+--------------+-------------------+-------------------------+-------------------------+---------------+---------------------+----------------+------------------+--------+------------------+------------------------+------------------------+--------------+---------------+-----------------+-------+---------------------+--------------------+
; overflow      ; 2.5 V        ; 0 in              ; 0 H/in                  ; 0 F/in                  ; short         ; -                   ; open           ; open             ; open   ; 0 in             ; 0 H/in                 ; 0 F/in                 ; short        ; open          ; open            ; open  ; 0 V                 ; -                  ;
; sum[63]       ; 2.5 V        ; 0 in              ; 0 H/in                  ; 0 F/in                  ; short         ; -                   ; open           ; open             ; open   ; 0 in             ; 0 H/in                 ; 0 F/in                 ; short        ; open          ; open            ; open  ; 0 V                 ; -                  ;
; sum[62]       ; 2.5 V        ; 0 in              ; 0 H/in                  ; 0 F/in                  ; short         ; -                   ; open           ; open             ; open   ; 0 in             ; 0 H/in                 ; 0 F/in                 ; short        ; open          ; open            ; open  ; 0 V                 ; -                  ;
; sum[61]       ; 2.5 V        ; 0 in              ; 0 H/in                  ; 0 F/in                  ; short         ; -                   ; open           ; open             ; open   ; 0 in             ; 0 H/in                 ; 0 F/in                 ; short        ; open          ; open            ; open  ; 0 V                 ; -                  ;
; sum[60]       ; 2.5 V        ; 0 in              ; 0 H/in                  ; 0 F/in                  ; short         ; -                   ; open           ; open             ; open   ; 0 in             ; 0 H/in                 ; 0 F/in                 ; short        ; open          ; open            ; open  ; 0 V                 ; -                  ;
; sum[59]       ; 2.5 V        ; 0 in              ; 0 H/in                  ; 0 F/in                  ; short         ; -                   ; open           ; open             ; open   ; 0 in             ; 0 H/in                 ; 0 F/in                 ; short        ; open          ; open            ; open  ; 0 V                 ; -                  ;
; sum[58]       ; 2.5 V        ; 0 in              ; 0 H/in                  ; 0 F/in                  ; short         ; -                   ; open           ; open             ; open   ; 0 in             ; 0 H/in                 ; 0 F/in                 ; short        ; open          ; open            ; open  ; 0 V                 ; -                  ;
; sum[57]       ; 2.5 V        ; 0 in              ; 0 H/in                  ; 0 F/in                  ; short         ; -                   ; open           ; open             ; open   ; 0 in             ; 0 H/in                 ; 0 F/in                 ; short        ; open          ; open            ; open  ; 0 V                 ; -                  ;
; sum[56]       ; 2.5 V        ; 0 in              ; 0 H/in                  ; 0 F/in                  ; short         ; -                   ; open           ; open             ; open   ; 0 in             ; 0 H/in                 ; 0 F/in                 ; short        ; open          ; open            ; open  ; 0 V                 ; -                  ;
; sum[55]       ; 2.5 V        ; 0 in              ; 0 H/in                  ; 0 F/in                  ; short         ; -                   ; open           ; open             ; open   ; 0 in             ; 0 H/in                 ; 0 F/in                 ; short        ; open          ; open            ; open  ; 0 V                 ; -                  ;
; sum[54]       ; 2.5 V        ; 0 in              ; 0 H/in                  ; 0 F/in                  ; short         ; -                   ; open           ; open             ; open   ; 0 in             ; 0 H/in                 ; 0 F/in                 ; short        ; open          ; open            ; open  ; 0 V                 ; -                  ;
; sum[53]       ; 2.5 V        ; 0 in              ; 0 H/in                  ; 0 F/in                  ; short         ; -                   ; open           ; open             ; open   ; 0 in             ; 0 H/in                 ; 0 F/in                 ; short        ; open          ; open            ; open  ; 0 V                 ; -                  ;
; sum[52]       ; 2.5 V        ; 0 in              ; 0 H/in                  ; 0 F/in                  ; short         ; -                   ; open           ; open             ; open   ; 0 in             ; 0 H/in                 ; 0 F/in                 ; short        ; open          ; open            ; open  ; 0 V                 ; -                  ;
; sum[51]       ; 2.5 V        ; 0 in              ; 0 H/in                  ; 0 F/in                  ; short         ; -                   ; open           ; open             ; open   ; 0 in             ; 0 H/in                 ; 0 F/in                 ; short        ; open          ; open            ; open  ; 0 V                 ; -                  ;
; sum[50]       ; 2.5 V        ; 0 in              ; 0 H/in                  ; 0 F/in                  ; short         ; -                   ; open           ; open             ; open   ; 0 in             ; 0 H/in                 ; 0 F/in                 ; short        ; open          ; open            ; open  ; 0 V                 ; -                  ;
; sum[49]       ; 2.5 V        ; 0 in              ; 0 H/in                  ; 0 F/in                  ; short         ; -                   ; open           ; open             ; open   ; 0 in             ; 0 H/in                 ; 0 F/in                 ; short        ; open          ; open            ; open  ; 0 V                 ; -                  ;
; sum[48]       ; 2.5 V        ; 0 in              ; 0 H/in                  ; 0 F/in                  ; short         ; -                   ; open           ; open             ; open   ; 0 in             ; 0 H/in                 ; 0 F/in                 ; short        ; open          ; open            ; open  ; 0 V                 ; -                  ;
; sum[47]       ; 2.5 V        ; 0 in              ; 0 H/in                  ; 0 F/in                  ; short         ; -                   ; open           ; open             ; open   ; 0 in             ; 0 H/in                 ; 0 F/in                 ; short        ; open          ; open            ; open  ; 0 V                 ; -                  ;
; sum[46]       ; 2.5 V        ; 0 in              ; 0 H/in                  ; 0 F/in                  ; short         ; -                   ; open           ; open             ; open   ; 0 in             ; 0 H/in                 ; 0 F/in                 ; short        ; open          ; open            ; open  ; 0 V                 ; -                  ;
; sum[45]       ; 2.5 V        ; 0 in              ; 0 H/in                  ; 0 F/in                  ; short         ; -                   ; open           ; open             ; open   ; 0 in             ; 0 H/in                 ; 0 F/in                 ; short        ; open          ; open            ; open  ; 0 V                 ; -                  ;
; sum[44]       ; 2.5 V        ; 0 in              ; 0 H/in                  ; 0 F/in                  ; short         ; -                   ; open           ; open             ; open   ; 0 in             ; 0 H/in                 ; 0 F/in                 ; short        ; open          ; open            ; open  ; 0 V                 ; -                  ;
; sum[43]       ; 2.5 V        ; 0 in              ; 0 H/in                  ; 0 F/in                  ; short         ; -                   ; open           ; open             ; open   ; 0 in             ; 0 H/in                 ; 0 F/in                 ; short        ; open          ; open            ; open  ; 0 V                 ; -                  ;
; sum[42]       ; 2.5 V        ; 0 in              ; 0 H/in                  ; 0 F/in                  ; short         ; -                   ; open           ; open             ; open   ; 0 in             ; 0 H/in                 ; 0 F/in                 ; short        ; open          ; open            ; open  ; 0 V                 ; -                  ;
; sum[41]       ; 2.5 V        ; 0 in              ; 0 H/in                  ; 0 F/in                  ; short         ; -                   ; open           ; open             ; open   ; 0 in             ; 0 H/in                 ; 0 F/in                 ; short        ; open          ; open            ; open  ; 0 V                 ; -                  ;
; sum[40]       ; 2.5 V        ; 0 in              ; 0 H/in                  ; 0 F/in                  ; short         ; -                   ; open           ; open             ; open   ; 0 in             ; 0 H/in                 ; 0 F/in                 ; short        ; open          ; open            ; open  ; 0 V                 ; -                  ;
; sum[39]       ; 2.5 V        ; 0 in              ; 0 H/in                  ; 0 F/in                  ; short         ; -                   ; open           ; open             ; open   ; 0 in             ; 0 H/in                 ; 0 F/in                 ; short        ; open          ; open            ; open  ; 0 V                 ; -                  ;
; sum[38]       ; 2.5 V        ; 0 in              ; 0 H/in                  ; 0 F/in                  ; short         ; -                   ; open           ; open             ; open   ; 0 in             ; 0 H/in                 ; 0 F/in                 ; short        ; open          ; open            ; open  ; 0 V                 ; -                  ;
; sum[37]       ; 2.5 V        ; 0 in              ; 0 H/in                  ; 0 F/in                  ; short         ; -                   ; open           ; open             ; open   ; 0 in             ; 0 H/in                 ; 0 F/in                 ; short        ; open          ; open            ; open  ; 0 V                 ; -                  ;
; sum[36]       ; 2.5 V        ; 0 in              ; 0 H/in                  ; 0 F/in                  ; short         ; -                   ; open           ; open             ; open   ; 0 in             ; 0 H/in                 ; 0 F/in                 ; short        ; open          ; open            ; open  ; 0 V                 ; -                  ;
; sum[35]       ; 2.5 V        ; 0 in              ; 0 H/in                  ; 0 F/in                  ; short         ; -                   ; open           ; open             ; open   ; 0 in             ; 0 H/in                 ; 0 F/in                 ; short        ; open          ; open            ; open  ; 0 V                 ; -                  ;
; sum[34]       ; 2.5 V        ; 0 in              ; 0 H/in                  ; 0 F/in                  ; short         ; -                   ; open           ; open             ; open   ; 0 in             ; 0 H/in                 ; 0 F/in                 ; short        ; open          ; open            ; open  ; 0 V                 ; -                  ;
; sum[33]       ; 2.5 V        ; 0 in              ; 0 H/in                  ; 0 F/in                  ; short         ; -                   ; open           ; open             ; open   ; 0 in             ; 0 H/in                 ; 0 F/in                 ; short        ; open          ; open            ; open  ; 0 V                 ; -                  ;
; sum[32]       ; 2.5 V        ; 0 in              ; 0 H/in                  ; 0 F/in                  ; short         ; -                   ; open           ; open             ; open   ; 0 in             ; 0 H/in                 ; 0 F/in                 ; short        ; open          ; open            ; open  ; 0 V                 ; -                  ;
; sum[31]       ; 2.5 V        ; 0 in              ; 0 H/in                  ; 0 F/in                  ; short         ; -                   ; open           ; open             ; open   ; 0 in             ; 0 H/in                 ; 0 F/in                 ; short        ; open          ; open            ; open  ; 0 V                 ; -                  ;
; sum[30]       ; 2.5 V        ; 0 in              ; 0 H/in                  ; 0 F/in                  ; short         ; -                   ; open           ; open             ; open   ; 0 in             ; 0 H/in                 ; 0 F/in                 ; short        ; open          ; open            ; open  ; 0 V                 ; -                  ;
; sum[29]       ; 2.5 V        ; 0 in              ; 0 H/in                  ; 0 F/in                  ; short         ; -                   ; open           ; open             ; open   ; 0 in             ; 0 H/in                 ; 0 F/in                 ; short        ; open          ; open            ; open  ; 0 V                 ; -                  ;
; sum[28]       ; 2.5 V        ; 0 in              ; 0 H/in                  ; 0 F/in                  ; short         ; -                   ; open           ; open             ; open   ; 0 in             ; 0 H/in                 ; 0 F/in                 ; short        ; open          ; open            ; open  ; 0 V                 ; -                  ;
; sum[27]       ; 2.5 V        ; 0 in              ; 0 H/in                  ; 0 F/in                  ; short         ; -                   ; open           ; open             ; open   ; 0 in             ; 0 H/in                 ; 0 F/in                 ; short        ; open          ; open            ; open  ; 0 V                 ; -                  ;
; sum[26]       ; 2.5 V        ; 0 in              ; 0 H/in                  ; 0 F/in                  ; short         ; -                   ; open           ; open             ; open   ; 0 in             ; 0 H/in                 ; 0 F/in                 ; short        ; open          ; open            ; open  ; 0 V                 ; -                  ;
; sum[25]       ; 2.5 V        ; 0 in              ; 0 H/in                  ; 0 F/in                  ; short         ; -                   ; open           ; open             ; open   ; 0 in             ; 0 H/in                 ; 0 F/in                 ; short        ; open          ; open            ; open  ; 0 V                 ; -                  ;
; sum[24]       ; 2.5 V        ; 0 in              ; 0 H/in                  ; 0 F/in                  ; short         ; -                   ; open           ; open             ; open   ; 0 in             ; 0 H/in                 ; 0 F/in                 ; short        ; open          ; open            ; open  ; 0 V                 ; -                  ;
; sum[23]       ; 2.5 V        ; 0 in              ; 0 H/in                  ; 0 F/in                  ; short         ; -                   ; open           ; open             ; open   ; 0 in             ; 0 H/in                 ; 0 F/in                 ; short        ; open          ; open            ; open  ; 0 V                 ; -                  ;
; sum[22]       ; 2.5 V        ; 0 in              ; 0 H/in                  ; 0 F/in                  ; short         ; -                   ; open           ; open             ; open   ; 0 in             ; 0 H/in                 ; 0 F/in                 ; short        ; open          ; open            ; open  ; 0 V                 ; -                  ;
; sum[21]       ; 2.5 V        ; 0 in              ; 0 H/in                  ; 0 F/in                  ; short         ; -                   ; open           ; open             ; open   ; 0 in             ; 0 H/in                 ; 0 F/in                 ; short        ; open          ; open            ; open  ; 0 V                 ; -                  ;
; sum[20]       ; 2.5 V        ; 0 in              ; 0 H/in                  ; 0 F/in                  ; short         ; -                   ; open           ; open             ; open   ; 0 in             ; 0 H/in                 ; 0 F/in                 ; short        ; open          ; open            ; open  ; 0 V                 ; -                  ;
; sum[19]       ; 2.5 V        ; 0 in              ; 0 H/in                  ; 0 F/in                  ; short         ; -                   ; open           ; open             ; open   ; 0 in             ; 0 H/in                 ; 0 F/in                 ; short        ; open          ; open            ; open  ; 0 V                 ; -                  ;
; sum[18]       ; 2.5 V        ; 0 in              ; 0 H/in                  ; 0 F/in                  ; short         ; -                   ; open           ; open             ; open   ; 0 in             ; 0 H/in                 ; 0 F/in                 ; short        ; open          ; open            ; open  ; 0 V                 ; -                  ;
; sum[17]       ; 2.5 V        ; 0 in              ; 0 H/in                  ; 0 F/in                  ; short         ; -                   ; open           ; open             ; open   ; 0 in             ; 0 H/in                 ; 0 F/in                 ; short        ; open          ; open            ; open  ; 0 V                 ; -                  ;
; sum[16]       ; 2.5 V        ; 0 in              ; 0 H/in                  ; 0 F/in                  ; short         ; -                   ; open           ; open             ; open   ; 0 in             ; 0 H/in                 ; 0 F/in                 ; short        ; open          ; open            ; open  ; 0 V                 ; -                  ;
; sum[15]       ; 2.5 V        ; 0 in              ; 0 H/in                  ; 0 F/in                  ; short         ; -                   ; open           ; open             ; open   ; 0 in             ; 0 H/in                 ; 0 F/in                 ; short        ; open          ; open            ; open  ; 0 V                 ; -                  ;
; sum[14]       ; 2.5 V        ; 0 in              ; 0 H/in                  ; 0 F/in                  ; short         ; -                   ; open           ; open             ; open   ; 0 in             ; 0 H/in                 ; 0 F/in                 ; short        ; open          ; open            ; open  ; 0 V                 ; -                  ;
; sum[13]       ; 2.5 V        ; 0 in              ; 0 H/in                  ; 0 F/in                  ; short         ; -                   ; open           ; open             ; open   ; 0 in             ; 0 H/in                 ; 0 F/in                 ; short        ; open          ; open            ; open  ; 0 V                 ; -                  ;
; sum[12]       ; 2.5 V        ; 0 in              ; 0 H/in                  ; 0 F/in                  ; short         ; -                   ; open           ; open             ; open   ; 0 in             ; 0 H/in                 ; 0 F/in                 ; short        ; open          ; open            ; open  ; 0 V                 ; -                  ;
; sum[11]       ; 2.5 V        ; 0 in              ; 0 H/in                  ; 0 F/in                  ; short         ; -                   ; open           ; open             ; open   ; 0 in             ; 0 H/in                 ; 0 F/in                 ; short        ; open          ; open            ; open  ; 0 V                 ; -                  ;
; sum[10]       ; 2.5 V        ; 0 in              ; 0 H/in                  ; 0 F/in                  ; short         ; -                   ; open           ; open             ; open   ; 0 in             ; 0 H/in                 ; 0 F/in                 ; short        ; open          ; open            ; open  ; 0 V                 ; -                  ;
; sum[9]        ; 2.5 V        ; 0 in              ; 0 H/in                  ; 0 F/in                  ; short         ; -                   ; open           ; open             ; open   ; 0 in             ; 0 H/in                 ; 0 F/in                 ; short        ; open          ; open            ; open  ; 0 V                 ; -                  ;
; sum[8]        ; 2.5 V        ; 0 in              ; 0 H/in                  ; 0 F/in                  ; short         ; -                   ; open           ; open             ; open   ; 0 in             ; 0 H/in                 ; 0 F/in                 ; short        ; open          ; open            ; open  ; 0 V                 ; -                  ;
; sum[7]        ; 2.5 V        ; 0 in              ; 0 H/in                  ; 0 F/in                  ; short         ; -                   ; open           ; open             ; open   ; 0 in             ; 0 H/in                 ; 0 F/in                 ; short        ; open          ; open            ; open  ; 0 V                 ; -                  ;
; sum[6]        ; 2.5 V        ; 0 in              ; 0 H/in                  ; 0 F/in                  ; short         ; -                   ; open           ; open             ; open   ; 0 in             ; 0 H/in                 ; 0 F/in                 ; short        ; open          ; open            ; open  ; 0 V                 ; -                  ;
; sum[5]        ; 2.5 V        ; 0 in              ; 0 H/in                  ; 0 F/in                  ; short         ; -                   ; open           ; open             ; open   ; 0 in             ; 0 H/in                 ; 0 F/in                 ; short        ; open          ; open            ; open  ; 0 V                 ; -                  ;
; sum[4]        ; 2.5 V        ; 0 in              ; 0 H/in                  ; 0 F/in                  ; short         ; -                   ; open           ; open             ; open   ; 0 in             ; 0 H/in                 ; 0 F/in                 ; short        ; open          ; open            ; open  ; 0 V                 ; -                  ;
; sum[3]        ; 2.5 V        ; 0 in              ; 0 H/in                  ; 0 F/in                  ; short         ; -                   ; open           ; open             ; open   ; 0 in             ; 0 H/in                 ; 0 F/in                 ; short        ; open          ; open            ; open  ; 0 V                 ; -                  ;
; sum[2]        ; 2.5 V        ; 0 in              ; 0 H/in                  ; 0 F/in                  ; short         ; -                   ; open           ; open             ; open   ; 0 in             ; 0 H/in                 ; 0 F/in                 ; short        ; open          ; open            ; open  ; 0 V                 ; -                  ;
; sum[1]        ; 2.5 V        ; 0 in              ; 0 H/in                  ; 0 F/in                  ; short         ; -                   ; open           ; open             ; open   ; 0 in             ; 0 H/in                 ; 0 F/in                 ; short        ; open          ; open            ; open  ; 0 V                 ; -                  ;
; sum[0]        ; 2.5 V        ; 0 in              ; 0 H/in                  ; 0 F/in                  ; short         ; -                   ; open           ; open             ; open   ; 0 in             ; 0 H/in                 ; 0 F/in                 ; short        ; open          ; open            ; open  ; 0 V                 ; -                  ;
; ~ALTERA_DCLK~ ; 2.5 V        ; 0 in              ; 0 H/in                  ; 0 F/in                  ; short         ; -                   ; open           ; open             ; open   ; 0 in             ; 0 H/in                 ; 0 F/in                 ; short        ; open          ; open            ; open  ; 0 V                 ; -                  ;
; ~ALTERA_nCEO~ ; 2.5 V        ; 0 in              ; 0 H/in                  ; 0 F/in                  ; short         ; -                   ; open           ; open             ; open   ; 0 in             ; 0 H/in                 ; 0 F/in                 ; short        ; open          ; open            ; open  ; 0 V                 ; -                  ;
+---------------+--------------+-------------------+-------------------------+-------------------------+---------------+---------------------+----------------+------------------+--------+------------------+------------------------+------------------------+--------------+---------------+-----------------+-------+---------------------+--------------------+


+----------------------------------------------------------------------------+
; Input Transition Times                                                     ;
+-------------------------+--------------+-----------------+-----------------+
; Pin                     ; I/O Standard ; 10-90 Rise Time ; 90-10 Fall Time ;
+-------------------------+--------------+-----------------+-----------------+
; a[62]                   ; 2.5 V        ; 2000 ps         ; 2000 ps         ;
; b[62]                   ; 2.5 V        ; 2000 ps         ; 2000 ps         ;
; a[63]                   ; 2.5 V        ; 2000 ps         ; 2000 ps         ;
; b[63]                   ; 2.5 V        ; 2000 ps         ; 2000 ps         ;
; a[61]                   ; 2.5 V        ; 2000 ps         ; 2000 ps         ;
; b[61]                   ; 2.5 V        ; 2000 ps         ; 2000 ps         ;
; a[60]                   ; 2.5 V        ; 2000 ps         ; 2000 ps         ;
; b[60]                   ; 2.5 V        ; 2000 ps         ; 2000 ps         ;
; clock                   ; 2.5 V        ; 2000 ps         ; 2000 ps         ;
; cclr                    ; 2.5 V        ; 2000 ps         ; 2000 ps         ;
; b[57]                   ; 2.5 V        ; 2000 ps         ; 2000 ps         ;
; a[57]                   ; 2.5 V        ; 2000 ps         ; 2000 ps         ;
; a[58]                   ; 2.5 V        ; 2000 ps         ; 2000 ps         ;
; b[58]                   ; 2.5 V        ; 2000 ps         ; 2000 ps         ;
; a[56]                   ; 2.5 V        ; 2000 ps         ; 2000 ps         ;
; b[56]                   ; 2.5 V        ; 2000 ps         ; 2000 ps         ;
; a[59]                   ; 2.5 V        ; 2000 ps         ; 2000 ps         ;
; b[59]                   ; 2.5 V        ; 2000 ps         ; 2000 ps         ;
; b[53]                   ; 2.5 V        ; 2000 ps         ; 2000 ps         ;
; a[53]                   ; 2.5 V        ; 2000 ps         ; 2000 ps         ;
; a[54]                   ; 2.5 V        ; 2000 ps         ; 2000 ps         ;
; b[54]                   ; 2.5 V        ; 2000 ps         ; 2000 ps         ;
; a[52]                   ; 2.5 V        ; 2000 ps         ; 2000 ps         ;
; b[52]                   ; 2.5 V        ; 2000 ps         ; 2000 ps         ;
; a[55]                   ; 2.5 V        ; 2000 ps         ; 2000 ps         ;
; b[55]                   ; 2.5 V        ; 2000 ps         ; 2000 ps         ;
; b[49]                   ; 2.5 V        ; 2000 ps         ; 2000 ps         ;
; a[49]                   ; 2.5 V        ; 2000 ps         ; 2000 ps         ;
; a[50]                   ; 2.5 V        ; 2000 ps         ; 2000 ps         ;
; b[50]                   ; 2.5 V        ; 2000 ps         ; 2000 ps         ;
; a[48]                   ; 2.5 V        ; 2000 ps         ; 2000 ps         ;
; b[48]                   ; 2.5 V        ; 2000 ps         ; 2000 ps         ;
; a[51]                   ; 2.5 V        ; 2000 ps         ; 2000 ps         ;
; b[51]                   ; 2.5 V        ; 2000 ps         ; 2000 ps         ;
; b[45]                   ; 2.5 V        ; 2000 ps         ; 2000 ps         ;
; a[45]                   ; 2.5 V        ; 2000 ps         ; 2000 ps         ;
; a[46]                   ; 2.5 V        ; 2000 ps         ; 2000 ps         ;
; b[46]                   ; 2.5 V        ; 2000 ps         ; 2000 ps         ;
; a[44]                   ; 2.5 V        ; 2000 ps         ; 2000 ps         ;
; b[44]                   ; 2.5 V        ; 2000 ps         ; 2000 ps         ;
; a[47]                   ; 2.5 V        ; 2000 ps         ; 2000 ps         ;
; b[47]                   ; 2.5 V        ; 2000 ps         ; 2000 ps         ;
; b[41]                   ; 2.5 V        ; 2000 ps         ; 2000 ps         ;
; a[41]                   ; 2.5 V        ; 2000 ps         ; 2000 ps         ;
; a[42]                   ; 2.5 V        ; 2000 ps         ; 2000 ps         ;
; b[42]                   ; 2.5 V        ; 2000 ps         ; 2000 ps         ;
; a[40]                   ; 2.5 V        ; 2000 ps         ; 2000 ps         ;
; b[40]                   ; 2.5 V        ; 2000 ps         ; 2000 ps         ;
; a[43]                   ; 2.5 V        ; 2000 ps         ; 2000 ps         ;
; b[43]                   ; 2.5 V        ; 2000 ps         ; 2000 ps         ;
; b[37]                   ; 2.5 V        ; 2000 ps         ; 2000 ps         ;
; a[37]                   ; 2.5 V        ; 2000 ps         ; 2000 ps         ;
; a[38]                   ; 2.5 V        ; 2000 ps         ; 2000 ps         ;
; b[38]                   ; 2.5 V        ; 2000 ps         ; 2000 ps         ;
; a[36]                   ; 2.5 V        ; 2000 ps         ; 2000 ps         ;
; b[36]                   ; 2.5 V        ; 2000 ps         ; 2000 ps         ;
; a[39]                   ; 2.5 V        ; 2000 ps         ; 2000 ps         ;
; b[39]                   ; 2.5 V        ; 2000 ps         ; 2000 ps         ;
; b[33]                   ; 2.5 V        ; 2000 ps         ; 2000 ps         ;
; a[33]                   ; 2.5 V        ; 2000 ps         ; 2000 ps         ;
; a[34]                   ; 2.5 V        ; 2000 ps         ; 2000 ps         ;
; b[34]                   ; 2.5 V        ; 2000 ps         ; 2000 ps         ;
; a[32]                   ; 2.5 V        ; 2000 ps         ; 2000 ps         ;
; b[32]                   ; 2.5 V        ; 2000 ps         ; 2000 ps         ;
; a[35]                   ; 2.5 V        ; 2000 ps         ; 2000 ps         ;
; b[35]                   ; 2.5 V        ; 2000 ps         ; 2000 ps         ;
; b[29]                   ; 2.5 V        ; 2000 ps         ; 2000 ps         ;
; a[2]                    ; 2.5 V        ; 2000 ps         ; 2000 ps         ;
; a[1]                    ; 2.5 V        ; 2000 ps         ; 2000 ps         ;
; b[30]                   ; 2.5 V        ; 2000 ps         ; 2000 ps         ;
; a[3]                    ; 2.5 V        ; 2000 ps         ; 2000 ps         ;
; b[28]                   ; 2.5 V        ; 2000 ps         ; 2000 ps         ;
; a[0]                    ; 2.5 V        ; 2000 ps         ; 2000 ps         ;
; b[31]                   ; 2.5 V        ; 2000 ps         ; 2000 ps         ;
; b[25]                   ; 2.5 V        ; 2000 ps         ; 2000 ps         ;
; a[6]                    ; 2.5 V        ; 2000 ps         ; 2000 ps         ;
; a[5]                    ; 2.5 V        ; 2000 ps         ; 2000 ps         ;
; b[26]                   ; 2.5 V        ; 2000 ps         ; 2000 ps         ;
; a[7]                    ; 2.5 V        ; 2000 ps         ; 2000 ps         ;
; b[24]                   ; 2.5 V        ; 2000 ps         ; 2000 ps         ;
; a[4]                    ; 2.5 V        ; 2000 ps         ; 2000 ps         ;
; b[27]                   ; 2.5 V        ; 2000 ps         ; 2000 ps         ;
; b[21]                   ; 2.5 V        ; 2000 ps         ; 2000 ps         ;
; a[10]                   ; 2.5 V        ; 2000 ps         ; 2000 ps         ;
; a[9]                    ; 2.5 V        ; 2000 ps         ; 2000 ps         ;
; b[22]                   ; 2.5 V        ; 2000 ps         ; 2000 ps         ;
; a[11]                   ; 2.5 V        ; 2000 ps         ; 2000 ps         ;
; b[20]                   ; 2.5 V        ; 2000 ps         ; 2000 ps         ;
; a[8]                    ; 2.5 V        ; 2000 ps         ; 2000 ps         ;
; b[23]                   ; 2.5 V        ; 2000 ps         ; 2000 ps         ;
; b[17]                   ; 2.5 V        ; 2000 ps         ; 2000 ps         ;
; a[14]                   ; 2.5 V        ; 2000 ps         ; 2000 ps         ;
; a[13]                   ; 2.5 V        ; 2000 ps         ; 2000 ps         ;
; b[18]                   ; 2.5 V        ; 2000 ps         ; 2000 ps         ;
; a[15]                   ; 2.5 V        ; 2000 ps         ; 2000 ps         ;
; b[16]                   ; 2.5 V        ; 2000 ps         ; 2000 ps         ;
; a[12]                   ; 2.5 V        ; 2000 ps         ; 2000 ps         ;
; b[19]                   ; 2.5 V        ; 2000 ps         ; 2000 ps         ;
; b[13]                   ; 2.5 V        ; 2000 ps         ; 2000 ps         ;
; a[18]                   ; 2.5 V        ; 2000 ps         ; 2000 ps         ;
; a[17]                   ; 2.5 V        ; 2000 ps         ; 2000 ps         ;
; b[14]                   ; 2.5 V        ; 2000 ps         ; 2000 ps         ;
; a[19]                   ; 2.5 V        ; 2000 ps         ; 2000 ps         ;
; b[12]                   ; 2.5 V        ; 2000 ps         ; 2000 ps         ;
; a[16]                   ; 2.5 V        ; 2000 ps         ; 2000 ps         ;
; b[15]                   ; 2.5 V        ; 2000 ps         ; 2000 ps         ;
; b[9]                    ; 2.5 V        ; 2000 ps         ; 2000 ps         ;
; a[22]                   ; 2.5 V        ; 2000 ps         ; 2000 ps         ;
; a[21]                   ; 2.5 V        ; 2000 ps         ; 2000 ps         ;
; b[10]                   ; 2.5 V        ; 2000 ps         ; 2000 ps         ;
; a[23]                   ; 2.5 V        ; 2000 ps         ; 2000 ps         ;
; b[8]                    ; 2.5 V        ; 2000 ps         ; 2000 ps         ;
; a[20]                   ; 2.5 V        ; 2000 ps         ; 2000 ps         ;
; b[11]                   ; 2.5 V        ; 2000 ps         ; 2000 ps         ;
; b[5]                    ; 2.5 V        ; 2000 ps         ; 2000 ps         ;
; a[26]                   ; 2.5 V        ; 2000 ps         ; 2000 ps         ;
; a[25]                   ; 2.5 V        ; 2000 ps         ; 2000 ps         ;
; b[6]                    ; 2.5 V        ; 2000 ps         ; 2000 ps         ;
; a[27]                   ; 2.5 V        ; 2000 ps         ; 2000 ps         ;
; b[4]                    ; 2.5 V        ; 2000 ps         ; 2000 ps         ;
; a[24]                   ; 2.5 V        ; 2000 ps         ; 2000 ps         ;
; b[7]                    ; 2.5 V        ; 2000 ps         ; 2000 ps         ;
; a[28]                   ; 2.5 V        ; 2000 ps         ; 2000 ps         ;
; b[3]                    ; 2.5 V        ; 2000 ps         ; 2000 ps         ;
; b[1]                    ; 2.5 V        ; 2000 ps         ; 2000 ps         ;
; a[30]                   ; 2.5 V        ; 2000 ps         ; 2000 ps         ;
; a[29]                   ; 2.5 V        ; 2000 ps         ; 2000 ps         ;
; b[2]                    ; 2.5 V        ; 2000 ps         ; 2000 ps         ;
; a[31]                   ; 2.5 V        ; 2000 ps         ; 2000 ps         ;
; b[0]                    ; 2.5 V        ; 2000 ps         ; 2000 ps         ;
; c0                      ; 2.5 V        ; 2000 ps         ; 2000 ps         ;
; ~ALTERA_ASDO_DATA1~     ; 2.5 V        ; 2000 ps         ; 2000 ps         ;
; ~ALTERA_FLASH_nCE_nCSO~ ; 2.5 V        ; 2000 ps         ; 2000 ps         ;
; ~ALTERA_DATA0~          ; 2.5 V        ; 2000 ps         ; 2000 ps         ;
+-------------------------+--------------+-----------------+-----------------+


+--------------------------------------------------------------------------------------------------------------------------------------------------------------------------------------------------------------------------------------------------------------------------------------------------------------------------------------------------------------------------------------------------------------------------------------------------------------------------------------------------------------------------------------------------------------------------------------------------------------------------------------------------------------------------------------------+
; Signal Integrity Metrics (Slow 1200mv 0c Model)                                                                                                                                                                                                                                                                                                                                                                                                                                                                                                                                                                                                                                            ;
+---------------+--------------+---------------------+---------------------+------------------------------+------------------------------+---------------------+---------------------+--------------------------------------+--------------------------------------+-----------------------------+-----------------------------+----------------------------+----------------------------+-----------------------------+-----------------------------+--------------------+--------------------+-------------------------------------+-------------------------------------+----------------------------+----------------------------+---------------------------+---------------------------+
; Pin           ; I/O Standard ; Board Delay on Rise ; Board Delay on Fall ; Steady State Voh at FPGA Pin ; Steady State Vol at FPGA Pin ; Voh Max at FPGA Pin ; Vol Min at FPGA Pin ; Ringback Voltage on Rise at FPGA Pin ; Ringback Voltage on Fall at FPGA Pin ; 10-90 Rise Time at FPGA Pin ; 90-10 Fall Time at FPGA Pin ; Monotonic Rise at FPGA Pin ; Monotonic Fall at FPGA Pin ; Steady State Voh at Far-end ; Steady State Vol at Far-end ; Voh Max at Far-end ; Vol Min at Far-end ; Ringback Voltage on Rise at Far-end ; Ringback Voltage on Fall at Far-end ; 10-90 Rise Time at Far-end ; 90-10 Fall Time at Far-end ; Monotonic Rise at Far-end ; Monotonic Fall at Far-end ;
+---------------+--------------+---------------------+---------------------+------------------------------+------------------------------+---------------------+---------------------+--------------------------------------+--------------------------------------+-----------------------------+-----------------------------+----------------------------+----------------------------+-----------------------------+-----------------------------+--------------------+--------------------+-------------------------------------+-------------------------------------+----------------------------+----------------------------+---------------------------+---------------------------+
; overflow      ; 2.5 V        ; 0 s                 ; 0 s                 ; 2.32 V                       ; 4.49e-09 V                   ; 2.38 V              ; -0.00552 V          ; 0.096 V                              ; 0.019 V                              ; 4.18e-10 s                  ; 3.59e-10 s                  ; No                         ; Yes                        ; 2.32 V                      ; 4.49e-09 V                  ; 2.38 V             ; -0.00552 V         ; 0.096 V                             ; 0.019 V                             ; 4.18e-10 s                 ; 3.59e-10 s                 ; No                        ; Yes                       ;
; sum[63]       ; 2.5 V        ; 0 s                 ; 0 s                 ; 2.32 V                       ; 4.49e-09 V                   ; 2.38 V              ; -0.00552 V          ; 0.096 V                              ; 0.019 V                              ; 4.18e-10 s                  ; 3.59e-10 s                  ; No                         ; Yes                        ; 2.32 V                      ; 4.49e-09 V                  ; 2.38 V             ; -0.00552 V         ; 0.096 V                             ; 0.019 V                             ; 4.18e-10 s                 ; 3.59e-10 s                 ; No                        ; Yes                       ;
; sum[62]       ; 2.5 V        ; 0 s                 ; 0 s                 ; 2.32 V                       ; 4.49e-09 V                   ; 2.38 V              ; -0.00552 V          ; 0.096 V                              ; 0.019 V                              ; 4.18e-10 s                  ; 3.59e-10 s                  ; No                         ; Yes                        ; 2.32 V                      ; 4.49e-09 V                  ; 2.38 V             ; -0.00552 V         ; 0.096 V                             ; 0.019 V                             ; 4.18e-10 s                 ; 3.59e-10 s                 ; No                        ; Yes                       ;
; sum[61]       ; 2.5 V        ; 0 s                 ; 0 s                 ; 2.32 V                       ; 4.49e-09 V                   ; 2.38 V              ; -0.00552 V          ; 0.096 V                              ; 0.019 V                              ; 4.18e-10 s                  ; 3.59e-10 s                  ; No                         ; Yes                        ; 2.32 V                      ; 4.49e-09 V                  ; 2.38 V             ; -0.00552 V         ; 0.096 V                             ; 0.019 V                             ; 4.18e-10 s                 ; 3.59e-10 s                 ; No                        ; Yes                       ;
; sum[60]       ; 2.5 V        ; 0 s                 ; 0 s                 ; 2.32 V                       ; 4.49e-09 V                   ; 2.38 V              ; -0.00552 V          ; 0.096 V                              ; 0.019 V                              ; 4.18e-10 s                  ; 3.59e-10 s                  ; No                         ; Yes                        ; 2.32 V                      ; 4.49e-09 V                  ; 2.38 V             ; -0.00552 V         ; 0.096 V                             ; 0.019 V                             ; 4.18e-10 s                 ; 3.59e-10 s                 ; No                        ; Yes                       ;
; sum[59]       ; 2.5 V        ; 0 s                 ; 0 s                 ; 2.32 V                       ; 4.49e-09 V                   ; 2.38 V              ; -0.00552 V          ; 0.096 V                              ; 0.019 V                              ; 4.18e-10 s                  ; 3.59e-10 s                  ; No                         ; Yes                        ; 2.32 V                      ; 4.49e-09 V                  ; 2.38 V             ; -0.00552 V         ; 0.096 V                             ; 0.019 V                             ; 4.18e-10 s                 ; 3.59e-10 s                 ; No                        ; Yes                       ;
; sum[58]       ; 2.5 V        ; 0 s                 ; 0 s                 ; 2.32 V                       ; 4.49e-09 V                   ; 2.38 V              ; -0.00552 V          ; 0.096 V                              ; 0.019 V                              ; 4.18e-10 s                  ; 3.59e-10 s                  ; No                         ; Yes                        ; 2.32 V                      ; 4.49e-09 V                  ; 2.38 V             ; -0.00552 V         ; 0.096 V                             ; 0.019 V                             ; 4.18e-10 s                 ; 3.59e-10 s                 ; No                        ; Yes                       ;
; sum[57]       ; 2.5 V        ; 0 s                 ; 0 s                 ; 2.32 V                       ; 4.49e-09 V                   ; 2.38 V              ; -0.00552 V          ; 0.096 V                              ; 0.019 V                              ; 4.18e-10 s                  ; 3.59e-10 s                  ; No                         ; Yes                        ; 2.32 V                      ; 4.49e-09 V                  ; 2.38 V             ; -0.00552 V         ; 0.096 V                             ; 0.019 V                             ; 4.18e-10 s                 ; 3.59e-10 s                 ; No                        ; Yes                       ;
; sum[56]       ; 2.5 V        ; 0 s                 ; 0 s                 ; 2.32 V                       ; 4.49e-09 V                   ; 2.38 V              ; -0.00552 V          ; 0.096 V                              ; 0.019 V                              ; 4.18e-10 s                  ; 3.59e-10 s                  ; No                         ; Yes                        ; 2.32 V                      ; 4.49e-09 V                  ; 2.38 V             ; -0.00552 V         ; 0.096 V                             ; 0.019 V                             ; 4.18e-10 s                 ; 3.59e-10 s                 ; No                        ; Yes                       ;
; sum[55]       ; 2.5 V        ; 0 s                 ; 0 s                 ; 2.32 V                       ; 4.49e-09 V                   ; 2.38 V              ; -0.00552 V          ; 0.096 V                              ; 0.019 V                              ; 4.18e-10 s                  ; 3.59e-10 s                  ; No                         ; Yes                        ; 2.32 V                      ; 4.49e-09 V                  ; 2.38 V             ; -0.00552 V         ; 0.096 V                             ; 0.019 V                             ; 4.18e-10 s                 ; 3.59e-10 s                 ; No                        ; Yes                       ;
; sum[54]       ; 2.5 V        ; 0 s                 ; 0 s                 ; 2.32 V                       ; 4.49e-09 V                   ; 2.38 V              ; -0.00552 V          ; 0.096 V                              ; 0.019 V                              ; 4.18e-10 s                  ; 3.59e-10 s                  ; No                         ; Yes                        ; 2.32 V                      ; 4.49e-09 V                  ; 2.38 V             ; -0.00552 V         ; 0.096 V                             ; 0.019 V                             ; 4.18e-10 s                 ; 3.59e-10 s                 ; No                        ; Yes                       ;
; sum[53]       ; 2.5 V        ; 0 s                 ; 0 s                 ; 2.32 V                       ; 4.49e-09 V                   ; 2.38 V              ; -0.00552 V          ; 0.096 V                              ; 0.019 V                              ; 4.18e-10 s                  ; 3.59e-10 s                  ; No                         ; Yes                        ; 2.32 V                      ; 4.49e-09 V                  ; 2.38 V             ; -0.00552 V         ; 0.096 V                             ; 0.019 V                             ; 4.18e-10 s                 ; 3.59e-10 s                 ; No                        ; Yes                       ;
; sum[52]       ; 2.5 V        ; 0 s                 ; 0 s                 ; 2.32 V                       ; 4.49e-09 V                   ; 2.38 V              ; -0.00552 V          ; 0.096 V                              ; 0.019 V                              ; 4.18e-10 s                  ; 3.59e-10 s                  ; No                         ; Yes                        ; 2.32 V                      ; 4.49e-09 V                  ; 2.38 V             ; -0.00552 V         ; 0.096 V                             ; 0.019 V                             ; 4.18e-10 s                 ; 3.59e-10 s                 ; No                        ; Yes                       ;
; sum[51]       ; 2.5 V        ; 0 s                 ; 0 s                 ; 2.32 V                       ; 4.49e-09 V                   ; 2.38 V              ; -0.00552 V          ; 0.096 V                              ; 0.019 V                              ; 4.18e-10 s                  ; 3.59e-10 s                  ; No                         ; Yes                        ; 2.32 V                      ; 4.49e-09 V                  ; 2.38 V             ; -0.00552 V         ; 0.096 V                             ; 0.019 V                             ; 4.18e-10 s                 ; 3.59e-10 s                 ; No                        ; Yes                       ;
; sum[50]       ; 2.5 V        ; 0 s                 ; 0 s                 ; 2.32 V                       ; 4.49e-09 V                   ; 2.38 V              ; -0.00552 V          ; 0.096 V                              ; 0.019 V                              ; 4.18e-10 s                  ; 3.59e-10 s                  ; No                         ; Yes                        ; 2.32 V                      ; 4.49e-09 V                  ; 2.38 V             ; -0.00552 V         ; 0.096 V                             ; 0.019 V                             ; 4.18e-10 s                 ; 3.59e-10 s                 ; No                        ; Yes                       ;
; sum[49]       ; 2.5 V        ; 0 s                 ; 0 s                 ; 2.32 V                       ; 4.49e-09 V                   ; 2.38 V              ; -0.00552 V          ; 0.096 V                              ; 0.019 V                              ; 4.18e-10 s                  ; 3.59e-10 s                  ; No                         ; Yes                        ; 2.32 V                      ; 4.49e-09 V                  ; 2.38 V             ; -0.00552 V         ; 0.096 V                             ; 0.019 V                             ; 4.18e-10 s                 ; 3.59e-10 s                 ; No                        ; Yes                       ;
; sum[48]       ; 2.5 V        ; 0 s                 ; 0 s                 ; 2.32 V                       ; 4.49e-09 V                   ; 2.38 V              ; -0.00552 V          ; 0.096 V                              ; 0.019 V                              ; 4.18e-10 s                  ; 3.59e-10 s                  ; No                         ; Yes                        ; 2.32 V                      ; 4.49e-09 V                  ; 2.38 V             ; -0.00552 V         ; 0.096 V                             ; 0.019 V                             ; 4.18e-10 s                 ; 3.59e-10 s                 ; No                        ; Yes                       ;
; sum[47]       ; 2.5 V        ; 0 s                 ; 0 s                 ; 2.32 V                       ; 4.49e-09 V                   ; 2.38 V              ; -0.00552 V          ; 0.096 V                              ; 0.019 V                              ; 4.18e-10 s                  ; 3.59e-10 s                  ; No                         ; Yes                        ; 2.32 V                      ; 4.49e-09 V                  ; 2.38 V             ; -0.00552 V         ; 0.096 V                             ; 0.019 V                             ; 4.18e-10 s                 ; 3.59e-10 s                 ; No                        ; Yes                       ;
; sum[46]       ; 2.5 V        ; 0 s                 ; 0 s                 ; 2.32 V                       ; 4.49e-09 V                   ; 2.38 V              ; -0.00552 V          ; 0.096 V                              ; 0.019 V                              ; 4.18e-10 s                  ; 3.59e-10 s                  ; No                         ; Yes                        ; 2.32 V                      ; 4.49e-09 V                  ; 2.38 V             ; -0.00552 V         ; 0.096 V                             ; 0.019 V                             ; 4.18e-10 s                 ; 3.59e-10 s                 ; No                        ; Yes                       ;
; sum[45]       ; 2.5 V        ; 0 s                 ; 0 s                 ; 2.32 V                       ; 4.49e-09 V                   ; 2.38 V              ; -0.00552 V          ; 0.096 V                              ; 0.019 V                              ; 4.18e-10 s                  ; 3.59e-10 s                  ; No                         ; Yes                        ; 2.32 V                      ; 4.49e-09 V                  ; 2.38 V             ; -0.00552 V         ; 0.096 V                             ; 0.019 V                             ; 4.18e-10 s                 ; 3.59e-10 s                 ; No                        ; Yes                       ;
; sum[44]       ; 2.5 V        ; 0 s                 ; 0 s                 ; 2.32 V                       ; 4.49e-09 V                   ; 2.38 V              ; -0.00552 V          ; 0.096 V                              ; 0.019 V                              ; 4.18e-10 s                  ; 3.59e-10 s                  ; No                         ; Yes                        ; 2.32 V                      ; 4.49e-09 V                  ; 2.38 V             ; -0.00552 V         ; 0.096 V                             ; 0.019 V                             ; 4.18e-10 s                 ; 3.59e-10 s                 ; No                        ; Yes                       ;
; sum[43]       ; 2.5 V        ; 0 s                 ; 0 s                 ; 2.32 V                       ; 4.49e-09 V                   ; 2.38 V              ; -0.00552 V          ; 0.096 V                              ; 0.019 V                              ; 4.18e-10 s                  ; 3.59e-10 s                  ; No                         ; Yes                        ; 2.32 V                      ; 4.49e-09 V                  ; 2.38 V             ; -0.00552 V         ; 0.096 V                             ; 0.019 V                             ; 4.18e-10 s                 ; 3.59e-10 s                 ; No                        ; Yes                       ;
; sum[42]       ; 2.5 V        ; 0 s                 ; 0 s                 ; 2.32 V                       ; 3.07e-09 V                   ; 2.37 V              ; -0.00994 V          ; 0.186 V                              ; 0.028 V                              ; 4.98e-10 s                  ; 4.96e-10 s                  ; Yes                        ; Yes                        ; 2.32 V                      ; 3.07e-09 V                  ; 2.37 V             ; -0.00994 V         ; 0.186 V                             ; 0.028 V                             ; 4.98e-10 s                 ; 4.96e-10 s                 ; Yes                       ; Yes                       ;
; sum[41]       ; 2.5 V        ; 0 s                 ; 0 s                 ; 2.32 V                       ; 3.07e-09 V                   ; 2.38 V              ; -0.0144 V           ; 0.227 V                              ; 0.024 V                              ; 3.14e-10 s                  ; 3.39e-10 s                  ; Yes                        ; Yes                        ; 2.32 V                      ; 3.07e-09 V                  ; 2.38 V             ; -0.0144 V          ; 0.227 V                             ; 0.024 V                             ; 3.14e-10 s                 ; 3.39e-10 s                 ; Yes                       ; Yes                       ;
; sum[40]       ; 2.5 V        ; 0 s                 ; 0 s                 ; 2.32 V                       ; 4.49e-09 V                   ; 2.38 V              ; -0.00552 V          ; 0.096 V                              ; 0.019 V                              ; 4.18e-10 s                  ; 3.59e-10 s                  ; No                         ; Yes                        ; 2.32 V                      ; 4.49e-09 V                  ; 2.38 V             ; -0.00552 V         ; 0.096 V                             ; 0.019 V                             ; 4.18e-10 s                 ; 3.59e-10 s                 ; No                        ; Yes                       ;
; sum[39]       ; 2.5 V        ; 0 s                 ; 0 s                 ; 2.32 V                       ; 4.49e-09 V                   ; 2.38 V              ; -0.00552 V          ; 0.096 V                              ; 0.019 V                              ; 4.18e-10 s                  ; 3.59e-10 s                  ; No                         ; Yes                        ; 2.32 V                      ; 4.49e-09 V                  ; 2.38 V             ; -0.00552 V         ; 0.096 V                             ; 0.019 V                             ; 4.18e-10 s                 ; 3.59e-10 s                 ; No                        ; Yes                       ;
; sum[38]       ; 2.5 V        ; 0 s                 ; 0 s                 ; 2.32 V                       ; 4.49e-09 V                   ; 2.38 V              ; -0.00552 V          ; 0.096 V                              ; 0.019 V                              ; 4.18e-10 s                  ; 3.59e-10 s                  ; No                         ; Yes                        ; 2.32 V                      ; 4.49e-09 V                  ; 2.38 V             ; -0.00552 V         ; 0.096 V                             ; 0.019 V                             ; 4.18e-10 s                 ; 3.59e-10 s                 ; No                        ; Yes                       ;
; sum[37]       ; 2.5 V        ; 0 s                 ; 0 s                 ; 2.32 V                       ; 4.49e-09 V                   ; 2.38 V              ; -0.00552 V          ; 0.096 V                              ; 0.019 V                              ; 4.18e-10 s                  ; 3.59e-10 s                  ; No                         ; Yes                        ; 2.32 V                      ; 4.49e-09 V                  ; 2.38 V             ; -0.00552 V         ; 0.096 V                             ; 0.019 V                             ; 4.18e-10 s                 ; 3.59e-10 s                 ; No                        ; Yes                       ;
; sum[36]       ; 2.5 V        ; 0 s                 ; 0 s                 ; 2.32 V                       ; 3.07e-09 V                   ; 2.37 V              ; -0.00994 V          ; 0.186 V                              ; 0.028 V                              ; 4.98e-10 s                  ; 4.96e-10 s                  ; Yes                        ; Yes                        ; 2.32 V                      ; 3.07e-09 V                  ; 2.37 V             ; -0.00994 V         ; 0.186 V                             ; 0.028 V                             ; 4.98e-10 s                 ; 4.96e-10 s                 ; Yes                       ; Yes                       ;
; sum[35]       ; 2.5 V        ; 0 s                 ; 0 s                 ; 2.32 V                       ; 3.07e-09 V                   ; 2.37 V              ; -0.00994 V          ; 0.186 V                              ; 0.028 V                              ; 4.98e-10 s                  ; 4.96e-10 s                  ; Yes                        ; Yes                        ; 2.32 V                      ; 3.07e-09 V                  ; 2.37 V             ; -0.00994 V         ; 0.186 V                             ; 0.028 V                             ; 4.98e-10 s                 ; 4.96e-10 s                 ; Yes                       ; Yes                       ;
; sum[34]       ; 2.5 V        ; 0 s                 ; 0 s                 ; 2.32 V                       ; 4.49e-09 V                   ; 2.38 V              ; -0.00552 V          ; 0.096 V                              ; 0.019 V                              ; 4.18e-10 s                  ; 3.59e-10 s                  ; No                         ; Yes                        ; 2.32 V                      ; 4.49e-09 V                  ; 2.38 V             ; -0.00552 V         ; 0.096 V                             ; 0.019 V                             ; 4.18e-10 s                 ; 3.59e-10 s                 ; No                        ; Yes                       ;
; sum[33]       ; 2.5 V        ; 0 s                 ; 0 s                 ; 2.32 V                       ; 4.49e-09 V                   ; 2.38 V              ; -0.00552 V          ; 0.096 V                              ; 0.019 V                              ; 4.18e-10 s                  ; 3.59e-10 s                  ; No                         ; Yes                        ; 2.32 V                      ; 4.49e-09 V                  ; 2.38 V             ; -0.00552 V         ; 0.096 V                             ; 0.019 V                             ; 4.18e-10 s                 ; 3.59e-10 s                 ; No                        ; Yes                       ;
; sum[32]       ; 2.5 V        ; 0 s                 ; 0 s                 ; 2.32 V                       ; 4.49e-09 V                   ; 2.38 V              ; -0.00552 V          ; 0.096 V                              ; 0.019 V                              ; 4.18e-10 s                  ; 3.59e-10 s                  ; No                         ; Yes                        ; 2.32 V                      ; 4.49e-09 V                  ; 2.38 V             ; -0.00552 V         ; 0.096 V                             ; 0.019 V                             ; 4.18e-10 s                 ; 3.59e-10 s                 ; No                        ; Yes                       ;
; sum[31]       ; 2.5 V        ; 0 s                 ; 0 s                 ; 2.32 V                       ; 4.49e-09 V                   ; 2.38 V              ; -0.00552 V          ; 0.096 V                              ; 0.019 V                              ; 4.18e-10 s                  ; 3.59e-10 s                  ; No                         ; Yes                        ; 2.32 V                      ; 4.49e-09 V                  ; 2.38 V             ; -0.00552 V         ; 0.096 V                             ; 0.019 V                             ; 4.18e-10 s                 ; 3.59e-10 s                 ; No                        ; Yes                       ;
; sum[30]       ; 2.5 V        ; 0 s                 ; 0 s                 ; 2.32 V                       ; 4.49e-09 V                   ; 2.38 V              ; -0.00552 V          ; 0.096 V                              ; 0.019 V                              ; 4.18e-10 s                  ; 3.59e-10 s                  ; No                         ; Yes                        ; 2.32 V                      ; 4.49e-09 V                  ; 2.38 V             ; -0.00552 V         ; 0.096 V                             ; 0.019 V                             ; 4.18e-10 s                 ; 3.59e-10 s                 ; No                        ; Yes                       ;
; sum[29]       ; 2.5 V        ; 0 s                 ; 0 s                 ; 2.32 V                       ; 4.49e-09 V                   ; 2.38 V              ; -0.00552 V          ; 0.096 V                              ; 0.019 V                              ; 4.18e-10 s                  ; 3.59e-10 s                  ; No                         ; Yes                        ; 2.32 V                      ; 4.49e-09 V                  ; 2.38 V             ; -0.00552 V         ; 0.096 V                             ; 0.019 V                             ; 4.18e-10 s                 ; 3.59e-10 s                 ; No                        ; Yes                       ;
; sum[28]       ; 2.5 V        ; 0 s                 ; 0 s                 ; 2.32 V                       ; 4.49e-09 V                   ; 2.33 V              ; -0.00467 V          ; 0.226 V                              ; 0.087 V                              ; 2.91e-09 s                  ; 2.74e-09 s                  ; Yes                        ; Yes                        ; 2.32 V                      ; 4.49e-09 V                  ; 2.33 V             ; -0.00467 V         ; 0.226 V                             ; 0.087 V                             ; 2.91e-09 s                 ; 2.74e-09 s                 ; Yes                       ; Yes                       ;
; sum[27]       ; 2.5 V        ; 0 s                 ; 0 s                 ; 2.32 V                       ; 3.07e-09 V                   ; 2.33 V              ; -0.00496 V          ; 0.223 V                              ; 0.086 V                              ; 2.9e-09 s                   ; 2.73e-09 s                  ; Yes                        ; Yes                        ; 2.32 V                      ; 3.07e-09 V                  ; 2.33 V             ; -0.00496 V         ; 0.223 V                             ; 0.086 V                             ; 2.9e-09 s                  ; 2.73e-09 s                 ; Yes                       ; Yes                       ;
; sum[26]       ; 2.5 V        ; 0 s                 ; 0 s                 ; 2.32 V                       ; 3.07e-09 V                   ; 2.37 V              ; -0.00994 V          ; 0.186 V                              ; 0.028 V                              ; 4.98e-10 s                  ; 4.96e-10 s                  ; Yes                        ; Yes                        ; 2.32 V                      ; 3.07e-09 V                  ; 2.37 V             ; -0.00994 V         ; 0.186 V                             ; 0.028 V                             ; 4.98e-10 s                 ; 4.96e-10 s                 ; Yes                       ; Yes                       ;
; sum[25]       ; 2.5 V        ; 0 s                 ; 0 s                 ; 2.32 V                       ; 3.07e-09 V                   ; 2.37 V              ; -0.00994 V          ; 0.186 V                              ; 0.028 V                              ; 4.98e-10 s                  ; 4.96e-10 s                  ; Yes                        ; Yes                        ; 2.32 V                      ; 3.07e-09 V                  ; 2.37 V             ; -0.00994 V         ; 0.186 V                             ; 0.028 V                             ; 4.98e-10 s                 ; 4.96e-10 s                 ; Yes                       ; Yes                       ;
; sum[24]       ; 2.5 V        ; 0 s                 ; 0 s                 ; 2.32 V                       ; 3.07e-09 V                   ; 2.37 V              ; -0.00994 V          ; 0.186 V                              ; 0.028 V                              ; 4.98e-10 s                  ; 4.96e-10 s                  ; Yes                        ; Yes                        ; 2.32 V                      ; 3.07e-09 V                  ; 2.37 V             ; -0.00994 V         ; 0.186 V                             ; 0.028 V                             ; 4.98e-10 s                 ; 4.96e-10 s                 ; Yes                       ; Yes                       ;
; sum[23]       ; 2.5 V        ; 0 s                 ; 0 s                 ; 2.32 V                       ; 3.07e-09 V                   ; 2.37 V              ; -0.00994 V          ; 0.186 V                              ; 0.028 V                              ; 4.98e-10 s                  ; 4.96e-10 s                  ; Yes                        ; Yes                        ; 2.32 V                      ; 3.07e-09 V                  ; 2.37 V             ; -0.00994 V         ; 0.186 V                             ; 0.028 V                             ; 4.98e-10 s                 ; 4.96e-10 s                 ; Yes                       ; Yes                       ;
; sum[22]       ; 2.5 V        ; 0 s                 ; 0 s                 ; 2.32 V                       ; 3.07e-09 V                   ; 2.37 V              ; -0.00994 V          ; 0.186 V                              ; 0.028 V                              ; 4.98e-10 s                  ; 4.96e-10 s                  ; Yes                        ; Yes                        ; 2.32 V                      ; 3.07e-09 V                  ; 2.37 V             ; -0.00994 V         ; 0.186 V                             ; 0.028 V                             ; 4.98e-10 s                 ; 4.96e-10 s                 ; Yes                       ; Yes                       ;
; sum[21]       ; 2.5 V        ; 0 s                 ; 0 s                 ; 2.32 V                       ; 3.07e-09 V                   ; 2.37 V              ; -0.00994 V          ; 0.186 V                              ; 0.028 V                              ; 4.98e-10 s                  ; 4.96e-10 s                  ; Yes                        ; Yes                        ; 2.32 V                      ; 3.07e-09 V                  ; 2.37 V             ; -0.00994 V         ; 0.186 V                             ; 0.028 V                             ; 4.98e-10 s                 ; 4.96e-10 s                 ; Yes                       ; Yes                       ;
; sum[20]       ; 2.5 V        ; 0 s                 ; 0 s                 ; 2.32 V                       ; 3.07e-09 V                   ; 2.37 V              ; -0.00994 V          ; 0.186 V                              ; 0.028 V                              ; 4.98e-10 s                  ; 4.96e-10 s                  ; Yes                        ; Yes                        ; 2.32 V                      ; 3.07e-09 V                  ; 2.37 V             ; -0.00994 V         ; 0.186 V                             ; 0.028 V                             ; 4.98e-10 s                 ; 4.96e-10 s                 ; Yes                       ; Yes                       ;
; sum[19]       ; 2.5 V        ; 0 s                 ; 0 s                 ; 2.32 V                       ; 3.07e-09 V                   ; 2.37 V              ; -0.00994 V          ; 0.186 V                              ; 0.028 V                              ; 4.98e-10 s                  ; 4.96e-10 s                  ; Yes                        ; Yes                        ; 2.32 V                      ; 3.07e-09 V                  ; 2.37 V             ; -0.00994 V         ; 0.186 V                             ; 0.028 V                             ; 4.98e-10 s                 ; 4.96e-10 s                 ; Yes                       ; Yes                       ;
; sum[18]       ; 2.5 V        ; 0 s                 ; 0 s                 ; 2.32 V                       ; 3.07e-09 V                   ; 2.37 V              ; -0.00994 V          ; 0.186 V                              ; 0.028 V                              ; 4.98e-10 s                  ; 4.96e-10 s                  ; Yes                        ; Yes                        ; 2.32 V                      ; 3.07e-09 V                  ; 2.37 V             ; -0.00994 V         ; 0.186 V                             ; 0.028 V                             ; 4.98e-10 s                 ; 4.96e-10 s                 ; Yes                       ; Yes                       ;
; sum[17]       ; 2.5 V        ; 0 s                 ; 0 s                 ; 2.32 V                       ; 3.07e-09 V                   ; 2.37 V              ; -0.00994 V          ; 0.186 V                              ; 0.028 V                              ; 4.98e-10 s                  ; 4.96e-10 s                  ; Yes                        ; Yes                        ; 2.32 V                      ; 3.07e-09 V                  ; 2.37 V             ; -0.00994 V         ; 0.186 V                             ; 0.028 V                             ; 4.98e-10 s                 ; 4.96e-10 s                 ; Yes                       ; Yes                       ;
; sum[16]       ; 2.5 V        ; 0 s                 ; 0 s                 ; 2.32 V                       ; 3.07e-09 V                   ; 2.37 V              ; -0.00994 V          ; 0.186 V                              ; 0.028 V                              ; 4.98e-10 s                  ; 4.96e-10 s                  ; Yes                        ; Yes                        ; 2.32 V                      ; 3.07e-09 V                  ; 2.37 V             ; -0.00994 V         ; 0.186 V                             ; 0.028 V                             ; 4.98e-10 s                 ; 4.96e-10 s                 ; Yes                       ; Yes                       ;
; sum[15]       ; 2.5 V        ; 0 s                 ; 0 s                 ; 2.32 V                       ; 3.07e-09 V                   ; 2.37 V              ; -0.00994 V          ; 0.186 V                              ; 0.028 V                              ; 4.98e-10 s                  ; 4.96e-10 s                  ; Yes                        ; Yes                        ; 2.32 V                      ; 3.07e-09 V                  ; 2.37 V             ; -0.00994 V         ; 0.186 V                             ; 0.028 V                             ; 4.98e-10 s                 ; 4.96e-10 s                 ; Yes                       ; Yes                       ;
; sum[14]       ; 2.5 V        ; 0 s                 ; 0 s                 ; 2.32 V                       ; 4.49e-09 V                   ; 2.38 V              ; -0.00552 V          ; 0.096 V                              ; 0.019 V                              ; 4.18e-10 s                  ; 3.59e-10 s                  ; No                         ; Yes                        ; 2.32 V                      ; 4.49e-09 V                  ; 2.38 V             ; -0.00552 V         ; 0.096 V                             ; 0.019 V                             ; 4.18e-10 s                 ; 3.59e-10 s                 ; No                        ; Yes                       ;
; sum[13]       ; 2.5 V        ; 0 s                 ; 0 s                 ; 2.32 V                       ; 3.07e-09 V                   ; 2.37 V              ; -0.00994 V          ; 0.186 V                              ; 0.028 V                              ; 4.98e-10 s                  ; 4.96e-10 s                  ; Yes                        ; Yes                        ; 2.32 V                      ; 3.07e-09 V                  ; 2.37 V             ; -0.00994 V         ; 0.186 V                             ; 0.028 V                             ; 4.98e-10 s                 ; 4.96e-10 s                 ; Yes                       ; Yes                       ;
; sum[12]       ; 2.5 V        ; 0 s                 ; 0 s                 ; 2.32 V                       ; 4.49e-09 V                   ; 2.38 V              ; -0.00552 V          ; 0.096 V                              ; 0.019 V                              ; 4.18e-10 s                  ; 3.59e-10 s                  ; No                         ; Yes                        ; 2.32 V                      ; 4.49e-09 V                  ; 2.38 V             ; -0.00552 V         ; 0.096 V                             ; 0.019 V                             ; 4.18e-10 s                 ; 3.59e-10 s                 ; No                        ; Yes                       ;
; sum[11]       ; 2.5 V        ; 0 s                 ; 0 s                 ; 2.32 V                       ; 4.49e-09 V                   ; 2.38 V              ; -0.00552 V          ; 0.096 V                              ; 0.019 V                              ; 4.18e-10 s                  ; 3.59e-10 s                  ; No                         ; Yes                        ; 2.32 V                      ; 4.49e-09 V                  ; 2.38 V             ; -0.00552 V         ; 0.096 V                             ; 0.019 V                             ; 4.18e-10 s                 ; 3.59e-10 s                 ; No                        ; Yes                       ;
; sum[10]       ; 2.5 V        ; 0 s                 ; 0 s                 ; 2.32 V                       ; 3.07e-09 V                   ; 2.33 V              ; -0.00496 V          ; 0.223 V                              ; 0.086 V                              ; 2.9e-09 s                   ; 2.73e-09 s                  ; Yes                        ; Yes                        ; 2.32 V                      ; 3.07e-09 V                  ; 2.33 V             ; -0.00496 V         ; 0.223 V                             ; 0.086 V                             ; 2.9e-09 s                  ; 2.73e-09 s                 ; Yes                       ; Yes                       ;
; sum[9]        ; 2.5 V        ; 0 s                 ; 0 s                 ; 2.32 V                       ; 3.07e-09 V                   ; 2.37 V              ; -0.00994 V          ; 0.186 V                              ; 0.028 V                              ; 4.98e-10 s                  ; 4.96e-10 s                  ; Yes                        ; Yes                        ; 2.32 V                      ; 3.07e-09 V                  ; 2.37 V             ; -0.00994 V         ; 0.186 V                             ; 0.028 V                             ; 4.98e-10 s                 ; 4.96e-10 s                 ; Yes                       ; Yes                       ;
; sum[8]        ; 2.5 V        ; 0 s                 ; 0 s                 ; 2.32 V                       ; 3.07e-09 V                   ; 2.37 V              ; -0.00994 V          ; 0.186 V                              ; 0.028 V                              ; 4.98e-10 s                  ; 4.96e-10 s                  ; Yes                        ; Yes                        ; 2.32 V                      ; 3.07e-09 V                  ; 2.37 V             ; -0.00994 V         ; 0.186 V                             ; 0.028 V                             ; 4.98e-10 s                 ; 4.96e-10 s                 ; Yes                       ; Yes                       ;
; sum[7]        ; 2.5 V        ; 0 s                 ; 0 s                 ; 2.32 V                       ; 3.07e-09 V                   ; 2.37 V              ; -0.00994 V          ; 0.186 V                              ; 0.028 V                              ; 4.98e-10 s                  ; 4.96e-10 s                  ; Yes                        ; Yes                        ; 2.32 V                      ; 3.07e-09 V                  ; 2.37 V             ; -0.00994 V         ; 0.186 V                             ; 0.028 V                             ; 4.98e-10 s                 ; 4.96e-10 s                 ; Yes                       ; Yes                       ;
; sum[6]        ; 2.5 V        ; 0 s                 ; 0 s                 ; 2.32 V                       ; 3.07e-09 V                   ; 2.37 V              ; -0.00994 V          ; 0.186 V                              ; 0.028 V                              ; 4.98e-10 s                  ; 4.96e-10 s                  ; Yes                        ; Yes                        ; 2.32 V                      ; 3.07e-09 V                  ; 2.37 V             ; -0.00994 V         ; 0.186 V                             ; 0.028 V                             ; 4.98e-10 s                 ; 4.96e-10 s                 ; Yes                       ; Yes                       ;
; sum[5]        ; 2.5 V        ; 0 s                 ; 0 s                 ; 2.32 V                       ; 3.07e-09 V                   ; 2.37 V              ; -0.00994 V          ; 0.186 V                              ; 0.028 V                              ; 4.98e-10 s                  ; 4.96e-10 s                  ; Yes                        ; Yes                        ; 2.32 V                      ; 3.07e-09 V                  ; 2.37 V             ; -0.00994 V         ; 0.186 V                             ; 0.028 V                             ; 4.98e-10 s                 ; 4.96e-10 s                 ; Yes                       ; Yes                       ;
; sum[4]        ; 2.5 V        ; 0 s                 ; 0 s                 ; 2.32 V                       ; 3.07e-09 V                   ; 2.37 V              ; -0.00994 V          ; 0.186 V                              ; 0.028 V                              ; 4.98e-10 s                  ; 4.96e-10 s                  ; Yes                        ; Yes                        ; 2.32 V                      ; 3.07e-09 V                  ; 2.37 V             ; -0.00994 V         ; 0.186 V                             ; 0.028 V                             ; 4.98e-10 s                 ; 4.96e-10 s                 ; Yes                       ; Yes                       ;
; sum[3]        ; 2.5 V        ; 0 s                 ; 0 s                 ; 2.32 V                       ; 3.07e-09 V                   ; 2.37 V              ; -0.00994 V          ; 0.186 V                              ; 0.028 V                              ; 4.98e-10 s                  ; 4.96e-10 s                  ; Yes                        ; Yes                        ; 2.32 V                      ; 3.07e-09 V                  ; 2.37 V             ; -0.00994 V         ; 0.186 V                             ; 0.028 V                             ; 4.98e-10 s                 ; 4.96e-10 s                 ; Yes                       ; Yes                       ;
; sum[2]        ; 2.5 V        ; 0 s                 ; 0 s                 ; 2.32 V                       ; 3.07e-09 V                   ; 2.37 V              ; -0.00994 V          ; 0.186 V                              ; 0.028 V                              ; 4.98e-10 s                  ; 4.96e-10 s                  ; Yes                        ; Yes                        ; 2.32 V                      ; 3.07e-09 V                  ; 2.37 V             ; -0.00994 V         ; 0.186 V                             ; 0.028 V                             ; 4.98e-10 s                 ; 4.96e-10 s                 ; Yes                       ; Yes                       ;
; sum[1]        ; 2.5 V        ; 0 s                 ; 0 s                 ; 2.32 V                       ; 3.07e-09 V                   ; 2.37 V              ; -0.00994 V          ; 0.186 V                              ; 0.028 V                              ; 4.98e-10 s                  ; 4.96e-10 s                  ; Yes                        ; Yes                        ; 2.32 V                      ; 3.07e-09 V                  ; 2.37 V             ; -0.00994 V         ; 0.186 V                             ; 0.028 V                             ; 4.98e-10 s                 ; 4.96e-10 s                 ; Yes                       ; Yes                       ;
; sum[0]        ; 2.5 V        ; 0 s                 ; 0 s                 ; 2.32 V                       ; 3.07e-09 V                   ; 2.37 V              ; -0.00994 V          ; 0.186 V                              ; 0.028 V                              ; 4.98e-10 s                  ; 4.96e-10 s                  ; Yes                        ; Yes                        ; 2.32 V                      ; 3.07e-09 V                  ; 2.37 V             ; -0.00994 V         ; 0.186 V                             ; 0.028 V                             ; 4.98e-10 s                 ; 4.96e-10 s                 ; Yes                       ; Yes                       ;
; ~ALTERA_DCLK~ ; 2.5 V        ; 0 s                 ; 0 s                 ; 2.32 V                       ; 2.67e-09 V                   ; 2.38 V              ; -0.0485 V           ; 0.167 V                              ; 0.096 V                              ; 2.95e-10 s                  ; 2.73e-10 s                  ; Yes                        ; Yes                        ; 2.32 V                      ; 2.67e-09 V                  ; 2.38 V             ; -0.0485 V          ; 0.167 V                             ; 0.096 V                             ; 2.95e-10 s                 ; 2.73e-10 s                 ; Yes                       ; Yes                       ;
; ~ALTERA_nCEO~ ; 2.5 V        ; 0 s                 ; 0 s                 ; 2.32 V                       ; 4.18e-09 V                   ; 2.38 V              ; -0.00483 V          ; 0.152 V                              ; 0.012 V                              ; 4.81e-10 s                  ; 6.29e-10 s                  ; Yes                        ; Yes                        ; 2.32 V                      ; 4.18e-09 V                  ; 2.38 V             ; -0.00483 V         ; 0.152 V                             ; 0.012 V                             ; 4.81e-10 s                 ; 6.29e-10 s                 ; Yes                       ; Yes                       ;
+---------------+--------------+---------------------+---------------------+------------------------------+------------------------------+---------------------+---------------------+--------------------------------------+--------------------------------------+-----------------------------+-----------------------------+----------------------------+----------------------------+-----------------------------+-----------------------------+--------------------+--------------------+-------------------------------------+-------------------------------------+----------------------------+----------------------------+---------------------------+---------------------------+


+--------------------------------------------------------------------------------------------------------------------------------------------------------------------------------------------------------------------------------------------------------------------------------------------------------------------------------------------------------------------------------------------------------------------------------------------------------------------------------------------------------------------------------------------------------------------------------------------------------------------------------------------------------------------------------------------+
; Signal Integrity Metrics (Slow 1200mv 85c Model)                                                                                                                                                                                                                                                                                                                                                                                                                                                                                                                                                                                                                                           ;
+---------------+--------------+---------------------+---------------------+------------------------------+------------------------------+---------------------+---------------------+--------------------------------------+--------------------------------------+-----------------------------+-----------------------------+----------------------------+----------------------------+-----------------------------+-----------------------------+--------------------+--------------------+-------------------------------------+-------------------------------------+----------------------------+----------------------------+---------------------------+---------------------------+
; Pin           ; I/O Standard ; Board Delay on Rise ; Board Delay on Fall ; Steady State Voh at FPGA Pin ; Steady State Vol at FPGA Pin ; Voh Max at FPGA Pin ; Vol Min at FPGA Pin ; Ringback Voltage on Rise at FPGA Pin ; Ringback Voltage on Fall at FPGA Pin ; 10-90 Rise Time at FPGA Pin ; 90-10 Fall Time at FPGA Pin ; Monotonic Rise at FPGA Pin ; Monotonic Fall at FPGA Pin ; Steady State Voh at Far-end ; Steady State Vol at Far-end ; Voh Max at Far-end ; Vol Min at Far-end ; Ringback Voltage on Rise at Far-end ; Ringback Voltage on Fall at Far-end ; 10-90 Rise Time at Far-end ; 90-10 Fall Time at Far-end ; Monotonic Rise at Far-end ; Monotonic Fall at Far-end ;
+---------------+--------------+---------------------+---------------------+------------------------------+------------------------------+---------------------+---------------------+--------------------------------------+--------------------------------------+-----------------------------+-----------------------------+----------------------------+----------------------------+-----------------------------+-----------------------------+--------------------+--------------------+-------------------------------------+-------------------------------------+----------------------------+----------------------------+---------------------------+---------------------------+
; overflow      ; 2.5 V        ; 0 s                 ; 0 s                 ; 2.32 V                       ; 6.92e-07 V                   ; 2.35 V              ; -0.00996 V          ; 0.121 V                              ; 0.03 V                               ; 4.64e-10 s                  ; 4.47e-10 s                  ; Yes                        ; Yes                        ; 2.32 V                      ; 6.92e-07 V                  ; 2.35 V             ; -0.00996 V         ; 0.121 V                             ; 0.03 V                              ; 4.64e-10 s                 ; 4.47e-10 s                 ; Yes                       ; Yes                       ;
; sum[63]       ; 2.5 V        ; 0 s                 ; 0 s                 ; 2.32 V                       ; 6.92e-07 V                   ; 2.35 V              ; -0.00996 V          ; 0.121 V                              ; 0.03 V                               ; 4.64e-10 s                  ; 4.47e-10 s                  ; Yes                        ; Yes                        ; 2.32 V                      ; 6.92e-07 V                  ; 2.35 V             ; -0.00996 V         ; 0.121 V                             ; 0.03 V                              ; 4.64e-10 s                 ; 4.47e-10 s                 ; Yes                       ; Yes                       ;
; sum[62]       ; 2.5 V        ; 0 s                 ; 0 s                 ; 2.32 V                       ; 6.92e-07 V                   ; 2.35 V              ; -0.00996 V          ; 0.121 V                              ; 0.03 V                               ; 4.64e-10 s                  ; 4.47e-10 s                  ; Yes                        ; Yes                        ; 2.32 V                      ; 6.92e-07 V                  ; 2.35 V             ; -0.00996 V         ; 0.121 V                             ; 0.03 V                              ; 4.64e-10 s                 ; 4.47e-10 s                 ; Yes                       ; Yes                       ;
; sum[61]       ; 2.5 V        ; 0 s                 ; 0 s                 ; 2.32 V                       ; 6.92e-07 V                   ; 2.35 V              ; -0.00996 V          ; 0.121 V                              ; 0.03 V                               ; 4.64e-10 s                  ; 4.47e-10 s                  ; Yes                        ; Yes                        ; 2.32 V                      ; 6.92e-07 V                  ; 2.35 V             ; -0.00996 V         ; 0.121 V                             ; 0.03 V                              ; 4.64e-10 s                 ; 4.47e-10 s                 ; Yes                       ; Yes                       ;
; sum[60]       ; 2.5 V        ; 0 s                 ; 0 s                 ; 2.32 V                       ; 6.92e-07 V                   ; 2.35 V              ; -0.00996 V          ; 0.121 V                              ; 0.03 V                               ; 4.64e-10 s                  ; 4.47e-10 s                  ; Yes                        ; Yes                        ; 2.32 V                      ; 6.92e-07 V                  ; 2.35 V             ; -0.00996 V         ; 0.121 V                             ; 0.03 V                              ; 4.64e-10 s                 ; 4.47e-10 s                 ; Yes                       ; Yes                       ;
; sum[59]       ; 2.5 V        ; 0 s                 ; 0 s                 ; 2.32 V                       ; 6.92e-07 V                   ; 2.35 V              ; -0.00996 V          ; 0.121 V                              ; 0.03 V                               ; 4.64e-10 s                  ; 4.47e-10 s                  ; Yes                        ; Yes                        ; 2.32 V                      ; 6.92e-07 V                  ; 2.35 V             ; -0.00996 V         ; 0.121 V                             ; 0.03 V                              ; 4.64e-10 s                 ; 4.47e-10 s                 ; Yes                       ; Yes                       ;
; sum[58]       ; 2.5 V        ; 0 s                 ; 0 s                 ; 2.32 V                       ; 6.92e-07 V                   ; 2.35 V              ; -0.00996 V          ; 0.121 V                              ; 0.03 V                               ; 4.64e-10 s                  ; 4.47e-10 s                  ; Yes                        ; Yes                        ; 2.32 V                      ; 6.92e-07 V                  ; 2.35 V             ; -0.00996 V         ; 0.121 V                             ; 0.03 V                              ; 4.64e-10 s                 ; 4.47e-10 s                 ; Yes                       ; Yes                       ;
; sum[57]       ; 2.5 V        ; 0 s                 ; 0 s                 ; 2.32 V                       ; 6.92e-07 V                   ; 2.35 V              ; -0.00996 V          ; 0.121 V                              ; 0.03 V                               ; 4.64e-10 s                  ; 4.47e-10 s                  ; Yes                        ; Yes                        ; 2.32 V                      ; 6.92e-07 V                  ; 2.35 V             ; -0.00996 V         ; 0.121 V                             ; 0.03 V                              ; 4.64e-10 s                 ; 4.47e-10 s                 ; Yes                       ; Yes                       ;
; sum[56]       ; 2.5 V        ; 0 s                 ; 0 s                 ; 2.32 V                       ; 6.92e-07 V                   ; 2.35 V              ; -0.00996 V          ; 0.121 V                              ; 0.03 V                               ; 4.64e-10 s                  ; 4.47e-10 s                  ; Yes                        ; Yes                        ; 2.32 V                      ; 6.92e-07 V                  ; 2.35 V             ; -0.00996 V         ; 0.121 V                             ; 0.03 V                              ; 4.64e-10 s                 ; 4.47e-10 s                 ; Yes                       ; Yes                       ;
; sum[55]       ; 2.5 V        ; 0 s                 ; 0 s                 ; 2.32 V                       ; 6.92e-07 V                   ; 2.35 V              ; -0.00996 V          ; 0.121 V                              ; 0.03 V                               ; 4.64e-10 s                  ; 4.47e-10 s                  ; Yes                        ; Yes                        ; 2.32 V                      ; 6.92e-07 V                  ; 2.35 V             ; -0.00996 V         ; 0.121 V                             ; 0.03 V                              ; 4.64e-10 s                 ; 4.47e-10 s                 ; Yes                       ; Yes                       ;
; sum[54]       ; 2.5 V        ; 0 s                 ; 0 s                 ; 2.32 V                       ; 6.92e-07 V                   ; 2.35 V              ; -0.00996 V          ; 0.121 V                              ; 0.03 V                               ; 4.64e-10 s                  ; 4.47e-10 s                  ; Yes                        ; Yes                        ; 2.32 V                      ; 6.92e-07 V                  ; 2.35 V             ; -0.00996 V         ; 0.121 V                             ; 0.03 V                              ; 4.64e-10 s                 ; 4.47e-10 s                 ; Yes                       ; Yes                       ;
; sum[53]       ; 2.5 V        ; 0 s                 ; 0 s                 ; 2.32 V                       ; 6.92e-07 V                   ; 2.35 V              ; -0.00996 V          ; 0.121 V                              ; 0.03 V                               ; 4.64e-10 s                  ; 4.47e-10 s                  ; Yes                        ; Yes                        ; 2.32 V                      ; 6.92e-07 V                  ; 2.35 V             ; -0.00996 V         ; 0.121 V                             ; 0.03 V                              ; 4.64e-10 s                 ; 4.47e-10 s                 ; Yes                       ; Yes                       ;
; sum[52]       ; 2.5 V        ; 0 s                 ; 0 s                 ; 2.32 V                       ; 6.92e-07 V                   ; 2.35 V              ; -0.00996 V          ; 0.121 V                              ; 0.03 V                               ; 4.64e-10 s                  ; 4.47e-10 s                  ; Yes                        ; Yes                        ; 2.32 V                      ; 6.92e-07 V                  ; 2.35 V             ; -0.00996 V         ; 0.121 V                             ; 0.03 V                              ; 4.64e-10 s                 ; 4.47e-10 s                 ; Yes                       ; Yes                       ;
; sum[51]       ; 2.5 V        ; 0 s                 ; 0 s                 ; 2.32 V                       ; 6.92e-07 V                   ; 2.35 V              ; -0.00996 V          ; 0.121 V                              ; 0.03 V                               ; 4.64e-10 s                  ; 4.47e-10 s                  ; Yes                        ; Yes                        ; 2.32 V                      ; 6.92e-07 V                  ; 2.35 V             ; -0.00996 V         ; 0.121 V                             ; 0.03 V                              ; 4.64e-10 s                 ; 4.47e-10 s                 ; Yes                       ; Yes                       ;
; sum[50]       ; 2.5 V        ; 0 s                 ; 0 s                 ; 2.32 V                       ; 6.92e-07 V                   ; 2.35 V              ; -0.00996 V          ; 0.121 V                              ; 0.03 V                               ; 4.64e-10 s                  ; 4.47e-10 s                  ; Yes                        ; Yes                        ; 2.32 V                      ; 6.92e-07 V                  ; 2.35 V             ; -0.00996 V         ; 0.121 V                             ; 0.03 V                              ; 4.64e-10 s                 ; 4.47e-10 s                 ; Yes                       ; Yes                       ;
; sum[49]       ; 2.5 V        ; 0 s                 ; 0 s                 ; 2.32 V                       ; 6.92e-07 V                   ; 2.35 V              ; -0.00996 V          ; 0.121 V                              ; 0.03 V                               ; 4.64e-10 s                  ; 4.47e-10 s                  ; Yes                        ; Yes                        ; 2.32 V                      ; 6.92e-07 V                  ; 2.35 V             ; -0.00996 V         ; 0.121 V                             ; 0.03 V                              ; 4.64e-10 s                 ; 4.47e-10 s                 ; Yes                       ; Yes                       ;
; sum[48]       ; 2.5 V        ; 0 s                 ; 0 s                 ; 2.32 V                       ; 6.92e-07 V                   ; 2.35 V              ; -0.00996 V          ; 0.121 V                              ; 0.03 V                               ; 4.64e-10 s                  ; 4.47e-10 s                  ; Yes                        ; Yes                        ; 2.32 V                      ; 6.92e-07 V                  ; 2.35 V             ; -0.00996 V         ; 0.121 V                             ; 0.03 V                              ; 4.64e-10 s                 ; 4.47e-10 s                 ; Yes                       ; Yes                       ;
; sum[47]       ; 2.5 V        ; 0 s                 ; 0 s                 ; 2.32 V                       ; 6.92e-07 V                   ; 2.35 V              ; -0.00996 V          ; 0.121 V                              ; 0.03 V                               ; 4.64e-10 s                  ; 4.47e-10 s                  ; Yes                        ; Yes                        ; 2.32 V                      ; 6.92e-07 V                  ; 2.35 V             ; -0.00996 V         ; 0.121 V                             ; 0.03 V                              ; 4.64e-10 s                 ; 4.47e-10 s                 ; Yes                       ; Yes                       ;
; sum[46]       ; 2.5 V        ; 0 s                 ; 0 s                 ; 2.32 V                       ; 6.92e-07 V                   ; 2.35 V              ; -0.00996 V          ; 0.121 V                              ; 0.03 V                               ; 4.64e-10 s                  ; 4.47e-10 s                  ; Yes                        ; Yes                        ; 2.32 V                      ; 6.92e-07 V                  ; 2.35 V             ; -0.00996 V         ; 0.121 V                             ; 0.03 V                              ; 4.64e-10 s                 ; 4.47e-10 s                 ; Yes                       ; Yes                       ;
; sum[45]       ; 2.5 V        ; 0 s                 ; 0 s                 ; 2.32 V                       ; 6.92e-07 V                   ; 2.35 V              ; -0.00996 V          ; 0.121 V                              ; 0.03 V                               ; 4.64e-10 s                  ; 4.47e-10 s                  ; Yes                        ; Yes                        ; 2.32 V                      ; 6.92e-07 V                  ; 2.35 V             ; -0.00996 V         ; 0.121 V                             ; 0.03 V                              ; 4.64e-10 s                 ; 4.47e-10 s                 ; Yes                       ; Yes                       ;
; sum[44]       ; 2.5 V        ; 0 s                 ; 0 s                 ; 2.32 V                       ; 6.92e-07 V                   ; 2.35 V              ; -0.00996 V          ; 0.121 V                              ; 0.03 V                               ; 4.64e-10 s                  ; 4.47e-10 s                  ; Yes                        ; Yes                        ; 2.32 V                      ; 6.92e-07 V                  ; 2.35 V             ; -0.00996 V         ; 0.121 V                             ; 0.03 V                              ; 4.64e-10 s                 ; 4.47e-10 s                 ; Yes                       ; Yes                       ;
; sum[43]       ; 2.5 V        ; 0 s                 ; 0 s                 ; 2.32 V                       ; 6.92e-07 V                   ; 2.35 V              ; -0.00996 V          ; 0.121 V                              ; 0.03 V                               ; 4.64e-10 s                  ; 4.47e-10 s                  ; Yes                        ; Yes                        ; 2.32 V                      ; 6.92e-07 V                  ; 2.35 V             ; -0.00996 V         ; 0.121 V                             ; 0.03 V                              ; 4.64e-10 s                 ; 4.47e-10 s                 ; Yes                       ; Yes                       ;
; sum[42]       ; 2.5 V        ; 0 s                 ; 0 s                 ; 2.32 V                       ; 4.67e-07 V                   ; 2.35 V              ; -0.00942 V          ; 0.116 V                              ; 0.033 V                              ; 6.66e-10 s                  ; 6.27e-10 s                  ; Yes                        ; Yes                        ; 2.32 V                      ; 4.67e-07 V                  ; 2.35 V             ; -0.00942 V         ; 0.116 V                             ; 0.033 V                             ; 6.66e-10 s                 ; 6.27e-10 s                 ; Yes                       ; Yes                       ;
; sum[41]       ; 2.5 V        ; 0 s                 ; 0 s                 ; 2.32 V                       ; 4.67e-07 V                   ; 2.36 V              ; -0.00552 V          ; 0.11 V                               ; 0.007 V                              ; 4.54e-10 s                  ; 4.35e-10 s                  ; Yes                        ; Yes                        ; 2.32 V                      ; 4.67e-07 V                  ; 2.36 V             ; -0.00552 V         ; 0.11 V                              ; 0.007 V                             ; 4.54e-10 s                 ; 4.35e-10 s                 ; Yes                       ; Yes                       ;
; sum[40]       ; 2.5 V        ; 0 s                 ; 0 s                 ; 2.32 V                       ; 6.92e-07 V                   ; 2.35 V              ; -0.00996 V          ; 0.121 V                              ; 0.03 V                               ; 4.64e-10 s                  ; 4.47e-10 s                  ; Yes                        ; Yes                        ; 2.32 V                      ; 6.92e-07 V                  ; 2.35 V             ; -0.00996 V         ; 0.121 V                             ; 0.03 V                              ; 4.64e-10 s                 ; 4.47e-10 s                 ; Yes                       ; Yes                       ;
; sum[39]       ; 2.5 V        ; 0 s                 ; 0 s                 ; 2.32 V                       ; 6.92e-07 V                   ; 2.35 V              ; -0.00996 V          ; 0.121 V                              ; 0.03 V                               ; 4.64e-10 s                  ; 4.47e-10 s                  ; Yes                        ; Yes                        ; 2.32 V                      ; 6.92e-07 V                  ; 2.35 V             ; -0.00996 V         ; 0.121 V                             ; 0.03 V                              ; 4.64e-10 s                 ; 4.47e-10 s                 ; Yes                       ; Yes                       ;
; sum[38]       ; 2.5 V        ; 0 s                 ; 0 s                 ; 2.32 V                       ; 6.92e-07 V                   ; 2.35 V              ; -0.00996 V          ; 0.121 V                              ; 0.03 V                               ; 4.64e-10 s                  ; 4.47e-10 s                  ; Yes                        ; Yes                        ; 2.32 V                      ; 6.92e-07 V                  ; 2.35 V             ; -0.00996 V         ; 0.121 V                             ; 0.03 V                              ; 4.64e-10 s                 ; 4.47e-10 s                 ; Yes                       ; Yes                       ;
; sum[37]       ; 2.5 V        ; 0 s                 ; 0 s                 ; 2.32 V                       ; 6.92e-07 V                   ; 2.35 V              ; -0.00996 V          ; 0.121 V                              ; 0.03 V                               ; 4.64e-10 s                  ; 4.47e-10 s                  ; Yes                        ; Yes                        ; 2.32 V                      ; 6.92e-07 V                  ; 2.35 V             ; -0.00996 V         ; 0.121 V                             ; 0.03 V                              ; 4.64e-10 s                 ; 4.47e-10 s                 ; Yes                       ; Yes                       ;
; sum[36]       ; 2.5 V        ; 0 s                 ; 0 s                 ; 2.32 V                       ; 4.67e-07 V                   ; 2.35 V              ; -0.00942 V          ; 0.116 V                              ; 0.033 V                              ; 6.66e-10 s                  ; 6.27e-10 s                  ; Yes                        ; Yes                        ; 2.32 V                      ; 4.67e-07 V                  ; 2.35 V             ; -0.00942 V         ; 0.116 V                             ; 0.033 V                             ; 6.66e-10 s                 ; 6.27e-10 s                 ; Yes                       ; Yes                       ;
; sum[35]       ; 2.5 V        ; 0 s                 ; 0 s                 ; 2.32 V                       ; 4.67e-07 V                   ; 2.35 V              ; -0.00942 V          ; 0.116 V                              ; 0.033 V                              ; 6.66e-10 s                  ; 6.27e-10 s                  ; Yes                        ; Yes                        ; 2.32 V                      ; 4.67e-07 V                  ; 2.35 V             ; -0.00942 V         ; 0.116 V                             ; 0.033 V                             ; 6.66e-10 s                 ; 6.27e-10 s                 ; Yes                       ; Yes                       ;
; sum[34]       ; 2.5 V        ; 0 s                 ; 0 s                 ; 2.32 V                       ; 6.92e-07 V                   ; 2.35 V              ; -0.00996 V          ; 0.121 V                              ; 0.03 V                               ; 4.64e-10 s                  ; 4.47e-10 s                  ; Yes                        ; Yes                        ; 2.32 V                      ; 6.92e-07 V                  ; 2.35 V             ; -0.00996 V         ; 0.121 V                             ; 0.03 V                              ; 4.64e-10 s                 ; 4.47e-10 s                 ; Yes                       ; Yes                       ;
; sum[33]       ; 2.5 V        ; 0 s                 ; 0 s                 ; 2.32 V                       ; 6.92e-07 V                   ; 2.35 V              ; -0.00996 V          ; 0.121 V                              ; 0.03 V                               ; 4.64e-10 s                  ; 4.47e-10 s                  ; Yes                        ; Yes                        ; 2.32 V                      ; 6.92e-07 V                  ; 2.35 V             ; -0.00996 V         ; 0.121 V                             ; 0.03 V                              ; 4.64e-10 s                 ; 4.47e-10 s                 ; Yes                       ; Yes                       ;
; sum[32]       ; 2.5 V        ; 0 s                 ; 0 s                 ; 2.32 V                       ; 6.92e-07 V                   ; 2.35 V              ; -0.00996 V          ; 0.121 V                              ; 0.03 V                               ; 4.64e-10 s                  ; 4.47e-10 s                  ; Yes                        ; Yes                        ; 2.32 V                      ; 6.92e-07 V                  ; 2.35 V             ; -0.00996 V         ; 0.121 V                             ; 0.03 V                              ; 4.64e-10 s                 ; 4.47e-10 s                 ; Yes                       ; Yes                       ;
; sum[31]       ; 2.5 V        ; 0 s                 ; 0 s                 ; 2.32 V                       ; 6.92e-07 V                   ; 2.35 V              ; -0.00996 V          ; 0.121 V                              ; 0.03 V                               ; 4.64e-10 s                  ; 4.47e-10 s                  ; Yes                        ; Yes                        ; 2.32 V                      ; 6.92e-07 V                  ; 2.35 V             ; -0.00996 V         ; 0.121 V                             ; 0.03 V                              ; 4.64e-10 s                 ; 4.47e-10 s                 ; Yes                       ; Yes                       ;
; sum[30]       ; 2.5 V        ; 0 s                 ; 0 s                 ; 2.32 V                       ; 6.92e-07 V                   ; 2.35 V              ; -0.00996 V          ; 0.121 V                              ; 0.03 V                               ; 4.64e-10 s                  ; 4.47e-10 s                  ; Yes                        ; Yes                        ; 2.32 V                      ; 6.92e-07 V                  ; 2.35 V             ; -0.00996 V         ; 0.121 V                             ; 0.03 V                              ; 4.64e-10 s                 ; 4.47e-10 s                 ; Yes                       ; Yes                       ;
; sum[29]       ; 2.5 V        ; 0 s                 ; 0 s                 ; 2.32 V                       ; 6.92e-07 V                   ; 2.35 V              ; -0.00996 V          ; 0.121 V                              ; 0.03 V                               ; 4.64e-10 s                  ; 4.47e-10 s                  ; Yes                        ; Yes                        ; 2.32 V                      ; 6.92e-07 V                  ; 2.35 V             ; -0.00996 V         ; 0.121 V                             ; 0.03 V                              ; 4.64e-10 s                 ; 4.47e-10 s                 ; Yes                       ; Yes                       ;
; sum[28]       ; 2.5 V        ; 0 s                 ; 0 s                 ; 2.32 V                       ; 6.92e-07 V                   ; 2.33 V              ; -0.00265 V          ; 0.133 V                              ; 0.056 V                              ; 3.55e-09 s                  ; 3.31e-09 s                  ; Yes                        ; Yes                        ; 2.32 V                      ; 6.92e-07 V                  ; 2.33 V             ; -0.00265 V         ; 0.133 V                             ; 0.056 V                             ; 3.55e-09 s                 ; 3.31e-09 s                 ; Yes                       ; Yes                       ;
; sum[27]       ; 2.5 V        ; 0 s                 ; 0 s                 ; 2.32 V                       ; 4.67e-07 V                   ; 2.33 V              ; -0.00269 V          ; 0.13 V                               ; 0.055 V                              ; 3.54e-09 s                  ; 3.29e-09 s                  ; Yes                        ; Yes                        ; 2.32 V                      ; 4.67e-07 V                  ; 2.33 V             ; -0.00269 V         ; 0.13 V                              ; 0.055 V                             ; 3.54e-09 s                 ; 3.29e-09 s                 ; Yes                       ; Yes                       ;
; sum[26]       ; 2.5 V        ; 0 s                 ; 0 s                 ; 2.32 V                       ; 4.67e-07 V                   ; 2.35 V              ; -0.00942 V          ; 0.116 V                              ; 0.033 V                              ; 6.66e-10 s                  ; 6.27e-10 s                  ; Yes                        ; Yes                        ; 2.32 V                      ; 4.67e-07 V                  ; 2.35 V             ; -0.00942 V         ; 0.116 V                             ; 0.033 V                             ; 6.66e-10 s                 ; 6.27e-10 s                 ; Yes                       ; Yes                       ;
; sum[25]       ; 2.5 V        ; 0 s                 ; 0 s                 ; 2.32 V                       ; 4.67e-07 V                   ; 2.35 V              ; -0.00942 V          ; 0.116 V                              ; 0.033 V                              ; 6.66e-10 s                  ; 6.27e-10 s                  ; Yes                        ; Yes                        ; 2.32 V                      ; 4.67e-07 V                  ; 2.35 V             ; -0.00942 V         ; 0.116 V                             ; 0.033 V                             ; 6.66e-10 s                 ; 6.27e-10 s                 ; Yes                       ; Yes                       ;
; sum[24]       ; 2.5 V        ; 0 s                 ; 0 s                 ; 2.32 V                       ; 4.67e-07 V                   ; 2.35 V              ; -0.00942 V          ; 0.116 V                              ; 0.033 V                              ; 6.66e-10 s                  ; 6.27e-10 s                  ; Yes                        ; Yes                        ; 2.32 V                      ; 4.67e-07 V                  ; 2.35 V             ; -0.00942 V         ; 0.116 V                             ; 0.033 V                             ; 6.66e-10 s                 ; 6.27e-10 s                 ; Yes                       ; Yes                       ;
; sum[23]       ; 2.5 V        ; 0 s                 ; 0 s                 ; 2.32 V                       ; 4.67e-07 V                   ; 2.35 V              ; -0.00942 V          ; 0.116 V                              ; 0.033 V                              ; 6.66e-10 s                  ; 6.27e-10 s                  ; Yes                        ; Yes                        ; 2.32 V                      ; 4.67e-07 V                  ; 2.35 V             ; -0.00942 V         ; 0.116 V                             ; 0.033 V                             ; 6.66e-10 s                 ; 6.27e-10 s                 ; Yes                       ; Yes                       ;
; sum[22]       ; 2.5 V        ; 0 s                 ; 0 s                 ; 2.32 V                       ; 4.67e-07 V                   ; 2.35 V              ; -0.00942 V          ; 0.116 V                              ; 0.033 V                              ; 6.66e-10 s                  ; 6.27e-10 s                  ; Yes                        ; Yes                        ; 2.32 V                      ; 4.67e-07 V                  ; 2.35 V             ; -0.00942 V         ; 0.116 V                             ; 0.033 V                             ; 6.66e-10 s                 ; 6.27e-10 s                 ; Yes                       ; Yes                       ;
; sum[21]       ; 2.5 V        ; 0 s                 ; 0 s                 ; 2.32 V                       ; 4.67e-07 V                   ; 2.35 V              ; -0.00942 V          ; 0.116 V                              ; 0.033 V                              ; 6.66e-10 s                  ; 6.27e-10 s                  ; Yes                        ; Yes                        ; 2.32 V                      ; 4.67e-07 V                  ; 2.35 V             ; -0.00942 V         ; 0.116 V                             ; 0.033 V                             ; 6.66e-10 s                 ; 6.27e-10 s                 ; Yes                       ; Yes                       ;
; sum[20]       ; 2.5 V        ; 0 s                 ; 0 s                 ; 2.32 V                       ; 4.67e-07 V                   ; 2.35 V              ; -0.00942 V          ; 0.116 V                              ; 0.033 V                              ; 6.66e-10 s                  ; 6.27e-10 s                  ; Yes                        ; Yes                        ; 2.32 V                      ; 4.67e-07 V                  ; 2.35 V             ; -0.00942 V         ; 0.116 V                             ; 0.033 V                             ; 6.66e-10 s                 ; 6.27e-10 s                 ; Yes                       ; Yes                       ;
; sum[19]       ; 2.5 V        ; 0 s                 ; 0 s                 ; 2.32 V                       ; 4.67e-07 V                   ; 2.35 V              ; -0.00942 V          ; 0.116 V                              ; 0.033 V                              ; 6.66e-10 s                  ; 6.27e-10 s                  ; Yes                        ; Yes                        ; 2.32 V                      ; 4.67e-07 V                  ; 2.35 V             ; -0.00942 V         ; 0.116 V                             ; 0.033 V                             ; 6.66e-10 s                 ; 6.27e-10 s                 ; Yes                       ; Yes                       ;
; sum[18]       ; 2.5 V        ; 0 s                 ; 0 s                 ; 2.32 V                       ; 4.67e-07 V                   ; 2.35 V              ; -0.00942 V          ; 0.116 V                              ; 0.033 V                              ; 6.66e-10 s                  ; 6.27e-10 s                  ; Yes                        ; Yes                        ; 2.32 V                      ; 4.67e-07 V                  ; 2.35 V             ; -0.00942 V         ; 0.116 V                             ; 0.033 V                             ; 6.66e-10 s                 ; 6.27e-10 s                 ; Yes                       ; Yes                       ;
; sum[17]       ; 2.5 V        ; 0 s                 ; 0 s                 ; 2.32 V                       ; 4.67e-07 V                   ; 2.35 V              ; -0.00942 V          ; 0.116 V                              ; 0.033 V                              ; 6.66e-10 s                  ; 6.27e-10 s                  ; Yes                        ; Yes                        ; 2.32 V                      ; 4.67e-07 V                  ; 2.35 V             ; -0.00942 V         ; 0.116 V                             ; 0.033 V                             ; 6.66e-10 s                 ; 6.27e-10 s                 ; Yes                       ; Yes                       ;
; sum[16]       ; 2.5 V        ; 0 s                 ; 0 s                 ; 2.32 V                       ; 4.67e-07 V                   ; 2.35 V              ; -0.00942 V          ; 0.116 V                              ; 0.033 V                              ; 6.66e-10 s                  ; 6.27e-10 s                  ; Yes                        ; Yes                        ; 2.32 V                      ; 4.67e-07 V                  ; 2.35 V             ; -0.00942 V         ; 0.116 V                             ; 0.033 V                             ; 6.66e-10 s                 ; 6.27e-10 s                 ; Yes                       ; Yes                       ;
; sum[15]       ; 2.5 V        ; 0 s                 ; 0 s                 ; 2.32 V                       ; 4.67e-07 V                   ; 2.35 V              ; -0.00942 V          ; 0.116 V                              ; 0.033 V                              ; 6.66e-10 s                  ; 6.27e-10 s                  ; Yes                        ; Yes                        ; 2.32 V                      ; 4.67e-07 V                  ; 2.35 V             ; -0.00942 V         ; 0.116 V                             ; 0.033 V                             ; 6.66e-10 s                 ; 6.27e-10 s                 ; Yes                       ; Yes                       ;
; sum[14]       ; 2.5 V        ; 0 s                 ; 0 s                 ; 2.32 V                       ; 6.92e-07 V                   ; 2.35 V              ; -0.00996 V          ; 0.121 V                              ; 0.03 V                               ; 4.64e-10 s                  ; 4.47e-10 s                  ; Yes                        ; Yes                        ; 2.32 V                      ; 6.92e-07 V                  ; 2.35 V             ; -0.00996 V         ; 0.121 V                             ; 0.03 V                              ; 4.64e-10 s                 ; 4.47e-10 s                 ; Yes                       ; Yes                       ;
; sum[13]       ; 2.5 V        ; 0 s                 ; 0 s                 ; 2.32 V                       ; 4.67e-07 V                   ; 2.35 V              ; -0.00942 V          ; 0.116 V                              ; 0.033 V                              ; 6.66e-10 s                  ; 6.27e-10 s                  ; Yes                        ; Yes                        ; 2.32 V                      ; 4.67e-07 V                  ; 2.35 V             ; -0.00942 V         ; 0.116 V                             ; 0.033 V                             ; 6.66e-10 s                 ; 6.27e-10 s                 ; Yes                       ; Yes                       ;
; sum[12]       ; 2.5 V        ; 0 s                 ; 0 s                 ; 2.32 V                       ; 6.92e-07 V                   ; 2.35 V              ; -0.00996 V          ; 0.121 V                              ; 0.03 V                               ; 4.64e-10 s                  ; 4.47e-10 s                  ; Yes                        ; Yes                        ; 2.32 V                      ; 6.92e-07 V                  ; 2.35 V             ; -0.00996 V         ; 0.121 V                             ; 0.03 V                              ; 4.64e-10 s                 ; 4.47e-10 s                 ; Yes                       ; Yes                       ;
; sum[11]       ; 2.5 V        ; 0 s                 ; 0 s                 ; 2.32 V                       ; 6.92e-07 V                   ; 2.35 V              ; -0.00996 V          ; 0.121 V                              ; 0.03 V                               ; 4.64e-10 s                  ; 4.47e-10 s                  ; Yes                        ; Yes                        ; 2.32 V                      ; 6.92e-07 V                  ; 2.35 V             ; -0.00996 V         ; 0.121 V                             ; 0.03 V                              ; 4.64e-10 s                 ; 4.47e-10 s                 ; Yes                       ; Yes                       ;
; sum[10]       ; 2.5 V        ; 0 s                 ; 0 s                 ; 2.32 V                       ; 4.67e-07 V                   ; 2.33 V              ; -0.00269 V          ; 0.13 V                               ; 0.055 V                              ; 3.54e-09 s                  ; 3.29e-09 s                  ; Yes                        ; Yes                        ; 2.32 V                      ; 4.67e-07 V                  ; 2.33 V             ; -0.00269 V         ; 0.13 V                              ; 0.055 V                             ; 3.54e-09 s                 ; 3.29e-09 s                 ; Yes                       ; Yes                       ;
; sum[9]        ; 2.5 V        ; 0 s                 ; 0 s                 ; 2.32 V                       ; 4.67e-07 V                   ; 2.35 V              ; -0.00942 V          ; 0.116 V                              ; 0.033 V                              ; 6.66e-10 s                  ; 6.27e-10 s                  ; Yes                        ; Yes                        ; 2.32 V                      ; 4.67e-07 V                  ; 2.35 V             ; -0.00942 V         ; 0.116 V                             ; 0.033 V                             ; 6.66e-10 s                 ; 6.27e-10 s                 ; Yes                       ; Yes                       ;
; sum[8]        ; 2.5 V        ; 0 s                 ; 0 s                 ; 2.32 V                       ; 4.67e-07 V                   ; 2.35 V              ; -0.00942 V          ; 0.116 V                              ; 0.033 V                              ; 6.66e-10 s                  ; 6.27e-10 s                  ; Yes                        ; Yes                        ; 2.32 V                      ; 4.67e-07 V                  ; 2.35 V             ; -0.00942 V         ; 0.116 V                             ; 0.033 V                             ; 6.66e-10 s                 ; 6.27e-10 s                 ; Yes                       ; Yes                       ;
; sum[7]        ; 2.5 V        ; 0 s                 ; 0 s                 ; 2.32 V                       ; 4.67e-07 V                   ; 2.35 V              ; -0.00942 V          ; 0.116 V                              ; 0.033 V                              ; 6.66e-10 s                  ; 6.27e-10 s                  ; Yes                        ; Yes                        ; 2.32 V                      ; 4.67e-07 V                  ; 2.35 V             ; -0.00942 V         ; 0.116 V                             ; 0.033 V                             ; 6.66e-10 s                 ; 6.27e-10 s                 ; Yes                       ; Yes                       ;
; sum[6]        ; 2.5 V        ; 0 s                 ; 0 s                 ; 2.32 V                       ; 4.67e-07 V                   ; 2.35 V              ; -0.00942 V          ; 0.116 V                              ; 0.033 V                              ; 6.66e-10 s                  ; 6.27e-10 s                  ; Yes                        ; Yes                        ; 2.32 V                      ; 4.67e-07 V                  ; 2.35 V             ; -0.00942 V         ; 0.116 V                             ; 0.033 V                             ; 6.66e-10 s                 ; 6.27e-10 s                 ; Yes                       ; Yes                       ;
; sum[5]        ; 2.5 V        ; 0 s                 ; 0 s                 ; 2.32 V                       ; 4.67e-07 V                   ; 2.35 V              ; -0.00942 V          ; 0.116 V                              ; 0.033 V                              ; 6.66e-10 s                  ; 6.27e-10 s                  ; Yes                        ; Yes                        ; 2.32 V                      ; 4.67e-07 V                  ; 2.35 V             ; -0.00942 V         ; 0.116 V                             ; 0.033 V                             ; 6.66e-10 s                 ; 6.27e-10 s                 ; Yes                       ; Yes                       ;
; sum[4]        ; 2.5 V        ; 0 s                 ; 0 s                 ; 2.32 V                       ; 4.67e-07 V                   ; 2.35 V              ; -0.00942 V          ; 0.116 V                              ; 0.033 V                              ; 6.66e-10 s                  ; 6.27e-10 s                  ; Yes                        ; Yes                        ; 2.32 V                      ; 4.67e-07 V                  ; 2.35 V             ; -0.00942 V         ; 0.116 V                             ; 0.033 V                             ; 6.66e-10 s                 ; 6.27e-10 s                 ; Yes                       ; Yes                       ;
; sum[3]        ; 2.5 V        ; 0 s                 ; 0 s                 ; 2.32 V                       ; 4.67e-07 V                   ; 2.35 V              ; -0.00942 V          ; 0.116 V                              ; 0.033 V                              ; 6.66e-10 s                  ; 6.27e-10 s                  ; Yes                        ; Yes                        ; 2.32 V                      ; 4.67e-07 V                  ; 2.35 V             ; -0.00942 V         ; 0.116 V                             ; 0.033 V                             ; 6.66e-10 s                 ; 6.27e-10 s                 ; Yes                       ; Yes                       ;
; sum[2]        ; 2.5 V        ; 0 s                 ; 0 s                 ; 2.32 V                       ; 4.67e-07 V                   ; 2.35 V              ; -0.00942 V          ; 0.116 V                              ; 0.033 V                              ; 6.66e-10 s                  ; 6.27e-10 s                  ; Yes                        ; Yes                        ; 2.32 V                      ; 4.67e-07 V                  ; 2.35 V             ; -0.00942 V         ; 0.116 V                             ; 0.033 V                             ; 6.66e-10 s                 ; 6.27e-10 s                 ; Yes                       ; Yes                       ;
; sum[1]        ; 2.5 V        ; 0 s                 ; 0 s                 ; 2.32 V                       ; 4.67e-07 V                   ; 2.35 V              ; -0.00942 V          ; 0.116 V                              ; 0.033 V                              ; 6.66e-10 s                  ; 6.27e-10 s                  ; Yes                        ; Yes                        ; 2.32 V                      ; 4.67e-07 V                  ; 2.35 V             ; -0.00942 V         ; 0.116 V                             ; 0.033 V                             ; 6.66e-10 s                 ; 6.27e-10 s                 ; Yes                       ; Yes                       ;
; sum[0]        ; 2.5 V        ; 0 s                 ; 0 s                 ; 2.32 V                       ; 4.67e-07 V                   ; 2.35 V              ; -0.00942 V          ; 0.116 V                              ; 0.033 V                              ; 6.66e-10 s                  ; 6.27e-10 s                  ; Yes                        ; Yes                        ; 2.32 V                      ; 4.67e-07 V                  ; 2.35 V             ; -0.00942 V         ; 0.116 V                             ; 0.033 V                             ; 6.66e-10 s                 ; 6.27e-10 s                 ; Yes                       ; Yes                       ;
; ~ALTERA_DCLK~ ; 2.5 V        ; 0 s                 ; 0 s                 ; 2.32 V                       ; 3.75e-07 V                   ; 2.35 V              ; -0.0109 V           ; 0.084 V                              ; 0.027 V                              ; 4.31e-10 s                  ; 3.61e-10 s                  ; Yes                        ; Yes                        ; 2.32 V                      ; 3.75e-07 V                  ; 2.35 V             ; -0.0109 V          ; 0.084 V                             ; 0.027 V                             ; 4.31e-10 s                 ; 3.61e-10 s                 ; Yes                       ; Yes                       ;
; ~ALTERA_nCEO~ ; 2.5 V        ; 0 s                 ; 0 s                 ; 2.32 V                       ; 6.15e-07 V                   ; 2.35 V              ; -0.00712 V          ; 0.093 V                              ; 0.02 V                               ; 6.21e-10 s                  ; 7.9e-10 s                   ; Yes                        ; Yes                        ; 2.32 V                      ; 6.15e-07 V                  ; 2.35 V             ; -0.00712 V         ; 0.093 V                             ; 0.02 V                              ; 6.21e-10 s                 ; 7.9e-10 s                  ; Yes                       ; Yes                       ;
+---------------+--------------+---------------------+---------------------+------------------------------+------------------------------+---------------------+---------------------+--------------------------------------+--------------------------------------+-----------------------------+-----------------------------+----------------------------+----------------------------+-----------------------------+-----------------------------+--------------------+--------------------+-------------------------------------+-------------------------------------+----------------------------+----------------------------+---------------------------+---------------------------+


+--------------------------------------------------------------------------------------------------------------------------------------------------------------------------------------------------------------------------------------------------------------------------------------------------------------------------------------------------------------------------------------------------------------------------------------------------------------------------------------------------------------------------------------------------------------------------------------------------------------------------------------------------------------------------------------------+
; Signal Integrity Metrics (Fast 1200mv 0c Model)                                                                                                                                                                                                                                                                                                                                                                                                                                                                                                                                                                                                                                            ;
+---------------+--------------+---------------------+---------------------+------------------------------+------------------------------+---------------------+---------------------+--------------------------------------+--------------------------------------+-----------------------------+-----------------------------+----------------------------+----------------------------+-----------------------------+-----------------------------+--------------------+--------------------+-------------------------------------+-------------------------------------+----------------------------+----------------------------+---------------------------+---------------------------+
; Pin           ; I/O Standard ; Board Delay on Rise ; Board Delay on Fall ; Steady State Voh at FPGA Pin ; Steady State Vol at FPGA Pin ; Voh Max at FPGA Pin ; Vol Min at FPGA Pin ; Ringback Voltage on Rise at FPGA Pin ; Ringback Voltage on Fall at FPGA Pin ; 10-90 Rise Time at FPGA Pin ; 90-10 Fall Time at FPGA Pin ; Monotonic Rise at FPGA Pin ; Monotonic Fall at FPGA Pin ; Steady State Voh at Far-end ; Steady State Vol at Far-end ; Voh Max at Far-end ; Vol Min at Far-end ; Ringback Voltage on Rise at Far-end ; Ringback Voltage on Fall at Far-end ; 10-90 Rise Time at Far-end ; 90-10 Fall Time at Far-end ; Monotonic Rise at Far-end ; Monotonic Fall at Far-end ;
+---------------+--------------+---------------------+---------------------+------------------------------+------------------------------+---------------------+---------------------+--------------------------------------+--------------------------------------+-----------------------------+-----------------------------+----------------------------+----------------------------+-----------------------------+-----------------------------+--------------------+--------------------+-------------------------------------+-------------------------------------+----------------------------+----------------------------+---------------------------+---------------------------+
; overflow      ; 2.5 V        ; 0 s                 ; 0 s                 ; 2.62 V                       ; 4.05e-08 V                   ; 2.72 V              ; -0.0349 V           ; 0.173 V                              ; 0.1 V                                ; 2.72e-10 s                  ; 2.69e-10 s                  ; Yes                        ; Yes                        ; 2.62 V                      ; 4.05e-08 V                  ; 2.72 V             ; -0.0349 V          ; 0.173 V                             ; 0.1 V                               ; 2.72e-10 s                 ; 2.69e-10 s                 ; Yes                       ; Yes                       ;
; sum[63]       ; 2.5 V        ; 0 s                 ; 0 s                 ; 2.62 V                       ; 4.05e-08 V                   ; 2.72 V              ; -0.0349 V           ; 0.173 V                              ; 0.1 V                                ; 2.72e-10 s                  ; 2.69e-10 s                  ; Yes                        ; Yes                        ; 2.62 V                      ; 4.05e-08 V                  ; 2.72 V             ; -0.0349 V          ; 0.173 V                             ; 0.1 V                               ; 2.72e-10 s                 ; 2.69e-10 s                 ; Yes                       ; Yes                       ;
; sum[62]       ; 2.5 V        ; 0 s                 ; 0 s                 ; 2.62 V                       ; 4.05e-08 V                   ; 2.72 V              ; -0.0349 V           ; 0.173 V                              ; 0.1 V                                ; 2.72e-10 s                  ; 2.69e-10 s                  ; Yes                        ; Yes                        ; 2.62 V                      ; 4.05e-08 V                  ; 2.72 V             ; -0.0349 V          ; 0.173 V                             ; 0.1 V                               ; 2.72e-10 s                 ; 2.69e-10 s                 ; Yes                       ; Yes                       ;
; sum[61]       ; 2.5 V        ; 0 s                 ; 0 s                 ; 2.62 V                       ; 4.05e-08 V                   ; 2.72 V              ; -0.0349 V           ; 0.173 V                              ; 0.1 V                                ; 2.72e-10 s                  ; 2.69e-10 s                  ; Yes                        ; Yes                        ; 2.62 V                      ; 4.05e-08 V                  ; 2.72 V             ; -0.0349 V          ; 0.173 V                             ; 0.1 V                               ; 2.72e-10 s                 ; 2.69e-10 s                 ; Yes                       ; Yes                       ;
; sum[60]       ; 2.5 V        ; 0 s                 ; 0 s                 ; 2.62 V                       ; 4.05e-08 V                   ; 2.72 V              ; -0.0349 V           ; 0.173 V                              ; 0.1 V                                ; 2.72e-10 s                  ; 2.69e-10 s                  ; Yes                        ; Yes                        ; 2.62 V                      ; 4.05e-08 V                  ; 2.72 V             ; -0.0349 V          ; 0.173 V                             ; 0.1 V                               ; 2.72e-10 s                 ; 2.69e-10 s                 ; Yes                       ; Yes                       ;
; sum[59]       ; 2.5 V        ; 0 s                 ; 0 s                 ; 2.62 V                       ; 4.05e-08 V                   ; 2.72 V              ; -0.0349 V           ; 0.173 V                              ; 0.1 V                                ; 2.72e-10 s                  ; 2.69e-10 s                  ; Yes                        ; Yes                        ; 2.62 V                      ; 4.05e-08 V                  ; 2.72 V             ; -0.0349 V          ; 0.173 V                             ; 0.1 V                               ; 2.72e-10 s                 ; 2.69e-10 s                 ; Yes                       ; Yes                       ;
; sum[58]       ; 2.5 V        ; 0 s                 ; 0 s                 ; 2.62 V                       ; 4.05e-08 V                   ; 2.72 V              ; -0.0349 V           ; 0.173 V                              ; 0.1 V                                ; 2.72e-10 s                  ; 2.69e-10 s                  ; Yes                        ; Yes                        ; 2.62 V                      ; 4.05e-08 V                  ; 2.72 V             ; -0.0349 V          ; 0.173 V                             ; 0.1 V                               ; 2.72e-10 s                 ; 2.69e-10 s                 ; Yes                       ; Yes                       ;
; sum[57]       ; 2.5 V        ; 0 s                 ; 0 s                 ; 2.62 V                       ; 4.05e-08 V                   ; 2.72 V              ; -0.0349 V           ; 0.173 V                              ; 0.1 V                                ; 2.72e-10 s                  ; 2.69e-10 s                  ; Yes                        ; Yes                        ; 2.62 V                      ; 4.05e-08 V                  ; 2.72 V             ; -0.0349 V          ; 0.173 V                             ; 0.1 V                               ; 2.72e-10 s                 ; 2.69e-10 s                 ; Yes                       ; Yes                       ;
; sum[56]       ; 2.5 V        ; 0 s                 ; 0 s                 ; 2.62 V                       ; 4.05e-08 V                   ; 2.72 V              ; -0.0349 V           ; 0.173 V                              ; 0.1 V                                ; 2.72e-10 s                  ; 2.69e-10 s                  ; Yes                        ; Yes                        ; 2.62 V                      ; 4.05e-08 V                  ; 2.72 V             ; -0.0349 V          ; 0.173 V                             ; 0.1 V                               ; 2.72e-10 s                 ; 2.69e-10 s                 ; Yes                       ; Yes                       ;
; sum[55]       ; 2.5 V        ; 0 s                 ; 0 s                 ; 2.62 V                       ; 4.05e-08 V                   ; 2.72 V              ; -0.0349 V           ; 0.173 V                              ; 0.1 V                                ; 2.72e-10 s                  ; 2.69e-10 s                  ; Yes                        ; Yes                        ; 2.62 V                      ; 4.05e-08 V                  ; 2.72 V             ; -0.0349 V          ; 0.173 V                             ; 0.1 V                               ; 2.72e-10 s                 ; 2.69e-10 s                 ; Yes                       ; Yes                       ;
; sum[54]       ; 2.5 V        ; 0 s                 ; 0 s                 ; 2.62 V                       ; 4.05e-08 V                   ; 2.72 V              ; -0.0349 V           ; 0.173 V                              ; 0.1 V                                ; 2.72e-10 s                  ; 2.69e-10 s                  ; Yes                        ; Yes                        ; 2.62 V                      ; 4.05e-08 V                  ; 2.72 V             ; -0.0349 V          ; 0.173 V                             ; 0.1 V                               ; 2.72e-10 s                 ; 2.69e-10 s                 ; Yes                       ; Yes                       ;
; sum[53]       ; 2.5 V        ; 0 s                 ; 0 s                 ; 2.62 V                       ; 4.05e-08 V                   ; 2.72 V              ; -0.0349 V           ; 0.173 V                              ; 0.1 V                                ; 2.72e-10 s                  ; 2.69e-10 s                  ; Yes                        ; Yes                        ; 2.62 V                      ; 4.05e-08 V                  ; 2.72 V             ; -0.0349 V          ; 0.173 V                             ; 0.1 V                               ; 2.72e-10 s                 ; 2.69e-10 s                 ; Yes                       ; Yes                       ;
; sum[52]       ; 2.5 V        ; 0 s                 ; 0 s                 ; 2.62 V                       ; 4.05e-08 V                   ; 2.72 V              ; -0.0349 V           ; 0.173 V                              ; 0.1 V                                ; 2.72e-10 s                  ; 2.69e-10 s                  ; Yes                        ; Yes                        ; 2.62 V                      ; 4.05e-08 V                  ; 2.72 V             ; -0.0349 V          ; 0.173 V                             ; 0.1 V                               ; 2.72e-10 s                 ; 2.69e-10 s                 ; Yes                       ; Yes                       ;
; sum[51]       ; 2.5 V        ; 0 s                 ; 0 s                 ; 2.62 V                       ; 4.05e-08 V                   ; 2.72 V              ; -0.0349 V           ; 0.173 V                              ; 0.1 V                                ; 2.72e-10 s                  ; 2.69e-10 s                  ; Yes                        ; Yes                        ; 2.62 V                      ; 4.05e-08 V                  ; 2.72 V             ; -0.0349 V          ; 0.173 V                             ; 0.1 V                               ; 2.72e-10 s                 ; 2.69e-10 s                 ; Yes                       ; Yes                       ;
; sum[50]       ; 2.5 V        ; 0 s                 ; 0 s                 ; 2.62 V                       ; 4.05e-08 V                   ; 2.72 V              ; -0.0349 V           ; 0.173 V                              ; 0.1 V                                ; 2.72e-10 s                  ; 2.69e-10 s                  ; Yes                        ; Yes                        ; 2.62 V                      ; 4.05e-08 V                  ; 2.72 V             ; -0.0349 V          ; 0.173 V                             ; 0.1 V                               ; 2.72e-10 s                 ; 2.69e-10 s                 ; Yes                       ; Yes                       ;
; sum[49]       ; 2.5 V        ; 0 s                 ; 0 s                 ; 2.62 V                       ; 4.05e-08 V                   ; 2.72 V              ; -0.0349 V           ; 0.173 V                              ; 0.1 V                                ; 2.72e-10 s                  ; 2.69e-10 s                  ; Yes                        ; Yes                        ; 2.62 V                      ; 4.05e-08 V                  ; 2.72 V             ; -0.0349 V          ; 0.173 V                             ; 0.1 V                               ; 2.72e-10 s                 ; 2.69e-10 s                 ; Yes                       ; Yes                       ;
; sum[48]       ; 2.5 V        ; 0 s                 ; 0 s                 ; 2.62 V                       ; 4.05e-08 V                   ; 2.72 V              ; -0.0349 V           ; 0.173 V                              ; 0.1 V                                ; 2.72e-10 s                  ; 2.69e-10 s                  ; Yes                        ; Yes                        ; 2.62 V                      ; 4.05e-08 V                  ; 2.72 V             ; -0.0349 V          ; 0.173 V                             ; 0.1 V                               ; 2.72e-10 s                 ; 2.69e-10 s                 ; Yes                       ; Yes                       ;
; sum[47]       ; 2.5 V        ; 0 s                 ; 0 s                 ; 2.62 V                       ; 4.05e-08 V                   ; 2.72 V              ; -0.0349 V           ; 0.173 V                              ; 0.1 V                                ; 2.72e-10 s                  ; 2.69e-10 s                  ; Yes                        ; Yes                        ; 2.62 V                      ; 4.05e-08 V                  ; 2.72 V             ; -0.0349 V          ; 0.173 V                             ; 0.1 V                               ; 2.72e-10 s                 ; 2.69e-10 s                 ; Yes                       ; Yes                       ;
; sum[46]       ; 2.5 V        ; 0 s                 ; 0 s                 ; 2.62 V                       ; 4.05e-08 V                   ; 2.72 V              ; -0.0349 V           ; 0.173 V                              ; 0.1 V                                ; 2.72e-10 s                  ; 2.69e-10 s                  ; Yes                        ; Yes                        ; 2.62 V                      ; 4.05e-08 V                  ; 2.72 V             ; -0.0349 V          ; 0.173 V                             ; 0.1 V                               ; 2.72e-10 s                 ; 2.69e-10 s                 ; Yes                       ; Yes                       ;
; sum[45]       ; 2.5 V        ; 0 s                 ; 0 s                 ; 2.62 V                       ; 4.05e-08 V                   ; 2.72 V              ; -0.0349 V           ; 0.173 V                              ; 0.1 V                                ; 2.72e-10 s                  ; 2.69e-10 s                  ; Yes                        ; Yes                        ; 2.62 V                      ; 4.05e-08 V                  ; 2.72 V             ; -0.0349 V          ; 0.173 V                             ; 0.1 V                               ; 2.72e-10 s                 ; 2.69e-10 s                 ; Yes                       ; Yes                       ;
; sum[44]       ; 2.5 V        ; 0 s                 ; 0 s                 ; 2.62 V                       ; 4.05e-08 V                   ; 2.72 V              ; -0.0349 V           ; 0.173 V                              ; 0.1 V                                ; 2.72e-10 s                  ; 2.69e-10 s                  ; Yes                        ; Yes                        ; 2.62 V                      ; 4.05e-08 V                  ; 2.72 V             ; -0.0349 V          ; 0.173 V                             ; 0.1 V                               ; 2.72e-10 s                 ; 2.69e-10 s                 ; Yes                       ; Yes                       ;
; sum[43]       ; 2.5 V        ; 0 s                 ; 0 s                 ; 2.62 V                       ; 4.05e-08 V                   ; 2.72 V              ; -0.0349 V           ; 0.173 V                              ; 0.1 V                                ; 2.72e-10 s                  ; 2.69e-10 s                  ; Yes                        ; Yes                        ; 2.62 V                      ; 4.05e-08 V                  ; 2.72 V             ; -0.0349 V          ; 0.173 V                             ; 0.1 V                               ; 2.72e-10 s                 ; 2.69e-10 s                 ; Yes                       ; Yes                       ;
; sum[42]       ; 2.5 V        ; 0 s                 ; 0 s                 ; 2.62 V                       ; 2.74e-08 V                   ; 2.71 V              ; -0.0317 V           ; 0.148 V                              ; 0.064 V                              ; 4.51e-10 s                  ; 4.15e-10 s                  ; No                         ; Yes                        ; 2.62 V                      ; 2.74e-08 V                  ; 2.71 V             ; -0.0317 V          ; 0.148 V                             ; 0.064 V                             ; 4.51e-10 s                 ; 4.15e-10 s                 ; No                        ; Yes                       ;
; sum[41]       ; 2.5 V        ; 0 s                 ; 0 s                 ; 2.62 V                       ; 2.74e-08 V                   ; 2.73 V              ; -0.0384 V           ; 0.169 V                              ; 0.089 V                              ; 2.7e-10 s                   ; 2.62e-10 s                  ; Yes                        ; Yes                        ; 2.62 V                      ; 2.74e-08 V                  ; 2.73 V             ; -0.0384 V          ; 0.169 V                             ; 0.089 V                             ; 2.7e-10 s                  ; 2.62e-10 s                 ; Yes                       ; Yes                       ;
; sum[40]       ; 2.5 V        ; 0 s                 ; 0 s                 ; 2.62 V                       ; 4.05e-08 V                   ; 2.72 V              ; -0.0349 V           ; 0.173 V                              ; 0.1 V                                ; 2.72e-10 s                  ; 2.69e-10 s                  ; Yes                        ; Yes                        ; 2.62 V                      ; 4.05e-08 V                  ; 2.72 V             ; -0.0349 V          ; 0.173 V                             ; 0.1 V                               ; 2.72e-10 s                 ; 2.69e-10 s                 ; Yes                       ; Yes                       ;
; sum[39]       ; 2.5 V        ; 0 s                 ; 0 s                 ; 2.62 V                       ; 4.05e-08 V                   ; 2.72 V              ; -0.0349 V           ; 0.173 V                              ; 0.1 V                                ; 2.72e-10 s                  ; 2.69e-10 s                  ; Yes                        ; Yes                        ; 2.62 V                      ; 4.05e-08 V                  ; 2.72 V             ; -0.0349 V          ; 0.173 V                             ; 0.1 V                               ; 2.72e-10 s                 ; 2.69e-10 s                 ; Yes                       ; Yes                       ;
; sum[38]       ; 2.5 V        ; 0 s                 ; 0 s                 ; 2.62 V                       ; 4.05e-08 V                   ; 2.72 V              ; -0.0349 V           ; 0.173 V                              ; 0.1 V                                ; 2.72e-10 s                  ; 2.69e-10 s                  ; Yes                        ; Yes                        ; 2.62 V                      ; 4.05e-08 V                  ; 2.72 V             ; -0.0349 V          ; 0.173 V                             ; 0.1 V                               ; 2.72e-10 s                 ; 2.69e-10 s                 ; Yes                       ; Yes                       ;
; sum[37]       ; 2.5 V        ; 0 s                 ; 0 s                 ; 2.62 V                       ; 4.05e-08 V                   ; 2.72 V              ; -0.0349 V           ; 0.173 V                              ; 0.1 V                                ; 2.72e-10 s                  ; 2.69e-10 s                  ; Yes                        ; Yes                        ; 2.62 V                      ; 4.05e-08 V                  ; 2.72 V             ; -0.0349 V          ; 0.173 V                             ; 0.1 V                               ; 2.72e-10 s                 ; 2.69e-10 s                 ; Yes                       ; Yes                       ;
; sum[36]       ; 2.5 V        ; 0 s                 ; 0 s                 ; 2.62 V                       ; 2.74e-08 V                   ; 2.71 V              ; -0.0317 V           ; 0.148 V                              ; 0.064 V                              ; 4.51e-10 s                  ; 4.15e-10 s                  ; No                         ; Yes                        ; 2.62 V                      ; 2.74e-08 V                  ; 2.71 V             ; -0.0317 V          ; 0.148 V                             ; 0.064 V                             ; 4.51e-10 s                 ; 4.15e-10 s                 ; No                        ; Yes                       ;
; sum[35]       ; 2.5 V        ; 0 s                 ; 0 s                 ; 2.62 V                       ; 2.74e-08 V                   ; 2.71 V              ; -0.0317 V           ; 0.148 V                              ; 0.064 V                              ; 4.51e-10 s                  ; 4.15e-10 s                  ; No                         ; Yes                        ; 2.62 V                      ; 2.74e-08 V                  ; 2.71 V             ; -0.0317 V          ; 0.148 V                             ; 0.064 V                             ; 4.51e-10 s                 ; 4.15e-10 s                 ; No                        ; Yes                       ;
; sum[34]       ; 2.5 V        ; 0 s                 ; 0 s                 ; 2.62 V                       ; 4.05e-08 V                   ; 2.72 V              ; -0.0349 V           ; 0.173 V                              ; 0.1 V                                ; 2.72e-10 s                  ; 2.69e-10 s                  ; Yes                        ; Yes                        ; 2.62 V                      ; 4.05e-08 V                  ; 2.72 V             ; -0.0349 V          ; 0.173 V                             ; 0.1 V                               ; 2.72e-10 s                 ; 2.69e-10 s                 ; Yes                       ; Yes                       ;
; sum[33]       ; 2.5 V        ; 0 s                 ; 0 s                 ; 2.62 V                       ; 4.05e-08 V                   ; 2.72 V              ; -0.0349 V           ; 0.173 V                              ; 0.1 V                                ; 2.72e-10 s                  ; 2.69e-10 s                  ; Yes                        ; Yes                        ; 2.62 V                      ; 4.05e-08 V                  ; 2.72 V             ; -0.0349 V          ; 0.173 V                             ; 0.1 V                               ; 2.72e-10 s                 ; 2.69e-10 s                 ; Yes                       ; Yes                       ;
; sum[32]       ; 2.5 V        ; 0 s                 ; 0 s                 ; 2.62 V                       ; 4.05e-08 V                   ; 2.72 V              ; -0.0349 V           ; 0.173 V                              ; 0.1 V                                ; 2.72e-10 s                  ; 2.69e-10 s                  ; Yes                        ; Yes                        ; 2.62 V                      ; 4.05e-08 V                  ; 2.72 V             ; -0.0349 V          ; 0.173 V                             ; 0.1 V                               ; 2.72e-10 s                 ; 2.69e-10 s                 ; Yes                       ; Yes                       ;
; sum[31]       ; 2.5 V        ; 0 s                 ; 0 s                 ; 2.62 V                       ; 4.05e-08 V                   ; 2.72 V              ; -0.0349 V           ; 0.173 V                              ; 0.1 V                                ; 2.72e-10 s                  ; 2.69e-10 s                  ; Yes                        ; Yes                        ; 2.62 V                      ; 4.05e-08 V                  ; 2.72 V             ; -0.0349 V          ; 0.173 V                             ; 0.1 V                               ; 2.72e-10 s                 ; 2.69e-10 s                 ; Yes                       ; Yes                       ;
; sum[30]       ; 2.5 V        ; 0 s                 ; 0 s                 ; 2.62 V                       ; 4.05e-08 V                   ; 2.72 V              ; -0.0349 V           ; 0.173 V                              ; 0.1 V                                ; 2.72e-10 s                  ; 2.69e-10 s                  ; Yes                        ; Yes                        ; 2.62 V                      ; 4.05e-08 V                  ; 2.72 V             ; -0.0349 V          ; 0.173 V                             ; 0.1 V                               ; 2.72e-10 s                 ; 2.69e-10 s                 ; Yes                       ; Yes                       ;
; sum[29]       ; 2.5 V        ; 0 s                 ; 0 s                 ; 2.62 V                       ; 4.05e-08 V                   ; 2.72 V              ; -0.0349 V           ; 0.173 V                              ; 0.1 V                                ; 2.72e-10 s                  ; 2.69e-10 s                  ; Yes                        ; Yes                        ; 2.62 V                      ; 4.05e-08 V                  ; 2.72 V             ; -0.0349 V          ; 0.173 V                             ; 0.1 V                               ; 2.72e-10 s                 ; 2.69e-10 s                 ; Yes                       ; Yes                       ;
; sum[28]       ; 2.5 V        ; 0 s                 ; 0 s                 ; 2.62 V                       ; 4.05e-08 V                   ; 2.64 V              ; -0.0113 V           ; 0.208 V                              ; 0.179 V                              ; 2.38e-09 s                  ; 2.23e-09 s                  ; No                         ; Yes                        ; 2.62 V                      ; 4.05e-08 V                  ; 2.64 V             ; -0.0113 V          ; 0.208 V                             ; 0.179 V                             ; 2.38e-09 s                 ; 2.23e-09 s                 ; No                        ; Yes                       ;
; sum[27]       ; 2.5 V        ; 0 s                 ; 0 s                 ; 2.62 V                       ; 2.74e-08 V                   ; 2.64 V              ; -0.0117 V           ; 0.202 V                              ; 0.176 V                              ; 2.38e-09 s                  ; 2.22e-09 s                  ; No                         ; Yes                        ; 2.62 V                      ; 2.74e-08 V                  ; 2.64 V             ; -0.0117 V          ; 0.202 V                             ; 0.176 V                             ; 2.38e-09 s                 ; 2.22e-09 s                 ; No                        ; Yes                       ;
; sum[26]       ; 2.5 V        ; 0 s                 ; 0 s                 ; 2.62 V                       ; 2.74e-08 V                   ; 2.71 V              ; -0.0317 V           ; 0.148 V                              ; 0.064 V                              ; 4.51e-10 s                  ; 4.15e-10 s                  ; No                         ; Yes                        ; 2.62 V                      ; 2.74e-08 V                  ; 2.71 V             ; -0.0317 V          ; 0.148 V                             ; 0.064 V                             ; 4.51e-10 s                 ; 4.15e-10 s                 ; No                        ; Yes                       ;
; sum[25]       ; 2.5 V        ; 0 s                 ; 0 s                 ; 2.62 V                       ; 2.74e-08 V                   ; 2.71 V              ; -0.0317 V           ; 0.148 V                              ; 0.064 V                              ; 4.51e-10 s                  ; 4.15e-10 s                  ; No                         ; Yes                        ; 2.62 V                      ; 2.74e-08 V                  ; 2.71 V             ; -0.0317 V          ; 0.148 V                             ; 0.064 V                             ; 4.51e-10 s                 ; 4.15e-10 s                 ; No                        ; Yes                       ;
; sum[24]       ; 2.5 V        ; 0 s                 ; 0 s                 ; 2.62 V                       ; 2.74e-08 V                   ; 2.71 V              ; -0.0317 V           ; 0.148 V                              ; 0.064 V                              ; 4.51e-10 s                  ; 4.15e-10 s                  ; No                         ; Yes                        ; 2.62 V                      ; 2.74e-08 V                  ; 2.71 V             ; -0.0317 V          ; 0.148 V                             ; 0.064 V                             ; 4.51e-10 s                 ; 4.15e-10 s                 ; No                        ; Yes                       ;
; sum[23]       ; 2.5 V        ; 0 s                 ; 0 s                 ; 2.62 V                       ; 2.74e-08 V                   ; 2.71 V              ; -0.0317 V           ; 0.148 V                              ; 0.064 V                              ; 4.51e-10 s                  ; 4.15e-10 s                  ; No                         ; Yes                        ; 2.62 V                      ; 2.74e-08 V                  ; 2.71 V             ; -0.0317 V          ; 0.148 V                             ; 0.064 V                             ; 4.51e-10 s                 ; 4.15e-10 s                 ; No                        ; Yes                       ;
; sum[22]       ; 2.5 V        ; 0 s                 ; 0 s                 ; 2.62 V                       ; 2.74e-08 V                   ; 2.71 V              ; -0.0317 V           ; 0.148 V                              ; 0.064 V                              ; 4.51e-10 s                  ; 4.15e-10 s                  ; No                         ; Yes                        ; 2.62 V                      ; 2.74e-08 V                  ; 2.71 V             ; -0.0317 V          ; 0.148 V                             ; 0.064 V                             ; 4.51e-10 s                 ; 4.15e-10 s                 ; No                        ; Yes                       ;
; sum[21]       ; 2.5 V        ; 0 s                 ; 0 s                 ; 2.62 V                       ; 2.74e-08 V                   ; 2.71 V              ; -0.0317 V           ; 0.148 V                              ; 0.064 V                              ; 4.51e-10 s                  ; 4.15e-10 s                  ; No                         ; Yes                        ; 2.62 V                      ; 2.74e-08 V                  ; 2.71 V             ; -0.0317 V          ; 0.148 V                             ; 0.064 V                             ; 4.51e-10 s                 ; 4.15e-10 s                 ; No                        ; Yes                       ;
; sum[20]       ; 2.5 V        ; 0 s                 ; 0 s                 ; 2.62 V                       ; 2.74e-08 V                   ; 2.71 V              ; -0.0317 V           ; 0.148 V                              ; 0.064 V                              ; 4.51e-10 s                  ; 4.15e-10 s                  ; No                         ; Yes                        ; 2.62 V                      ; 2.74e-08 V                  ; 2.71 V             ; -0.0317 V          ; 0.148 V                             ; 0.064 V                             ; 4.51e-10 s                 ; 4.15e-10 s                 ; No                        ; Yes                       ;
; sum[19]       ; 2.5 V        ; 0 s                 ; 0 s                 ; 2.62 V                       ; 2.74e-08 V                   ; 2.71 V              ; -0.0317 V           ; 0.148 V                              ; 0.064 V                              ; 4.51e-10 s                  ; 4.15e-10 s                  ; No                         ; Yes                        ; 2.62 V                      ; 2.74e-08 V                  ; 2.71 V             ; -0.0317 V          ; 0.148 V                             ; 0.064 V                             ; 4.51e-10 s                 ; 4.15e-10 s                 ; No                        ; Yes                       ;
; sum[18]       ; 2.5 V        ; 0 s                 ; 0 s                 ; 2.62 V                       ; 2.74e-08 V                   ; 2.71 V              ; -0.0317 V           ; 0.148 V                              ; 0.064 V                              ; 4.51e-10 s                  ; 4.15e-10 s                  ; No                         ; Yes                        ; 2.62 V                      ; 2.74e-08 V                  ; 2.71 V             ; -0.0317 V          ; 0.148 V                             ; 0.064 V                             ; 4.51e-10 s                 ; 4.15e-10 s                 ; No                        ; Yes                       ;
; sum[17]       ; 2.5 V        ; 0 s                 ; 0 s                 ; 2.62 V                       ; 2.74e-08 V                   ; 2.71 V              ; -0.0317 V           ; 0.148 V                              ; 0.064 V                              ; 4.51e-10 s                  ; 4.15e-10 s                  ; No                         ; Yes                        ; 2.62 V                      ; 2.74e-08 V                  ; 2.71 V             ; -0.0317 V          ; 0.148 V                             ; 0.064 V                             ; 4.51e-10 s                 ; 4.15e-10 s                 ; No                        ; Yes                       ;
; sum[16]       ; 2.5 V        ; 0 s                 ; 0 s                 ; 2.62 V                       ; 2.74e-08 V                   ; 2.71 V              ; -0.0317 V           ; 0.148 V                              ; 0.064 V                              ; 4.51e-10 s                  ; 4.15e-10 s                  ; No                         ; Yes                        ; 2.62 V                      ; 2.74e-08 V                  ; 2.71 V             ; -0.0317 V          ; 0.148 V                             ; 0.064 V                             ; 4.51e-10 s                 ; 4.15e-10 s                 ; No                        ; Yes                       ;
; sum[15]       ; 2.5 V        ; 0 s                 ; 0 s                 ; 2.62 V                       ; 2.74e-08 V                   ; 2.71 V              ; -0.0317 V           ; 0.148 V                              ; 0.064 V                              ; 4.51e-10 s                  ; 4.15e-10 s                  ; No                         ; Yes                        ; 2.62 V                      ; 2.74e-08 V                  ; 2.71 V             ; -0.0317 V          ; 0.148 V                             ; 0.064 V                             ; 4.51e-10 s                 ; 4.15e-10 s                 ; No                        ; Yes                       ;
; sum[14]       ; 2.5 V        ; 0 s                 ; 0 s                 ; 2.62 V                       ; 4.05e-08 V                   ; 2.72 V              ; -0.0349 V           ; 0.173 V                              ; 0.1 V                                ; 2.72e-10 s                  ; 2.69e-10 s                  ; Yes                        ; Yes                        ; 2.62 V                      ; 4.05e-08 V                  ; 2.72 V             ; -0.0349 V          ; 0.173 V                             ; 0.1 V                               ; 2.72e-10 s                 ; 2.69e-10 s                 ; Yes                       ; Yes                       ;
; sum[13]       ; 2.5 V        ; 0 s                 ; 0 s                 ; 2.62 V                       ; 2.74e-08 V                   ; 2.71 V              ; -0.0317 V           ; 0.148 V                              ; 0.064 V                              ; 4.51e-10 s                  ; 4.15e-10 s                  ; No                         ; Yes                        ; 2.62 V                      ; 2.74e-08 V                  ; 2.71 V             ; -0.0317 V          ; 0.148 V                             ; 0.064 V                             ; 4.51e-10 s                 ; 4.15e-10 s                 ; No                        ; Yes                       ;
; sum[12]       ; 2.5 V        ; 0 s                 ; 0 s                 ; 2.62 V                       ; 4.05e-08 V                   ; 2.72 V              ; -0.0349 V           ; 0.173 V                              ; 0.1 V                                ; 2.72e-10 s                  ; 2.69e-10 s                  ; Yes                        ; Yes                        ; 2.62 V                      ; 4.05e-08 V                  ; 2.72 V             ; -0.0349 V          ; 0.173 V                             ; 0.1 V                               ; 2.72e-10 s                 ; 2.69e-10 s                 ; Yes                       ; Yes                       ;
; sum[11]       ; 2.5 V        ; 0 s                 ; 0 s                 ; 2.62 V                       ; 4.05e-08 V                   ; 2.72 V              ; -0.0349 V           ; 0.173 V                              ; 0.1 V                                ; 2.72e-10 s                  ; 2.69e-10 s                  ; Yes                        ; Yes                        ; 2.62 V                      ; 4.05e-08 V                  ; 2.72 V             ; -0.0349 V          ; 0.173 V                             ; 0.1 V                               ; 2.72e-10 s                 ; 2.69e-10 s                 ; Yes                       ; Yes                       ;
; sum[10]       ; 2.5 V        ; 0 s                 ; 0 s                 ; 2.62 V                       ; 2.74e-08 V                   ; 2.64 V              ; -0.0117 V           ; 0.202 V                              ; 0.176 V                              ; 2.38e-09 s                  ; 2.22e-09 s                  ; No                         ; Yes                        ; 2.62 V                      ; 2.74e-08 V                  ; 2.64 V             ; -0.0117 V          ; 0.202 V                             ; 0.176 V                             ; 2.38e-09 s                 ; 2.22e-09 s                 ; No                        ; Yes                       ;
; sum[9]        ; 2.5 V        ; 0 s                 ; 0 s                 ; 2.62 V                       ; 2.74e-08 V                   ; 2.71 V              ; -0.0317 V           ; 0.148 V                              ; 0.064 V                              ; 4.51e-10 s                  ; 4.15e-10 s                  ; No                         ; Yes                        ; 2.62 V                      ; 2.74e-08 V                  ; 2.71 V             ; -0.0317 V          ; 0.148 V                             ; 0.064 V                             ; 4.51e-10 s                 ; 4.15e-10 s                 ; No                        ; Yes                       ;
; sum[8]        ; 2.5 V        ; 0 s                 ; 0 s                 ; 2.62 V                       ; 2.74e-08 V                   ; 2.71 V              ; -0.0317 V           ; 0.148 V                              ; 0.064 V                              ; 4.51e-10 s                  ; 4.15e-10 s                  ; No                         ; Yes                        ; 2.62 V                      ; 2.74e-08 V                  ; 2.71 V             ; -0.0317 V          ; 0.148 V                             ; 0.064 V                             ; 4.51e-10 s                 ; 4.15e-10 s                 ; No                        ; Yes                       ;
; sum[7]        ; 2.5 V        ; 0 s                 ; 0 s                 ; 2.62 V                       ; 2.74e-08 V                   ; 2.71 V              ; -0.0317 V           ; 0.148 V                              ; 0.064 V                              ; 4.51e-10 s                  ; 4.15e-10 s                  ; No                         ; Yes                        ; 2.62 V                      ; 2.74e-08 V                  ; 2.71 V             ; -0.0317 V          ; 0.148 V                             ; 0.064 V                             ; 4.51e-10 s                 ; 4.15e-10 s                 ; No                        ; Yes                       ;
; sum[6]        ; 2.5 V        ; 0 s                 ; 0 s                 ; 2.62 V                       ; 2.74e-08 V                   ; 2.71 V              ; -0.0317 V           ; 0.148 V                              ; 0.064 V                              ; 4.51e-10 s                  ; 4.15e-10 s                  ; No                         ; Yes                        ; 2.62 V                      ; 2.74e-08 V                  ; 2.71 V             ; -0.0317 V          ; 0.148 V                             ; 0.064 V                             ; 4.51e-10 s                 ; 4.15e-10 s                 ; No                        ; Yes                       ;
; sum[5]        ; 2.5 V        ; 0 s                 ; 0 s                 ; 2.62 V                       ; 2.74e-08 V                   ; 2.71 V              ; -0.0317 V           ; 0.148 V                              ; 0.064 V                              ; 4.51e-10 s                  ; 4.15e-10 s                  ; No                         ; Yes                        ; 2.62 V                      ; 2.74e-08 V                  ; 2.71 V             ; -0.0317 V          ; 0.148 V                             ; 0.064 V                             ; 4.51e-10 s                 ; 4.15e-10 s                 ; No                        ; Yes                       ;
; sum[4]        ; 2.5 V        ; 0 s                 ; 0 s                 ; 2.62 V                       ; 2.74e-08 V                   ; 2.71 V              ; -0.0317 V           ; 0.148 V                              ; 0.064 V                              ; 4.51e-10 s                  ; 4.15e-10 s                  ; No                         ; Yes                        ; 2.62 V                      ; 2.74e-08 V                  ; 2.71 V             ; -0.0317 V          ; 0.148 V                             ; 0.064 V                             ; 4.51e-10 s                 ; 4.15e-10 s                 ; No                        ; Yes                       ;
; sum[3]        ; 2.5 V        ; 0 s                 ; 0 s                 ; 2.62 V                       ; 2.74e-08 V                   ; 2.71 V              ; -0.0317 V           ; 0.148 V                              ; 0.064 V                              ; 4.51e-10 s                  ; 4.15e-10 s                  ; No                         ; Yes                        ; 2.62 V                      ; 2.74e-08 V                  ; 2.71 V             ; -0.0317 V          ; 0.148 V                             ; 0.064 V                             ; 4.51e-10 s                 ; 4.15e-10 s                 ; No                        ; Yes                       ;
; sum[2]        ; 2.5 V        ; 0 s                 ; 0 s                 ; 2.62 V                       ; 2.74e-08 V                   ; 2.71 V              ; -0.0317 V           ; 0.148 V                              ; 0.064 V                              ; 4.51e-10 s                  ; 4.15e-10 s                  ; No                         ; Yes                        ; 2.62 V                      ; 2.74e-08 V                  ; 2.71 V             ; -0.0317 V          ; 0.148 V                             ; 0.064 V                             ; 4.51e-10 s                 ; 4.15e-10 s                 ; No                        ; Yes                       ;
; sum[1]        ; 2.5 V        ; 0 s                 ; 0 s                 ; 2.62 V                       ; 2.74e-08 V                   ; 2.71 V              ; -0.0317 V           ; 0.148 V                              ; 0.064 V                              ; 4.51e-10 s                  ; 4.15e-10 s                  ; No                         ; Yes                        ; 2.62 V                      ; 2.74e-08 V                  ; 2.71 V             ; -0.0317 V          ; 0.148 V                             ; 0.064 V                             ; 4.51e-10 s                 ; 4.15e-10 s                 ; No                        ; Yes                       ;
; sum[0]        ; 2.5 V        ; 0 s                 ; 0 s                 ; 2.62 V                       ; 2.74e-08 V                   ; 2.71 V              ; -0.0317 V           ; 0.148 V                              ; 0.064 V                              ; 4.51e-10 s                  ; 4.15e-10 s                  ; No                         ; Yes                        ; 2.62 V                      ; 2.74e-08 V                  ; 2.71 V             ; -0.0317 V          ; 0.148 V                             ; 0.064 V                             ; 4.51e-10 s                 ; 4.15e-10 s                 ; No                        ; Yes                       ;
; ~ALTERA_DCLK~ ; 2.5 V        ; 0 s                 ; 0 s                 ; 2.62 V                       ; 2.22e-08 V                   ; 2.74 V              ; -0.06 V             ; 0.158 V                              ; 0.08 V                               ; 2.68e-10 s                  ; 2.19e-10 s                  ; Yes                        ; Yes                        ; 2.62 V                      ; 2.22e-08 V                  ; 2.74 V             ; -0.06 V            ; 0.158 V                             ; 0.08 V                              ; 2.68e-10 s                 ; 2.19e-10 s                 ; Yes                       ; Yes                       ;
; ~ALTERA_nCEO~ ; 2.5 V        ; 0 s                 ; 0 s                 ; 2.62 V                       ; 3.54e-08 V                   ; 2.7 V               ; -0.00943 V          ; 0.276 V                              ; 0.035 V                              ; 3.19e-10 s                  ; 4.99e-10 s                  ; No                         ; Yes                        ; 2.62 V                      ; 3.54e-08 V                  ; 2.7 V              ; -0.00943 V         ; 0.276 V                             ; 0.035 V                             ; 3.19e-10 s                 ; 4.99e-10 s                 ; No                        ; Yes                       ;
+---------------+--------------+---------------------+---------------------+------------------------------+------------------------------+---------------------+---------------------+--------------------------------------+--------------------------------------+-----------------------------+-----------------------------+----------------------------+----------------------------+-----------------------------+-----------------------------+--------------------+--------------------+-------------------------------------+-------------------------------------+----------------------------+----------------------------+---------------------------+---------------------------+


+-------------------------------------------------------------------+
; Setup Transfers                                                   ;
+------------+----------+----------+----------+----------+----------+
; From Clock ; To Clock ; RR Paths ; FR Paths ; RF Paths ; FF Paths ;
+------------+----------+----------+----------+----------+----------+
; clock      ; clock    ; 75       ; 0        ; 0        ; 0        ;
+------------+----------+----------+----------+----------+----------+
Entries labeled "false path" only account for clock-to-clock false paths and not path-based false paths. As a result, actual path counts may be lower than reported.


+-------------------------------------------------------------------+
; Hold Transfers                                                    ;
+------------+----------+----------+----------+----------+----------+
; From Clock ; To Clock ; RR Paths ; FR Paths ; RF Paths ; FF Paths ;
+------------+----------+----------+----------+----------+----------+
; clock      ; clock    ; 75       ; 0        ; 0        ; 0        ;
+------------+----------+----------+----------+----------+----------+
Entries labeled "false path" only account for clock-to-clock false paths and not path-based false paths. As a result, actual path counts may be lower than reported.


---------------
; Report TCCS ;
---------------
No dedicated SERDES Transmitter circuitry present in device or used in design


---------------
; Report RSKM ;
---------------
No dedicated SERDES Receiver circuitry present in device or used in design


+------------------------------------------------+
; Unconstrained Paths                            ;
+---------------------------------+-------+------+
; Property                        ; Setup ; Hold ;
+---------------------------------+-------+------+
; Illegal Clocks                  ; 0     ; 0    ;
; Unconstrained Clocks            ; 0     ; 0    ;
; Registers Without Clock Pin     ; 0     ; 0    ;
; Unconstrained Input Ports       ; 130   ; 130  ;
; Unconstrained Input Port Paths  ; 533   ; 533  ;
; Unconstrained Output Ports      ; 65    ; 65   ;
; Unconstrained Output Port Paths ; 65    ; 65   ;
; Unconstrained Reg-to-Reg Paths  ; 0     ; 0    ;
+---------------------------------+-------+------+


+------------------------------------+
; TimeQuest Timing Analyzer Messages ;
+------------------------------------+
Info: *******************************************************************
Info: Running Quartus II TimeQuest Timing Analyzer
    Info: Version 10.0 Build 218 06/27/2010 SJ Web Edition
    Info: Processing started: Wed May 02 18:58:07 2018
Info: Command: quartus_sta lab2_4 -c lab2_4
Info: qsta_default_script.tcl version: #1
Info: Core supply voltage is 1.2V
Info: Low junction temperature is 0 degrees C
Info: High junction temperature is 85 degrees C
Critical Warning: Synopsys Design Constraints File file not found: 'lab2_4.sdc'. A Synopsys Design Constraints File is required by the TimeQuest Timing Analyzer to get proper timing constraints. Without it, the Compiler will not properly optimize the design.
Info: No user constrained base clocks found in the design. Calling "derive_clocks -period 1.0"
Info: Deriving Clocks
    Info: create_clock -period 1.000 -name clock clock
Info: No user constrained clock uncertainty found in the design. Calling "derive_clock_uncertainty"
Info: Deriving Clock Uncertainty
    Info: set_clock_uncertainty -rise_from [get_clocks {clock}] -rise_to [get_clocks {clock}] -setup 0.020
    Info: set_clock_uncertainty -rise_from [get_clocks {clock}] -fall_to [get_clocks {clock}] -setup 0.020
    Info: set_clock_uncertainty -fall_from [get_clocks {clock}] -rise_to [get_clocks {clock}] -setup 0.020
    Info: set_clock_uncertainty -fall_from [get_clocks {clock}] -fall_to [get_clocks {clock}] -setup 0.020
    Info: set_clock_uncertainty -rise_from [get_clocks {clock}] -rise_to [get_clocks {clock}] -hold 0.020
    Info: set_clock_uncertainty -rise_from [get_clocks {clock}] -fall_to [get_clocks {clock}] -hold 0.020
    Info: set_clock_uncertainty -fall_from [get_clocks {clock}] -rise_to [get_clocks {clock}] -hold 0.020
    Info: set_clock_uncertainty -fall_from [get_clocks {clock}] -fall_to [get_clocks {clock}] -hold 0.020
Info: Analyzing Slow 1200mV 85C Model
Critical Warning: Timing requirements not met
Info: Worst-case setup slack is -3.152
    Info:     Slack End Point TNS Clock 
    Info: ========= ============= =====================
    Info:    -3.152       -91.232 clock 
Info: Worst-case hold slack is 0.420
    Info:     Slack End Point TNS Clock 
    Info: ========= ============= =====================
    Info:     0.420         0.000 clock 
Info: No Recovery paths to report
Info: No Removal paths to report
Info: Worst-case minimum pulse width slack is -3.000
    Info:     Slack End Point TNS Clock 
    Info: ========= ============= =====================
    Info:    -3.000      -105.800 clock 
Info: Analyzing Slow 1200mV 0C Model
Info: Started post-fitting delay annotation
Info: Delay annotation completed successfully
Info: Deriving Clock Uncertainty
    Info: set_clock_uncertainty -rise_from [get_clocks {clock}] -rise_to [get_clocks {clock}] -setup 0.020
    Info: set_clock_uncertainty -rise_from [get_clocks {clock}] -fall_to [get_clocks {clock}] -setup 0.020
    Info: set_clock_uncertainty -fall_from [get_clocks {clock}] -rise_to [get_clocks {clock}] -setup 0.020
    Info: set_clock_uncertainty -fall_from [get_clocks {clock}] -fall_to [get_clocks {clock}] -setup 0.020
    Info: set_clock_uncertainty -rise_from [get_clocks {clock}] -rise_to [get_clocks {clock}] -hold 0.020
    Info: set_clock_uncertainty -rise_from [get_clocks {clock}] -fall_to [get_clocks {clock}] -hold 0.020
    Info: set_clock_uncertainty -fall_from [get_clocks {clock}] -rise_to [get_clocks {clock}] -hold 0.020
    Info: set_clock_uncertainty -fall_from [get_clocks {clock}] -fall_to [get_clocks {clock}] -hold 0.020
Critical Warning: Timing requirements not met
Info: Worst-case setup slack is -2.770
    Info:     Slack End Point TNS Clock 
    Info: ========= ============= =====================
    Info:    -2.770       -75.595 clock 
Info: Worst-case hold slack is 0.377
    Info:     Slack End Point TNS Clock 
    Info: ========= ============= =====================
    Info:     0.377         0.000 clock 
Info: No Recovery paths to report
Info: No Removal paths to report
Info: Worst-case minimum pulse width slack is -3.000
    Info:     Slack End Point TNS Clock 
    Info: ========= ============= =====================
    Info:    -3.000      -105.800 clock 
Info: Analyzing Fast 1200mV 0C Model
Info: Started post-fitting delay annotation
Info: Delay annotation completed successfully
Info: Deriving Clock Uncertainty
    Info: set_clock_uncertainty -rise_from [get_clocks {clock}] -rise_to [get_clocks {clock}] -setup 0.020
    Info: set_clock_uncertainty -rise_from [get_clocks {clock}] -fall_to [get_clocks {clock}] -setup 0.020
    Info: set_clock_uncertainty -fall_from [get_clocks {clock}] -rise_to [get_clocks {clock}] -setup 0.020
    Info: set_clock_uncertainty -fall_from [get_clocks {clock}] -fall_to [get_clocks {clock}] -setup 0.020
    Info: set_clock_uncertainty -rise_from [get_clocks {clock}] -rise_to [get_clocks {clock}] -hold 0.020
    Info: set_clock_uncertainty -rise_from [get_clocks {clock}] -fall_to [get_clocks {clock}] -hold 0.020
    Info: set_clock_uncertainty -fall_from [get_clocks {clock}] -rise_to [get_clocks {clock}] -hold 0.020
    Info: set_clock_uncertainty -fall_from [get_clocks {clock}] -fall_to [get_clocks {clock}] -hold 0.020
Critical Warning: Timing requirements not met
Info: Worst-case setup slack is -1.273
    Info:     Slack End Point TNS Clock 
    Info: ========= ============= =====================
    Info:    -1.273       -16.063 clock 
Info: Worst-case hold slack is 0.179
    Info:     Slack End Point TNS Clock 
    Info: ========= ============= =====================
    Info:     0.179         0.000 clock 
Info: No Recovery paths to report
Info: No Removal paths to report
Info: Worst-case minimum pulse width slack is -3.000
    Info:     Slack End Point TNS Clock 
    Info: ========= ============= =====================
    Info:    -3.000      -159.850 clock 
Info: Design is not fully constrained for setup requirements
Info: Design is not fully constrained for hold requirements
Info: Quartus II TimeQuest Timing Analyzer was successful. 0 errors, 4 warnings
    Info: Peak virtual memory: 369 megabytes
    Info: Processing ended: Wed May 02 18:58:12 2018
    Info: Elapsed time: 00:00:05
    Info: Total CPU time (on all processors): 00:00:04


