TimeQuest Timing Analyzer report for lab2_3
Wed May 02 19:39:02 2018
Quartus II Version 10.0 Build 218 06/27/2010 SJ Web Edition


---------------------
; Table of Contents ;
---------------------
  1. Legal Notice
  2. TimeQuest Timing Analyzer Summary
  3. Parallel Compilation
  4. Clocks
  5. Slow 1200mV 85C Model Fmax Summary
  6. Slow 1200mV 85C Model Setup Summary
  7. Slow 1200mV 85C Model Hold Summary
  8. Slow 1200mV 85C Model Recovery Summary
  9. Slow 1200mV 85C Model Removal Summary
 10. Slow 1200mV 85C Model Minimum Pulse Width Summary
 11. Slow 1200mV 85C Model Setup: 'clock'
 12. Slow 1200mV 85C Model Hold: 'clock'
 13. Slow 1200mV 85C Model Minimum Pulse Width: 'clock'
 14. Setup Times
 15. Hold Times
 16. Clock to Output Times
 17. Minimum Clock to Output Times
 18. Slow 1200mV 85C Model Metastability Report
 19. Slow 1200mV 0C Model Fmax Summary
 20. Slow 1200mV 0C Model Setup Summary
 21. Slow 1200mV 0C Model Hold Summary
 22. Slow 1200mV 0C Model Recovery Summary
 23. Slow 1200mV 0C Model Removal Summary
 24. Slow 1200mV 0C Model Minimum Pulse Width Summary
 25. Slow 1200mV 0C Model Setup: 'clock'
 26. Slow 1200mV 0C Model Hold: 'clock'
 27. Slow 1200mV 0C Model Minimum Pulse Width: 'clock'
 28. Setup Times
 29. Hold Times
 30. Clock to Output Times
 31. Minimum Clock to Output Times
 32. Slow 1200mV 0C Model Metastability Report
 33. Fast 1200mV 0C Model Setup Summary
 34. Fast 1200mV 0C Model Hold Summary
 35. Fast 1200mV 0C Model Recovery Summary
 36. Fast 1200mV 0C Model Removal Summary
 37. Fast 1200mV 0C Model Minimum Pulse Width Summary
 38. Fast 1200mV 0C Model Setup: 'clock'
 39. Fast 1200mV 0C Model Hold: 'clock'
 40. Fast 1200mV 0C Model Minimum Pulse Width: 'clock'
 41. Setup Times
 42. Hold Times
 43. Clock to Output Times
 44. Minimum Clock to Output Times
 45. Fast 1200mV 0C Model Metastability Report
 46. Multicorner Timing Analysis Summary
 47. Setup Times
 48. Hold Times
 49. Clock to Output Times
 50. Minimum Clock to Output Times
 51. Board Trace Model Assignments
 52. Input Transition Times
 53. Signal Integrity Metrics (Slow 1200mv 0c Model)
 54. Signal Integrity Metrics (Slow 1200mv 85c Model)
 55. Signal Integrity Metrics (Fast 1200mv 0c Model)
 56. Setup Transfers
 57. Hold Transfers
 58. Report TCCS
 59. Report RSKM
 60. Unconstrained Paths
 61. TimeQuest Timing Analyzer Messages



----------------
; Legal Notice ;
----------------
Copyright (C) 1991-2010 Altera Corporation
Your use of Altera Corporation's design tools, logic functions 
and other software and tools, and its AMPP partner logic 
functions, and any output files from any of the foregoing 
(including device programming or simulation files), and any 
associated documentation or information are expressly subject 
to the terms and conditions of the Altera Program License 
Subscription Agreement, Altera MegaCore Function License 
Agreement, or other applicable license agreement, including, 
without limitation, that your use is for the sole purpose of 
programming logic devices manufactured by Altera and sold by 
Altera or its authorized distributors.  Please refer to the 
applicable agreement for further details.



+-----------------------------------------------------------------------+
; TimeQuest Timing Analyzer Summary                                     ;
+--------------------+--------------------------------------------------+
; Quartus II Version ; Version 10.0 Build 218 06/27/2010 SJ Web Edition ;
; Revision Name      ; lab2_3                                           ;
; Device Family      ; Cyclone IV E                                     ;
; Device Name        ; EP4CE115F29C7                                    ;
; Timing Models      ; Final                                            ;
; Delay Model        ; Combined                                         ;
; Rise/Fall Delays   ; Enabled                                          ;
+--------------------+--------------------------------------------------+


Parallel compilation was disabled, but you have multiple processors available. Enable parallel compilation to reduce compilation time.
+-------------------------------------+
; Parallel Compilation                ;
+----------------------------+--------+
; Processors                 ; Number ;
+----------------------------+--------+
; Number detected on machine ; 4      ;
; Maximum allowed            ; 1      ;
+----------------------------+--------+


+-----------------------------------------------------------------------------------------------------------------------------------------------------------------------------------+
; Clocks                                                                                                                                                                            ;
+------------+------+--------+------------+-------+-------+------------+-----------+-------------+-------+--------+-----------+------------+----------+--------+--------+-----------+
; Clock Name ; Type ; Period ; Frequency  ; Rise  ; Fall  ; Duty Cycle ; Divide by ; Multiply by ; Phase ; Offset ; Edge List ; Edge Shift ; Inverted ; Master ; Source ; Targets   ;
+------------+------+--------+------------+-------+-------+------------+-----------+-------------+-------+--------+-----------+------------+----------+--------+--------+-----------+
; clock      ; Base ; 1.000  ; 1000.0 MHz ; 0.000 ; 0.500 ;            ;           ;             ;       ;        ;           ;            ;          ;        ;        ; { clock } ;
+------------+------+--------+------------+-------+-------+------------+-----------+-------------+-------+--------+-----------+------------+----------+--------+--------+-----------+


+-----------------------------------------------------------------------------------------------------------+
; Slow 1200mV 85C Model Fmax Summary                                                                        ;
+------------+-----------------+------------+---------------------------------------------------------------+
; Fmax       ; Restricted Fmax ; Clock Name ; Note                                                          ;
+------------+-----------------+------------+---------------------------------------------------------------+
; 352.73 MHz ; 250.0 MHz       ; clock      ; limit due to minimum period restriction (max I/O toggle rate) ;
+------------+-----------------+------------+---------------------------------------------------------------+
This panel reports FMAX for every clock in the design, regardless of the user-specified clock periods.  FMAX is only computed for paths where the source and destination registers or ports are driven by the same clock.  Paths of different clocks, including generated clocks, are ignored.  For paths between a clock and its inversion, FMAX is computed as if the rising and falling edges are scaled along with FMAX, such that the duty cycle (in terms of a percentage) is maintained. Altera recommends that you always use clock constraints and other slack reports for sign-off analysis.


+-------------------------------------+
; Slow 1200mV 85C Model Setup Summary ;
+-------+--------+--------------------+
; Clock ; Slack  ; End Point TNS      ;
+-------+--------+--------------------+
; clock ; -1.835 ; -39.038            ;
+-------+--------+--------------------+


+------------------------------------+
; Slow 1200mV 85C Model Hold Summary ;
+-------+-------+--------------------+
; Clock ; Slack ; End Point TNS      ;
+-------+-------+--------------------+
; clock ; 0.422 ; 0.000              ;
+-------+-------+--------------------+


------------------------------------------
; Slow 1200mV 85C Model Recovery Summary ;
------------------------------------------
No paths to report.


-----------------------------------------
; Slow 1200mV 85C Model Removal Summary ;
-----------------------------------------
No paths to report.


+---------------------------------------------------+
; Slow 1200mV 85C Model Minimum Pulse Width Summary ;
+-------+--------+----------------------------------+
; Clock ; Slack  ; End Point TNS                    ;
+-------+--------+----------------------------------+
; clock ; -3.000 ; -54.400                          ;
+-------+--------+----------------------------------+


+----------------------------------------------------------------------------------------------------------------------------------------------------------+
; Slow 1200mV 85C Model Setup: 'clock'                                                                                                                     ;
+--------+-------------------------------------+-------------------------------------+--------------+-------------+--------------+------------+------------+
; Slack  ; From Node                           ; To Node                             ; Launch Clock ; Latch Clock ; Relationship ; Clock Skew ; Data Delay ;
+--------+-------------------------------------+-------------------------------------+--------------+-------------+--------------+------------+------------+
; -1.835 ; lab2_LookaheadCarry:inst5|carry_out ; lab2_LookaheadCarry:inst6|carry_out ; clock        ; clock       ; 1.000        ; -0.063     ; 2.770      ;
; -1.792 ; lab2_LookaheadCarry:inst4|carry_out ; lab2_LookaheadCarry:inst5|sum[3]    ; clock        ; clock       ; 1.000        ; -0.114     ; 2.676      ;
; -1.783 ; lab2_LookaheadCarry:inst4|carry_out ; lab2_LookaheadCarry:inst5|carry_out ; clock        ; clock       ; 1.000        ; -0.114     ; 2.667      ;
; -1.780 ; lab2_LookaheadCarry:inst4|carry_out ; lab2_LookaheadCarry:inst5|sum[2]    ; clock        ; clock       ; 1.000        ; -0.114     ; 2.664      ;
; -1.745 ; lab2_LookaheadCarry:inst2|carry_out ; lab2_LookaheadCarry:inst3|carry_out ; clock        ; clock       ; 1.000        ; -0.089     ; 2.654      ;
; -1.690 ; lab2_LookaheadCarry:inst5|carry_out ; lab2_LookaheadCarry:inst6|sum[3]    ; clock        ; clock       ; 1.000        ; -0.064     ; 2.624      ;
; -1.671 ; lab2_LookaheadCarry:inst5|carry_out ; lab2_LookaheadCarry:inst6|sum[2]    ; clock        ; clock       ; 1.000        ; -0.064     ; 2.605      ;
; -1.590 ; lab2_LookaheadCarry:inst2|carry_out ; lab2_LookaheadCarry:inst3|sum[3]    ; clock        ; clock       ; 1.000        ; -0.088     ; 2.500      ;
; -1.567 ; lab2_LookaheadCarry:inst2|carry_out ; lab2_LookaheadCarry:inst3|sum[2]    ; clock        ; clock       ; 1.000        ; -0.088     ; 2.477      ;
; -1.542 ; lab2_LookaheadCarry:inst6|carry_out ; lab2_LookaheadCarry:inst7|sum[3]    ; clock        ; clock       ; 1.000        ; -0.082     ; 2.458      ;
; -1.480 ; lab2_LookaheadCarry:inst6|carry_out ; lab2_LookaheadCarry:inst7|carry_out ; clock        ; clock       ; 1.000        ; -0.082     ; 2.396      ;
; -1.427 ; lab2_LookaheadCarry:inst4|carry_out ; lab2_LookaheadCarry:inst5|sum[0]    ; clock        ; clock       ; 1.000        ; -0.114     ; 2.311      ;
; -1.426 ; lab2_LookaheadCarry:inst4|carry_out ; lab2_LookaheadCarry:inst5|sum[1]    ; clock        ; clock       ; 1.000        ; -0.114     ; 2.310      ;
; -1.386 ; lab2_LookaheadCarry:inst2|carry_out ; lab2_LookaheadCarry:inst3|sum[0]    ; clock        ; clock       ; 1.000        ; -0.088     ; 2.296      ;
; -1.361 ; lab2_LookaheadCarry:inst2|carry_out ; lab2_LookaheadCarry:inst3|sum[1]    ; clock        ; clock       ; 1.000        ; -0.088     ; 2.271      ;
; -1.319 ; lab2_LookaheadCarry:inst5|carry_out ; lab2_LookaheadCarry:inst6|sum[1]    ; clock        ; clock       ; 1.000        ; -0.064     ; 2.253      ;
; -1.315 ; lab2_LookaheadCarry:inst5|carry_out ; lab2_LookaheadCarry:inst6|sum[0]    ; clock        ; clock       ; 1.000        ; -0.064     ; 2.249      ;
; -1.301 ; lab2_LookaheadCarry:inst3|carry_out ; lab2_LookaheadCarry:inst4|carry_out ; clock        ; clock       ; 1.000        ; -0.081     ; 2.218      ;
; -1.279 ; lab2_LookaheadCarry:inst3|carry_out ; lab2_LookaheadCarry:inst4|sum[3]    ; clock        ; clock       ; 1.000        ; -0.081     ; 2.196      ;
; -1.171 ; lab2_LookaheadCarry:inst|carry_out  ; lab2_LookaheadCarry:inst2|sum[3]    ; clock        ; clock       ; 1.000        ; -0.081     ; 2.088      ;
; -1.078 ; lab2_LookaheadCarry:inst7|carry_out ; lab2_LookaheadCarry:inst8|carry_out ; clock        ; clock       ; 1.000        ; -0.085     ; 1.991      ;
; -1.078 ; lab2_LookaheadCarry:inst7|carry_out ; lab2_LookaheadCarry:inst8|sum[3]    ; clock        ; clock       ; 1.000        ; -0.085     ; 1.991      ;
; -1.064 ; lab2_LookaheadCarry:inst7|carry_out ; lab2_LookaheadCarry:inst8|sum[2]    ; clock        ; clock       ; 1.000        ; -0.085     ; 1.977      ;
; -0.853 ; lab2_LookaheadCarry:inst|carry_out  ; lab2_LookaheadCarry:inst2|carry_out ; clock        ; clock       ; 1.000        ; -0.081     ; 1.770      ;
; -0.781 ; lab2_LookaheadCarry:inst|carry_out  ; lab2_LookaheadCarry:inst2|sum[2]    ; clock        ; clock       ; 1.000        ; -0.081     ; 1.698      ;
; -0.739 ; lab2_LookaheadCarry:inst6|carry_out ; lab2_LookaheadCarry:inst7|sum[2]    ; clock        ; clock       ; 1.000        ; -0.082     ; 1.655      ;
; -0.614 ; lab2_LookaheadCarry:inst7|carry_out ; lab2_LookaheadCarry:inst8|sum[1]    ; clock        ; clock       ; 1.000        ; -0.085     ; 1.527      ;
; -0.610 ; lab2_LookaheadCarry:inst|carry_out  ; lab2_LookaheadCarry:inst2|sum[1]    ; clock        ; clock       ; 1.000        ; -0.081     ; 1.527      ;
; -0.577 ; lab2_LookaheadCarry:inst7|carry_out ; lab2_LookaheadCarry:inst8|sum[0]    ; clock        ; clock       ; 1.000        ; -0.085     ; 1.490      ;
; -0.425 ; lab2_LookaheadCarry:inst|carry_out  ; lab2_LookaheadCarry:inst2|sum[0]    ; clock        ; clock       ; 1.000        ; -0.081     ; 1.342      ;
; -0.268 ; lab2_LookaheadCarry:inst3|carry_out ; lab2_LookaheadCarry:inst4|sum[2]    ; clock        ; clock       ; 1.000        ; -0.081     ; 1.185      ;
; -0.254 ; lab2_LookaheadCarry:inst6|carry_out ; lab2_LookaheadCarry:inst7|sum[0]    ; clock        ; clock       ; 1.000        ; -0.082     ; 1.170      ;
; -0.237 ; lab2_LookaheadCarry:inst6|carry_out ; lab2_LookaheadCarry:inst7|sum[1]    ; clock        ; clock       ; 1.000        ; -0.082     ; 1.153      ;
; 0.086  ; lab2_LookaheadCarry:inst3|carry_out ; lab2_LookaheadCarry:inst4|sum[1]    ; clock        ; clock       ; 1.000        ; -0.081     ; 0.831      ;
; 0.087  ; lab2_LookaheadCarry:inst3|carry_out ; lab2_LookaheadCarry:inst4|sum[0]    ; clock        ; clock       ; 1.000        ; -0.081     ; 0.830      ;
+--------+-------------------------------------+-------------------------------------+--------------+-------------+--------------+------------+------------+


+---------------------------------------------------------------------------------------------------------------------------------------------------------+
; Slow 1200mV 85C Model Hold: 'clock'                                                                                                                     ;
+-------+-------------------------------------+-------------------------------------+--------------+-------------+--------------+------------+------------+
; Slack ; From Node                           ; To Node                             ; Launch Clock ; Latch Clock ; Relationship ; Clock Skew ; Data Delay ;
+-------+-------------------------------------+-------------------------------------+--------------+-------------+--------------+------------+------------+
; 0.422 ; lab2_LookaheadCarry:inst3|carry_out ; lab2_LookaheadCarry:inst4|sum[0]    ; clock        ; clock       ; 0.000        ; 0.081      ; 0.709      ;
; 0.423 ; lab2_LookaheadCarry:inst3|carry_out ; lab2_LookaheadCarry:inst4|sum[1]    ; clock        ; clock       ; 0.000        ; 0.081      ; 0.710      ;
; 0.643 ; lab2_LookaheadCarry:inst6|carry_out ; lab2_LookaheadCarry:inst7|sum[0]    ; clock        ; clock       ; 0.000        ; 0.082      ; 0.931      ;
; 0.659 ; lab2_LookaheadCarry:inst6|carry_out ; lab2_LookaheadCarry:inst7|sum[1]    ; clock        ; clock       ; 0.000        ; 0.082      ; 0.947      ;
; 0.769 ; lab2_LookaheadCarry:inst3|carry_out ; lab2_LookaheadCarry:inst4|sum[2]    ; clock        ; clock       ; 0.000        ; 0.081      ; 1.056      ;
; 0.949 ; lab2_LookaheadCarry:inst|carry_out  ; lab2_LookaheadCarry:inst2|sum[0]    ; clock        ; clock       ; 0.000        ; 0.081      ; 1.236      ;
; 1.013 ; lab2_LookaheadCarry:inst7|carry_out ; lab2_LookaheadCarry:inst8|sum[0]    ; clock        ; clock       ; 0.000        ; 0.079      ; 1.298      ;
; 1.062 ; lab2_LookaheadCarry:inst|carry_out  ; lab2_LookaheadCarry:inst2|sum[1]    ; clock        ; clock       ; 0.000        ; 0.081      ; 1.349      ;
; 1.091 ; lab2_LookaheadCarry:inst7|carry_out ; lab2_LookaheadCarry:inst8|sum[1]    ; clock        ; clock       ; 0.000        ; 0.079      ; 1.376      ;
; 1.105 ; lab2_LookaheadCarry:inst6|carry_out ; lab2_LookaheadCarry:inst7|sum[2]    ; clock        ; clock       ; 0.000        ; 0.082      ; 1.393      ;
; 1.291 ; lab2_LookaheadCarry:inst|carry_out  ; lab2_LookaheadCarry:inst2|sum[2]    ; clock        ; clock       ; 0.000        ; 0.081      ; 1.578      ;
; 1.310 ; lab2_LookaheadCarry:inst|carry_out  ; lab2_LookaheadCarry:inst2|carry_out ; clock        ; clock       ; 0.000        ; 0.081      ; 1.597      ;
; 1.474 ; lab2_LookaheadCarry:inst7|carry_out ; lab2_LookaheadCarry:inst8|sum[2]    ; clock        ; clock       ; 0.000        ; 0.079      ; 1.759      ;
; 1.481 ; lab2_LookaheadCarry:inst7|carry_out ; lab2_LookaheadCarry:inst8|sum[3]    ; clock        ; clock       ; 0.000        ; 0.079      ; 1.766      ;
; 1.491 ; lab2_LookaheadCarry:inst7|carry_out ; lab2_LookaheadCarry:inst8|carry_out ; clock        ; clock       ; 0.000        ; 0.079      ; 1.776      ;
; 1.539 ; lab2_LookaheadCarry:inst|carry_out  ; lab2_LookaheadCarry:inst2|sum[3]    ; clock        ; clock       ; 0.000        ; 0.081      ; 1.826      ;
; 1.562 ; lab2_LookaheadCarry:inst3|carry_out ; lab2_LookaheadCarry:inst4|sum[3]    ; clock        ; clock       ; 0.000        ; 0.081      ; 1.849      ;
; 1.600 ; lab2_LookaheadCarry:inst3|carry_out ; lab2_LookaheadCarry:inst4|carry_out ; clock        ; clock       ; 0.000        ; 0.081      ; 1.887      ;
; 1.710 ; lab2_LookaheadCarry:inst2|carry_out ; lab2_LookaheadCarry:inst3|sum[0]    ; clock        ; clock       ; 0.000        ; 0.122      ; 2.038      ;
; 1.719 ; lab2_LookaheadCarry:inst2|carry_out ; lab2_LookaheadCarry:inst3|sum[1]    ; clock        ; clock       ; 0.000        ; 0.122      ; 2.047      ;
; 1.784 ; lab2_LookaheadCarry:inst5|carry_out ; lab2_LookaheadCarry:inst6|sum[0]    ; clock        ; clock       ; 0.000        ; 0.099      ; 2.089      ;
; 1.786 ; lab2_LookaheadCarry:inst6|carry_out ; lab2_LookaheadCarry:inst7|carry_out ; clock        ; clock       ; 0.000        ; 0.082      ; 2.074      ;
; 1.787 ; lab2_LookaheadCarry:inst5|carry_out ; lab2_LookaheadCarry:inst6|sum[1]    ; clock        ; clock       ; 0.000        ; 0.099      ; 2.092      ;
; 1.830 ; lab2_LookaheadCarry:inst4|carry_out ; lab2_LookaheadCarry:inst5|sum[1]    ; clock        ; clock       ; 0.000        ; 0.096      ; 2.132      ;
; 1.831 ; lab2_LookaheadCarry:inst4|carry_out ; lab2_LookaheadCarry:inst5|sum[0]    ; clock        ; clock       ; 0.000        ; 0.096      ; 2.133      ;
; 1.841 ; lab2_LookaheadCarry:inst6|carry_out ; lab2_LookaheadCarry:inst7|sum[3]    ; clock        ; clock       ; 0.000        ; 0.082      ; 2.129      ;
; 1.956 ; lab2_LookaheadCarry:inst2|carry_out ; lab2_LookaheadCarry:inst3|sum[2]    ; clock        ; clock       ; 0.000        ; 0.122      ; 2.284      ;
; 1.979 ; lab2_LookaheadCarry:inst2|carry_out ; lab2_LookaheadCarry:inst3|sum[3]    ; clock        ; clock       ; 0.000        ; 0.122      ; 2.307      ;
; 2.131 ; lab2_LookaheadCarry:inst5|carry_out ; lab2_LookaheadCarry:inst6|sum[2]    ; clock        ; clock       ; 0.000        ; 0.099      ; 2.436      ;
; 2.151 ; lab2_LookaheadCarry:inst5|carry_out ; lab2_LookaheadCarry:inst6|sum[3]    ; clock        ; clock       ; 0.000        ; 0.099      ; 2.456      ;
; 2.165 ; lab2_LookaheadCarry:inst2|carry_out ; lab2_LookaheadCarry:inst3|carry_out ; clock        ; clock       ; 0.000        ; 0.121      ; 2.492      ;
; 2.177 ; lab2_LookaheadCarry:inst4|carry_out ; lab2_LookaheadCarry:inst5|sum[2]    ; clock        ; clock       ; 0.000        ; 0.096      ; 2.479      ;
; 2.185 ; lab2_LookaheadCarry:inst4|carry_out ; lab2_LookaheadCarry:inst5|sum[3]    ; clock        ; clock       ; 0.000        ; 0.096      ; 2.487      ;
; 2.193 ; lab2_LookaheadCarry:inst4|carry_out ; lab2_LookaheadCarry:inst5|carry_out ; clock        ; clock       ; 0.000        ; 0.096      ; 2.495      ;
; 2.324 ; lab2_LookaheadCarry:inst5|carry_out ; lab2_LookaheadCarry:inst6|carry_out ; clock        ; clock       ; 0.000        ; 0.100      ; 2.630      ;
+-------+-------------------------------------+-------------------------------------+--------------+-------------+--------------+------------+------------+


+----------------------------------------------------------------------------------------------------------------------+
; Slow 1200mV 85C Model Minimum Pulse Width: 'clock'                                                                   ;
+--------+--------------+----------------+------------------+-------+------------+-------------------------------------+
; Slack  ; Actual Width ; Required Width ; Type             ; Clock ; Clock Edge ; Target                              ;
+--------+--------------+----------------+------------------+-------+------------+-------------------------------------+
; -3.000 ; 1.000        ; 4.000          ; Port Rate        ; clock ; Rise       ; clock                               ;
; -1.285 ; 1.000        ; 2.285          ; Min Period       ; clock ; Rise       ; lab2_LookaheadCarry:inst2|carry_out ;
; -1.285 ; 1.000        ; 2.285          ; Min Period       ; clock ; Rise       ; lab2_LookaheadCarry:inst2|sum[0]    ;
; -1.285 ; 1.000        ; 2.285          ; Min Period       ; clock ; Rise       ; lab2_LookaheadCarry:inst2|sum[1]    ;
; -1.285 ; 1.000        ; 2.285          ; Min Period       ; clock ; Rise       ; lab2_LookaheadCarry:inst2|sum[2]    ;
; -1.285 ; 1.000        ; 2.285          ; Min Period       ; clock ; Rise       ; lab2_LookaheadCarry:inst2|sum[3]    ;
; -1.285 ; 1.000        ; 2.285          ; Min Period       ; clock ; Rise       ; lab2_LookaheadCarry:inst3|carry_out ;
; -1.285 ; 1.000        ; 2.285          ; Min Period       ; clock ; Rise       ; lab2_LookaheadCarry:inst3|sum[0]    ;
; -1.285 ; 1.000        ; 2.285          ; Min Period       ; clock ; Rise       ; lab2_LookaheadCarry:inst3|sum[1]    ;
; -1.285 ; 1.000        ; 2.285          ; Min Period       ; clock ; Rise       ; lab2_LookaheadCarry:inst3|sum[2]    ;
; -1.285 ; 1.000        ; 2.285          ; Min Period       ; clock ; Rise       ; lab2_LookaheadCarry:inst3|sum[3]    ;
; -1.285 ; 1.000        ; 2.285          ; Min Period       ; clock ; Rise       ; lab2_LookaheadCarry:inst4|carry_out ;
; -1.285 ; 1.000        ; 2.285          ; Min Period       ; clock ; Rise       ; lab2_LookaheadCarry:inst4|sum[0]    ;
; -1.285 ; 1.000        ; 2.285          ; Min Period       ; clock ; Rise       ; lab2_LookaheadCarry:inst4|sum[1]    ;
; -1.285 ; 1.000        ; 2.285          ; Min Period       ; clock ; Rise       ; lab2_LookaheadCarry:inst4|sum[2]    ;
; -1.285 ; 1.000        ; 2.285          ; Min Period       ; clock ; Rise       ; lab2_LookaheadCarry:inst4|sum[3]    ;
; -1.285 ; 1.000        ; 2.285          ; Min Period       ; clock ; Rise       ; lab2_LookaheadCarry:inst5|carry_out ;
; -1.285 ; 1.000        ; 2.285          ; Min Period       ; clock ; Rise       ; lab2_LookaheadCarry:inst5|sum[0]    ;
; -1.285 ; 1.000        ; 2.285          ; Min Period       ; clock ; Rise       ; lab2_LookaheadCarry:inst5|sum[1]    ;
; -1.285 ; 1.000        ; 2.285          ; Min Period       ; clock ; Rise       ; lab2_LookaheadCarry:inst5|sum[2]    ;
; -1.285 ; 1.000        ; 2.285          ; Min Period       ; clock ; Rise       ; lab2_LookaheadCarry:inst5|sum[3]    ;
; -1.285 ; 1.000        ; 2.285          ; Min Period       ; clock ; Rise       ; lab2_LookaheadCarry:inst6|carry_out ;
; -1.285 ; 1.000        ; 2.285          ; Min Period       ; clock ; Rise       ; lab2_LookaheadCarry:inst6|sum[0]    ;
; -1.285 ; 1.000        ; 2.285          ; Min Period       ; clock ; Rise       ; lab2_LookaheadCarry:inst6|sum[1]    ;
; -1.285 ; 1.000        ; 2.285          ; Min Period       ; clock ; Rise       ; lab2_LookaheadCarry:inst6|sum[2]    ;
; -1.285 ; 1.000        ; 2.285          ; Min Period       ; clock ; Rise       ; lab2_LookaheadCarry:inst6|sum[3]    ;
; -1.285 ; 1.000        ; 2.285          ; Min Period       ; clock ; Rise       ; lab2_LookaheadCarry:inst7|carry_out ;
; -1.285 ; 1.000        ; 2.285          ; Min Period       ; clock ; Rise       ; lab2_LookaheadCarry:inst7|sum[0]    ;
; -1.285 ; 1.000        ; 2.285          ; Min Period       ; clock ; Rise       ; lab2_LookaheadCarry:inst7|sum[1]    ;
; -1.285 ; 1.000        ; 2.285          ; Min Period       ; clock ; Rise       ; lab2_LookaheadCarry:inst7|sum[2]    ;
; -1.285 ; 1.000        ; 2.285          ; Min Period       ; clock ; Rise       ; lab2_LookaheadCarry:inst7|sum[3]    ;
; -1.285 ; 1.000        ; 2.285          ; Min Period       ; clock ; Rise       ; lab2_LookaheadCarry:inst8|carry_out ;
; -1.285 ; 1.000        ; 2.285          ; Min Period       ; clock ; Rise       ; lab2_LookaheadCarry:inst8|sum[0]    ;
; -1.285 ; 1.000        ; 2.285          ; Min Period       ; clock ; Rise       ; lab2_LookaheadCarry:inst8|sum[1]    ;
; -1.285 ; 1.000        ; 2.285          ; Min Period       ; clock ; Rise       ; lab2_LookaheadCarry:inst8|sum[2]    ;
; -1.285 ; 1.000        ; 2.285          ; Min Period       ; clock ; Rise       ; lab2_LookaheadCarry:inst8|sum[3]    ;
; -1.285 ; 1.000        ; 2.285          ; Min Period       ; clock ; Rise       ; lab2_LookaheadCarry:inst|carry_out  ;
; -1.285 ; 1.000        ; 2.285          ; Min Period       ; clock ; Rise       ; lab2_LookaheadCarry:inst|sum[0]     ;
; -1.285 ; 1.000        ; 2.285          ; Min Period       ; clock ; Rise       ; lab2_LookaheadCarry:inst|sum[1]     ;
; -1.285 ; 1.000        ; 2.285          ; Min Period       ; clock ; Rise       ; lab2_LookaheadCarry:inst|sum[2]     ;
; -1.285 ; 1.000        ; 2.285          ; Min Period       ; clock ; Rise       ; lab2_LookaheadCarry:inst|sum[3]     ;
; 0.253  ; 0.441        ; 0.188          ; Low Pulse Width  ; clock ; Rise       ; lab2_LookaheadCarry:inst6|carry_out ;
; 0.253  ; 0.441        ; 0.188          ; Low Pulse Width  ; clock ; Rise       ; lab2_LookaheadCarry:inst6|sum[0]    ;
; 0.253  ; 0.441        ; 0.188          ; Low Pulse Width  ; clock ; Rise       ; lab2_LookaheadCarry:inst6|sum[1]    ;
; 0.253  ; 0.441        ; 0.188          ; Low Pulse Width  ; clock ; Rise       ; lab2_LookaheadCarry:inst6|sum[2]    ;
; 0.253  ; 0.441        ; 0.188          ; Low Pulse Width  ; clock ; Rise       ; lab2_LookaheadCarry:inst6|sum[3]    ;
; 0.253  ; 0.441        ; 0.188          ; Low Pulse Width  ; clock ; Rise       ; lab2_LookaheadCarry:inst7|carry_out ;
; 0.253  ; 0.441        ; 0.188          ; Low Pulse Width  ; clock ; Rise       ; lab2_LookaheadCarry:inst7|sum[0]    ;
; 0.253  ; 0.441        ; 0.188          ; Low Pulse Width  ; clock ; Rise       ; lab2_LookaheadCarry:inst7|sum[1]    ;
; 0.253  ; 0.441        ; 0.188          ; Low Pulse Width  ; clock ; Rise       ; lab2_LookaheadCarry:inst7|sum[2]    ;
; 0.253  ; 0.441        ; 0.188          ; Low Pulse Width  ; clock ; Rise       ; lab2_LookaheadCarry:inst7|sum[3]    ;
; 0.254  ; 0.442        ; 0.188          ; Low Pulse Width  ; clock ; Rise       ; lab2_LookaheadCarry:inst5|carry_out ;
; 0.254  ; 0.442        ; 0.188          ; Low Pulse Width  ; clock ; Rise       ; lab2_LookaheadCarry:inst5|sum[0]    ;
; 0.254  ; 0.442        ; 0.188          ; Low Pulse Width  ; clock ; Rise       ; lab2_LookaheadCarry:inst5|sum[1]    ;
; 0.254  ; 0.442        ; 0.188          ; Low Pulse Width  ; clock ; Rise       ; lab2_LookaheadCarry:inst5|sum[2]    ;
; 0.254  ; 0.442        ; 0.188          ; Low Pulse Width  ; clock ; Rise       ; lab2_LookaheadCarry:inst5|sum[3]    ;
; 0.254  ; 0.442        ; 0.188          ; Low Pulse Width  ; clock ; Rise       ; lab2_LookaheadCarry:inst8|carry_out ;
; 0.254  ; 0.442        ; 0.188          ; Low Pulse Width  ; clock ; Rise       ; lab2_LookaheadCarry:inst8|sum[0]    ;
; 0.254  ; 0.442        ; 0.188          ; Low Pulse Width  ; clock ; Rise       ; lab2_LookaheadCarry:inst8|sum[1]    ;
; 0.254  ; 0.442        ; 0.188          ; Low Pulse Width  ; clock ; Rise       ; lab2_LookaheadCarry:inst8|sum[2]    ;
; 0.254  ; 0.442        ; 0.188          ; Low Pulse Width  ; clock ; Rise       ; lab2_LookaheadCarry:inst8|sum[3]    ;
; 0.259  ; 0.447        ; 0.188          ; Low Pulse Width  ; clock ; Rise       ; lab2_LookaheadCarry:inst3|carry_out ;
; 0.259  ; 0.447        ; 0.188          ; Low Pulse Width  ; clock ; Rise       ; lab2_LookaheadCarry:inst3|sum[0]    ;
; 0.259  ; 0.447        ; 0.188          ; Low Pulse Width  ; clock ; Rise       ; lab2_LookaheadCarry:inst3|sum[1]    ;
; 0.259  ; 0.447        ; 0.188          ; Low Pulse Width  ; clock ; Rise       ; lab2_LookaheadCarry:inst3|sum[2]    ;
; 0.259  ; 0.447        ; 0.188          ; Low Pulse Width  ; clock ; Rise       ; lab2_LookaheadCarry:inst3|sum[3]    ;
; 0.259  ; 0.447        ; 0.188          ; Low Pulse Width  ; clock ; Rise       ; lab2_LookaheadCarry:inst4|carry_out ;
; 0.259  ; 0.447        ; 0.188          ; Low Pulse Width  ; clock ; Rise       ; lab2_LookaheadCarry:inst4|sum[0]    ;
; 0.259  ; 0.447        ; 0.188          ; Low Pulse Width  ; clock ; Rise       ; lab2_LookaheadCarry:inst4|sum[1]    ;
; 0.259  ; 0.447        ; 0.188          ; Low Pulse Width  ; clock ; Rise       ; lab2_LookaheadCarry:inst4|sum[2]    ;
; 0.259  ; 0.447        ; 0.188          ; Low Pulse Width  ; clock ; Rise       ; lab2_LookaheadCarry:inst4|sum[3]    ;
; 0.260  ; 0.448        ; 0.188          ; Low Pulse Width  ; clock ; Rise       ; lab2_LookaheadCarry:inst2|carry_out ;
; 0.260  ; 0.448        ; 0.188          ; Low Pulse Width  ; clock ; Rise       ; lab2_LookaheadCarry:inst2|sum[0]    ;
; 0.260  ; 0.448        ; 0.188          ; Low Pulse Width  ; clock ; Rise       ; lab2_LookaheadCarry:inst2|sum[1]    ;
; 0.260  ; 0.448        ; 0.188          ; Low Pulse Width  ; clock ; Rise       ; lab2_LookaheadCarry:inst2|sum[2]    ;
; 0.260  ; 0.448        ; 0.188          ; Low Pulse Width  ; clock ; Rise       ; lab2_LookaheadCarry:inst2|sum[3]    ;
; 0.260  ; 0.448        ; 0.188          ; Low Pulse Width  ; clock ; Rise       ; lab2_LookaheadCarry:inst|carry_out  ;
; 0.260  ; 0.448        ; 0.188          ; Low Pulse Width  ; clock ; Rise       ; lab2_LookaheadCarry:inst|sum[0]     ;
; 0.260  ; 0.448        ; 0.188          ; Low Pulse Width  ; clock ; Rise       ; lab2_LookaheadCarry:inst|sum[1]     ;
; 0.260  ; 0.448        ; 0.188          ; Low Pulse Width  ; clock ; Rise       ; lab2_LookaheadCarry:inst|sum[2]     ;
; 0.260  ; 0.448        ; 0.188          ; Low Pulse Width  ; clock ; Rise       ; lab2_LookaheadCarry:inst|sum[3]     ;
; 0.331  ; 0.551        ; 0.220          ; High Pulse Width ; clock ; Rise       ; lab2_LookaheadCarry:inst2|carry_out ;
; 0.331  ; 0.551        ; 0.220          ; High Pulse Width ; clock ; Rise       ; lab2_LookaheadCarry:inst2|sum[0]    ;
; 0.331  ; 0.551        ; 0.220          ; High Pulse Width ; clock ; Rise       ; lab2_LookaheadCarry:inst2|sum[1]    ;
; 0.331  ; 0.551        ; 0.220          ; High Pulse Width ; clock ; Rise       ; lab2_LookaheadCarry:inst2|sum[2]    ;
; 0.331  ; 0.551        ; 0.220          ; High Pulse Width ; clock ; Rise       ; lab2_LookaheadCarry:inst2|sum[3]    ;
; 0.331  ; 0.551        ; 0.220          ; High Pulse Width ; clock ; Rise       ; lab2_LookaheadCarry:inst|carry_out  ;
; 0.331  ; 0.551        ; 0.220          ; High Pulse Width ; clock ; Rise       ; lab2_LookaheadCarry:inst|sum[0]     ;
; 0.331  ; 0.551        ; 0.220          ; High Pulse Width ; clock ; Rise       ; lab2_LookaheadCarry:inst|sum[1]     ;
; 0.331  ; 0.551        ; 0.220          ; High Pulse Width ; clock ; Rise       ; lab2_LookaheadCarry:inst|sum[2]     ;
; 0.331  ; 0.551        ; 0.220          ; High Pulse Width ; clock ; Rise       ; lab2_LookaheadCarry:inst|sum[3]     ;
; 0.332  ; 0.552        ; 0.220          ; High Pulse Width ; clock ; Rise       ; lab2_LookaheadCarry:inst3|carry_out ;
; 0.332  ; 0.552        ; 0.220          ; High Pulse Width ; clock ; Rise       ; lab2_LookaheadCarry:inst3|sum[0]    ;
; 0.332  ; 0.552        ; 0.220          ; High Pulse Width ; clock ; Rise       ; lab2_LookaheadCarry:inst3|sum[1]    ;
; 0.332  ; 0.552        ; 0.220          ; High Pulse Width ; clock ; Rise       ; lab2_LookaheadCarry:inst3|sum[2]    ;
; 0.332  ; 0.552        ; 0.220          ; High Pulse Width ; clock ; Rise       ; lab2_LookaheadCarry:inst3|sum[3]    ;
; 0.332  ; 0.552        ; 0.220          ; High Pulse Width ; clock ; Rise       ; lab2_LookaheadCarry:inst4|carry_out ;
; 0.332  ; 0.552        ; 0.220          ; High Pulse Width ; clock ; Rise       ; lab2_LookaheadCarry:inst4|sum[0]    ;
; 0.332  ; 0.552        ; 0.220          ; High Pulse Width ; clock ; Rise       ; lab2_LookaheadCarry:inst4|sum[1]    ;
; 0.332  ; 0.552        ; 0.220          ; High Pulse Width ; clock ; Rise       ; lab2_LookaheadCarry:inst4|sum[2]    ;
+--------+--------------+----------------+------------------+-------+------------+-------------------------------------+


+-----------------------------------------------------------------------+
; Setup Times                                                           ;
+-----------+------------+-------+-------+------------+-----------------+
; Data Port ; Clock Port ; Rise  ; Fall  ; Clock Edge ; Clock Reference ;
+-----------+------------+-------+-------+------------+-----------------+
; a[*]      ; clock      ; 4.175 ; 4.672 ; Rise       ; clock           ;
;  a[0]     ; clock      ; 3.504 ; 3.879 ; Rise       ; clock           ;
;  a[1]     ; clock      ; 3.336 ; 3.691 ; Rise       ; clock           ;
;  a[2]     ; clock      ; 3.947 ; 4.253 ; Rise       ; clock           ;
;  a[3]     ; clock      ; 1.845 ; 2.216 ; Rise       ; clock           ;
;  a[4]     ; clock      ; 2.574 ; 3.029 ; Rise       ; clock           ;
;  a[5]     ; clock      ; 2.612 ; 3.004 ; Rise       ; clock           ;
;  a[6]     ; clock      ; 2.541 ; 2.927 ; Rise       ; clock           ;
;  a[7]     ; clock      ; 2.939 ; 3.269 ; Rise       ; clock           ;
;  a[8]     ; clock      ; 2.446 ; 2.806 ; Rise       ; clock           ;
;  a[9]     ; clock      ; 3.211 ; 3.550 ; Rise       ; clock           ;
;  a[10]    ; clock      ; 2.441 ; 2.792 ; Rise       ; clock           ;
;  a[11]    ; clock      ; 2.506 ; 2.852 ; Rise       ; clock           ;
;  a[12]    ; clock      ; 2.799 ; 3.323 ; Rise       ; clock           ;
;  a[13]    ; clock      ; 1.820 ; 2.207 ; Rise       ; clock           ;
;  a[14]    ; clock      ; 2.615 ; 3.041 ; Rise       ; clock           ;
;  a[15]    ; clock      ; 1.865 ; 2.236 ; Rise       ; clock           ;
;  a[16]    ; clock      ; 2.407 ; 2.888 ; Rise       ; clock           ;
;  a[17]    ; clock      ; 3.015 ; 3.395 ; Rise       ; clock           ;
;  a[18]    ; clock      ; 3.125 ; 3.523 ; Rise       ; clock           ;
;  a[19]    ; clock      ; 3.658 ; 4.091 ; Rise       ; clock           ;
;  a[20]    ; clock      ; 1.927 ; 2.351 ; Rise       ; clock           ;
;  a[21]    ; clock      ; 2.356 ; 2.749 ; Rise       ; clock           ;
;  a[22]    ; clock      ; 2.571 ; 2.946 ; Rise       ; clock           ;
;  a[23]    ; clock      ; 2.766 ; 3.103 ; Rise       ; clock           ;
;  a[24]    ; clock      ; 2.544 ; 2.915 ; Rise       ; clock           ;
;  a[25]    ; clock      ; 2.209 ; 2.582 ; Rise       ; clock           ;
;  a[26]    ; clock      ; 2.671 ; 3.038 ; Rise       ; clock           ;
;  a[27]    ; clock      ; 2.284 ; 2.623 ; Rise       ; clock           ;
;  a[28]    ; clock      ; 2.522 ; 2.899 ; Rise       ; clock           ;
;  a[29]    ; clock      ; 3.039 ; 3.434 ; Rise       ; clock           ;
;  a[30]    ; clock      ; 1.244 ; 1.284 ; Rise       ; clock           ;
;  a[31]    ; clock      ; 4.175 ; 4.672 ; Rise       ; clock           ;
; b[*]      ; clock      ; 4.563 ; 5.083 ; Rise       ; clock           ;
;  b[0]     ; clock      ; 2.972 ; 3.337 ; Rise       ; clock           ;
;  b[1]     ; clock      ; 4.064 ; 4.406 ; Rise       ; clock           ;
;  b[2]     ; clock      ; 3.652 ; 3.953 ; Rise       ; clock           ;
;  b[3]     ; clock      ; 3.740 ; 4.272 ; Rise       ; clock           ;
;  b[4]     ; clock      ; 2.528 ; 2.926 ; Rise       ; clock           ;
;  b[5]     ; clock      ; 2.886 ; 3.301 ; Rise       ; clock           ;
;  b[6]     ; clock      ; 4.563 ; 5.083 ; Rise       ; clock           ;
;  b[7]     ; clock      ; 2.805 ; 3.175 ; Rise       ; clock           ;
;  b[8]     ; clock      ; 2.686 ; 3.090 ; Rise       ; clock           ;
;  b[9]     ; clock      ; 2.448 ; 2.827 ; Rise       ; clock           ;
;  b[10]    ; clock      ; 3.131 ; 3.517 ; Rise       ; clock           ;
;  b[11]    ; clock      ; 3.204 ; 3.630 ; Rise       ; clock           ;
;  b[12]    ; clock      ; 2.537 ; 3.069 ; Rise       ; clock           ;
;  b[13]    ; clock      ; 2.202 ; 2.578 ; Rise       ; clock           ;
;  b[14]    ; clock      ; 2.894 ; 3.210 ; Rise       ; clock           ;
;  b[15]    ; clock      ; 2.086 ; 2.423 ; Rise       ; clock           ;
;  b[16]    ; clock      ; 3.817 ; 4.393 ; Rise       ; clock           ;
;  b[17]    ; clock      ; 3.185 ; 3.536 ; Rise       ; clock           ;
;  b[18]    ; clock      ; 2.918 ; 3.353 ; Rise       ; clock           ;
;  b[19]    ; clock      ; 4.503 ; 5.070 ; Rise       ; clock           ;
;  b[20]    ; clock      ; 3.799 ; 4.377 ; Rise       ; clock           ;
;  b[21]    ; clock      ; 2.461 ; 2.799 ; Rise       ; clock           ;
;  b[22]    ; clock      ; 2.764 ; 3.128 ; Rise       ; clock           ;
;  b[23]    ; clock      ; 2.862 ; 3.217 ; Rise       ; clock           ;
;  b[24]    ; clock      ; 2.644 ; 3.035 ; Rise       ; clock           ;
;  b[25]    ; clock      ; 1.993 ; 2.383 ; Rise       ; clock           ;
;  b[26]    ; clock      ; 2.458 ; 2.834 ; Rise       ; clock           ;
;  b[27]    ; clock      ; 2.880 ; 3.304 ; Rise       ; clock           ;
;  b[28]    ; clock      ; 2.451 ; 2.878 ; Rise       ; clock           ;
;  b[29]    ; clock      ; 2.743 ; 3.068 ; Rise       ; clock           ;
;  b[30]    ; clock      ; 1.400 ; 1.431 ; Rise       ; clock           ;
;  b[31]    ; clock      ; 2.559 ; 2.987 ; Rise       ; clock           ;
; c0        ; clock      ; 2.826 ; 3.234 ; Rise       ; clock           ;
+-----------+------------+-------+-------+------------+-----------------+


+-------------------------------------------------------------------------+
; Hold Times                                                              ;
+-----------+------------+--------+--------+------------+-----------------+
; Data Port ; Clock Port ; Rise   ; Fall   ; Clock Edge ; Clock Reference ;
+-----------+------------+--------+--------+------------+-----------------+
; a[*]      ; clock      ; -0.082 ; -0.123 ; Rise       ; clock           ;
;  a[0]     ; clock      ; -1.127 ; -1.444 ; Rise       ; clock           ;
;  a[1]     ; clock      ; -1.151 ; -1.487 ; Rise       ; clock           ;
;  a[2]     ; clock      ; -0.964 ; -1.302 ; Rise       ; clock           ;
;  a[3]     ; clock      ; -0.780 ; -1.104 ; Rise       ; clock           ;
;  a[4]     ; clock      ; -0.775 ; -1.145 ; Rise       ; clock           ;
;  a[5]     ; clock      ; -1.638 ; -1.960 ; Rise       ; clock           ;
;  a[6]     ; clock      ; -1.137 ; -1.530 ; Rise       ; clock           ;
;  a[7]     ; clock      ; -0.953 ; -1.276 ; Rise       ; clock           ;
;  a[8]     ; clock      ; -1.012 ; -1.322 ; Rise       ; clock           ;
;  a[9]     ; clock      ; -1.630 ; -1.936 ; Rise       ; clock           ;
;  a[10]    ; clock      ; -1.114 ; -1.466 ; Rise       ; clock           ;
;  a[11]    ; clock      ; -1.079 ; -1.414 ; Rise       ; clock           ;
;  a[12]    ; clock      ; -0.996 ; -1.352 ; Rise       ; clock           ;
;  a[13]    ; clock      ; -1.004 ; -1.369 ; Rise       ; clock           ;
;  a[14]    ; clock      ; -1.170 ; -1.591 ; Rise       ; clock           ;
;  a[15]    ; clock      ; -0.669 ; -1.014 ; Rise       ; clock           ;
;  a[16]    ; clock      ; -1.398 ; -1.801 ; Rise       ; clock           ;
;  a[17]    ; clock      ; -1.650 ; -2.080 ; Rise       ; clock           ;
;  a[18]    ; clock      ; -1.702 ; -2.120 ; Rise       ; clock           ;
;  a[19]    ; clock      ; -2.190 ; -2.607 ; Rise       ; clock           ;
;  a[20]    ; clock      ; -0.747 ; -1.106 ; Rise       ; clock           ;
;  a[21]    ; clock      ; -1.272 ; -1.645 ; Rise       ; clock           ;
;  a[22]    ; clock      ; -1.168 ; -1.516 ; Rise       ; clock           ;
;  a[23]    ; clock      ; -0.960 ; -1.300 ; Rise       ; clock           ;
;  a[24]    ; clock      ; -0.799 ; -1.124 ; Rise       ; clock           ;
;  a[25]    ; clock      ; -1.118 ; -1.506 ; Rise       ; clock           ;
;  a[26]    ; clock      ; -1.114 ; -1.487 ; Rise       ; clock           ;
;  a[27]    ; clock      ; -0.975 ; -1.319 ; Rise       ; clock           ;
;  a[28]    ; clock      ; -1.088 ; -1.414 ; Rise       ; clock           ;
;  a[29]    ; clock      ; -1.728 ; -2.052 ; Rise       ; clock           ;
;  a[30]    ; clock      ; -0.082 ; -0.123 ; Rise       ; clock           ;
;  a[31]    ; clock      ; -2.281 ; -2.764 ; Rise       ; clock           ;
; b[*]      ; clock      ; -0.131 ; -0.194 ; Rise       ; clock           ;
;  b[0]     ; clock      ; -1.130 ; -1.478 ; Rise       ; clock           ;
;  b[1]     ; clock      ; -1.849 ; -2.159 ; Rise       ; clock           ;
;  b[2]     ; clock      ; -0.776 ; -1.123 ; Rise       ; clock           ;
;  b[3]     ; clock      ; -2.411 ; -2.887 ; Rise       ; clock           ;
;  b[4]     ; clock      ; -0.773 ; -1.108 ; Rise       ; clock           ;
;  b[5]     ; clock      ; -1.881 ; -2.269 ; Rise       ; clock           ;
;  b[6]     ; clock      ; -2.994 ; -3.503 ; Rise       ; clock           ;
;  b[7]     ; clock      ; -0.821 ; -1.159 ; Rise       ; clock           ;
;  b[8]     ; clock      ; -1.483 ; -1.860 ; Rise       ; clock           ;
;  b[9]     ; clock      ; -1.103 ; -1.439 ; Rise       ; clock           ;
;  b[10]    ; clock      ; -1.725 ; -2.037 ; Rise       ; clock           ;
;  b[11]    ; clock      ; -1.506 ; -1.904 ; Rise       ; clock           ;
;  b[12]    ; clock      ; -0.747 ; -1.115 ; Rise       ; clock           ;
;  b[13]    ; clock      ; -1.227 ; -1.570 ; Rise       ; clock           ;
;  b[14]    ; clock      ; -1.615 ; -1.933 ; Rise       ; clock           ;
;  b[15]    ; clock      ; -0.885 ; -1.206 ; Rise       ; clock           ;
;  b[16]    ; clock      ; -2.783 ; -3.293 ; Rise       ; clock           ;
;  b[17]    ; clock      ; -1.784 ; -2.176 ; Rise       ; clock           ;
;  b[18]    ; clock      ; -1.826 ; -2.218 ; Rise       ; clock           ;
;  b[19]    ; clock      ; -2.798 ; -3.326 ; Rise       ; clock           ;
;  b[20]    ; clock      ; -2.437 ; -2.937 ; Rise       ; clock           ;
;  b[21]    ; clock      ; -1.370 ; -1.708 ; Rise       ; clock           ;
;  b[22]    ; clock      ; -1.265 ; -1.637 ; Rise       ; clock           ;
;  b[23]    ; clock      ; -0.854 ; -1.176 ; Rise       ; clock           ;
;  b[24]    ; clock      ; -0.892 ; -1.213 ; Rise       ; clock           ;
;  b[25]    ; clock      ; -1.233 ; -1.620 ; Rise       ; clock           ;
;  b[26]    ; clock      ; -1.013 ; -1.346 ; Rise       ; clock           ;
;  b[27]    ; clock      ; -1.044 ; -1.410 ; Rise       ; clock           ;
;  b[28]    ; clock      ; -1.275 ; -1.666 ; Rise       ; clock           ;
;  b[29]    ; clock      ; -1.414 ; -1.732 ; Rise       ; clock           ;
;  b[30]    ; clock      ; -0.131 ; -0.194 ; Rise       ; clock           ;
;  b[31]    ; clock      ; -0.678 ; -1.050 ; Rise       ; clock           ;
; c0        ; clock      ; -0.747 ; -1.103 ; Rise       ; clock           ;
+-----------+------------+--------+--------+------------+-----------------+


+--------------------------------------------------------------------------+
; Clock to Output Times                                                    ;
+------------+------------+--------+--------+------------+-----------------+
; Data Port  ; Clock Port ; Rise   ; Fall   ; Clock Edge ; Clock Reference ;
+------------+------------+--------+--------+------------+-----------------+
; carry_out3 ; clock      ; 7.461  ; 7.406  ; Rise       ; clock           ;
; out[*]     ; clock      ; 11.828 ; 11.637 ; Rise       ; clock           ;
;  out[0]    ; clock      ; 8.577  ; 8.608  ; Rise       ; clock           ;
;  out[1]    ; clock      ; 8.805  ; 8.762  ; Rise       ; clock           ;
;  out[2]    ; clock      ; 8.079  ; 8.064  ; Rise       ; clock           ;
;  out[3]    ; clock      ; 8.618  ; 8.688  ; Rise       ; clock           ;
;  out[4]    ; clock      ; 9.049  ; 9.169  ; Rise       ; clock           ;
;  out[5]    ; clock      ; 8.699  ; 8.809  ; Rise       ; clock           ;
;  out[6]    ; clock      ; 9.444  ; 9.345  ; Rise       ; clock           ;
;  out[7]    ; clock      ; 10.046 ; 9.941  ; Rise       ; clock           ;
;  out[8]    ; clock      ; 6.797  ; 6.760  ; Rise       ; clock           ;
;  out[9]    ; clock      ; 7.164  ; 7.120  ; Rise       ; clock           ;
;  out[10]   ; clock      ; 7.492  ; 7.468  ; Rise       ; clock           ;
;  out[11]   ; clock      ; 6.771  ; 6.733  ; Rise       ; clock           ;
;  out[12]   ; clock      ; 11.828 ; 11.637 ; Rise       ; clock           ;
;  out[13]   ; clock      ; 9.483  ; 9.649  ; Rise       ; clock           ;
;  out[14]   ; clock      ; 7.239  ; 7.150  ; Rise       ; clock           ;
;  out[15]   ; clock      ; 11.797 ; 11.608 ; Rise       ; clock           ;
;  out[16]   ; clock      ; 7.786  ; 7.770  ; Rise       ; clock           ;
;  out[17]   ; clock      ; 7.553  ; 7.557  ; Rise       ; clock           ;
;  out[18]   ; clock      ; 9.755  ; 9.639  ; Rise       ; clock           ;
;  out[19]   ; clock      ; 9.660  ; 9.552  ; Rise       ; clock           ;
;  out[20]   ; clock      ; 7.758  ; 7.748  ; Rise       ; clock           ;
;  out[21]   ; clock      ; 7.070  ; 7.053  ; Rise       ; clock           ;
;  out[22]   ; clock      ; 7.450  ; 7.425  ; Rise       ; clock           ;
;  out[23]   ; clock      ; 7.074  ; 7.058  ; Rise       ; clock           ;
;  out[24]   ; clock      ; 8.038  ; 8.018  ; Rise       ; clock           ;
;  out[25]   ; clock      ; 8.084  ; 8.066  ; Rise       ; clock           ;
;  out[26]   ; clock      ; 6.955  ; 6.941  ; Rise       ; clock           ;
;  out[27]   ; clock      ; 7.869  ; 7.861  ; Rise       ; clock           ;
;  out[28]   ; clock      ; 7.498  ; 7.528  ; Rise       ; clock           ;
;  out[29]   ; clock      ; 7.953  ; 7.930  ; Rise       ; clock           ;
;  out[30]   ; clock      ; 7.302  ; 7.269  ; Rise       ; clock           ;
;  out[31]   ; clock      ; 9.004  ; 9.048  ; Rise       ; clock           ;
+------------+------------+--------+--------+------------+-----------------+


+--------------------------------------------------------------------------+
; Minimum Clock to Output Times                                            ;
+------------+------------+--------+--------+------------+-----------------+
; Data Port  ; Clock Port ; Rise   ; Fall   ; Clock Edge ; Clock Reference ;
+------------+------------+--------+--------+------------+-----------------+
; carry_out3 ; clock      ; 7.208  ; 7.155  ; Rise       ; clock           ;
; out[*]     ; clock      ; 6.547  ; 6.509  ; Rise       ; clock           ;
;  out[0]    ; clock      ; 8.278  ; 8.308  ; Rise       ; clock           ;
;  out[1]    ; clock      ; 8.498  ; 8.456  ; Rise       ; clock           ;
;  out[2]    ; clock      ; 7.804  ; 7.788  ; Rise       ; clock           ;
;  out[3]    ; clock      ; 8.320  ; 8.386  ; Rise       ; clock           ;
;  out[4]    ; clock      ; 8.731  ; 8.845  ; Rise       ; clock           ;
;  out[5]    ; clock      ; 8.398  ; 8.502  ; Rise       ; clock           ;
;  out[6]    ; clock      ; 9.112  ; 9.016  ; Rise       ; clock           ;
;  out[7]    ; clock      ; 9.688  ; 9.587  ; Rise       ; clock           ;
;  out[8]    ; clock      ; 6.573  ; 6.535  ; Rise       ; clock           ;
;  out[9]    ; clock      ; 6.926  ; 6.882  ; Rise       ; clock           ;
;  out[10]   ; clock      ; 7.241  ; 7.217  ; Rise       ; clock           ;
;  out[11]   ; clock      ; 6.547  ; 6.509  ; Rise       ; clock           ;
;  out[12]   ; clock      ; 11.399 ; 11.215 ; Rise       ; clock           ;
;  out[13]   ; clock      ; 9.145  ; 9.304  ; Rise       ; clock           ;
;  out[14]   ; clock      ; 6.995  ; 6.908  ; Rise       ; clock           ;
;  out[15]   ; clock      ; 11.370 ; 11.187 ; Rise       ; clock           ;
;  out[16]   ; clock      ; 7.521  ; 7.504  ; Rise       ; clock           ;
;  out[17]   ; clock      ; 7.297  ; 7.299  ; Rise       ; clock           ;
;  out[18]   ; clock      ; 9.409  ; 9.297  ; Rise       ; clock           ;
;  out[19]   ; clock      ; 9.319  ; 9.213  ; Rise       ; clock           ;
;  out[20]   ; clock      ; 7.493  ; 7.482  ; Rise       ; clock           ;
;  out[21]   ; clock      ; 6.832  ; 6.814  ; Rise       ; clock           ;
;  out[22]   ; clock      ; 7.198  ; 7.173  ; Rise       ; clock           ;
;  out[23]   ; clock      ; 6.835  ; 6.819  ; Rise       ; clock           ;
;  out[24]   ; clock      ; 7.761  ; 7.741  ; Rise       ; clock           ;
;  out[25]   ; clock      ; 7.805  ; 7.788  ; Rise       ; clock           ;
;  out[26]   ; clock      ; 6.726  ; 6.710  ; Rise       ; clock           ;
;  out[27]   ; clock      ; 7.598  ; 7.590  ; Rise       ; clock           ;
;  out[28]   ; clock      ; 7.238  ; 7.267  ; Rise       ; clock           ;
;  out[29]   ; clock      ; 7.679  ; 7.655  ; Rise       ; clock           ;
;  out[30]   ; clock      ; 7.056  ; 7.022  ; Rise       ; clock           ;
;  out[31]   ; clock      ; 8.740  ; 8.785  ; Rise       ; clock           ;
+------------+------------+--------+--------+------------+-----------------+


----------------------------------------------
; Slow 1200mV 85C Model Metastability Report ;
----------------------------------------------
No synchronizer chains to report.


+-----------------------------------------------------------------------------------------------------------+
; Slow 1200mV 0C Model Fmax Summary                                                                         ;
+------------+-----------------+------------+---------------------------------------------------------------+
; Fmax       ; Restricted Fmax ; Clock Name ; Note                                                          ;
+------------+-----------------+------------+---------------------------------------------------------------+
; 379.22 MHz ; 250.0 MHz       ; clock      ; limit due to minimum period restriction (max I/O toggle rate) ;
+------------+-----------------+------------+---------------------------------------------------------------+
This panel reports FMAX for every clock in the design, regardless of the user-specified clock periods.  FMAX is only computed for paths where the source and destination registers or ports are driven by the same clock.  Paths of different clocks, including generated clocks, are ignored.  For paths between a clock and its inversion, FMAX is computed as if the rising and falling edges are scaled along with FMAX, such that the duty cycle (in terms of a percentage) is maintained. Altera recommends that you always use clock constraints and other slack reports for sign-off analysis.


+------------------------------------+
; Slow 1200mV 0C Model Setup Summary ;
+-------+--------+-------------------+
; Clock ; Slack  ; End Point TNS     ;
+-------+--------+-------------------+
; clock ; -1.637 ; -32.243           ;
+-------+--------+-------------------+


+-----------------------------------+
; Slow 1200mV 0C Model Hold Summary ;
+-------+-------+-------------------+
; Clock ; Slack ; End Point TNS     ;
+-------+-------+-------------------+
; clock ; 0.379 ; 0.000             ;
+-------+-------+-------------------+


-----------------------------------------
; Slow 1200mV 0C Model Recovery Summary ;
-----------------------------------------
No paths to report.


----------------------------------------
; Slow 1200mV 0C Model Removal Summary ;
----------------------------------------
No paths to report.


+--------------------------------------------------+
; Slow 1200mV 0C Model Minimum Pulse Width Summary ;
+-------+--------+---------------------------------+
; Clock ; Slack  ; End Point TNS                   ;
+-------+--------+---------------------------------+
; clock ; -3.000 ; -54.400                         ;
+-------+--------+---------------------------------+


+----------------------------------------------------------------------------------------------------------------------------------------------------------+
; Slow 1200mV 0C Model Setup: 'clock'                                                                                                                      ;
+--------+-------------------------------------+-------------------------------------+--------------+-------------+--------------+------------+------------+
; Slack  ; From Node                           ; To Node                             ; Launch Clock ; Latch Clock ; Relationship ; Clock Skew ; Data Delay ;
+--------+-------------------------------------+-------------------------------------+--------------+-------------+--------------+------------+------------+
; -1.637 ; lab2_LookaheadCarry:inst5|carry_out ; lab2_LookaheadCarry:inst6|carry_out ; clock        ; clock       ; 1.000        ; -0.054     ; 2.582      ;
; -1.542 ; lab2_LookaheadCarry:inst4|carry_out ; lab2_LookaheadCarry:inst5|sum[3]    ; clock        ; clock       ; 1.000        ; -0.104     ; 2.437      ;
; -1.541 ; lab2_LookaheadCarry:inst4|carry_out ; lab2_LookaheadCarry:inst5|carry_out ; clock        ; clock       ; 1.000        ; -0.104     ; 2.436      ;
; -1.535 ; lab2_LookaheadCarry:inst4|carry_out ; lab2_LookaheadCarry:inst5|sum[2]    ; clock        ; clock       ; 1.000        ; -0.104     ; 2.430      ;
; -1.504 ; lab2_LookaheadCarry:inst2|carry_out ; lab2_LookaheadCarry:inst3|carry_out ; clock        ; clock       ; 1.000        ; -0.077     ; 2.426      ;
; -1.470 ; lab2_LookaheadCarry:inst5|carry_out ; lab2_LookaheadCarry:inst6|sum[3]    ; clock        ; clock       ; 1.000        ; -0.055     ; 2.414      ;
; -1.451 ; lab2_LookaheadCarry:inst5|carry_out ; lab2_LookaheadCarry:inst6|sum[2]    ; clock        ; clock       ; 1.000        ; -0.055     ; 2.395      ;
; -1.329 ; lab2_LookaheadCarry:inst2|carry_out ; lab2_LookaheadCarry:inst3|sum[3]    ; clock        ; clock       ; 1.000        ; -0.076     ; 2.252      ;
; -1.307 ; lab2_LookaheadCarry:inst2|carry_out ; lab2_LookaheadCarry:inst3|sum[2]    ; clock        ; clock       ; 1.000        ; -0.076     ; 2.230      ;
; -1.274 ; lab2_LookaheadCarry:inst6|carry_out ; lab2_LookaheadCarry:inst7|sum[3]    ; clock        ; clock       ; 1.000        ; -0.073     ; 2.200      ;
; -1.218 ; lab2_LookaheadCarry:inst6|carry_out ; lab2_LookaheadCarry:inst7|carry_out ; clock        ; clock       ; 1.000        ; -0.073     ; 2.144      ;
; -1.203 ; lab2_LookaheadCarry:inst4|carry_out ; lab2_LookaheadCarry:inst5|sum[0]    ; clock        ; clock       ; 1.000        ; -0.104     ; 2.098      ;
; -1.201 ; lab2_LookaheadCarry:inst4|carry_out ; lab2_LookaheadCarry:inst5|sum[1]    ; clock        ; clock       ; 1.000        ; -0.104     ; 2.096      ;
; -1.143 ; lab2_LookaheadCarry:inst2|carry_out ; lab2_LookaheadCarry:inst3|sum[0]    ; clock        ; clock       ; 1.000        ; -0.076     ; 2.066      ;
; -1.137 ; lab2_LookaheadCarry:inst2|carry_out ; lab2_LookaheadCarry:inst3|sum[1]    ; clock        ; clock       ; 1.000        ; -0.076     ; 2.060      ;
; -1.120 ; lab2_LookaheadCarry:inst5|carry_out ; lab2_LookaheadCarry:inst6|sum[1]    ; clock        ; clock       ; 1.000        ; -0.055     ; 2.064      ;
; -1.116 ; lab2_LookaheadCarry:inst5|carry_out ; lab2_LookaheadCarry:inst6|sum[0]    ; clock        ; clock       ; 1.000        ; -0.055     ; 2.060      ;
; -1.063 ; lab2_LookaheadCarry:inst3|carry_out ; lab2_LookaheadCarry:inst4|carry_out ; clock        ; clock       ; 1.000        ; -0.073     ; 1.989      ;
; -1.044 ; lab2_LookaheadCarry:inst3|carry_out ; lab2_LookaheadCarry:inst4|sum[3]    ; clock        ; clock       ; 1.000        ; -0.073     ; 1.970      ;
; -0.940 ; lab2_LookaheadCarry:inst|carry_out  ; lab2_LookaheadCarry:inst2|sum[3]    ; clock        ; clock       ; 1.000        ; -0.072     ; 1.867      ;
; -0.862 ; lab2_LookaheadCarry:inst7|carry_out ; lab2_LookaheadCarry:inst8|carry_out ; clock        ; clock       ; 1.000        ; -0.077     ; 1.784      ;
; -0.862 ; lab2_LookaheadCarry:inst7|carry_out ; lab2_LookaheadCarry:inst8|sum[3]    ; clock        ; clock       ; 1.000        ; -0.077     ; 1.784      ;
; -0.849 ; lab2_LookaheadCarry:inst7|carry_out ; lab2_LookaheadCarry:inst8|sum[2]    ; clock        ; clock       ; 1.000        ; -0.077     ; 1.771      ;
; -0.654 ; lab2_LookaheadCarry:inst|carry_out  ; lab2_LookaheadCarry:inst2|carry_out ; clock        ; clock       ; 1.000        ; -0.072     ; 1.581      ;
; -0.621 ; lab2_LookaheadCarry:inst|carry_out  ; lab2_LookaheadCarry:inst2|sum[2]    ; clock        ; clock       ; 1.000        ; -0.072     ; 1.548      ;
; -0.562 ; lab2_LookaheadCarry:inst6|carry_out ; lab2_LookaheadCarry:inst7|sum[2]    ; clock        ; clock       ; 1.000        ; -0.073     ; 1.488      ;
; -0.493 ; lab2_LookaheadCarry:inst7|carry_out ; lab2_LookaheadCarry:inst8|sum[1]    ; clock        ; clock       ; 1.000        ; -0.077     ; 1.415      ;
; -0.461 ; lab2_LookaheadCarry:inst|carry_out  ; lab2_LookaheadCarry:inst2|sum[1]    ; clock        ; clock       ; 1.000        ; -0.072     ; 1.388      ;
; -0.428 ; lab2_LookaheadCarry:inst7|carry_out ; lab2_LookaheadCarry:inst8|sum[0]    ; clock        ; clock       ; 1.000        ; -0.077     ; 1.350      ;
; -0.293 ; lab2_LookaheadCarry:inst|carry_out  ; lab2_LookaheadCarry:inst2|sum[0]    ; clock        ; clock       ; 1.000        ; -0.072     ; 1.220      ;
; -0.146 ; lab2_LookaheadCarry:inst3|carry_out ; lab2_LookaheadCarry:inst4|sum[2]    ; clock        ; clock       ; 1.000        ; -0.073     ; 1.072      ;
; -0.123 ; lab2_LookaheadCarry:inst6|carry_out ; lab2_LookaheadCarry:inst7|sum[0]    ; clock        ; clock       ; 1.000        ; -0.073     ; 1.049      ;
; -0.114 ; lab2_LookaheadCarry:inst6|carry_out ; lab2_LookaheadCarry:inst7|sum[1]    ; clock        ; clock       ; 1.000        ; -0.073     ; 1.040      ;
; 0.172  ; lab2_LookaheadCarry:inst3|carry_out ; lab2_LookaheadCarry:inst4|sum[1]    ; clock        ; clock       ; 1.000        ; -0.073     ; 0.754      ;
; 0.173  ; lab2_LookaheadCarry:inst3|carry_out ; lab2_LookaheadCarry:inst4|sum[0]    ; clock        ; clock       ; 1.000        ; -0.073     ; 0.753      ;
+--------+-------------------------------------+-------------------------------------+--------------+-------------+--------------+------------+------------+


+---------------------------------------------------------------------------------------------------------------------------------------------------------+
; Slow 1200mV 0C Model Hold: 'clock'                                                                                                                      ;
+-------+-------------------------------------+-------------------------------------+--------------+-------------+--------------+------------+------------+
; Slack ; From Node                           ; To Node                             ; Launch Clock ; Latch Clock ; Relationship ; Clock Skew ; Data Delay ;
+-------+-------------------------------------+-------------------------------------+--------------+-------------+--------------+------------+------------+
; 0.379 ; lab2_LookaheadCarry:inst3|carry_out ; lab2_LookaheadCarry:inst4|sum[0]    ; clock        ; clock       ; 0.000        ; 0.073      ; 0.643      ;
; 0.380 ; lab2_LookaheadCarry:inst3|carry_out ; lab2_LookaheadCarry:inst4|sum[1]    ; clock        ; clock       ; 0.000        ; 0.073      ; 0.644      ;
; 0.586 ; lab2_LookaheadCarry:inst6|carry_out ; lab2_LookaheadCarry:inst7|sum[0]    ; clock        ; clock       ; 0.000        ; 0.073      ; 0.850      ;
; 0.603 ; lab2_LookaheadCarry:inst6|carry_out ; lab2_LookaheadCarry:inst7|sum[1]    ; clock        ; clock       ; 0.000        ; 0.073      ; 0.867      ;
; 0.701 ; lab2_LookaheadCarry:inst3|carry_out ; lab2_LookaheadCarry:inst4|sum[2]    ; clock        ; clock       ; 0.000        ; 0.073      ; 0.965      ;
; 0.859 ; lab2_LookaheadCarry:inst|carry_out  ; lab2_LookaheadCarry:inst2|sum[0]    ; clock        ; clock       ; 0.000        ; 0.072      ; 1.122      ;
; 0.918 ; lab2_LookaheadCarry:inst7|carry_out ; lab2_LookaheadCarry:inst8|sum[0]    ; clock        ; clock       ; 0.000        ; 0.069      ; 1.178      ;
; 0.948 ; lab2_LookaheadCarry:inst|carry_out  ; lab2_LookaheadCarry:inst2|sum[1]    ; clock        ; clock       ; 0.000        ; 0.072      ; 1.211      ;
; 0.972 ; lab2_LookaheadCarry:inst7|carry_out ; lab2_LookaheadCarry:inst8|sum[1]    ; clock        ; clock       ; 0.000        ; 0.069      ; 1.232      ;
; 1.004 ; lab2_LookaheadCarry:inst6|carry_out ; lab2_LookaheadCarry:inst7|sum[2]    ; clock        ; clock       ; 0.000        ; 0.073      ; 1.268      ;
; 1.165 ; lab2_LookaheadCarry:inst|carry_out  ; lab2_LookaheadCarry:inst2|carry_out ; clock        ; clock       ; 0.000        ; 0.072      ; 1.428      ;
; 1.174 ; lab2_LookaheadCarry:inst|carry_out  ; lab2_LookaheadCarry:inst2|sum[2]    ; clock        ; clock       ; 0.000        ; 0.072      ; 1.437      ;
; 1.357 ; lab2_LookaheadCarry:inst7|carry_out ; lab2_LookaheadCarry:inst8|sum[2]    ; clock        ; clock       ; 0.000        ; 0.069      ; 1.617      ;
; 1.366 ; lab2_LookaheadCarry:inst7|carry_out ; lab2_LookaheadCarry:inst8|sum[3]    ; clock        ; clock       ; 0.000        ; 0.069      ; 1.626      ;
; 1.370 ; lab2_LookaheadCarry:inst|carry_out  ; lab2_LookaheadCarry:inst2|sum[3]    ; clock        ; clock       ; 0.000        ; 0.072      ; 1.633      ;
; 1.381 ; lab2_LookaheadCarry:inst7|carry_out ; lab2_LookaheadCarry:inst8|carry_out ; clock        ; clock       ; 0.000        ; 0.069      ; 1.641      ;
; 1.433 ; lab2_LookaheadCarry:inst3|carry_out ; lab2_LookaheadCarry:inst4|sum[3]    ; clock        ; clock       ; 0.000        ; 0.073      ; 1.697      ;
; 1.463 ; lab2_LookaheadCarry:inst3|carry_out ; lab2_LookaheadCarry:inst4|carry_out ; clock        ; clock       ; 0.000        ; 0.073      ; 1.727      ;
; 1.571 ; lab2_LookaheadCarry:inst2|carry_out ; lab2_LookaheadCarry:inst3|sum[1]    ; clock        ; clock       ; 0.000        ; 0.111      ; 1.873      ;
; 1.572 ; lab2_LookaheadCarry:inst2|carry_out ; lab2_LookaheadCarry:inst3|sum[0]    ; clock        ; clock       ; 0.000        ; 0.111      ; 1.874      ;
; 1.631 ; lab2_LookaheadCarry:inst5|carry_out ; lab2_LookaheadCarry:inst6|sum[0]    ; clock        ; clock       ; 0.000        ; 0.090      ; 1.912      ;
; 1.634 ; lab2_LookaheadCarry:inst6|carry_out ; lab2_LookaheadCarry:inst7|carry_out ; clock        ; clock       ; 0.000        ; 0.073      ; 1.898      ;
; 1.635 ; lab2_LookaheadCarry:inst5|carry_out ; lab2_LookaheadCarry:inst6|sum[1]    ; clock        ; clock       ; 0.000        ; 0.090      ; 1.916      ;
; 1.689 ; lab2_LookaheadCarry:inst6|carry_out ; lab2_LookaheadCarry:inst7|sum[3]    ; clock        ; clock       ; 0.000        ; 0.073      ; 1.953      ;
; 1.689 ; lab2_LookaheadCarry:inst4|carry_out ; lab2_LookaheadCarry:inst5|sum[1]    ; clock        ; clock       ; 0.000        ; 0.083      ; 1.963      ;
; 1.691 ; lab2_LookaheadCarry:inst4|carry_out ; lab2_LookaheadCarry:inst5|sum[0]    ; clock        ; clock       ; 0.000        ; 0.083      ; 1.965      ;
; 1.810 ; lab2_LookaheadCarry:inst2|carry_out ; lab2_LookaheadCarry:inst3|sum[2]    ; clock        ; clock       ; 0.000        ; 0.111      ; 2.112      ;
; 1.831 ; lab2_LookaheadCarry:inst2|carry_out ; lab2_LookaheadCarry:inst3|sum[3]    ; clock        ; clock       ; 0.000        ; 0.111      ; 2.133      ;
; 1.938 ; lab2_LookaheadCarry:inst5|carry_out ; lab2_LookaheadCarry:inst6|sum[2]    ; clock        ; clock       ; 0.000        ; 0.090      ; 2.219      ;
; 1.955 ; lab2_LookaheadCarry:inst5|carry_out ; lab2_LookaheadCarry:inst6|sum[3]    ; clock        ; clock       ; 0.000        ; 0.090      ; 2.236      ;
; 1.969 ; lab2_LookaheadCarry:inst2|carry_out ; lab2_LookaheadCarry:inst3|carry_out ; clock        ; clock       ; 0.000        ; 0.110      ; 2.270      ;
; 1.995 ; lab2_LookaheadCarry:inst4|carry_out ; lab2_LookaheadCarry:inst5|sum[2]    ; clock        ; clock       ; 0.000        ; 0.083      ; 2.269      ;
; 2.003 ; lab2_LookaheadCarry:inst4|carry_out ; lab2_LookaheadCarry:inst5|carry_out ; clock        ; clock       ; 0.000        ; 0.083      ; 2.277      ;
; 2.004 ; lab2_LookaheadCarry:inst4|carry_out ; lab2_LookaheadCarry:inst5|sum[3]    ; clock        ; clock       ; 0.000        ; 0.083      ; 2.278      ;
; 2.080 ; lab2_LookaheadCarry:inst5|carry_out ; lab2_LookaheadCarry:inst6|carry_out ; clock        ; clock       ; 0.000        ; 0.091      ; 2.362      ;
+-------+-------------------------------------+-------------------------------------+--------------+-------------+--------------+------------+------------+


+----------------------------------------------------------------------------------------------------------------------+
; Slow 1200mV 0C Model Minimum Pulse Width: 'clock'                                                                    ;
+--------+--------------+----------------+------------------+-------+------------+-------------------------------------+
; Slack  ; Actual Width ; Required Width ; Type             ; Clock ; Clock Edge ; Target                              ;
+--------+--------------+----------------+------------------+-------+------------+-------------------------------------+
; -3.000 ; 1.000        ; 4.000          ; Port Rate        ; clock ; Rise       ; clock                               ;
; -1.285 ; 1.000        ; 2.285          ; Min Period       ; clock ; Rise       ; lab2_LookaheadCarry:inst2|carry_out ;
; -1.285 ; 1.000        ; 2.285          ; Min Period       ; clock ; Rise       ; lab2_LookaheadCarry:inst2|sum[0]    ;
; -1.285 ; 1.000        ; 2.285          ; Min Period       ; clock ; Rise       ; lab2_LookaheadCarry:inst2|sum[1]    ;
; -1.285 ; 1.000        ; 2.285          ; Min Period       ; clock ; Rise       ; lab2_LookaheadCarry:inst2|sum[2]    ;
; -1.285 ; 1.000        ; 2.285          ; Min Period       ; clock ; Rise       ; lab2_LookaheadCarry:inst2|sum[3]    ;
; -1.285 ; 1.000        ; 2.285          ; Min Period       ; clock ; Rise       ; lab2_LookaheadCarry:inst3|carry_out ;
; -1.285 ; 1.000        ; 2.285          ; Min Period       ; clock ; Rise       ; lab2_LookaheadCarry:inst3|sum[0]    ;
; -1.285 ; 1.000        ; 2.285          ; Min Period       ; clock ; Rise       ; lab2_LookaheadCarry:inst3|sum[1]    ;
; -1.285 ; 1.000        ; 2.285          ; Min Period       ; clock ; Rise       ; lab2_LookaheadCarry:inst3|sum[2]    ;
; -1.285 ; 1.000        ; 2.285          ; Min Period       ; clock ; Rise       ; lab2_LookaheadCarry:inst3|sum[3]    ;
; -1.285 ; 1.000        ; 2.285          ; Min Period       ; clock ; Rise       ; lab2_LookaheadCarry:inst4|carry_out ;
; -1.285 ; 1.000        ; 2.285          ; Min Period       ; clock ; Rise       ; lab2_LookaheadCarry:inst4|sum[0]    ;
; -1.285 ; 1.000        ; 2.285          ; Min Period       ; clock ; Rise       ; lab2_LookaheadCarry:inst4|sum[1]    ;
; -1.285 ; 1.000        ; 2.285          ; Min Period       ; clock ; Rise       ; lab2_LookaheadCarry:inst4|sum[2]    ;
; -1.285 ; 1.000        ; 2.285          ; Min Period       ; clock ; Rise       ; lab2_LookaheadCarry:inst4|sum[3]    ;
; -1.285 ; 1.000        ; 2.285          ; Min Period       ; clock ; Rise       ; lab2_LookaheadCarry:inst5|carry_out ;
; -1.285 ; 1.000        ; 2.285          ; Min Period       ; clock ; Rise       ; lab2_LookaheadCarry:inst5|sum[0]    ;
; -1.285 ; 1.000        ; 2.285          ; Min Period       ; clock ; Rise       ; lab2_LookaheadCarry:inst5|sum[1]    ;
; -1.285 ; 1.000        ; 2.285          ; Min Period       ; clock ; Rise       ; lab2_LookaheadCarry:inst5|sum[2]    ;
; -1.285 ; 1.000        ; 2.285          ; Min Period       ; clock ; Rise       ; lab2_LookaheadCarry:inst5|sum[3]    ;
; -1.285 ; 1.000        ; 2.285          ; Min Period       ; clock ; Rise       ; lab2_LookaheadCarry:inst6|carry_out ;
; -1.285 ; 1.000        ; 2.285          ; Min Period       ; clock ; Rise       ; lab2_LookaheadCarry:inst6|sum[0]    ;
; -1.285 ; 1.000        ; 2.285          ; Min Period       ; clock ; Rise       ; lab2_LookaheadCarry:inst6|sum[1]    ;
; -1.285 ; 1.000        ; 2.285          ; Min Period       ; clock ; Rise       ; lab2_LookaheadCarry:inst6|sum[2]    ;
; -1.285 ; 1.000        ; 2.285          ; Min Period       ; clock ; Rise       ; lab2_LookaheadCarry:inst6|sum[3]    ;
; -1.285 ; 1.000        ; 2.285          ; Min Period       ; clock ; Rise       ; lab2_LookaheadCarry:inst7|carry_out ;
; -1.285 ; 1.000        ; 2.285          ; Min Period       ; clock ; Rise       ; lab2_LookaheadCarry:inst7|sum[0]    ;
; -1.285 ; 1.000        ; 2.285          ; Min Period       ; clock ; Rise       ; lab2_LookaheadCarry:inst7|sum[1]    ;
; -1.285 ; 1.000        ; 2.285          ; Min Period       ; clock ; Rise       ; lab2_LookaheadCarry:inst7|sum[2]    ;
; -1.285 ; 1.000        ; 2.285          ; Min Period       ; clock ; Rise       ; lab2_LookaheadCarry:inst7|sum[3]    ;
; -1.285 ; 1.000        ; 2.285          ; Min Period       ; clock ; Rise       ; lab2_LookaheadCarry:inst8|carry_out ;
; -1.285 ; 1.000        ; 2.285          ; Min Period       ; clock ; Rise       ; lab2_LookaheadCarry:inst8|sum[0]    ;
; -1.285 ; 1.000        ; 2.285          ; Min Period       ; clock ; Rise       ; lab2_LookaheadCarry:inst8|sum[1]    ;
; -1.285 ; 1.000        ; 2.285          ; Min Period       ; clock ; Rise       ; lab2_LookaheadCarry:inst8|sum[2]    ;
; -1.285 ; 1.000        ; 2.285          ; Min Period       ; clock ; Rise       ; lab2_LookaheadCarry:inst8|sum[3]    ;
; -1.285 ; 1.000        ; 2.285          ; Min Period       ; clock ; Rise       ; lab2_LookaheadCarry:inst|carry_out  ;
; -1.285 ; 1.000        ; 2.285          ; Min Period       ; clock ; Rise       ; lab2_LookaheadCarry:inst|sum[0]     ;
; -1.285 ; 1.000        ; 2.285          ; Min Period       ; clock ; Rise       ; lab2_LookaheadCarry:inst|sum[1]     ;
; -1.285 ; 1.000        ; 2.285          ; Min Period       ; clock ; Rise       ; lab2_LookaheadCarry:inst|sum[2]     ;
; -1.285 ; 1.000        ; 2.285          ; Min Period       ; clock ; Rise       ; lab2_LookaheadCarry:inst|sum[3]     ;
; 0.275  ; 0.461        ; 0.186          ; Low Pulse Width  ; clock ; Rise       ; lab2_LookaheadCarry:inst6|sum[0]    ;
; 0.275  ; 0.461        ; 0.186          ; Low Pulse Width  ; clock ; Rise       ; lab2_LookaheadCarry:inst6|sum[1]    ;
; 0.275  ; 0.461        ; 0.186          ; Low Pulse Width  ; clock ; Rise       ; lab2_LookaheadCarry:inst6|sum[2]    ;
; 0.275  ; 0.461        ; 0.186          ; Low Pulse Width  ; clock ; Rise       ; lab2_LookaheadCarry:inst6|sum[3]    ;
; 0.275  ; 0.461        ; 0.186          ; Low Pulse Width  ; clock ; Rise       ; lab2_LookaheadCarry:inst8|carry_out ;
; 0.275  ; 0.461        ; 0.186          ; Low Pulse Width  ; clock ; Rise       ; lab2_LookaheadCarry:inst8|sum[0]    ;
; 0.275  ; 0.461        ; 0.186          ; Low Pulse Width  ; clock ; Rise       ; lab2_LookaheadCarry:inst8|sum[1]    ;
; 0.275  ; 0.461        ; 0.186          ; Low Pulse Width  ; clock ; Rise       ; lab2_LookaheadCarry:inst8|sum[2]    ;
; 0.275  ; 0.461        ; 0.186          ; Low Pulse Width  ; clock ; Rise       ; lab2_LookaheadCarry:inst8|sum[3]    ;
; 0.276  ; 0.462        ; 0.186          ; Low Pulse Width  ; clock ; Rise       ; lab2_LookaheadCarry:inst5|carry_out ;
; 0.276  ; 0.462        ; 0.186          ; Low Pulse Width  ; clock ; Rise       ; lab2_LookaheadCarry:inst5|sum[0]    ;
; 0.276  ; 0.462        ; 0.186          ; Low Pulse Width  ; clock ; Rise       ; lab2_LookaheadCarry:inst5|sum[1]    ;
; 0.276  ; 0.462        ; 0.186          ; Low Pulse Width  ; clock ; Rise       ; lab2_LookaheadCarry:inst5|sum[2]    ;
; 0.276  ; 0.462        ; 0.186          ; Low Pulse Width  ; clock ; Rise       ; lab2_LookaheadCarry:inst5|sum[3]    ;
; 0.276  ; 0.462        ; 0.186          ; Low Pulse Width  ; clock ; Rise       ; lab2_LookaheadCarry:inst6|carry_out ;
; 0.276  ; 0.462        ; 0.186          ; Low Pulse Width  ; clock ; Rise       ; lab2_LookaheadCarry:inst7|carry_out ;
; 0.276  ; 0.462        ; 0.186          ; Low Pulse Width  ; clock ; Rise       ; lab2_LookaheadCarry:inst7|sum[0]    ;
; 0.276  ; 0.462        ; 0.186          ; Low Pulse Width  ; clock ; Rise       ; lab2_LookaheadCarry:inst7|sum[1]    ;
; 0.276  ; 0.462        ; 0.186          ; Low Pulse Width  ; clock ; Rise       ; lab2_LookaheadCarry:inst7|sum[2]    ;
; 0.276  ; 0.462        ; 0.186          ; Low Pulse Width  ; clock ; Rise       ; lab2_LookaheadCarry:inst7|sum[3]    ;
; 0.279  ; 0.465        ; 0.186          ; Low Pulse Width  ; clock ; Rise       ; lab2_LookaheadCarry:inst3|carry_out ;
; 0.279  ; 0.465        ; 0.186          ; Low Pulse Width  ; clock ; Rise       ; lab2_LookaheadCarry:inst3|sum[0]    ;
; 0.279  ; 0.465        ; 0.186          ; Low Pulse Width  ; clock ; Rise       ; lab2_LookaheadCarry:inst3|sum[1]    ;
; 0.279  ; 0.465        ; 0.186          ; Low Pulse Width  ; clock ; Rise       ; lab2_LookaheadCarry:inst3|sum[2]    ;
; 0.279  ; 0.465        ; 0.186          ; Low Pulse Width  ; clock ; Rise       ; lab2_LookaheadCarry:inst3|sum[3]    ;
; 0.279  ; 0.465        ; 0.186          ; Low Pulse Width  ; clock ; Rise       ; lab2_LookaheadCarry:inst4|carry_out ;
; 0.279  ; 0.465        ; 0.186          ; Low Pulse Width  ; clock ; Rise       ; lab2_LookaheadCarry:inst4|sum[0]    ;
; 0.279  ; 0.465        ; 0.186          ; Low Pulse Width  ; clock ; Rise       ; lab2_LookaheadCarry:inst4|sum[1]    ;
; 0.279  ; 0.465        ; 0.186          ; Low Pulse Width  ; clock ; Rise       ; lab2_LookaheadCarry:inst4|sum[2]    ;
; 0.279  ; 0.465        ; 0.186          ; Low Pulse Width  ; clock ; Rise       ; lab2_LookaheadCarry:inst4|sum[3]    ;
; 0.280  ; 0.466        ; 0.186          ; Low Pulse Width  ; clock ; Rise       ; lab2_LookaheadCarry:inst2|carry_out ;
; 0.280  ; 0.466        ; 0.186          ; Low Pulse Width  ; clock ; Rise       ; lab2_LookaheadCarry:inst2|sum[0]    ;
; 0.280  ; 0.466        ; 0.186          ; Low Pulse Width  ; clock ; Rise       ; lab2_LookaheadCarry:inst2|sum[1]    ;
; 0.280  ; 0.466        ; 0.186          ; Low Pulse Width  ; clock ; Rise       ; lab2_LookaheadCarry:inst2|sum[2]    ;
; 0.280  ; 0.466        ; 0.186          ; Low Pulse Width  ; clock ; Rise       ; lab2_LookaheadCarry:inst2|sum[3]    ;
; 0.280  ; 0.466        ; 0.186          ; Low Pulse Width  ; clock ; Rise       ; lab2_LookaheadCarry:inst|carry_out  ;
; 0.280  ; 0.466        ; 0.186          ; Low Pulse Width  ; clock ; Rise       ; lab2_LookaheadCarry:inst|sum[0]     ;
; 0.280  ; 0.466        ; 0.186          ; Low Pulse Width  ; clock ; Rise       ; lab2_LookaheadCarry:inst|sum[1]     ;
; 0.280  ; 0.466        ; 0.186          ; Low Pulse Width  ; clock ; Rise       ; lab2_LookaheadCarry:inst|sum[2]     ;
; 0.280  ; 0.466        ; 0.186          ; Low Pulse Width  ; clock ; Rise       ; lab2_LookaheadCarry:inst|sum[3]     ;
; 0.314  ; 0.532        ; 0.218          ; High Pulse Width ; clock ; Rise       ; lab2_LookaheadCarry:inst2|carry_out ;
; 0.314  ; 0.532        ; 0.218          ; High Pulse Width ; clock ; Rise       ; lab2_LookaheadCarry:inst2|sum[0]    ;
; 0.314  ; 0.532        ; 0.218          ; High Pulse Width ; clock ; Rise       ; lab2_LookaheadCarry:inst2|sum[1]    ;
; 0.314  ; 0.532        ; 0.218          ; High Pulse Width ; clock ; Rise       ; lab2_LookaheadCarry:inst2|sum[2]    ;
; 0.314  ; 0.532        ; 0.218          ; High Pulse Width ; clock ; Rise       ; lab2_LookaheadCarry:inst2|sum[3]    ;
; 0.314  ; 0.532        ; 0.218          ; High Pulse Width ; clock ; Rise       ; lab2_LookaheadCarry:inst|carry_out  ;
; 0.314  ; 0.532        ; 0.218          ; High Pulse Width ; clock ; Rise       ; lab2_LookaheadCarry:inst|sum[0]     ;
; 0.314  ; 0.532        ; 0.218          ; High Pulse Width ; clock ; Rise       ; lab2_LookaheadCarry:inst|sum[1]     ;
; 0.314  ; 0.532        ; 0.218          ; High Pulse Width ; clock ; Rise       ; lab2_LookaheadCarry:inst|sum[2]     ;
; 0.314  ; 0.532        ; 0.218          ; High Pulse Width ; clock ; Rise       ; lab2_LookaheadCarry:inst|sum[3]     ;
; 0.315  ; 0.533        ; 0.218          ; High Pulse Width ; clock ; Rise       ; lab2_LookaheadCarry:inst3|carry_out ;
; 0.315  ; 0.533        ; 0.218          ; High Pulse Width ; clock ; Rise       ; lab2_LookaheadCarry:inst3|sum[0]    ;
; 0.315  ; 0.533        ; 0.218          ; High Pulse Width ; clock ; Rise       ; lab2_LookaheadCarry:inst3|sum[1]    ;
; 0.315  ; 0.533        ; 0.218          ; High Pulse Width ; clock ; Rise       ; lab2_LookaheadCarry:inst3|sum[2]    ;
; 0.315  ; 0.533        ; 0.218          ; High Pulse Width ; clock ; Rise       ; lab2_LookaheadCarry:inst3|sum[3]    ;
; 0.315  ; 0.533        ; 0.218          ; High Pulse Width ; clock ; Rise       ; lab2_LookaheadCarry:inst4|carry_out ;
; 0.315  ; 0.533        ; 0.218          ; High Pulse Width ; clock ; Rise       ; lab2_LookaheadCarry:inst4|sum[0]    ;
; 0.315  ; 0.533        ; 0.218          ; High Pulse Width ; clock ; Rise       ; lab2_LookaheadCarry:inst4|sum[1]    ;
; 0.315  ; 0.533        ; 0.218          ; High Pulse Width ; clock ; Rise       ; lab2_LookaheadCarry:inst4|sum[2]    ;
+--------+--------------+----------------+------------------+-------+------------+-------------------------------------+


+-----------------------------------------------------------------------+
; Setup Times                                                           ;
+-----------+------------+-------+-------+------------+-----------------+
; Data Port ; Clock Port ; Rise  ; Fall  ; Clock Edge ; Clock Reference ;
+-----------+------------+-------+-------+------------+-----------------+
; a[*]      ; clock      ; 3.756 ; 4.075 ; Rise       ; clock           ;
;  a[0]     ; clock      ; 3.146 ; 3.340 ; Rise       ; clock           ;
;  a[1]     ; clock      ; 2.908 ; 3.173 ; Rise       ; clock           ;
;  a[2]     ; clock      ; 3.477 ; 3.697 ; Rise       ; clock           ;
;  a[3]     ; clock      ; 1.604 ; 1.856 ; Rise       ; clock           ;
;  a[4]     ; clock      ; 2.260 ; 2.573 ; Rise       ; clock           ;
;  a[5]     ; clock      ; 2.337 ; 2.538 ; Rise       ; clock           ;
;  a[6]     ; clock      ; 2.210 ; 2.483 ; Rise       ; clock           ;
;  a[7]     ; clock      ; 2.584 ; 2.789 ; Rise       ; clock           ;
;  a[8]     ; clock      ; 2.152 ; 2.370 ; Rise       ; clock           ;
;  a[9]     ; clock      ; 2.814 ; 3.055 ; Rise       ; clock           ;
;  a[10]    ; clock      ; 2.098 ; 2.356 ; Rise       ; clock           ;
;  a[11]    ; clock      ; 2.216 ; 2.460 ; Rise       ; clock           ;
;  a[12]    ; clock      ; 2.478 ; 2.828 ; Rise       ; clock           ;
;  a[13]    ; clock      ; 1.543 ; 1.832 ; Rise       ; clock           ;
;  a[14]    ; clock      ; 2.252 ; 2.574 ; Rise       ; clock           ;
;  a[15]    ; clock      ; 1.619 ; 1.866 ; Rise       ; clock           ;
;  a[16]    ; clock      ; 2.123 ; 2.450 ; Rise       ; clock           ;
;  a[17]    ; clock      ; 2.657 ; 2.917 ; Rise       ; clock           ;
;  a[18]    ; clock      ; 2.757 ; 3.014 ; Rise       ; clock           ;
;  a[19]    ; clock      ; 3.276 ; 3.533 ; Rise       ; clock           ;
;  a[20]    ; clock      ; 1.663 ; 1.957 ; Rise       ; clock           ;
;  a[21]    ; clock      ; 2.051 ; 2.323 ; Rise       ; clock           ;
;  a[22]    ; clock      ; 2.230 ; 2.496 ; Rise       ; clock           ;
;  a[23]    ; clock      ; 2.408 ; 2.640 ; Rise       ; clock           ;
;  a[24]    ; clock      ; 2.258 ; 2.466 ; Rise       ; clock           ;
;  a[25]    ; clock      ; 1.907 ; 2.178 ; Rise       ; clock           ;
;  a[26]    ; clock      ; 2.313 ; 2.571 ; Rise       ; clock           ;
;  a[27]    ; clock      ; 1.978 ; 2.209 ; Rise       ; clock           ;
;  a[28]    ; clock      ; 2.217 ; 2.457 ; Rise       ; clock           ;
;  a[29]    ; clock      ; 2.675 ; 2.943 ; Rise       ; clock           ;
;  a[30]    ; clock      ; 1.126 ; 1.230 ; Rise       ; clock           ;
;  a[31]    ; clock      ; 3.756 ; 4.075 ; Rise       ; clock           ;
; b[*]      ; clock      ; 4.091 ; 4.414 ; Rise       ; clock           ;
;  b[0]     ; clock      ; 2.649 ; 2.856 ; Rise       ; clock           ;
;  b[1]     ; clock      ; 3.582 ; 3.814 ; Rise       ; clock           ;
;  b[2]     ; clock      ; 3.201 ; 3.430 ; Rise       ; clock           ;
;  b[3]     ; clock      ; 3.376 ; 3.692 ; Rise       ; clock           ;
;  b[4]     ; clock      ; 2.222 ; 2.476 ; Rise       ; clock           ;
;  b[5]     ; clock      ; 2.597 ; 2.805 ; Rise       ; clock           ;
;  b[6]     ; clock      ; 4.091 ; 4.414 ; Rise       ; clock           ;
;  b[7]     ; clock      ; 2.449 ; 2.695 ; Rise       ; clock           ;
;  b[8]     ; clock      ; 2.396 ; 2.627 ; Rise       ; clock           ;
;  b[9]     ; clock      ; 2.155 ; 2.406 ; Rise       ; clock           ;
;  b[10]    ; clock      ; 2.819 ; 3.000 ; Rise       ; clock           ;
;  b[11]    ; clock      ; 2.877 ; 3.131 ; Rise       ; clock           ;
;  b[12]    ; clock      ; 2.223 ; 2.600 ; Rise       ; clock           ;
;  b[13]    ; clock      ; 1.931 ; 2.171 ; Rise       ; clock           ;
;  b[14]    ; clock      ; 2.535 ; 2.730 ; Rise       ; clock           ;
;  b[15]    ; clock      ; 1.845 ; 2.048 ; Rise       ; clock           ;
;  b[16]    ; clock      ; 3.451 ; 3.799 ; Rise       ; clock           ;
;  b[17]    ; clock      ; 2.832 ; 3.035 ; Rise       ; clock           ;
;  b[18]    ; clock      ; 2.583 ; 2.865 ; Rise       ; clock           ;
;  b[19]    ; clock      ; 4.048 ; 4.406 ; Rise       ; clock           ;
;  b[20]    ; clock      ; 3.419 ; 3.784 ; Rise       ; clock           ;
;  b[21]    ; clock      ; 2.149 ; 2.383 ; Rise       ; clock           ;
;  b[22]    ; clock      ; 2.399 ; 2.654 ; Rise       ; clock           ;
;  b[23]    ; clock      ; 2.491 ; 2.730 ; Rise       ; clock           ;
;  b[24]    ; clock      ; 2.351 ; 2.579 ; Rise       ; clock           ;
;  b[25]    ; clock      ; 1.741 ; 2.001 ; Rise       ; clock           ;
;  b[26]    ; clock      ; 2.117 ; 2.399 ; Rise       ; clock           ;
;  b[27]    ; clock      ; 2.533 ; 2.812 ; Rise       ; clock           ;
;  b[28]    ; clock      ; 2.155 ; 2.445 ; Rise       ; clock           ;
;  b[29]    ; clock      ; 2.402 ; 2.609 ; Rise       ; clock           ;
;  b[30]    ; clock      ; 1.264 ; 1.358 ; Rise       ; clock           ;
;  b[31]    ; clock      ; 2.250 ; 2.530 ; Rise       ; clock           ;
; c0        ; clock      ; 2.517 ; 2.771 ; Rise       ; clock           ;
+-----------+------------+-------+-------+------------+-----------------+


+-------------------------------------------------------------------------+
; Hold Times                                                              ;
+-----------+------------+--------+--------+------------+-----------------+
; Data Port ; Clock Port ; Rise   ; Fall   ; Clock Edge ; Clock Reference ;
+-----------+------------+--------+--------+------------+-----------------+
; a[*]      ; clock      ; -0.105 ; -0.209 ; Rise       ; clock           ;
;  a[0]     ; clock      ; -0.955 ; -1.158 ; Rise       ; clock           ;
;  a[1]     ; clock      ; -0.957 ; -1.194 ; Rise       ; clock           ;
;  a[2]     ; clock      ; -0.800 ; -1.045 ; Rise       ; clock           ;
;  a[3]     ; clock      ; -0.638 ; -0.850 ; Rise       ; clock           ;
;  a[4]     ; clock      ; -0.627 ; -0.890 ; Rise       ; clock           ;
;  a[5]     ; clock      ; -1.442 ; -1.629 ; Rise       ; clock           ;
;  a[6]     ; clock      ; -0.964 ; -1.241 ; Rise       ; clock           ;
;  a[7]     ; clock      ; -0.809 ; -1.002 ; Rise       ; clock           ;
;  a[8]     ; clock      ; -0.858 ; -1.042 ; Rise       ; clock           ;
;  a[9]     ; clock      ; -1.416 ; -1.590 ; Rise       ; clock           ;
;  a[10]    ; clock      ; -0.924 ; -1.172 ; Rise       ; clock           ;
;  a[11]    ; clock      ; -0.905 ; -1.128 ; Rise       ; clock           ;
;  a[12]    ; clock      ; -0.839 ; -1.065 ; Rise       ; clock           ;
;  a[13]    ; clock      ; -0.836 ; -1.087 ; Rise       ; clock           ;
;  a[14]    ; clock      ; -0.981 ; -1.285 ; Rise       ; clock           ;
;  a[15]    ; clock      ; -0.524 ; -0.778 ; Rise       ; clock           ;
;  a[16]    ; clock      ; -1.210 ; -1.474 ; Rise       ; clock           ;
;  a[17]    ; clock      ; -1.446 ; -1.729 ; Rise       ; clock           ;
;  a[18]    ; clock      ; -1.494 ; -1.764 ; Rise       ; clock           ;
;  a[19]    ; clock      ; -1.968 ; -2.206 ; Rise       ; clock           ;
;  a[20]    ; clock      ; -0.602 ; -0.848 ; Rise       ; clock           ;
;  a[21]    ; clock      ; -1.090 ; -1.357 ; Rise       ; clock           ;
;  a[22]    ; clock      ; -0.988 ; -1.237 ; Rise       ; clock           ;
;  a[23]    ; clock      ; -0.808 ; -1.029 ; Rise       ; clock           ;
;  a[24]    ; clock      ; -0.648 ; -0.868 ; Rise       ; clock           ;
;  a[25]    ; clock      ; -0.940 ; -1.214 ; Rise       ; clock           ;
;  a[26]    ; clock      ; -0.929 ; -1.188 ; Rise       ; clock           ;
;  a[27]    ; clock      ; -0.820 ; -1.046 ; Rise       ; clock           ;
;  a[28]    ; clock      ; -0.924 ; -1.130 ; Rise       ; clock           ;
;  a[29]    ; clock      ; -1.512 ; -1.709 ; Rise       ; clock           ;
;  a[30]    ; clock      ; -0.105 ; -0.209 ; Rise       ; clock           ;
;  a[31]    ; clock      ; -2.036 ; -2.339 ; Rise       ; clock           ;
; b[*]      ; clock      ; -0.141 ; -0.248 ; Rise       ; clock           ;
;  b[0]     ; clock      ; -0.951 ; -1.186 ; Rise       ; clock           ;
;  b[1]     ; clock      ; -1.604 ; -1.813 ; Rise       ; clock           ;
;  b[2]     ; clock      ; -0.624 ; -0.864 ; Rise       ; clock           ;
;  b[3]     ; clock      ; -2.161 ; -2.463 ; Rise       ; clock           ;
;  b[4]     ; clock      ; -0.625 ; -0.851 ; Rise       ; clock           ;
;  b[5]     ; clock      ; -1.658 ; -1.890 ; Rise       ; clock           ;
;  b[6]     ; clock      ; -2.706 ; -3.009 ; Rise       ; clock           ;
;  b[7]     ; clock      ; -0.676 ; -0.909 ; Rise       ; clock           ;
;  b[8]     ; clock      ; -1.288 ; -1.533 ; Rise       ; clock           ;
;  b[9]     ; clock      ; -0.915 ; -1.160 ; Rise       ; clock           ;
;  b[10]    ; clock      ; -1.510 ; -1.705 ; Rise       ; clock           ;
;  b[11]    ; clock      ; -1.313 ; -1.576 ; Rise       ; clock           ;
;  b[12]    ; clock      ; -0.598 ; -0.853 ; Rise       ; clock           ;
;  b[13]    ; clock      ; -1.050 ; -1.276 ; Rise       ; clock           ;
;  b[14]    ; clock      ; -1.401 ; -1.589 ; Rise       ; clock           ;
;  b[15]    ; clock      ; -0.743 ; -0.934 ; Rise       ; clock           ;
;  b[16]    ; clock      ; -2.506 ; -2.822 ; Rise       ; clock           ;
;  b[17]    ; clock      ; -1.577 ; -1.822 ; Rise       ; clock           ;
;  b[18]    ; clock      ; -1.586 ; -1.872 ; Rise       ; clock           ;
;  b[19]    ; clock      ; -2.521 ; -2.853 ; Rise       ; clock           ;
;  b[20]    ; clock      ; -2.188 ; -2.510 ; Rise       ; clock           ;
;  b[21]    ; clock      ; -1.184 ; -1.388 ; Rise       ; clock           ;
;  b[22]    ; clock      ; -1.074 ; -1.336 ; Rise       ; clock           ;
;  b[23]    ; clock      ; -0.701 ; -0.922 ; Rise       ; clock           ;
;  b[24]    ; clock      ; -0.735 ; -0.960 ; Rise       ; clock           ;
;  b[25]    ; clock      ; -1.048 ; -1.338 ; Rise       ; clock           ;
;  b[26]    ; clock      ; -0.832 ; -1.082 ; Rise       ; clock           ;
;  b[27]    ; clock      ; -0.882 ; -1.121 ; Rise       ; clock           ;
;  b[28]    ; clock      ; -1.092 ; -1.367 ; Rise       ; clock           ;
;  b[29]    ; clock      ; -1.213 ; -1.413 ; Rise       ; clock           ;
;  b[30]    ; clock      ; -0.141 ; -0.248 ; Rise       ; clock           ;
;  b[31]    ; clock      ; -0.534 ; -0.800 ; Rise       ; clock           ;
; c0        ; clock      ; -0.598 ; -0.866 ; Rise       ; clock           ;
+-----------+------------+--------+--------+------------+-----------------+


+--------------------------------------------------------------------------+
; Clock to Output Times                                                    ;
+------------+------------+--------+--------+------------+-----------------+
; Data Port  ; Clock Port ; Rise   ; Fall   ; Clock Edge ; Clock Reference ;
+------------+------------+--------+--------+------------+-----------------+
; carry_out3 ; clock      ; 6.729  ; 6.661  ; Rise       ; clock           ;
; out[*]     ; clock      ; 10.967 ; 10.424 ; Rise       ; clock           ;
;  out[0]    ; clock      ; 7.809  ; 7.730  ; Rise       ; clock           ;
;  out[1]    ; clock      ; 8.055  ; 7.854  ; Rise       ; clock           ;
;  out[2]    ; clock      ; 7.334  ; 7.245  ; Rise       ; clock           ;
;  out[3]    ; clock      ; 7.856  ; 7.794  ; Rise       ; clock           ;
;  out[4]    ; clock      ; 8.239  ; 8.216  ; Rise       ; clock           ;
;  out[5]    ; clock      ; 7.930  ; 7.903  ; Rise       ; clock           ;
;  out[6]    ; clock      ; 8.683  ; 8.376  ; Rise       ; clock           ;
;  out[7]    ; clock      ; 9.246  ; 8.908  ; Rise       ; clock           ;
;  out[8]    ; clock      ; 6.126  ; 6.076  ; Rise       ; clock           ;
;  out[9]    ; clock      ; 6.472  ; 6.402  ; Rise       ; clock           ;
;  out[10]   ; clock      ; 6.776  ; 6.710  ; Rise       ; clock           ;
;  out[11]   ; clock      ; 6.097  ; 6.051  ; Rise       ; clock           ;
;  out[12]   ; clock      ; 10.967 ; 10.424 ; Rise       ; clock           ;
;  out[13]   ; clock      ; 8.632  ; 8.661  ; Rise       ; clock           ;
;  out[14]   ; clock      ; 6.534  ; 6.422  ; Rise       ; clock           ;
;  out[15]   ; clock      ; 10.935 ; 10.398 ; Rise       ; clock           ;
;  out[16]   ; clock      ; 7.037  ; 6.983  ; Rise       ; clock           ;
;  out[17]   ; clock      ; 6.819  ; 6.794  ; Rise       ; clock           ;
;  out[18]   ; clock      ; 8.977  ; 8.638  ; Rise       ; clock           ;
;  out[19]   ; clock      ; 8.894  ; 8.557  ; Rise       ; clock           ;
;  out[20]   ; clock      ; 7.057  ; 6.946  ; Rise       ; clock           ;
;  out[21]   ; clock      ; 6.412  ; 6.325  ; Rise       ; clock           ;
;  out[22]   ; clock      ; 6.770  ; 6.664  ; Rise       ; clock           ;
;  out[23]   ; clock      ; 6.414  ; 6.330  ; Rise       ; clock           ;
;  out[24]   ; clock      ; 7.315  ; 7.190  ; Rise       ; clock           ;
;  out[25]   ; clock      ; 7.367  ; 7.235  ; Rise       ; clock           ;
;  out[26]   ; clock      ; 6.265  ; 6.244  ; Rise       ; clock           ;
;  out[27]   ; clock      ; 7.150  ; 7.049  ; Rise       ; clock           ;
;  out[28]   ; clock      ; 6.776  ; 6.751  ; Rise       ; clock           ;
;  out[29]   ; clock      ; 7.244  ; 7.105  ; Rise       ; clock           ;
;  out[30]   ; clock      ; 6.638  ; 6.520  ; Rise       ; clock           ;
;  out[31]   ; clock      ; 8.124  ; 8.060  ; Rise       ; clock           ;
+------------+------------+--------+--------+------------+-----------------+


+--------------------------------------------------------------------------+
; Minimum Clock to Output Times                                            ;
+------------+------------+--------+--------+------------+-----------------+
; Data Port  ; Clock Port ; Rise   ; Fall   ; Clock Edge ; Clock Reference ;
+------------+------------+--------+--------+------------+-----------------+
; carry_out3 ; clock      ; 6.486  ; 6.419  ; Rise       ; clock           ;
; out[*]     ; clock      ; 5.878  ; 5.833  ; Rise       ; clock           ;
;  out[0]    ; clock      ; 7.525  ; 7.447  ; Rise       ; clock           ;
;  out[1]    ; clock      ; 7.761  ; 7.566  ; Rise       ; clock           ;
;  out[2]    ; clock      ; 7.068  ; 6.982  ; Rise       ; clock           ;
;  out[3]    ; clock      ; 7.571  ; 7.511  ; Rise       ; clock           ;
;  out[4]    ; clock      ; 7.936  ; 7.913  ; Rise       ; clock           ;
;  out[5]    ; clock      ; 7.642  ; 7.615  ; Rise       ; clock           ;
;  out[6]    ; clock      ; 8.365  ; 8.069  ; Rise       ; clock           ;
;  out[7]    ; clock      ; 8.903  ; 8.578  ; Rise       ; clock           ;
;  out[8]    ; clock      ; 5.906  ; 5.858  ; Rise       ; clock           ;
;  out[9]    ; clock      ; 6.241  ; 6.172  ; Rise       ; clock           ;
;  out[10]   ; clock      ; 6.533  ; 6.469  ; Rise       ; clock           ;
;  out[11]   ; clock      ; 5.878  ; 5.833  ; Rise       ; clock           ;
;  out[12]   ; clock      ; 10.556 ; 10.033 ; Rise       ; clock           ;
;  out[13]   ; clock      ; 8.309  ; 8.337  ; Rise       ; clock           ;
;  out[14]   ; clock      ; 6.298  ; 6.189  ; Rise       ; clock           ;
;  out[15]   ; clock      ; 10.524 ; 10.008 ; Rise       ; clock           ;
;  out[16]   ; clock      ; 6.781  ; 6.729  ; Rise       ; clock           ;
;  out[17]   ; clock      ; 6.571  ; 6.547  ; Rise       ; clock           ;
;  out[18]   ; clock      ; 8.646  ; 8.319  ; Rise       ; clock           ;
;  out[19]   ; clock      ; 8.566  ; 8.241  ; Rise       ; clock           ;
;  out[20]   ; clock      ; 6.802  ; 6.695  ; Rise       ; clock           ;
;  out[21]   ; clock      ; 6.183  ; 6.099  ; Rise       ; clock           ;
;  out[22]   ; clock      ; 6.529  ; 6.426  ; Rise       ; clock           ;
;  out[23]   ; clock      ; 6.185  ; 6.104  ; Rise       ; clock           ;
;  out[24]   ; clock      ; 7.050  ; 6.929  ; Rise       ; clock           ;
;  out[25]   ; clock      ; 7.100  ; 6.973  ; Rise       ; clock           ;
;  out[26]   ; clock      ; 6.042  ; 6.021  ; Rise       ; clock           ;
;  out[27]   ; clock      ; 6.891  ; 6.793  ; Rise       ; clock           ;
;  out[28]   ; clock      ; 6.528  ; 6.504  ; Rise       ; clock           ;
;  out[29]   ; clock      ; 6.981  ; 6.846  ; Rise       ; clock           ;
;  out[30]   ; clock      ; 6.401  ; 6.286  ; Rise       ; clock           ;
;  out[31]   ; clock      ; 7.871  ; 7.811  ; Rise       ; clock           ;
+------------+------------+--------+--------+------------+-----------------+


---------------------------------------------
; Slow 1200mV 0C Model Metastability Report ;
---------------------------------------------
No synchronizer chains to report.


+------------------------------------+
; Fast 1200mV 0C Model Setup Summary ;
+-------+--------+-------------------+
; Clock ; Slack  ; End Point TNS     ;
+-------+--------+-------------------+
; clock ; -0.488 ; -6.271            ;
+-------+--------+-------------------+


+-----------------------------------+
; Fast 1200mV 0C Model Hold Summary ;
+-------+-------+-------------------+
; Clock ; Slack ; End Point TNS     ;
+-------+-------+-------------------+
; clock ; 0.179 ; 0.000             ;
+-------+-------+-------------------+


-----------------------------------------
; Fast 1200mV 0C Model Recovery Summary ;
-----------------------------------------
No paths to report.


----------------------------------------
; Fast 1200mV 0C Model Removal Summary ;
----------------------------------------
No paths to report.


+--------------------------------------------------+
; Fast 1200mV 0C Model Minimum Pulse Width Summary ;
+-------+--------+---------------------------------+
; Clock ; Slack  ; End Point TNS                   ;
+-------+--------+---------------------------------+
; clock ; -3.000 ; -81.466                         ;
+-------+--------+---------------------------------+


+----------------------------------------------------------------------------------------------------------------------------------------------------------+
; Fast 1200mV 0C Model Setup: 'clock'                                                                                                                      ;
+--------+-------------------------------------+-------------------------------------+--------------+-------------+--------------+------------+------------+
; Slack  ; From Node                           ; To Node                             ; Launch Clock ; Latch Clock ; Relationship ; Clock Skew ; Data Delay ;
+--------+-------------------------------------+-------------------------------------+--------------+-------------+--------------+------------+------------+
; -0.488 ; lab2_LookaheadCarry:inst5|carry_out ; lab2_LookaheadCarry:inst6|carry_out ; clock        ; clock       ; 1.000        ; -0.025     ; 1.450      ;
; -0.487 ; lab2_LookaheadCarry:inst4|carry_out ; lab2_LookaheadCarry:inst5|sum[3]    ; clock        ; clock       ; 1.000        ; -0.072     ; 1.402      ;
; -0.486 ; lab2_LookaheadCarry:inst4|carry_out ; lab2_LookaheadCarry:inst5|carry_out ; clock        ; clock       ; 1.000        ; -0.072     ; 1.401      ;
; -0.481 ; lab2_LookaheadCarry:inst4|carry_out ; lab2_LookaheadCarry:inst5|sum[2]    ; clock        ; clock       ; 1.000        ; -0.072     ; 1.396      ;
; -0.431 ; lab2_LookaheadCarry:inst2|carry_out ; lab2_LookaheadCarry:inst3|carry_out ; clock        ; clock       ; 1.000        ; -0.038     ; 1.380      ;
; -0.406 ; lab2_LookaheadCarry:inst5|carry_out ; lab2_LookaheadCarry:inst6|sum[3]    ; clock        ; clock       ; 1.000        ; -0.025     ; 1.368      ;
; -0.395 ; lab2_LookaheadCarry:inst5|carry_out ; lab2_LookaheadCarry:inst6|sum[2]    ; clock        ; clock       ; 1.000        ; -0.025     ; 1.357      ;
; -0.346 ; lab2_LookaheadCarry:inst2|carry_out ; lab2_LookaheadCarry:inst3|sum[3]    ; clock        ; clock       ; 1.000        ; -0.037     ; 1.296      ;
; -0.333 ; lab2_LookaheadCarry:inst2|carry_out ; lab2_LookaheadCarry:inst3|sum[2]    ; clock        ; clock       ; 1.000        ; -0.037     ; 1.283      ;
; -0.309 ; lab2_LookaheadCarry:inst4|carry_out ; lab2_LookaheadCarry:inst5|sum[0]    ; clock        ; clock       ; 1.000        ; -0.072     ; 1.224      ;
; -0.308 ; lab2_LookaheadCarry:inst4|carry_out ; lab2_LookaheadCarry:inst5|sum[1]    ; clock        ; clock       ; 1.000        ; -0.072     ; 1.223      ;
; -0.256 ; lab2_LookaheadCarry:inst2|carry_out ; lab2_LookaheadCarry:inst3|sum[0]    ; clock        ; clock       ; 1.000        ; -0.037     ; 1.206      ;
; -0.248 ; lab2_LookaheadCarry:inst6|carry_out ; lab2_LookaheadCarry:inst7|sum[3]    ; clock        ; clock       ; 1.000        ; -0.043     ; 1.192      ;
; -0.241 ; lab2_LookaheadCarry:inst2|carry_out ; lab2_LookaheadCarry:inst3|sum[1]    ; clock        ; clock       ; 1.000        ; -0.037     ; 1.191      ;
; -0.226 ; lab2_LookaheadCarry:inst5|carry_out ; lab2_LookaheadCarry:inst6|sum[1]    ; clock        ; clock       ; 1.000        ; -0.025     ; 1.188      ;
; -0.223 ; lab2_LookaheadCarry:inst5|carry_out ; lab2_LookaheadCarry:inst6|sum[0]    ; clock        ; clock       ; 1.000        ; -0.025     ; 1.185      ;
; -0.214 ; lab2_LookaheadCarry:inst6|carry_out ; lab2_LookaheadCarry:inst7|carry_out ; clock        ; clock       ; 1.000        ; -0.043     ; 1.158      ;
; -0.122 ; lab2_LookaheadCarry:inst3|carry_out ; lab2_LookaheadCarry:inst4|carry_out ; clock        ; clock       ; 1.000        ; -0.042     ; 1.067      ;
; -0.109 ; lab2_LookaheadCarry:inst3|carry_out ; lab2_LookaheadCarry:inst4|sum[3]    ; clock        ; clock       ; 1.000        ; -0.042     ; 1.054      ;
; -0.063 ; lab2_LookaheadCarry:inst|carry_out  ; lab2_LookaheadCarry:inst2|sum[3]    ; clock        ; clock       ; 1.000        ; -0.041     ; 1.009      ;
; -0.037 ; lab2_LookaheadCarry:inst7|carry_out ; lab2_LookaheadCarry:inst8|carry_out ; clock        ; clock       ; 1.000        ; -0.044     ; 0.980      ;
; -0.036 ; lab2_LookaheadCarry:inst7|carry_out ; lab2_LookaheadCarry:inst8|sum[3]    ; clock        ; clock       ; 1.000        ; -0.044     ; 0.979      ;
; -0.026 ; lab2_LookaheadCarry:inst7|carry_out ; lab2_LookaheadCarry:inst8|sum[2]    ; clock        ; clock       ; 1.000        ; -0.044     ; 0.969      ;
; 0.089  ; lab2_LookaheadCarry:inst|carry_out  ; lab2_LookaheadCarry:inst2|carry_out ; clock        ; clock       ; 1.000        ; -0.041     ; 0.857      ;
; 0.122  ; lab2_LookaheadCarry:inst|carry_out  ; lab2_LookaheadCarry:inst2|sum[2]    ; clock        ; clock       ; 1.000        ; -0.041     ; 0.824      ;
; 0.150  ; lab2_LookaheadCarry:inst6|carry_out ; lab2_LookaheadCarry:inst7|sum[2]    ; clock        ; clock       ; 1.000        ; -0.043     ; 0.794      ;
; 0.194  ; lab2_LookaheadCarry:inst7|carry_out ; lab2_LookaheadCarry:inst8|sum[1]    ; clock        ; clock       ; 1.000        ; -0.044     ; 0.749      ;
; 0.194  ; lab2_LookaheadCarry:inst|carry_out  ; lab2_LookaheadCarry:inst2|sum[1]    ; clock        ; clock       ; 1.000        ; -0.041     ; 0.752      ;
; 0.208  ; lab2_LookaheadCarry:inst7|carry_out ; lab2_LookaheadCarry:inst8|sum[0]    ; clock        ; clock       ; 1.000        ; -0.044     ; 0.735      ;
; 0.289  ; lab2_LookaheadCarry:inst|carry_out  ; lab2_LookaheadCarry:inst2|sum[0]    ; clock        ; clock       ; 1.000        ; -0.041     ; 0.657      ;
; 0.382  ; lab2_LookaheadCarry:inst3|carry_out ; lab2_LookaheadCarry:inst4|sum[2]    ; clock        ; clock       ; 1.000        ; -0.042     ; 0.563      ;
; 0.383  ; lab2_LookaheadCarry:inst6|carry_out ; lab2_LookaheadCarry:inst7|sum[0]    ; clock        ; clock       ; 1.000        ; -0.043     ; 0.561      ;
; 0.389  ; lab2_LookaheadCarry:inst6|carry_out ; lab2_LookaheadCarry:inst7|sum[1]    ; clock        ; clock       ; 1.000        ; -0.043     ; 0.555      ;
; 0.553  ; lab2_LookaheadCarry:inst3|carry_out ; lab2_LookaheadCarry:inst4|sum[1]    ; clock        ; clock       ; 1.000        ; -0.042     ; 0.392      ;
; 0.555  ; lab2_LookaheadCarry:inst3|carry_out ; lab2_LookaheadCarry:inst4|sum[0]    ; clock        ; clock       ; 1.000        ; -0.042     ; 0.390      ;
+--------+-------------------------------------+-------------------------------------+--------------+-------------+--------------+------------+------------+


+---------------------------------------------------------------------------------------------------------------------------------------------------------+
; Fast 1200mV 0C Model Hold: 'clock'                                                                                                                      ;
+-------+-------------------------------------+-------------------------------------+--------------+-------------+--------------+------------+------------+
; Slack ; From Node                           ; To Node                             ; Launch Clock ; Latch Clock ; Relationship ; Clock Skew ; Data Delay ;
+-------+-------------------------------------+-------------------------------------+--------------+-------------+--------------+------------+------------+
; 0.179 ; lab2_LookaheadCarry:inst3|carry_out ; lab2_LookaheadCarry:inst4|sum[0]    ; clock        ; clock       ; 0.000        ; 0.042      ; 0.325      ;
; 0.181 ; lab2_LookaheadCarry:inst3|carry_out ; lab2_LookaheadCarry:inst4|sum[1]    ; clock        ; clock       ; 0.000        ; 0.042      ; 0.327      ;
; 0.283 ; lab2_LookaheadCarry:inst6|carry_out ; lab2_LookaheadCarry:inst7|sum[0]    ; clock        ; clock       ; 0.000        ; 0.043      ; 0.430      ;
; 0.290 ; lab2_LookaheadCarry:inst6|carry_out ; lab2_LookaheadCarry:inst7|sum[1]    ; clock        ; clock       ; 0.000        ; 0.043      ; 0.437      ;
; 0.333 ; lab2_LookaheadCarry:inst3|carry_out ; lab2_LookaheadCarry:inst4|sum[2]    ; clock        ; clock       ; 0.000        ; 0.042      ; 0.479      ;
; 0.411 ; lab2_LookaheadCarry:inst|carry_out  ; lab2_LookaheadCarry:inst2|sum[0]    ; clock        ; clock       ; 0.000        ; 0.041      ; 0.556      ;
; 0.443 ; lab2_LookaheadCarry:inst7|carry_out ; lab2_LookaheadCarry:inst8|sum[0]    ; clock        ; clock       ; 0.000        ; 0.041      ; 0.588      ;
; 0.460 ; lab2_LookaheadCarry:inst|carry_out  ; lab2_LookaheadCarry:inst2|sum[1]    ; clock        ; clock       ; 0.000        ; 0.041      ; 0.605      ;
; 0.471 ; lab2_LookaheadCarry:inst7|carry_out ; lab2_LookaheadCarry:inst8|sum[1]    ; clock        ; clock       ; 0.000        ; 0.041      ; 0.616      ;
; 0.495 ; lab2_LookaheadCarry:inst6|carry_out ; lab2_LookaheadCarry:inst7|sum[2]    ; clock        ; clock       ; 0.000        ; 0.043      ; 0.642      ;
; 0.560 ; lab2_LookaheadCarry:inst|carry_out  ; lab2_LookaheadCarry:inst2|sum[2]    ; clock        ; clock       ; 0.000        ; 0.041      ; 0.705      ;
; 0.583 ; lab2_LookaheadCarry:inst|carry_out  ; lab2_LookaheadCarry:inst2|carry_out ; clock        ; clock       ; 0.000        ; 0.041      ; 0.728      ;
; 0.657 ; lab2_LookaheadCarry:inst7|carry_out ; lab2_LookaheadCarry:inst8|sum[2]    ; clock        ; clock       ; 0.000        ; 0.041      ; 0.802      ;
; 0.662 ; lab2_LookaheadCarry:inst7|carry_out ; lab2_LookaheadCarry:inst8|sum[3]    ; clock        ; clock       ; 0.000        ; 0.041      ; 0.807      ;
; 0.664 ; lab2_LookaheadCarry:inst7|carry_out ; lab2_LookaheadCarry:inst8|carry_out ; clock        ; clock       ; 0.000        ; 0.041      ; 0.809      ;
; 0.690 ; lab2_LookaheadCarry:inst|carry_out  ; lab2_LookaheadCarry:inst2|sum[3]    ; clock        ; clock       ; 0.000        ; 0.041      ; 0.835      ;
; 0.697 ; lab2_LookaheadCarry:inst3|carry_out ; lab2_LookaheadCarry:inst4|sum[3]    ; clock        ; clock       ; 0.000        ; 0.042      ; 0.843      ;
; 0.720 ; lab2_LookaheadCarry:inst3|carry_out ; lab2_LookaheadCarry:inst4|carry_out ; clock        ; clock       ; 0.000        ; 0.042      ; 0.866      ;
; 0.791 ; lab2_LookaheadCarry:inst2|carry_out ; lab2_LookaheadCarry:inst3|sum[1]    ; clock        ; clock       ; 0.000        ; 0.076      ; 0.971      ;
; 0.791 ; lab2_LookaheadCarry:inst2|carry_out ; lab2_LookaheadCarry:inst3|sum[0]    ; clock        ; clock       ; 0.000        ; 0.076      ; 0.971      ;
; 0.806 ; lab2_LookaheadCarry:inst6|carry_out ; lab2_LookaheadCarry:inst7|carry_out ; clock        ; clock       ; 0.000        ; 0.043      ; 0.953      ;
; 0.821 ; lab2_LookaheadCarry:inst5|carry_out ; lab2_LookaheadCarry:inst6|sum[0]    ; clock        ; clock       ; 0.000        ; 0.059      ; 0.984      ;
; 0.824 ; lab2_LookaheadCarry:inst5|carry_out ; lab2_LookaheadCarry:inst6|sum[1]    ; clock        ; clock       ; 0.000        ; 0.059      ; 0.987      ;
; 0.827 ; lab2_LookaheadCarry:inst6|carry_out ; lab2_LookaheadCarry:inst7|sum[3]    ; clock        ; clock       ; 0.000        ; 0.043      ; 0.974      ;
; 0.868 ; lab2_LookaheadCarry:inst4|carry_out ; lab2_LookaheadCarry:inst5|sum[1]    ; clock        ; clock       ; 0.000        ; 0.042      ; 1.014      ;
; 0.869 ; lab2_LookaheadCarry:inst4|carry_out ; lab2_LookaheadCarry:inst5|sum[0]    ; clock        ; clock       ; 0.000        ; 0.042      ; 1.015      ;
; 0.898 ; lab2_LookaheadCarry:inst2|carry_out ; lab2_LookaheadCarry:inst3|sum[2]    ; clock        ; clock       ; 0.000        ; 0.076      ; 1.078      ;
; 0.911 ; lab2_LookaheadCarry:inst2|carry_out ; lab2_LookaheadCarry:inst3|sum[3]    ; clock        ; clock       ; 0.000        ; 0.076      ; 1.091      ;
; 0.975 ; lab2_LookaheadCarry:inst5|carry_out ; lab2_LookaheadCarry:inst6|sum[2]    ; clock        ; clock       ; 0.000        ; 0.059      ; 1.138      ;
; 0.983 ; lab2_LookaheadCarry:inst2|carry_out ; lab2_LookaheadCarry:inst3|carry_out ; clock        ; clock       ; 0.000        ; 0.075      ; 1.162      ;
; 0.984 ; lab2_LookaheadCarry:inst5|carry_out ; lab2_LookaheadCarry:inst6|sum[3]    ; clock        ; clock       ; 0.000        ; 0.059      ; 1.147      ;
; 1.020 ; lab2_LookaheadCarry:inst4|carry_out ; lab2_LookaheadCarry:inst5|sum[2]    ; clock        ; clock       ; 0.000        ; 0.042      ; 1.166      ;
; 1.025 ; lab2_LookaheadCarry:inst4|carry_out ; lab2_LookaheadCarry:inst5|carry_out ; clock        ; clock       ; 0.000        ; 0.042      ; 1.171      ;
; 1.026 ; lab2_LookaheadCarry:inst4|carry_out ; lab2_LookaheadCarry:inst5|sum[3]    ; clock        ; clock       ; 0.000        ; 0.042      ; 1.172      ;
; 1.053 ; lab2_LookaheadCarry:inst5|carry_out ; lab2_LookaheadCarry:inst6|carry_out ; clock        ; clock       ; 0.000        ; 0.060      ; 1.217      ;
+-------+-------------------------------------+-------------------------------------+--------------+-------------+--------------+------------+------------+


+---------------------------------------------------------------------------------------------------------------------+
; Fast 1200mV 0C Model Minimum Pulse Width: 'clock'                                                                   ;
+--------+--------------+----------------+-----------------+-------+------------+-------------------------------------+
; Slack  ; Actual Width ; Required Width ; Type            ; Clock ; Clock Edge ; Target                              ;
+--------+--------------+----------------+-----------------+-------+------------+-------------------------------------+
; -3.000 ; 1.000        ; 4.000          ; Port Rate       ; clock ; Rise       ; clock                               ;
; -1.899 ; 1.000        ; 2.899          ; Min Period      ; clock ; Rise       ; lab2_LookaheadCarry:inst2|carry_out ;
; -1.899 ; 1.000        ; 2.899          ; Min Period      ; clock ; Rise       ; lab2_LookaheadCarry:inst2|sum[0]    ;
; -1.899 ; 1.000        ; 2.899          ; Min Period      ; clock ; Rise       ; lab2_LookaheadCarry:inst2|sum[1]    ;
; -1.899 ; 1.000        ; 2.899          ; Min Period      ; clock ; Rise       ; lab2_LookaheadCarry:inst2|sum[2]    ;
; -1.899 ; 1.000        ; 2.899          ; Min Period      ; clock ; Rise       ; lab2_LookaheadCarry:inst2|sum[3]    ;
; -1.899 ; 1.000        ; 2.899          ; Min Period      ; clock ; Rise       ; lab2_LookaheadCarry:inst3|carry_out ;
; -1.899 ; 1.000        ; 2.899          ; Min Period      ; clock ; Rise       ; lab2_LookaheadCarry:inst3|sum[0]    ;
; -1.899 ; 1.000        ; 2.899          ; Min Period      ; clock ; Rise       ; lab2_LookaheadCarry:inst3|sum[1]    ;
; -1.899 ; 1.000        ; 2.899          ; Min Period      ; clock ; Rise       ; lab2_LookaheadCarry:inst3|sum[2]    ;
; -1.899 ; 1.000        ; 2.899          ; Min Period      ; clock ; Rise       ; lab2_LookaheadCarry:inst3|sum[3]    ;
; -1.899 ; 1.000        ; 2.899          ; Min Period      ; clock ; Rise       ; lab2_LookaheadCarry:inst4|carry_out ;
; -1.899 ; 1.000        ; 2.899          ; Min Period      ; clock ; Rise       ; lab2_LookaheadCarry:inst4|sum[0]    ;
; -1.899 ; 1.000        ; 2.899          ; Min Period      ; clock ; Rise       ; lab2_LookaheadCarry:inst4|sum[1]    ;
; -1.899 ; 1.000        ; 2.899          ; Min Period      ; clock ; Rise       ; lab2_LookaheadCarry:inst4|sum[2]    ;
; -1.899 ; 1.000        ; 2.899          ; Min Period      ; clock ; Rise       ; lab2_LookaheadCarry:inst4|sum[3]    ;
; -1.899 ; 1.000        ; 2.899          ; Min Period      ; clock ; Rise       ; lab2_LookaheadCarry:inst5|carry_out ;
; -1.899 ; 1.000        ; 2.899          ; Min Period      ; clock ; Rise       ; lab2_LookaheadCarry:inst5|sum[0]    ;
; -1.899 ; 1.000        ; 2.899          ; Min Period      ; clock ; Rise       ; lab2_LookaheadCarry:inst5|sum[1]    ;
; -1.899 ; 1.000        ; 2.899          ; Min Period      ; clock ; Rise       ; lab2_LookaheadCarry:inst5|sum[2]    ;
; -1.899 ; 1.000        ; 2.899          ; Min Period      ; clock ; Rise       ; lab2_LookaheadCarry:inst5|sum[3]    ;
; -1.899 ; 1.000        ; 2.899          ; Min Period      ; clock ; Rise       ; lab2_LookaheadCarry:inst6|carry_out ;
; -1.899 ; 1.000        ; 2.899          ; Min Period      ; clock ; Rise       ; lab2_LookaheadCarry:inst6|sum[0]    ;
; -1.899 ; 1.000        ; 2.899          ; Min Period      ; clock ; Rise       ; lab2_LookaheadCarry:inst6|sum[1]    ;
; -1.899 ; 1.000        ; 2.899          ; Min Period      ; clock ; Rise       ; lab2_LookaheadCarry:inst6|sum[2]    ;
; -1.899 ; 1.000        ; 2.899          ; Min Period      ; clock ; Rise       ; lab2_LookaheadCarry:inst6|sum[3]    ;
; -1.899 ; 1.000        ; 2.899          ; Min Period      ; clock ; Rise       ; lab2_LookaheadCarry:inst7|carry_out ;
; -1.899 ; 1.000        ; 2.899          ; Min Period      ; clock ; Rise       ; lab2_LookaheadCarry:inst7|sum[0]    ;
; -1.899 ; 1.000        ; 2.899          ; Min Period      ; clock ; Rise       ; lab2_LookaheadCarry:inst7|sum[1]    ;
; -1.899 ; 1.000        ; 2.899          ; Min Period      ; clock ; Rise       ; lab2_LookaheadCarry:inst7|sum[2]    ;
; -1.899 ; 1.000        ; 2.899          ; Min Period      ; clock ; Rise       ; lab2_LookaheadCarry:inst7|sum[3]    ;
; -1.899 ; 1.000        ; 2.899          ; Min Period      ; clock ; Rise       ; lab2_LookaheadCarry:inst8|carry_out ;
; -1.899 ; 1.000        ; 2.899          ; Min Period      ; clock ; Rise       ; lab2_LookaheadCarry:inst8|sum[0]    ;
; -1.899 ; 1.000        ; 2.899          ; Min Period      ; clock ; Rise       ; lab2_LookaheadCarry:inst8|sum[1]    ;
; -1.899 ; 1.000        ; 2.899          ; Min Period      ; clock ; Rise       ; lab2_LookaheadCarry:inst8|sum[2]    ;
; -1.899 ; 1.000        ; 2.899          ; Min Period      ; clock ; Rise       ; lab2_LookaheadCarry:inst8|sum[3]    ;
; -1.899 ; 1.000        ; 2.899          ; Min Period      ; clock ; Rise       ; lab2_LookaheadCarry:inst|carry_out  ;
; -1.899 ; 1.000        ; 2.899          ; Min Period      ; clock ; Rise       ; lab2_LookaheadCarry:inst|sum[0]     ;
; -1.899 ; 1.000        ; 2.899          ; Min Period      ; clock ; Rise       ; lab2_LookaheadCarry:inst|sum[1]     ;
; -1.899 ; 1.000        ; 2.899          ; Min Period      ; clock ; Rise       ; lab2_LookaheadCarry:inst|sum[2]     ;
; -1.899 ; 1.000        ; 2.899          ; Min Period      ; clock ; Rise       ; lab2_LookaheadCarry:inst|sum[3]     ;
; -0.065 ; 0.119        ; 0.184          ; Low Pulse Width ; clock ; Rise       ; lab2_LookaheadCarry:inst6|sum[0]    ;
; -0.065 ; 0.119        ; 0.184          ; Low Pulse Width ; clock ; Rise       ; lab2_LookaheadCarry:inst6|sum[1]    ;
; -0.065 ; 0.119        ; 0.184          ; Low Pulse Width ; clock ; Rise       ; lab2_LookaheadCarry:inst6|sum[2]    ;
; -0.065 ; 0.119        ; 0.184          ; Low Pulse Width ; clock ; Rise       ; lab2_LookaheadCarry:inst6|sum[3]    ;
; -0.064 ; 0.120        ; 0.184          ; Low Pulse Width ; clock ; Rise       ; lab2_LookaheadCarry:inst5|carry_out ;
; -0.064 ; 0.120        ; 0.184          ; Low Pulse Width ; clock ; Rise       ; lab2_LookaheadCarry:inst5|sum[0]    ;
; -0.064 ; 0.120        ; 0.184          ; Low Pulse Width ; clock ; Rise       ; lab2_LookaheadCarry:inst5|sum[1]    ;
; -0.064 ; 0.120        ; 0.184          ; Low Pulse Width ; clock ; Rise       ; lab2_LookaheadCarry:inst5|sum[2]    ;
; -0.064 ; 0.120        ; 0.184          ; Low Pulse Width ; clock ; Rise       ; lab2_LookaheadCarry:inst5|sum[3]    ;
; -0.064 ; 0.120        ; 0.184          ; Low Pulse Width ; clock ; Rise       ; lab2_LookaheadCarry:inst6|carry_out ;
; -0.064 ; 0.120        ; 0.184          ; Low Pulse Width ; clock ; Rise       ; lab2_LookaheadCarry:inst7|carry_out ;
; -0.064 ; 0.120        ; 0.184          ; Low Pulse Width ; clock ; Rise       ; lab2_LookaheadCarry:inst7|sum[0]    ;
; -0.064 ; 0.120        ; 0.184          ; Low Pulse Width ; clock ; Rise       ; lab2_LookaheadCarry:inst7|sum[1]    ;
; -0.064 ; 0.120        ; 0.184          ; Low Pulse Width ; clock ; Rise       ; lab2_LookaheadCarry:inst7|sum[2]    ;
; -0.064 ; 0.120        ; 0.184          ; Low Pulse Width ; clock ; Rise       ; lab2_LookaheadCarry:inst7|sum[3]    ;
; -0.064 ; 0.120        ; 0.184          ; Low Pulse Width ; clock ; Rise       ; lab2_LookaheadCarry:inst8|carry_out ;
; -0.064 ; 0.120        ; 0.184          ; Low Pulse Width ; clock ; Rise       ; lab2_LookaheadCarry:inst8|sum[0]    ;
; -0.064 ; 0.120        ; 0.184          ; Low Pulse Width ; clock ; Rise       ; lab2_LookaheadCarry:inst8|sum[1]    ;
; -0.064 ; 0.120        ; 0.184          ; Low Pulse Width ; clock ; Rise       ; lab2_LookaheadCarry:inst8|sum[2]    ;
; -0.064 ; 0.120        ; 0.184          ; Low Pulse Width ; clock ; Rise       ; lab2_LookaheadCarry:inst8|sum[3]    ;
; -0.062 ; 0.122        ; 0.184          ; Low Pulse Width ; clock ; Rise       ; lab2_LookaheadCarry:inst2|carry_out ;
; -0.062 ; 0.122        ; 0.184          ; Low Pulse Width ; clock ; Rise       ; lab2_LookaheadCarry:inst2|sum[0]    ;
; -0.062 ; 0.122        ; 0.184          ; Low Pulse Width ; clock ; Rise       ; lab2_LookaheadCarry:inst2|sum[1]    ;
; -0.062 ; 0.122        ; 0.184          ; Low Pulse Width ; clock ; Rise       ; lab2_LookaheadCarry:inst2|sum[2]    ;
; -0.062 ; 0.122        ; 0.184          ; Low Pulse Width ; clock ; Rise       ; lab2_LookaheadCarry:inst2|sum[3]    ;
; -0.062 ; 0.122        ; 0.184          ; Low Pulse Width ; clock ; Rise       ; lab2_LookaheadCarry:inst|carry_out  ;
; -0.061 ; 0.123        ; 0.184          ; Low Pulse Width ; clock ; Rise       ; lab2_LookaheadCarry:inst3|carry_out ;
; -0.061 ; 0.123        ; 0.184          ; Low Pulse Width ; clock ; Rise       ; lab2_LookaheadCarry:inst4|carry_out ;
; -0.061 ; 0.123        ; 0.184          ; Low Pulse Width ; clock ; Rise       ; lab2_LookaheadCarry:inst4|sum[0]    ;
; -0.061 ; 0.123        ; 0.184          ; Low Pulse Width ; clock ; Rise       ; lab2_LookaheadCarry:inst4|sum[1]    ;
; -0.061 ; 0.123        ; 0.184          ; Low Pulse Width ; clock ; Rise       ; lab2_LookaheadCarry:inst4|sum[2]    ;
; -0.061 ; 0.123        ; 0.184          ; Low Pulse Width ; clock ; Rise       ; lab2_LookaheadCarry:inst4|sum[3]    ;
; -0.061 ; 0.123        ; 0.184          ; Low Pulse Width ; clock ; Rise       ; lab2_LookaheadCarry:inst|sum[0]     ;
; -0.061 ; 0.123        ; 0.184          ; Low Pulse Width ; clock ; Rise       ; lab2_LookaheadCarry:inst|sum[1]     ;
; -0.061 ; 0.123        ; 0.184          ; Low Pulse Width ; clock ; Rise       ; lab2_LookaheadCarry:inst|sum[2]     ;
; -0.061 ; 0.123        ; 0.184          ; Low Pulse Width ; clock ; Rise       ; lab2_LookaheadCarry:inst|sum[3]     ;
; -0.060 ; 0.124        ; 0.184          ; Low Pulse Width ; clock ; Rise       ; lab2_LookaheadCarry:inst3|sum[0]    ;
; -0.060 ; 0.124        ; 0.184          ; Low Pulse Width ; clock ; Rise       ; lab2_LookaheadCarry:inst3|sum[1]    ;
; -0.060 ; 0.124        ; 0.184          ; Low Pulse Width ; clock ; Rise       ; lab2_LookaheadCarry:inst3|sum[2]    ;
; -0.060 ; 0.124        ; 0.184          ; Low Pulse Width ; clock ; Rise       ; lab2_LookaheadCarry:inst3|sum[3]    ;
; 0.115  ; 0.115        ; 0.000          ; Low Pulse Width ; clock ; Rise       ; inst6|carry_out|clk                 ;
; 0.115  ; 0.115        ; 0.000          ; Low Pulse Width ; clock ; Rise       ; inst6|sum[0]|clk                    ;
; 0.115  ; 0.115        ; 0.000          ; Low Pulse Width ; clock ; Rise       ; inst6|sum[1]|clk                    ;
; 0.115  ; 0.115        ; 0.000          ; Low Pulse Width ; clock ; Rise       ; inst6|sum[2]|clk                    ;
; 0.115  ; 0.115        ; 0.000          ; Low Pulse Width ; clock ; Rise       ; inst6|sum[3]|clk                    ;
; 0.115  ; 0.115        ; 0.000          ; Low Pulse Width ; clock ; Rise       ; inst7|carry_out|clk                 ;
; 0.115  ; 0.115        ; 0.000          ; Low Pulse Width ; clock ; Rise       ; inst7|sum[0]|clk                    ;
; 0.115  ; 0.115        ; 0.000          ; Low Pulse Width ; clock ; Rise       ; inst7|sum[1]|clk                    ;
; 0.115  ; 0.115        ; 0.000          ; Low Pulse Width ; clock ; Rise       ; inst7|sum[2]|clk                    ;
; 0.115  ; 0.115        ; 0.000          ; Low Pulse Width ; clock ; Rise       ; inst7|sum[3]|clk                    ;
; 0.116  ; 0.116        ; 0.000          ; Low Pulse Width ; clock ; Rise       ; inst5|carry_out|clk                 ;
; 0.116  ; 0.116        ; 0.000          ; Low Pulse Width ; clock ; Rise       ; inst5|sum[0]|clk                    ;
; 0.116  ; 0.116        ; 0.000          ; Low Pulse Width ; clock ; Rise       ; inst5|sum[1]|clk                    ;
; 0.116  ; 0.116        ; 0.000          ; Low Pulse Width ; clock ; Rise       ; inst5|sum[2]|clk                    ;
; 0.116  ; 0.116        ; 0.000          ; Low Pulse Width ; clock ; Rise       ; inst5|sum[3]|clk                    ;
; 0.116  ; 0.116        ; 0.000          ; Low Pulse Width ; clock ; Rise       ; inst8|carry_out|clk                 ;
; 0.116  ; 0.116        ; 0.000          ; Low Pulse Width ; clock ; Rise       ; inst8|sum[0]|clk                    ;
; 0.116  ; 0.116        ; 0.000          ; Low Pulse Width ; clock ; Rise       ; inst8|sum[1]|clk                    ;
; 0.116  ; 0.116        ; 0.000          ; Low Pulse Width ; clock ; Rise       ; inst8|sum[2]|clk                    ;
+--------+--------------+----------------+-----------------+-------+------------+-------------------------------------+


+-----------------------------------------------------------------------+
; Setup Times                                                           ;
+-----------+------------+-------+-------+------------+-----------------+
; Data Port ; Clock Port ; Rise  ; Fall  ; Clock Edge ; Clock Reference ;
+-----------+------------+-------+-------+------------+-----------------+
; a[*]      ; clock      ; 2.024 ; 2.762 ; Rise       ; clock           ;
;  a[0]     ; clock      ; 1.606 ; 2.298 ; Rise       ; clock           ;
;  a[1]     ; clock      ; 1.575 ; 2.143 ; Rise       ; clock           ;
;  a[2]     ; clock      ; 1.885 ; 2.452 ; Rise       ; clock           ;
;  a[3]     ; clock      ; 0.819 ; 1.413 ; Rise       ; clock           ;
;  a[4]     ; clock      ; 1.191 ; 1.846 ; Rise       ; clock           ;
;  a[5]     ; clock      ; 1.183 ; 1.866 ; Rise       ; clock           ;
;  a[6]     ; clock      ; 1.203 ; 1.780 ; Rise       ; clock           ;
;  a[7]     ; clock      ; 1.397 ; 1.977 ; Rise       ; clock           ;
;  a[8]     ; clock      ; 1.117 ; 1.753 ; Rise       ; clock           ;
;  a[9]     ; clock      ; 1.496 ; 2.104 ; Rise       ; clock           ;
;  a[10]    ; clock      ; 1.143 ; 1.709 ; Rise       ; clock           ;
;  a[11]    ; clock      ; 1.184 ; 1.765 ; Rise       ; clock           ;
;  a[12]    ; clock      ; 1.276 ; 1.979 ; Rise       ; clock           ;
;  a[13]    ; clock      ; 0.817 ; 1.403 ; Rise       ; clock           ;
;  a[14]    ; clock      ; 1.207 ; 1.809 ; Rise       ; clock           ;
;  a[15]    ; clock      ; 0.856 ; 1.439 ; Rise       ; clock           ;
;  a[16]    ; clock      ; 1.105 ; 1.798 ; Rise       ; clock           ;
;  a[17]    ; clock      ; 1.420 ; 2.052 ; Rise       ; clock           ;
;  a[18]    ; clock      ; 1.463 ; 2.103 ; Rise       ; clock           ;
;  a[19]    ; clock      ; 1.766 ; 2.469 ; Rise       ; clock           ;
;  a[20]    ; clock      ; 0.869 ; 1.489 ; Rise       ; clock           ;
;  a[21]    ; clock      ; 1.135 ; 1.717 ; Rise       ; clock           ;
;  a[22]    ; clock      ; 1.236 ; 1.803 ; Rise       ; clock           ;
;  a[23]    ; clock      ; 1.326 ; 1.901 ; Rise       ; clock           ;
;  a[24]    ; clock      ; 1.137 ; 1.793 ; Rise       ; clock           ;
;  a[25]    ; clock      ; 1.040 ; 1.630 ; Rise       ; clock           ;
;  a[26]    ; clock      ; 1.232 ; 1.816 ; Rise       ; clock           ;
;  a[27]    ; clock      ; 1.080 ; 1.655 ; Rise       ; clock           ;
;  a[28]    ; clock      ; 1.167 ; 1.813 ; Rise       ; clock           ;
;  a[29]    ; clock      ; 1.435 ; 2.072 ; Rise       ; clock           ;
;  a[30]    ; clock      ; 0.616 ; 0.845 ; Rise       ; clock           ;
;  a[31]    ; clock      ; 2.024 ; 2.762 ; Rise       ; clock           ;
; b[*]      ; clock      ; 2.250 ; 2.996 ; Rise       ; clock           ;
;  b[0]     ; clock      ; 1.336 ; 2.009 ; Rise       ; clock           ;
;  b[1]     ; clock      ; 1.928 ; 2.537 ; Rise       ; clock           ;
;  b[2]     ; clock      ; 1.715 ; 2.262 ; Rise       ; clock           ;
;  b[3]     ; clock      ; 1.772 ; 2.549 ; Rise       ; clock           ;
;  b[4]     ; clock      ; 1.134 ; 1.786 ; Rise       ; clock           ;
;  b[5]     ; clock      ; 1.349 ; 2.030 ; Rise       ; clock           ;
;  b[6]     ; clock      ; 2.250 ; 2.996 ; Rise       ; clock           ;
;  b[7]     ; clock      ; 1.324 ; 1.906 ; Rise       ; clock           ;
;  b[8]     ; clock      ; 1.236 ; 1.920 ; Rise       ; clock           ;
;  b[9]     ; clock      ; 1.133 ; 1.706 ; Rise       ; clock           ;
;  b[10]    ; clock      ; 1.483 ; 2.109 ; Rise       ; clock           ;
;  b[11]    ; clock      ; 1.518 ; 2.180 ; Rise       ; clock           ;
;  b[12]    ; clock      ; 1.138 ; 1.827 ; Rise       ; clock           ;
;  b[13]    ; clock      ; 1.013 ; 1.626 ; Rise       ; clock           ;
;  b[14]    ; clock      ; 1.368 ; 1.954 ; Rise       ; clock           ;
;  b[15]    ; clock      ; 0.951 ; 1.528 ; Rise       ; clock           ;
;  b[16]    ; clock      ; 1.863 ; 2.664 ; Rise       ; clock           ;
;  b[17]    ; clock      ; 1.489 ; 2.129 ; Rise       ; clock           ;
;  b[18]    ; clock      ; 1.357 ; 2.010 ; Rise       ; clock           ;
;  b[19]    ; clock      ; 2.196 ; 2.996 ; Rise       ; clock           ;
;  b[20]    ; clock      ; 1.868 ; 2.661 ; Rise       ; clock           ;
;  b[21]    ; clock      ; 1.144 ; 1.730 ; Rise       ; clock           ;
;  b[22]    ; clock      ; 1.307 ; 1.889 ; Rise       ; clock           ;
;  b[23]    ; clock      ; 1.336 ; 1.924 ; Rise       ; clock           ;
;  b[24]    ; clock      ; 1.203 ; 1.852 ; Rise       ; clock           ;
;  b[25]    ; clock      ; 0.949 ; 1.530 ; Rise       ; clock           ;
;  b[26]    ; clock      ; 1.159 ; 1.730 ; Rise       ; clock           ;
;  b[27]    ; clock      ; 1.328 ; 1.984 ; Rise       ; clock           ;
;  b[28]    ; clock      ; 1.129 ; 1.798 ; Rise       ; clock           ;
;  b[29]    ; clock      ; 1.273 ; 1.869 ; Rise       ; clock           ;
;  b[30]    ; clock      ; 0.669 ; 0.888 ; Rise       ; clock           ;
;  b[31]    ; clock      ; 1.188 ; 1.784 ; Rise       ; clock           ;
; c0        ; clock      ; 1.279 ; 1.943 ; Rise       ; clock           ;
+-----------+------------+-------+-------+------------+-----------------+


+-------------------------------------------------------------------------+
; Hold Times                                                              ;
+-----------+------------+--------+--------+------------+-----------------+
; Data Port ; Clock Port ; Rise   ; Fall   ; Clock Edge ; Clock Reference ;
+-----------+------------+--------+--------+------------+-----------------+
; a[*]      ; clock      ; -0.014 ; -0.250 ; Rise       ; clock           ;
;  a[0]     ; clock      ; -0.518 ; -1.105 ; Rise       ; clock           ;
;  a[1]     ; clock      ; -0.487 ; -1.061 ; Rise       ; clock           ;
;  a[2]     ; clock      ; -0.437 ; -1.002 ; Rise       ; clock           ;
;  a[3]     ; clock      ; -0.334 ; -0.901 ; Rise       ; clock           ;
;  a[4]     ; clock      ; -0.352 ; -0.920 ; Rise       ; clock           ;
;  a[5]     ; clock      ; -0.728 ; -1.316 ; Rise       ; clock           ;
;  a[6]     ; clock      ; -0.493 ; -1.086 ; Rise       ; clock           ;
;  a[7]     ; clock      ; -0.414 ; -0.991 ; Rise       ; clock           ;
;  a[8]     ; clock      ; -0.437 ; -1.017 ; Rise       ; clock           ;
;  a[9]     ; clock      ; -0.687 ; -1.293 ; Rise       ; clock           ;
;  a[10]    ; clock      ; -0.460 ; -1.024 ; Rise       ; clock           ;
;  a[11]    ; clock      ; -0.472 ; -1.057 ; Rise       ; clock           ;
;  a[12]    ; clock      ; -0.426 ; -1.009 ; Rise       ; clock           ;
;  a[13]    ; clock      ; -0.394 ; -0.986 ; Rise       ; clock           ;
;  a[14]    ; clock      ; -0.477 ; -1.090 ; Rise       ; clock           ;
;  a[15]    ; clock      ; -0.268 ; -0.823 ; Rise       ; clock           ;
;  a[16]    ; clock      ; -0.623 ; -1.267 ; Rise       ; clock           ;
;  a[17]    ; clock      ; -0.736 ; -1.398 ; Rise       ; clock           ;
;  a[18]    ; clock      ; -0.753 ; -1.412 ; Rise       ; clock           ;
;  a[19]    ; clock      ; -1.036 ; -1.734 ; Rise       ; clock           ;
;  a[20]    ; clock      ; -0.305 ; -0.873 ; Rise       ; clock           ;
;  a[21]    ; clock      ; -0.572 ; -1.139 ; Rise       ; clock           ;
;  a[22]    ; clock      ; -0.522 ; -1.077 ; Rise       ; clock           ;
;  a[23]    ; clock      ; -0.422 ; -1.000 ; Rise       ; clock           ;
;  a[24]    ; clock      ; -0.328 ; -0.907 ; Rise       ; clock           ;
;  a[25]    ; clock      ; -0.479 ; -1.081 ; Rise       ; clock           ;
;  a[26]    ; clock      ; -0.453 ; -1.041 ; Rise       ; clock           ;
;  a[27]    ; clock      ; -0.432 ; -1.013 ; Rise       ; clock           ;
;  a[28]    ; clock      ; -0.486 ; -1.077 ; Rise       ; clock           ;
;  a[29]    ; clock      ; -0.789 ; -1.386 ; Rise       ; clock           ;
;  a[30]    ; clock      ; -0.014 ; -0.250 ; Rise       ; clock           ;
;  a[31]    ; clock      ; -1.095 ; -1.822 ; Rise       ; clock           ;
; b[*]      ; clock      ; -0.020 ; -0.275 ; Rise       ; clock           ;
;  b[0]     ; clock      ; -0.501 ; -1.099 ; Rise       ; clock           ;
;  b[1]     ; clock      ; -0.829 ; -1.418 ; Rise       ; clock           ;
;  b[2]     ; clock      ; -0.318 ; -0.885 ; Rise       ; clock           ;
;  b[3]     ; clock      ; -1.164 ; -1.882 ; Rise       ; clock           ;
;  b[4]     ; clock      ; -0.319 ; -0.893 ; Rise       ; clock           ;
;  b[5]     ; clock      ; -0.848 ; -1.499 ; Rise       ; clock           ;
;  b[6]     ; clock      ; -1.457 ; -2.203 ; Rise       ; clock           ;
;  b[7]     ; clock      ; -0.345 ; -0.901 ; Rise       ; clock           ;
;  b[8]     ; clock      ; -0.668 ; -1.287 ; Rise       ; clock           ;
;  b[9]     ; clock      ; -0.443 ; -0.989 ; Rise       ; clock           ;
;  b[10]    ; clock      ; -0.757 ; -1.331 ; Rise       ; clock           ;
;  b[11]    ; clock      ; -0.684 ; -1.316 ; Rise       ; clock           ;
;  b[12]    ; clock      ; -0.296 ; -0.868 ; Rise       ; clock           ;
;  b[13]    ; clock      ; -0.537 ; -1.108 ; Rise       ; clock           ;
;  b[14]    ; clock      ; -0.714 ; -1.299 ; Rise       ; clock           ;
;  b[15]    ; clock      ; -0.358 ; -0.930 ; Rise       ; clock           ;
;  b[16]    ; clock      ; -1.372 ; -2.115 ; Rise       ; clock           ;
;  b[17]    ; clock      ; -0.790 ; -1.444 ; Rise       ; clock           ;
;  b[18]    ; clock      ; -0.804 ; -1.428 ; Rise       ; clock           ;
;  b[19]    ; clock      ; -1.364 ; -2.130 ; Rise       ; clock           ;
;  b[20]    ; clock      ; -1.216 ; -1.939 ; Rise       ; clock           ;
;  b[21]    ; clock      ; -0.574 ; -1.174 ; Rise       ; clock           ;
;  b[22]    ; clock      ; -0.556 ; -1.136 ; Rise       ; clock           ;
;  b[23]    ; clock      ; -0.340 ; -0.901 ; Rise       ; clock           ;
;  b[24]    ; clock      ; -0.392 ; -0.945 ; Rise       ; clock           ;
;  b[25]    ; clock      ; -0.544 ; -1.116 ; Rise       ; clock           ;
;  b[26]    ; clock      ; -0.433 ; -0.978 ; Rise       ; clock           ;
;  b[27]    ; clock      ; -0.439 ; -1.054 ; Rise       ; clock           ;
;  b[28]    ; clock      ; -0.572 ; -1.193 ; Rise       ; clock           ;
;  b[29]    ; clock      ; -0.609 ; -1.203 ; Rise       ; clock           ;
;  b[30]    ; clock      ; -0.020 ; -0.275 ; Rise       ; clock           ;
;  b[31]    ; clock      ; -0.268 ; -0.837 ; Rise       ; clock           ;
; c0        ; clock      ; -0.336 ; -0.898 ; Rise       ; clock           ;
+-----------+------------+--------+--------+------------+-----------------+


+------------------------------------------------------------------------+
; Clock to Output Times                                                  ;
+------------+------------+-------+-------+------------+-----------------+
; Data Port  ; Clock Port ; Rise  ; Fall  ; Clock Edge ; Clock Reference ;
+------------+------------+-------+-------+------------+-----------------+
; carry_out3 ; clock      ; 3.957 ; 4.040 ; Rise       ; clock           ;
; out[*]     ; clock      ; 6.067 ; 6.410 ; Rise       ; clock           ;
;  out[0]    ; clock      ; 4.529 ; 4.732 ; Rise       ; clock           ;
;  out[1]    ; clock      ; 4.598 ; 4.796 ; Rise       ; clock           ;
;  out[2]    ; clock      ; 4.278 ; 4.422 ; Rise       ; clock           ;
;  out[3]    ; clock      ; 4.556 ; 4.767 ; Rise       ; clock           ;
;  out[4]    ; clock      ; 4.750 ; 5.008 ; Rise       ; clock           ;
;  out[5]    ; clock      ; 4.594 ; 4.831 ; Rise       ; clock           ;
;  out[6]    ; clock      ; 4.916 ; 5.133 ; Rise       ; clock           ;
;  out[7]    ; clock      ; 5.200 ; 5.460 ; Rise       ; clock           ;
;  out[8]    ; clock      ; 3.629 ; 3.671 ; Rise       ; clock           ;
;  out[9]    ; clock      ; 3.827 ; 3.892 ; Rise       ; clock           ;
;  out[10]   ; clock      ; 3.993 ; 4.081 ; Rise       ; clock           ;
;  out[11]   ; clock      ; 3.608 ; 3.649 ; Rise       ; clock           ;
;  out[12]   ; clock      ; 6.067 ; 6.410 ; Rise       ; clock           ;
;  out[13]   ; clock      ; 5.006 ; 5.295 ; Rise       ; clock           ;
;  out[14]   ; clock      ; 3.814 ; 3.871 ; Rise       ; clock           ;
;  out[15]   ; clock      ; 6.051 ; 6.395 ; Rise       ; clock           ;
;  out[16]   ; clock      ; 4.119 ; 4.240 ; Rise       ; clock           ;
;  out[17]   ; clock      ; 4.002 ; 4.115 ; Rise       ; clock           ;
;  out[18]   ; clock      ; 5.053 ; 5.289 ; Rise       ; clock           ;
;  out[19]   ; clock      ; 5.012 ; 5.235 ; Rise       ; clock           ;
;  out[20]   ; clock      ; 4.086 ; 4.225 ; Rise       ; clock           ;
;  out[21]   ; clock      ; 3.757 ; 3.841 ; Rise       ; clock           ;
;  out[22]   ; clock      ; 3.963 ; 4.067 ; Rise       ; clock           ;
;  out[23]   ; clock      ; 3.760 ; 3.843 ; Rise       ; clock           ;
;  out[24]   ; clock      ; 4.225 ; 4.381 ; Rise       ; clock           ;
;  out[25]   ; clock      ; 4.257 ; 4.417 ; Rise       ; clock           ;
;  out[26]   ; clock      ; 3.740 ; 3.798 ; Rise       ; clock           ;
;  out[27]   ; clock      ; 4.139 ; 4.282 ; Rise       ; clock           ;
;  out[28]   ; clock      ; 3.967 ; 4.079 ; Rise       ; clock           ;
;  out[29]   ; clock      ; 4.168 ; 4.315 ; Rise       ; clock           ;
;  out[30]   ; clock      ; 3.874 ; 3.968 ; Rise       ; clock           ;
;  out[31]   ; clock      ; 4.948 ; 5.108 ; Rise       ; clock           ;
+------------+------------+-------+-------+------------+-----------------+


+------------------------------------------------------------------------+
; Minimum Clock to Output Times                                          ;
+------------+------------+-------+-------+------------+-----------------+
; Data Port  ; Clock Port ; Rise  ; Fall  ; Clock Edge ; Clock Reference ;
+------------+------------+-------+-------+------------+-----------------+
; carry_out3 ; clock      ; 3.827 ; 3.906 ; Rise       ; clock           ;
; out[*]     ; clock      ; 3.491 ; 3.530 ; Rise       ; clock           ;
;  out[0]    ; clock      ; 4.377 ; 4.574 ; Rise       ; clock           ;
;  out[1]    ; clock      ; 4.445 ; 4.635 ; Rise       ; clock           ;
;  out[2]    ; clock      ; 4.135 ; 4.273 ; Rise       ; clock           ;
;  out[3]    ; clock      ; 4.406 ; 4.609 ; Rise       ; clock           ;
;  out[4]    ; clock      ; 4.590 ; 4.839 ; Rise       ; clock           ;
;  out[5]    ; clock      ; 4.444 ; 4.672 ; Rise       ; clock           ;
;  out[6]    ; clock      ; 4.751 ; 4.961 ; Rise       ; clock           ;
;  out[7]    ; clock      ; 5.023 ; 5.273 ; Rise       ; clock           ;
;  out[8]    ; clock      ; 3.512 ; 3.553 ; Rise       ; clock           ;
;  out[9]    ; clock      ; 3.703 ; 3.765 ; Rise       ; clock           ;
;  out[10]   ; clock      ; 3.864 ; 3.948 ; Rise       ; clock           ;
;  out[11]   ; clock      ; 3.491 ; 3.530 ; Rise       ; clock           ;
;  out[12]   ; clock      ; 5.855 ; 6.185 ; Rise       ; clock           ;
;  out[13]   ; clock      ; 4.834 ; 5.112 ; Rise       ; clock           ;
;  out[14]   ; clock      ; 3.688 ; 3.743 ; Rise       ; clock           ;
;  out[15]   ; clock      ; 5.840 ; 6.171 ; Rise       ; clock           ;
;  out[16]   ; clock      ; 3.981 ; 4.098 ; Rise       ; clock           ;
;  out[17]   ; clock      ; 3.869 ; 3.977 ; Rise       ; clock           ;
;  out[18]   ; clock      ; 4.881 ; 5.108 ; Rise       ; clock           ;
;  out[19]   ; clock      ; 4.842 ; 5.056 ; Rise       ; clock           ;
;  out[20]   ; clock      ; 3.954 ; 4.088 ; Rise       ; clock           ;
;  out[21]   ; clock      ; 3.638 ; 3.719 ; Rise       ; clock           ;
;  out[22]   ; clock      ; 3.837 ; 3.938 ; Rise       ; clock           ;
;  out[23]   ; clock      ; 3.641 ; 3.721 ; Rise       ; clock           ;
;  out[24]   ; clock      ; 4.086 ; 4.237 ; Rise       ; clock           ;
;  out[25]   ; clock      ; 4.117 ; 4.271 ; Rise       ; clock           ;
;  out[26]   ; clock      ; 3.619 ; 3.675 ; Rise       ; clock           ;
;  out[27]   ; clock      ; 4.003 ; 4.142 ; Rise       ; clock           ;
;  out[28]   ; clock      ; 3.837 ; 3.944 ; Rise       ; clock           ;
;  out[29]   ; clock      ; 4.032 ; 4.173 ; Rise       ; clock           ;
;  out[30]   ; clock      ; 3.751 ; 3.842 ; Rise       ; clock           ;
;  out[31]   ; clock      ; 4.817 ; 4.973 ; Rise       ; clock           ;
+------------+------------+-------+-------+------------+-----------------+


---------------------------------------------
; Fast 1200mV 0C Model Metastability Report ;
---------------------------------------------
No synchronizer chains to report.


+-------------------------------------------------------------------------------+
; Multicorner Timing Analysis Summary                                           ;
+------------------+---------+-------+----------+---------+---------------------+
; Clock            ; Setup   ; Hold  ; Recovery ; Removal ; Minimum Pulse Width ;
+------------------+---------+-------+----------+---------+---------------------+
; Worst-case Slack ; -1.835  ; 0.179 ; N/A      ; N/A     ; -3.000              ;
;  clock           ; -1.835  ; 0.179 ; N/A      ; N/A     ; -3.000              ;
; Design-wide TNS  ; -39.038 ; 0.0   ; 0.0      ; 0.0     ; -81.466             ;
;  clock           ; -39.038 ; 0.000 ; N/A      ; N/A     ; -81.466             ;
+------------------+---------+-------+----------+---------+---------------------+


+-----------------------------------------------------------------------+
; Setup Times                                                           ;
+-----------+------------+-------+-------+------------+-----------------+
; Data Port ; Clock Port ; Rise  ; Fall  ; Clock Edge ; Clock Reference ;
+-----------+------------+-------+-------+------------+-----------------+
; a[*]      ; clock      ; 4.175 ; 4.672 ; Rise       ; clock           ;
;  a[0]     ; clock      ; 3.504 ; 3.879 ; Rise       ; clock           ;
;  a[1]     ; clock      ; 3.336 ; 3.691 ; Rise       ; clock           ;
;  a[2]     ; clock      ; 3.947 ; 4.253 ; Rise       ; clock           ;
;  a[3]     ; clock      ; 1.845 ; 2.216 ; Rise       ; clock           ;
;  a[4]     ; clock      ; 2.574 ; 3.029 ; Rise       ; clock           ;
;  a[5]     ; clock      ; 2.612 ; 3.004 ; Rise       ; clock           ;
;  a[6]     ; clock      ; 2.541 ; 2.927 ; Rise       ; clock           ;
;  a[7]     ; clock      ; 2.939 ; 3.269 ; Rise       ; clock           ;
;  a[8]     ; clock      ; 2.446 ; 2.806 ; Rise       ; clock           ;
;  a[9]     ; clock      ; 3.211 ; 3.550 ; Rise       ; clock           ;
;  a[10]    ; clock      ; 2.441 ; 2.792 ; Rise       ; clock           ;
;  a[11]    ; clock      ; 2.506 ; 2.852 ; Rise       ; clock           ;
;  a[12]    ; clock      ; 2.799 ; 3.323 ; Rise       ; clock           ;
;  a[13]    ; clock      ; 1.820 ; 2.207 ; Rise       ; clock           ;
;  a[14]    ; clock      ; 2.615 ; 3.041 ; Rise       ; clock           ;
;  a[15]    ; clock      ; 1.865 ; 2.236 ; Rise       ; clock           ;
;  a[16]    ; clock      ; 2.407 ; 2.888 ; Rise       ; clock           ;
;  a[17]    ; clock      ; 3.015 ; 3.395 ; Rise       ; clock           ;
;  a[18]    ; clock      ; 3.125 ; 3.523 ; Rise       ; clock           ;
;  a[19]    ; clock      ; 3.658 ; 4.091 ; Rise       ; clock           ;
;  a[20]    ; clock      ; 1.927 ; 2.351 ; Rise       ; clock           ;
;  a[21]    ; clock      ; 2.356 ; 2.749 ; Rise       ; clock           ;
;  a[22]    ; clock      ; 2.571 ; 2.946 ; Rise       ; clock           ;
;  a[23]    ; clock      ; 2.766 ; 3.103 ; Rise       ; clock           ;
;  a[24]    ; clock      ; 2.544 ; 2.915 ; Rise       ; clock           ;
;  a[25]    ; clock      ; 2.209 ; 2.582 ; Rise       ; clock           ;
;  a[26]    ; clock      ; 2.671 ; 3.038 ; Rise       ; clock           ;
;  a[27]    ; clock      ; 2.284 ; 2.623 ; Rise       ; clock           ;
;  a[28]    ; clock      ; 2.522 ; 2.899 ; Rise       ; clock           ;
;  a[29]    ; clock      ; 3.039 ; 3.434 ; Rise       ; clock           ;
;  a[30]    ; clock      ; 1.244 ; 1.284 ; Rise       ; clock           ;
;  a[31]    ; clock      ; 4.175 ; 4.672 ; Rise       ; clock           ;
; b[*]      ; clock      ; 4.563 ; 5.083 ; Rise       ; clock           ;
;  b[0]     ; clock      ; 2.972 ; 3.337 ; Rise       ; clock           ;
;  b[1]     ; clock      ; 4.064 ; 4.406 ; Rise       ; clock           ;
;  b[2]     ; clock      ; 3.652 ; 3.953 ; Rise       ; clock           ;
;  b[3]     ; clock      ; 3.740 ; 4.272 ; Rise       ; clock           ;
;  b[4]     ; clock      ; 2.528 ; 2.926 ; Rise       ; clock           ;
;  b[5]     ; clock      ; 2.886 ; 3.301 ; Rise       ; clock           ;
;  b[6]     ; clock      ; 4.563 ; 5.083 ; Rise       ; clock           ;
;  b[7]     ; clock      ; 2.805 ; 3.175 ; Rise       ; clock           ;
;  b[8]     ; clock      ; 2.686 ; 3.090 ; Rise       ; clock           ;
;  b[9]     ; clock      ; 2.448 ; 2.827 ; Rise       ; clock           ;
;  b[10]    ; clock      ; 3.131 ; 3.517 ; Rise       ; clock           ;
;  b[11]    ; clock      ; 3.204 ; 3.630 ; Rise       ; clock           ;
;  b[12]    ; clock      ; 2.537 ; 3.069 ; Rise       ; clock           ;
;  b[13]    ; clock      ; 2.202 ; 2.578 ; Rise       ; clock           ;
;  b[14]    ; clock      ; 2.894 ; 3.210 ; Rise       ; clock           ;
;  b[15]    ; clock      ; 2.086 ; 2.423 ; Rise       ; clock           ;
;  b[16]    ; clock      ; 3.817 ; 4.393 ; Rise       ; clock           ;
;  b[17]    ; clock      ; 3.185 ; 3.536 ; Rise       ; clock           ;
;  b[18]    ; clock      ; 2.918 ; 3.353 ; Rise       ; clock           ;
;  b[19]    ; clock      ; 4.503 ; 5.070 ; Rise       ; clock           ;
;  b[20]    ; clock      ; 3.799 ; 4.377 ; Rise       ; clock           ;
;  b[21]    ; clock      ; 2.461 ; 2.799 ; Rise       ; clock           ;
;  b[22]    ; clock      ; 2.764 ; 3.128 ; Rise       ; clock           ;
;  b[23]    ; clock      ; 2.862 ; 3.217 ; Rise       ; clock           ;
;  b[24]    ; clock      ; 2.644 ; 3.035 ; Rise       ; clock           ;
;  b[25]    ; clock      ; 1.993 ; 2.383 ; Rise       ; clock           ;
;  b[26]    ; clock      ; 2.458 ; 2.834 ; Rise       ; clock           ;
;  b[27]    ; clock      ; 2.880 ; 3.304 ; Rise       ; clock           ;
;  b[28]    ; clock      ; 2.451 ; 2.878 ; Rise       ; clock           ;
;  b[29]    ; clock      ; 2.743 ; 3.068 ; Rise       ; clock           ;
;  b[30]    ; clock      ; 1.400 ; 1.431 ; Rise       ; clock           ;
;  b[31]    ; clock      ; 2.559 ; 2.987 ; Rise       ; clock           ;
; c0        ; clock      ; 2.826 ; 3.234 ; Rise       ; clock           ;
+-----------+------------+-------+-------+------------+-----------------+


+-------------------------------------------------------------------------+
; Hold Times                                                              ;
+-----------+------------+--------+--------+------------+-----------------+
; Data Port ; Clock Port ; Rise   ; Fall   ; Clock Edge ; Clock Reference ;
+-----------+------------+--------+--------+------------+-----------------+
; a[*]      ; clock      ; -0.014 ; -0.123 ; Rise       ; clock           ;
;  a[0]     ; clock      ; -0.518 ; -1.105 ; Rise       ; clock           ;
;  a[1]     ; clock      ; -0.487 ; -1.061 ; Rise       ; clock           ;
;  a[2]     ; clock      ; -0.437 ; -1.002 ; Rise       ; clock           ;
;  a[3]     ; clock      ; -0.334 ; -0.850 ; Rise       ; clock           ;
;  a[4]     ; clock      ; -0.352 ; -0.890 ; Rise       ; clock           ;
;  a[5]     ; clock      ; -0.728 ; -1.316 ; Rise       ; clock           ;
;  a[6]     ; clock      ; -0.493 ; -1.086 ; Rise       ; clock           ;
;  a[7]     ; clock      ; -0.414 ; -0.991 ; Rise       ; clock           ;
;  a[8]     ; clock      ; -0.437 ; -1.017 ; Rise       ; clock           ;
;  a[9]     ; clock      ; -0.687 ; -1.293 ; Rise       ; clock           ;
;  a[10]    ; clock      ; -0.460 ; -1.024 ; Rise       ; clock           ;
;  a[11]    ; clock      ; -0.472 ; -1.057 ; Rise       ; clock           ;
;  a[12]    ; clock      ; -0.426 ; -1.009 ; Rise       ; clock           ;
;  a[13]    ; clock      ; -0.394 ; -0.986 ; Rise       ; clock           ;
;  a[14]    ; clock      ; -0.477 ; -1.090 ; Rise       ; clock           ;
;  a[15]    ; clock      ; -0.268 ; -0.778 ; Rise       ; clock           ;
;  a[16]    ; clock      ; -0.623 ; -1.267 ; Rise       ; clock           ;
;  a[17]    ; clock      ; -0.736 ; -1.398 ; Rise       ; clock           ;
;  a[18]    ; clock      ; -0.753 ; -1.412 ; Rise       ; clock           ;
;  a[19]    ; clock      ; -1.036 ; -1.734 ; Rise       ; clock           ;
;  a[20]    ; clock      ; -0.305 ; -0.848 ; Rise       ; clock           ;
;  a[21]    ; clock      ; -0.572 ; -1.139 ; Rise       ; clock           ;
;  a[22]    ; clock      ; -0.522 ; -1.077 ; Rise       ; clock           ;
;  a[23]    ; clock      ; -0.422 ; -1.000 ; Rise       ; clock           ;
;  a[24]    ; clock      ; -0.328 ; -0.868 ; Rise       ; clock           ;
;  a[25]    ; clock      ; -0.479 ; -1.081 ; Rise       ; clock           ;
;  a[26]    ; clock      ; -0.453 ; -1.041 ; Rise       ; clock           ;
;  a[27]    ; clock      ; -0.432 ; -1.013 ; Rise       ; clock           ;
;  a[28]    ; clock      ; -0.486 ; -1.077 ; Rise       ; clock           ;
;  a[29]    ; clock      ; -0.789 ; -1.386 ; Rise       ; clock           ;
;  a[30]    ; clock      ; -0.014 ; -0.123 ; Rise       ; clock           ;
;  a[31]    ; clock      ; -1.095 ; -1.822 ; Rise       ; clock           ;
; b[*]      ; clock      ; -0.020 ; -0.194 ; Rise       ; clock           ;
;  b[0]     ; clock      ; -0.501 ; -1.099 ; Rise       ; clock           ;
;  b[1]     ; clock      ; -0.829 ; -1.418 ; Rise       ; clock           ;
;  b[2]     ; clock      ; -0.318 ; -0.864 ; Rise       ; clock           ;
;  b[3]     ; clock      ; -1.164 ; -1.882 ; Rise       ; clock           ;
;  b[4]     ; clock      ; -0.319 ; -0.851 ; Rise       ; clock           ;
;  b[5]     ; clock      ; -0.848 ; -1.499 ; Rise       ; clock           ;
;  b[6]     ; clock      ; -1.457 ; -2.203 ; Rise       ; clock           ;
;  b[7]     ; clock      ; -0.345 ; -0.901 ; Rise       ; clock           ;
;  b[8]     ; clock      ; -0.668 ; -1.287 ; Rise       ; clock           ;
;  b[9]     ; clock      ; -0.443 ; -0.989 ; Rise       ; clock           ;
;  b[10]    ; clock      ; -0.757 ; -1.331 ; Rise       ; clock           ;
;  b[11]    ; clock      ; -0.684 ; -1.316 ; Rise       ; clock           ;
;  b[12]    ; clock      ; -0.296 ; -0.853 ; Rise       ; clock           ;
;  b[13]    ; clock      ; -0.537 ; -1.108 ; Rise       ; clock           ;
;  b[14]    ; clock      ; -0.714 ; -1.299 ; Rise       ; clock           ;
;  b[15]    ; clock      ; -0.358 ; -0.930 ; Rise       ; clock           ;
;  b[16]    ; clock      ; -1.372 ; -2.115 ; Rise       ; clock           ;
;  b[17]    ; clock      ; -0.790 ; -1.444 ; Rise       ; clock           ;
;  b[18]    ; clock      ; -0.804 ; -1.428 ; Rise       ; clock           ;
;  b[19]    ; clock      ; -1.364 ; -2.130 ; Rise       ; clock           ;
;  b[20]    ; clock      ; -1.216 ; -1.939 ; Rise       ; clock           ;
;  b[21]    ; clock      ; -0.574 ; -1.174 ; Rise       ; clock           ;
;  b[22]    ; clock      ; -0.556 ; -1.136 ; Rise       ; clock           ;
;  b[23]    ; clock      ; -0.340 ; -0.901 ; Rise       ; clock           ;
;  b[24]    ; clock      ; -0.392 ; -0.945 ; Rise       ; clock           ;
;  b[25]    ; clock      ; -0.544 ; -1.116 ; Rise       ; clock           ;
;  b[26]    ; clock      ; -0.433 ; -0.978 ; Rise       ; clock           ;
;  b[27]    ; clock      ; -0.439 ; -1.054 ; Rise       ; clock           ;
;  b[28]    ; clock      ; -0.572 ; -1.193 ; Rise       ; clock           ;
;  b[29]    ; clock      ; -0.609 ; -1.203 ; Rise       ; clock           ;
;  b[30]    ; clock      ; -0.020 ; -0.194 ; Rise       ; clock           ;
;  b[31]    ; clock      ; -0.268 ; -0.800 ; Rise       ; clock           ;
; c0        ; clock      ; -0.336 ; -0.866 ; Rise       ; clock           ;
+-----------+------------+--------+--------+------------+-----------------+


+--------------------------------------------------------------------------+
; Clock to Output Times                                                    ;
+------------+------------+--------+--------+------------+-----------------+
; Data Port  ; Clock Port ; Rise   ; Fall   ; Clock Edge ; Clock Reference ;
+------------+------------+--------+--------+------------+-----------------+
; carry_out3 ; clock      ; 7.461  ; 7.406  ; Rise       ; clock           ;
; out[*]     ; clock      ; 11.828 ; 11.637 ; Rise       ; clock           ;
;  out[0]    ; clock      ; 8.577  ; 8.608  ; Rise       ; clock           ;
;  out[1]    ; clock      ; 8.805  ; 8.762  ; Rise       ; clock           ;
;  out[2]    ; clock      ; 8.079  ; 8.064  ; Rise       ; clock           ;
;  out[3]    ; clock      ; 8.618  ; 8.688  ; Rise       ; clock           ;
;  out[4]    ; clock      ; 9.049  ; 9.169  ; Rise       ; clock           ;
;  out[5]    ; clock      ; 8.699  ; 8.809  ; Rise       ; clock           ;
;  out[6]    ; clock      ; 9.444  ; 9.345  ; Rise       ; clock           ;
;  out[7]    ; clock      ; 10.046 ; 9.941  ; Rise       ; clock           ;
;  out[8]    ; clock      ; 6.797  ; 6.760  ; Rise       ; clock           ;
;  out[9]    ; clock      ; 7.164  ; 7.120  ; Rise       ; clock           ;
;  out[10]   ; clock      ; 7.492  ; 7.468  ; Rise       ; clock           ;
;  out[11]   ; clock      ; 6.771  ; 6.733  ; Rise       ; clock           ;
;  out[12]   ; clock      ; 11.828 ; 11.637 ; Rise       ; clock           ;
;  out[13]   ; clock      ; 9.483  ; 9.649  ; Rise       ; clock           ;
;  out[14]   ; clock      ; 7.239  ; 7.150  ; Rise       ; clock           ;
;  out[15]   ; clock      ; 11.797 ; 11.608 ; Rise       ; clock           ;
;  out[16]   ; clock      ; 7.786  ; 7.770  ; Rise       ; clock           ;
;  out[17]   ; clock      ; 7.553  ; 7.557  ; Rise       ; clock           ;
;  out[18]   ; clock      ; 9.755  ; 9.639  ; Rise       ; clock           ;
;  out[19]   ; clock      ; 9.660  ; 9.552  ; Rise       ; clock           ;
;  out[20]   ; clock      ; 7.758  ; 7.748  ; Rise       ; clock           ;
;  out[21]   ; clock      ; 7.070  ; 7.053  ; Rise       ; clock           ;
;  out[22]   ; clock      ; 7.450  ; 7.425  ; Rise       ; clock           ;
;  out[23]   ; clock      ; 7.074  ; 7.058  ; Rise       ; clock           ;
;  out[24]   ; clock      ; 8.038  ; 8.018  ; Rise       ; clock           ;
;  out[25]   ; clock      ; 8.084  ; 8.066  ; Rise       ; clock           ;
;  out[26]   ; clock      ; 6.955  ; 6.941  ; Rise       ; clock           ;
;  out[27]   ; clock      ; 7.869  ; 7.861  ; Rise       ; clock           ;
;  out[28]   ; clock      ; 7.498  ; 7.528  ; Rise       ; clock           ;
;  out[29]   ; clock      ; 7.953  ; 7.930  ; Rise       ; clock           ;
;  out[30]   ; clock      ; 7.302  ; 7.269  ; Rise       ; clock           ;
;  out[31]   ; clock      ; 9.004  ; 9.048  ; Rise       ; clock           ;
+------------+------------+--------+--------+------------+-----------------+


+------------------------------------------------------------------------+
; Minimum Clock to Output Times                                          ;
+------------+------------+-------+-------+------------+-----------------+
; Data Port  ; Clock Port ; Rise  ; Fall  ; Clock Edge ; Clock Reference ;
+------------+------------+-------+-------+------------+-----------------+
; carry_out3 ; clock      ; 3.827 ; 3.906 ; Rise       ; clock           ;
; out[*]     ; clock      ; 3.491 ; 3.530 ; Rise       ; clock           ;
;  out[0]    ; clock      ; 4.377 ; 4.574 ; Rise       ; clock           ;
;  out[1]    ; clock      ; 4.445 ; 4.635 ; Rise       ; clock           ;
;  out[2]    ; clock      ; 4.135 ; 4.273 ; Rise       ; clock           ;
;  out[3]    ; clock      ; 4.406 ; 4.609 ; Rise       ; clock           ;
;  out[4]    ; clock      ; 4.590 ; 4.839 ; Rise       ; clock           ;
;  out[5]    ; clock      ; 4.444 ; 4.672 ; Rise       ; clock           ;
;  out[6]    ; clock      ; 4.751 ; 4.961 ; Rise       ; clock           ;
;  out[7]    ; clock      ; 5.023 ; 5.273 ; Rise       ; clock           ;
;  out[8]    ; clock      ; 3.512 ; 3.553 ; Rise       ; clock           ;
;  out[9]    ; clock      ; 3.703 ; 3.765 ; Rise       ; clock           ;
;  out[10]   ; clock      ; 3.864 ; 3.948 ; Rise       ; clock           ;
;  out[11]   ; clock      ; 3.491 ; 3.530 ; Rise       ; clock           ;
;  out[12]   ; clock      ; 5.855 ; 6.185 ; Rise       ; clock           ;
;  out[13]   ; clock      ; 4.834 ; 5.112 ; Rise       ; clock           ;
;  out[14]   ; clock      ; 3.688 ; 3.743 ; Rise       ; clock           ;
;  out[15]   ; clock      ; 5.840 ; 6.171 ; Rise       ; clock           ;
;  out[16]   ; clock      ; 3.981 ; 4.098 ; Rise       ; clock           ;
;  out[17]   ; clock      ; 3.869 ; 3.977 ; Rise       ; clock           ;
;  out[18]   ; clock      ; 4.881 ; 5.108 ; Rise       ; clock           ;
;  out[19]   ; clock      ; 4.842 ; 5.056 ; Rise       ; clock           ;
;  out[20]   ; clock      ; 3.954 ; 4.088 ; Rise       ; clock           ;
;  out[21]   ; clock      ; 3.638 ; 3.719 ; Rise       ; clock           ;
;  out[22]   ; clock      ; 3.837 ; 3.938 ; Rise       ; clock           ;
;  out[23]   ; clock      ; 3.641 ; 3.721 ; Rise       ; clock           ;
;  out[24]   ; clock      ; 4.086 ; 4.237 ; Rise       ; clock           ;
;  out[25]   ; clock      ; 4.117 ; 4.271 ; Rise       ; clock           ;
;  out[26]   ; clock      ; 3.619 ; 3.675 ; Rise       ; clock           ;
;  out[27]   ; clock      ; 4.003 ; 4.142 ; Rise       ; clock           ;
;  out[28]   ; clock      ; 3.837 ; 3.944 ; Rise       ; clock           ;
;  out[29]   ; clock      ; 4.032 ; 4.173 ; Rise       ; clock           ;
;  out[30]   ; clock      ; 3.751 ; 3.842 ; Rise       ; clock           ;
;  out[31]   ; clock      ; 4.817 ; 4.973 ; Rise       ; clock           ;
+------------+------------+-------+-------+------------+-----------------+


+------------------------------------------------------------------------------------------------------------------------------------------------------------------------------------------------------------------------------------------------------------------------------------------------------------------------------------------------------------------+
; Board Trace Model Assignments                                                                                                                                                                                                                                                                                                                                    ;
+---------------+--------------+-------------------+-------------------------+-------------------------+---------------+---------------------+----------------+------------------+--------+------------------+------------------------+------------------------+--------------+---------------+-----------------+-------+---------------------+--------------------+
; Pin           ; I/O Standard ; Near Tline Length ; Near Tline L per Length ; Near Tline C per Length ; Near Series R ; Near Differential R ; Near Pull-up R ; Near Pull-down R ; Near C ; Far Tline Length ; Far Tline L per Length ; Far Tline C per Length ; Far Series R ; Far Pull-up R ; Far Pull-down R ; Far C ; Termination Voltage ; Far Differential R ;
+---------------+--------------+-------------------+-------------------------+-------------------------+---------------+---------------------+----------------+------------------+--------+------------------+------------------------+------------------------+--------------+---------------+-----------------+-------+---------------------+--------------------+
; carry_out3    ; 2.5 V        ; 0 in              ; 0 H/in                  ; 0 F/in                  ; short         ; -                   ; open           ; open             ; open   ; 0 in             ; 0 H/in                 ; 0 F/in                 ; short        ; open          ; open            ; open  ; 0 V                 ; -                  ;
; out[31]       ; 2.5 V        ; 0 in              ; 0 H/in                  ; 0 F/in                  ; short         ; -                   ; open           ; open             ; open   ; 0 in             ; 0 H/in                 ; 0 F/in                 ; short        ; open          ; open            ; open  ; 0 V                 ; -                  ;
; out[30]       ; 2.5 V        ; 0 in              ; 0 H/in                  ; 0 F/in                  ; short         ; -                   ; open           ; open             ; open   ; 0 in             ; 0 H/in                 ; 0 F/in                 ; short        ; open          ; open            ; open  ; 0 V                 ; -                  ;
; out[29]       ; 2.5 V        ; 0 in              ; 0 H/in                  ; 0 F/in                  ; short         ; -                   ; open           ; open             ; open   ; 0 in             ; 0 H/in                 ; 0 F/in                 ; short        ; open          ; open            ; open  ; 0 V                 ; -                  ;
; out[28]       ; 2.5 V        ; 0 in              ; 0 H/in                  ; 0 F/in                  ; short         ; -                   ; open           ; open             ; open   ; 0 in             ; 0 H/in                 ; 0 F/in                 ; short        ; open          ; open            ; open  ; 0 V                 ; -                  ;
; out[27]       ; 2.5 V        ; 0 in              ; 0 H/in                  ; 0 F/in                  ; short         ; -                   ; open           ; open             ; open   ; 0 in             ; 0 H/in                 ; 0 F/in                 ; short        ; open          ; open            ; open  ; 0 V                 ; -                  ;
; out[26]       ; 2.5 V        ; 0 in              ; 0 H/in                  ; 0 F/in                  ; short         ; -                   ; open           ; open             ; open   ; 0 in             ; 0 H/in                 ; 0 F/in                 ; short        ; open          ; open            ; open  ; 0 V                 ; -                  ;
; out[25]       ; 2.5 V        ; 0 in              ; 0 H/in                  ; 0 F/in                  ; short         ; -                   ; open           ; open             ; open   ; 0 in             ; 0 H/in                 ; 0 F/in                 ; short        ; open          ; open            ; open  ; 0 V                 ; -                  ;
; out[24]       ; 2.5 V        ; 0 in              ; 0 H/in                  ; 0 F/in                  ; short         ; -                   ; open           ; open             ; open   ; 0 in             ; 0 H/in                 ; 0 F/in                 ; short        ; open          ; open            ; open  ; 0 V                 ; -                  ;
; out[23]       ; 2.5 V        ; 0 in              ; 0 H/in                  ; 0 F/in                  ; short         ; -                   ; open           ; open             ; open   ; 0 in             ; 0 H/in                 ; 0 F/in                 ; short        ; open          ; open            ; open  ; 0 V                 ; -                  ;
; out[22]       ; 2.5 V        ; 0 in              ; 0 H/in                  ; 0 F/in                  ; short         ; -                   ; open           ; open             ; open   ; 0 in             ; 0 H/in                 ; 0 F/in                 ; short        ; open          ; open            ; open  ; 0 V                 ; -                  ;
; out[21]       ; 2.5 V        ; 0 in              ; 0 H/in                  ; 0 F/in                  ; short         ; -                   ; open           ; open             ; open   ; 0 in             ; 0 H/in                 ; 0 F/in                 ; short        ; open          ; open            ; open  ; 0 V                 ; -                  ;
; out[20]       ; 2.5 V        ; 0 in              ; 0 H/in                  ; 0 F/in                  ; short         ; -                   ; open           ; open             ; open   ; 0 in             ; 0 H/in                 ; 0 F/in                 ; short        ; open          ; open            ; open  ; 0 V                 ; -                  ;
; out[19]       ; 2.5 V        ; 0 in              ; 0 H/in                  ; 0 F/in                  ; short         ; -                   ; open           ; open             ; open   ; 0 in             ; 0 H/in                 ; 0 F/in                 ; short        ; open          ; open            ; open  ; 0 V                 ; -                  ;
; out[18]       ; 2.5 V        ; 0 in              ; 0 H/in                  ; 0 F/in                  ; short         ; -                   ; open           ; open             ; open   ; 0 in             ; 0 H/in                 ; 0 F/in                 ; short        ; open          ; open            ; open  ; 0 V                 ; -                  ;
; out[17]       ; 2.5 V        ; 0 in              ; 0 H/in                  ; 0 F/in                  ; short         ; -                   ; open           ; open             ; open   ; 0 in             ; 0 H/in                 ; 0 F/in                 ; short        ; open          ; open            ; open  ; 0 V                 ; -                  ;
; out[16]       ; 2.5 V        ; 0 in              ; 0 H/in                  ; 0 F/in                  ; short         ; -                   ; open           ; open             ; open   ; 0 in             ; 0 H/in                 ; 0 F/in                 ; short        ; open          ; open            ; open  ; 0 V                 ; -                  ;
; out[15]       ; 2.5 V        ; 0 in              ; 0 H/in                  ; 0 F/in                  ; short         ; -                   ; open           ; open             ; open   ; 0 in             ; 0 H/in                 ; 0 F/in                 ; short        ; open          ; open            ; open  ; 0 V                 ; -                  ;
; out[14]       ; 2.5 V        ; 0 in              ; 0 H/in                  ; 0 F/in                  ; short         ; -                   ; open           ; open             ; open   ; 0 in             ; 0 H/in                 ; 0 F/in                 ; short        ; open          ; open            ; open  ; 0 V                 ; -                  ;
; out[13]       ; 2.5 V        ; 0 in              ; 0 H/in                  ; 0 F/in                  ; short         ; -                   ; open           ; open             ; open   ; 0 in             ; 0 H/in                 ; 0 F/in                 ; short        ; open          ; open            ; open  ; 0 V                 ; -                  ;
; out[12]       ; 2.5 V        ; 0 in              ; 0 H/in                  ; 0 F/in                  ; short         ; -                   ; open           ; open             ; open   ; 0 in             ; 0 H/in                 ; 0 F/in                 ; short        ; open          ; open            ; open  ; 0 V                 ; -                  ;
; out[11]       ; 2.5 V        ; 0 in              ; 0 H/in                  ; 0 F/in                  ; short         ; -                   ; open           ; open             ; open   ; 0 in             ; 0 H/in                 ; 0 F/in                 ; short        ; open          ; open            ; open  ; 0 V                 ; -                  ;
; out[10]       ; 2.5 V        ; 0 in              ; 0 H/in                  ; 0 F/in                  ; short         ; -                   ; open           ; open             ; open   ; 0 in             ; 0 H/in                 ; 0 F/in                 ; short        ; open          ; open            ; open  ; 0 V                 ; -                  ;
; out[9]        ; 2.5 V        ; 0 in              ; 0 H/in                  ; 0 F/in                  ; short         ; -                   ; open           ; open             ; open   ; 0 in             ; 0 H/in                 ; 0 F/in                 ; short        ; open          ; open            ; open  ; 0 V                 ; -                  ;
; out[8]        ; 2.5 V        ; 0 in              ; 0 H/in                  ; 0 F/in                  ; short         ; -                   ; open           ; open             ; open   ; 0 in             ; 0 H/in                 ; 0 F/in                 ; short        ; open          ; open            ; open  ; 0 V                 ; -                  ;
; out[7]        ; 2.5 V        ; 0 in              ; 0 H/in                  ; 0 F/in                  ; short         ; -                   ; open           ; open             ; open   ; 0 in             ; 0 H/in                 ; 0 F/in                 ; short        ; open          ; open            ; open  ; 0 V                 ; -                  ;
; out[6]        ; 2.5 V        ; 0 in              ; 0 H/in                  ; 0 F/in                  ; short         ; -                   ; open           ; open             ; open   ; 0 in             ; 0 H/in                 ; 0 F/in                 ; short        ; open          ; open            ; open  ; 0 V                 ; -                  ;
; out[5]        ; 2.5 V        ; 0 in              ; 0 H/in                  ; 0 F/in                  ; short         ; -                   ; open           ; open             ; open   ; 0 in             ; 0 H/in                 ; 0 F/in                 ; short        ; open          ; open            ; open  ; 0 V                 ; -                  ;
; out[4]        ; 2.5 V        ; 0 in              ; 0 H/in                  ; 0 F/in                  ; short         ; -                   ; open           ; open             ; open   ; 0 in             ; 0 H/in                 ; 0 F/in                 ; short        ; open          ; open            ; open  ; 0 V                 ; -                  ;
; out[3]        ; 2.5 V        ; 0 in              ; 0 H/in                  ; 0 F/in                  ; short         ; -                   ; open           ; open             ; open   ; 0 in             ; 0 H/in                 ; 0 F/in                 ; short        ; open          ; open            ; open  ; 0 V                 ; -                  ;
; out[2]        ; 2.5 V        ; 0 in              ; 0 H/in                  ; 0 F/in                  ; short         ; -                   ; open           ; open             ; open   ; 0 in             ; 0 H/in                 ; 0 F/in                 ; short        ; open          ; open            ; open  ; 0 V                 ; -                  ;
; out[1]        ; 2.5 V        ; 0 in              ; 0 H/in                  ; 0 F/in                  ; short         ; -                   ; open           ; open             ; open   ; 0 in             ; 0 H/in                 ; 0 F/in                 ; short        ; open          ; open            ; open  ; 0 V                 ; -                  ;
; out[0]        ; 2.5 V        ; 0 in              ; 0 H/in                  ; 0 F/in                  ; short         ; -                   ; open           ; open             ; open   ; 0 in             ; 0 H/in                 ; 0 F/in                 ; short        ; open          ; open            ; open  ; 0 V                 ; -                  ;
; ~ALTERA_DCLK~ ; 2.5 V        ; 0 in              ; 0 H/in                  ; 0 F/in                  ; short         ; -                   ; open           ; open             ; open   ; 0 in             ; 0 H/in                 ; 0 F/in                 ; short        ; open          ; open            ; open  ; 0 V                 ; -                  ;
; ~ALTERA_nCEO~ ; 2.5 V        ; 0 in              ; 0 H/in                  ; 0 F/in                  ; short         ; -                   ; open           ; open             ; open   ; 0 in             ; 0 H/in                 ; 0 F/in                 ; short        ; open          ; open            ; open  ; 0 V                 ; -                  ;
+---------------+--------------+-------------------+-------------------------+-------------------------+---------------+---------------------+----------------+------------------+--------+------------------+------------------------+------------------------+--------------+---------------+-----------------+-------+---------------------+--------------------+


+----------------------------------------------------------------------------+
; Input Transition Times                                                     ;
+-------------------------+--------------+-----------------+-----------------+
; Pin                     ; I/O Standard ; 10-90 Rise Time ; 90-10 Fall Time ;
+-------------------------+--------------+-----------------+-----------------+
; a[30]                   ; 2.5 V        ; 2000 ps         ; 2000 ps         ;
; b[30]                   ; 2.5 V        ; 2000 ps         ; 2000 ps         ;
; a[31]                   ; 2.5 V        ; 2000 ps         ; 2000 ps         ;
; b[31]                   ; 2.5 V        ; 2000 ps         ; 2000 ps         ;
; a[29]                   ; 2.5 V        ; 2000 ps         ; 2000 ps         ;
; b[29]                   ; 2.5 V        ; 2000 ps         ; 2000 ps         ;
; a[28]                   ; 2.5 V        ; 2000 ps         ; 2000 ps         ;
; b[28]                   ; 2.5 V        ; 2000 ps         ; 2000 ps         ;
; clock                   ; 2.5 V        ; 2000 ps         ; 2000 ps         ;
; cclr                    ; 2.5 V        ; 2000 ps         ; 2000 ps         ;
; b[25]                   ; 2.5 V        ; 2000 ps         ; 2000 ps         ;
; a[25]                   ; 2.5 V        ; 2000 ps         ; 2000 ps         ;
; a[26]                   ; 2.5 V        ; 2000 ps         ; 2000 ps         ;
; b[26]                   ; 2.5 V        ; 2000 ps         ; 2000 ps         ;
; a[24]                   ; 2.5 V        ; 2000 ps         ; 2000 ps         ;
; b[24]                   ; 2.5 V        ; 2000 ps         ; 2000 ps         ;
; a[27]                   ; 2.5 V        ; 2000 ps         ; 2000 ps         ;
; b[27]                   ; 2.5 V        ; 2000 ps         ; 2000 ps         ;
; b[21]                   ; 2.5 V        ; 2000 ps         ; 2000 ps         ;
; a[21]                   ; 2.5 V        ; 2000 ps         ; 2000 ps         ;
; a[22]                   ; 2.5 V        ; 2000 ps         ; 2000 ps         ;
; b[22]                   ; 2.5 V        ; 2000 ps         ; 2000 ps         ;
; a[20]                   ; 2.5 V        ; 2000 ps         ; 2000 ps         ;
; b[20]                   ; 2.5 V        ; 2000 ps         ; 2000 ps         ;
; a[23]                   ; 2.5 V        ; 2000 ps         ; 2000 ps         ;
; b[23]                   ; 2.5 V        ; 2000 ps         ; 2000 ps         ;
; b[17]                   ; 2.5 V        ; 2000 ps         ; 2000 ps         ;
; a[17]                   ; 2.5 V        ; 2000 ps         ; 2000 ps         ;
; a[18]                   ; 2.5 V        ; 2000 ps         ; 2000 ps         ;
; b[18]                   ; 2.5 V        ; 2000 ps         ; 2000 ps         ;
; a[16]                   ; 2.5 V        ; 2000 ps         ; 2000 ps         ;
; b[16]                   ; 2.5 V        ; 2000 ps         ; 2000 ps         ;
; a[19]                   ; 2.5 V        ; 2000 ps         ; 2000 ps         ;
; b[19]                   ; 2.5 V        ; 2000 ps         ; 2000 ps         ;
; b[13]                   ; 2.5 V        ; 2000 ps         ; 2000 ps         ;
; a[13]                   ; 2.5 V        ; 2000 ps         ; 2000 ps         ;
; a[14]                   ; 2.5 V        ; 2000 ps         ; 2000 ps         ;
; b[14]                   ; 2.5 V        ; 2000 ps         ; 2000 ps         ;
; a[12]                   ; 2.5 V        ; 2000 ps         ; 2000 ps         ;
; b[12]                   ; 2.5 V        ; 2000 ps         ; 2000 ps         ;
; a[15]                   ; 2.5 V        ; 2000 ps         ; 2000 ps         ;
; b[15]                   ; 2.5 V        ; 2000 ps         ; 2000 ps         ;
; b[9]                    ; 2.5 V        ; 2000 ps         ; 2000 ps         ;
; a[9]                    ; 2.5 V        ; 2000 ps         ; 2000 ps         ;
; a[10]                   ; 2.5 V        ; 2000 ps         ; 2000 ps         ;
; b[10]                   ; 2.5 V        ; 2000 ps         ; 2000 ps         ;
; a[8]                    ; 2.5 V        ; 2000 ps         ; 2000 ps         ;
; b[8]                    ; 2.5 V        ; 2000 ps         ; 2000 ps         ;
; a[11]                   ; 2.5 V        ; 2000 ps         ; 2000 ps         ;
; b[11]                   ; 2.5 V        ; 2000 ps         ; 2000 ps         ;
; b[5]                    ; 2.5 V        ; 2000 ps         ; 2000 ps         ;
; a[5]                    ; 2.5 V        ; 2000 ps         ; 2000 ps         ;
; a[6]                    ; 2.5 V        ; 2000 ps         ; 2000 ps         ;
; b[6]                    ; 2.5 V        ; 2000 ps         ; 2000 ps         ;
; a[4]                    ; 2.5 V        ; 2000 ps         ; 2000 ps         ;
; b[4]                    ; 2.5 V        ; 2000 ps         ; 2000 ps         ;
; a[7]                    ; 2.5 V        ; 2000 ps         ; 2000 ps         ;
; b[7]                    ; 2.5 V        ; 2000 ps         ; 2000 ps         ;
; a[3]                    ; 2.5 V        ; 2000 ps         ; 2000 ps         ;
; b[3]                    ; 2.5 V        ; 2000 ps         ; 2000 ps         ;
; b[1]                    ; 2.5 V        ; 2000 ps         ; 2000 ps         ;
; a[1]                    ; 2.5 V        ; 2000 ps         ; 2000 ps         ;
; a[2]                    ; 2.5 V        ; 2000 ps         ; 2000 ps         ;
; b[2]                    ; 2.5 V        ; 2000 ps         ; 2000 ps         ;
; a[0]                    ; 2.5 V        ; 2000 ps         ; 2000 ps         ;
; b[0]                    ; 2.5 V        ; 2000 ps         ; 2000 ps         ;
; c0                      ; 2.5 V        ; 2000 ps         ; 2000 ps         ;
; ~ALTERA_ASDO_DATA1~     ; 2.5 V        ; 2000 ps         ; 2000 ps         ;
; ~ALTERA_FLASH_nCE_nCSO~ ; 2.5 V        ; 2000 ps         ; 2000 ps         ;
; ~ALTERA_DATA0~          ; 2.5 V        ; 2000 ps         ; 2000 ps         ;
+-------------------------+--------------+-----------------+-----------------+


+--------------------------------------------------------------------------------------------------------------------------------------------------------------------------------------------------------------------------------------------------------------------------------------------------------------------------------------------------------------------------------------------------------------------------------------------------------------------------------------------------------------------------------------------------------------------------------------------------------------------------------------------------------------------------------------------+
; Signal Integrity Metrics (Slow 1200mv 0c Model)                                                                                                                                                                                                                                                                                                                                                                                                                                                                                                                                                                                                                                            ;
+---------------+--------------+---------------------+---------------------+------------------------------+------------------------------+---------------------+---------------------+--------------------------------------+--------------------------------------+-----------------------------+-----------------------------+----------------------------+----------------------------+-----------------------------+-----------------------------+--------------------+--------------------+-------------------------------------+-------------------------------------+----------------------------+----------------------------+---------------------------+---------------------------+
; Pin           ; I/O Standard ; Board Delay on Rise ; Board Delay on Fall ; Steady State Voh at FPGA Pin ; Steady State Vol at FPGA Pin ; Voh Max at FPGA Pin ; Vol Min at FPGA Pin ; Ringback Voltage on Rise at FPGA Pin ; Ringback Voltage on Fall at FPGA Pin ; 10-90 Rise Time at FPGA Pin ; 90-10 Fall Time at FPGA Pin ; Monotonic Rise at FPGA Pin ; Monotonic Fall at FPGA Pin ; Steady State Voh at Far-end ; Steady State Vol at Far-end ; Voh Max at Far-end ; Vol Min at Far-end ; Ringback Voltage on Rise at Far-end ; Ringback Voltage on Fall at Far-end ; 10-90 Rise Time at Far-end ; 90-10 Fall Time at Far-end ; Monotonic Rise at Far-end ; Monotonic Fall at Far-end ;
+---------------+--------------+---------------------+---------------------+------------------------------+------------------------------+---------------------+---------------------+--------------------------------------+--------------------------------------+-----------------------------+-----------------------------+----------------------------+----------------------------+-----------------------------+-----------------------------+--------------------+--------------------+-------------------------------------+-------------------------------------+----------------------------+----------------------------+---------------------------+---------------------------+
; carry_out3    ; 2.5 V        ; 0 s                 ; 0 s                 ; 2.32 V                       ; 4.49e-09 V                   ; 2.38 V              ; -0.00552 V          ; 0.096 V                              ; 0.019 V                              ; 4.18e-10 s                  ; 3.59e-10 s                  ; No                         ; Yes                        ; 2.32 V                      ; 4.49e-09 V                  ; 2.38 V             ; -0.00552 V         ; 0.096 V                             ; 0.019 V                             ; 4.18e-10 s                 ; 3.59e-10 s                 ; No                        ; Yes                       ;
; out[31]       ; 2.5 V        ; 0 s                 ; 0 s                 ; 2.32 V                       ; 3.07e-09 V                   ; 2.33 V              ; -0.00496 V          ; 0.223 V                              ; 0.086 V                              ; 2.9e-09 s                   ; 2.73e-09 s                  ; Yes                        ; Yes                        ; 2.32 V                      ; 3.07e-09 V                  ; 2.33 V             ; -0.00496 V         ; 0.223 V                             ; 0.086 V                             ; 2.9e-09 s                  ; 2.73e-09 s                 ; Yes                       ; Yes                       ;
; out[30]       ; 2.5 V        ; 0 s                 ; 0 s                 ; 2.32 V                       ; 3.07e-09 V                   ; 2.37 V              ; -0.00994 V          ; 0.186 V                              ; 0.028 V                              ; 4.98e-10 s                  ; 4.96e-10 s                  ; Yes                        ; Yes                        ; 2.32 V                      ; 3.07e-09 V                  ; 2.37 V             ; -0.00994 V         ; 0.186 V                             ; 0.028 V                             ; 4.98e-10 s                 ; 4.96e-10 s                 ; Yes                       ; Yes                       ;
; out[29]       ; 2.5 V        ; 0 s                 ; 0 s                 ; 2.32 V                       ; 3.07e-09 V                   ; 2.37 V              ; -0.00994 V          ; 0.186 V                              ; 0.028 V                              ; 4.98e-10 s                  ; 4.96e-10 s                  ; Yes                        ; Yes                        ; 2.32 V                      ; 3.07e-09 V                  ; 2.37 V             ; -0.00994 V         ; 0.186 V                             ; 0.028 V                             ; 4.98e-10 s                 ; 4.96e-10 s                 ; Yes                       ; Yes                       ;
; out[28]       ; 2.5 V        ; 0 s                 ; 0 s                 ; 2.32 V                       ; 3.07e-09 V                   ; 2.38 V              ; -0.0144 V           ; 0.227 V                              ; 0.024 V                              ; 3.14e-10 s                  ; 3.39e-10 s                  ; Yes                        ; Yes                        ; 2.32 V                      ; 3.07e-09 V                  ; 2.38 V             ; -0.0144 V          ; 0.227 V                             ; 0.024 V                             ; 3.14e-10 s                 ; 3.39e-10 s                 ; Yes                       ; Yes                       ;
; out[27]       ; 2.5 V        ; 0 s                 ; 0 s                 ; 2.32 V                       ; 3.07e-09 V                   ; 2.37 V              ; -0.00994 V          ; 0.186 V                              ; 0.028 V                              ; 4.98e-10 s                  ; 4.96e-10 s                  ; Yes                        ; Yes                        ; 2.32 V                      ; 3.07e-09 V                  ; 2.37 V             ; -0.00994 V         ; 0.186 V                             ; 0.028 V                             ; 4.98e-10 s                 ; 4.96e-10 s                 ; Yes                       ; Yes                       ;
; out[26]       ; 2.5 V        ; 0 s                 ; 0 s                 ; 2.32 V                       ; 4.49e-09 V                   ; 2.38 V              ; -0.00552 V          ; 0.096 V                              ; 0.019 V                              ; 4.18e-10 s                  ; 3.59e-10 s                  ; No                         ; Yes                        ; 2.32 V                      ; 4.49e-09 V                  ; 2.38 V             ; -0.00552 V         ; 0.096 V                             ; 0.019 V                             ; 4.18e-10 s                 ; 3.59e-10 s                 ; No                        ; Yes                       ;
; out[25]       ; 2.5 V        ; 0 s                 ; 0 s                 ; 2.32 V                       ; 3.07e-09 V                   ; 2.37 V              ; -0.00994 V          ; 0.186 V                              ; 0.028 V                              ; 4.98e-10 s                  ; 4.96e-10 s                  ; Yes                        ; Yes                        ; 2.32 V                      ; 3.07e-09 V                  ; 2.37 V             ; -0.00994 V         ; 0.186 V                             ; 0.028 V                             ; 4.98e-10 s                 ; 4.96e-10 s                 ; Yes                       ; Yes                       ;
; out[24]       ; 2.5 V        ; 0 s                 ; 0 s                 ; 2.32 V                       ; 3.07e-09 V                   ; 2.37 V              ; -0.00994 V          ; 0.186 V                              ; 0.028 V                              ; 4.98e-10 s                  ; 4.96e-10 s                  ; Yes                        ; Yes                        ; 2.32 V                      ; 3.07e-09 V                  ; 2.37 V             ; -0.00994 V         ; 0.186 V                             ; 0.028 V                             ; 4.98e-10 s                 ; 4.96e-10 s                 ; Yes                       ; Yes                       ;
; out[23]       ; 2.5 V        ; 0 s                 ; 0 s                 ; 2.32 V                       ; 3.07e-09 V                   ; 2.37 V              ; -0.00994 V          ; 0.186 V                              ; 0.028 V                              ; 4.98e-10 s                  ; 4.96e-10 s                  ; Yes                        ; Yes                        ; 2.32 V                      ; 3.07e-09 V                  ; 2.37 V             ; -0.00994 V         ; 0.186 V                             ; 0.028 V                             ; 4.98e-10 s                 ; 4.96e-10 s                 ; Yes                       ; Yes                       ;
; out[22]       ; 2.5 V        ; 0 s                 ; 0 s                 ; 2.32 V                       ; 3.07e-09 V                   ; 2.37 V              ; -0.00994 V          ; 0.186 V                              ; 0.028 V                              ; 4.98e-10 s                  ; 4.96e-10 s                  ; Yes                        ; Yes                        ; 2.32 V                      ; 3.07e-09 V                  ; 2.37 V             ; -0.00994 V         ; 0.186 V                             ; 0.028 V                             ; 4.98e-10 s                 ; 4.96e-10 s                 ; Yes                       ; Yes                       ;
; out[21]       ; 2.5 V        ; 0 s                 ; 0 s                 ; 2.32 V                       ; 3.07e-09 V                   ; 2.37 V              ; -0.00994 V          ; 0.186 V                              ; 0.028 V                              ; 4.98e-10 s                  ; 4.96e-10 s                  ; Yes                        ; Yes                        ; 2.32 V                      ; 3.07e-09 V                  ; 2.37 V             ; -0.00994 V         ; 0.186 V                             ; 0.028 V                             ; 4.98e-10 s                 ; 4.96e-10 s                 ; Yes                       ; Yes                       ;
; out[20]       ; 2.5 V        ; 0 s                 ; 0 s                 ; 2.32 V                       ; 3.07e-09 V                   ; 2.37 V              ; -0.00994 V          ; 0.186 V                              ; 0.028 V                              ; 4.98e-10 s                  ; 4.96e-10 s                  ; Yes                        ; Yes                        ; 2.32 V                      ; 3.07e-09 V                  ; 2.37 V             ; -0.00994 V         ; 0.186 V                             ; 0.028 V                             ; 4.98e-10 s                 ; 4.96e-10 s                 ; Yes                       ; Yes                       ;
; out[19]       ; 2.5 V        ; 0 s                 ; 0 s                 ; 2.32 V                       ; 3.07e-09 V                   ; 2.37 V              ; -0.00994 V          ; 0.186 V                              ; 0.028 V                              ; 4.98e-10 s                  ; 4.96e-10 s                  ; Yes                        ; Yes                        ; 2.32 V                      ; 3.07e-09 V                  ; 2.37 V             ; -0.00994 V         ; 0.186 V                             ; 0.028 V                             ; 4.98e-10 s                 ; 4.96e-10 s                 ; Yes                       ; Yes                       ;
; out[18]       ; 2.5 V        ; 0 s                 ; 0 s                 ; 2.32 V                       ; 3.07e-09 V                   ; 2.37 V              ; -0.00994 V          ; 0.186 V                              ; 0.028 V                              ; 4.98e-10 s                  ; 4.96e-10 s                  ; Yes                        ; Yes                        ; 2.32 V                      ; 3.07e-09 V                  ; 2.37 V             ; -0.00994 V         ; 0.186 V                             ; 0.028 V                             ; 4.98e-10 s                 ; 4.96e-10 s                 ; Yes                       ; Yes                       ;
; out[17]       ; 2.5 V        ; 0 s                 ; 0 s                 ; 2.32 V                       ; 4.49e-09 V                   ; 2.38 V              ; -0.00552 V          ; 0.096 V                              ; 0.019 V                              ; 4.18e-10 s                  ; 3.59e-10 s                  ; No                         ; Yes                        ; 2.32 V                      ; 4.49e-09 V                  ; 2.38 V             ; -0.00552 V         ; 0.096 V                             ; 0.019 V                             ; 4.18e-10 s                 ; 3.59e-10 s                 ; No                        ; Yes                       ;
; out[16]       ; 2.5 V        ; 0 s                 ; 0 s                 ; 2.32 V                       ; 4.49e-09 V                   ; 2.38 V              ; -0.00552 V          ; 0.096 V                              ; 0.019 V                              ; 4.18e-10 s                  ; 3.59e-10 s                  ; No                         ; Yes                        ; 2.32 V                      ; 4.49e-09 V                  ; 2.38 V             ; -0.00552 V         ; 0.096 V                             ; 0.019 V                             ; 4.18e-10 s                 ; 3.59e-10 s                 ; No                        ; Yes                       ;
; out[15]       ; 2.5 V        ; 0 s                 ; 0 s                 ; 2.32 V                       ; 3.07e-09 V                   ; 2.37 V              ; -0.00994 V          ; 0.186 V                              ; 0.028 V                              ; 4.98e-10 s                  ; 4.96e-10 s                  ; Yes                        ; Yes                        ; 2.32 V                      ; 3.07e-09 V                  ; 2.37 V             ; -0.00994 V         ; 0.186 V                             ; 0.028 V                             ; 4.98e-10 s                 ; 4.96e-10 s                 ; Yes                       ; Yes                       ;
; out[14]       ; 2.5 V        ; 0 s                 ; 0 s                 ; 2.32 V                       ; 4.49e-09 V                   ; 2.38 V              ; -0.00552 V          ; 0.096 V                              ; 0.019 V                              ; 4.18e-10 s                  ; 3.59e-10 s                  ; No                         ; Yes                        ; 2.32 V                      ; 4.49e-09 V                  ; 2.38 V             ; -0.00552 V         ; 0.096 V                             ; 0.019 V                             ; 4.18e-10 s                 ; 3.59e-10 s                 ; No                        ; Yes                       ;
; out[13]       ; 2.5 V        ; 0 s                 ; 0 s                 ; 2.32 V                       ; 3.07e-09 V                   ; 2.38 V              ; -0.0144 V           ; 0.227 V                              ; 0.024 V                              ; 3.14e-10 s                  ; 3.39e-10 s                  ; Yes                        ; Yes                        ; 2.32 V                      ; 3.07e-09 V                  ; 2.38 V             ; -0.0144 V          ; 0.227 V                             ; 0.024 V                             ; 3.14e-10 s                 ; 3.39e-10 s                 ; Yes                       ; Yes                       ;
; out[12]       ; 2.5 V        ; 0 s                 ; 0 s                 ; 2.32 V                       ; 3.07e-09 V                   ; 2.37 V              ; -0.00994 V          ; 0.186 V                              ; 0.028 V                              ; 4.98e-10 s                  ; 4.96e-10 s                  ; Yes                        ; Yes                        ; 2.32 V                      ; 3.07e-09 V                  ; 2.37 V             ; -0.00994 V         ; 0.186 V                             ; 0.028 V                             ; 4.98e-10 s                 ; 4.96e-10 s                 ; Yes                       ; Yes                       ;
; out[11]       ; 2.5 V        ; 0 s                 ; 0 s                 ; 2.32 V                       ; 4.49e-09 V                   ; 2.38 V              ; -0.00552 V          ; 0.096 V                              ; 0.019 V                              ; 4.18e-10 s                  ; 3.59e-10 s                  ; No                         ; Yes                        ; 2.32 V                      ; 4.49e-09 V                  ; 2.38 V             ; -0.00552 V         ; 0.096 V                             ; 0.019 V                             ; 4.18e-10 s                 ; 3.59e-10 s                 ; No                        ; Yes                       ;
; out[10]       ; 2.5 V        ; 0 s                 ; 0 s                 ; 2.32 V                       ; 4.49e-09 V                   ; 2.38 V              ; -0.00552 V          ; 0.096 V                              ; 0.019 V                              ; 4.18e-10 s                  ; 3.59e-10 s                  ; No                         ; Yes                        ; 2.32 V                      ; 4.49e-09 V                  ; 2.38 V             ; -0.00552 V         ; 0.096 V                             ; 0.019 V                             ; 4.18e-10 s                 ; 3.59e-10 s                 ; No                        ; Yes                       ;
; out[9]        ; 2.5 V        ; 0 s                 ; 0 s                 ; 2.32 V                       ; 4.49e-09 V                   ; 2.38 V              ; -0.00552 V          ; 0.096 V                              ; 0.019 V                              ; 4.18e-10 s                  ; 3.59e-10 s                  ; No                         ; Yes                        ; 2.32 V                      ; 4.49e-09 V                  ; 2.38 V             ; -0.00552 V         ; 0.096 V                             ; 0.019 V                             ; 4.18e-10 s                 ; 3.59e-10 s                 ; No                        ; Yes                       ;
; out[8]        ; 2.5 V        ; 0 s                 ; 0 s                 ; 2.32 V                       ; 4.49e-09 V                   ; 2.38 V              ; -0.00552 V          ; 0.096 V                              ; 0.019 V                              ; 4.18e-10 s                  ; 3.59e-10 s                  ; No                         ; Yes                        ; 2.32 V                      ; 4.49e-09 V                  ; 2.38 V             ; -0.00552 V         ; 0.096 V                             ; 0.019 V                             ; 4.18e-10 s                 ; 3.59e-10 s                 ; No                        ; Yes                       ;
; out[7]        ; 2.5 V        ; 0 s                 ; 0 s                 ; 2.32 V                       ; 3.07e-09 V                   ; 2.37 V              ; -0.00994 V          ; 0.186 V                              ; 0.028 V                              ; 4.98e-10 s                  ; 4.96e-10 s                  ; Yes                        ; Yes                        ; 2.32 V                      ; 3.07e-09 V                  ; 2.37 V             ; -0.00994 V         ; 0.186 V                             ; 0.028 V                             ; 4.98e-10 s                 ; 4.96e-10 s                 ; Yes                       ; Yes                       ;
; out[6]        ; 2.5 V        ; 0 s                 ; 0 s                 ; 2.32 V                       ; 3.07e-09 V                   ; 2.37 V              ; -0.00994 V          ; 0.186 V                              ; 0.028 V                              ; 4.98e-10 s                  ; 4.96e-10 s                  ; Yes                        ; Yes                        ; 2.32 V                      ; 3.07e-09 V                  ; 2.37 V             ; -0.00994 V         ; 0.186 V                             ; 0.028 V                             ; 4.98e-10 s                 ; 4.96e-10 s                 ; Yes                       ; Yes                       ;
; out[5]        ; 2.5 V        ; 0 s                 ; 0 s                 ; 2.32 V                       ; 3.07e-09 V                   ; 2.37 V              ; -0.00994 V          ; 0.186 V                              ; 0.028 V                              ; 4.98e-10 s                  ; 4.96e-10 s                  ; Yes                        ; Yes                        ; 2.32 V                      ; 3.07e-09 V                  ; 2.37 V             ; -0.00994 V         ; 0.186 V                             ; 0.028 V                             ; 4.98e-10 s                 ; 4.96e-10 s                 ; Yes                       ; Yes                       ;
; out[4]        ; 2.5 V        ; 0 s                 ; 0 s                 ; 2.32 V                       ; 3.07e-09 V                   ; 2.37 V              ; -0.00994 V          ; 0.186 V                              ; 0.028 V                              ; 4.98e-10 s                  ; 4.96e-10 s                  ; Yes                        ; Yes                        ; 2.32 V                      ; 3.07e-09 V                  ; 2.37 V             ; -0.00994 V         ; 0.186 V                             ; 0.028 V                             ; 4.98e-10 s                 ; 4.96e-10 s                 ; Yes                       ; Yes                       ;
; out[3]        ; 2.5 V        ; 0 s                 ; 0 s                 ; 2.32 V                       ; 3.07e-09 V                   ; 2.37 V              ; -0.00994 V          ; 0.186 V                              ; 0.028 V                              ; 4.98e-10 s                  ; 4.96e-10 s                  ; Yes                        ; Yes                        ; 2.32 V                      ; 3.07e-09 V                  ; 2.37 V             ; -0.00994 V         ; 0.186 V                             ; 0.028 V                             ; 4.98e-10 s                 ; 4.96e-10 s                 ; Yes                       ; Yes                       ;
; out[2]        ; 2.5 V        ; 0 s                 ; 0 s                 ; 2.32 V                       ; 4.49e-09 V                   ; 2.38 V              ; -0.00552 V          ; 0.096 V                              ; 0.019 V                              ; 4.18e-10 s                  ; 3.59e-10 s                  ; No                         ; Yes                        ; 2.32 V                      ; 4.49e-09 V                  ; 2.38 V             ; -0.00552 V         ; 0.096 V                             ; 0.019 V                             ; 4.18e-10 s                 ; 3.59e-10 s                 ; No                        ; Yes                       ;
; out[1]        ; 2.5 V        ; 0 s                 ; 0 s                 ; 2.32 V                       ; 3.07e-09 V                   ; 2.37 V              ; -0.00994 V          ; 0.186 V                              ; 0.028 V                              ; 4.98e-10 s                  ; 4.96e-10 s                  ; Yes                        ; Yes                        ; 2.32 V                      ; 3.07e-09 V                  ; 2.37 V             ; -0.00994 V         ; 0.186 V                             ; 0.028 V                             ; 4.98e-10 s                 ; 4.96e-10 s                 ; Yes                       ; Yes                       ;
; out[0]        ; 2.5 V        ; 0 s                 ; 0 s                 ; 2.32 V                       ; 3.07e-09 V                   ; 2.37 V              ; -0.00994 V          ; 0.186 V                              ; 0.028 V                              ; 4.98e-10 s                  ; 4.96e-10 s                  ; Yes                        ; Yes                        ; 2.32 V                      ; 3.07e-09 V                  ; 2.37 V             ; -0.00994 V         ; 0.186 V                             ; 0.028 V                             ; 4.98e-10 s                 ; 4.96e-10 s                 ; Yes                       ; Yes                       ;
; ~ALTERA_DCLK~ ; 2.5 V        ; 0 s                 ; 0 s                 ; 2.32 V                       ; 2.67e-09 V                   ; 2.38 V              ; -0.0485 V           ; 0.167 V                              ; 0.096 V                              ; 2.95e-10 s                  ; 2.73e-10 s                  ; Yes                        ; Yes                        ; 2.32 V                      ; 2.67e-09 V                  ; 2.38 V             ; -0.0485 V          ; 0.167 V                             ; 0.096 V                             ; 2.95e-10 s                 ; 2.73e-10 s                 ; Yes                       ; Yes                       ;
; ~ALTERA_nCEO~ ; 2.5 V        ; 0 s                 ; 0 s                 ; 2.32 V                       ; 4.18e-09 V                   ; 2.38 V              ; -0.00483 V          ; 0.152 V                              ; 0.012 V                              ; 4.81e-10 s                  ; 6.29e-10 s                  ; Yes                        ; Yes                        ; 2.32 V                      ; 4.18e-09 V                  ; 2.38 V             ; -0.00483 V         ; 0.152 V                             ; 0.012 V                             ; 4.81e-10 s                 ; 6.29e-10 s                 ; Yes                       ; Yes                       ;
+---------------+--------------+---------------------+---------------------+------------------------------+------------------------------+---------------------+---------------------+--------------------------------------+--------------------------------------+-----------------------------+-----------------------------+----------------------------+----------------------------+-----------------------------+-----------------------------+--------------------+--------------------+-------------------------------------+-------------------------------------+----------------------------+----------------------------+---------------------------+---------------------------+


+--------------------------------------------------------------------------------------------------------------------------------------------------------------------------------------------------------------------------------------------------------------------------------------------------------------------------------------------------------------------------------------------------------------------------------------------------------------------------------------------------------------------------------------------------------------------------------------------------------------------------------------------------------------------------------------------+
; Signal Integrity Metrics (Slow 1200mv 85c Model)                                                                                                                                                                                                                                                                                                                                                                                                                                                                                                                                                                                                                                           ;
+---------------+--------------+---------------------+---------------------+------------------------------+------------------------------+---------------------+---------------------+--------------------------------------+--------------------------------------+-----------------------------+-----------------------------+----------------------------+----------------------------+-----------------------------+-----------------------------+--------------------+--------------------+-------------------------------------+-------------------------------------+----------------------------+----------------------------+---------------------------+---------------------------+
; Pin           ; I/O Standard ; Board Delay on Rise ; Board Delay on Fall ; Steady State Voh at FPGA Pin ; Steady State Vol at FPGA Pin ; Voh Max at FPGA Pin ; Vol Min at FPGA Pin ; Ringback Voltage on Rise at FPGA Pin ; Ringback Voltage on Fall at FPGA Pin ; 10-90 Rise Time at FPGA Pin ; 90-10 Fall Time at FPGA Pin ; Monotonic Rise at FPGA Pin ; Monotonic Fall at FPGA Pin ; Steady State Voh at Far-end ; Steady State Vol at Far-end ; Voh Max at Far-end ; Vol Min at Far-end ; Ringback Voltage on Rise at Far-end ; Ringback Voltage on Fall at Far-end ; 10-90 Rise Time at Far-end ; 90-10 Fall Time at Far-end ; Monotonic Rise at Far-end ; Monotonic Fall at Far-end ;
+---------------+--------------+---------------------+---------------------+------------------------------+------------------------------+---------------------+---------------------+--------------------------------------+--------------------------------------+-----------------------------+-----------------------------+----------------------------+----------------------------+-----------------------------+-----------------------------+--------------------+--------------------+-------------------------------------+-------------------------------------+----------------------------+----------------------------+---------------------------+---------------------------+
; carry_out3    ; 2.5 V        ; 0 s                 ; 0 s                 ; 2.32 V                       ; 6.92e-07 V                   ; 2.35 V              ; -0.00996 V          ; 0.121 V                              ; 0.03 V                               ; 4.64e-10 s                  ; 4.47e-10 s                  ; Yes                        ; Yes                        ; 2.32 V                      ; 6.92e-07 V                  ; 2.35 V             ; -0.00996 V         ; 0.121 V                             ; 0.03 V                              ; 4.64e-10 s                 ; 4.47e-10 s                 ; Yes                       ; Yes                       ;
; out[31]       ; 2.5 V        ; 0 s                 ; 0 s                 ; 2.32 V                       ; 4.67e-07 V                   ; 2.33 V              ; -0.00269 V          ; 0.13 V                               ; 0.055 V                              ; 3.54e-09 s                  ; 3.29e-09 s                  ; Yes                        ; Yes                        ; 2.32 V                      ; 4.67e-07 V                  ; 2.33 V             ; -0.00269 V         ; 0.13 V                              ; 0.055 V                             ; 3.54e-09 s                 ; 3.29e-09 s                 ; Yes                       ; Yes                       ;
; out[30]       ; 2.5 V        ; 0 s                 ; 0 s                 ; 2.32 V                       ; 4.67e-07 V                   ; 2.35 V              ; -0.00942 V          ; 0.116 V                              ; 0.033 V                              ; 6.66e-10 s                  ; 6.27e-10 s                  ; Yes                        ; Yes                        ; 2.32 V                      ; 4.67e-07 V                  ; 2.35 V             ; -0.00942 V         ; 0.116 V                             ; 0.033 V                             ; 6.66e-10 s                 ; 6.27e-10 s                 ; Yes                       ; Yes                       ;
; out[29]       ; 2.5 V        ; 0 s                 ; 0 s                 ; 2.32 V                       ; 4.67e-07 V                   ; 2.35 V              ; -0.00942 V          ; 0.116 V                              ; 0.033 V                              ; 6.66e-10 s                  ; 6.27e-10 s                  ; Yes                        ; Yes                        ; 2.32 V                      ; 4.67e-07 V                  ; 2.35 V             ; -0.00942 V         ; 0.116 V                             ; 0.033 V                             ; 6.66e-10 s                 ; 6.27e-10 s                 ; Yes                       ; Yes                       ;
; out[28]       ; 2.5 V        ; 0 s                 ; 0 s                 ; 2.32 V                       ; 4.67e-07 V                   ; 2.36 V              ; -0.00552 V          ; 0.11 V                               ; 0.007 V                              ; 4.54e-10 s                  ; 4.35e-10 s                  ; Yes                        ; Yes                        ; 2.32 V                      ; 4.67e-07 V                  ; 2.36 V             ; -0.00552 V         ; 0.11 V                              ; 0.007 V                             ; 4.54e-10 s                 ; 4.35e-10 s                 ; Yes                       ; Yes                       ;
; out[27]       ; 2.5 V        ; 0 s                 ; 0 s                 ; 2.32 V                       ; 4.67e-07 V                   ; 2.35 V              ; -0.00942 V          ; 0.116 V                              ; 0.033 V                              ; 6.66e-10 s                  ; 6.27e-10 s                  ; Yes                        ; Yes                        ; 2.32 V                      ; 4.67e-07 V                  ; 2.35 V             ; -0.00942 V         ; 0.116 V                             ; 0.033 V                             ; 6.66e-10 s                 ; 6.27e-10 s                 ; Yes                       ; Yes                       ;
; out[26]       ; 2.5 V        ; 0 s                 ; 0 s                 ; 2.32 V                       ; 6.92e-07 V                   ; 2.35 V              ; -0.00996 V          ; 0.121 V                              ; 0.03 V                               ; 4.64e-10 s                  ; 4.47e-10 s                  ; Yes                        ; Yes                        ; 2.32 V                      ; 6.92e-07 V                  ; 2.35 V             ; -0.00996 V         ; 0.121 V                             ; 0.03 V                              ; 4.64e-10 s                 ; 4.47e-10 s                 ; Yes                       ; Yes                       ;
; out[25]       ; 2.5 V        ; 0 s                 ; 0 s                 ; 2.32 V                       ; 4.67e-07 V                   ; 2.35 V              ; -0.00942 V          ; 0.116 V                              ; 0.033 V                              ; 6.66e-10 s                  ; 6.27e-10 s                  ; Yes                        ; Yes                        ; 2.32 V                      ; 4.67e-07 V                  ; 2.35 V             ; -0.00942 V         ; 0.116 V                             ; 0.033 V                             ; 6.66e-10 s                 ; 6.27e-10 s                 ; Yes                       ; Yes                       ;
; out[24]       ; 2.5 V        ; 0 s                 ; 0 s                 ; 2.32 V                       ; 4.67e-07 V                   ; 2.35 V              ; -0.00942 V          ; 0.116 V                              ; 0.033 V                              ; 6.66e-10 s                  ; 6.27e-10 s                  ; Yes                        ; Yes                        ; 2.32 V                      ; 4.67e-07 V                  ; 2.35 V             ; -0.00942 V         ; 0.116 V                             ; 0.033 V                             ; 6.66e-10 s                 ; 6.27e-10 s                 ; Yes                       ; Yes                       ;
; out[23]       ; 2.5 V        ; 0 s                 ; 0 s                 ; 2.32 V                       ; 4.67e-07 V                   ; 2.35 V              ; -0.00942 V          ; 0.116 V                              ; 0.033 V                              ; 6.66e-10 s                  ; 6.27e-10 s                  ; Yes                        ; Yes                        ; 2.32 V                      ; 4.67e-07 V                  ; 2.35 V             ; -0.00942 V         ; 0.116 V                             ; 0.033 V                             ; 6.66e-10 s                 ; 6.27e-10 s                 ; Yes                       ; Yes                       ;
; out[22]       ; 2.5 V        ; 0 s                 ; 0 s                 ; 2.32 V                       ; 4.67e-07 V                   ; 2.35 V              ; -0.00942 V          ; 0.116 V                              ; 0.033 V                              ; 6.66e-10 s                  ; 6.27e-10 s                  ; Yes                        ; Yes                        ; 2.32 V                      ; 4.67e-07 V                  ; 2.35 V             ; -0.00942 V         ; 0.116 V                             ; 0.033 V                             ; 6.66e-10 s                 ; 6.27e-10 s                 ; Yes                       ; Yes                       ;
; out[21]       ; 2.5 V        ; 0 s                 ; 0 s                 ; 2.32 V                       ; 4.67e-07 V                   ; 2.35 V              ; -0.00942 V          ; 0.116 V                              ; 0.033 V                              ; 6.66e-10 s                  ; 6.27e-10 s                  ; Yes                        ; Yes                        ; 2.32 V                      ; 4.67e-07 V                  ; 2.35 V             ; -0.00942 V         ; 0.116 V                             ; 0.033 V                             ; 6.66e-10 s                 ; 6.27e-10 s                 ; Yes                       ; Yes                       ;
; out[20]       ; 2.5 V        ; 0 s                 ; 0 s                 ; 2.32 V                       ; 4.67e-07 V                   ; 2.35 V              ; -0.00942 V          ; 0.116 V                              ; 0.033 V                              ; 6.66e-10 s                  ; 6.27e-10 s                  ; Yes                        ; Yes                        ; 2.32 V                      ; 4.67e-07 V                  ; 2.35 V             ; -0.00942 V         ; 0.116 V                             ; 0.033 V                             ; 6.66e-10 s                 ; 6.27e-10 s                 ; Yes                       ; Yes                       ;
; out[19]       ; 2.5 V        ; 0 s                 ; 0 s                 ; 2.32 V                       ; 4.67e-07 V                   ; 2.35 V              ; -0.00942 V          ; 0.116 V                              ; 0.033 V                              ; 6.66e-10 s                  ; 6.27e-10 s                  ; Yes                        ; Yes                        ; 2.32 V                      ; 4.67e-07 V                  ; 2.35 V             ; -0.00942 V         ; 0.116 V                             ; 0.033 V                             ; 6.66e-10 s                 ; 6.27e-10 s                 ; Yes                       ; Yes                       ;
; out[18]       ; 2.5 V        ; 0 s                 ; 0 s                 ; 2.32 V                       ; 4.67e-07 V                   ; 2.35 V              ; -0.00942 V          ; 0.116 V                              ; 0.033 V                              ; 6.66e-10 s                  ; 6.27e-10 s                  ; Yes                        ; Yes                        ; 2.32 V                      ; 4.67e-07 V                  ; 2.35 V             ; -0.00942 V         ; 0.116 V                             ; 0.033 V                             ; 6.66e-10 s                 ; 6.27e-10 s                 ; Yes                       ; Yes                       ;
; out[17]       ; 2.5 V        ; 0 s                 ; 0 s                 ; 2.32 V                       ; 6.92e-07 V                   ; 2.35 V              ; -0.00996 V          ; 0.121 V                              ; 0.03 V                               ; 4.64e-10 s                  ; 4.47e-10 s                  ; Yes                        ; Yes                        ; 2.32 V                      ; 6.92e-07 V                  ; 2.35 V             ; -0.00996 V         ; 0.121 V                             ; 0.03 V                              ; 4.64e-10 s                 ; 4.47e-10 s                 ; Yes                       ; Yes                       ;
; out[16]       ; 2.5 V        ; 0 s                 ; 0 s                 ; 2.32 V                       ; 6.92e-07 V                   ; 2.35 V              ; -0.00996 V          ; 0.121 V                              ; 0.03 V                               ; 4.64e-10 s                  ; 4.47e-10 s                  ; Yes                        ; Yes                        ; 2.32 V                      ; 6.92e-07 V                  ; 2.35 V             ; -0.00996 V         ; 0.121 V                             ; 0.03 V                              ; 4.64e-10 s                 ; 4.47e-10 s                 ; Yes                       ; Yes                       ;
; out[15]       ; 2.5 V        ; 0 s                 ; 0 s                 ; 2.32 V                       ; 4.67e-07 V                   ; 2.35 V              ; -0.00942 V          ; 0.116 V                              ; 0.033 V                              ; 6.66e-10 s                  ; 6.27e-10 s                  ; Yes                        ; Yes                        ; 2.32 V                      ; 4.67e-07 V                  ; 2.35 V             ; -0.00942 V         ; 0.116 V                             ; 0.033 V                             ; 6.66e-10 s                 ; 6.27e-10 s                 ; Yes                       ; Yes                       ;
; out[14]       ; 2.5 V        ; 0 s                 ; 0 s                 ; 2.32 V                       ; 6.92e-07 V                   ; 2.35 V              ; -0.00996 V          ; 0.121 V                              ; 0.03 V                               ; 4.64e-10 s                  ; 4.47e-10 s                  ; Yes                        ; Yes                        ; 2.32 V                      ; 6.92e-07 V                  ; 2.35 V             ; -0.00996 V         ; 0.121 V                             ; 0.03 V                              ; 4.64e-10 s                 ; 4.47e-10 s                 ; Yes                       ; Yes                       ;
; out[13]       ; 2.5 V        ; 0 s                 ; 0 s                 ; 2.32 V                       ; 4.67e-07 V                   ; 2.36 V              ; -0.00552 V          ; 0.11 V                               ; 0.007 V                              ; 4.54e-10 s                  ; 4.35e-10 s                  ; Yes                        ; Yes                        ; 2.32 V                      ; 4.67e-07 V                  ; 2.36 V             ; -0.00552 V         ; 0.11 V                              ; 0.007 V                             ; 4.54e-10 s                 ; 4.35e-10 s                 ; Yes                       ; Yes                       ;
; out[12]       ; 2.5 V        ; 0 s                 ; 0 s                 ; 2.32 V                       ; 4.67e-07 V                   ; 2.35 V              ; -0.00942 V          ; 0.116 V                              ; 0.033 V                              ; 6.66e-10 s                  ; 6.27e-10 s                  ; Yes                        ; Yes                        ; 2.32 V                      ; 4.67e-07 V                  ; 2.35 V             ; -0.00942 V         ; 0.116 V                             ; 0.033 V                             ; 6.66e-10 s                 ; 6.27e-10 s                 ; Yes                       ; Yes                       ;
; out[11]       ; 2.5 V        ; 0 s                 ; 0 s                 ; 2.32 V                       ; 6.92e-07 V                   ; 2.35 V              ; -0.00996 V          ; 0.121 V                              ; 0.03 V                               ; 4.64e-10 s                  ; 4.47e-10 s                  ; Yes                        ; Yes                        ; 2.32 V                      ; 6.92e-07 V                  ; 2.35 V             ; -0.00996 V         ; 0.121 V                             ; 0.03 V                              ; 4.64e-10 s                 ; 4.47e-10 s                 ; Yes                       ; Yes                       ;
; out[10]       ; 2.5 V        ; 0 s                 ; 0 s                 ; 2.32 V                       ; 6.92e-07 V                   ; 2.35 V              ; -0.00996 V          ; 0.121 V                              ; 0.03 V                               ; 4.64e-10 s                  ; 4.47e-10 s                  ; Yes                        ; Yes                        ; 2.32 V                      ; 6.92e-07 V                  ; 2.35 V             ; -0.00996 V         ; 0.121 V                             ; 0.03 V                              ; 4.64e-10 s                 ; 4.47e-10 s                 ; Yes                       ; Yes                       ;
; out[9]        ; 2.5 V        ; 0 s                 ; 0 s                 ; 2.32 V                       ; 6.92e-07 V                   ; 2.35 V              ; -0.00996 V          ; 0.121 V                              ; 0.03 V                               ; 4.64e-10 s                  ; 4.47e-10 s                  ; Yes                        ; Yes                        ; 2.32 V                      ; 6.92e-07 V                  ; 2.35 V             ; -0.00996 V         ; 0.121 V                             ; 0.03 V                              ; 4.64e-10 s                 ; 4.47e-10 s                 ; Yes                       ; Yes                       ;
; out[8]        ; 2.5 V        ; 0 s                 ; 0 s                 ; 2.32 V                       ; 6.92e-07 V                   ; 2.35 V              ; -0.00996 V          ; 0.121 V                              ; 0.03 V                               ; 4.64e-10 s                  ; 4.47e-10 s                  ; Yes                        ; Yes                        ; 2.32 V                      ; 6.92e-07 V                  ; 2.35 V             ; -0.00996 V         ; 0.121 V                             ; 0.03 V                              ; 4.64e-10 s                 ; 4.47e-10 s                 ; Yes                       ; Yes                       ;
; out[7]        ; 2.5 V        ; 0 s                 ; 0 s                 ; 2.32 V                       ; 4.67e-07 V                   ; 2.35 V              ; -0.00942 V          ; 0.116 V                              ; 0.033 V                              ; 6.66e-10 s                  ; 6.27e-10 s                  ; Yes                        ; Yes                        ; 2.32 V                      ; 4.67e-07 V                  ; 2.35 V             ; -0.00942 V         ; 0.116 V                             ; 0.033 V                             ; 6.66e-10 s                 ; 6.27e-10 s                 ; Yes                       ; Yes                       ;
; out[6]        ; 2.5 V        ; 0 s                 ; 0 s                 ; 2.32 V                       ; 4.67e-07 V                   ; 2.35 V              ; -0.00942 V          ; 0.116 V                              ; 0.033 V                              ; 6.66e-10 s                  ; 6.27e-10 s                  ; Yes                        ; Yes                        ; 2.32 V                      ; 4.67e-07 V                  ; 2.35 V             ; -0.00942 V         ; 0.116 V                             ; 0.033 V                             ; 6.66e-10 s                 ; 6.27e-10 s                 ; Yes                       ; Yes                       ;
; out[5]        ; 2.5 V        ; 0 s                 ; 0 s                 ; 2.32 V                       ; 4.67e-07 V                   ; 2.35 V              ; -0.00942 V          ; 0.116 V                              ; 0.033 V                              ; 6.66e-10 s                  ; 6.27e-10 s                  ; Yes                        ; Yes                        ; 2.32 V                      ; 4.67e-07 V                  ; 2.35 V             ; -0.00942 V         ; 0.116 V                             ; 0.033 V                             ; 6.66e-10 s                 ; 6.27e-10 s                 ; Yes                       ; Yes                       ;
; out[4]        ; 2.5 V        ; 0 s                 ; 0 s                 ; 2.32 V                       ; 4.67e-07 V                   ; 2.35 V              ; -0.00942 V          ; 0.116 V                              ; 0.033 V                              ; 6.66e-10 s                  ; 6.27e-10 s                  ; Yes                        ; Yes                        ; 2.32 V                      ; 4.67e-07 V                  ; 2.35 V             ; -0.00942 V         ; 0.116 V                             ; 0.033 V                             ; 6.66e-10 s                 ; 6.27e-10 s                 ; Yes                       ; Yes                       ;
; out[3]        ; 2.5 V        ; 0 s                 ; 0 s                 ; 2.32 V                       ; 4.67e-07 V                   ; 2.35 V              ; -0.00942 V          ; 0.116 V                              ; 0.033 V                              ; 6.66e-10 s                  ; 6.27e-10 s                  ; Yes                        ; Yes                        ; 2.32 V                      ; 4.67e-07 V                  ; 2.35 V             ; -0.00942 V         ; 0.116 V                             ; 0.033 V                             ; 6.66e-10 s                 ; 6.27e-10 s                 ; Yes                       ; Yes                       ;
; out[2]        ; 2.5 V        ; 0 s                 ; 0 s                 ; 2.32 V                       ; 6.92e-07 V                   ; 2.35 V              ; -0.00996 V          ; 0.121 V                              ; 0.03 V                               ; 4.64e-10 s                  ; 4.47e-10 s                  ; Yes                        ; Yes                        ; 2.32 V                      ; 6.92e-07 V                  ; 2.35 V             ; -0.00996 V         ; 0.121 V                             ; 0.03 V                              ; 4.64e-10 s                 ; 4.47e-10 s                 ; Yes                       ; Yes                       ;
; out[1]        ; 2.5 V        ; 0 s                 ; 0 s                 ; 2.32 V                       ; 4.67e-07 V                   ; 2.35 V              ; -0.00942 V          ; 0.116 V                              ; 0.033 V                              ; 6.66e-10 s                  ; 6.27e-10 s                  ; Yes                        ; Yes                        ; 2.32 V                      ; 4.67e-07 V                  ; 2.35 V             ; -0.00942 V         ; 0.116 V                             ; 0.033 V                             ; 6.66e-10 s                 ; 6.27e-10 s                 ; Yes                       ; Yes                       ;
; out[0]        ; 2.5 V        ; 0 s                 ; 0 s                 ; 2.32 V                       ; 4.67e-07 V                   ; 2.35 V              ; -0.00942 V          ; 0.116 V                              ; 0.033 V                              ; 6.66e-10 s                  ; 6.27e-10 s                  ; Yes                        ; Yes                        ; 2.32 V                      ; 4.67e-07 V                  ; 2.35 V             ; -0.00942 V         ; 0.116 V                             ; 0.033 V                             ; 6.66e-10 s                 ; 6.27e-10 s                 ; Yes                       ; Yes                       ;
; ~ALTERA_DCLK~ ; 2.5 V        ; 0 s                 ; 0 s                 ; 2.32 V                       ; 3.75e-07 V                   ; 2.35 V              ; -0.0109 V           ; 0.084 V                              ; 0.027 V                              ; 4.31e-10 s                  ; 3.61e-10 s                  ; Yes                        ; Yes                        ; 2.32 V                      ; 3.75e-07 V                  ; 2.35 V             ; -0.0109 V          ; 0.084 V                             ; 0.027 V                             ; 4.31e-10 s                 ; 3.61e-10 s                 ; Yes                       ; Yes                       ;
; ~ALTERA_nCEO~ ; 2.5 V        ; 0 s                 ; 0 s                 ; 2.32 V                       ; 6.15e-07 V                   ; 2.35 V              ; -0.00712 V          ; 0.093 V                              ; 0.02 V                               ; 6.21e-10 s                  ; 7.9e-10 s                   ; Yes                        ; Yes                        ; 2.32 V                      ; 6.15e-07 V                  ; 2.35 V             ; -0.00712 V         ; 0.093 V                             ; 0.02 V                              ; 6.21e-10 s                 ; 7.9e-10 s                  ; Yes                       ; Yes                       ;
+---------------+--------------+---------------------+---------------------+------------------------------+------------------------------+---------------------+---------------------+--------------------------------------+--------------------------------------+-----------------------------+-----------------------------+----------------------------+----------------------------+-----------------------------+-----------------------------+--------------------+--------------------+-------------------------------------+-------------------------------------+----------------------------+----------------------------+---------------------------+---------------------------+


+--------------------------------------------------------------------------------------------------------------------------------------------------------------------------------------------------------------------------------------------------------------------------------------------------------------------------------------------------------------------------------------------------------------------------------------------------------------------------------------------------------------------------------------------------------------------------------------------------------------------------------------------------------------------------------------------+
; Signal Integrity Metrics (Fast 1200mv 0c Model)                                                                                                                                                                                                                                                                                                                                                                                                                                                                                                                                                                                                                                            ;
+---------------+--------------+---------------------+---------------------+------------------------------+------------------------------+---------------------+---------------------+--------------------------------------+--------------------------------------+-----------------------------+-----------------------------+----------------------------+----------------------------+-----------------------------+-----------------------------+--------------------+--------------------+-------------------------------------+-------------------------------------+----------------------------+----------------------------+---------------------------+---------------------------+
; Pin           ; I/O Standard ; Board Delay on Rise ; Board Delay on Fall ; Steady State Voh at FPGA Pin ; Steady State Vol at FPGA Pin ; Voh Max at FPGA Pin ; Vol Min at FPGA Pin ; Ringback Voltage on Rise at FPGA Pin ; Ringback Voltage on Fall at FPGA Pin ; 10-90 Rise Time at FPGA Pin ; 90-10 Fall Time at FPGA Pin ; Monotonic Rise at FPGA Pin ; Monotonic Fall at FPGA Pin ; Steady State Voh at Far-end ; Steady State Vol at Far-end ; Voh Max at Far-end ; Vol Min at Far-end ; Ringback Voltage on Rise at Far-end ; Ringback Voltage on Fall at Far-end ; 10-90 Rise Time at Far-end ; 90-10 Fall Time at Far-end ; Monotonic Rise at Far-end ; Monotonic Fall at Far-end ;
+---------------+--------------+---------------------+---------------------+------------------------------+------------------------------+---------------------+---------------------+--------------------------------------+--------------------------------------+-----------------------------+-----------------------------+----------------------------+----------------------------+-----------------------------+-----------------------------+--------------------+--------------------+-------------------------------------+-------------------------------------+----------------------------+----------------------------+---------------------------+---------------------------+
; carry_out3    ; 2.5 V        ; 0 s                 ; 0 s                 ; 2.62 V                       ; 4.05e-08 V                   ; 2.72 V              ; -0.0349 V           ; 0.173 V                              ; 0.1 V                                ; 2.72e-10 s                  ; 2.69e-10 s                  ; Yes                        ; Yes                        ; 2.62 V                      ; 4.05e-08 V                  ; 2.72 V             ; -0.0349 V          ; 0.173 V                             ; 0.1 V                               ; 2.72e-10 s                 ; 2.69e-10 s                 ; Yes                       ; Yes                       ;
; out[31]       ; 2.5 V        ; 0 s                 ; 0 s                 ; 2.62 V                       ; 2.74e-08 V                   ; 2.64 V              ; -0.0117 V           ; 0.202 V                              ; 0.176 V                              ; 2.38e-09 s                  ; 2.22e-09 s                  ; No                         ; Yes                        ; 2.62 V                      ; 2.74e-08 V                  ; 2.64 V             ; -0.0117 V          ; 0.202 V                             ; 0.176 V                             ; 2.38e-09 s                 ; 2.22e-09 s                 ; No                        ; Yes                       ;
; out[30]       ; 2.5 V        ; 0 s                 ; 0 s                 ; 2.62 V                       ; 2.74e-08 V                   ; 2.71 V              ; -0.0317 V           ; 0.148 V                              ; 0.064 V                              ; 4.51e-10 s                  ; 4.15e-10 s                  ; No                         ; Yes                        ; 2.62 V                      ; 2.74e-08 V                  ; 2.71 V             ; -0.0317 V          ; 0.148 V                             ; 0.064 V                             ; 4.51e-10 s                 ; 4.15e-10 s                 ; No                        ; Yes                       ;
; out[29]       ; 2.5 V        ; 0 s                 ; 0 s                 ; 2.62 V                       ; 2.74e-08 V                   ; 2.71 V              ; -0.0317 V           ; 0.148 V                              ; 0.064 V                              ; 4.51e-10 s                  ; 4.15e-10 s                  ; No                         ; Yes                        ; 2.62 V                      ; 2.74e-08 V                  ; 2.71 V             ; -0.0317 V          ; 0.148 V                             ; 0.064 V                             ; 4.51e-10 s                 ; 4.15e-10 s                 ; No                        ; Yes                       ;
; out[28]       ; 2.5 V        ; 0 s                 ; 0 s                 ; 2.62 V                       ; 2.74e-08 V                   ; 2.73 V              ; -0.0384 V           ; 0.169 V                              ; 0.089 V                              ; 2.7e-10 s                   ; 2.62e-10 s                  ; Yes                        ; Yes                        ; 2.62 V                      ; 2.74e-08 V                  ; 2.73 V             ; -0.0384 V          ; 0.169 V                             ; 0.089 V                             ; 2.7e-10 s                  ; 2.62e-10 s                 ; Yes                       ; Yes                       ;
; out[27]       ; 2.5 V        ; 0 s                 ; 0 s                 ; 2.62 V                       ; 2.74e-08 V                   ; 2.71 V              ; -0.0317 V           ; 0.148 V                              ; 0.064 V                              ; 4.51e-10 s                  ; 4.15e-10 s                  ; No                         ; Yes                        ; 2.62 V                      ; 2.74e-08 V                  ; 2.71 V             ; -0.0317 V          ; 0.148 V                             ; 0.064 V                             ; 4.51e-10 s                 ; 4.15e-10 s                 ; No                        ; Yes                       ;
; out[26]       ; 2.5 V        ; 0 s                 ; 0 s                 ; 2.62 V                       ; 4.05e-08 V                   ; 2.72 V              ; -0.0349 V           ; 0.173 V                              ; 0.1 V                                ; 2.72e-10 s                  ; 2.69e-10 s                  ; Yes                        ; Yes                        ; 2.62 V                      ; 4.05e-08 V                  ; 2.72 V             ; -0.0349 V          ; 0.173 V                             ; 0.1 V                               ; 2.72e-10 s                 ; 2.69e-10 s                 ; Yes                       ; Yes                       ;
; out[25]       ; 2.5 V        ; 0 s                 ; 0 s                 ; 2.62 V                       ; 2.74e-08 V                   ; 2.71 V              ; -0.0317 V           ; 0.148 V                              ; 0.064 V                              ; 4.51e-10 s                  ; 4.15e-10 s                  ; No                         ; Yes                        ; 2.62 V                      ; 2.74e-08 V                  ; 2.71 V             ; -0.0317 V          ; 0.148 V                             ; 0.064 V                             ; 4.51e-10 s                 ; 4.15e-10 s                 ; No                        ; Yes                       ;
; out[24]       ; 2.5 V        ; 0 s                 ; 0 s                 ; 2.62 V                       ; 2.74e-08 V                   ; 2.71 V              ; -0.0317 V           ; 0.148 V                              ; 0.064 V                              ; 4.51e-10 s                  ; 4.15e-10 s                  ; No                         ; Yes                        ; 2.62 V                      ; 2.74e-08 V                  ; 2.71 V             ; -0.0317 V          ; 0.148 V                             ; 0.064 V                             ; 4.51e-10 s                 ; 4.15e-10 s                 ; No                        ; Yes                       ;
; out[23]       ; 2.5 V        ; 0 s                 ; 0 s                 ; 2.62 V                       ; 2.74e-08 V                   ; 2.71 V              ; -0.0317 V           ; 0.148 V                              ; 0.064 V                              ; 4.51e-10 s                  ; 4.15e-10 s                  ; No                         ; Yes                        ; 2.62 V                      ; 2.74e-08 V                  ; 2.71 V             ; -0.0317 V          ; 0.148 V                             ; 0.064 V                             ; 4.51e-10 s                 ; 4.15e-10 s                 ; No                        ; Yes                       ;
; out[22]       ; 2.5 V        ; 0 s                 ; 0 s                 ; 2.62 V                       ; 2.74e-08 V                   ; 2.71 V              ; -0.0317 V           ; 0.148 V                              ; 0.064 V                              ; 4.51e-10 s                  ; 4.15e-10 s                  ; No                         ; Yes                        ; 2.62 V                      ; 2.74e-08 V                  ; 2.71 V             ; -0.0317 V          ; 0.148 V                             ; 0.064 V                             ; 4.51e-10 s                 ; 4.15e-10 s                 ; No                        ; Yes                       ;
; out[21]       ; 2.5 V        ; 0 s                 ; 0 s                 ; 2.62 V                       ; 2.74e-08 V                   ; 2.71 V              ; -0.0317 V           ; 0.148 V                              ; 0.064 V                              ; 4.51e-10 s                  ; 4.15e-10 s                  ; No                         ; Yes                        ; 2.62 V                      ; 2.74e-08 V                  ; 2.71 V             ; -0.0317 V          ; 0.148 V                             ; 0.064 V                             ; 4.51e-10 s                 ; 4.15e-10 s                 ; No                        ; Yes                       ;
; out[20]       ; 2.5 V        ; 0 s                 ; 0 s                 ; 2.62 V                       ; 2.74e-08 V                   ; 2.71 V              ; -0.0317 V           ; 0.148 V                              ; 0.064 V                              ; 4.51e-10 s                  ; 4.15e-10 s                  ; No                         ; Yes                        ; 2.62 V                      ; 2.74e-08 V                  ; 2.71 V             ; -0.0317 V          ; 0.148 V                             ; 0.064 V                             ; 4.51e-10 s                 ; 4.15e-10 s                 ; No                        ; Yes                       ;
; out[19]       ; 2.5 V        ; 0 s                 ; 0 s                 ; 2.62 V                       ; 2.74e-08 V                   ; 2.71 V              ; -0.0317 V           ; 0.148 V                              ; 0.064 V                              ; 4.51e-10 s                  ; 4.15e-10 s                  ; No                         ; Yes                        ; 2.62 V                      ; 2.74e-08 V                  ; 2.71 V             ; -0.0317 V          ; 0.148 V                             ; 0.064 V                             ; 4.51e-10 s                 ; 4.15e-10 s                 ; No                        ; Yes                       ;
; out[18]       ; 2.5 V        ; 0 s                 ; 0 s                 ; 2.62 V                       ; 2.74e-08 V                   ; 2.71 V              ; -0.0317 V           ; 0.148 V                              ; 0.064 V                              ; 4.51e-10 s                  ; 4.15e-10 s                  ; No                         ; Yes                        ; 2.62 V                      ; 2.74e-08 V                  ; 2.71 V             ; -0.0317 V          ; 0.148 V                             ; 0.064 V                             ; 4.51e-10 s                 ; 4.15e-10 s                 ; No                        ; Yes                       ;
; out[17]       ; 2.5 V        ; 0 s                 ; 0 s                 ; 2.62 V                       ; 4.05e-08 V                   ; 2.72 V              ; -0.0349 V           ; 0.173 V                              ; 0.1 V                                ; 2.72e-10 s                  ; 2.69e-10 s                  ; Yes                        ; Yes                        ; 2.62 V                      ; 4.05e-08 V                  ; 2.72 V             ; -0.0349 V          ; 0.173 V                             ; 0.1 V                               ; 2.72e-10 s                 ; 2.69e-10 s                 ; Yes                       ; Yes                       ;
; out[16]       ; 2.5 V        ; 0 s                 ; 0 s                 ; 2.62 V                       ; 4.05e-08 V                   ; 2.72 V              ; -0.0349 V           ; 0.173 V                              ; 0.1 V                                ; 2.72e-10 s                  ; 2.69e-10 s                  ; Yes                        ; Yes                        ; 2.62 V                      ; 4.05e-08 V                  ; 2.72 V             ; -0.0349 V          ; 0.173 V                             ; 0.1 V                               ; 2.72e-10 s                 ; 2.69e-10 s                 ; Yes                       ; Yes                       ;
; out[15]       ; 2.5 V        ; 0 s                 ; 0 s                 ; 2.62 V                       ; 2.74e-08 V                   ; 2.71 V              ; -0.0317 V           ; 0.148 V                              ; 0.064 V                              ; 4.51e-10 s                  ; 4.15e-10 s                  ; No                         ; Yes                        ; 2.62 V                      ; 2.74e-08 V                  ; 2.71 V             ; -0.0317 V          ; 0.148 V                             ; 0.064 V                             ; 4.51e-10 s                 ; 4.15e-10 s                 ; No                        ; Yes                       ;
; out[14]       ; 2.5 V        ; 0 s                 ; 0 s                 ; 2.62 V                       ; 4.05e-08 V                   ; 2.72 V              ; -0.0349 V           ; 0.173 V                              ; 0.1 V                                ; 2.72e-10 s                  ; 2.69e-10 s                  ; Yes                        ; Yes                        ; 2.62 V                      ; 4.05e-08 V                  ; 2.72 V             ; -0.0349 V          ; 0.173 V                             ; 0.1 V                               ; 2.72e-10 s                 ; 2.69e-10 s                 ; Yes                       ; Yes                       ;
; out[13]       ; 2.5 V        ; 0 s                 ; 0 s                 ; 2.62 V                       ; 2.74e-08 V                   ; 2.73 V              ; -0.0384 V           ; 0.169 V                              ; 0.089 V                              ; 2.7e-10 s                   ; 2.62e-10 s                  ; Yes                        ; Yes                        ; 2.62 V                      ; 2.74e-08 V                  ; 2.73 V             ; -0.0384 V          ; 0.169 V                             ; 0.089 V                             ; 2.7e-10 s                  ; 2.62e-10 s                 ; Yes                       ; Yes                       ;
; out[12]       ; 2.5 V        ; 0 s                 ; 0 s                 ; 2.62 V                       ; 2.74e-08 V                   ; 2.71 V              ; -0.0317 V           ; 0.148 V                              ; 0.064 V                              ; 4.51e-10 s                  ; 4.15e-10 s                  ; No                         ; Yes                        ; 2.62 V                      ; 2.74e-08 V                  ; 2.71 V             ; -0.0317 V          ; 0.148 V                             ; 0.064 V                             ; 4.51e-10 s                 ; 4.15e-10 s                 ; No                        ; Yes                       ;
; out[11]       ; 2.5 V        ; 0 s                 ; 0 s                 ; 2.62 V                       ; 4.05e-08 V                   ; 2.72 V              ; -0.0349 V           ; 0.173 V                              ; 0.1 V                                ; 2.72e-10 s                  ; 2.69e-10 s                  ; Yes                        ; Yes                        ; 2.62 V                      ; 4.05e-08 V                  ; 2.72 V             ; -0.0349 V          ; 0.173 V                             ; 0.1 V                               ; 2.72e-10 s                 ; 2.69e-10 s                 ; Yes                       ; Yes                       ;
; out[10]       ; 2.5 V        ; 0 s                 ; 0 s                 ; 2.62 V                       ; 4.05e-08 V                   ; 2.72 V              ; -0.0349 V           ; 0.173 V                              ; 0.1 V                                ; 2.72e-10 s                  ; 2.69e-10 s                  ; Yes                        ; Yes                        ; 2.62 V                      ; 4.05e-08 V                  ; 2.72 V             ; -0.0349 V          ; 0.173 V                             ; 0.1 V                               ; 2.72e-10 s                 ; 2.69e-10 s                 ; Yes                       ; Yes                       ;
; out[9]        ; 2.5 V        ; 0 s                 ; 0 s                 ; 2.62 V                       ; 4.05e-08 V                   ; 2.72 V              ; -0.0349 V           ; 0.173 V                              ; 0.1 V                                ; 2.72e-10 s                  ; 2.69e-10 s                  ; Yes                        ; Yes                        ; 2.62 V                      ; 4.05e-08 V                  ; 2.72 V             ; -0.0349 V          ; 0.173 V                             ; 0.1 V                               ; 2.72e-10 s                 ; 2.69e-10 s                 ; Yes                       ; Yes                       ;
; out[8]        ; 2.5 V        ; 0 s                 ; 0 s                 ; 2.62 V                       ; 4.05e-08 V                   ; 2.72 V              ; -0.0349 V           ; 0.173 V                              ; 0.1 V                                ; 2.72e-10 s                  ; 2.69e-10 s                  ; Yes                        ; Yes                        ; 2.62 V                      ; 4.05e-08 V                  ; 2.72 V             ; -0.0349 V          ; 0.173 V                             ; 0.1 V                               ; 2.72e-10 s                 ; 2.69e-10 s                 ; Yes                       ; Yes                       ;
; out[7]        ; 2.5 V        ; 0 s                 ; 0 s                 ; 2.62 V                       ; 2.74e-08 V                   ; 2.71 V              ; -0.0317 V           ; 0.148 V                              ; 0.064 V                              ; 4.51e-10 s                  ; 4.15e-10 s                  ; No                         ; Yes                        ; 2.62 V                      ; 2.74e-08 V                  ; 2.71 V             ; -0.0317 V          ; 0.148 V                             ; 0.064 V                             ; 4.51e-10 s                 ; 4.15e-10 s                 ; No                        ; Yes                       ;
; out[6]        ; 2.5 V        ; 0 s                 ; 0 s                 ; 2.62 V                       ; 2.74e-08 V                   ; 2.71 V              ; -0.0317 V           ; 0.148 V                              ; 0.064 V                              ; 4.51e-10 s                  ; 4.15e-10 s                  ; No                         ; Yes                        ; 2.62 V                      ; 2.74e-08 V                  ; 2.71 V             ; -0.0317 V          ; 0.148 V                             ; 0.064 V                             ; 4.51e-10 s                 ; 4.15e-10 s                 ; No                        ; Yes                       ;
; out[5]        ; 2.5 V        ; 0 s                 ; 0 s                 ; 2.62 V                       ; 2.74e-08 V                   ; 2.71 V              ; -0.0317 V           ; 0.148 V                              ; 0.064 V                              ; 4.51e-10 s                  ; 4.15e-10 s                  ; No                         ; Yes                        ; 2.62 V                      ; 2.74e-08 V                  ; 2.71 V             ; -0.0317 V          ; 0.148 V                             ; 0.064 V                             ; 4.51e-10 s                 ; 4.15e-10 s                 ; No                        ; Yes                       ;
; out[4]        ; 2.5 V        ; 0 s                 ; 0 s                 ; 2.62 V                       ; 2.74e-08 V                   ; 2.71 V              ; -0.0317 V           ; 0.148 V                              ; 0.064 V                              ; 4.51e-10 s                  ; 4.15e-10 s                  ; No                         ; Yes                        ; 2.62 V                      ; 2.74e-08 V                  ; 2.71 V             ; -0.0317 V          ; 0.148 V                             ; 0.064 V                             ; 4.51e-10 s                 ; 4.15e-10 s                 ; No                        ; Yes                       ;
; out[3]        ; 2.5 V        ; 0 s                 ; 0 s                 ; 2.62 V                       ; 2.74e-08 V                   ; 2.71 V              ; -0.0317 V           ; 0.148 V                              ; 0.064 V                              ; 4.51e-10 s                  ; 4.15e-10 s                  ; No                         ; Yes                        ; 2.62 V                      ; 2.74e-08 V                  ; 2.71 V             ; -0.0317 V          ; 0.148 V                             ; 0.064 V                             ; 4.51e-10 s                 ; 4.15e-10 s                 ; No                        ; Yes                       ;
; out[2]        ; 2.5 V        ; 0 s                 ; 0 s                 ; 2.62 V                       ; 4.05e-08 V                   ; 2.72 V              ; -0.0349 V           ; 0.173 V                              ; 0.1 V                                ; 2.72e-10 s                  ; 2.69e-10 s                  ; Yes                        ; Yes                        ; 2.62 V                      ; 4.05e-08 V                  ; 2.72 V             ; -0.0349 V          ; 0.173 V                             ; 0.1 V                               ; 2.72e-10 s                 ; 2.69e-10 s                 ; Yes                       ; Yes                       ;
; out[1]        ; 2.5 V        ; 0 s                 ; 0 s                 ; 2.62 V                       ; 2.74e-08 V                   ; 2.71 V              ; -0.0317 V           ; 0.148 V                              ; 0.064 V                              ; 4.51e-10 s                  ; 4.15e-10 s                  ; No                         ; Yes                        ; 2.62 V                      ; 2.74e-08 V                  ; 2.71 V             ; -0.0317 V          ; 0.148 V                             ; 0.064 V                             ; 4.51e-10 s                 ; 4.15e-10 s                 ; No                        ; Yes                       ;
; out[0]        ; 2.5 V        ; 0 s                 ; 0 s                 ; 2.62 V                       ; 2.74e-08 V                   ; 2.71 V              ; -0.0317 V           ; 0.148 V                              ; 0.064 V                              ; 4.51e-10 s                  ; 4.15e-10 s                  ; No                         ; Yes                        ; 2.62 V                      ; 2.74e-08 V                  ; 2.71 V             ; -0.0317 V          ; 0.148 V                             ; 0.064 V                             ; 4.51e-10 s                 ; 4.15e-10 s                 ; No                        ; Yes                       ;
; ~ALTERA_DCLK~ ; 2.5 V        ; 0 s                 ; 0 s                 ; 2.62 V                       ; 2.22e-08 V                   ; 2.74 V              ; -0.06 V             ; 0.158 V                              ; 0.08 V                               ; 2.68e-10 s                  ; 2.19e-10 s                  ; Yes                        ; Yes                        ; 2.62 V                      ; 2.22e-08 V                  ; 2.74 V             ; -0.06 V            ; 0.158 V                             ; 0.08 V                              ; 2.68e-10 s                 ; 2.19e-10 s                 ; Yes                       ; Yes                       ;
; ~ALTERA_nCEO~ ; 2.5 V        ; 0 s                 ; 0 s                 ; 2.62 V                       ; 3.54e-08 V                   ; 2.7 V               ; -0.00943 V          ; 0.276 V                              ; 0.035 V                              ; 3.19e-10 s                  ; 4.99e-10 s                  ; No                         ; Yes                        ; 2.62 V                      ; 3.54e-08 V                  ; 2.7 V              ; -0.00943 V         ; 0.276 V                             ; 0.035 V                             ; 3.19e-10 s                 ; 4.99e-10 s                 ; No                        ; Yes                       ;
+---------------+--------------+---------------------+---------------------+------------------------------+------------------------------+---------------------+---------------------+--------------------------------------+--------------------------------------+-----------------------------+-----------------------------+----------------------------+----------------------------+-----------------------------+-----------------------------+--------------------+--------------------+-------------------------------------+-------------------------------------+----------------------------+----------------------------+---------------------------+---------------------------+


+-------------------------------------------------------------------+
; Setup Transfers                                                   ;
+------------+----------+----------+----------+----------+----------+
; From Clock ; To Clock ; RR Paths ; FR Paths ; RF Paths ; FF Paths ;
+------------+----------+----------+----------+----------+----------+
; clock      ; clock    ; 35       ; 0        ; 0        ; 0        ;
+------------+----------+----------+----------+----------+----------+
Entries labeled "false path" only account for clock-to-clock false paths and not path-based false paths. As a result, actual path counts may be lower than reported.


+-------------------------------------------------------------------+
; Hold Transfers                                                    ;
+------------+----------+----------+----------+----------+----------+
; From Clock ; To Clock ; RR Paths ; FR Paths ; RF Paths ; FF Paths ;
+------------+----------+----------+----------+----------+----------+
; clock      ; clock    ; 35       ; 0        ; 0        ; 0        ;
+------------+----------+----------+----------+----------+----------+
Entries labeled "false path" only account for clock-to-clock false paths and not path-based false paths. As a result, actual path counts may be lower than reported.


---------------
; Report TCCS ;
---------------
No dedicated SERDES Transmitter circuitry present in device or used in design


---------------
; Report RSKM ;
---------------
No dedicated SERDES Receiver circuitry present in device or used in design


+------------------------------------------------+
; Unconstrained Paths                            ;
+---------------------------------+-------+------+
; Property                        ; Setup ; Hold ;
+---------------------------------+-------+------+
; Illegal Clocks                  ; 0     ; 0    ;
; Unconstrained Clocks            ; 0     ; 0    ;
; Registers Without Clock Pin     ; 0     ; 0    ;
; Unconstrained Input Ports       ; 66    ; 66   ;
; Unconstrained Input Port Paths  ; 269   ; 269  ;
; Unconstrained Output Ports      ; 33    ; 33   ;
; Unconstrained Output Port Paths ; 33    ; 33   ;
; Unconstrained Reg-to-Reg Paths  ; 0     ; 0    ;
+---------------------------------+-------+------+


+------------------------------------+
; TimeQuest Timing Analyzer Messages ;
+------------------------------------+
Info: *******************************************************************
Info: Running Quartus II TimeQuest Timing Analyzer
    Info: Version 10.0 Build 218 06/27/2010 SJ Web Edition
    Info: Processing started: Wed May 02 19:38:58 2018
Info: Command: quartus_sta lab2_3 -c lab2_3
Info: qsta_default_script.tcl version: #1
Info: Core supply voltage is 1.2V
Info: Low junction temperature is 0 degrees C
Info: High junction temperature is 85 degrees C
Critical Warning: Synopsys Design Constraints File file not found: 'lab2_3.sdc'. A Synopsys Design Constraints File is required by the TimeQuest Timing Analyzer to get proper timing constraints. Without it, the Compiler will not properly optimize the design.
Info: No user constrained base clocks found in the design. Calling "derive_clocks -period 1.0"
Info: Deriving Clocks
    Info: create_clock -period 1.000 -name clock clock
Info: No user constrained clock uncertainty found in the design. Calling "derive_clock_uncertainty"
Info: Deriving Clock Uncertainty
    Info: set_clock_uncertainty -rise_from [get_clocks {clock}] -rise_to [get_clocks {clock}] -setup 0.020
    Info: set_clock_uncertainty -rise_from [get_clocks {clock}] -fall_to [get_clocks {clock}] -setup 0.020
    Info: set_clock_uncertainty -fall_from [get_clocks {clock}] -rise_to [get_clocks {clock}] -setup 0.020
    Info: set_clock_uncertainty -fall_from [get_clocks {clock}] -fall_to [get_clocks {clock}] -setup 0.020
    Info: set_clock_uncertainty -rise_from [get_clocks {clock}] -rise_to [get_clocks {clock}] -hold 0.020
    Info: set_clock_uncertainty -rise_from [get_clocks {clock}] -fall_to [get_clocks {clock}] -hold 0.020
    Info: set_clock_uncertainty -fall_from [get_clocks {clock}] -rise_to [get_clocks {clock}] -hold 0.020
    Info: set_clock_uncertainty -fall_from [get_clocks {clock}] -fall_to [get_clocks {clock}] -hold 0.020
Info: Analyzing Slow 1200mV 85C Model
Critical Warning: Timing requirements not met
Info: Worst-case setup slack is -1.835
    Info:     Slack End Point TNS Clock 
    Info: ========= ============= =====================
    Info:    -1.835       -39.038 clock 
Info: Worst-case hold slack is 0.422
    Info:     Slack End Point TNS Clock 
    Info: ========= ============= =====================
    Info:     0.422         0.000 clock 
Info: No Recovery paths to report
Info: No Removal paths to report
Info: Worst-case minimum pulse width slack is -3.000
    Info:     Slack End Point TNS Clock 
    Info: ========= ============= =====================
    Info:    -3.000       -54.400 clock 
Info: Analyzing Slow 1200mV 0C Model
Info: Started post-fitting delay annotation
Info: Delay annotation completed successfully
Info: Deriving Clock Uncertainty
    Info: set_clock_uncertainty -rise_from [get_clocks {clock}] -rise_to [get_clocks {clock}] -setup 0.020
    Info: set_clock_uncertainty -rise_from [get_clocks {clock}] -fall_to [get_clocks {clock}] -setup 0.020
    Info: set_clock_uncertainty -fall_from [get_clocks {clock}] -rise_to [get_clocks {clock}] -setup 0.020
    Info: set_clock_uncertainty -fall_from [get_clocks {clock}] -fall_to [get_clocks {clock}] -setup 0.020
    Info: set_clock_uncertainty -rise_from [get_clocks {clock}] -rise_to [get_clocks {clock}] -hold 0.020
    Info: set_clock_uncertainty -rise_from [get_clocks {clock}] -fall_to [get_clocks {clock}] -hold 0.020
    Info: set_clock_uncertainty -fall_from [get_clocks {clock}] -rise_to [get_clocks {clock}] -hold 0.020
    Info: set_clock_uncertainty -fall_from [get_clocks {clock}] -fall_to [get_clocks {clock}] -hold 0.020
Critical Warning: Timing requirements not met
Info: Worst-case setup slack is -1.637
    Info:     Slack End Point TNS Clock 
    Info: ========= ============= =====================
    Info:    -1.637       -32.243 clock 
Info: Worst-case hold slack is 0.379
    Info:     Slack End Point TNS Clock 
    Info: ========= ============= =====================
    Info:     0.379         0.000 clock 
Info: No Recovery paths to report
Info: No Removal paths to report
Info: Worst-case minimum pulse width slack is -3.000
    Info:     Slack End Point TNS Clock 
    Info: ========= ============= =====================
    Info:    -3.000       -54.400 clock 
Info: Analyzing Fast 1200mV 0C Model
Info: Started post-fitting delay annotation
Info: Delay annotation completed successfully
Info: Deriving Clock Uncertainty
    Info: set_clock_uncertainty -rise_from [get_clocks {clock}] -rise_to [get_clocks {clock}] -setup 0.020
    Info: set_clock_uncertainty -rise_from [get_clocks {clock}] -fall_to [get_clocks {clock}] -setup 0.020
    Info: set_clock_uncertainty -fall_from [get_clocks {clock}] -rise_to [get_clocks {clock}] -setup 0.020
    Info: set_clock_uncertainty -fall_from [get_clocks {clock}] -fall_to [get_clocks {clock}] -setup 0.020
    Info: set_clock_uncertainty -rise_from [get_clocks {clock}] -rise_to [get_clocks {clock}] -hold 0.020
    Info: set_clock_uncertainty -rise_from [get_clocks {clock}] -fall_to [get_clocks {clock}] -hold 0.020
    Info: set_clock_uncertainty -fall_from [get_clocks {clock}] -rise_to [get_clocks {clock}] -hold 0.020
    Info: set_clock_uncertainty -fall_from [get_clocks {clock}] -fall_to [get_clocks {clock}] -hold 0.020
Critical Warning: Timing requirements not met
Info: Worst-case setup slack is -0.488
    Info:     Slack End Point TNS Clock 
    Info: ========= ============= =====================
    Info:    -0.488        -6.271 clock 
Info: Worst-case hold slack is 0.179
    Info:     Slack End Point TNS Clock 
    Info: ========= ============= =====================
    Info:     0.179         0.000 clock 
Info: No Recovery paths to report
Info: No Removal paths to report
Info: Worst-case minimum pulse width slack is -3.000
    Info:     Slack End Point TNS Clock 
    Info: ========= ============= =====================
    Info:    -3.000       -81.466 clock 
Info: Design is not fully constrained for setup requirements
Info: Design is not fully constrained for hold requirements
Info: Quartus II TimeQuest Timing Analyzer was successful. 0 errors, 4 warnings
    Info: Peak virtual memory: 371 megabytes
    Info: Processing ended: Wed May 02 19:39:02 2018
    Info: Elapsed time: 00:00:04
    Info: Total CPU time (on all processors): 00:00:03


