Analysis & Synthesis report for Cpu
Wed Nov 27 10:23:44 2024
Quartus Prime Version 18.1.0 Build 625 09/12/2018 SJ Standard Edition


---------------------
; Table of Contents ;
---------------------
  1. Legal Notice
  2. Analysis & Synthesis Summary
  3. Analysis & Synthesis Settings
  4. Parallel Compilation
  5. Analysis & Synthesis Source Files Read
  6. Analysis & Synthesis Resource Usage Summary
  7. Analysis & Synthesis Resource Utilization by Entity
  8. Analysis & Synthesis DSP Block Usage Summary
  9. User-Specified and Inferred Latches
 10. Registers Removed During Synthesis
 11. Removed Registers Triggering Further Register Optimizations
 12. General Register Statistics
 13. Multiplexer Restructuring Statistics (Restructuring Performed)
 14. Port Connectivity Checks: "InstructionCut:b2v_inst2"
 15. Port Connectivity Checks: "DataMem:b2v_inst16"
 16. Port Connectivity Checks: "UnitControl:b2v_inst"
 17. Post-Synthesis Netlist Statistics for Top Partition
 18. Elapsed Time Per Partition
 19. Analysis & Synthesis Messages



----------------
; Legal Notice ;
----------------
Copyright (C) 2018  Intel Corporation. All rights reserved.
Your use of Intel Corporation's design tools, logic functions 
and other software and tools, and its AMPP partner logic 
functions, and any output files from any of the foregoing 
(including device programming or simulation files), and any 
associated documentation or information are expressly subject 
to the terms and conditions of the Intel Program License 
Subscription Agreement, the Intel Quartus Prime License Agreement,
the Intel FPGA IP License Agreement, or other applicable license
agreement, including, without limitation, that your use is for
the sole purpose of programming logic devices manufactured by
Intel and sold by Intel or its authorized distributors.  Please
refer to the applicable agreement for further details.



+-----------------------------------------------------------------------------------+
; Analysis & Synthesis Summary                                                      ;
+---------------------------------+-------------------------------------------------+
; Analysis & Synthesis Status     ; Successful - Wed Nov 27 10:23:44 2024           ;
; Quartus Prime Version           ; 18.1.0 Build 625 09/12/2018 SJ Standard Edition ;
; Revision Name                   ; Cpu                                             ;
; Top-level Entity Name           ; Cpu                                             ;
; Family                          ; Cyclone V                                       ;
; Logic utilization (in ALMs)     ; N/A                                             ;
; Total registers                 ; 110                                             ;
; Total pins                      ; 171                                             ;
; Total virtual pins              ; 0                                               ;
; Total block memory bits         ; 0                                               ;
; Total DSP Blocks                ; 2                                               ;
; Total HSSI RX PCSs              ; 0                                               ;
; Total HSSI PMA RX Deserializers ; 0                                               ;
; Total HSSI TX PCSs              ; 0                                               ;
; Total HSSI PMA TX Serializers   ; 0                                               ;
; Total PLLs                      ; 0                                               ;
; Total DLLs                      ; 0                                               ;
+---------------------------------+-------------------------------------------------+


+---------------------------------------------------------------------------------------------------------------------------+
; Analysis & Synthesis Settings                                                                                             ;
+---------------------------------------------------------------------------------+--------------------+--------------------+
; Option                                                                          ; Setting            ; Default Value      ;
+---------------------------------------------------------------------------------+--------------------+--------------------+
; Device                                                                          ; 5CSXFC6D6F31C6     ;                    ;
; Top-level entity name                                                           ; Cpu                ; Cpu                ;
; Family name                                                                     ; Cyclone V          ; Cyclone V          ;
; Use smart compilation                                                           ; Off                ; Off                ;
; Enable parallel Assembler and Timing Analyzer during compilation                ; On                 ; On                 ;
; Enable compact report table                                                     ; Off                ; Off                ;
; Restructure Multiplexers                                                        ; Auto               ; Auto               ;
; MLAB Add Timing Constraints For Mixed-Port Feed-Through Mode Setting Don't Care ; Off                ; Off                ;
; Create Debugging Nodes for IP Cores                                             ; Off                ; Off                ;
; Preserve fewer node names                                                       ; On                 ; On                 ;
; Intel FPGA IP Evaluation Mode                                                   ; Enable             ; Enable             ;
; Verilog Version                                                                 ; Verilog_2001       ; Verilog_2001       ;
; VHDL Version                                                                    ; VHDL_1993          ; VHDL_1993          ;
; State Machine Processing                                                        ; Auto               ; Auto               ;
; Safe State Machine                                                              ; Off                ; Off                ;
; Extract Verilog State Machines                                                  ; On                 ; On                 ;
; Extract VHDL State Machines                                                     ; On                 ; On                 ;
; Ignore Verilog initial constructs                                               ; Off                ; Off                ;
; Iteration limit for constant Verilog loops                                      ; 5000               ; 5000               ;
; Iteration limit for non-constant Verilog loops                                  ; 250                ; 250                ;
; Add Pass-Through Logic to Inferred RAMs                                         ; On                 ; On                 ;
; Infer RAMs from Raw Logic                                                       ; On                 ; On                 ;
; Parallel Synthesis                                                              ; On                 ; On                 ;
; DSP Block Balancing                                                             ; Auto               ; Auto               ;
; NOT Gate Push-Back                                                              ; On                 ; On                 ;
; Power-Up Don't Care                                                             ; On                 ; On                 ;
; Remove Redundant Logic Cells                                                    ; Off                ; Off                ;
; Remove Duplicate Registers                                                      ; On                 ; On                 ;
; Ignore CARRY Buffers                                                            ; Off                ; Off                ;
; Ignore CASCADE Buffers                                                          ; Off                ; Off                ;
; Ignore GLOBAL Buffers                                                           ; Off                ; Off                ;
; Ignore ROW GLOBAL Buffers                                                       ; Off                ; Off                ;
; Ignore LCELL Buffers                                                            ; Off                ; Off                ;
; Ignore SOFT Buffers                                                             ; On                 ; On                 ;
; Limit AHDL Integers to 32 Bits                                                  ; Off                ; Off                ;
; Optimization Technique                                                          ; Balanced           ; Balanced           ;
; Carry Chain Length                                                              ; 70                 ; 70                 ;
; Auto Carry Chains                                                               ; On                 ; On                 ;
; Auto Open-Drain Pins                                                            ; On                 ; On                 ;
; Perform WYSIWYG Primitive Resynthesis                                           ; Off                ; Off                ;
; Auto ROM Replacement                                                            ; On                 ; On                 ;
; Auto RAM Replacement                                                            ; On                 ; On                 ;
; Auto DSP Block Replacement                                                      ; On                 ; On                 ;
; Auto Shift Register Replacement                                                 ; Auto               ; Auto               ;
; Allow Shift Register Merging across Hierarchies                                 ; Auto               ; Auto               ;
; Auto Clock Enable Replacement                                                   ; On                 ; On                 ;
; Strict RAM Replacement                                                          ; Off                ; Off                ;
; Allow Synchronous Control Signals                                               ; On                 ; On                 ;
; Force Use of Synchronous Clear Signals                                          ; Off                ; Off                ;
; Auto Resource Sharing                                                           ; Off                ; Off                ;
; Allow Any RAM Size For Recognition                                              ; Off                ; Off                ;
; Allow Any ROM Size For Recognition                                              ; Off                ; Off                ;
; Allow Any Shift Register Size For Recognition                                   ; Off                ; Off                ;
; Use LogicLock Constraints during Resource Balancing                             ; On                 ; On                 ;
; Ignore translate_off and synthesis_off directives                               ; Off                ; Off                ;
; Timing-Driven Synthesis                                                         ; On                 ; On                 ;
; Report Parameter Settings                                                       ; On                 ; On                 ;
; Report Source Assignments                                                       ; On                 ; On                 ;
; Report Connectivity Checks                                                      ; On                 ; On                 ;
; Ignore Maximum Fan-Out Assignments                                              ; Off                ; Off                ;
; Synchronization Register Chain Length                                           ; 3                  ; 3                  ;
; Power Optimization During Synthesis                                             ; Normal compilation ; Normal compilation ;
; HDL message level                                                               ; Level2             ; Level2             ;
; Suppress Register Optimization Related Messages                                 ; Off                ; Off                ;
; Number of Removed Registers Reported in Synthesis Report                        ; 5000               ; 5000               ;
; Number of Swept Nodes Reported in Synthesis Report                              ; 5000               ; 5000               ;
; Number of Inverted Registers Reported in Synthesis Report                       ; 100                ; 100                ;
; Clock MUX Protection                                                            ; On                 ; On                 ;
; Auto Gated Clock Conversion                                                     ; Off                ; Off                ;
; Block Design Naming                                                             ; Auto               ; Auto               ;
; SDC constraint protection                                                       ; Off                ; Off                ;
; Synthesis Effort                                                                ; Auto               ; Auto               ;
; Shift Register Replacement - Allow Asynchronous Clear Signal                    ; On                 ; On                 ;
; Pre-Mapping Resynthesis Optimization                                            ; Off                ; Off                ;
; Analysis & Synthesis Message Level                                              ; Medium             ; Medium             ;
; Disable Register Merging Across Hierarchies                                     ; Auto               ; Auto               ;
; Resource Aware Inference For Block RAM                                          ; On                 ; On                 ;
; Automatic Parallel Synthesis                                                    ; On                 ; On                 ;
; Partial Reconfiguration Bitstream ID                                            ; Off                ; Off                ;
+---------------------------------------------------------------------------------+--------------------+--------------------+


+------------------------------------------+
; Parallel Compilation                     ;
+----------------------------+-------------+
; Processors                 ; Number      ;
+----------------------------+-------------+
; Number detected on machine ; 20          ;
; Maximum allowed            ; 12          ;
;                            ;             ;
; Average used               ; 1.00        ;
; Maximum used               ; 12          ;
;                            ;             ;
; Usage by Processor         ; % Time Used ;
;     Processor 1            ; 100.0%      ;
;     Processor 2            ;   0.0%      ;
;     Processor 3            ;   0.0%      ;
;     Processor 4            ;   0.0%      ;
;     Processor 5            ;   0.0%      ;
;     Processor 6            ;   0.0%      ;
;     Processor 7            ;   0.0%      ;
;     Processor 8            ;   0.0%      ;
;     Processors 9-12        ;   0.0%      ;
+----------------------------+-------------+


+--------------------------------------------------------------------------------------------------------------------------------------------------------------------------+
; Analysis & Synthesis Source Files Read                                                                                                                                   ;
+----------------------------------+-----------------+------------------------------+----------------------------------------------------------------------------+---------+
; File Name with User-Entered Path ; Used in Netlist ; File Type                    ; File Name with Absolute Path                                               ; Library ;
+----------------------------------+-----------------+------------------------------+----------------------------------------------------------------------------+---------+
; InstructionCut.v                 ; yes             ; User Verilog HDL File        ; D:/Quartus_18.1-ProPlus/S-json/SingleCPU/SingleCPU/AMycpu/InstructionCut.v ;         ;
; RegFile.v                        ; yes             ; User Verilog HDL File        ; D:/Quartus_18.1-ProPlus/S-json/SingleCPU/SingleCPU/AMycpu/RegFile.v        ;         ;
; Cpu.v                            ; yes             ; User Verilog HDL File        ; D:/Quartus_18.1-ProPlus/S-json/SingleCPU/SingleCPU/AMycpu/Cpu.v            ;         ;
; result.v                         ; yes             ; Auto-Found Verilog HDL File  ; D:/Quartus_18.1-ProPlus/S-json/SingleCPU/SingleCPU/AMycpu/result.v         ;         ;
; unitcontrol.v                    ; yes             ; Auto-Found Verilog HDL File  ; D:/Quartus_18.1-ProPlus/S-json/SingleCPU/SingleCPU/AMycpu/unitcontrol.v    ;         ;
; mux2_1.v                         ; yes             ; Auto-Found Verilog HDL File  ; D:/Quartus_18.1-ProPlus/S-json/SingleCPU/SingleCPU/AMycpu/mux2_1.v         ;         ;
; mux2_1_5.v                       ; yes             ; Auto-Found Verilog HDL File  ; D:/Quartus_18.1-ProPlus/S-json/SingleCPU/SingleCPU/AMycpu/mux2_1_5.v       ;         ;
; extend.v                         ; yes             ; Auto-Found Verilog HDL File  ; D:/Quartus_18.1-ProPlus/S-json/SingleCPU/SingleCPU/AMycpu/extend.v         ;         ;
; myalu.v                          ; yes             ; Auto-Found Verilog HDL File  ; D:/Quartus_18.1-ProPlus/S-json/SingleCPU/SingleCPU/AMycpu/myalu.v          ;         ;
; datamem.v                        ; yes             ; Auto-Found Verilog HDL File  ; D:/Quartus_18.1-ProPlus/S-json/SingleCPU/SingleCPU/AMycpu/datamem.v        ;         ;
; instructionmem.v                 ; yes             ; Auto-Found Verilog HDL File  ; D:/Quartus_18.1-ProPlus/S-json/SingleCPU/SingleCPU/AMycpu/instructionmem.v ;         ;
; inputnumber.v                    ; yes             ; Auto-Found Verilog HDL File  ; D:/Quartus_18.1-ProPlus/S-json/SingleCPU/SingleCPU/AMycpu/inputnumber.v    ;         ;
; inputextend.v                    ; yes             ; Auto-Found Verilog HDL File  ; D:/Quartus_18.1-ProPlus/S-json/SingleCPU/SingleCPU/AMycpu/inputextend.v    ;         ;
; pc.v                             ; yes             ; Auto-Found Verilog HDL File  ; D:/Quartus_18.1-ProPlus/S-json/SingleCPU/SingleCPU/AMycpu/pc.v             ;         ;
; add.v                            ; yes             ; Auto-Found Verilog HDL File  ; D:/Quartus_18.1-ProPlus/S-json/SingleCPU/SingleCPU/AMycpu/add.v            ;         ;
; left.v                           ; yes             ; Auto-Found Verilog HDL File  ; D:/Quartus_18.1-ProPlus/S-json/SingleCPU/SingleCPU/AMycpu/left.v           ;         ;
+----------------------------------+-----------------+------------------------------+----------------------------------------------------------------------------+---------+


+--------------------------------------------------------------------------------+
; Analysis & Synthesis Resource Usage Summary                                    ;
+---------------------------------------------+----------------------------------+
; Resource                                    ; Usage                            ;
+---------------------------------------------+----------------------------------+
; Estimate of Logic utilization (ALMs needed) ; 439                              ;
;                                             ;                                  ;
; Combinational ALUT usage for logic          ; 703                              ;
;     -- 7 input functions                    ; 3                                ;
;     -- 6 input functions                    ; 164                              ;
;     -- 5 input functions                    ; 282                              ;
;     -- 4 input functions                    ; 198                              ;
;     -- <=3 input functions                  ; 56                               ;
;                                             ;                                  ;
; Dedicated logic registers                   ; 110                              ;
;                                             ;                                  ;
; I/O pins                                    ; 171                              ;
;                                             ;                                  ;
; Total DSP Blocks                            ; 2                                ;
;                                             ;                                  ;
; Maximum fan-out node                        ; InstructionMem:b2v_inst3|Mux13~0 ;
; Maximum fan-out                             ; 200                              ;
; Total fan-out                               ; 4259                             ;
; Average fan-out                             ; 3.68                             ;
+---------------------------------------------+----------------------------------+


+--------------------------------------------------------------------------------------------------------------------------------------------------------------------------------------------------------+
; Analysis & Synthesis Resource Utilization by Entity                                                                                                                                                    ;
+-------------------------------+---------------------+---------------------------+-------------------+------------+------+--------------+-------------------------------+----------------+--------------+
; Compilation Hierarchy Node    ; Combinational ALUTs ; Dedicated Logic Registers ; Block Memory Bits ; DSP Blocks ; Pins ; Virtual Pins ; Full Hierarchy Name           ; Entity Name    ; Library Name ;
+-------------------------------+---------------------+---------------------------+-------------------+------------+------+--------------+-------------------------------+----------------+--------------+
; |Cpu                          ; 703 (0)             ; 110 (0)                   ; 0                 ; 2          ; 171  ; 0            ; |Cpu                          ; Cpu            ; work         ;
;    |Add:b2v_inst6|            ; 6 (6)               ; 0 (0)                     ; 0                 ; 0          ; 0    ; 0            ; |Cpu|Add:b2v_inst6            ; Add            ; work         ;
;    |InstructionMem:b2v_inst3| ; 18 (18)             ; 0 (0)                     ; 0                 ; 0          ; 0    ; 0            ; |Cpu|InstructionMem:b2v_inst3 ; InstructionMem ; work         ;
;    |Mux2_1:b2v_inst10|        ; 114 (114)           ; 0 (0)                     ; 0                 ; 0          ; 0    ; 0            ; |Cpu|Mux2_1:b2v_inst10        ; Mux2_1         ; work         ;
;    |Mux2_1:b2v_inst17|        ; 34 (34)             ; 0 (0)                     ; 0                 ; 0          ; 0    ; 0            ; |Cpu|Mux2_1:b2v_inst17        ; Mux2_1         ; work         ;
;    |Mux2_1:b2v_inst1|         ; 2 (2)               ; 0 (0)                     ; 0                 ; 0          ; 0    ; 0            ; |Cpu|Mux2_1:b2v_inst1         ; Mux2_1         ; work         ;
;    |MyALU:b2v_inst14|         ; 387 (387)           ; 0 (0)                     ; 0                 ; 2          ; 0    ; 0            ; |Cpu|MyALU:b2v_inst14         ; MyALU          ; work         ;
;    |Pc:b2v_inst4|             ; 5 (5)               ; 6 (6)                     ; 0                 ; 0          ; 0    ; 0            ; |Cpu|Pc:b2v_inst4             ; Pc             ; work         ;
;    |RegFile:b2v_inst5|        ; 68 (68)             ; 96 (96)                   ; 0                 ; 0          ; 0    ; 0            ; |Cpu|RegFile:b2v_inst5        ; RegFile        ; work         ;
;    |Result:Bresult|           ; 56 (56)             ; 0 (0)                     ; 0                 ; 0          ; 0    ; 0            ; |Cpu|Result:Bresult           ; Result         ; work         ;
;    |UnitControl:b2v_inst|     ; 13 (13)             ; 0 (0)                     ; 0                 ; 0          ; 0    ; 0            ; |Cpu|UnitControl:b2v_inst     ; UnitControl    ; work         ;
;    |inputNumber:in1|          ; 0 (0)               ; 8 (8)                     ; 0                 ; 0          ; 0    ; 0            ; |Cpu|inputNumber:in1          ; inputNumber    ; work         ;
+-------------------------------+---------------------+---------------------------+-------------------+------------+------+--------------+-------------------------------+----------------+--------------+
Note: For table entries with two numbers listed, the numbers in parentheses indicate the number of resources of the given type used by the specific entity alone. The numbers listed outside of parentheses indicate the total resources of the given type used by the specific entity and all of its sub-entities in the hierarchy.


+-----------------------------------------------+
; Analysis & Synthesis DSP Block Usage Summary  ;
+---------------------------------+-------------+
; Statistic                       ; Number Used ;
+---------------------------------+-------------+
; Two Independent 18x18           ; 1           ;
; Sum of two 18x18                ; 1           ;
; Total number of DSP blocks      ; 2           ;
;                                 ;             ;
; Fixed Point Unsigned Multiplier ; 3           ;
+---------------------------------+-------------+


+-------------------------------------------------------------------------------------------------------------+
; User-Specified and Inferred Latches                                                                         ;
+----------------------------------------------------+-------------------------------+------------------------+
; Latch Name                                         ; Latch Enable Signal           ; Free of Timing Hazards ;
+----------------------------------------------------+-------------------------------+------------------------+
; UnitControl:b2v_inst|ALUOp[1]                      ; UnitControl:b2v_inst|ALUOp[1] ; yes                    ;
; UnitControl:b2v_inst|ALUOp[0]                      ; UnitControl:b2v_inst|ALUOp[1] ; yes                    ;
; UnitControl:b2v_inst|ALUOp[2]                      ; UnitControl:b2v_inst|ALUOp[1] ; yes                    ;
; UnitControl:b2v_inst|ALUOp[3]                      ; UnitControl:b2v_inst|ALUOp[1] ; yes                    ;
; Number of user-specified and inferred latches = 4  ;                               ;                        ;
+----------------------------------------------------+-------------------------------+------------------------+
Note: All latches listed above may not be present at the end of synthesis due to various synthesis optimizations.


+----------------------------------------------------------------------------------+
; Registers Removed During Synthesis                                               ;
+-----------------------------------------+----------------------------------------+
; Register name                           ; Reason for Removal                     ;
+-----------------------------------------+----------------------------------------+
; Pc:b2v_inst4|curPc[1]                   ; Merged with Pc:b2v_inst4|curPc[0]      ;
; Pc:b2v_inst4|curPc[0]                   ; Stuck at GND due to stuck port data_in ;
; RegFile:b2v_inst5|Regf[0][31]           ; Stuck at GND due to stuck port data_in ;
; RegFile:b2v_inst5|Regf[0][30]           ; Stuck at GND due to stuck port data_in ;
; RegFile:b2v_inst5|Regf[0][29]           ; Stuck at GND due to stuck port data_in ;
; RegFile:b2v_inst5|Regf[0][28]           ; Stuck at GND due to stuck port data_in ;
; RegFile:b2v_inst5|Regf[0][27]           ; Stuck at GND due to stuck port data_in ;
; RegFile:b2v_inst5|Regf[0][26]           ; Stuck at GND due to stuck port data_in ;
; RegFile:b2v_inst5|Regf[0][25]           ; Stuck at GND due to stuck port data_in ;
; RegFile:b2v_inst5|Regf[0][24]           ; Stuck at GND due to stuck port data_in ;
; RegFile:b2v_inst5|Regf[0][23]           ; Stuck at GND due to stuck port data_in ;
; RegFile:b2v_inst5|Regf[0][22]           ; Stuck at GND due to stuck port data_in ;
; RegFile:b2v_inst5|Regf[0][21]           ; Stuck at GND due to stuck port data_in ;
; RegFile:b2v_inst5|Regf[0][20]           ; Stuck at GND due to stuck port data_in ;
; RegFile:b2v_inst5|Regf[0][19]           ; Stuck at GND due to stuck port data_in ;
; RegFile:b2v_inst5|Regf[0][18]           ; Stuck at GND due to stuck port data_in ;
; RegFile:b2v_inst5|Regf[0][17]           ; Stuck at GND due to stuck port data_in ;
; RegFile:b2v_inst5|Regf[0][16]           ; Stuck at GND due to stuck port data_in ;
; RegFile:b2v_inst5|Regf[0][15]           ; Stuck at GND due to stuck port data_in ;
; RegFile:b2v_inst5|Regf[0][14]           ; Stuck at GND due to stuck port data_in ;
; RegFile:b2v_inst5|Regf[0][13]           ; Stuck at GND due to stuck port data_in ;
; RegFile:b2v_inst5|Regf[0][12]           ; Stuck at GND due to stuck port data_in ;
; RegFile:b2v_inst5|Regf[0][11]           ; Stuck at GND due to stuck port data_in ;
; RegFile:b2v_inst5|Regf[0][10]           ; Stuck at GND due to stuck port data_in ;
; RegFile:b2v_inst5|Regf[0][9]            ; Stuck at GND due to stuck port data_in ;
; RegFile:b2v_inst5|Regf[0][8]            ; Stuck at GND due to stuck port data_in ;
; RegFile:b2v_inst5|Regf[0][7]            ; Stuck at GND due to stuck port data_in ;
; RegFile:b2v_inst5|Regf[0][6]            ; Stuck at GND due to stuck port data_in ;
; RegFile:b2v_inst5|Regf[0][5]            ; Stuck at GND due to stuck port data_in ;
; RegFile:b2v_inst5|Regf[0][4]            ; Stuck at GND due to stuck port data_in ;
; RegFile:b2v_inst5|Regf[0][3]            ; Stuck at GND due to stuck port data_in ;
; RegFile:b2v_inst5|Regf[0][2]            ; Stuck at GND due to stuck port data_in ;
; RegFile:b2v_inst5|Regf[0][1]            ; Stuck at GND due to stuck port data_in ;
; RegFile:b2v_inst5|Regf[0][0]            ; Stuck at GND due to stuck port data_in ;
; RegFile:b2v_inst5|Regf[12][31]          ; Lost fanout                            ;
; RegFile:b2v_inst5|Regf[13][31]          ; Lost fanout                            ;
; RegFile:b2v_inst5|Regf[14][31]          ; Lost fanout                            ;
; RegFile:b2v_inst5|Regf[15][31]          ; Lost fanout                            ;
; RegFile:b2v_inst5|Regf[24][31]          ; Lost fanout                            ;
; RegFile:b2v_inst5|Regf[25][31]          ; Lost fanout                            ;
; RegFile:b2v_inst5|Regf[26][31]          ; Lost fanout                            ;
; RegFile:b2v_inst5|Regf[27][31]          ; Lost fanout                            ;
; RegFile:b2v_inst5|Regf[28][31]          ; Lost fanout                            ;
; RegFile:b2v_inst5|Regf[29][31]          ; Lost fanout                            ;
; RegFile:b2v_inst5|Regf[30][31]          ; Lost fanout                            ;
; RegFile:b2v_inst5|Regf[31][31]          ; Lost fanout                            ;
; RegFile:b2v_inst5|Regf[16][31]          ; Lost fanout                            ;
; RegFile:b2v_inst5|Regf[17][31]          ; Lost fanout                            ;
; RegFile:b2v_inst5|Regf[18][31]          ; Lost fanout                            ;
; RegFile:b2v_inst5|Regf[19][31]          ; Lost fanout                            ;
; RegFile:b2v_inst5|Regf[20][31]          ; Lost fanout                            ;
; RegFile:b2v_inst5|Regf[21][31]          ; Lost fanout                            ;
; RegFile:b2v_inst5|Regf[22][31]          ; Lost fanout                            ;
; RegFile:b2v_inst5|Regf[23][31]          ; Lost fanout                            ;
; RegFile:b2v_inst5|Regf[12][30]          ; Lost fanout                            ;
; RegFile:b2v_inst5|Regf[13][30]          ; Lost fanout                            ;
; RegFile:b2v_inst5|Regf[14][30]          ; Lost fanout                            ;
; RegFile:b2v_inst5|Regf[15][30]          ; Lost fanout                            ;
; RegFile:b2v_inst5|Regf[24][30]          ; Lost fanout                            ;
; RegFile:b2v_inst5|Regf[25][30]          ; Lost fanout                            ;
; RegFile:b2v_inst5|Regf[26][30]          ; Lost fanout                            ;
; RegFile:b2v_inst5|Regf[27][30]          ; Lost fanout                            ;
; RegFile:b2v_inst5|Regf[28][30]          ; Lost fanout                            ;
; RegFile:b2v_inst5|Regf[29][30]          ; Lost fanout                            ;
; RegFile:b2v_inst5|Regf[30][30]          ; Lost fanout                            ;
; RegFile:b2v_inst5|Regf[31][30]          ; Lost fanout                            ;
; RegFile:b2v_inst5|Regf[16][30]          ; Lost fanout                            ;
; RegFile:b2v_inst5|Regf[17][30]          ; Lost fanout                            ;
; RegFile:b2v_inst5|Regf[18][30]          ; Lost fanout                            ;
; RegFile:b2v_inst5|Regf[19][30]          ; Lost fanout                            ;
; RegFile:b2v_inst5|Regf[20][30]          ; Lost fanout                            ;
; RegFile:b2v_inst5|Regf[21][30]          ; Lost fanout                            ;
; RegFile:b2v_inst5|Regf[22][30]          ; Lost fanout                            ;
; RegFile:b2v_inst5|Regf[23][30]          ; Lost fanout                            ;
; RegFile:b2v_inst5|Regf[12][29]          ; Lost fanout                            ;
; RegFile:b2v_inst5|Regf[13][29]          ; Lost fanout                            ;
; RegFile:b2v_inst5|Regf[14][29]          ; Lost fanout                            ;
; RegFile:b2v_inst5|Regf[15][29]          ; Lost fanout                            ;
; RegFile:b2v_inst5|Regf[24][29]          ; Lost fanout                            ;
; RegFile:b2v_inst5|Regf[25][29]          ; Lost fanout                            ;
; RegFile:b2v_inst5|Regf[26][29]          ; Lost fanout                            ;
; RegFile:b2v_inst5|Regf[27][29]          ; Lost fanout                            ;
; RegFile:b2v_inst5|Regf[28][29]          ; Lost fanout                            ;
; RegFile:b2v_inst5|Regf[29][29]          ; Lost fanout                            ;
; RegFile:b2v_inst5|Regf[30][29]          ; Lost fanout                            ;
; RegFile:b2v_inst5|Regf[31][29]          ; Lost fanout                            ;
; RegFile:b2v_inst5|Regf[16][29]          ; Lost fanout                            ;
; RegFile:b2v_inst5|Regf[17][29]          ; Lost fanout                            ;
; RegFile:b2v_inst5|Regf[18][29]          ; Lost fanout                            ;
; RegFile:b2v_inst5|Regf[19][29]          ; Lost fanout                            ;
; RegFile:b2v_inst5|Regf[20][29]          ; Lost fanout                            ;
; RegFile:b2v_inst5|Regf[21][29]          ; Lost fanout                            ;
; RegFile:b2v_inst5|Regf[22][29]          ; Lost fanout                            ;
; RegFile:b2v_inst5|Regf[23][29]          ; Lost fanout                            ;
; RegFile:b2v_inst5|Regf[12][28]          ; Lost fanout                            ;
; RegFile:b2v_inst5|Regf[13][28]          ; Lost fanout                            ;
; RegFile:b2v_inst5|Regf[14][28]          ; Lost fanout                            ;
; RegFile:b2v_inst5|Regf[15][28]          ; Lost fanout                            ;
; RegFile:b2v_inst5|Regf[24][28]          ; Lost fanout                            ;
; RegFile:b2v_inst5|Regf[25][28]          ; Lost fanout                            ;
; RegFile:b2v_inst5|Regf[26][28]          ; Lost fanout                            ;
; RegFile:b2v_inst5|Regf[27][28]          ; Lost fanout                            ;
; RegFile:b2v_inst5|Regf[28][28]          ; Lost fanout                            ;
; RegFile:b2v_inst5|Regf[29][28]          ; Lost fanout                            ;
; RegFile:b2v_inst5|Regf[30][28]          ; Lost fanout                            ;
; RegFile:b2v_inst5|Regf[31][28]          ; Lost fanout                            ;
; RegFile:b2v_inst5|Regf[16][28]          ; Lost fanout                            ;
; RegFile:b2v_inst5|Regf[17][28]          ; Lost fanout                            ;
; RegFile:b2v_inst5|Regf[18][28]          ; Lost fanout                            ;
; RegFile:b2v_inst5|Regf[19][28]          ; Lost fanout                            ;
; RegFile:b2v_inst5|Regf[20][28]          ; Lost fanout                            ;
; RegFile:b2v_inst5|Regf[21][28]          ; Lost fanout                            ;
; RegFile:b2v_inst5|Regf[22][28]          ; Lost fanout                            ;
; RegFile:b2v_inst5|Regf[23][28]          ; Lost fanout                            ;
; RegFile:b2v_inst5|Regf[12][27]          ; Lost fanout                            ;
; RegFile:b2v_inst5|Regf[13][27]          ; Lost fanout                            ;
; RegFile:b2v_inst5|Regf[14][27]          ; Lost fanout                            ;
; RegFile:b2v_inst5|Regf[15][27]          ; Lost fanout                            ;
; RegFile:b2v_inst5|Regf[24][27]          ; Lost fanout                            ;
; RegFile:b2v_inst5|Regf[25][27]          ; Lost fanout                            ;
; RegFile:b2v_inst5|Regf[26][27]          ; Lost fanout                            ;
; RegFile:b2v_inst5|Regf[27][27]          ; Lost fanout                            ;
; RegFile:b2v_inst5|Regf[28][27]          ; Lost fanout                            ;
; RegFile:b2v_inst5|Regf[29][27]          ; Lost fanout                            ;
; RegFile:b2v_inst5|Regf[30][27]          ; Lost fanout                            ;
; RegFile:b2v_inst5|Regf[31][27]          ; Lost fanout                            ;
; RegFile:b2v_inst5|Regf[16][27]          ; Lost fanout                            ;
; RegFile:b2v_inst5|Regf[17][27]          ; Lost fanout                            ;
; RegFile:b2v_inst5|Regf[18][27]          ; Lost fanout                            ;
; RegFile:b2v_inst5|Regf[19][27]          ; Lost fanout                            ;
; RegFile:b2v_inst5|Regf[20][27]          ; Lost fanout                            ;
; RegFile:b2v_inst5|Regf[21][27]          ; Lost fanout                            ;
; RegFile:b2v_inst5|Regf[22][27]          ; Lost fanout                            ;
; RegFile:b2v_inst5|Regf[23][27]          ; Lost fanout                            ;
; RegFile:b2v_inst5|Regf[12][26]          ; Lost fanout                            ;
; RegFile:b2v_inst5|Regf[13][26]          ; Lost fanout                            ;
; RegFile:b2v_inst5|Regf[14][26]          ; Lost fanout                            ;
; RegFile:b2v_inst5|Regf[15][26]          ; Lost fanout                            ;
; RegFile:b2v_inst5|Regf[24][26]          ; Lost fanout                            ;
; RegFile:b2v_inst5|Regf[25][26]          ; Lost fanout                            ;
; RegFile:b2v_inst5|Regf[26][26]          ; Lost fanout                            ;
; RegFile:b2v_inst5|Regf[27][26]          ; Lost fanout                            ;
; RegFile:b2v_inst5|Regf[28][26]          ; Lost fanout                            ;
; RegFile:b2v_inst5|Regf[29][26]          ; Lost fanout                            ;
; RegFile:b2v_inst5|Regf[30][26]          ; Lost fanout                            ;
; RegFile:b2v_inst5|Regf[31][26]          ; Lost fanout                            ;
; RegFile:b2v_inst5|Regf[16][26]          ; Lost fanout                            ;
; RegFile:b2v_inst5|Regf[17][26]          ; Lost fanout                            ;
; RegFile:b2v_inst5|Regf[18][26]          ; Lost fanout                            ;
; RegFile:b2v_inst5|Regf[19][26]          ; Lost fanout                            ;
; RegFile:b2v_inst5|Regf[20][26]          ; Lost fanout                            ;
; RegFile:b2v_inst5|Regf[21][26]          ; Lost fanout                            ;
; RegFile:b2v_inst5|Regf[22][26]          ; Lost fanout                            ;
; RegFile:b2v_inst5|Regf[23][26]          ; Lost fanout                            ;
; RegFile:b2v_inst5|Regf[12][25]          ; Lost fanout                            ;
; RegFile:b2v_inst5|Regf[13][25]          ; Lost fanout                            ;
; RegFile:b2v_inst5|Regf[14][25]          ; Lost fanout                            ;
; RegFile:b2v_inst5|Regf[15][25]          ; Lost fanout                            ;
; RegFile:b2v_inst5|Regf[24][25]          ; Lost fanout                            ;
; RegFile:b2v_inst5|Regf[25][25]          ; Lost fanout                            ;
; RegFile:b2v_inst5|Regf[26][25]          ; Lost fanout                            ;
; RegFile:b2v_inst5|Regf[27][25]          ; Lost fanout                            ;
; RegFile:b2v_inst5|Regf[28][25]          ; Lost fanout                            ;
; RegFile:b2v_inst5|Regf[29][25]          ; Lost fanout                            ;
; RegFile:b2v_inst5|Regf[30][25]          ; Lost fanout                            ;
; RegFile:b2v_inst5|Regf[31][25]          ; Lost fanout                            ;
; RegFile:b2v_inst5|Regf[16][25]          ; Lost fanout                            ;
; RegFile:b2v_inst5|Regf[17][25]          ; Lost fanout                            ;
; RegFile:b2v_inst5|Regf[18][25]          ; Lost fanout                            ;
; RegFile:b2v_inst5|Regf[19][25]          ; Lost fanout                            ;
; RegFile:b2v_inst5|Regf[20][25]          ; Lost fanout                            ;
; RegFile:b2v_inst5|Regf[21][25]          ; Lost fanout                            ;
; RegFile:b2v_inst5|Regf[22][25]          ; Lost fanout                            ;
; RegFile:b2v_inst5|Regf[23][25]          ; Lost fanout                            ;
; RegFile:b2v_inst5|Regf[12][24]          ; Lost fanout                            ;
; RegFile:b2v_inst5|Regf[13][24]          ; Lost fanout                            ;
; RegFile:b2v_inst5|Regf[14][24]          ; Lost fanout                            ;
; RegFile:b2v_inst5|Regf[15][24]          ; Lost fanout                            ;
; RegFile:b2v_inst5|Regf[24][24]          ; Lost fanout                            ;
; RegFile:b2v_inst5|Regf[25][24]          ; Lost fanout                            ;
; RegFile:b2v_inst5|Regf[26][24]          ; Lost fanout                            ;
; RegFile:b2v_inst5|Regf[27][24]          ; Lost fanout                            ;
; RegFile:b2v_inst5|Regf[28][24]          ; Lost fanout                            ;
; RegFile:b2v_inst5|Regf[29][24]          ; Lost fanout                            ;
; RegFile:b2v_inst5|Regf[30][24]          ; Lost fanout                            ;
; RegFile:b2v_inst5|Regf[31][24]          ; Lost fanout                            ;
; RegFile:b2v_inst5|Regf[16][24]          ; Lost fanout                            ;
; RegFile:b2v_inst5|Regf[17][24]          ; Lost fanout                            ;
; RegFile:b2v_inst5|Regf[18][24]          ; Lost fanout                            ;
; RegFile:b2v_inst5|Regf[19][24]          ; Lost fanout                            ;
; RegFile:b2v_inst5|Regf[20][24]          ; Lost fanout                            ;
; RegFile:b2v_inst5|Regf[21][24]          ; Lost fanout                            ;
; RegFile:b2v_inst5|Regf[22][24]          ; Lost fanout                            ;
; RegFile:b2v_inst5|Regf[23][24]          ; Lost fanout                            ;
; RegFile:b2v_inst5|Regf[12][23]          ; Lost fanout                            ;
; RegFile:b2v_inst5|Regf[13][23]          ; Lost fanout                            ;
; RegFile:b2v_inst5|Regf[14][23]          ; Lost fanout                            ;
; RegFile:b2v_inst5|Regf[15][23]          ; Lost fanout                            ;
; RegFile:b2v_inst5|Regf[24][23]          ; Lost fanout                            ;
; RegFile:b2v_inst5|Regf[25][23]          ; Lost fanout                            ;
; RegFile:b2v_inst5|Regf[26][23]          ; Lost fanout                            ;
; RegFile:b2v_inst5|Regf[27][23]          ; Lost fanout                            ;
; RegFile:b2v_inst5|Regf[28][23]          ; Lost fanout                            ;
; RegFile:b2v_inst5|Regf[29][23]          ; Lost fanout                            ;
; RegFile:b2v_inst5|Regf[30][23]          ; Lost fanout                            ;
; RegFile:b2v_inst5|Regf[31][23]          ; Lost fanout                            ;
; RegFile:b2v_inst5|Regf[16][23]          ; Lost fanout                            ;
; RegFile:b2v_inst5|Regf[17][23]          ; Lost fanout                            ;
; RegFile:b2v_inst5|Regf[18][23]          ; Lost fanout                            ;
; RegFile:b2v_inst5|Regf[19][23]          ; Lost fanout                            ;
; RegFile:b2v_inst5|Regf[20][23]          ; Lost fanout                            ;
; RegFile:b2v_inst5|Regf[21][23]          ; Lost fanout                            ;
; RegFile:b2v_inst5|Regf[22][23]          ; Lost fanout                            ;
; RegFile:b2v_inst5|Regf[23][23]          ; Lost fanout                            ;
; RegFile:b2v_inst5|Regf[12][22]          ; Lost fanout                            ;
; RegFile:b2v_inst5|Regf[13][22]          ; Lost fanout                            ;
; RegFile:b2v_inst5|Regf[14][22]          ; Lost fanout                            ;
; RegFile:b2v_inst5|Regf[15][22]          ; Lost fanout                            ;
; RegFile:b2v_inst5|Regf[24][22]          ; Lost fanout                            ;
; RegFile:b2v_inst5|Regf[25][22]          ; Lost fanout                            ;
; RegFile:b2v_inst5|Regf[26][22]          ; Lost fanout                            ;
; RegFile:b2v_inst5|Regf[27][22]          ; Lost fanout                            ;
; RegFile:b2v_inst5|Regf[28][22]          ; Lost fanout                            ;
; RegFile:b2v_inst5|Regf[29][22]          ; Lost fanout                            ;
; RegFile:b2v_inst5|Regf[30][22]          ; Lost fanout                            ;
; RegFile:b2v_inst5|Regf[31][22]          ; Lost fanout                            ;
; RegFile:b2v_inst5|Regf[16][22]          ; Lost fanout                            ;
; RegFile:b2v_inst5|Regf[17][22]          ; Lost fanout                            ;
; RegFile:b2v_inst5|Regf[18][22]          ; Lost fanout                            ;
; RegFile:b2v_inst5|Regf[19][22]          ; Lost fanout                            ;
; RegFile:b2v_inst5|Regf[20][22]          ; Lost fanout                            ;
; RegFile:b2v_inst5|Regf[21][22]          ; Lost fanout                            ;
; RegFile:b2v_inst5|Regf[22][22]          ; Lost fanout                            ;
; RegFile:b2v_inst5|Regf[23][22]          ; Lost fanout                            ;
; RegFile:b2v_inst5|Regf[12][21]          ; Lost fanout                            ;
; RegFile:b2v_inst5|Regf[13][21]          ; Lost fanout                            ;
; RegFile:b2v_inst5|Regf[14][21]          ; Lost fanout                            ;
; RegFile:b2v_inst5|Regf[15][21]          ; Lost fanout                            ;
; RegFile:b2v_inst5|Regf[24][21]          ; Lost fanout                            ;
; RegFile:b2v_inst5|Regf[25][21]          ; Lost fanout                            ;
; RegFile:b2v_inst5|Regf[26][21]          ; Lost fanout                            ;
; RegFile:b2v_inst5|Regf[27][21]          ; Lost fanout                            ;
; RegFile:b2v_inst5|Regf[28][21]          ; Lost fanout                            ;
; RegFile:b2v_inst5|Regf[29][21]          ; Lost fanout                            ;
; RegFile:b2v_inst5|Regf[30][21]          ; Lost fanout                            ;
; RegFile:b2v_inst5|Regf[31][21]          ; Lost fanout                            ;
; RegFile:b2v_inst5|Regf[16][21]          ; Lost fanout                            ;
; RegFile:b2v_inst5|Regf[17][21]          ; Lost fanout                            ;
; RegFile:b2v_inst5|Regf[18][21]          ; Lost fanout                            ;
; RegFile:b2v_inst5|Regf[19][21]          ; Lost fanout                            ;
; RegFile:b2v_inst5|Regf[20][21]          ; Lost fanout                            ;
; RegFile:b2v_inst5|Regf[21][21]          ; Lost fanout                            ;
; RegFile:b2v_inst5|Regf[22][21]          ; Lost fanout                            ;
; RegFile:b2v_inst5|Regf[23][21]          ; Lost fanout                            ;
; RegFile:b2v_inst5|Regf[12][20]          ; Lost fanout                            ;
; RegFile:b2v_inst5|Regf[13][20]          ; Lost fanout                            ;
; RegFile:b2v_inst5|Regf[14][20]          ; Lost fanout                            ;
; RegFile:b2v_inst5|Regf[15][20]          ; Lost fanout                            ;
; RegFile:b2v_inst5|Regf[24][20]          ; Lost fanout                            ;
; RegFile:b2v_inst5|Regf[25][20]          ; Lost fanout                            ;
; RegFile:b2v_inst5|Regf[26][20]          ; Lost fanout                            ;
; RegFile:b2v_inst5|Regf[27][20]          ; Lost fanout                            ;
; RegFile:b2v_inst5|Regf[28][20]          ; Lost fanout                            ;
; RegFile:b2v_inst5|Regf[29][20]          ; Lost fanout                            ;
; RegFile:b2v_inst5|Regf[30][20]          ; Lost fanout                            ;
; RegFile:b2v_inst5|Regf[31][20]          ; Lost fanout                            ;
; RegFile:b2v_inst5|Regf[16][20]          ; Lost fanout                            ;
; RegFile:b2v_inst5|Regf[17][20]          ; Lost fanout                            ;
; RegFile:b2v_inst5|Regf[18][20]          ; Lost fanout                            ;
; RegFile:b2v_inst5|Regf[19][20]          ; Lost fanout                            ;
; RegFile:b2v_inst5|Regf[20][20]          ; Lost fanout                            ;
; RegFile:b2v_inst5|Regf[21][20]          ; Lost fanout                            ;
; RegFile:b2v_inst5|Regf[22][20]          ; Lost fanout                            ;
; RegFile:b2v_inst5|Regf[23][20]          ; Lost fanout                            ;
; RegFile:b2v_inst5|Regf[12][19]          ; Lost fanout                            ;
; RegFile:b2v_inst5|Regf[13][19]          ; Lost fanout                            ;
; RegFile:b2v_inst5|Regf[14][19]          ; Lost fanout                            ;
; RegFile:b2v_inst5|Regf[15][19]          ; Lost fanout                            ;
; RegFile:b2v_inst5|Regf[24][19]          ; Lost fanout                            ;
; RegFile:b2v_inst5|Regf[25][19]          ; Lost fanout                            ;
; RegFile:b2v_inst5|Regf[26][19]          ; Lost fanout                            ;
; RegFile:b2v_inst5|Regf[27][19]          ; Lost fanout                            ;
; RegFile:b2v_inst5|Regf[28][19]          ; Lost fanout                            ;
; RegFile:b2v_inst5|Regf[29][19]          ; Lost fanout                            ;
; RegFile:b2v_inst5|Regf[30][19]          ; Lost fanout                            ;
; RegFile:b2v_inst5|Regf[31][19]          ; Lost fanout                            ;
; RegFile:b2v_inst5|Regf[16][19]          ; Lost fanout                            ;
; RegFile:b2v_inst5|Regf[17][19]          ; Lost fanout                            ;
; RegFile:b2v_inst5|Regf[18][19]          ; Lost fanout                            ;
; RegFile:b2v_inst5|Regf[19][19]          ; Lost fanout                            ;
; RegFile:b2v_inst5|Regf[20][19]          ; Lost fanout                            ;
; RegFile:b2v_inst5|Regf[21][19]          ; Lost fanout                            ;
; RegFile:b2v_inst5|Regf[22][19]          ; Lost fanout                            ;
; RegFile:b2v_inst5|Regf[23][19]          ; Lost fanout                            ;
; RegFile:b2v_inst5|Regf[12][18]          ; Lost fanout                            ;
; RegFile:b2v_inst5|Regf[13][18]          ; Lost fanout                            ;
; RegFile:b2v_inst5|Regf[14][18]          ; Lost fanout                            ;
; RegFile:b2v_inst5|Regf[15][18]          ; Lost fanout                            ;
; RegFile:b2v_inst5|Regf[24][18]          ; Lost fanout                            ;
; RegFile:b2v_inst5|Regf[25][18]          ; Lost fanout                            ;
; RegFile:b2v_inst5|Regf[26][18]          ; Lost fanout                            ;
; RegFile:b2v_inst5|Regf[27][18]          ; Lost fanout                            ;
; RegFile:b2v_inst5|Regf[28][18]          ; Lost fanout                            ;
; RegFile:b2v_inst5|Regf[29][18]          ; Lost fanout                            ;
; RegFile:b2v_inst5|Regf[30][18]          ; Lost fanout                            ;
; RegFile:b2v_inst5|Regf[31][18]          ; Lost fanout                            ;
; RegFile:b2v_inst5|Regf[16][18]          ; Lost fanout                            ;
; RegFile:b2v_inst5|Regf[17][18]          ; Lost fanout                            ;
; RegFile:b2v_inst5|Regf[18][18]          ; Lost fanout                            ;
; RegFile:b2v_inst5|Regf[19][18]          ; Lost fanout                            ;
; RegFile:b2v_inst5|Regf[20][18]          ; Lost fanout                            ;
; RegFile:b2v_inst5|Regf[21][18]          ; Lost fanout                            ;
; RegFile:b2v_inst5|Regf[22][18]          ; Lost fanout                            ;
; RegFile:b2v_inst5|Regf[23][18]          ; Lost fanout                            ;
; RegFile:b2v_inst5|Regf[12][17]          ; Lost fanout                            ;
; RegFile:b2v_inst5|Regf[13][17]          ; Lost fanout                            ;
; RegFile:b2v_inst5|Regf[14][17]          ; Lost fanout                            ;
; RegFile:b2v_inst5|Regf[15][17]          ; Lost fanout                            ;
; RegFile:b2v_inst5|Regf[24][17]          ; Lost fanout                            ;
; RegFile:b2v_inst5|Regf[25][17]          ; Lost fanout                            ;
; RegFile:b2v_inst5|Regf[26][17]          ; Lost fanout                            ;
; RegFile:b2v_inst5|Regf[27][17]          ; Lost fanout                            ;
; RegFile:b2v_inst5|Regf[28][17]          ; Lost fanout                            ;
; RegFile:b2v_inst5|Regf[29][17]          ; Lost fanout                            ;
; RegFile:b2v_inst5|Regf[30][17]          ; Lost fanout                            ;
; RegFile:b2v_inst5|Regf[31][17]          ; Lost fanout                            ;
; RegFile:b2v_inst5|Regf[16][17]          ; Lost fanout                            ;
; RegFile:b2v_inst5|Regf[17][17]          ; Lost fanout                            ;
; RegFile:b2v_inst5|Regf[18][17]          ; Lost fanout                            ;
; RegFile:b2v_inst5|Regf[19][17]          ; Lost fanout                            ;
; RegFile:b2v_inst5|Regf[20][17]          ; Lost fanout                            ;
; RegFile:b2v_inst5|Regf[21][17]          ; Lost fanout                            ;
; RegFile:b2v_inst5|Regf[22][17]          ; Lost fanout                            ;
; RegFile:b2v_inst5|Regf[23][17]          ; Lost fanout                            ;
; RegFile:b2v_inst5|Regf[12][16]          ; Lost fanout                            ;
; RegFile:b2v_inst5|Regf[13][16]          ; Lost fanout                            ;
; RegFile:b2v_inst5|Regf[14][16]          ; Lost fanout                            ;
; RegFile:b2v_inst5|Regf[15][16]          ; Lost fanout                            ;
; RegFile:b2v_inst5|Regf[24][16]          ; Lost fanout                            ;
; RegFile:b2v_inst5|Regf[25][16]          ; Lost fanout                            ;
; RegFile:b2v_inst5|Regf[26][16]          ; Lost fanout                            ;
; RegFile:b2v_inst5|Regf[27][16]          ; Lost fanout                            ;
; RegFile:b2v_inst5|Regf[28][16]          ; Lost fanout                            ;
; RegFile:b2v_inst5|Regf[29][16]          ; Lost fanout                            ;
; RegFile:b2v_inst5|Regf[30][16]          ; Lost fanout                            ;
; RegFile:b2v_inst5|Regf[31][16]          ; Lost fanout                            ;
; RegFile:b2v_inst5|Regf[16][16]          ; Lost fanout                            ;
; RegFile:b2v_inst5|Regf[17][16]          ; Lost fanout                            ;
; RegFile:b2v_inst5|Regf[18][16]          ; Lost fanout                            ;
; RegFile:b2v_inst5|Regf[19][16]          ; Lost fanout                            ;
; RegFile:b2v_inst5|Regf[20][16]          ; Lost fanout                            ;
; RegFile:b2v_inst5|Regf[21][16]          ; Lost fanout                            ;
; RegFile:b2v_inst5|Regf[22][16]          ; Lost fanout                            ;
; RegFile:b2v_inst5|Regf[23][16]          ; Lost fanout                            ;
; RegFile:b2v_inst5|Regf[12][15]          ; Lost fanout                            ;
; RegFile:b2v_inst5|Regf[13][15]          ; Lost fanout                            ;
; RegFile:b2v_inst5|Regf[14][15]          ; Lost fanout                            ;
; RegFile:b2v_inst5|Regf[15][15]          ; Lost fanout                            ;
; RegFile:b2v_inst5|Regf[24][15]          ; Lost fanout                            ;
; RegFile:b2v_inst5|Regf[25][15]          ; Lost fanout                            ;
; RegFile:b2v_inst5|Regf[26][15]          ; Lost fanout                            ;
; RegFile:b2v_inst5|Regf[27][15]          ; Lost fanout                            ;
; RegFile:b2v_inst5|Regf[28][15]          ; Lost fanout                            ;
; RegFile:b2v_inst5|Regf[29][15]          ; Lost fanout                            ;
; RegFile:b2v_inst5|Regf[30][15]          ; Lost fanout                            ;
; RegFile:b2v_inst5|Regf[31][15]          ; Lost fanout                            ;
; RegFile:b2v_inst5|Regf[16][15]          ; Lost fanout                            ;
; RegFile:b2v_inst5|Regf[17][15]          ; Lost fanout                            ;
; RegFile:b2v_inst5|Regf[18][15]          ; Lost fanout                            ;
; RegFile:b2v_inst5|Regf[19][15]          ; Lost fanout                            ;
; RegFile:b2v_inst5|Regf[20][15]          ; Lost fanout                            ;
; RegFile:b2v_inst5|Regf[21][15]          ; Lost fanout                            ;
; RegFile:b2v_inst5|Regf[22][15]          ; Lost fanout                            ;
; RegFile:b2v_inst5|Regf[23][15]          ; Lost fanout                            ;
; RegFile:b2v_inst5|Regf[12][14]          ; Lost fanout                            ;
; RegFile:b2v_inst5|Regf[13][14]          ; Lost fanout                            ;
; RegFile:b2v_inst5|Regf[14][14]          ; Lost fanout                            ;
; RegFile:b2v_inst5|Regf[15][14]          ; Lost fanout                            ;
; RegFile:b2v_inst5|Regf[24][14]          ; Lost fanout                            ;
; RegFile:b2v_inst5|Regf[25][14]          ; Lost fanout                            ;
; RegFile:b2v_inst5|Regf[26][14]          ; Lost fanout                            ;
; RegFile:b2v_inst5|Regf[27][14]          ; Lost fanout                            ;
; RegFile:b2v_inst5|Regf[28][14]          ; Lost fanout                            ;
; RegFile:b2v_inst5|Regf[29][14]          ; Lost fanout                            ;
; RegFile:b2v_inst5|Regf[30][14]          ; Lost fanout                            ;
; RegFile:b2v_inst5|Regf[31][14]          ; Lost fanout                            ;
; RegFile:b2v_inst5|Regf[16][14]          ; Lost fanout                            ;
; RegFile:b2v_inst5|Regf[17][14]          ; Lost fanout                            ;
; RegFile:b2v_inst5|Regf[18][14]          ; Lost fanout                            ;
; RegFile:b2v_inst5|Regf[19][14]          ; Lost fanout                            ;
; RegFile:b2v_inst5|Regf[20][14]          ; Lost fanout                            ;
; RegFile:b2v_inst5|Regf[21][14]          ; Lost fanout                            ;
; RegFile:b2v_inst5|Regf[22][14]          ; Lost fanout                            ;
; RegFile:b2v_inst5|Regf[23][14]          ; Lost fanout                            ;
; RegFile:b2v_inst5|Regf[12][13]          ; Lost fanout                            ;
; RegFile:b2v_inst5|Regf[13][13]          ; Lost fanout                            ;
; RegFile:b2v_inst5|Regf[14][13]          ; Lost fanout                            ;
; RegFile:b2v_inst5|Regf[15][13]          ; Lost fanout                            ;
; RegFile:b2v_inst5|Regf[24][13]          ; Lost fanout                            ;
; RegFile:b2v_inst5|Regf[25][13]          ; Lost fanout                            ;
; RegFile:b2v_inst5|Regf[26][13]          ; Lost fanout                            ;
; RegFile:b2v_inst5|Regf[27][13]          ; Lost fanout                            ;
; RegFile:b2v_inst5|Regf[28][13]          ; Lost fanout                            ;
; RegFile:b2v_inst5|Regf[29][13]          ; Lost fanout                            ;
; RegFile:b2v_inst5|Regf[30][13]          ; Lost fanout                            ;
; RegFile:b2v_inst5|Regf[31][13]          ; Lost fanout                            ;
; RegFile:b2v_inst5|Regf[16][13]          ; Lost fanout                            ;
; RegFile:b2v_inst5|Regf[17][13]          ; Lost fanout                            ;
; RegFile:b2v_inst5|Regf[18][13]          ; Lost fanout                            ;
; RegFile:b2v_inst5|Regf[19][13]          ; Lost fanout                            ;
; RegFile:b2v_inst5|Regf[20][13]          ; Lost fanout                            ;
; RegFile:b2v_inst5|Regf[21][13]          ; Lost fanout                            ;
; RegFile:b2v_inst5|Regf[22][13]          ; Lost fanout                            ;
; RegFile:b2v_inst5|Regf[23][13]          ; Lost fanout                            ;
; RegFile:b2v_inst5|Regf[12][12]          ; Lost fanout                            ;
; RegFile:b2v_inst5|Regf[13][12]          ; Lost fanout                            ;
; RegFile:b2v_inst5|Regf[14][12]          ; Lost fanout                            ;
; RegFile:b2v_inst5|Regf[15][12]          ; Lost fanout                            ;
; RegFile:b2v_inst5|Regf[24][12]          ; Lost fanout                            ;
; RegFile:b2v_inst5|Regf[25][12]          ; Lost fanout                            ;
; RegFile:b2v_inst5|Regf[26][12]          ; Lost fanout                            ;
; RegFile:b2v_inst5|Regf[27][12]          ; Lost fanout                            ;
; RegFile:b2v_inst5|Regf[28][12]          ; Lost fanout                            ;
; RegFile:b2v_inst5|Regf[29][12]          ; Lost fanout                            ;
; RegFile:b2v_inst5|Regf[30][12]          ; Lost fanout                            ;
; RegFile:b2v_inst5|Regf[31][12]          ; Lost fanout                            ;
; RegFile:b2v_inst5|Regf[16][12]          ; Lost fanout                            ;
; RegFile:b2v_inst5|Regf[17][12]          ; Lost fanout                            ;
; RegFile:b2v_inst5|Regf[18][12]          ; Lost fanout                            ;
; RegFile:b2v_inst5|Regf[19][12]          ; Lost fanout                            ;
; RegFile:b2v_inst5|Regf[20][12]          ; Lost fanout                            ;
; RegFile:b2v_inst5|Regf[21][12]          ; Lost fanout                            ;
; RegFile:b2v_inst5|Regf[22][12]          ; Lost fanout                            ;
; RegFile:b2v_inst5|Regf[23][12]          ; Lost fanout                            ;
; RegFile:b2v_inst5|Regf[12][11]          ; Lost fanout                            ;
; RegFile:b2v_inst5|Regf[13][11]          ; Lost fanout                            ;
; RegFile:b2v_inst5|Regf[14][11]          ; Lost fanout                            ;
; RegFile:b2v_inst5|Regf[15][11]          ; Lost fanout                            ;
; RegFile:b2v_inst5|Regf[24][11]          ; Lost fanout                            ;
; RegFile:b2v_inst5|Regf[25][11]          ; Lost fanout                            ;
; RegFile:b2v_inst5|Regf[26][11]          ; Lost fanout                            ;
; RegFile:b2v_inst5|Regf[27][11]          ; Lost fanout                            ;
; RegFile:b2v_inst5|Regf[28][11]          ; Lost fanout                            ;
; RegFile:b2v_inst5|Regf[29][11]          ; Lost fanout                            ;
; RegFile:b2v_inst5|Regf[30][11]          ; Lost fanout                            ;
; RegFile:b2v_inst5|Regf[31][11]          ; Lost fanout                            ;
; RegFile:b2v_inst5|Regf[16][11]          ; Lost fanout                            ;
; RegFile:b2v_inst5|Regf[17][11]          ; Lost fanout                            ;
; RegFile:b2v_inst5|Regf[18][11]          ; Lost fanout                            ;
; RegFile:b2v_inst5|Regf[19][11]          ; Lost fanout                            ;
; RegFile:b2v_inst5|Regf[20][11]          ; Lost fanout                            ;
; RegFile:b2v_inst5|Regf[21][11]          ; Lost fanout                            ;
; RegFile:b2v_inst5|Regf[22][11]          ; Lost fanout                            ;
; RegFile:b2v_inst5|Regf[23][11]          ; Lost fanout                            ;
; RegFile:b2v_inst5|Regf[12][10]          ; Lost fanout                            ;
; RegFile:b2v_inst5|Regf[13][10]          ; Lost fanout                            ;
; RegFile:b2v_inst5|Regf[14][10]          ; Lost fanout                            ;
; RegFile:b2v_inst5|Regf[15][10]          ; Lost fanout                            ;
; RegFile:b2v_inst5|Regf[24][10]          ; Lost fanout                            ;
; RegFile:b2v_inst5|Regf[25][10]          ; Lost fanout                            ;
; RegFile:b2v_inst5|Regf[26][10]          ; Lost fanout                            ;
; RegFile:b2v_inst5|Regf[27][10]          ; Lost fanout                            ;
; RegFile:b2v_inst5|Regf[28][10]          ; Lost fanout                            ;
; RegFile:b2v_inst5|Regf[29][10]          ; Lost fanout                            ;
; RegFile:b2v_inst5|Regf[30][10]          ; Lost fanout                            ;
; RegFile:b2v_inst5|Regf[31][10]          ; Lost fanout                            ;
; RegFile:b2v_inst5|Regf[16][10]          ; Lost fanout                            ;
; RegFile:b2v_inst5|Regf[17][10]          ; Lost fanout                            ;
; RegFile:b2v_inst5|Regf[18][10]          ; Lost fanout                            ;
; RegFile:b2v_inst5|Regf[19][10]          ; Lost fanout                            ;
; RegFile:b2v_inst5|Regf[20][10]          ; Lost fanout                            ;
; RegFile:b2v_inst5|Regf[21][10]          ; Lost fanout                            ;
; RegFile:b2v_inst5|Regf[22][10]          ; Lost fanout                            ;
; RegFile:b2v_inst5|Regf[23][10]          ; Lost fanout                            ;
; RegFile:b2v_inst5|Regf[12][9]           ; Lost fanout                            ;
; RegFile:b2v_inst5|Regf[13][9]           ; Lost fanout                            ;
; RegFile:b2v_inst5|Regf[14][9]           ; Lost fanout                            ;
; RegFile:b2v_inst5|Regf[15][9]           ; Lost fanout                            ;
; RegFile:b2v_inst5|Regf[24][9]           ; Lost fanout                            ;
; RegFile:b2v_inst5|Regf[25][9]           ; Lost fanout                            ;
; RegFile:b2v_inst5|Regf[26][9]           ; Lost fanout                            ;
; RegFile:b2v_inst5|Regf[27][9]           ; Lost fanout                            ;
; RegFile:b2v_inst5|Regf[28][9]           ; Lost fanout                            ;
; RegFile:b2v_inst5|Regf[29][9]           ; Lost fanout                            ;
; RegFile:b2v_inst5|Regf[30][9]           ; Lost fanout                            ;
; RegFile:b2v_inst5|Regf[31][9]           ; Lost fanout                            ;
; RegFile:b2v_inst5|Regf[16][9]           ; Lost fanout                            ;
; RegFile:b2v_inst5|Regf[17][9]           ; Lost fanout                            ;
; RegFile:b2v_inst5|Regf[18][9]           ; Lost fanout                            ;
; RegFile:b2v_inst5|Regf[19][9]           ; Lost fanout                            ;
; RegFile:b2v_inst5|Regf[20][9]           ; Lost fanout                            ;
; RegFile:b2v_inst5|Regf[21][9]           ; Lost fanout                            ;
; RegFile:b2v_inst5|Regf[22][9]           ; Lost fanout                            ;
; RegFile:b2v_inst5|Regf[23][9]           ; Lost fanout                            ;
; RegFile:b2v_inst5|Regf[12][8]           ; Lost fanout                            ;
; RegFile:b2v_inst5|Regf[13][8]           ; Lost fanout                            ;
; RegFile:b2v_inst5|Regf[14][8]           ; Lost fanout                            ;
; RegFile:b2v_inst5|Regf[15][8]           ; Lost fanout                            ;
; RegFile:b2v_inst5|Regf[24][8]           ; Lost fanout                            ;
; RegFile:b2v_inst5|Regf[25][8]           ; Lost fanout                            ;
; RegFile:b2v_inst5|Regf[26][8]           ; Lost fanout                            ;
; RegFile:b2v_inst5|Regf[27][8]           ; Lost fanout                            ;
; RegFile:b2v_inst5|Regf[28][8]           ; Lost fanout                            ;
; RegFile:b2v_inst5|Regf[29][8]           ; Lost fanout                            ;
; RegFile:b2v_inst5|Regf[30][8]           ; Lost fanout                            ;
; RegFile:b2v_inst5|Regf[31][8]           ; Lost fanout                            ;
; RegFile:b2v_inst5|Regf[16][8]           ; Lost fanout                            ;
; RegFile:b2v_inst5|Regf[17][8]           ; Lost fanout                            ;
; RegFile:b2v_inst5|Regf[18][8]           ; Lost fanout                            ;
; RegFile:b2v_inst5|Regf[19][8]           ; Lost fanout                            ;
; RegFile:b2v_inst5|Regf[20][8]           ; Lost fanout                            ;
; RegFile:b2v_inst5|Regf[21][8]           ; Lost fanout                            ;
; RegFile:b2v_inst5|Regf[22][8]           ; Lost fanout                            ;
; RegFile:b2v_inst5|Regf[23][8]           ; Lost fanout                            ;
; RegFile:b2v_inst5|Regf[12][7]           ; Lost fanout                            ;
; RegFile:b2v_inst5|Regf[13][7]           ; Lost fanout                            ;
; RegFile:b2v_inst5|Regf[14][7]           ; Lost fanout                            ;
; RegFile:b2v_inst5|Regf[15][7]           ; Lost fanout                            ;
; RegFile:b2v_inst5|Regf[24][7]           ; Lost fanout                            ;
; RegFile:b2v_inst5|Regf[25][7]           ; Lost fanout                            ;
; RegFile:b2v_inst5|Regf[26][7]           ; Lost fanout                            ;
; RegFile:b2v_inst5|Regf[27][7]           ; Lost fanout                            ;
; RegFile:b2v_inst5|Regf[28][7]           ; Lost fanout                            ;
; RegFile:b2v_inst5|Regf[29][7]           ; Lost fanout                            ;
; RegFile:b2v_inst5|Regf[30][7]           ; Lost fanout                            ;
; RegFile:b2v_inst5|Regf[31][7]           ; Lost fanout                            ;
; RegFile:b2v_inst5|Regf[16][7]           ; Lost fanout                            ;
; RegFile:b2v_inst5|Regf[17][7]           ; Lost fanout                            ;
; RegFile:b2v_inst5|Regf[18][7]           ; Lost fanout                            ;
; RegFile:b2v_inst5|Regf[19][7]           ; Lost fanout                            ;
; RegFile:b2v_inst5|Regf[20][7]           ; Lost fanout                            ;
; RegFile:b2v_inst5|Regf[21][7]           ; Lost fanout                            ;
; RegFile:b2v_inst5|Regf[22][7]           ; Lost fanout                            ;
; RegFile:b2v_inst5|Regf[23][7]           ; Lost fanout                            ;
; RegFile:b2v_inst5|Regf[12][6]           ; Lost fanout                            ;
; RegFile:b2v_inst5|Regf[13][6]           ; Lost fanout                            ;
; RegFile:b2v_inst5|Regf[14][6]           ; Lost fanout                            ;
; RegFile:b2v_inst5|Regf[15][6]           ; Lost fanout                            ;
; RegFile:b2v_inst5|Regf[24][6]           ; Lost fanout                            ;
; RegFile:b2v_inst5|Regf[25][6]           ; Lost fanout                            ;
; RegFile:b2v_inst5|Regf[26][6]           ; Lost fanout                            ;
; RegFile:b2v_inst5|Regf[27][6]           ; Lost fanout                            ;
; RegFile:b2v_inst5|Regf[28][6]           ; Lost fanout                            ;
; RegFile:b2v_inst5|Regf[29][6]           ; Lost fanout                            ;
; RegFile:b2v_inst5|Regf[30][6]           ; Lost fanout                            ;
; RegFile:b2v_inst5|Regf[31][6]           ; Lost fanout                            ;
; RegFile:b2v_inst5|Regf[16][6]           ; Lost fanout                            ;
; RegFile:b2v_inst5|Regf[17][6]           ; Lost fanout                            ;
; RegFile:b2v_inst5|Regf[18][6]           ; Lost fanout                            ;
; RegFile:b2v_inst5|Regf[19][6]           ; Lost fanout                            ;
; RegFile:b2v_inst5|Regf[20][6]           ; Lost fanout                            ;
; RegFile:b2v_inst5|Regf[21][6]           ; Lost fanout                            ;
; RegFile:b2v_inst5|Regf[22][6]           ; Lost fanout                            ;
; RegFile:b2v_inst5|Regf[23][6]           ; Lost fanout                            ;
; RegFile:b2v_inst5|Regf[12][5]           ; Lost fanout                            ;
; RegFile:b2v_inst5|Regf[13][5]           ; Lost fanout                            ;
; RegFile:b2v_inst5|Regf[14][5]           ; Lost fanout                            ;
; RegFile:b2v_inst5|Regf[15][5]           ; Lost fanout                            ;
; RegFile:b2v_inst5|Regf[24][5]           ; Lost fanout                            ;
; RegFile:b2v_inst5|Regf[25][5]           ; Lost fanout                            ;
; RegFile:b2v_inst5|Regf[26][5]           ; Lost fanout                            ;
; RegFile:b2v_inst5|Regf[27][5]           ; Lost fanout                            ;
; RegFile:b2v_inst5|Regf[28][5]           ; Lost fanout                            ;
; RegFile:b2v_inst5|Regf[29][5]           ; Lost fanout                            ;
; RegFile:b2v_inst5|Regf[30][5]           ; Lost fanout                            ;
; RegFile:b2v_inst5|Regf[31][5]           ; Lost fanout                            ;
; RegFile:b2v_inst5|Regf[16][5]           ; Lost fanout                            ;
; RegFile:b2v_inst5|Regf[17][5]           ; Lost fanout                            ;
; RegFile:b2v_inst5|Regf[18][5]           ; Lost fanout                            ;
; RegFile:b2v_inst5|Regf[19][5]           ; Lost fanout                            ;
; RegFile:b2v_inst5|Regf[20][5]           ; Lost fanout                            ;
; RegFile:b2v_inst5|Regf[21][5]           ; Lost fanout                            ;
; RegFile:b2v_inst5|Regf[22][5]           ; Lost fanout                            ;
; RegFile:b2v_inst5|Regf[23][5]           ; Lost fanout                            ;
; RegFile:b2v_inst5|Regf[12][4]           ; Lost fanout                            ;
; RegFile:b2v_inst5|Regf[13][4]           ; Lost fanout                            ;
; RegFile:b2v_inst5|Regf[14][4]           ; Lost fanout                            ;
; RegFile:b2v_inst5|Regf[15][4]           ; Lost fanout                            ;
; RegFile:b2v_inst5|Regf[24][4]           ; Lost fanout                            ;
; RegFile:b2v_inst5|Regf[25][4]           ; Lost fanout                            ;
; RegFile:b2v_inst5|Regf[26][4]           ; Lost fanout                            ;
; RegFile:b2v_inst5|Regf[27][4]           ; Lost fanout                            ;
; RegFile:b2v_inst5|Regf[28][4]           ; Lost fanout                            ;
; RegFile:b2v_inst5|Regf[29][4]           ; Lost fanout                            ;
; RegFile:b2v_inst5|Regf[30][4]           ; Lost fanout                            ;
; RegFile:b2v_inst5|Regf[31][4]           ; Lost fanout                            ;
; RegFile:b2v_inst5|Regf[16][4]           ; Lost fanout                            ;
; RegFile:b2v_inst5|Regf[17][4]           ; Lost fanout                            ;
; RegFile:b2v_inst5|Regf[18][4]           ; Lost fanout                            ;
; RegFile:b2v_inst5|Regf[19][4]           ; Lost fanout                            ;
; RegFile:b2v_inst5|Regf[20][4]           ; Lost fanout                            ;
; RegFile:b2v_inst5|Regf[21][4]           ; Lost fanout                            ;
; RegFile:b2v_inst5|Regf[22][4]           ; Lost fanout                            ;
; RegFile:b2v_inst5|Regf[23][4]           ; Lost fanout                            ;
; RegFile:b2v_inst5|Regf[12][3]           ; Lost fanout                            ;
; RegFile:b2v_inst5|Regf[13][3]           ; Lost fanout                            ;
; RegFile:b2v_inst5|Regf[14][3]           ; Lost fanout                            ;
; RegFile:b2v_inst5|Regf[15][3]           ; Lost fanout                            ;
; RegFile:b2v_inst5|Regf[24][3]           ; Lost fanout                            ;
; RegFile:b2v_inst5|Regf[25][3]           ; Lost fanout                            ;
; RegFile:b2v_inst5|Regf[26][3]           ; Lost fanout                            ;
; RegFile:b2v_inst5|Regf[27][3]           ; Lost fanout                            ;
; RegFile:b2v_inst5|Regf[28][3]           ; Lost fanout                            ;
; RegFile:b2v_inst5|Regf[29][3]           ; Lost fanout                            ;
; RegFile:b2v_inst5|Regf[30][3]           ; Lost fanout                            ;
; RegFile:b2v_inst5|Regf[31][3]           ; Lost fanout                            ;
; RegFile:b2v_inst5|Regf[16][3]           ; Lost fanout                            ;
; RegFile:b2v_inst5|Regf[17][3]           ; Lost fanout                            ;
; RegFile:b2v_inst5|Regf[18][3]           ; Lost fanout                            ;
; RegFile:b2v_inst5|Regf[19][3]           ; Lost fanout                            ;
; RegFile:b2v_inst5|Regf[20][3]           ; Lost fanout                            ;
; RegFile:b2v_inst5|Regf[21][3]           ; Lost fanout                            ;
; RegFile:b2v_inst5|Regf[22][3]           ; Lost fanout                            ;
; RegFile:b2v_inst5|Regf[23][3]           ; Lost fanout                            ;
; RegFile:b2v_inst5|Regf[12][2]           ; Lost fanout                            ;
; RegFile:b2v_inst5|Regf[13][2]           ; Lost fanout                            ;
; RegFile:b2v_inst5|Regf[14][2]           ; Lost fanout                            ;
; RegFile:b2v_inst5|Regf[15][2]           ; Lost fanout                            ;
; RegFile:b2v_inst5|Regf[24][2]           ; Lost fanout                            ;
; RegFile:b2v_inst5|Regf[25][2]           ; Lost fanout                            ;
; RegFile:b2v_inst5|Regf[26][2]           ; Lost fanout                            ;
; RegFile:b2v_inst5|Regf[27][2]           ; Lost fanout                            ;
; RegFile:b2v_inst5|Regf[28][2]           ; Lost fanout                            ;
; RegFile:b2v_inst5|Regf[29][2]           ; Lost fanout                            ;
; RegFile:b2v_inst5|Regf[30][2]           ; Lost fanout                            ;
; RegFile:b2v_inst5|Regf[31][2]           ; Lost fanout                            ;
; RegFile:b2v_inst5|Regf[16][2]           ; Lost fanout                            ;
; RegFile:b2v_inst5|Regf[17][2]           ; Lost fanout                            ;
; RegFile:b2v_inst5|Regf[18][2]           ; Lost fanout                            ;
; RegFile:b2v_inst5|Regf[19][2]           ; Lost fanout                            ;
; RegFile:b2v_inst5|Regf[20][2]           ; Lost fanout                            ;
; RegFile:b2v_inst5|Regf[21][2]           ; Lost fanout                            ;
; RegFile:b2v_inst5|Regf[22][2]           ; Lost fanout                            ;
; RegFile:b2v_inst5|Regf[23][2]           ; Lost fanout                            ;
; RegFile:b2v_inst5|Regf[12][1]           ; Lost fanout                            ;
; RegFile:b2v_inst5|Regf[13][1]           ; Lost fanout                            ;
; RegFile:b2v_inst5|Regf[14][1]           ; Lost fanout                            ;
; RegFile:b2v_inst5|Regf[15][1]           ; Lost fanout                            ;
; RegFile:b2v_inst5|Regf[24][1]           ; Lost fanout                            ;
; RegFile:b2v_inst5|Regf[25][1]           ; Lost fanout                            ;
; RegFile:b2v_inst5|Regf[26][1]           ; Lost fanout                            ;
; RegFile:b2v_inst5|Regf[27][1]           ; Lost fanout                            ;
; RegFile:b2v_inst5|Regf[28][1]           ; Lost fanout                            ;
; RegFile:b2v_inst5|Regf[29][1]           ; Lost fanout                            ;
; RegFile:b2v_inst5|Regf[30][1]           ; Lost fanout                            ;
; RegFile:b2v_inst5|Regf[31][1]           ; Lost fanout                            ;
; RegFile:b2v_inst5|Regf[16][1]           ; Lost fanout                            ;
; RegFile:b2v_inst5|Regf[17][1]           ; Lost fanout                            ;
; RegFile:b2v_inst5|Regf[18][1]           ; Lost fanout                            ;
; RegFile:b2v_inst5|Regf[19][1]           ; Lost fanout                            ;
; RegFile:b2v_inst5|Regf[20][1]           ; Lost fanout                            ;
; RegFile:b2v_inst5|Regf[21][1]           ; Lost fanout                            ;
; RegFile:b2v_inst5|Regf[22][1]           ; Lost fanout                            ;
; RegFile:b2v_inst5|Regf[23][1]           ; Lost fanout                            ;
; RegFile:b2v_inst5|Regf[12][0]           ; Lost fanout                            ;
; RegFile:b2v_inst5|Regf[13][0]           ; Lost fanout                            ;
; RegFile:b2v_inst5|Regf[14][0]           ; Lost fanout                            ;
; RegFile:b2v_inst5|Regf[15][0]           ; Lost fanout                            ;
; RegFile:b2v_inst5|Regf[24][0]           ; Lost fanout                            ;
; RegFile:b2v_inst5|Regf[25][0]           ; Lost fanout                            ;
; RegFile:b2v_inst5|Regf[26][0]           ; Lost fanout                            ;
; RegFile:b2v_inst5|Regf[27][0]           ; Lost fanout                            ;
; RegFile:b2v_inst5|Regf[28][0]           ; Lost fanout                            ;
; RegFile:b2v_inst5|Regf[29][0]           ; Lost fanout                            ;
; RegFile:b2v_inst5|Regf[30][0]           ; Lost fanout                            ;
; RegFile:b2v_inst5|Regf[31][0]           ; Lost fanout                            ;
; RegFile:b2v_inst5|Regf[16][0]           ; Lost fanout                            ;
; RegFile:b2v_inst5|Regf[17][0]           ; Lost fanout                            ;
; RegFile:b2v_inst5|Regf[18][0]           ; Lost fanout                            ;
; RegFile:b2v_inst5|Regf[19][0]           ; Lost fanout                            ;
; RegFile:b2v_inst5|Regf[20][0]           ; Lost fanout                            ;
; RegFile:b2v_inst5|Regf[21][0]           ; Lost fanout                            ;
; RegFile:b2v_inst5|Regf[22][0]           ; Lost fanout                            ;
; RegFile:b2v_inst5|Regf[23][0]           ; Lost fanout                            ;
; RegFile:b2v_inst5|Regf[8][31]           ; Lost fanout                            ;
; RegFile:b2v_inst5|Regf[9][31]           ; Lost fanout                            ;
; RegFile:b2v_inst5|Regf[10][31]          ; Lost fanout                            ;
; RegFile:b2v_inst5|Regf[11][31]          ; Lost fanout                            ;
; RegFile:b2v_inst5|Regf[8][30]           ; Lost fanout                            ;
; RegFile:b2v_inst5|Regf[9][30]           ; Lost fanout                            ;
; RegFile:b2v_inst5|Regf[10][30]          ; Lost fanout                            ;
; RegFile:b2v_inst5|Regf[11][30]          ; Lost fanout                            ;
; RegFile:b2v_inst5|Regf[8][29]           ; Lost fanout                            ;
; RegFile:b2v_inst5|Regf[9][29]           ; Lost fanout                            ;
; RegFile:b2v_inst5|Regf[10][29]          ; Lost fanout                            ;
; RegFile:b2v_inst5|Regf[11][29]          ; Lost fanout                            ;
; RegFile:b2v_inst5|Regf[8][28]           ; Lost fanout                            ;
; RegFile:b2v_inst5|Regf[9][28]           ; Lost fanout                            ;
; RegFile:b2v_inst5|Regf[10][28]          ; Lost fanout                            ;
; RegFile:b2v_inst5|Regf[11][28]          ; Lost fanout                            ;
; RegFile:b2v_inst5|Regf[8][27]           ; Lost fanout                            ;
; RegFile:b2v_inst5|Regf[9][27]           ; Lost fanout                            ;
; RegFile:b2v_inst5|Regf[10][27]          ; Lost fanout                            ;
; RegFile:b2v_inst5|Regf[11][27]          ; Lost fanout                            ;
; RegFile:b2v_inst5|Regf[8][26]           ; Lost fanout                            ;
; RegFile:b2v_inst5|Regf[9][26]           ; Lost fanout                            ;
; RegFile:b2v_inst5|Regf[10][26]          ; Lost fanout                            ;
; RegFile:b2v_inst5|Regf[11][26]          ; Lost fanout                            ;
; RegFile:b2v_inst5|Regf[8][25]           ; Lost fanout                            ;
; RegFile:b2v_inst5|Regf[9][25]           ; Lost fanout                            ;
; RegFile:b2v_inst5|Regf[10][25]          ; Lost fanout                            ;
; RegFile:b2v_inst5|Regf[11][25]          ; Lost fanout                            ;
; RegFile:b2v_inst5|Regf[8][24]           ; Lost fanout                            ;
; RegFile:b2v_inst5|Regf[9][24]           ; Lost fanout                            ;
; RegFile:b2v_inst5|Regf[10][24]          ; Lost fanout                            ;
; RegFile:b2v_inst5|Regf[11][24]          ; Lost fanout                            ;
; RegFile:b2v_inst5|Regf[8][23]           ; Lost fanout                            ;
; RegFile:b2v_inst5|Regf[9][23]           ; Lost fanout                            ;
; RegFile:b2v_inst5|Regf[10][23]          ; Lost fanout                            ;
; RegFile:b2v_inst5|Regf[11][23]          ; Lost fanout                            ;
; RegFile:b2v_inst5|Regf[8][22]           ; Lost fanout                            ;
; RegFile:b2v_inst5|Regf[9][22]           ; Lost fanout                            ;
; RegFile:b2v_inst5|Regf[10][22]          ; Lost fanout                            ;
; RegFile:b2v_inst5|Regf[11][22]          ; Lost fanout                            ;
; RegFile:b2v_inst5|Regf[8][21]           ; Lost fanout                            ;
; RegFile:b2v_inst5|Regf[9][21]           ; Lost fanout                            ;
; RegFile:b2v_inst5|Regf[10][21]          ; Lost fanout                            ;
; RegFile:b2v_inst5|Regf[11][21]          ; Lost fanout                            ;
; RegFile:b2v_inst5|Regf[8][20]           ; Lost fanout                            ;
; RegFile:b2v_inst5|Regf[9][20]           ; Lost fanout                            ;
; RegFile:b2v_inst5|Regf[10][20]          ; Lost fanout                            ;
; RegFile:b2v_inst5|Regf[11][20]          ; Lost fanout                            ;
; RegFile:b2v_inst5|Regf[8][19]           ; Lost fanout                            ;
; RegFile:b2v_inst5|Regf[9][19]           ; Lost fanout                            ;
; RegFile:b2v_inst5|Regf[10][19]          ; Lost fanout                            ;
; RegFile:b2v_inst5|Regf[11][19]          ; Lost fanout                            ;
; RegFile:b2v_inst5|Regf[8][18]           ; Lost fanout                            ;
; RegFile:b2v_inst5|Regf[9][18]           ; Lost fanout                            ;
; RegFile:b2v_inst5|Regf[10][18]          ; Lost fanout                            ;
; RegFile:b2v_inst5|Regf[11][18]          ; Lost fanout                            ;
; RegFile:b2v_inst5|Regf[8][17]           ; Lost fanout                            ;
; RegFile:b2v_inst5|Regf[9][17]           ; Lost fanout                            ;
; RegFile:b2v_inst5|Regf[10][17]          ; Lost fanout                            ;
; RegFile:b2v_inst5|Regf[11][17]          ; Lost fanout                            ;
; RegFile:b2v_inst5|Regf[8][16]           ; Lost fanout                            ;
; RegFile:b2v_inst5|Regf[9][16]           ; Lost fanout                            ;
; RegFile:b2v_inst5|Regf[10][16]          ; Lost fanout                            ;
; RegFile:b2v_inst5|Regf[11][16]          ; Lost fanout                            ;
; RegFile:b2v_inst5|Regf[8][15]           ; Lost fanout                            ;
; RegFile:b2v_inst5|Regf[9][15]           ; Lost fanout                            ;
; RegFile:b2v_inst5|Regf[10][15]          ; Lost fanout                            ;
; RegFile:b2v_inst5|Regf[11][15]          ; Lost fanout                            ;
; RegFile:b2v_inst5|Regf[8][14]           ; Lost fanout                            ;
; RegFile:b2v_inst5|Regf[9][14]           ; Lost fanout                            ;
; RegFile:b2v_inst5|Regf[10][14]          ; Lost fanout                            ;
; RegFile:b2v_inst5|Regf[11][14]          ; Lost fanout                            ;
; RegFile:b2v_inst5|Regf[8][13]           ; Lost fanout                            ;
; RegFile:b2v_inst5|Regf[9][13]           ; Lost fanout                            ;
; RegFile:b2v_inst5|Regf[10][13]          ; Lost fanout                            ;
; RegFile:b2v_inst5|Regf[11][13]          ; Lost fanout                            ;
; RegFile:b2v_inst5|Regf[8][12]           ; Lost fanout                            ;
; RegFile:b2v_inst5|Regf[9][12]           ; Lost fanout                            ;
; RegFile:b2v_inst5|Regf[10][12]          ; Lost fanout                            ;
; RegFile:b2v_inst5|Regf[11][12]          ; Lost fanout                            ;
; RegFile:b2v_inst5|Regf[8][11]           ; Lost fanout                            ;
; RegFile:b2v_inst5|Regf[9][11]           ; Lost fanout                            ;
; RegFile:b2v_inst5|Regf[10][11]          ; Lost fanout                            ;
; RegFile:b2v_inst5|Regf[11][11]          ; Lost fanout                            ;
; RegFile:b2v_inst5|Regf[8][10]           ; Lost fanout                            ;
; RegFile:b2v_inst5|Regf[9][10]           ; Lost fanout                            ;
; RegFile:b2v_inst5|Regf[10][10]          ; Lost fanout                            ;
; RegFile:b2v_inst5|Regf[11][10]          ; Lost fanout                            ;
; RegFile:b2v_inst5|Regf[8][9]            ; Lost fanout                            ;
; RegFile:b2v_inst5|Regf[9][9]            ; Lost fanout                            ;
; RegFile:b2v_inst5|Regf[10][9]           ; Lost fanout                            ;
; RegFile:b2v_inst5|Regf[11][9]           ; Lost fanout                            ;
; RegFile:b2v_inst5|Regf[8][8]            ; Lost fanout                            ;
; RegFile:b2v_inst5|Regf[9][8]            ; Lost fanout                            ;
; RegFile:b2v_inst5|Regf[10][8]           ; Lost fanout                            ;
; RegFile:b2v_inst5|Regf[11][8]           ; Lost fanout                            ;
; RegFile:b2v_inst5|Regf[8][7]            ; Lost fanout                            ;
; RegFile:b2v_inst5|Regf[9][7]            ; Lost fanout                            ;
; RegFile:b2v_inst5|Regf[10][7]           ; Lost fanout                            ;
; RegFile:b2v_inst5|Regf[11][7]           ; Lost fanout                            ;
; RegFile:b2v_inst5|Regf[8][6]            ; Lost fanout                            ;
; RegFile:b2v_inst5|Regf[9][6]            ; Lost fanout                            ;
; RegFile:b2v_inst5|Regf[10][6]           ; Lost fanout                            ;
; RegFile:b2v_inst5|Regf[11][6]           ; Lost fanout                            ;
; RegFile:b2v_inst5|Regf[8][5]            ; Lost fanout                            ;
; RegFile:b2v_inst5|Regf[9][5]            ; Lost fanout                            ;
; RegFile:b2v_inst5|Regf[10][5]           ; Lost fanout                            ;
; RegFile:b2v_inst5|Regf[11][5]           ; Lost fanout                            ;
; RegFile:b2v_inst5|Regf[8][4]            ; Lost fanout                            ;
; RegFile:b2v_inst5|Regf[9][4]            ; Lost fanout                            ;
; RegFile:b2v_inst5|Regf[10][4]           ; Lost fanout                            ;
; RegFile:b2v_inst5|Regf[11][4]           ; Lost fanout                            ;
; RegFile:b2v_inst5|Regf[8][3]            ; Lost fanout                            ;
; RegFile:b2v_inst5|Regf[9][3]            ; Lost fanout                            ;
; RegFile:b2v_inst5|Regf[10][3]           ; Lost fanout                            ;
; RegFile:b2v_inst5|Regf[11][3]           ; Lost fanout                            ;
; RegFile:b2v_inst5|Regf[8][2]            ; Lost fanout                            ;
; RegFile:b2v_inst5|Regf[9][2]            ; Lost fanout                            ;
; RegFile:b2v_inst5|Regf[10][2]           ; Lost fanout                            ;
; RegFile:b2v_inst5|Regf[11][2]           ; Lost fanout                            ;
; RegFile:b2v_inst5|Regf[8][1]            ; Lost fanout                            ;
; RegFile:b2v_inst5|Regf[9][1]            ; Lost fanout                            ;
; RegFile:b2v_inst5|Regf[10][1]           ; Lost fanout                            ;
; RegFile:b2v_inst5|Regf[11][1]           ; Lost fanout                            ;
; RegFile:b2v_inst5|Regf[8][0]            ; Lost fanout                            ;
; RegFile:b2v_inst5|Regf[9][0]            ; Lost fanout                            ;
; RegFile:b2v_inst5|Regf[10][0]           ; Lost fanout                            ;
; RegFile:b2v_inst5|Regf[11][0]           ; Lost fanout                            ;
; RegFile:b2v_inst5|Regf[4][0]            ; Stuck at GND due to stuck port data_in ;
; RegFile:b2v_inst5|Regf[5][0]            ; Stuck at GND due to stuck port data_in ;
; RegFile:b2v_inst5|Regf[6][0]            ; Stuck at GND due to stuck port data_in ;
; RegFile:b2v_inst5|Regf[7][0]            ; Stuck at GND due to stuck port data_in ;
; RegFile:b2v_inst5|Regf[4][2]            ; Stuck at GND due to stuck port data_in ;
; RegFile:b2v_inst5|Regf[5][2]            ; Stuck at GND due to stuck port data_in ;
; RegFile:b2v_inst5|Regf[6][2]            ; Stuck at GND due to stuck port data_in ;
; RegFile:b2v_inst5|Regf[7][2]            ; Stuck at GND due to stuck port data_in ;
; RegFile:b2v_inst5|Regf[4][1]            ; Stuck at GND due to stuck port data_in ;
; RegFile:b2v_inst5|Regf[5][1]            ; Stuck at GND due to stuck port data_in ;
; RegFile:b2v_inst5|Regf[6][1]            ; Stuck at GND due to stuck port data_in ;
; RegFile:b2v_inst5|Regf[7][1]            ; Stuck at GND due to stuck port data_in ;
; RegFile:b2v_inst5|Regf[4][3]            ; Stuck at GND due to stuck port data_in ;
; RegFile:b2v_inst5|Regf[5][3]            ; Stuck at GND due to stuck port data_in ;
; RegFile:b2v_inst5|Regf[6][3]            ; Stuck at GND due to stuck port data_in ;
; RegFile:b2v_inst5|Regf[7][3]            ; Stuck at GND due to stuck port data_in ;
; RegFile:b2v_inst5|Regf[4][8]            ; Stuck at GND due to stuck port data_in ;
; RegFile:b2v_inst5|Regf[5][8]            ; Stuck at GND due to stuck port data_in ;
; RegFile:b2v_inst5|Regf[6][8]            ; Stuck at GND due to stuck port data_in ;
; RegFile:b2v_inst5|Regf[7][8]            ; Stuck at GND due to stuck port data_in ;
; RegFile:b2v_inst5|Regf[4][10]           ; Stuck at GND due to stuck port data_in ;
; RegFile:b2v_inst5|Regf[5][10]           ; Stuck at GND due to stuck port data_in ;
; RegFile:b2v_inst5|Regf[6][10]           ; Stuck at GND due to stuck port data_in ;
; RegFile:b2v_inst5|Regf[7][10]           ; Stuck at GND due to stuck port data_in ;
; RegFile:b2v_inst5|Regf[4][9]            ; Stuck at GND due to stuck port data_in ;
; RegFile:b2v_inst5|Regf[5][9]            ; Stuck at GND due to stuck port data_in ;
; RegFile:b2v_inst5|Regf[6][9]            ; Stuck at GND due to stuck port data_in ;
; RegFile:b2v_inst5|Regf[7][9]            ; Stuck at GND due to stuck port data_in ;
; RegFile:b2v_inst5|Regf[4][11]           ; Stuck at GND due to stuck port data_in ;
; RegFile:b2v_inst5|Regf[5][11]           ; Stuck at GND due to stuck port data_in ;
; RegFile:b2v_inst5|Regf[6][11]           ; Stuck at GND due to stuck port data_in ;
; RegFile:b2v_inst5|Regf[7][11]           ; Stuck at GND due to stuck port data_in ;
; RegFile:b2v_inst5|Regf[4][4]            ; Stuck at GND due to stuck port data_in ;
; RegFile:b2v_inst5|Regf[5][4]            ; Stuck at GND due to stuck port data_in ;
; RegFile:b2v_inst5|Regf[6][4]            ; Stuck at GND due to stuck port data_in ;
; RegFile:b2v_inst5|Regf[7][4]            ; Stuck at GND due to stuck port data_in ;
; RegFile:b2v_inst5|Regf[4][6]            ; Stuck at GND due to stuck port data_in ;
; RegFile:b2v_inst5|Regf[5][6]            ; Stuck at GND due to stuck port data_in ;
; RegFile:b2v_inst5|Regf[6][6]            ; Stuck at GND due to stuck port data_in ;
; RegFile:b2v_inst5|Regf[7][6]            ; Stuck at GND due to stuck port data_in ;
; RegFile:b2v_inst5|Regf[4][5]            ; Stuck at GND due to stuck port data_in ;
; RegFile:b2v_inst5|Regf[5][5]            ; Stuck at GND due to stuck port data_in ;
; RegFile:b2v_inst5|Regf[6][5]            ; Stuck at GND due to stuck port data_in ;
; RegFile:b2v_inst5|Regf[7][5]            ; Stuck at GND due to stuck port data_in ;
; RegFile:b2v_inst5|Regf[4][7]            ; Stuck at GND due to stuck port data_in ;
; RegFile:b2v_inst5|Regf[5][7]            ; Stuck at GND due to stuck port data_in ;
; RegFile:b2v_inst5|Regf[6][7]            ; Stuck at GND due to stuck port data_in ;
; RegFile:b2v_inst5|Regf[7][7]            ; Stuck at GND due to stuck port data_in ;
; RegFile:b2v_inst5|Regf[4][12]           ; Stuck at GND due to stuck port data_in ;
; RegFile:b2v_inst5|Regf[5][12]           ; Stuck at GND due to stuck port data_in ;
; RegFile:b2v_inst5|Regf[6][12]           ; Stuck at GND due to stuck port data_in ;
; RegFile:b2v_inst5|Regf[7][12]           ; Stuck at GND due to stuck port data_in ;
; RegFile:b2v_inst5|Regf[4][14]           ; Stuck at GND due to stuck port data_in ;
; RegFile:b2v_inst5|Regf[5][14]           ; Stuck at GND due to stuck port data_in ;
; RegFile:b2v_inst5|Regf[6][14]           ; Stuck at GND due to stuck port data_in ;
; RegFile:b2v_inst5|Regf[7][14]           ; Stuck at GND due to stuck port data_in ;
; RegFile:b2v_inst5|Regf[4][13]           ; Stuck at GND due to stuck port data_in ;
; RegFile:b2v_inst5|Regf[5][13]           ; Stuck at GND due to stuck port data_in ;
; RegFile:b2v_inst5|Regf[6][13]           ; Stuck at GND due to stuck port data_in ;
; RegFile:b2v_inst5|Regf[7][13]           ; Stuck at GND due to stuck port data_in ;
; RegFile:b2v_inst5|Regf[4][15]           ; Stuck at GND due to stuck port data_in ;
; RegFile:b2v_inst5|Regf[5][15]           ; Stuck at GND due to stuck port data_in ;
; RegFile:b2v_inst5|Regf[6][15]           ; Stuck at GND due to stuck port data_in ;
; RegFile:b2v_inst5|Regf[7][15]           ; Stuck at GND due to stuck port data_in ;
; RegFile:b2v_inst5|Regf[4][16]           ; Stuck at GND due to stuck port data_in ;
; RegFile:b2v_inst5|Regf[5][16]           ; Stuck at GND due to stuck port data_in ;
; RegFile:b2v_inst5|Regf[6][16]           ; Stuck at GND due to stuck port data_in ;
; RegFile:b2v_inst5|Regf[7][16]           ; Stuck at GND due to stuck port data_in ;
; RegFile:b2v_inst5|Regf[4][18]           ; Stuck at GND due to stuck port data_in ;
; RegFile:b2v_inst5|Regf[5][18]           ; Stuck at GND due to stuck port data_in ;
; RegFile:b2v_inst5|Regf[6][18]           ; Stuck at GND due to stuck port data_in ;
; RegFile:b2v_inst5|Regf[7][18]           ; Stuck at GND due to stuck port data_in ;
; RegFile:b2v_inst5|Regf[4][17]           ; Stuck at GND due to stuck port data_in ;
; RegFile:b2v_inst5|Regf[5][17]           ; Stuck at GND due to stuck port data_in ;
; RegFile:b2v_inst5|Regf[6][17]           ; Stuck at GND due to stuck port data_in ;
; RegFile:b2v_inst5|Regf[7][17]           ; Stuck at GND due to stuck port data_in ;
; RegFile:b2v_inst5|Regf[4][19]           ; Stuck at GND due to stuck port data_in ;
; RegFile:b2v_inst5|Regf[5][19]           ; Stuck at GND due to stuck port data_in ;
; RegFile:b2v_inst5|Regf[6][19]           ; Stuck at GND due to stuck port data_in ;
; RegFile:b2v_inst5|Regf[7][19]           ; Stuck at GND due to stuck port data_in ;
; RegFile:b2v_inst5|Regf[4][24]           ; Stuck at GND due to stuck port data_in ;
; RegFile:b2v_inst5|Regf[5][24]           ; Stuck at GND due to stuck port data_in ;
; RegFile:b2v_inst5|Regf[6][24]           ; Stuck at GND due to stuck port data_in ;
; RegFile:b2v_inst5|Regf[7][24]           ; Stuck at GND due to stuck port data_in ;
; RegFile:b2v_inst5|Regf[4][26]           ; Stuck at GND due to stuck port data_in ;
; RegFile:b2v_inst5|Regf[5][26]           ; Stuck at GND due to stuck port data_in ;
; RegFile:b2v_inst5|Regf[6][26]           ; Stuck at GND due to stuck port data_in ;
; RegFile:b2v_inst5|Regf[7][26]           ; Stuck at GND due to stuck port data_in ;
; RegFile:b2v_inst5|Regf[4][25]           ; Stuck at GND due to stuck port data_in ;
; RegFile:b2v_inst5|Regf[5][25]           ; Stuck at GND due to stuck port data_in ;
; RegFile:b2v_inst5|Regf[6][25]           ; Stuck at GND due to stuck port data_in ;
; RegFile:b2v_inst5|Regf[7][25]           ; Stuck at GND due to stuck port data_in ;
; RegFile:b2v_inst5|Regf[4][27]           ; Stuck at GND due to stuck port data_in ;
; RegFile:b2v_inst5|Regf[5][27]           ; Stuck at GND due to stuck port data_in ;
; RegFile:b2v_inst5|Regf[6][27]           ; Stuck at GND due to stuck port data_in ;
; RegFile:b2v_inst5|Regf[7][27]           ; Stuck at GND due to stuck port data_in ;
; RegFile:b2v_inst5|Regf[4][20]           ; Stuck at GND due to stuck port data_in ;
; RegFile:b2v_inst5|Regf[5][20]           ; Stuck at GND due to stuck port data_in ;
; RegFile:b2v_inst5|Regf[6][20]           ; Stuck at GND due to stuck port data_in ;
; RegFile:b2v_inst5|Regf[7][20]           ; Stuck at GND due to stuck port data_in ;
; RegFile:b2v_inst5|Regf[4][22]           ; Stuck at GND due to stuck port data_in ;
; RegFile:b2v_inst5|Regf[5][22]           ; Stuck at GND due to stuck port data_in ;
; RegFile:b2v_inst5|Regf[6][22]           ; Stuck at GND due to stuck port data_in ;
; RegFile:b2v_inst5|Regf[7][22]           ; Stuck at GND due to stuck port data_in ;
; RegFile:b2v_inst5|Regf[4][21]           ; Stuck at GND due to stuck port data_in ;
; RegFile:b2v_inst5|Regf[5][21]           ; Stuck at GND due to stuck port data_in ;
; RegFile:b2v_inst5|Regf[6][21]           ; Stuck at GND due to stuck port data_in ;
; RegFile:b2v_inst5|Regf[7][21]           ; Stuck at GND due to stuck port data_in ;
; RegFile:b2v_inst5|Regf[4][23]           ; Stuck at GND due to stuck port data_in ;
; RegFile:b2v_inst5|Regf[5][23]           ; Stuck at GND due to stuck port data_in ;
; RegFile:b2v_inst5|Regf[6][23]           ; Stuck at GND due to stuck port data_in ;
; RegFile:b2v_inst5|Regf[7][23]           ; Stuck at GND due to stuck port data_in ;
; RegFile:b2v_inst5|Regf[4][28]           ; Stuck at GND due to stuck port data_in ;
; RegFile:b2v_inst5|Regf[5][28]           ; Stuck at GND due to stuck port data_in ;
; RegFile:b2v_inst5|Regf[6][28]           ; Stuck at GND due to stuck port data_in ;
; RegFile:b2v_inst5|Regf[7][28]           ; Stuck at GND due to stuck port data_in ;
; RegFile:b2v_inst5|Regf[4][30]           ; Stuck at GND due to stuck port data_in ;
; RegFile:b2v_inst5|Regf[5][30]           ; Stuck at GND due to stuck port data_in ;
; RegFile:b2v_inst5|Regf[6][30]           ; Stuck at GND due to stuck port data_in ;
; RegFile:b2v_inst5|Regf[7][30]           ; Stuck at GND due to stuck port data_in ;
; RegFile:b2v_inst5|Regf[4][29]           ; Stuck at GND due to stuck port data_in ;
; RegFile:b2v_inst5|Regf[5][29]           ; Stuck at GND due to stuck port data_in ;
; RegFile:b2v_inst5|Regf[6][29]           ; Stuck at GND due to stuck port data_in ;
; RegFile:b2v_inst5|Regf[7][29]           ; Stuck at GND due to stuck port data_in ;
; RegFile:b2v_inst5|Regf[4][31]           ; Stuck at GND due to stuck port data_in ;
; RegFile:b2v_inst5|Regf[5][31]           ; Stuck at GND due to stuck port data_in ;
; RegFile:b2v_inst5|Regf[6][31]           ; Stuck at GND due to stuck port data_in ;
; RegFile:b2v_inst5|Regf[7][31]           ; Stuck at GND due to stuck port data_in ;
; Pc:b2v_inst4|curPc[8..31]               ; Lost fanout                            ;
; Total Number of Removed Registers = 954 ;                                        ;
+-----------------------------------------+----------------------------------------+


+------------------------------------------------------------------------------------------------------------------------------------------+
; Removed Registers Triggering Further Register Optimizations                                                                              ;
+-----------------------+---------------------------+--------------------------------------------------------------------------------------+
; Register name         ; Reason for Removal        ; Registers Removed due to This Register                                               ;
+-----------------------+---------------------------+--------------------------------------------------------------------------------------+
; Pc:b2v_inst4|curPc[0] ; Stuck at GND              ; RegFile:b2v_inst5|Regf[0][31], RegFile:b2v_inst5|Regf[0][30],                        ;
;                       ; due to stuck port data_in ; RegFile:b2v_inst5|Regf[0][29], RegFile:b2v_inst5|Regf[0][28],                        ;
;                       ;                           ; RegFile:b2v_inst5|Regf[0][27], RegFile:b2v_inst5|Regf[0][26],                        ;
;                       ;                           ; RegFile:b2v_inst5|Regf[0][25], RegFile:b2v_inst5|Regf[0][24],                        ;
;                       ;                           ; RegFile:b2v_inst5|Regf[0][23], RegFile:b2v_inst5|Regf[0][22],                        ;
;                       ;                           ; RegFile:b2v_inst5|Regf[0][21], RegFile:b2v_inst5|Regf[0][20],                        ;
;                       ;                           ; RegFile:b2v_inst5|Regf[0][19], RegFile:b2v_inst5|Regf[0][18],                        ;
;                       ;                           ; RegFile:b2v_inst5|Regf[0][17], RegFile:b2v_inst5|Regf[0][16],                        ;
;                       ;                           ; RegFile:b2v_inst5|Regf[0][15], RegFile:b2v_inst5|Regf[0][14],                        ;
;                       ;                           ; RegFile:b2v_inst5|Regf[0][13], RegFile:b2v_inst5|Regf[0][12],                        ;
;                       ;                           ; RegFile:b2v_inst5|Regf[0][11], RegFile:b2v_inst5|Regf[0][10],                        ;
;                       ;                           ; RegFile:b2v_inst5|Regf[0][9], RegFile:b2v_inst5|Regf[0][8],                          ;
;                       ;                           ; RegFile:b2v_inst5|Regf[0][7], RegFile:b2v_inst5|Regf[0][6],                          ;
;                       ;                           ; RegFile:b2v_inst5|Regf[0][5], RegFile:b2v_inst5|Regf[0][4],                          ;
;                       ;                           ; RegFile:b2v_inst5|Regf[0][3], RegFile:b2v_inst5|Regf[0][2],                          ;
;                       ;                           ; RegFile:b2v_inst5|Regf[0][1], RegFile:b2v_inst5|Regf[0][0],                          ;
;                       ;                           ; RegFile:b2v_inst5|Regf[12][21], RegFile:b2v_inst5|Regf[13][21],                      ;
;                       ;                           ; RegFile:b2v_inst5|Regf[14][21], RegFile:b2v_inst5|Regf[15][21],                      ;
;                       ;                           ; RegFile:b2v_inst5|Regf[24][21], RegFile:b2v_inst5|Regf[25][21],                      ;
;                       ;                           ; RegFile:b2v_inst5|Regf[26][21], RegFile:b2v_inst5|Regf[27][21],                      ;
;                       ;                           ; RegFile:b2v_inst5|Regf[28][21], RegFile:b2v_inst5|Regf[29][21],                      ;
;                       ;                           ; RegFile:b2v_inst5|Regf[30][21], RegFile:b2v_inst5|Regf[31][21],                      ;
;                       ;                           ; RegFile:b2v_inst5|Regf[16][21], RegFile:b2v_inst5|Regf[17][21],                      ;
;                       ;                           ; RegFile:b2v_inst5|Regf[18][21], RegFile:b2v_inst5|Regf[19][21],                      ;
;                       ;                           ; RegFile:b2v_inst5|Regf[20][21], RegFile:b2v_inst5|Regf[21][21],                      ;
;                       ;                           ; RegFile:b2v_inst5|Regf[22][21], RegFile:b2v_inst5|Regf[23][21],                      ;
;                       ;                           ; RegFile:b2v_inst5|Regf[12][4], RegFile:b2v_inst5|Regf[13][4],                        ;
;                       ;                           ; RegFile:b2v_inst5|Regf[14][4], RegFile:b2v_inst5|Regf[15][4],                        ;
;                       ;                           ; RegFile:b2v_inst5|Regf[24][4], RegFile:b2v_inst5|Regf[25][4],                        ;
;                       ;                           ; RegFile:b2v_inst5|Regf[26][4], RegFile:b2v_inst5|Regf[27][4],                        ;
;                       ;                           ; RegFile:b2v_inst5|Regf[28][4], RegFile:b2v_inst5|Regf[29][4],                        ;
;                       ;                           ; RegFile:b2v_inst5|Regf[30][4], RegFile:b2v_inst5|Regf[31][4],                        ;
;                       ;                           ; RegFile:b2v_inst5|Regf[16][4], RegFile:b2v_inst5|Regf[17][4],                        ;
;                       ;                           ; RegFile:b2v_inst5|Regf[18][4], RegFile:b2v_inst5|Regf[19][4],                        ;
;                       ;                           ; RegFile:b2v_inst5|Regf[20][4], RegFile:b2v_inst5|Regf[21][4],                        ;
;                       ;                           ; RegFile:b2v_inst5|Regf[22][4], RegFile:b2v_inst5|Regf[23][4],                        ;
;                       ;                           ; RegFile:b2v_inst5|Regf[8][21], RegFile:b2v_inst5|Regf[9][21],                        ;
;                       ;                           ; RegFile:b2v_inst5|Regf[10][21], RegFile:b2v_inst5|Regf[11][21],                      ;
;                       ;                           ; RegFile:b2v_inst5|Regf[8][4], RegFile:b2v_inst5|Regf[9][4],                          ;
;                       ;                           ; RegFile:b2v_inst5|Regf[10][4], RegFile:b2v_inst5|Regf[11][4],                        ;
;                       ;                           ; RegFile:b2v_inst5|Regf[4][0], RegFile:b2v_inst5|Regf[5][0],                          ;
;                       ;                           ; RegFile:b2v_inst5|Regf[6][0], RegFile:b2v_inst5|Regf[7][0],                          ;
;                       ;                           ; RegFile:b2v_inst5|Regf[4][2], RegFile:b2v_inst5|Regf[5][2],                          ;
;                       ;                           ; RegFile:b2v_inst5|Regf[6][2], RegFile:b2v_inst5|Regf[7][2],                          ;
;                       ;                           ; RegFile:b2v_inst5|Regf[4][1], RegFile:b2v_inst5|Regf[5][1],                          ;
;                       ;                           ; RegFile:b2v_inst5|Regf[6][1], RegFile:b2v_inst5|Regf[7][1],                          ;
;                       ;                           ; RegFile:b2v_inst5|Regf[4][3], RegFile:b2v_inst5|Regf[5][3],                          ;
;                       ;                           ; RegFile:b2v_inst5|Regf[6][3], RegFile:b2v_inst5|Regf[7][3],                          ;
;                       ;                           ; RegFile:b2v_inst5|Regf[4][8], RegFile:b2v_inst5|Regf[5][8],                          ;
;                       ;                           ; RegFile:b2v_inst5|Regf[6][8], RegFile:b2v_inst5|Regf[7][8],                          ;
;                       ;                           ; RegFile:b2v_inst5|Regf[4][10], RegFile:b2v_inst5|Regf[5][10],                        ;
;                       ;                           ; RegFile:b2v_inst5|Regf[6][10], RegFile:b2v_inst5|Regf[7][10],                        ;
;                       ;                           ; RegFile:b2v_inst5|Regf[4][9], RegFile:b2v_inst5|Regf[5][9],                          ;
;                       ;                           ; RegFile:b2v_inst5|Regf[6][9], RegFile:b2v_inst5|Regf[7][9],                          ;
;                       ;                           ; RegFile:b2v_inst5|Regf[4][11], RegFile:b2v_inst5|Regf[5][11],                        ;
;                       ;                           ; RegFile:b2v_inst5|Regf[6][11], RegFile:b2v_inst5|Regf[7][11],                        ;
;                       ;                           ; RegFile:b2v_inst5|Regf[4][4], RegFile:b2v_inst5|Regf[5][4],                          ;
;                       ;                           ; RegFile:b2v_inst5|Regf[6][4], RegFile:b2v_inst5|Regf[7][4],                          ;
;                       ;                           ; RegFile:b2v_inst5|Regf[4][6], RegFile:b2v_inst5|Regf[5][6],                          ;
;                       ;                           ; RegFile:b2v_inst5|Regf[6][6], RegFile:b2v_inst5|Regf[7][6],                          ;
;                       ;                           ; RegFile:b2v_inst5|Regf[4][5], RegFile:b2v_inst5|Regf[5][5],                          ;
;                       ;                           ; RegFile:b2v_inst5|Regf[6][5], RegFile:b2v_inst5|Regf[7][5],                          ;
;                       ;                           ; RegFile:b2v_inst5|Regf[4][7], RegFile:b2v_inst5|Regf[5][7],                          ;
;                       ;                           ; RegFile:b2v_inst5|Regf[6][7], RegFile:b2v_inst5|Regf[7][7],                          ;
;                       ;                           ; RegFile:b2v_inst5|Regf[4][12], RegFile:b2v_inst5|Regf[5][12],                        ;
;                       ;                           ; RegFile:b2v_inst5|Regf[6][12], RegFile:b2v_inst5|Regf[7][12],                        ;
;                       ;                           ; RegFile:b2v_inst5|Regf[4][14], RegFile:b2v_inst5|Regf[5][14],                        ;
;                       ;                           ; RegFile:b2v_inst5|Regf[6][14], RegFile:b2v_inst5|Regf[7][14],                        ;
;                       ;                           ; RegFile:b2v_inst5|Regf[4][13], RegFile:b2v_inst5|Regf[5][13],                        ;
;                       ;                           ; RegFile:b2v_inst5|Regf[6][13], RegFile:b2v_inst5|Regf[7][13],                        ;
;                       ;                           ; RegFile:b2v_inst5|Regf[4][15], RegFile:b2v_inst5|Regf[5][15],                        ;
;                       ;                           ; RegFile:b2v_inst5|Regf[6][15], RegFile:b2v_inst5|Regf[7][15],                        ;
;                       ;                           ; RegFile:b2v_inst5|Regf[4][16], RegFile:b2v_inst5|Regf[5][16],                        ;
;                       ;                           ; RegFile:b2v_inst5|Regf[6][16], RegFile:b2v_inst5|Regf[7][16],                        ;
;                       ;                           ; RegFile:b2v_inst5|Regf[4][18], RegFile:b2v_inst5|Regf[5][18],                        ;
;                       ;                           ; RegFile:b2v_inst5|Regf[6][18], RegFile:b2v_inst5|Regf[7][18],                        ;
;                       ;                           ; RegFile:b2v_inst5|Regf[4][17], RegFile:b2v_inst5|Regf[5][17],                        ;
;                       ;                           ; RegFile:b2v_inst5|Regf[6][17], RegFile:b2v_inst5|Regf[7][17],                        ;
;                       ;                           ; RegFile:b2v_inst5|Regf[4][19], RegFile:b2v_inst5|Regf[5][19],                        ;
;                       ;                           ; RegFile:b2v_inst5|Regf[6][19], RegFile:b2v_inst5|Regf[7][19],                        ;
;                       ;                           ; RegFile:b2v_inst5|Regf[4][24], RegFile:b2v_inst5|Regf[5][24],                        ;
;                       ;                           ; RegFile:b2v_inst5|Regf[6][24], RegFile:b2v_inst5|Regf[7][24],                        ;
;                       ;                           ; RegFile:b2v_inst5|Regf[4][26], RegFile:b2v_inst5|Regf[5][26],                        ;
;                       ;                           ; RegFile:b2v_inst5|Regf[6][26], RegFile:b2v_inst5|Regf[7][26],                        ;
;                       ;                           ; RegFile:b2v_inst5|Regf[4][25], RegFile:b2v_inst5|Regf[5][25],                        ;
;                       ;                           ; RegFile:b2v_inst5|Regf[6][25], RegFile:b2v_inst5|Regf[7][25],                        ;
;                       ;                           ; RegFile:b2v_inst5|Regf[4][27], RegFile:b2v_inst5|Regf[5][27],                        ;
;                       ;                           ; RegFile:b2v_inst5|Regf[6][27], RegFile:b2v_inst5|Regf[7][27],                        ;
;                       ;                           ; RegFile:b2v_inst5|Regf[4][20], RegFile:b2v_inst5|Regf[5][20],                        ;
;                       ;                           ; RegFile:b2v_inst5|Regf[6][20], RegFile:b2v_inst5|Regf[7][20],                        ;
;                       ;                           ; RegFile:b2v_inst5|Regf[4][22], RegFile:b2v_inst5|Regf[5][22],                        ;
;                       ;                           ; RegFile:b2v_inst5|Regf[6][22], RegFile:b2v_inst5|Regf[7][22],                        ;
;                       ;                           ; RegFile:b2v_inst5|Regf[4][21], RegFile:b2v_inst5|Regf[5][21],                        ;
;                       ;                           ; RegFile:b2v_inst5|Regf[6][21], RegFile:b2v_inst5|Regf[7][21],                        ;
;                       ;                           ; RegFile:b2v_inst5|Regf[4][23], RegFile:b2v_inst5|Regf[5][23],                        ;
;                       ;                           ; RegFile:b2v_inst5|Regf[6][23], RegFile:b2v_inst5|Regf[7][23],                        ;
;                       ;                           ; RegFile:b2v_inst5|Regf[4][28], RegFile:b2v_inst5|Regf[5][28],                        ;
;                       ;                           ; RegFile:b2v_inst5|Regf[6][28], RegFile:b2v_inst5|Regf[7][28],                        ;
;                       ;                           ; RegFile:b2v_inst5|Regf[4][30], RegFile:b2v_inst5|Regf[5][30],                        ;
;                       ;                           ; RegFile:b2v_inst5|Regf[6][30], RegFile:b2v_inst5|Regf[7][30],                        ;
;                       ;                           ; RegFile:b2v_inst5|Regf[4][29], RegFile:b2v_inst5|Regf[5][29],                        ;
;                       ;                           ; RegFile:b2v_inst5|Regf[6][29], RegFile:b2v_inst5|Regf[7][29],                        ;
;                       ;                           ; RegFile:b2v_inst5|Regf[4][31], RegFile:b2v_inst5|Regf[5][31],                        ;
;                       ;                           ; RegFile:b2v_inst5|Regf[6][31], RegFile:b2v_inst5|Regf[7][31], Pc:b2v_inst4|curPc[8], ;
;                       ;                           ; Pc:b2v_inst4|curPc[9], Pc:b2v_inst4|curPc[10], Pc:b2v_inst4|curPc[11],               ;
;                       ;                           ; Pc:b2v_inst4|curPc[12], Pc:b2v_inst4|curPc[13], Pc:b2v_inst4|curPc[14],              ;
;                       ;                           ; Pc:b2v_inst4|curPc[15], Pc:b2v_inst4|curPc[16], Pc:b2v_inst4|curPc[17],              ;
;                       ;                           ; Pc:b2v_inst4|curPc[18], Pc:b2v_inst4|curPc[19], Pc:b2v_inst4|curPc[20],              ;
;                       ;                           ; Pc:b2v_inst4|curPc[21], Pc:b2v_inst4|curPc[22], Pc:b2v_inst4|curPc[23],              ;
;                       ;                           ; Pc:b2v_inst4|curPc[24], Pc:b2v_inst4|curPc[25], Pc:b2v_inst4|curPc[26],              ;
;                       ;                           ; Pc:b2v_inst4|curPc[27], Pc:b2v_inst4|curPc[28], Pc:b2v_inst4|curPc[29],              ;
;                       ;                           ; Pc:b2v_inst4|curPc[30], Pc:b2v_inst4|curPc[31]                                       ;
+-----------------------+---------------------------+--------------------------------------------------------------------------------------+


+------------------------------------------------------+
; General Register Statistics                          ;
+----------------------------------------------+-------+
; Statistic                                    ; Value ;
+----------------------------------------------+-------+
; Total registers                              ; 110   ;
; Number of registers using Synchronous Clear  ; 96    ;
; Number of registers using Synchronous Load   ; 0     ;
; Number of registers using Asynchronous Clear ; 6     ;
; Number of registers using Asynchronous Load  ; 0     ;
; Number of registers using Clock Enable       ; 96    ;
; Number of registers using Preset             ; 0     ;
+----------------------------------------------+-------+


+---------------------------------------------------------------------------------------------------------------------------------------------------+
; Multiplexer Restructuring Statistics (Restructuring Performed)                                                                                    ;
+--------------------+-----------+---------------+----------------------+------------------------+------------+-------------------------------------+
; Multiplexer Inputs ; Bus Width ; Baseline Area ; Area if Restructured ; Saving if Restructured ; Registered ; Example Multiplexer Output          ;
+--------------------+-----------+---------------+----------------------+------------------------+------------+-------------------------------------+
; 3:1                ; 32 bits   ; 64 LEs        ; 0 LEs                ; 64 LEs                 ; Yes        ; |Cpu|RegFile:b2v_inst5|Regf[16][25] ;
; 3:1                ; 32 bits   ; 64 LEs        ; 0 LEs                ; 64 LEs                 ; Yes        ; |Cpu|RegFile:b2v_inst5|Regf[8][29]  ;
; 3:1                ; 32 bits   ; 64 LEs        ; 0 LEs                ; 64 LEs                 ; Yes        ; |Cpu|RegFile:b2v_inst5|Regf[24][10] ;
; 3:1                ; 32 bits   ; 64 LEs        ; 0 LEs                ; 64 LEs                 ; Yes        ; |Cpu|RegFile:b2v_inst5|Regf[4][12]  ;
; 3:1                ; 32 bits   ; 64 LEs        ; 0 LEs                ; 64 LEs                 ; Yes        ; |Cpu|RegFile:b2v_inst5|Regf[20][16] ;
; 3:1                ; 32 bits   ; 64 LEs        ; 0 LEs                ; 64 LEs                 ; Yes        ; |Cpu|RegFile:b2v_inst5|Regf[12][19] ;
; 3:1                ; 32 bits   ; 64 LEs        ; 0 LEs                ; 64 LEs                 ; Yes        ; |Cpu|RegFile:b2v_inst5|Regf[28][8]  ;
; 3:1                ; 32 bits   ; 64 LEs        ; 0 LEs                ; 64 LEs                 ; Yes        ; |Cpu|RegFile:b2v_inst5|Regf[2][31]  ;
; 3:1                ; 32 bits   ; 64 LEs        ; 0 LEs                ; 64 LEs                 ; Yes        ; |Cpu|RegFile:b2v_inst5|Regf[18][17] ;
; 3:1                ; 32 bits   ; 64 LEs        ; 0 LEs                ; 64 LEs                 ; Yes        ; |Cpu|RegFile:b2v_inst5|Regf[10][23] ;
; 3:1                ; 32 bits   ; 64 LEs        ; 0 LEs                ; 64 LEs                 ; Yes        ; |Cpu|RegFile:b2v_inst5|Regf[26][22] ;
; 3:1                ; 32 bits   ; 64 LEs        ; 0 LEs                ; 64 LEs                 ; Yes        ; |Cpu|RegFile:b2v_inst5|Regf[6][21]  ;
; 3:1                ; 32 bits   ; 64 LEs        ; 0 LEs                ; 64 LEs                 ; Yes        ; |Cpu|RegFile:b2v_inst5|Regf[22][27] ;
; 3:1                ; 32 bits   ; 64 LEs        ; 0 LEs                ; 64 LEs                 ; Yes        ; |Cpu|RegFile:b2v_inst5|Regf[14][7]  ;
; 3:1                ; 32 bits   ; 64 LEs        ; 0 LEs                ; 64 LEs                 ; Yes        ; |Cpu|RegFile:b2v_inst5|Regf[30][1]  ;
; 3:1                ; 32 bits   ; 64 LEs        ; 0 LEs                ; 64 LEs                 ; Yes        ; |Cpu|RegFile:b2v_inst5|Regf[1][17]  ;
; 3:1                ; 32 bits   ; 64 LEs        ; 0 LEs                ; 64 LEs                 ; Yes        ; |Cpu|RegFile:b2v_inst5|Regf[17][10] ;
; 3:1                ; 32 bits   ; 64 LEs        ; 0 LEs                ; 64 LEs                 ; Yes        ; |Cpu|RegFile:b2v_inst5|Regf[9][22]  ;
; 3:1                ; 32 bits   ; 64 LEs        ; 0 LEs                ; 64 LEs                 ; Yes        ; |Cpu|RegFile:b2v_inst5|Regf[25][23] ;
; 3:1                ; 32 bits   ; 64 LEs        ; 0 LEs                ; 64 LEs                 ; Yes        ; |Cpu|RegFile:b2v_inst5|Regf[5][9]   ;
; 3:1                ; 32 bits   ; 64 LEs        ; 0 LEs                ; 64 LEs                 ; Yes        ; |Cpu|RegFile:b2v_inst5|Regf[21][1]  ;
; 3:1                ; 32 bits   ; 64 LEs        ; 0 LEs                ; 64 LEs                 ; Yes        ; |Cpu|RegFile:b2v_inst5|Regf[13][30] ;
; 3:1                ; 32 bits   ; 64 LEs        ; 0 LEs                ; 64 LEs                 ; Yes        ; |Cpu|RegFile:b2v_inst5|Regf[29][18] ;
; 3:1                ; 32 bits   ; 64 LEs        ; 0 LEs                ; 64 LEs                 ; Yes        ; |Cpu|RegFile:b2v_inst5|Regf[3][16]  ;
; 3:1                ; 32 bits   ; 64 LEs        ; 0 LEs                ; 64 LEs                 ; Yes        ; |Cpu|RegFile:b2v_inst5|Regf[19][31] ;
; 3:1                ; 32 bits   ; 64 LEs        ; 0 LEs                ; 64 LEs                 ; Yes        ; |Cpu|RegFile:b2v_inst5|Regf[11][18] ;
; 3:1                ; 32 bits   ; 64 LEs        ; 0 LEs                ; 64 LEs                 ; Yes        ; |Cpu|RegFile:b2v_inst5|Regf[27][6]  ;
; 3:1                ; 32 bits   ; 64 LEs        ; 0 LEs                ; 64 LEs                 ; Yes        ; |Cpu|RegFile:b2v_inst5|Regf[7][20]  ;
; 3:1                ; 32 bits   ; 64 LEs        ; 0 LEs                ; 64 LEs                 ; Yes        ; |Cpu|RegFile:b2v_inst5|Regf[23][18] ;
; 3:1                ; 32 bits   ; 64 LEs        ; 0 LEs                ; 64 LEs                 ; Yes        ; |Cpu|RegFile:b2v_inst5|Regf[15][30] ;
; 3:1                ; 32 bits   ; 64 LEs        ; 0 LEs                ; 64 LEs                 ; Yes        ; |Cpu|RegFile:b2v_inst5|Regf[31][15] ;
; 4:1                ; 2 bits    ; 4 LEs         ; 4 LEs                ; 0 LEs                  ; No         ; |Cpu|MyALU:b2v_inst14|ShiftLeft0    ;
; 4:1                ; 2 bits    ; 4 LEs         ; 4 LEs                ; 0 LEs                  ; No         ; |Cpu|MyALU:b2v_inst14|ShiftRight0   ;
; 4:1                ; 50 bits   ; 100 LEs       ; 100 LEs              ; 0 LEs                  ; No         ; |Cpu|MyALU:b2v_inst14|ShiftLeft0    ;
; 4:1                ; 8 bits    ; 16 LEs        ; 16 LEs               ; 0 LEs                  ; No         ; |Cpu|MyALU:b2v_inst14|ShiftLeft0    ;
; 4:1                ; 8 bits    ; 16 LEs        ; 16 LEs               ; 0 LEs                  ; No         ; |Cpu|MyALU:b2v_inst14|ShiftLeft0    ;
; 4:1                ; 8 bits    ; 16 LEs        ; 16 LEs               ; 0 LEs                  ; No         ; |Cpu|MyALU:b2v_inst14|ShiftRight0   ;
; 32:1               ; 32 bits   ; 672 LEs       ; 672 LEs              ; 0 LEs                  ; No         ; |Cpu|RegFile:b2v_inst5|Mux8         ;
; 33:1               ; 32 bits   ; 704 LEs       ; 704 LEs              ; 0 LEs                  ; No         ; |Cpu|Mux2_1:b2v_inst10|OData4[1]    ;
; 16:1               ; 4 bits    ; 40 LEs        ; 40 LEs               ; 0 LEs                  ; No         ; |Cpu|UnitControl:b2v_inst|ALUOp[1]  ;
; 20:1               ; 12 bits   ; 156 LEs       ; 144 LEs              ; 12 LEs                 ; No         ; |Cpu|MyALU:b2v_inst14|Mux14         ;
; 20:1               ; 12 bits   ; 156 LEs       ; 144 LEs              ; 12 LEs                 ; No         ; |Cpu|MyALU:b2v_inst14|Mux16         ;
; 23:1               ; 4 bits    ; 60 LEs        ; 56 LEs               ; 4 LEs                  ; No         ; |Cpu|MyALU:b2v_inst14|Mux1          ;
; 23:1               ; 3 bits    ; 45 LEs        ; 42 LEs               ; 3 LEs                  ; No         ; |Cpu|MyALU:b2v_inst14|Mux30         ;
+--------------------+-----------+---------------+----------------------+------------------------+------------+-------------------------------------+


+-------------------------------------------------------------------------------------------------------------------------------------+
; Port Connectivity Checks: "InstructionCut:b2v_inst2"                                                                                ;
+------+--------+----------+----------------------------------------------------------------------------------------------------------+
; Port ; Type   ; Severity ; Details                                                                                                  ;
+------+--------+----------+----------------------------------------------------------------------------------------------------------+
; ADDR ; Output ; Warning  ; Declared by entity but not connected by instance. Logic that only feeds a dangling port will be removed. ;
+------+--------+----------+----------------------------------------------------------------------------------------------------------+


+----------------------------------------------------------------------------------------------------------------+
; Port Connectivity Checks: "DataMem:b2v_inst16"                                                                 ;
+------+--------+----------+-------------------------------------------------------------------------------------+
; Port ; Type   ; Severity ; Details                                                                             ;
+------+--------+----------+-------------------------------------------------------------------------------------+
; Mout ; Output ; Info     ; Connected to dangling logic. Logic that only feeds a dangling port will be removed. ;
+------+--------+----------+-------------------------------------------------------------------------------------+


+-------------------------------------------------------------------------------------------------------------------------------------+
; Port Connectivity Checks: "UnitControl:b2v_inst"                                                                                    ;
+------+--------+----------+----------------------------------------------------------------------------------------------------------+
; Port ; Type   ; Severity ; Details                                                                                                  ;
+------+--------+----------+----------------------------------------------------------------------------------------------------------+
; jump ; Output ; Warning  ; Declared by entity but not connected by instance. Logic that only feeds a dangling port will be removed. ;
+------+--------+----------+----------------------------------------------------------------------------------------------------------+


+-----------------------------------------------------+
; Post-Synthesis Netlist Statistics for Top Partition ;
+-----------------------+-----------------------------+
; Type                  ; Count                       ;
+-----------------------+-----------------------------+
; arriav_ff             ; 110                         ;
;     CLR               ; 6                           ;
;     ENA SCLR          ; 96                          ;
;     plain             ; 8                           ;
; arriav_lcell_comb     ; 712                         ;
;     arith             ; 90                          ;
;         0 data inputs ; 1                           ;
;         1 data inputs ; 1                           ;
;         2 data inputs ; 15                          ;
;         3 data inputs ; 4                           ;
;         4 data inputs ; 6                           ;
;         5 data inputs ; 63                          ;
;     extend            ; 3                           ;
;         7 data inputs ; 3                           ;
;     normal            ; 619                         ;
;         0 data inputs ; 1                           ;
;         1 data inputs ; 8                           ;
;         2 data inputs ; 6                           ;
;         3 data inputs ; 29                          ;
;         4 data inputs ; 192                         ;
;         5 data inputs ; 219                         ;
;         6 data inputs ; 164                         ;
; arriav_mac            ; 2                           ;
; boundary_port         ; 171                         ;
;                       ;                             ;
; Max LUT depth         ; 13.50                       ;
; Average LUT depth     ; 9.45                        ;
+-----------------------+-----------------------------+


+-------------------------------+
; Elapsed Time Per Partition    ;
+----------------+--------------+
; Partition Name ; Elapsed Time ;
+----------------+--------------+
; Top            ; 00:00:02     ;
+----------------+--------------+


+-------------------------------+
; Analysis & Synthesis Messages ;
+-------------------------------+
Info: *******************************************************************
Info: Running Quartus Prime Analysis & Synthesis
    Info: Version 18.1.0 Build 625 09/12/2018 SJ Standard Edition
    Info: Processing started: Wed Nov 27 10:23:34 2024
Info: Command: quartus_map --read_settings_files=on --write_settings_files=off Cpu -c Cpu
Warning (18236): Number of processors has not been specified which may cause overloading on shared machines.  Set the global assignment NUM_PARALLEL_PROCESSORS in your QSF to an appropriate value for best performance.
Info (20030): Parallel compilation is enabled and will use 12 of the 12 processors detected
Info (12021): Found 1 design units, including 1 entities, in source file instructioncut.v
    Info (12023): Found entity 1: InstructionCut File: D:/Quartus_18.1-ProPlus/S-json/SingleCPU/SingleCPU/AMycpu/InstructionCut.v Line: 1
Info (12021): Found 1 design units, including 1 entities, in source file regfile.v
    Info (12023): Found entity 1: RegFile File: D:/Quartus_18.1-ProPlus/S-json/SingleCPU/SingleCPU/AMycpu/RegFile.v Line: 1
Info (12021): Found 1 design units, including 1 entities, in source file cpu.v
    Info (12023): Found entity 1: Cpu File: D:/Quartus_18.1-ProPlus/S-json/SingleCPU/SingleCPU/AMycpu/Cpu.v Line: 1
Info (12127): Elaborating entity "Cpu" for the top level hierarchy
Warning (12125): Using design file result.v, which is not specified as a design file for the current project, but contains definitions for 1 design units and 1 entities in project
    Info (12023): Found entity 1: Result File: D:/Quartus_18.1-ProPlus/S-json/SingleCPU/SingleCPU/AMycpu/result.v Line: 1
Info (12128): Elaborating entity "Result" for hierarchy "Result:Bresult" File: D:/Quartus_18.1-ProPlus/S-json/SingleCPU/SingleCPU/AMycpu/Cpu.v Line: 84
Warning (12125): Using design file unitcontrol.v, which is not specified as a design file for the current project, but contains definitions for 1 design units and 1 entities in project
    Info (12023): Found entity 1: UnitControl File: D:/Quartus_18.1-ProPlus/S-json/SingleCPU/SingleCPU/AMycpu/unitcontrol.v Line: 1
Info (12128): Elaborating entity "UnitControl" for hierarchy "UnitControl:b2v_inst" File: D:/Quartus_18.1-ProPlus/S-json/SingleCPU/SingleCPU/AMycpu/Cpu.v Line: 97
Warning (10230): Verilog HDL assignment warning at unitcontrol.v(23): truncated value with size 32 to match size of target (1) File: D:/Quartus_18.1-ProPlus/S-json/SingleCPU/SingleCPU/AMycpu/unitcontrol.v Line: 23
Warning (10230): Verilog HDL assignment warning at unitcontrol.v(24): truncated value with size 32 to match size of target (1) File: D:/Quartus_18.1-ProPlus/S-json/SingleCPU/SingleCPU/AMycpu/unitcontrol.v Line: 24
Warning (10230): Verilog HDL assignment warning at unitcontrol.v(26): truncated value with size 32 to match size of target (1) File: D:/Quartus_18.1-ProPlus/S-json/SingleCPU/SingleCPU/AMycpu/unitcontrol.v Line: 26
Warning (10230): Verilog HDL assignment warning at unitcontrol.v(27): truncated value with size 32 to match size of target (1) File: D:/Quartus_18.1-ProPlus/S-json/SingleCPU/SingleCPU/AMycpu/unitcontrol.v Line: 27
Warning (10230): Verilog HDL assignment warning at unitcontrol.v(28): truncated value with size 32 to match size of target (1) File: D:/Quartus_18.1-ProPlus/S-json/SingleCPU/SingleCPU/AMycpu/unitcontrol.v Line: 28
Warning (10230): Verilog HDL assignment warning at unitcontrol.v(30): truncated value with size 32 to match size of target (1) File: D:/Quartus_18.1-ProPlus/S-json/SingleCPU/SingleCPU/AMycpu/unitcontrol.v Line: 30
Warning (10230): Verilog HDL assignment warning at unitcontrol.v(31): truncated value with size 32 to match size of target (1) File: D:/Quartus_18.1-ProPlus/S-json/SingleCPU/SingleCPU/AMycpu/unitcontrol.v Line: 31
Warning (10230): Verilog HDL assignment warning at unitcontrol.v(32): truncated value with size 32 to match size of target (1) File: D:/Quartus_18.1-ProPlus/S-json/SingleCPU/SingleCPU/AMycpu/unitcontrol.v Line: 32
Warning (10230): Verilog HDL assignment warning at unitcontrol.v(33): truncated value with size 32 to match size of target (1) File: D:/Quartus_18.1-ProPlus/S-json/SingleCPU/SingleCPU/AMycpu/unitcontrol.v Line: 33
Warning (10270): Verilog HDL Case Statement warning at unitcontrol.v(38): incomplete case statement has no default case item File: D:/Quartus_18.1-ProPlus/S-json/SingleCPU/SingleCPU/AMycpu/unitcontrol.v Line: 38
Warning (10270): Verilog HDL Case Statement warning at unitcontrol.v(74): incomplete case statement has no default case item File: D:/Quartus_18.1-ProPlus/S-json/SingleCPU/SingleCPU/AMycpu/unitcontrol.v Line: 74
Warning (10240): Verilog HDL Always Construct warning at unitcontrol.v(20): inferring latch(es) for variable "ALUOp", which holds its previous value in one or more paths through the always construct File: D:/Quartus_18.1-ProPlus/S-json/SingleCPU/SingleCPU/AMycpu/unitcontrol.v Line: 20
Info (10041): Inferred latch for "ALUOp[0]" at unitcontrol.v(74) File: D:/Quartus_18.1-ProPlus/S-json/SingleCPU/SingleCPU/AMycpu/unitcontrol.v Line: 74
Info (10041): Inferred latch for "ALUOp[1]" at unitcontrol.v(74) File: D:/Quartus_18.1-ProPlus/S-json/SingleCPU/SingleCPU/AMycpu/unitcontrol.v Line: 74
Info (10041): Inferred latch for "ALUOp[2]" at unitcontrol.v(74) File: D:/Quartus_18.1-ProPlus/S-json/SingleCPU/SingleCPU/AMycpu/unitcontrol.v Line: 74
Info (10041): Inferred latch for "ALUOp[3]" at unitcontrol.v(74) File: D:/Quartus_18.1-ProPlus/S-json/SingleCPU/SingleCPU/AMycpu/unitcontrol.v Line: 74
Info (10041): Inferred latch for "ALUOp[4]" at unitcontrol.v(74) File: D:/Quartus_18.1-ProPlus/S-json/SingleCPU/SingleCPU/AMycpu/unitcontrol.v Line: 74
Warning (12125): Using design file mux2_1.v, which is not specified as a design file for the current project, but contains definitions for 1 design units and 1 entities in project
    Info (12023): Found entity 1: Mux2_1 File: D:/Quartus_18.1-ProPlus/S-json/SingleCPU/SingleCPU/AMycpu/mux2_1.v Line: 1
Info (12128): Elaborating entity "Mux2_1" for hierarchy "Mux2_1:b2v_inst1" File: D:/Quartus_18.1-ProPlus/S-json/SingleCPU/SingleCPU/AMycpu/Cpu.v Line: 104
Warning (12125): Using design file mux2_1_5.v, which is not specified as a design file for the current project, but contains definitions for 1 design units and 1 entities in project
    Info (12023): Found entity 1: Mux2_1_5 File: D:/Quartus_18.1-ProPlus/S-json/SingleCPU/SingleCPU/AMycpu/mux2_1_5.v Line: 1
Info (12128): Elaborating entity "Mux2_1_5" for hierarchy "Mux2_1_5:b2v_inst11" File: D:/Quartus_18.1-ProPlus/S-json/SingleCPU/SingleCPU/AMycpu/Cpu.v Line: 118
Warning (12125): Using design file extend.v, which is not specified as a design file for the current project, but contains definitions for 1 design units and 1 entities in project
    Info (12023): Found entity 1: Extend File: D:/Quartus_18.1-ProPlus/S-json/SingleCPU/SingleCPU/AMycpu/extend.v Line: 1
Info (12128): Elaborating entity "Extend" for hierarchy "Extend:b2v_inst12" File: D:/Quartus_18.1-ProPlus/S-json/SingleCPU/SingleCPU/AMycpu/Cpu.v Line: 123
Warning (12125): Using design file myalu.v, which is not specified as a design file for the current project, but contains definitions for 1 design units and 1 entities in project
    Info (12023): Found entity 1: MyALU File: D:/Quartus_18.1-ProPlus/S-json/SingleCPU/SingleCPU/AMycpu/myalu.v Line: 1
Info (12128): Elaborating entity "MyALU" for hierarchy "MyALU:b2v_inst14" File: D:/Quartus_18.1-ProPlus/S-json/SingleCPU/SingleCPU/AMycpu/Cpu.v Line: 132
Warning (10230): Verilog HDL assignment warning at myalu.v(64): truncated value with size 32 to match size of target (1) File: D:/Quartus_18.1-ProPlus/S-json/SingleCPU/SingleCPU/AMycpu/myalu.v Line: 64
Warning (10230): Verilog HDL assignment warning at myalu.v(66): truncated value with size 32 to match size of target (1) File: D:/Quartus_18.1-ProPlus/S-json/SingleCPU/SingleCPU/AMycpu/myalu.v Line: 66
Warning (12125): Using design file datamem.v, which is not specified as a design file for the current project, but contains definitions for 1 design units and 1 entities in project
    Info (12023): Found entity 1: DataMem File: D:/Quartus_18.1-ProPlus/S-json/SingleCPU/SingleCPU/AMycpu/datamem.v Line: 1
Info (12128): Elaborating entity "DataMem" for hierarchy "DataMem:b2v_inst16" File: D:/Quartus_18.1-ProPlus/S-json/SingleCPU/SingleCPU/AMycpu/Cpu.v Line: 140
Warning (10240): Verilog HDL Always Construct warning at datamem.v(18): inferring latch(es) for variable "Mout", which holds its previous value in one or more paths through the always construct File: D:/Quartus_18.1-ProPlus/S-json/SingleCPU/SingleCPU/AMycpu/datamem.v Line: 18
Info (10041): Inferred latch for "Ram[31][0]" at datamem.v(30) File: D:/Quartus_18.1-ProPlus/S-json/SingleCPU/SingleCPU/AMycpu/datamem.v Line: 30
Info (10041): Inferred latch for "Ram[31][1]" at datamem.v(30) File: D:/Quartus_18.1-ProPlus/S-json/SingleCPU/SingleCPU/AMycpu/datamem.v Line: 30
Info (10041): Inferred latch for "Ram[31][2]" at datamem.v(30) File: D:/Quartus_18.1-ProPlus/S-json/SingleCPU/SingleCPU/AMycpu/datamem.v Line: 30
Info (10041): Inferred latch for "Ram[31][3]" at datamem.v(30) File: D:/Quartus_18.1-ProPlus/S-json/SingleCPU/SingleCPU/AMycpu/datamem.v Line: 30
Info (10041): Inferred latch for "Ram[31][4]" at datamem.v(30) File: D:/Quartus_18.1-ProPlus/S-json/SingleCPU/SingleCPU/AMycpu/datamem.v Line: 30
Info (10041): Inferred latch for "Ram[31][5]" at datamem.v(30) File: D:/Quartus_18.1-ProPlus/S-json/SingleCPU/SingleCPU/AMycpu/datamem.v Line: 30
Info (10041): Inferred latch for "Ram[31][6]" at datamem.v(30) File: D:/Quartus_18.1-ProPlus/S-json/SingleCPU/SingleCPU/AMycpu/datamem.v Line: 30
Info (10041): Inferred latch for "Ram[31][7]" at datamem.v(30) File: D:/Quartus_18.1-ProPlus/S-json/SingleCPU/SingleCPU/AMycpu/datamem.v Line: 30
Info (10041): Inferred latch for "Ram[30][0]" at datamem.v(30) File: D:/Quartus_18.1-ProPlus/S-json/SingleCPU/SingleCPU/AMycpu/datamem.v Line: 30
Info (10041): Inferred latch for "Ram[30][1]" at datamem.v(30) File: D:/Quartus_18.1-ProPlus/S-json/SingleCPU/SingleCPU/AMycpu/datamem.v Line: 30
Info (10041): Inferred latch for "Ram[30][2]" at datamem.v(30) File: D:/Quartus_18.1-ProPlus/S-json/SingleCPU/SingleCPU/AMycpu/datamem.v Line: 30
Info (10041): Inferred latch for "Ram[30][3]" at datamem.v(30) File: D:/Quartus_18.1-ProPlus/S-json/SingleCPU/SingleCPU/AMycpu/datamem.v Line: 30
Info (10041): Inferred latch for "Ram[30][4]" at datamem.v(30) File: D:/Quartus_18.1-ProPlus/S-json/SingleCPU/SingleCPU/AMycpu/datamem.v Line: 30
Info (10041): Inferred latch for "Ram[30][5]" at datamem.v(30) File: D:/Quartus_18.1-ProPlus/S-json/SingleCPU/SingleCPU/AMycpu/datamem.v Line: 30
Info (10041): Inferred latch for "Ram[30][6]" at datamem.v(30) File: D:/Quartus_18.1-ProPlus/S-json/SingleCPU/SingleCPU/AMycpu/datamem.v Line: 30
Info (10041): Inferred latch for "Ram[30][7]" at datamem.v(30) File: D:/Quartus_18.1-ProPlus/S-json/SingleCPU/SingleCPU/AMycpu/datamem.v Line: 30
Info (10041): Inferred latch for "Ram[29][0]" at datamem.v(30) File: D:/Quartus_18.1-ProPlus/S-json/SingleCPU/SingleCPU/AMycpu/datamem.v Line: 30
Info (10041): Inferred latch for "Ram[29][1]" at datamem.v(30) File: D:/Quartus_18.1-ProPlus/S-json/SingleCPU/SingleCPU/AMycpu/datamem.v Line: 30
Info (10041): Inferred latch for "Ram[29][2]" at datamem.v(30) File: D:/Quartus_18.1-ProPlus/S-json/SingleCPU/SingleCPU/AMycpu/datamem.v Line: 30
Info (10041): Inferred latch for "Ram[29][3]" at datamem.v(30) File: D:/Quartus_18.1-ProPlus/S-json/SingleCPU/SingleCPU/AMycpu/datamem.v Line: 30
Info (10041): Inferred latch for "Ram[29][4]" at datamem.v(30) File: D:/Quartus_18.1-ProPlus/S-json/SingleCPU/SingleCPU/AMycpu/datamem.v Line: 30
Info (10041): Inferred latch for "Ram[29][5]" at datamem.v(30) File: D:/Quartus_18.1-ProPlus/S-json/SingleCPU/SingleCPU/AMycpu/datamem.v Line: 30
Info (10041): Inferred latch for "Ram[29][6]" at datamem.v(30) File: D:/Quartus_18.1-ProPlus/S-json/SingleCPU/SingleCPU/AMycpu/datamem.v Line: 30
Info (10041): Inferred latch for "Ram[29][7]" at datamem.v(30) File: D:/Quartus_18.1-ProPlus/S-json/SingleCPU/SingleCPU/AMycpu/datamem.v Line: 30
Info (10041): Inferred latch for "Ram[28][0]" at datamem.v(30) File: D:/Quartus_18.1-ProPlus/S-json/SingleCPU/SingleCPU/AMycpu/datamem.v Line: 30
Info (10041): Inferred latch for "Ram[28][1]" at datamem.v(30) File: D:/Quartus_18.1-ProPlus/S-json/SingleCPU/SingleCPU/AMycpu/datamem.v Line: 30
Info (10041): Inferred latch for "Ram[28][2]" at datamem.v(30) File: D:/Quartus_18.1-ProPlus/S-json/SingleCPU/SingleCPU/AMycpu/datamem.v Line: 30
Info (10041): Inferred latch for "Ram[28][3]" at datamem.v(30) File: D:/Quartus_18.1-ProPlus/S-json/SingleCPU/SingleCPU/AMycpu/datamem.v Line: 30
Info (10041): Inferred latch for "Ram[28][4]" at datamem.v(30) File: D:/Quartus_18.1-ProPlus/S-json/SingleCPU/SingleCPU/AMycpu/datamem.v Line: 30
Info (10041): Inferred latch for "Ram[28][5]" at datamem.v(30) File: D:/Quartus_18.1-ProPlus/S-json/SingleCPU/SingleCPU/AMycpu/datamem.v Line: 30
Info (10041): Inferred latch for "Ram[28][6]" at datamem.v(30) File: D:/Quartus_18.1-ProPlus/S-json/SingleCPU/SingleCPU/AMycpu/datamem.v Line: 30
Info (10041): Inferred latch for "Ram[28][7]" at datamem.v(30) File: D:/Quartus_18.1-ProPlus/S-json/SingleCPU/SingleCPU/AMycpu/datamem.v Line: 30
Info (10041): Inferred latch for "Ram[27][0]" at datamem.v(30) File: D:/Quartus_18.1-ProPlus/S-json/SingleCPU/SingleCPU/AMycpu/datamem.v Line: 30
Info (10041): Inferred latch for "Ram[27][1]" at datamem.v(30) File: D:/Quartus_18.1-ProPlus/S-json/SingleCPU/SingleCPU/AMycpu/datamem.v Line: 30
Info (10041): Inferred latch for "Ram[27][2]" at datamem.v(30) File: D:/Quartus_18.1-ProPlus/S-json/SingleCPU/SingleCPU/AMycpu/datamem.v Line: 30
Info (10041): Inferred latch for "Ram[27][3]" at datamem.v(30) File: D:/Quartus_18.1-ProPlus/S-json/SingleCPU/SingleCPU/AMycpu/datamem.v Line: 30
Info (10041): Inferred latch for "Ram[27][4]" at datamem.v(30) File: D:/Quartus_18.1-ProPlus/S-json/SingleCPU/SingleCPU/AMycpu/datamem.v Line: 30
Info (10041): Inferred latch for "Ram[27][5]" at datamem.v(30) File: D:/Quartus_18.1-ProPlus/S-json/SingleCPU/SingleCPU/AMycpu/datamem.v Line: 30
Info (10041): Inferred latch for "Ram[27][6]" at datamem.v(30) File: D:/Quartus_18.1-ProPlus/S-json/SingleCPU/SingleCPU/AMycpu/datamem.v Line: 30
Info (10041): Inferred latch for "Ram[27][7]" at datamem.v(30) File: D:/Quartus_18.1-ProPlus/S-json/SingleCPU/SingleCPU/AMycpu/datamem.v Line: 30
Info (10041): Inferred latch for "Ram[26][0]" at datamem.v(30) File: D:/Quartus_18.1-ProPlus/S-json/SingleCPU/SingleCPU/AMycpu/datamem.v Line: 30
Info (10041): Inferred latch for "Ram[26][1]" at datamem.v(30) File: D:/Quartus_18.1-ProPlus/S-json/SingleCPU/SingleCPU/AMycpu/datamem.v Line: 30
Info (10041): Inferred latch for "Ram[26][2]" at datamem.v(30) File: D:/Quartus_18.1-ProPlus/S-json/SingleCPU/SingleCPU/AMycpu/datamem.v Line: 30
Info (10041): Inferred latch for "Ram[26][3]" at datamem.v(30) File: D:/Quartus_18.1-ProPlus/S-json/SingleCPU/SingleCPU/AMycpu/datamem.v Line: 30
Info (10041): Inferred latch for "Ram[26][4]" at datamem.v(30) File: D:/Quartus_18.1-ProPlus/S-json/SingleCPU/SingleCPU/AMycpu/datamem.v Line: 30
Info (10041): Inferred latch for "Ram[26][5]" at datamem.v(30) File: D:/Quartus_18.1-ProPlus/S-json/SingleCPU/SingleCPU/AMycpu/datamem.v Line: 30
Info (10041): Inferred latch for "Ram[26][6]" at datamem.v(30) File: D:/Quartus_18.1-ProPlus/S-json/SingleCPU/SingleCPU/AMycpu/datamem.v Line: 30
Info (10041): Inferred latch for "Ram[26][7]" at datamem.v(30) File: D:/Quartus_18.1-ProPlus/S-json/SingleCPU/SingleCPU/AMycpu/datamem.v Line: 30
Info (10041): Inferred latch for "Ram[25][0]" at datamem.v(30) File: D:/Quartus_18.1-ProPlus/S-json/SingleCPU/SingleCPU/AMycpu/datamem.v Line: 30
Info (10041): Inferred latch for "Ram[25][1]" at datamem.v(30) File: D:/Quartus_18.1-ProPlus/S-json/SingleCPU/SingleCPU/AMycpu/datamem.v Line: 30
Info (10041): Inferred latch for "Ram[25][2]" at datamem.v(30) File: D:/Quartus_18.1-ProPlus/S-json/SingleCPU/SingleCPU/AMycpu/datamem.v Line: 30
Info (10041): Inferred latch for "Ram[25][3]" at datamem.v(30) File: D:/Quartus_18.1-ProPlus/S-json/SingleCPU/SingleCPU/AMycpu/datamem.v Line: 30
Info (10041): Inferred latch for "Ram[25][4]" at datamem.v(30) File: D:/Quartus_18.1-ProPlus/S-json/SingleCPU/SingleCPU/AMycpu/datamem.v Line: 30
Info (10041): Inferred latch for "Ram[25][5]" at datamem.v(30) File: D:/Quartus_18.1-ProPlus/S-json/SingleCPU/SingleCPU/AMycpu/datamem.v Line: 30
Info (10041): Inferred latch for "Ram[25][6]" at datamem.v(30) File: D:/Quartus_18.1-ProPlus/S-json/SingleCPU/SingleCPU/AMycpu/datamem.v Line: 30
Info (10041): Inferred latch for "Ram[25][7]" at datamem.v(30) File: D:/Quartus_18.1-ProPlus/S-json/SingleCPU/SingleCPU/AMycpu/datamem.v Line: 30
Info (10041): Inferred latch for "Ram[24][0]" at datamem.v(30) File: D:/Quartus_18.1-ProPlus/S-json/SingleCPU/SingleCPU/AMycpu/datamem.v Line: 30
Info (10041): Inferred latch for "Ram[24][1]" at datamem.v(30) File: D:/Quartus_18.1-ProPlus/S-json/SingleCPU/SingleCPU/AMycpu/datamem.v Line: 30
Info (10041): Inferred latch for "Ram[24][2]" at datamem.v(30) File: D:/Quartus_18.1-ProPlus/S-json/SingleCPU/SingleCPU/AMycpu/datamem.v Line: 30
Info (10041): Inferred latch for "Ram[24][3]" at datamem.v(30) File: D:/Quartus_18.1-ProPlus/S-json/SingleCPU/SingleCPU/AMycpu/datamem.v Line: 30
Info (10041): Inferred latch for "Ram[24][4]" at datamem.v(30) File: D:/Quartus_18.1-ProPlus/S-json/SingleCPU/SingleCPU/AMycpu/datamem.v Line: 30
Info (10041): Inferred latch for "Ram[24][5]" at datamem.v(30) File: D:/Quartus_18.1-ProPlus/S-json/SingleCPU/SingleCPU/AMycpu/datamem.v Line: 30
Info (10041): Inferred latch for "Ram[24][6]" at datamem.v(30) File: D:/Quartus_18.1-ProPlus/S-json/SingleCPU/SingleCPU/AMycpu/datamem.v Line: 30
Info (10041): Inferred latch for "Ram[24][7]" at datamem.v(30) File: D:/Quartus_18.1-ProPlus/S-json/SingleCPU/SingleCPU/AMycpu/datamem.v Line: 30
Info (10041): Inferred latch for "Ram[23][0]" at datamem.v(30) File: D:/Quartus_18.1-ProPlus/S-json/SingleCPU/SingleCPU/AMycpu/datamem.v Line: 30
Info (10041): Inferred latch for "Ram[23][1]" at datamem.v(30) File: D:/Quartus_18.1-ProPlus/S-json/SingleCPU/SingleCPU/AMycpu/datamem.v Line: 30
Info (10041): Inferred latch for "Ram[23][2]" at datamem.v(30) File: D:/Quartus_18.1-ProPlus/S-json/SingleCPU/SingleCPU/AMycpu/datamem.v Line: 30
Info (10041): Inferred latch for "Ram[23][3]" at datamem.v(30) File: D:/Quartus_18.1-ProPlus/S-json/SingleCPU/SingleCPU/AMycpu/datamem.v Line: 30
Info (10041): Inferred latch for "Ram[23][4]" at datamem.v(30) File: D:/Quartus_18.1-ProPlus/S-json/SingleCPU/SingleCPU/AMycpu/datamem.v Line: 30
Info (10041): Inferred latch for "Ram[23][5]" at datamem.v(30) File: D:/Quartus_18.1-ProPlus/S-json/SingleCPU/SingleCPU/AMycpu/datamem.v Line: 30
Info (10041): Inferred latch for "Ram[23][6]" at datamem.v(30) File: D:/Quartus_18.1-ProPlus/S-json/SingleCPU/SingleCPU/AMycpu/datamem.v Line: 30
Info (10041): Inferred latch for "Ram[23][7]" at datamem.v(30) File: D:/Quartus_18.1-ProPlus/S-json/SingleCPU/SingleCPU/AMycpu/datamem.v Line: 30
Info (10041): Inferred latch for "Ram[22][0]" at datamem.v(30) File: D:/Quartus_18.1-ProPlus/S-json/SingleCPU/SingleCPU/AMycpu/datamem.v Line: 30
Info (10041): Inferred latch for "Ram[22][1]" at datamem.v(30) File: D:/Quartus_18.1-ProPlus/S-json/SingleCPU/SingleCPU/AMycpu/datamem.v Line: 30
Info (10041): Inferred latch for "Ram[22][2]" at datamem.v(30) File: D:/Quartus_18.1-ProPlus/S-json/SingleCPU/SingleCPU/AMycpu/datamem.v Line: 30
Info (10041): Inferred latch for "Ram[22][3]" at datamem.v(30) File: D:/Quartus_18.1-ProPlus/S-json/SingleCPU/SingleCPU/AMycpu/datamem.v Line: 30
Info (10041): Inferred latch for "Ram[22][4]" at datamem.v(30) File: D:/Quartus_18.1-ProPlus/S-json/SingleCPU/SingleCPU/AMycpu/datamem.v Line: 30
Info (10041): Inferred latch for "Ram[22][5]" at datamem.v(30) File: D:/Quartus_18.1-ProPlus/S-json/SingleCPU/SingleCPU/AMycpu/datamem.v Line: 30
Info (10041): Inferred latch for "Ram[22][6]" at datamem.v(30) File: D:/Quartus_18.1-ProPlus/S-json/SingleCPU/SingleCPU/AMycpu/datamem.v Line: 30
Info (10041): Inferred latch for "Ram[22][7]" at datamem.v(30) File: D:/Quartus_18.1-ProPlus/S-json/SingleCPU/SingleCPU/AMycpu/datamem.v Line: 30
Info (10041): Inferred latch for "Ram[21][0]" at datamem.v(30) File: D:/Quartus_18.1-ProPlus/S-json/SingleCPU/SingleCPU/AMycpu/datamem.v Line: 30
Info (10041): Inferred latch for "Ram[21][1]" at datamem.v(30) File: D:/Quartus_18.1-ProPlus/S-json/SingleCPU/SingleCPU/AMycpu/datamem.v Line: 30
Info (10041): Inferred latch for "Ram[21][2]" at datamem.v(30) File: D:/Quartus_18.1-ProPlus/S-json/SingleCPU/SingleCPU/AMycpu/datamem.v Line: 30
Info (10041): Inferred latch for "Ram[21][3]" at datamem.v(30) File: D:/Quartus_18.1-ProPlus/S-json/SingleCPU/SingleCPU/AMycpu/datamem.v Line: 30
Info (10041): Inferred latch for "Ram[21][4]" at datamem.v(30) File: D:/Quartus_18.1-ProPlus/S-json/SingleCPU/SingleCPU/AMycpu/datamem.v Line: 30
Info (10041): Inferred latch for "Ram[21][5]" at datamem.v(30) File: D:/Quartus_18.1-ProPlus/S-json/SingleCPU/SingleCPU/AMycpu/datamem.v Line: 30
Info (10041): Inferred latch for "Ram[21][6]" at datamem.v(30) File: D:/Quartus_18.1-ProPlus/S-json/SingleCPU/SingleCPU/AMycpu/datamem.v Line: 30
Info (10041): Inferred latch for "Ram[21][7]" at datamem.v(30) File: D:/Quartus_18.1-ProPlus/S-json/SingleCPU/SingleCPU/AMycpu/datamem.v Line: 30
Info (10041): Inferred latch for "Ram[20][0]" at datamem.v(30) File: D:/Quartus_18.1-ProPlus/S-json/SingleCPU/SingleCPU/AMycpu/datamem.v Line: 30
Info (10041): Inferred latch for "Ram[20][1]" at datamem.v(30) File: D:/Quartus_18.1-ProPlus/S-json/SingleCPU/SingleCPU/AMycpu/datamem.v Line: 30
Info (10041): Inferred latch for "Ram[20][2]" at datamem.v(30) File: D:/Quartus_18.1-ProPlus/S-json/SingleCPU/SingleCPU/AMycpu/datamem.v Line: 30
Info (10041): Inferred latch for "Ram[20][3]" at datamem.v(30) File: D:/Quartus_18.1-ProPlus/S-json/SingleCPU/SingleCPU/AMycpu/datamem.v Line: 30
Info (10041): Inferred latch for "Ram[20][4]" at datamem.v(30) File: D:/Quartus_18.1-ProPlus/S-json/SingleCPU/SingleCPU/AMycpu/datamem.v Line: 30
Info (10041): Inferred latch for "Ram[20][5]" at datamem.v(30) File: D:/Quartus_18.1-ProPlus/S-json/SingleCPU/SingleCPU/AMycpu/datamem.v Line: 30
Info (10041): Inferred latch for "Ram[20][6]" at datamem.v(30) File: D:/Quartus_18.1-ProPlus/S-json/SingleCPU/SingleCPU/AMycpu/datamem.v Line: 30
Info (10041): Inferred latch for "Ram[20][7]" at datamem.v(30) File: D:/Quartus_18.1-ProPlus/S-json/SingleCPU/SingleCPU/AMycpu/datamem.v Line: 30
Info (10041): Inferred latch for "Ram[19][0]" at datamem.v(30) File: D:/Quartus_18.1-ProPlus/S-json/SingleCPU/SingleCPU/AMycpu/datamem.v Line: 30
Info (10041): Inferred latch for "Ram[19][1]" at datamem.v(30) File: D:/Quartus_18.1-ProPlus/S-json/SingleCPU/SingleCPU/AMycpu/datamem.v Line: 30
Info (10041): Inferred latch for "Ram[19][2]" at datamem.v(30) File: D:/Quartus_18.1-ProPlus/S-json/SingleCPU/SingleCPU/AMycpu/datamem.v Line: 30
Info (10041): Inferred latch for "Ram[19][3]" at datamem.v(30) File: D:/Quartus_18.1-ProPlus/S-json/SingleCPU/SingleCPU/AMycpu/datamem.v Line: 30
Info (10041): Inferred latch for "Ram[19][4]" at datamem.v(30) File: D:/Quartus_18.1-ProPlus/S-json/SingleCPU/SingleCPU/AMycpu/datamem.v Line: 30
Info (10041): Inferred latch for "Ram[19][5]" at datamem.v(30) File: D:/Quartus_18.1-ProPlus/S-json/SingleCPU/SingleCPU/AMycpu/datamem.v Line: 30
Info (10041): Inferred latch for "Ram[19][6]" at datamem.v(30) File: D:/Quartus_18.1-ProPlus/S-json/SingleCPU/SingleCPU/AMycpu/datamem.v Line: 30
Info (10041): Inferred latch for "Ram[19][7]" at datamem.v(30) File: D:/Quartus_18.1-ProPlus/S-json/SingleCPU/SingleCPU/AMycpu/datamem.v Line: 30
Info (10041): Inferred latch for "Ram[18][0]" at datamem.v(30) File: D:/Quartus_18.1-ProPlus/S-json/SingleCPU/SingleCPU/AMycpu/datamem.v Line: 30
Info (10041): Inferred latch for "Ram[18][1]" at datamem.v(30) File: D:/Quartus_18.1-ProPlus/S-json/SingleCPU/SingleCPU/AMycpu/datamem.v Line: 30
Info (10041): Inferred latch for "Ram[18][2]" at datamem.v(30) File: D:/Quartus_18.1-ProPlus/S-json/SingleCPU/SingleCPU/AMycpu/datamem.v Line: 30
Info (10041): Inferred latch for "Ram[18][3]" at datamem.v(30) File: D:/Quartus_18.1-ProPlus/S-json/SingleCPU/SingleCPU/AMycpu/datamem.v Line: 30
Info (10041): Inferred latch for "Ram[18][4]" at datamem.v(30) File: D:/Quartus_18.1-ProPlus/S-json/SingleCPU/SingleCPU/AMycpu/datamem.v Line: 30
Info (10041): Inferred latch for "Ram[18][5]" at datamem.v(30) File: D:/Quartus_18.1-ProPlus/S-json/SingleCPU/SingleCPU/AMycpu/datamem.v Line: 30
Info (10041): Inferred latch for "Ram[18][6]" at datamem.v(30) File: D:/Quartus_18.1-ProPlus/S-json/SingleCPU/SingleCPU/AMycpu/datamem.v Line: 30
Info (10041): Inferred latch for "Ram[18][7]" at datamem.v(30) File: D:/Quartus_18.1-ProPlus/S-json/SingleCPU/SingleCPU/AMycpu/datamem.v Line: 30
Info (10041): Inferred latch for "Ram[17][0]" at datamem.v(30) File: D:/Quartus_18.1-ProPlus/S-json/SingleCPU/SingleCPU/AMycpu/datamem.v Line: 30
Info (10041): Inferred latch for "Ram[17][1]" at datamem.v(30) File: D:/Quartus_18.1-ProPlus/S-json/SingleCPU/SingleCPU/AMycpu/datamem.v Line: 30
Info (10041): Inferred latch for "Ram[17][2]" at datamem.v(30) File: D:/Quartus_18.1-ProPlus/S-json/SingleCPU/SingleCPU/AMycpu/datamem.v Line: 30
Info (10041): Inferred latch for "Ram[17][3]" at datamem.v(30) File: D:/Quartus_18.1-ProPlus/S-json/SingleCPU/SingleCPU/AMycpu/datamem.v Line: 30
Info (10041): Inferred latch for "Ram[17][4]" at datamem.v(30) File: D:/Quartus_18.1-ProPlus/S-json/SingleCPU/SingleCPU/AMycpu/datamem.v Line: 30
Info (10041): Inferred latch for "Ram[17][5]" at datamem.v(30) File: D:/Quartus_18.1-ProPlus/S-json/SingleCPU/SingleCPU/AMycpu/datamem.v Line: 30
Info (10041): Inferred latch for "Ram[17][6]" at datamem.v(30) File: D:/Quartus_18.1-ProPlus/S-json/SingleCPU/SingleCPU/AMycpu/datamem.v Line: 30
Info (10041): Inferred latch for "Ram[17][7]" at datamem.v(30) File: D:/Quartus_18.1-ProPlus/S-json/SingleCPU/SingleCPU/AMycpu/datamem.v Line: 30
Info (10041): Inferred latch for "Ram[16][0]" at datamem.v(30) File: D:/Quartus_18.1-ProPlus/S-json/SingleCPU/SingleCPU/AMycpu/datamem.v Line: 30
Info (10041): Inferred latch for "Ram[16][1]" at datamem.v(30) File: D:/Quartus_18.1-ProPlus/S-json/SingleCPU/SingleCPU/AMycpu/datamem.v Line: 30
Info (10041): Inferred latch for "Ram[16][2]" at datamem.v(30) File: D:/Quartus_18.1-ProPlus/S-json/SingleCPU/SingleCPU/AMycpu/datamem.v Line: 30
Info (10041): Inferred latch for "Ram[16][3]" at datamem.v(30) File: D:/Quartus_18.1-ProPlus/S-json/SingleCPU/SingleCPU/AMycpu/datamem.v Line: 30
Info (10041): Inferred latch for "Ram[16][4]" at datamem.v(30) File: D:/Quartus_18.1-ProPlus/S-json/SingleCPU/SingleCPU/AMycpu/datamem.v Line: 30
Info (10041): Inferred latch for "Ram[16][5]" at datamem.v(30) File: D:/Quartus_18.1-ProPlus/S-json/SingleCPU/SingleCPU/AMycpu/datamem.v Line: 30
Info (10041): Inferred latch for "Ram[16][6]" at datamem.v(30) File: D:/Quartus_18.1-ProPlus/S-json/SingleCPU/SingleCPU/AMycpu/datamem.v Line: 30
Info (10041): Inferred latch for "Ram[16][7]" at datamem.v(30) File: D:/Quartus_18.1-ProPlus/S-json/SingleCPU/SingleCPU/AMycpu/datamem.v Line: 30
Info (10041): Inferred latch for "Ram[15][0]" at datamem.v(30) File: D:/Quartus_18.1-ProPlus/S-json/SingleCPU/SingleCPU/AMycpu/datamem.v Line: 30
Info (10041): Inferred latch for "Ram[15][1]" at datamem.v(30) File: D:/Quartus_18.1-ProPlus/S-json/SingleCPU/SingleCPU/AMycpu/datamem.v Line: 30
Info (10041): Inferred latch for "Ram[15][2]" at datamem.v(30) File: D:/Quartus_18.1-ProPlus/S-json/SingleCPU/SingleCPU/AMycpu/datamem.v Line: 30
Info (10041): Inferred latch for "Ram[15][3]" at datamem.v(30) File: D:/Quartus_18.1-ProPlus/S-json/SingleCPU/SingleCPU/AMycpu/datamem.v Line: 30
Info (10041): Inferred latch for "Ram[15][4]" at datamem.v(30) File: D:/Quartus_18.1-ProPlus/S-json/SingleCPU/SingleCPU/AMycpu/datamem.v Line: 30
Info (10041): Inferred latch for "Ram[15][5]" at datamem.v(30) File: D:/Quartus_18.1-ProPlus/S-json/SingleCPU/SingleCPU/AMycpu/datamem.v Line: 30
Info (10041): Inferred latch for "Ram[15][6]" at datamem.v(30) File: D:/Quartus_18.1-ProPlus/S-json/SingleCPU/SingleCPU/AMycpu/datamem.v Line: 30
Info (10041): Inferred latch for "Ram[15][7]" at datamem.v(30) File: D:/Quartus_18.1-ProPlus/S-json/SingleCPU/SingleCPU/AMycpu/datamem.v Line: 30
Info (10041): Inferred latch for "Ram[14][0]" at datamem.v(30) File: D:/Quartus_18.1-ProPlus/S-json/SingleCPU/SingleCPU/AMycpu/datamem.v Line: 30
Info (10041): Inferred latch for "Ram[14][1]" at datamem.v(30) File: D:/Quartus_18.1-ProPlus/S-json/SingleCPU/SingleCPU/AMycpu/datamem.v Line: 30
Info (10041): Inferred latch for "Ram[14][2]" at datamem.v(30) File: D:/Quartus_18.1-ProPlus/S-json/SingleCPU/SingleCPU/AMycpu/datamem.v Line: 30
Info (10041): Inferred latch for "Ram[14][3]" at datamem.v(30) File: D:/Quartus_18.1-ProPlus/S-json/SingleCPU/SingleCPU/AMycpu/datamem.v Line: 30
Info (10041): Inferred latch for "Ram[14][4]" at datamem.v(30) File: D:/Quartus_18.1-ProPlus/S-json/SingleCPU/SingleCPU/AMycpu/datamem.v Line: 30
Info (10041): Inferred latch for "Ram[14][5]" at datamem.v(30) File: D:/Quartus_18.1-ProPlus/S-json/SingleCPU/SingleCPU/AMycpu/datamem.v Line: 30
Info (10041): Inferred latch for "Ram[14][6]" at datamem.v(30) File: D:/Quartus_18.1-ProPlus/S-json/SingleCPU/SingleCPU/AMycpu/datamem.v Line: 30
Info (10041): Inferred latch for "Ram[14][7]" at datamem.v(30) File: D:/Quartus_18.1-ProPlus/S-json/SingleCPU/SingleCPU/AMycpu/datamem.v Line: 30
Info (10041): Inferred latch for "Ram[13][0]" at datamem.v(30) File: D:/Quartus_18.1-ProPlus/S-json/SingleCPU/SingleCPU/AMycpu/datamem.v Line: 30
Info (10041): Inferred latch for "Ram[13][1]" at datamem.v(30) File: D:/Quartus_18.1-ProPlus/S-json/SingleCPU/SingleCPU/AMycpu/datamem.v Line: 30
Info (10041): Inferred latch for "Ram[13][2]" at datamem.v(30) File: D:/Quartus_18.1-ProPlus/S-json/SingleCPU/SingleCPU/AMycpu/datamem.v Line: 30
Info (10041): Inferred latch for "Ram[13][3]" at datamem.v(30) File: D:/Quartus_18.1-ProPlus/S-json/SingleCPU/SingleCPU/AMycpu/datamem.v Line: 30
Info (10041): Inferred latch for "Ram[13][4]" at datamem.v(30) File: D:/Quartus_18.1-ProPlus/S-json/SingleCPU/SingleCPU/AMycpu/datamem.v Line: 30
Info (10041): Inferred latch for "Ram[13][5]" at datamem.v(30) File: D:/Quartus_18.1-ProPlus/S-json/SingleCPU/SingleCPU/AMycpu/datamem.v Line: 30
Info (10041): Inferred latch for "Ram[13][6]" at datamem.v(30) File: D:/Quartus_18.1-ProPlus/S-json/SingleCPU/SingleCPU/AMycpu/datamem.v Line: 30
Info (10041): Inferred latch for "Ram[13][7]" at datamem.v(30) File: D:/Quartus_18.1-ProPlus/S-json/SingleCPU/SingleCPU/AMycpu/datamem.v Line: 30
Info (10041): Inferred latch for "Ram[12][0]" at datamem.v(30) File: D:/Quartus_18.1-ProPlus/S-json/SingleCPU/SingleCPU/AMycpu/datamem.v Line: 30
Info (10041): Inferred latch for "Ram[12][1]" at datamem.v(30) File: D:/Quartus_18.1-ProPlus/S-json/SingleCPU/SingleCPU/AMycpu/datamem.v Line: 30
Info (10041): Inferred latch for "Ram[12][2]" at datamem.v(30) File: D:/Quartus_18.1-ProPlus/S-json/SingleCPU/SingleCPU/AMycpu/datamem.v Line: 30
Info (10041): Inferred latch for "Ram[12][3]" at datamem.v(30) File: D:/Quartus_18.1-ProPlus/S-json/SingleCPU/SingleCPU/AMycpu/datamem.v Line: 30
Info (10041): Inferred latch for "Ram[12][4]" at datamem.v(30) File: D:/Quartus_18.1-ProPlus/S-json/SingleCPU/SingleCPU/AMycpu/datamem.v Line: 30
Info (10041): Inferred latch for "Ram[12][5]" at datamem.v(30) File: D:/Quartus_18.1-ProPlus/S-json/SingleCPU/SingleCPU/AMycpu/datamem.v Line: 30
Info (10041): Inferred latch for "Ram[12][6]" at datamem.v(30) File: D:/Quartus_18.1-ProPlus/S-json/SingleCPU/SingleCPU/AMycpu/datamem.v Line: 30
Info (10041): Inferred latch for "Ram[12][7]" at datamem.v(30) File: D:/Quartus_18.1-ProPlus/S-json/SingleCPU/SingleCPU/AMycpu/datamem.v Line: 30
Info (10041): Inferred latch for "Ram[11][0]" at datamem.v(30) File: D:/Quartus_18.1-ProPlus/S-json/SingleCPU/SingleCPU/AMycpu/datamem.v Line: 30
Info (10041): Inferred latch for "Ram[11][1]" at datamem.v(30) File: D:/Quartus_18.1-ProPlus/S-json/SingleCPU/SingleCPU/AMycpu/datamem.v Line: 30
Info (10041): Inferred latch for "Ram[11][2]" at datamem.v(30) File: D:/Quartus_18.1-ProPlus/S-json/SingleCPU/SingleCPU/AMycpu/datamem.v Line: 30
Info (10041): Inferred latch for "Ram[11][3]" at datamem.v(30) File: D:/Quartus_18.1-ProPlus/S-json/SingleCPU/SingleCPU/AMycpu/datamem.v Line: 30
Info (10041): Inferred latch for "Ram[11][4]" at datamem.v(30) File: D:/Quartus_18.1-ProPlus/S-json/SingleCPU/SingleCPU/AMycpu/datamem.v Line: 30
Info (10041): Inferred latch for "Ram[11][5]" at datamem.v(30) File: D:/Quartus_18.1-ProPlus/S-json/SingleCPU/SingleCPU/AMycpu/datamem.v Line: 30
Info (10041): Inferred latch for "Ram[11][6]" at datamem.v(30) File: D:/Quartus_18.1-ProPlus/S-json/SingleCPU/SingleCPU/AMycpu/datamem.v Line: 30
Info (10041): Inferred latch for "Ram[11][7]" at datamem.v(30) File: D:/Quartus_18.1-ProPlus/S-json/SingleCPU/SingleCPU/AMycpu/datamem.v Line: 30
Info (10041): Inferred latch for "Ram[10][0]" at datamem.v(30) File: D:/Quartus_18.1-ProPlus/S-json/SingleCPU/SingleCPU/AMycpu/datamem.v Line: 30
Info (10041): Inferred latch for "Ram[10][1]" at datamem.v(30) File: D:/Quartus_18.1-ProPlus/S-json/SingleCPU/SingleCPU/AMycpu/datamem.v Line: 30
Info (10041): Inferred latch for "Ram[10][2]" at datamem.v(30) File: D:/Quartus_18.1-ProPlus/S-json/SingleCPU/SingleCPU/AMycpu/datamem.v Line: 30
Info (10041): Inferred latch for "Ram[10][3]" at datamem.v(30) File: D:/Quartus_18.1-ProPlus/S-json/SingleCPU/SingleCPU/AMycpu/datamem.v Line: 30
Info (10041): Inferred latch for "Ram[10][4]" at datamem.v(30) File: D:/Quartus_18.1-ProPlus/S-json/SingleCPU/SingleCPU/AMycpu/datamem.v Line: 30
Info (10041): Inferred latch for "Ram[10][5]" at datamem.v(30) File: D:/Quartus_18.1-ProPlus/S-json/SingleCPU/SingleCPU/AMycpu/datamem.v Line: 30
Info (10041): Inferred latch for "Ram[10][6]" at datamem.v(30) File: D:/Quartus_18.1-ProPlus/S-json/SingleCPU/SingleCPU/AMycpu/datamem.v Line: 30
Info (10041): Inferred latch for "Ram[10][7]" at datamem.v(30) File: D:/Quartus_18.1-ProPlus/S-json/SingleCPU/SingleCPU/AMycpu/datamem.v Line: 30
Info (10041): Inferred latch for "Ram[9][0]" at datamem.v(30) File: D:/Quartus_18.1-ProPlus/S-json/SingleCPU/SingleCPU/AMycpu/datamem.v Line: 30
Info (10041): Inferred latch for "Ram[9][1]" at datamem.v(30) File: D:/Quartus_18.1-ProPlus/S-json/SingleCPU/SingleCPU/AMycpu/datamem.v Line: 30
Info (10041): Inferred latch for "Ram[9][2]" at datamem.v(30) File: D:/Quartus_18.1-ProPlus/S-json/SingleCPU/SingleCPU/AMycpu/datamem.v Line: 30
Info (10041): Inferred latch for "Ram[9][3]" at datamem.v(30) File: D:/Quartus_18.1-ProPlus/S-json/SingleCPU/SingleCPU/AMycpu/datamem.v Line: 30
Info (10041): Inferred latch for "Ram[9][4]" at datamem.v(30) File: D:/Quartus_18.1-ProPlus/S-json/SingleCPU/SingleCPU/AMycpu/datamem.v Line: 30
Info (10041): Inferred latch for "Ram[9][5]" at datamem.v(30) File: D:/Quartus_18.1-ProPlus/S-json/SingleCPU/SingleCPU/AMycpu/datamem.v Line: 30
Info (10041): Inferred latch for "Ram[9][6]" at datamem.v(30) File: D:/Quartus_18.1-ProPlus/S-json/SingleCPU/SingleCPU/AMycpu/datamem.v Line: 30
Info (10041): Inferred latch for "Ram[9][7]" at datamem.v(30) File: D:/Quartus_18.1-ProPlus/S-json/SingleCPU/SingleCPU/AMycpu/datamem.v Line: 30
Info (10041): Inferred latch for "Ram[8][0]" at datamem.v(30) File: D:/Quartus_18.1-ProPlus/S-json/SingleCPU/SingleCPU/AMycpu/datamem.v Line: 30
Info (10041): Inferred latch for "Ram[8][1]" at datamem.v(30) File: D:/Quartus_18.1-ProPlus/S-json/SingleCPU/SingleCPU/AMycpu/datamem.v Line: 30
Info (10041): Inferred latch for "Ram[8][2]" at datamem.v(30) File: D:/Quartus_18.1-ProPlus/S-json/SingleCPU/SingleCPU/AMycpu/datamem.v Line: 30
Info (10041): Inferred latch for "Ram[8][3]" at datamem.v(30) File: D:/Quartus_18.1-ProPlus/S-json/SingleCPU/SingleCPU/AMycpu/datamem.v Line: 30
Info (10041): Inferred latch for "Ram[8][4]" at datamem.v(30) File: D:/Quartus_18.1-ProPlus/S-json/SingleCPU/SingleCPU/AMycpu/datamem.v Line: 30
Info (10041): Inferred latch for "Ram[8][5]" at datamem.v(30) File: D:/Quartus_18.1-ProPlus/S-json/SingleCPU/SingleCPU/AMycpu/datamem.v Line: 30
Info (10041): Inferred latch for "Ram[8][6]" at datamem.v(30) File: D:/Quartus_18.1-ProPlus/S-json/SingleCPU/SingleCPU/AMycpu/datamem.v Line: 30
Info (10041): Inferred latch for "Ram[8][7]" at datamem.v(30) File: D:/Quartus_18.1-ProPlus/S-json/SingleCPU/SingleCPU/AMycpu/datamem.v Line: 30
Info (10041): Inferred latch for "Ram[7][0]" at datamem.v(30) File: D:/Quartus_18.1-ProPlus/S-json/SingleCPU/SingleCPU/AMycpu/datamem.v Line: 30
Info (10041): Inferred latch for "Ram[7][1]" at datamem.v(30) File: D:/Quartus_18.1-ProPlus/S-json/SingleCPU/SingleCPU/AMycpu/datamem.v Line: 30
Info (10041): Inferred latch for "Ram[7][2]" at datamem.v(30) File: D:/Quartus_18.1-ProPlus/S-json/SingleCPU/SingleCPU/AMycpu/datamem.v Line: 30
Info (10041): Inferred latch for "Ram[7][3]" at datamem.v(30) File: D:/Quartus_18.1-ProPlus/S-json/SingleCPU/SingleCPU/AMycpu/datamem.v Line: 30
Info (10041): Inferred latch for "Ram[7][4]" at datamem.v(30) File: D:/Quartus_18.1-ProPlus/S-json/SingleCPU/SingleCPU/AMycpu/datamem.v Line: 30
Info (10041): Inferred latch for "Ram[7][5]" at datamem.v(30) File: D:/Quartus_18.1-ProPlus/S-json/SingleCPU/SingleCPU/AMycpu/datamem.v Line: 30
Info (10041): Inferred latch for "Ram[7][6]" at datamem.v(30) File: D:/Quartus_18.1-ProPlus/S-json/SingleCPU/SingleCPU/AMycpu/datamem.v Line: 30
Info (10041): Inferred latch for "Ram[7][7]" at datamem.v(30) File: D:/Quartus_18.1-ProPlus/S-json/SingleCPU/SingleCPU/AMycpu/datamem.v Line: 30
Info (10041): Inferred latch for "Ram[6][0]" at datamem.v(30) File: D:/Quartus_18.1-ProPlus/S-json/SingleCPU/SingleCPU/AMycpu/datamem.v Line: 30
Info (10041): Inferred latch for "Ram[6][1]" at datamem.v(30) File: D:/Quartus_18.1-ProPlus/S-json/SingleCPU/SingleCPU/AMycpu/datamem.v Line: 30
Info (10041): Inferred latch for "Ram[6][2]" at datamem.v(30) File: D:/Quartus_18.1-ProPlus/S-json/SingleCPU/SingleCPU/AMycpu/datamem.v Line: 30
Info (10041): Inferred latch for "Ram[6][3]" at datamem.v(30) File: D:/Quartus_18.1-ProPlus/S-json/SingleCPU/SingleCPU/AMycpu/datamem.v Line: 30
Info (10041): Inferred latch for "Ram[6][4]" at datamem.v(30) File: D:/Quartus_18.1-ProPlus/S-json/SingleCPU/SingleCPU/AMycpu/datamem.v Line: 30
Info (10041): Inferred latch for "Ram[6][5]" at datamem.v(30) File: D:/Quartus_18.1-ProPlus/S-json/SingleCPU/SingleCPU/AMycpu/datamem.v Line: 30
Info (10041): Inferred latch for "Ram[6][6]" at datamem.v(30) File: D:/Quartus_18.1-ProPlus/S-json/SingleCPU/SingleCPU/AMycpu/datamem.v Line: 30
Info (10041): Inferred latch for "Ram[6][7]" at datamem.v(30) File: D:/Quartus_18.1-ProPlus/S-json/SingleCPU/SingleCPU/AMycpu/datamem.v Line: 30
Info (10041): Inferred latch for "Ram[5][0]" at datamem.v(30) File: D:/Quartus_18.1-ProPlus/S-json/SingleCPU/SingleCPU/AMycpu/datamem.v Line: 30
Info (10041): Inferred latch for "Ram[5][1]" at datamem.v(30) File: D:/Quartus_18.1-ProPlus/S-json/SingleCPU/SingleCPU/AMycpu/datamem.v Line: 30
Info (10041): Inferred latch for "Ram[5][2]" at datamem.v(30) File: D:/Quartus_18.1-ProPlus/S-json/SingleCPU/SingleCPU/AMycpu/datamem.v Line: 30
Info (10041): Inferred latch for "Ram[5][3]" at datamem.v(30) File: D:/Quartus_18.1-ProPlus/S-json/SingleCPU/SingleCPU/AMycpu/datamem.v Line: 30
Info (10041): Inferred latch for "Ram[5][4]" at datamem.v(30) File: D:/Quartus_18.1-ProPlus/S-json/SingleCPU/SingleCPU/AMycpu/datamem.v Line: 30
Info (10041): Inferred latch for "Ram[5][5]" at datamem.v(30) File: D:/Quartus_18.1-ProPlus/S-json/SingleCPU/SingleCPU/AMycpu/datamem.v Line: 30
Info (10041): Inferred latch for "Ram[5][6]" at datamem.v(30) File: D:/Quartus_18.1-ProPlus/S-json/SingleCPU/SingleCPU/AMycpu/datamem.v Line: 30
Info (10041): Inferred latch for "Ram[5][7]" at datamem.v(30) File: D:/Quartus_18.1-ProPlus/S-json/SingleCPU/SingleCPU/AMycpu/datamem.v Line: 30
Info (10041): Inferred latch for "Ram[4][0]" at datamem.v(30) File: D:/Quartus_18.1-ProPlus/S-json/SingleCPU/SingleCPU/AMycpu/datamem.v Line: 30
Info (10041): Inferred latch for "Ram[4][1]" at datamem.v(30) File: D:/Quartus_18.1-ProPlus/S-json/SingleCPU/SingleCPU/AMycpu/datamem.v Line: 30
Info (10041): Inferred latch for "Ram[4][2]" at datamem.v(30) File: D:/Quartus_18.1-ProPlus/S-json/SingleCPU/SingleCPU/AMycpu/datamem.v Line: 30
Info (10041): Inferred latch for "Ram[4][3]" at datamem.v(30) File: D:/Quartus_18.1-ProPlus/S-json/SingleCPU/SingleCPU/AMycpu/datamem.v Line: 30
Info (10041): Inferred latch for "Ram[4][4]" at datamem.v(30) File: D:/Quartus_18.1-ProPlus/S-json/SingleCPU/SingleCPU/AMycpu/datamem.v Line: 30
Info (10041): Inferred latch for "Ram[4][5]" at datamem.v(30) File: D:/Quartus_18.1-ProPlus/S-json/SingleCPU/SingleCPU/AMycpu/datamem.v Line: 30
Info (10041): Inferred latch for "Ram[4][6]" at datamem.v(30) File: D:/Quartus_18.1-ProPlus/S-json/SingleCPU/SingleCPU/AMycpu/datamem.v Line: 30
Info (10041): Inferred latch for "Ram[4][7]" at datamem.v(30) File: D:/Quartus_18.1-ProPlus/S-json/SingleCPU/SingleCPU/AMycpu/datamem.v Line: 30
Info (10041): Inferred latch for "Ram[3][0]" at datamem.v(30) File: D:/Quartus_18.1-ProPlus/S-json/SingleCPU/SingleCPU/AMycpu/datamem.v Line: 30
Info (10041): Inferred latch for "Ram[3][1]" at datamem.v(30) File: D:/Quartus_18.1-ProPlus/S-json/SingleCPU/SingleCPU/AMycpu/datamem.v Line: 30
Info (10041): Inferred latch for "Ram[3][2]" at datamem.v(30) File: D:/Quartus_18.1-ProPlus/S-json/SingleCPU/SingleCPU/AMycpu/datamem.v Line: 30
Info (10041): Inferred latch for "Ram[3][3]" at datamem.v(30) File: D:/Quartus_18.1-ProPlus/S-json/SingleCPU/SingleCPU/AMycpu/datamem.v Line: 30
Info (10041): Inferred latch for "Ram[3][4]" at datamem.v(30) File: D:/Quartus_18.1-ProPlus/S-json/SingleCPU/SingleCPU/AMycpu/datamem.v Line: 30
Info (10041): Inferred latch for "Ram[3][5]" at datamem.v(30) File: D:/Quartus_18.1-ProPlus/S-json/SingleCPU/SingleCPU/AMycpu/datamem.v Line: 30
Info (10041): Inferred latch for "Ram[3][6]" at datamem.v(30) File: D:/Quartus_18.1-ProPlus/S-json/SingleCPU/SingleCPU/AMycpu/datamem.v Line: 30
Info (10041): Inferred latch for "Ram[3][7]" at datamem.v(30) File: D:/Quartus_18.1-ProPlus/S-json/SingleCPU/SingleCPU/AMycpu/datamem.v Line: 30
Info (10041): Inferred latch for "Ram[2][0]" at datamem.v(30) File: D:/Quartus_18.1-ProPlus/S-json/SingleCPU/SingleCPU/AMycpu/datamem.v Line: 30
Info (10041): Inferred latch for "Ram[2][1]" at datamem.v(30) File: D:/Quartus_18.1-ProPlus/S-json/SingleCPU/SingleCPU/AMycpu/datamem.v Line: 30
Info (10041): Inferred latch for "Ram[2][2]" at datamem.v(30) File: D:/Quartus_18.1-ProPlus/S-json/SingleCPU/SingleCPU/AMycpu/datamem.v Line: 30
Info (10041): Inferred latch for "Ram[2][3]" at datamem.v(30) File: D:/Quartus_18.1-ProPlus/S-json/SingleCPU/SingleCPU/AMycpu/datamem.v Line: 30
Info (10041): Inferred latch for "Ram[2][4]" at datamem.v(30) File: D:/Quartus_18.1-ProPlus/S-json/SingleCPU/SingleCPU/AMycpu/datamem.v Line: 30
Info (10041): Inferred latch for "Ram[2][5]" at datamem.v(30) File: D:/Quartus_18.1-ProPlus/S-json/SingleCPU/SingleCPU/AMycpu/datamem.v Line: 30
Info (10041): Inferred latch for "Ram[2][6]" at datamem.v(30) File: D:/Quartus_18.1-ProPlus/S-json/SingleCPU/SingleCPU/AMycpu/datamem.v Line: 30
Info (10041): Inferred latch for "Ram[2][7]" at datamem.v(30) File: D:/Quartus_18.1-ProPlus/S-json/SingleCPU/SingleCPU/AMycpu/datamem.v Line: 30
Info (10041): Inferred latch for "Ram[1][0]" at datamem.v(30) File: D:/Quartus_18.1-ProPlus/S-json/SingleCPU/SingleCPU/AMycpu/datamem.v Line: 30
Info (10041): Inferred latch for "Ram[1][1]" at datamem.v(30) File: D:/Quartus_18.1-ProPlus/S-json/SingleCPU/SingleCPU/AMycpu/datamem.v Line: 30
Info (10041): Inferred latch for "Ram[1][2]" at datamem.v(30) File: D:/Quartus_18.1-ProPlus/S-json/SingleCPU/SingleCPU/AMycpu/datamem.v Line: 30
Info (10041): Inferred latch for "Ram[1][3]" at datamem.v(30) File: D:/Quartus_18.1-ProPlus/S-json/SingleCPU/SingleCPU/AMycpu/datamem.v Line: 30
Info (10041): Inferred latch for "Ram[1][4]" at datamem.v(30) File: D:/Quartus_18.1-ProPlus/S-json/SingleCPU/SingleCPU/AMycpu/datamem.v Line: 30
Info (10041): Inferred latch for "Ram[1][5]" at datamem.v(30) File: D:/Quartus_18.1-ProPlus/S-json/SingleCPU/SingleCPU/AMycpu/datamem.v Line: 30
Info (10041): Inferred latch for "Ram[1][6]" at datamem.v(30) File: D:/Quartus_18.1-ProPlus/S-json/SingleCPU/SingleCPU/AMycpu/datamem.v Line: 30
Info (10041): Inferred latch for "Ram[1][7]" at datamem.v(30) File: D:/Quartus_18.1-ProPlus/S-json/SingleCPU/SingleCPU/AMycpu/datamem.v Line: 30
Info (10041): Inferred latch for "Ram[0][0]" at datamem.v(30) File: D:/Quartus_18.1-ProPlus/S-json/SingleCPU/SingleCPU/AMycpu/datamem.v Line: 30
Info (10041): Inferred latch for "Ram[0][1]" at datamem.v(30) File: D:/Quartus_18.1-ProPlus/S-json/SingleCPU/SingleCPU/AMycpu/datamem.v Line: 30
Info (10041): Inferred latch for "Ram[0][2]" at datamem.v(30) File: D:/Quartus_18.1-ProPlus/S-json/SingleCPU/SingleCPU/AMycpu/datamem.v Line: 30
Info (10041): Inferred latch for "Ram[0][3]" at datamem.v(30) File: D:/Quartus_18.1-ProPlus/S-json/SingleCPU/SingleCPU/AMycpu/datamem.v Line: 30
Info (10041): Inferred latch for "Ram[0][4]" at datamem.v(30) File: D:/Quartus_18.1-ProPlus/S-json/SingleCPU/SingleCPU/AMycpu/datamem.v Line: 30
Info (10041): Inferred latch for "Ram[0][5]" at datamem.v(30) File: D:/Quartus_18.1-ProPlus/S-json/SingleCPU/SingleCPU/AMycpu/datamem.v Line: 30
Info (10041): Inferred latch for "Ram[0][6]" at datamem.v(30) File: D:/Quartus_18.1-ProPlus/S-json/SingleCPU/SingleCPU/AMycpu/datamem.v Line: 30
Info (10041): Inferred latch for "Ram[0][7]" at datamem.v(30) File: D:/Quartus_18.1-ProPlus/S-json/SingleCPU/SingleCPU/AMycpu/datamem.v Line: 30
Info (10041): Inferred latch for "Mout[0]" at datamem.v(21) File: D:/Quartus_18.1-ProPlus/S-json/SingleCPU/SingleCPU/AMycpu/datamem.v Line: 21
Info (10041): Inferred latch for "Mout[1]" at datamem.v(21) File: D:/Quartus_18.1-ProPlus/S-json/SingleCPU/SingleCPU/AMycpu/datamem.v Line: 21
Info (10041): Inferred latch for "Mout[2]" at datamem.v(21) File: D:/Quartus_18.1-ProPlus/S-json/SingleCPU/SingleCPU/AMycpu/datamem.v Line: 21
Info (10041): Inferred latch for "Mout[3]" at datamem.v(21) File: D:/Quartus_18.1-ProPlus/S-json/SingleCPU/SingleCPU/AMycpu/datamem.v Line: 21
Info (10041): Inferred latch for "Mout[4]" at datamem.v(21) File: D:/Quartus_18.1-ProPlus/S-json/SingleCPU/SingleCPU/AMycpu/datamem.v Line: 21
Info (10041): Inferred latch for "Mout[5]" at datamem.v(21) File: D:/Quartus_18.1-ProPlus/S-json/SingleCPU/SingleCPU/AMycpu/datamem.v Line: 21
Info (10041): Inferred latch for "Mout[6]" at datamem.v(21) File: D:/Quartus_18.1-ProPlus/S-json/SingleCPU/SingleCPU/AMycpu/datamem.v Line: 21
Info (10041): Inferred latch for "Mout[7]" at datamem.v(21) File: D:/Quartus_18.1-ProPlus/S-json/SingleCPU/SingleCPU/AMycpu/datamem.v Line: 21
Info (10041): Inferred latch for "Mout[8]" at datamem.v(21) File: D:/Quartus_18.1-ProPlus/S-json/SingleCPU/SingleCPU/AMycpu/datamem.v Line: 21
Info (10041): Inferred latch for "Mout[9]" at datamem.v(21) File: D:/Quartus_18.1-ProPlus/S-json/SingleCPU/SingleCPU/AMycpu/datamem.v Line: 21
Info (10041): Inferred latch for "Mout[10]" at datamem.v(21) File: D:/Quartus_18.1-ProPlus/S-json/SingleCPU/SingleCPU/AMycpu/datamem.v Line: 21
Info (10041): Inferred latch for "Mout[11]" at datamem.v(21) File: D:/Quartus_18.1-ProPlus/S-json/SingleCPU/SingleCPU/AMycpu/datamem.v Line: 21
Info (10041): Inferred latch for "Mout[12]" at datamem.v(21) File: D:/Quartus_18.1-ProPlus/S-json/SingleCPU/SingleCPU/AMycpu/datamem.v Line: 21
Info (10041): Inferred latch for "Mout[13]" at datamem.v(21) File: D:/Quartus_18.1-ProPlus/S-json/SingleCPU/SingleCPU/AMycpu/datamem.v Line: 21
Info (10041): Inferred latch for "Mout[14]" at datamem.v(21) File: D:/Quartus_18.1-ProPlus/S-json/SingleCPU/SingleCPU/AMycpu/datamem.v Line: 21
Info (10041): Inferred latch for "Mout[15]" at datamem.v(21) File: D:/Quartus_18.1-ProPlus/S-json/SingleCPU/SingleCPU/AMycpu/datamem.v Line: 21
Info (10041): Inferred latch for "Mout[16]" at datamem.v(21) File: D:/Quartus_18.1-ProPlus/S-json/SingleCPU/SingleCPU/AMycpu/datamem.v Line: 21
Info (10041): Inferred latch for "Mout[17]" at datamem.v(21) File: D:/Quartus_18.1-ProPlus/S-json/SingleCPU/SingleCPU/AMycpu/datamem.v Line: 21
Info (10041): Inferred latch for "Mout[18]" at datamem.v(21) File: D:/Quartus_18.1-ProPlus/S-json/SingleCPU/SingleCPU/AMycpu/datamem.v Line: 21
Info (10041): Inferred latch for "Mout[19]" at datamem.v(21) File: D:/Quartus_18.1-ProPlus/S-json/SingleCPU/SingleCPU/AMycpu/datamem.v Line: 21
Info (10041): Inferred latch for "Mout[20]" at datamem.v(21) File: D:/Quartus_18.1-ProPlus/S-json/SingleCPU/SingleCPU/AMycpu/datamem.v Line: 21
Info (10041): Inferred latch for "Mout[21]" at datamem.v(21) File: D:/Quartus_18.1-ProPlus/S-json/SingleCPU/SingleCPU/AMycpu/datamem.v Line: 21
Info (10041): Inferred latch for "Mout[22]" at datamem.v(21) File: D:/Quartus_18.1-ProPlus/S-json/SingleCPU/SingleCPU/AMycpu/datamem.v Line: 21
Info (10041): Inferred latch for "Mout[23]" at datamem.v(21) File: D:/Quartus_18.1-ProPlus/S-json/SingleCPU/SingleCPU/AMycpu/datamem.v Line: 21
Info (10041): Inferred latch for "Mout[24]" at datamem.v(21) File: D:/Quartus_18.1-ProPlus/S-json/SingleCPU/SingleCPU/AMycpu/datamem.v Line: 21
Info (10041): Inferred latch for "Mout[25]" at datamem.v(21) File: D:/Quartus_18.1-ProPlus/S-json/SingleCPU/SingleCPU/AMycpu/datamem.v Line: 21
Info (10041): Inferred latch for "Mout[26]" at datamem.v(21) File: D:/Quartus_18.1-ProPlus/S-json/SingleCPU/SingleCPU/AMycpu/datamem.v Line: 21
Info (10041): Inferred latch for "Mout[27]" at datamem.v(21) File: D:/Quartus_18.1-ProPlus/S-json/SingleCPU/SingleCPU/AMycpu/datamem.v Line: 21
Info (10041): Inferred latch for "Mout[28]" at datamem.v(21) File: D:/Quartus_18.1-ProPlus/S-json/SingleCPU/SingleCPU/AMycpu/datamem.v Line: 21
Info (10041): Inferred latch for "Mout[29]" at datamem.v(21) File: D:/Quartus_18.1-ProPlus/S-json/SingleCPU/SingleCPU/AMycpu/datamem.v Line: 21
Info (10041): Inferred latch for "Mout[30]" at datamem.v(21) File: D:/Quartus_18.1-ProPlus/S-json/SingleCPU/SingleCPU/AMycpu/datamem.v Line: 21
Info (10041): Inferred latch for "Mout[31]" at datamem.v(21) File: D:/Quartus_18.1-ProPlus/S-json/SingleCPU/SingleCPU/AMycpu/datamem.v Line: 21
Info (12128): Elaborating entity "InstructionCut" for hierarchy "InstructionCut:b2v_inst2" File: D:/Quartus_18.1-ProPlus/S-json/SingleCPU/SingleCPU/AMycpu/Cpu.v Line: 159
Warning (12125): Using design file instructionmem.v, which is not specified as a design file for the current project, but contains definitions for 1 design units and 1 entities in project
    Info (12023): Found entity 1: InstructionMem File: D:/Quartus_18.1-ProPlus/S-json/SingleCPU/SingleCPU/AMycpu/instructionmem.v Line: 1
Info (12128): Elaborating entity "InstructionMem" for hierarchy "InstructionMem:b2v_inst3" File: D:/Quartus_18.1-ProPlus/S-json/SingleCPU/SingleCPU/AMycpu/Cpu.v Line: 163
Warning (10030): Net "ram[128..28]" at instructionmem.v(7) has no driver or initial value, using a default initial value '0' File: D:/Quartus_18.1-ProPlus/S-json/SingleCPU/SingleCPU/AMycpu/instructionmem.v Line: 7
Warning (12125): Using design file inputnumber.v, which is not specified as a design file for the current project, but contains definitions for 1 design units and 1 entities in project
    Info (12023): Found entity 1: inputNumber File: D:/Quartus_18.1-ProPlus/S-json/SingleCPU/SingleCPU/AMycpu/inputnumber.v Line: 1
Info (12128): Elaborating entity "inputNumber" for hierarchy "inputNumber:in1" File: D:/Quartus_18.1-ProPlus/S-json/SingleCPU/SingleCPU/AMycpu/Cpu.v Line: 169
Warning (12125): Using design file inputextend.v, which is not specified as a design file for the current project, but contains definitions for 1 design units and 1 entities in project
    Info (12023): Found entity 1: inputextend File: D:/Quartus_18.1-ProPlus/S-json/SingleCPU/SingleCPU/AMycpu/inputextend.v Line: 1
Info (12128): Elaborating entity "inputextend" for hierarchy "inputextend:inex" File: D:/Quartus_18.1-ProPlus/S-json/SingleCPU/SingleCPU/AMycpu/Cpu.v Line: 174
Warning (12125): Using design file pc.v, which is not specified as a design file for the current project, but contains definitions for 1 design units and 1 entities in project
    Info (12023): Found entity 1: Pc File: D:/Quartus_18.1-ProPlus/S-json/SingleCPU/SingleCPU/AMycpu/pc.v Line: 1
Info (12128): Elaborating entity "Pc" for hierarchy "Pc:b2v_inst4" File: D:/Quartus_18.1-ProPlus/S-json/SingleCPU/SingleCPU/AMycpu/Cpu.v Line: 181
Info (12128): Elaborating entity "RegFile" for hierarchy "RegFile:b2v_inst5" File: D:/Quartus_18.1-ProPlus/S-json/SingleCPU/SingleCPU/AMycpu/Cpu.v Line: 193
Warning (12125): Using design file add.v, which is not specified as a design file for the current project, but contains definitions for 1 design units and 1 entities in project
    Info (12023): Found entity 1: Add File: D:/Quartus_18.1-ProPlus/S-json/SingleCPU/SingleCPU/AMycpu/add.v Line: 1
Info (12128): Elaborating entity "Add" for hierarchy "Add:b2v_inst6" File: D:/Quartus_18.1-ProPlus/S-json/SingleCPU/SingleCPU/AMycpu/Cpu.v Line: 198
Warning (12125): Using design file left.v, which is not specified as a design file for the current project, but contains definitions for 1 design units and 1 entities in project
    Info (12023): Found entity 1: Left File: D:/Quartus_18.1-ProPlus/S-json/SingleCPU/SingleCPU/AMycpu/left.v Line: 1
Info (12128): Elaborating entity "Left" for hierarchy "Left:b2v_inst9" File: D:/Quartus_18.1-ProPlus/S-json/SingleCPU/SingleCPU/AMycpu/Cpu.v Line: 204
Warning (12241): 2 hierarchies have connectivity warnings - see the Connectivity Checks report folder
Warning (13012): Latch UnitControl:b2v_inst|ALUOp[1] has unsafe behavior File: D:/Quartus_18.1-ProPlus/S-json/SingleCPU/SingleCPU/AMycpu/unitcontrol.v Line: 74
    Warning (13013): Ports D and ENA on the latch are fed by the same signal Pc:b2v_inst4|curPc[6] File: D:/Quartus_18.1-ProPlus/S-json/SingleCPU/SingleCPU/AMycpu/pc.v Line: 17
Warning (13012): Latch UnitControl:b2v_inst|ALUOp[0] has unsafe behavior File: D:/Quartus_18.1-ProPlus/S-json/SingleCPU/SingleCPU/AMycpu/unitcontrol.v Line: 74
    Warning (13013): Ports D and ENA on the latch are fed by the same signal Pc:b2v_inst4|curPc[6] File: D:/Quartus_18.1-ProPlus/S-json/SingleCPU/SingleCPU/AMycpu/pc.v Line: 17
Warning (13012): Latch UnitControl:b2v_inst|ALUOp[2] has unsafe behavior File: D:/Quartus_18.1-ProPlus/S-json/SingleCPU/SingleCPU/AMycpu/unitcontrol.v Line: 74
    Warning (13013): Ports D and ENA on the latch are fed by the same signal Pc:b2v_inst4|curPc[6] File: D:/Quartus_18.1-ProPlus/S-json/SingleCPU/SingleCPU/AMycpu/pc.v Line: 17
Warning (13012): Latch UnitControl:b2v_inst|ALUOp[3] has unsafe behavior File: D:/Quartus_18.1-ProPlus/S-json/SingleCPU/SingleCPU/AMycpu/unitcontrol.v Line: 74
    Warning (13013): Ports D and ENA on the latch are fed by the same signal Pc:b2v_inst4|curPc[6] File: D:/Quartus_18.1-ProPlus/S-json/SingleCPU/SingleCPU/AMycpu/pc.v Line: 17
Warning (13024): Output pins are stuck at VCC or GND
    Warning (13410): Pin "outputNumber[8]" is stuck at GND File: D:/Quartus_18.1-ProPlus/S-json/SingleCPU/SingleCPU/AMycpu/Cpu.v Line: 9
    Warning (13410): Pin "outputNumber[9]" is stuck at GND File: D:/Quartus_18.1-ProPlus/S-json/SingleCPU/SingleCPU/AMycpu/Cpu.v Line: 9
    Warning (13410): Pin "outputNumber[10]" is stuck at GND File: D:/Quartus_18.1-ProPlus/S-json/SingleCPU/SingleCPU/AMycpu/Cpu.v Line: 9
    Warning (13410): Pin "outputNumber[11]" is stuck at GND File: D:/Quartus_18.1-ProPlus/S-json/SingleCPU/SingleCPU/AMycpu/Cpu.v Line: 9
    Warning (13410): Pin "outputNumber[12]" is stuck at GND File: D:/Quartus_18.1-ProPlus/S-json/SingleCPU/SingleCPU/AMycpu/Cpu.v Line: 9
    Warning (13410): Pin "outputNumber[13]" is stuck at GND File: D:/Quartus_18.1-ProPlus/S-json/SingleCPU/SingleCPU/AMycpu/Cpu.v Line: 9
    Warning (13410): Pin "outputNumber[14]" is stuck at GND File: D:/Quartus_18.1-ProPlus/S-json/SingleCPU/SingleCPU/AMycpu/Cpu.v Line: 9
    Warning (13410): Pin "outputNumber[15]" is stuck at GND File: D:/Quartus_18.1-ProPlus/S-json/SingleCPU/SingleCPU/AMycpu/Cpu.v Line: 9
    Warning (13410): Pin "outputNumber[16]" is stuck at GND File: D:/Quartus_18.1-ProPlus/S-json/SingleCPU/SingleCPU/AMycpu/Cpu.v Line: 9
    Warning (13410): Pin "outputNumber[17]" is stuck at GND File: D:/Quartus_18.1-ProPlus/S-json/SingleCPU/SingleCPU/AMycpu/Cpu.v Line: 9
    Warning (13410): Pin "outputNumber[18]" is stuck at GND File: D:/Quartus_18.1-ProPlus/S-json/SingleCPU/SingleCPU/AMycpu/Cpu.v Line: 9
    Warning (13410): Pin "outputNumber[19]" is stuck at GND File: D:/Quartus_18.1-ProPlus/S-json/SingleCPU/SingleCPU/AMycpu/Cpu.v Line: 9
    Warning (13410): Pin "outputNumber[20]" is stuck at GND File: D:/Quartus_18.1-ProPlus/S-json/SingleCPU/SingleCPU/AMycpu/Cpu.v Line: 9
    Warning (13410): Pin "outputNumber[21]" is stuck at GND File: D:/Quartus_18.1-ProPlus/S-json/SingleCPU/SingleCPU/AMycpu/Cpu.v Line: 9
    Warning (13410): Pin "outputNumber[22]" is stuck at GND File: D:/Quartus_18.1-ProPlus/S-json/SingleCPU/SingleCPU/AMycpu/Cpu.v Line: 9
    Warning (13410): Pin "outputNumber[23]" is stuck at GND File: D:/Quartus_18.1-ProPlus/S-json/SingleCPU/SingleCPU/AMycpu/Cpu.v Line: 9
    Warning (13410): Pin "outputNumber[24]" is stuck at GND File: D:/Quartus_18.1-ProPlus/S-json/SingleCPU/SingleCPU/AMycpu/Cpu.v Line: 9
    Warning (13410): Pin "outputNumber[25]" is stuck at GND File: D:/Quartus_18.1-ProPlus/S-json/SingleCPU/SingleCPU/AMycpu/Cpu.v Line: 9
    Warning (13410): Pin "outputNumber[26]" is stuck at GND File: D:/Quartus_18.1-ProPlus/S-json/SingleCPU/SingleCPU/AMycpu/Cpu.v Line: 9
    Warning (13410): Pin "outputNumber[27]" is stuck at GND File: D:/Quartus_18.1-ProPlus/S-json/SingleCPU/SingleCPU/AMycpu/Cpu.v Line: 9
    Warning (13410): Pin "outputNumber[28]" is stuck at GND File: D:/Quartus_18.1-ProPlus/S-json/SingleCPU/SingleCPU/AMycpu/Cpu.v Line: 9
    Warning (13410): Pin "outputNumber[29]" is stuck at GND File: D:/Quartus_18.1-ProPlus/S-json/SingleCPU/SingleCPU/AMycpu/Cpu.v Line: 9
    Warning (13410): Pin "outputNumber[30]" is stuck at GND File: D:/Quartus_18.1-ProPlus/S-json/SingleCPU/SingleCPU/AMycpu/Cpu.v Line: 9
    Warning (13410): Pin "outputNumber[31]" is stuck at GND File: D:/Quartus_18.1-ProPlus/S-json/SingleCPU/SingleCPU/AMycpu/Cpu.v Line: 9
Info (286030): Timing-Driven Synthesis is running
Info (17049): 792 registers lost all their fanouts during netlist optimizations.
Info (16010): Generating hard_block partition "hard_block:auto_generated_inst"
    Info (16011): Adding 0 node(s), including 0 DDIO, 0 PLL, 0 transceiver and 0 LCELL
Info (21057): Implemented 980 device resources after synthesis - the final resource count might be different
    Info (21058): Implemented 11 input pins
    Info (21059): Implemented 160 output pins
    Info (21061): Implemented 807 logic cells
    Info (21062): Implemented 2 DSP elements
Info: Quartus Prime Analysis & Synthesis was successful. 0 errors, 64 warnings
    Info: Peak virtual memory: 4888 megabytes
    Info: Processing ended: Wed Nov 27 10:23:44 2024
    Info: Elapsed time: 00:00:10
    Info: Total CPU time (on all processors): 00:00:16


