Fitter report for Cpu
Wed Nov 27 10:26:56 2024
Quartus Prime Version 18.1.0 Build 625 09/12/2018 SJ Standard Edition


---------------------
; Table of Contents ;
---------------------
  1. Legal Notice
  2. Fitter Summary
  3. Fitter Settings
  4. Parallel Compilation
  5. Fitter Netlist Optimizations
  6. Incremental Compilation Preservation Summary
  7. Incremental Compilation Partition Settings
  8. Incremental Compilation Placement Preservation
  9. Pin-Out File
 10. Fitter Resource Usage Summary
 11. Fitter Partition Statistics
 12. Input Pins
 13. Output Pins
 14. I/O Bank Usage
 15. All Package Pins
 16. I/O Assignment Warnings
 17. Fitter Resource Utilization by Entity
 18. Delay Chain Summary
 19. Pad To Core Delay Chain Fanout
 20. Control Signals
 21. Global & Other Fast Signals
 22. Fitter DSP Block Usage Summary
 23. DSP Block Details
 24. Routing Usage Summary
 25. I/O Rules Summary
 26. I/O Rules Details
 27. I/O Rules Matrix
 28. Fitter Device Options
 29. Operating Settings and Conditions
 30. Estimated Delay Added for Hold Timing Summary
 31. Estimated Delay Added for Hold Timing Details
 32. Fitter Messages
 33. Fitter Suppressed Messages



----------------
; Legal Notice ;
----------------
Copyright (C) 2018  Intel Corporation. All rights reserved.
Your use of Intel Corporation's design tools, logic functions 
and other software and tools, and its AMPP partner logic 
functions, and any output files from any of the foregoing 
(including device programming or simulation files), and any 
associated documentation or information are expressly subject 
to the terms and conditions of the Intel Program License 
Subscription Agreement, the Intel Quartus Prime License Agreement,
the Intel FPGA IP License Agreement, or other applicable license
agreement, including, without limitation, that your use is for
the sole purpose of programming logic devices manufactured by
Intel and sold by Intel or its authorized distributors.  Please
refer to the applicable agreement for further details.



+-----------------------------------------------------------------------------------+
; Fitter Summary                                                                    ;
+---------------------------------+-------------------------------------------------+
; Fitter Status                   ; Successful - Wed Nov 27 10:26:56 2024           ;
; Quartus Prime Version           ; 18.1.0 Build 625 09/12/2018 SJ Standard Edition ;
; Revision Name                   ; Cpu                                             ;
; Top-level Entity Name           ; Cpu                                             ;
; Family                          ; Cyclone V                                       ;
; Device                          ; 5CSXFC6D6F31C6                                  ;
; Timing Models                   ; Final                                           ;
; Logic utilization (in ALMs)     ; 434 / 41,910 ( 1 % )                            ;
; Total registers                 ; 110                                             ;
; Total pins                      ; 171 / 499 ( 34 % )                              ;
; Total virtual pins              ; 0                                               ;
; Total block memory bits         ; 0 / 5,662,720 ( 0 % )                           ;
; Total RAM Blocks                ; 0 / 553 ( 0 % )                                 ;
; Total DSP Blocks                ; 2 / 112 ( 2 % )                                 ;
; Total HSSI RX PCSs              ; 0 / 9 ( 0 % )                                   ;
; Total HSSI PMA RX Deserializers ; 0 / 9 ( 0 % )                                   ;
; Total HSSI TX PCSs              ; 0 / 9 ( 0 % )                                   ;
; Total HSSI PMA TX Serializers   ; 0 / 9 ( 0 % )                                   ;
; Total PLLs                      ; 0 / 15 ( 0 % )                                  ;
; Total DLLs                      ; 0 / 4 ( 0 % )                                   ;
+---------------------------------+-------------------------------------------------+


+----------------------------------------------------------------------------------------------------------------------------------+
; Fitter Settings                                                                                                                  ;
+--------------------------------------------------------------------+---------------------+---------------------------------------+
; Option                                                             ; Setting             ; Default Value                         ;
+--------------------------------------------------------------------+---------------------+---------------------------------------+
; Device                                                             ; 5CSXFC6D6F31C6      ;                                       ;
; Minimum Core Junction Temperature                                  ; 0                   ;                                       ;
; Maximum Core Junction Temperature                                  ; 85                  ;                                       ;
; Device I/O Standard                                                ; 2.5 V               ;                                       ;
; Reserve all unused pins                                            ; As input tri-stated ; As input tri-stated with weak pull-up ;
; Use smart compilation                                              ; Off                 ; Off                                   ;
; Enable parallel Assembler and Timing Analyzer during compilation   ; On                  ; On                                    ;
; Enable compact report table                                        ; Off                 ; Off                                   ;
; Router Timing Optimization Level                                   ; Normal              ; Normal                                ;
; Perform Clocking Topology Analysis During Routing                  ; Off                 ; Off                                   ;
; Placement Effort Multiplier                                        ; 1.0                 ; 1.0                                   ;
; Device initialization clock source                                 ; INIT_INTOSC         ; INIT_INTOSC                           ;
; Optimize Hold Timing                                               ; All Paths           ; All Paths                             ;
; Optimize Multi-Corner Timing                                       ; On                  ; On                                    ;
; Auto RAM to MLAB Conversion                                        ; On                  ; On                                    ;
; Equivalent RAM and MLAB Power Up                                   ; Auto                ; Auto                                  ;
; Equivalent RAM and MLAB Paused Read Capabilities                   ; Care                ; Care                                  ;
; Power Optimization During Fitting                                  ; Normal compilation  ; Normal compilation                    ;
; SSN Optimization                                                   ; Off                 ; Off                                   ;
; Optimize Timing                                                    ; Normal compilation  ; Normal compilation                    ;
; Optimize Timing for ECOs                                           ; Off                 ; Off                                   ;
; Regenerate Full Fit Report During ECO Compiles                     ; Off                 ; Off                                   ;
; Optimize IOC Register Placement for Timing                         ; Normal              ; Normal                                ;
; Final Placement Optimizations                                      ; Automatically       ; Automatically                         ;
; Fitter Aggressive Routability Optimizations                        ; Automatically       ; Automatically                         ;
; Fitter Initial Placement Seed                                      ; 1                   ; 1                                     ;
; Periphery to Core Placement and Routing Optimization               ; Off                 ; Off                                   ;
; Weak Pull-Up Resistor                                              ; Off                 ; Off                                   ;
; Enable Bus-Hold Circuitry                                          ; Off                 ; Off                                   ;
; Auto Packed Registers                                              ; Auto                ; Auto                                  ;
; Auto Delay Chains                                                  ; On                  ; On                                    ;
; Auto Delay Chains for High Fanout Input Pins                       ; Off                 ; Off                                   ;
; Treat Bidirectional Pin as Output Pin                              ; Off                 ; Off                                   ;
; Perform Physical Synthesis for Combinational Logic for Fitting     ; Off                 ; Off                                   ;
; Perform Physical Synthesis for Combinational Logic for Performance ; Off                 ; Off                                   ;
; Perform Register Duplication for Performance                       ; Off                 ; Off                                   ;
; Perform Register Retiming for Performance                          ; Off                 ; Off                                   ;
; Perform Asynchronous Signal Pipelining                             ; Off                 ; Off                                   ;
; Fitter Effort                                                      ; Auto Fit            ; Auto Fit                              ;
; Physical Synthesis Effort Level                                    ; Normal              ; Normal                                ;
; Logic Cell Insertion - Logic Duplication                           ; Auto                ; Auto                                  ;
; Auto Register Duplication                                          ; Auto                ; Auto                                  ;
; Auto Global Clock                                                  ; On                  ; On                                    ;
; Auto Global Register Control Signals                               ; On                  ; On                                    ;
; Synchronizer Identification                                        ; Auto                ; Auto                                  ;
; Enable Beneficial Skew Optimization                                ; On                  ; On                                    ;
; Optimize Design for Metastability                                  ; On                  ; On                                    ;
; Active Serial clock source                                         ; FREQ_100MHz         ; FREQ_100MHz                           ;
; Force Fitter to Avoid Periphery Placement Warnings                 ; Off                 ; Off                                   ;
; Clamping Diode                                                     ; Off                 ; Off                                   ;
; Enable input tri-state on active configuration pins in user mode   ; Off                 ; Off                                   ;
; Advanced Physical Optimization                                     ; On                  ; On                                    ;
+--------------------------------------------------------------------+---------------------+---------------------------------------+


+------------------------------------------+
; Parallel Compilation                     ;
+----------------------------+-------------+
; Processors                 ; Number      ;
+----------------------------+-------------+
; Number detected on machine ; 20          ;
; Maximum allowed            ; 12          ;
;                            ;             ;
; Average used               ; 1.03        ;
; Maximum used               ; 12          ;
;                            ;             ;
; Usage by Processor         ; % Time Used ;
;     Processor 1            ; 100.0%      ;
;     Processor 2            ;   0.4%      ;
;     Processor 3            ;   0.4%      ;
;     Processor 4            ;   0.3%      ;
;     Processor 5            ;   0.3%      ;
;     Processor 6            ;   0.3%      ;
;     Processor 7            ;   0.3%      ;
;     Processor 8            ;   0.3%      ;
;     Processor 9            ;   0.3%      ;
;     Processor 10           ;   0.3%      ;
;     Processor 11           ;   0.3%      ;
;     Processor 12           ;   0.3%      ;
+----------------------------+-------------+


+----------------------------------------------------------------------------------------------------------------------------------------------------------------+
; Fitter Netlist Optimizations                                                                                                                                   ;
+------------------+---------+-----------+----------------------------+-----------+----------------+------------------+------------------+-----------------------+
; Node             ; Action  ; Operation ; Reason                     ; Node Port ; Node Port Name ; Destination Node ; Destination Port ; Destination Port Name ;
+------------------+---------+-----------+----------------------------+-----------+----------------+------------------+------------------+-----------------------+
; clk~inputCLKENA0 ; Created ; Placement ; Fitter Periphery Placement ;           ;                ;                  ;                  ;                       ;
+------------------+---------+-----------+----------------------------+-----------+----------------+------------------+------------------+-----------------------+


+---------------------------------------------------------------------------------------------------+
; Incremental Compilation Preservation Summary                                                      ;
+---------------------+---------------------+----------------------------+--------------------------+
; Type                ; Total [A + B]       ; From Design Partitions [A] ; From Rapid Recompile [B] ;
+---------------------+---------------------+----------------------------+--------------------------+
; Placement (by node) ;                     ;                            ;                          ;
;     -- Requested    ; 0.00 % ( 0 / 1159 ) ; 0.00 % ( 0 / 1159 )        ; 0.00 % ( 0 / 1159 )      ;
;     -- Achieved     ; 0.00 % ( 0 / 1159 ) ; 0.00 % ( 0 / 1159 )        ; 0.00 % ( 0 / 1159 )      ;
;                     ;                     ;                            ;                          ;
; Routing (by net)    ;                     ;                            ;                          ;
;     -- Requested    ; 0.00 % ( 0 / 0 )    ; 0.00 % ( 0 / 0 )           ; 0.00 % ( 0 / 0 )         ;
;     -- Achieved     ; 0.00 % ( 0 / 0 )    ; 0.00 % ( 0 / 0 )           ; 0.00 % ( 0 / 0 )         ;
+---------------------+---------------------+----------------------------+--------------------------+


+----------------------------------------------------------------------------------------------------------------------------------------------------------------------------------------+
; Incremental Compilation Partition Settings                                                                                                                                             ;
+--------------------------------+----------------+-------------------+-------------------------+------------------------+------------------------------+--------------------------------+
; Partition Name                 ; Partition Type ; Netlist Type Used ; Preservation Level Used ; Netlist Type Requested ; Preservation Level Requested ; Contents                       ;
+--------------------------------+----------------+-------------------+-------------------------+------------------------+------------------------------+--------------------------------+
; Top                            ; User-created   ; Source File       ; N/A                     ; Source File            ; N/A                          ;                                ;
; hard_block:auto_generated_inst ; Auto-generated ; Source File       ; N/A                     ; Source File            ; N/A                          ; hard_block:auto_generated_inst ;
+--------------------------------+----------------+-------------------+-------------------------+------------------------+------------------------------+--------------------------------+


+------------------------------------------------------------------------------------------------------------------------------------+
; Incremental Compilation Placement Preservation                                                                                     ;
+--------------------------------+-----------------------+-------------------------+-------------------+---------------------+-------+
; Partition Name                 ; Preservation Achieved ; Preservation Level Used ; Netlist Type Used ; Preservation Method ; Notes ;
+--------------------------------+-----------------------+-------------------------+-------------------+---------------------+-------+
; Top                            ; 0.00 % ( 0 / 1159 )   ; N/A                     ; Source File       ; N/A                 ;       ;
; hard_block:auto_generated_inst ; 0.00 % ( 0 / 0 )      ; N/A                     ; Source File       ; N/A                 ;       ;
+--------------------------------+-----------------------+-------------------------+-------------------+---------------------+-------+


+--------------+
; Pin-Out File ;
+--------------+
The pin-out file can be found in D:/Quartus_18.1-ProPlus/S-json/SingleCPU/SingleCPU/AMycpu/output_files/Cpu.pin.


+---------------------------------------------------------------------------------------------+
; Fitter Resource Usage Summary                                                               ;
+-------------------------------------------------------------+-----------------------+-------+
; Resource                                                    ; Usage                 ; %     ;
+-------------------------------------------------------------+-----------------------+-------+
; Logic utilization (ALMs needed / total ALMs on device)      ; 434 / 41,910          ; 1 %   ;
; ALMs needed [=A-B+C]                                        ; 434                   ;       ;
;     [A] ALMs used in final placement [=a+b+c+d]             ; 462 / 41,910          ; 1 %   ;
;         [a] ALMs used for LUT logic and registers           ; 22                    ;       ;
;         [b] ALMs used for LUT logic                         ; 406                   ;       ;
;         [c] ALMs used for registers                         ; 34                    ;       ;
;         [d] ALMs used for memory (up to half of total ALMs) ; 0                     ;       ;
;     [B] Estimate of ALMs recoverable by dense packing       ; 31 / 41,910           ; < 1 % ;
;     [C] Estimate of ALMs unavailable [=a+b+c+d]             ; 3 / 41,910            ; < 1 % ;
;         [a] Due to location constrained logic               ; 0                     ;       ;
;         [b] Due to LAB-wide signal conflicts                ; 0                     ;       ;
;         [c] Due to LAB input limits                         ; 3                     ;       ;
;         [d] Due to virtual I/Os                             ; 0                     ;       ;
;                                                             ;                       ;       ;
; Difficulty packing design                                   ; Low                   ;       ;
;                                                             ;                       ;       ;
; Total LABs:  partially or completely used                   ; 62 / 4,191            ; 1 %   ;
;     -- Logic LABs                                           ; 62                    ;       ;
;     -- Memory LABs (up to half of total LABs)               ; 0                     ;       ;
;                                                             ;                       ;       ;
; Combinational ALUT usage for logic                          ; 704                   ;       ;
;     -- 7 input functions                                    ; 3                     ;       ;
;     -- 6 input functions                                    ; 164                   ;       ;
;     -- 5 input functions                                    ; 282                   ;       ;
;     -- 4 input functions                                    ; 198                   ;       ;
;     -- <=3 input functions                                  ; 57                    ;       ;
; Combinational ALUT usage for route-throughs                 ; 5                     ;       ;
;                                                             ;                       ;       ;
; Dedicated logic registers                                   ; 110                   ;       ;
;     -- By type:                                             ;                       ;       ;
;         -- Primary logic registers                          ; 110 / 83,820          ; < 1 % ;
;         -- Secondary logic registers                        ; 0 / 83,820            ; 0 %   ;
;     -- By function:                                         ;                       ;       ;
;         -- Design implementation registers                  ; 110                   ;       ;
;         -- Routing optimization registers                   ; 0                     ;       ;
;                                                             ;                       ;       ;
; Virtual pins                                                ; 0                     ;       ;
; I/O pins                                                    ; 171 / 499             ; 34 %  ;
;     -- Clock pins                                           ; 8 / 11                ; 73 %  ;
;     -- Dedicated input pins                                 ; 0 / 39                ; 0 %   ;
;                                                             ;                       ;       ;
; Hard processor system peripheral utilization                ;                       ;       ;
;     -- Boot from FPGA                                       ; 0 / 1 ( 0 % )         ;       ;
;     -- Clock resets                                         ; 0 / 1 ( 0 % )         ;       ;
;     -- Cross trigger                                        ; 0 / 1 ( 0 % )         ;       ;
;     -- S2F AXI                                              ; 0 / 1 ( 0 % )         ;       ;
;     -- F2S AXI                                              ; 0 / 1 ( 0 % )         ;       ;
;     -- AXI Lightweight                                      ; 0 / 1 ( 0 % )         ;       ;
;     -- SDRAM                                                ; 0 / 1 ( 0 % )         ;       ;
;     -- Interrupts                                           ; 0 / 1 ( 0 % )         ;       ;
;     -- JTAG                                                 ; 0 / 1 ( 0 % )         ;       ;
;     -- Loan I/O                                             ; 0 / 1 ( 0 % )         ;       ;
;     -- MPU event standby                                    ; 0 / 1 ( 0 % )         ;       ;
;     -- MPU general purpose                                  ; 0 / 1 ( 0 % )         ;       ;
;     -- STM event                                            ; 0 / 1 ( 0 % )         ;       ;
;     -- TPIU trace                                           ; 0 / 1 ( 0 % )         ;       ;
;     -- DMA                                                  ; 0 / 1 ( 0 % )         ;       ;
;     -- CAN                                                  ; 0 / 2 ( 0 % )         ;       ;
;     -- EMAC                                                 ; 0 / 2 ( 0 % )         ;       ;
;     -- I2C                                                  ; 0 / 4 ( 0 % )         ;       ;
;     -- NAND Flash                                           ; 0 / 1 ( 0 % )         ;       ;
;     -- QSPI                                                 ; 0 / 1 ( 0 % )         ;       ;
;     -- SDMMC                                                ; 0 / 1 ( 0 % )         ;       ;
;     -- SPI Master                                           ; 0 / 2 ( 0 % )         ;       ;
;     -- SPI Slave                                            ; 0 / 2 ( 0 % )         ;       ;
;     -- UART                                                 ; 0 / 2 ( 0 % )         ;       ;
;     -- USB                                                  ; 0 / 2 ( 0 % )         ;       ;
;                                                             ;                       ;       ;
; M10K blocks                                                 ; 0 / 553               ; 0 %   ;
; Total MLAB memory bits                                      ; 0                     ;       ;
; Total block memory bits                                     ; 0 / 5,662,720         ; 0 %   ;
; Total block memory implementation bits                      ; 0 / 5,662,720         ; 0 %   ;
;                                                             ;                       ;       ;
; Total DSP Blocks                                            ; 2 / 112               ; 2 %   ;
;                                                             ;                       ;       ;
; Fractional PLLs                                             ; 0 / 6                 ; 0 %   ;
; Global signals                                              ; 1                     ;       ;
;     -- Global clocks                                        ; 1 / 16                ; 6 %   ;
;     -- Quadrant clocks                                      ; 0 / 66                ; 0 %   ;
;     -- Horizontal periphery clocks                          ; 0 / 18                ; 0 %   ;
; SERDES Transmitters                                         ; 0 / 100               ; 0 %   ;
; SERDES Receivers                                            ; 0 / 100               ; 0 %   ;
; JTAGs                                                       ; 0 / 1                 ; 0 %   ;
; ASMI blocks                                                 ; 0 / 1                 ; 0 %   ;
; CRC blocks                                                  ; 0 / 1                 ; 0 %   ;
; Remote update blocks                                        ; 0 / 1                 ; 0 %   ;
; Oscillator blocks                                           ; 0 / 1                 ; 0 %   ;
; Hard IPs                                                    ; 0 / 2                 ; 0 %   ;
; Standard RX PCSs                                            ; 0 / 9                 ; 0 %   ;
; HSSI PMA RX Deserializers                                   ; 0 / 9                 ; 0 %   ;
; Standard TX PCSs                                            ; 0 / 9                 ; 0 %   ;
; HSSI PMA TX Serializers                                     ; 0 / 9                 ; 0 %   ;
; Channel PLLs                                                ; 0 / 9                 ; 0 %   ;
; Impedance control blocks                                    ; 0 / 4                 ; 0 %   ;
; Hard Memory Controllers                                     ; 0 / 2                 ; 0 %   ;
; Average interconnect usage (total/H/V)                      ; 1.2% / 1.2% / 1.1%    ;       ;
; Peak interconnect usage (total/H/V)                         ; 30.0% / 31.2% / 26.4% ;       ;
; Maximum fan-out                                             ; 200                   ;       ;
; Highest non-global fan-out                                  ; 200                   ;       ;
; Total fan-out                                               ; 4265                  ;       ;
; Average fan-out                                             ; 3.66                  ;       ;
+-------------------------------------------------------------+-----------------------+-------+


+----------------------------------------------------------------------------------------------------------------------+
; Fitter Partition Statistics                                                                                          ;
+-------------------------------------------------------------+-----------------------+--------------------------------+
; Statistic                                                   ; Top                   ; hard_block:auto_generated_inst ;
+-------------------------------------------------------------+-----------------------+--------------------------------+
; Logic utilization (ALMs needed / total ALMs on device)      ; 434 / 41910 ( 1 % )   ; 0 / 41910 ( 0 % )              ;
; ALMs needed [=A-B+C]                                        ; 434                   ; 0                              ;
;     [A] ALMs used in final placement [=a+b+c+d]             ; 462 / 41910 ( 1 % )   ; 0 / 41910 ( 0 % )              ;
;         [a] ALMs used for LUT logic and registers           ; 22                    ; 0                              ;
;         [b] ALMs used for LUT logic                         ; 406                   ; 0                              ;
;         [c] ALMs used for registers                         ; 34                    ; 0                              ;
;         [d] ALMs used for memory (up to half of total ALMs) ; 0                     ; 0                              ;
;     [B] Estimate of ALMs recoverable by dense packing       ; 31 / 41910 ( < 1 % )  ; 0 / 41910 ( 0 % )              ;
;     [C] Estimate of ALMs unavailable [=a+b+c+d]             ; 3 / 41910 ( < 1 % )   ; 0 / 41910 ( 0 % )              ;
;         [a] Due to location constrained logic               ; 0                     ; 0                              ;
;         [b] Due to LAB-wide signal conflicts                ; 0                     ; 0                              ;
;         [c] Due to LAB input limits                         ; 3                     ; 0                              ;
;         [d] Due to virtual I/Os                             ; 0                     ; 0                              ;
;                                                             ;                       ;                                ;
; Difficulty packing design                                   ; Low                   ; Low                            ;
;                                                             ;                       ;                                ;
; Total LABs:  partially or completely used                   ; 62 / 4191 ( 1 % )     ; 0 / 4191 ( 0 % )               ;
;     -- Logic LABs                                           ; 62                    ; 0                              ;
;     -- Memory LABs (up to half of total LABs)               ; 0                     ; 0                              ;
;                                                             ;                       ;                                ;
; Combinational ALUT usage for logic                          ; 704                   ; 0                              ;
;     -- 7 input functions                                    ; 3                     ; 0                              ;
;     -- 6 input functions                                    ; 164                   ; 0                              ;
;     -- 5 input functions                                    ; 282                   ; 0                              ;
;     -- 4 input functions                                    ; 198                   ; 0                              ;
;     -- <=3 input functions                                  ; 57                    ; 0                              ;
; Combinational ALUT usage for route-throughs                 ; 5                     ; 0                              ;
; Memory ALUT usage                                           ; 0                     ; 0                              ;
;     -- 64-address deep                                      ; 0                     ; 0                              ;
;     -- 32-address deep                                      ; 0                     ; 0                              ;
;                                                             ;                       ;                                ;
; Dedicated logic registers                                   ; 0                     ; 0                              ;
;     -- By type:                                             ;                       ;                                ;
;         -- Primary logic registers                          ; 110 / 83820 ( < 1 % ) ; 0 / 83820 ( 0 % )              ;
;         -- Secondary logic registers                        ; 0 / 83820 ( 0 % )     ; 0 / 83820 ( 0 % )              ;
;     -- By function:                                         ;                       ;                                ;
;         -- Design implementation registers                  ; 110                   ; 0                              ;
;         -- Routing optimization registers                   ; 0                     ; 0                              ;
;                                                             ;                       ;                                ;
;                                                             ;                       ;                                ;
; Virtual pins                                                ; 0                     ; 0                              ;
; I/O pins                                                    ; 171                   ; 0                              ;
; I/O registers                                               ; 0                     ; 0                              ;
; Total block memory bits                                     ; 0                     ; 0                              ;
; Total block memory implementation bits                      ; 0                     ; 0                              ;
; DSP block                                                   ; 2 / 112 ( 1 % )       ; 0 / 112 ( 0 % )                ;
; Clock enable block                                          ; 1 / 116 ( < 1 % )     ; 0 / 116 ( 0 % )                ;
;                                                             ;                       ;                                ;
; Connections                                                 ;                       ;                                ;
;     -- Input Connections                                    ; 0                     ; 0                              ;
;     -- Registered Input Connections                         ; 0                     ; 0                              ;
;     -- Output Connections                                   ; 0                     ; 0                              ;
;     -- Registered Output Connections                        ; 0                     ; 0                              ;
;                                                             ;                       ;                                ;
; Internal Connections                                        ;                       ;                                ;
;     -- Total Connections                                    ; 4265                  ; 0                              ;
;     -- Registered Connections                               ; 844                   ; 0                              ;
;                                                             ;                       ;                                ;
; External Connections                                        ;                       ;                                ;
;     -- Top                                                  ; 0                     ; 0                              ;
;     -- hard_block:auto_generated_inst                       ; 0                     ; 0                              ;
;                                                             ;                       ;                                ;
; Partition Interface                                         ;                       ;                                ;
;     -- Input Ports                                          ; 11                    ; 0                              ;
;     -- Output Ports                                         ; 160                   ; 0                              ;
;     -- Bidir Ports                                          ; 0                     ; 0                              ;
;                                                             ;                       ;                                ;
; Registered Ports                                            ;                       ;                                ;
;     -- Registered Input Ports                               ; 0                     ; 0                              ;
;     -- Registered Output Ports                              ; 0                     ; 0                              ;
;                                                             ;                       ;                                ;
; Port Connectivity                                           ;                       ;                                ;
;     -- Input Ports driven by GND                            ; 0                     ; 0                              ;
;     -- Output Ports driven by GND                           ; 0                     ; 0                              ;
;     -- Input Ports driven by VCC                            ; 0                     ; 0                              ;
;     -- Output Ports driven by VCC                           ; 0                     ; 0                              ;
;     -- Input Ports with no Source                           ; 0                     ; 0                              ;
;     -- Output Ports with no Source                          ; 0                     ; 0                              ;
;     -- Input Ports with no Fanout                           ; 0                     ; 0                              ;
;     -- Output Ports with no Fanout                          ; 0                     ; 0                              ;
+-------------------------------------------------------------+-----------------------+--------------------------------+


+------------------------------------------------------------------------------------------------------------------------------------------------------------------------------------------------------------------------------------------------------------------------------------------------+
; Input Pins                                                                                                                                                                                                                                                                                     ;
+-----------------+-------+----------+--------------+--------------+--------------+-----------------------+--------------------+--------+----------------+-----------------+----------+--------------+--------------+-------------+---------------------------+----------------------+-----------+
; Name            ; Pin # ; I/O Bank ; X coordinate ; Y coordinate ; Z coordinate ; Combinational Fan-Out ; Registered Fan-Out ; Global ; Input Register ; PCI I/O Enabled ; Bus Hold ; Weak Pull Up ; I/O Standard ; Termination ; Termination Control Block ; Location assigned by ; Slew Rate ;
+-----------------+-------+----------+--------------+--------------+--------------+-----------------------+--------------------+--------+----------------+-----------------+----------+--------------+--------------+-------------+---------------------------+----------------------+-----------+
; RandomNumber[0] ; AB30  ; 5B       ; 89           ; 21           ; 3            ; 1                     ; 0                  ; no     ; no             ; no              ; no       ; Off          ; 2.5 V        ; Off         ; --                        ; User                 ; no        ;
; RandomNumber[1] ; Y27   ; 5B       ; 89           ; 25           ; 20           ; 1                     ; 0                  ; no     ; no             ; no              ; no       ; Off          ; 2.5 V        ; Off         ; --                        ; User                 ; no        ;
; RandomNumber[2] ; AB28  ; 5B       ; 89           ; 21           ; 37           ; 1                     ; 0                  ; no     ; no             ; no              ; no       ; Off          ; 2.5 V        ; Off         ; --                        ; User                 ; no        ;
; RandomNumber[3] ; AC30  ; 5B       ; 89           ; 25           ; 54           ; 1                     ; 0                  ; no     ; no             ; no              ; no       ; Off          ; 2.5 V        ; Off         ; --                        ; User                 ; no        ;
; RandomNumber[4] ; W25   ; 5B       ; 89           ; 20           ; 43           ; 1                     ; 0                  ; no     ; no             ; no              ; no       ; Off          ; 2.5 V        ; Off         ; --                        ; User                 ; no        ;
; RandomNumber[5] ; V25   ; 5B       ; 89           ; 20           ; 60           ; 1                     ; 0                  ; no     ; no             ; no              ; no       ; Off          ; 2.5 V        ; Off         ; --                        ; User                 ; no        ;
; RandomNumber[6] ; AC28  ; 5B       ; 89           ; 20           ; 77           ; 1                     ; 0                  ; no     ; no             ; no              ; no       ; Off          ; 2.5 V        ; Off         ; --                        ; User                 ; no        ;
; RandomNumber[7] ; AD30  ; 5B       ; 89           ; 25           ; 37           ; 1                     ; 0                  ; no     ; no             ; no              ; no       ; Off          ; 2.5 V        ; Off         ; --                        ; User                 ; no        ;
; clk             ; AJ4   ; 3B       ; 22           ; 0            ; 34           ; 110                   ; 0                  ; yes    ; no             ; no              ; no       ; Off          ; 2.5 V        ; Off         ; --                        ; User                 ; no        ;
; myreset         ; AC29  ; 5B       ; 89           ; 20           ; 94           ; 99                    ; 0                  ; no     ; no             ; no              ; no       ; Off          ; 2.5 V        ; Off         ; --                        ; User                 ; no        ;
; reset           ; AC14  ; 3B       ; 28           ; 0            ; 17           ; 6                     ; 0                  ; no     ; no             ; no              ; no       ; Off          ; 2.5 V        ; Off         ; --                        ; Fitter               ; no        ;
+-----------------+-------+----------+--------------+--------------+--------------+-----------------------+--------------------+--------+----------------+-----------------+----------+--------------+--------------+-------------+---------------------------+----------------------+-----------+


+------------------------------------------------------------------------------------------------------------------------------------------------------------------------------------------------------------------------------------------------------------------------------------------------------------------------------------------------------------------------------------------------------------------------------------------------------------------------------------------------------------+
; Output Pins                                                                                                                                                                                                                                                                                                                                                                                                                                                                                                ;
+-----------------------+-------+----------+--------------+--------------+--------------+-----------------+------------------------+-----------+-----------------+------------+---------------+----------+--------------+--------------+------------------+-----------------------------------+---------------------------+----------------------------+-----------------------------+---------------------+-----------------------------+----------------------+----------------------+---------------------+
; Name                  ; Pin # ; I/O Bank ; X coordinate ; Y coordinate ; Z coordinate ; Output Register ; Output Enable Register ; Slew Rate ; PCI I/O Enabled ; Open Drain ; TRI Primitive ; Bus Hold ; Weak Pull Up ; I/O Standard ; Current Strength ; Termination                       ; Termination Control Block ; Output Buffer Pre-emphasis ; Voltage Output Differential ; Output Buffer Delay ; Output Buffer Delay Control ; Location assigned by ; Output Enable Source ; Output Enable Group ;
+-----------------------+-------+----------+--------------+--------------+--------------+-----------------+------------------------+-----------+-----------------+------------+---------------+----------+--------------+--------------+------------------+-----------------------------------+---------------------------+----------------------------+-----------------------------+---------------------+-----------------------------+----------------------+----------------------+---------------------+
; OutputRandomNumber[0] ; AE26  ; 5A       ; 89           ; 8            ; 37           ; no              ; no                     ; 1         ; no              ; no         ; no            ; no       ; Off          ; 2.5 V        ; Default          ; Series 50 Ohm without Calibration ; --                        ; no                         ; no                          ; 0                   ; Off                         ; Fitter               ; -                    ; -                   ;
; OutputRandomNumber[1] ; AD29  ; 5B       ; 89           ; 23           ; 54           ; no              ; no                     ; 1         ; no              ; no         ; no            ; no       ; Off          ; 2.5 V        ; Default          ; Series 50 Ohm without Calibration ; --                        ; no                         ; no                          ; 0                   ; Off                         ; Fitter               ; -                    ; -                   ;
; OutputRandomNumber[2] ; AD26  ; 5A       ; 89           ; 16           ; 3            ; no              ; no                     ; 1         ; no              ; no         ; no            ; no       ; Off          ; 2.5 V        ; Default          ; Series 50 Ohm without Calibration ; --                        ; no                         ; no                          ; 0                   ; Off                         ; Fitter               ; -                    ; -                   ;
; OutputRandomNumber[3] ; AB26  ; 5A       ; 89           ; 9            ; 54           ; no              ; no                     ; 1         ; no              ; no         ; no            ; no       ; Off          ; 2.5 V        ; Default          ; Series 50 Ohm without Calibration ; --                        ; no                         ; no                          ; 0                   ; Off                         ; Fitter               ; -                    ; -                   ;
; OutputRandomNumber[4] ; C7    ; 8A       ; 32           ; 81           ; 34           ; no              ; no                     ; 1         ; no              ; no         ; no            ; no       ; Off          ; 2.5 V        ; Default          ; Series 50 Ohm without Calibration ; --                        ; no                         ; no                          ; 0                   ; Off                         ; Fitter               ; -                    ; -                   ;
; OutputRandomNumber[5] ; W21   ; 5A       ; 89           ; 8            ; 3            ; no              ; no                     ; 1         ; no              ; no         ; no            ; no       ; Off          ; 2.5 V        ; Default          ; Series 50 Ohm without Calibration ; --                        ; no                         ; no                          ; 0                   ; Off                         ; Fitter               ; -                    ; -                   ;
; OutputRandomNumber[6] ; AK27  ; 4A       ; 80           ; 0            ; 51           ; no              ; no                     ; 1         ; no              ; no         ; no            ; no       ; Off          ; 2.5 V        ; Default          ; Series 50 Ohm without Calibration ; --                        ; no                         ; no                          ; 0                   ; Off                         ; Fitter               ; -                    ; -                   ;
; OutputRandomNumber[7] ; AE27  ; 5A       ; 89           ; 11           ; 77           ; no              ; no                     ; 1         ; no              ; no         ; no            ; no       ; Off          ; 2.5 V        ; Default          ; Series 50 Ohm without Calibration ; --                        ; no                         ; no                          ; 0                   ; Off                         ; Fitter               ; -                    ; -                   ;
; out1[0]               ; W17   ; 4A       ; 60           ; 0            ; 17           ; no              ; no                     ; 1         ; no              ; no         ; no            ; no       ; Off          ; 2.5 V        ; Default          ; Series 50 Ohm without Calibration ; --                        ; no                         ; no                          ; 0                   ; Off                         ; User                 ; -                    ; -                   ;
; out1[1]               ; V18   ; 4A       ; 80           ; 0            ; 0            ; no              ; no                     ; 1         ; no              ; no         ; no            ; no       ; Off          ; 2.5 V        ; Default          ; Series 50 Ohm without Calibration ; --                        ; no                         ; no                          ; 0                   ; Off                         ; User                 ; -                    ; -                   ;
; out1[2]               ; AG17  ; 4A       ; 50           ; 0            ; 91           ; no              ; no                     ; 1         ; no              ; no         ; no            ; no       ; Off          ; 2.5 V        ; Default          ; Series 50 Ohm without Calibration ; --                        ; no                         ; no                          ; 0                   ; Off                         ; User                 ; -                    ; -                   ;
; out1[3]               ; AG16  ; 4A       ; 50           ; 0            ; 74           ; no              ; no                     ; 1         ; no              ; no         ; no            ; no       ; Off          ; 2.5 V        ; Default          ; Series 50 Ohm without Calibration ; --                        ; no                         ; no                          ; 0                   ; Off                         ; User                 ; -                    ; -                   ;
; out1[4]               ; AH17  ; 4A       ; 56           ; 0            ; 34           ; no              ; no                     ; 1         ; no              ; no         ; no            ; no       ; Off          ; 2.5 V        ; Default          ; Series 50 Ohm without Calibration ; --                        ; no                         ; no                          ; 0                   ; Off                         ; User                 ; -                    ; -                   ;
; out1[5]               ; AG18  ; 4A       ; 58           ; 0            ; 74           ; no              ; no                     ; 1         ; no              ; no         ; no            ; no       ; Off          ; 2.5 V        ; Default          ; Series 50 Ohm without Calibration ; --                        ; no                         ; no                          ; 0                   ; Off                         ; User                 ; -                    ; -                   ;
; out1[6]               ; AH18  ; 4A       ; 56           ; 0            ; 51           ; no              ; no                     ; 1         ; no              ; no         ; no            ; no       ; Off          ; 2.5 V        ; Default          ; Series 50 Ohm without Calibration ; --                        ; no                         ; no                          ; 0                   ; Off                         ; User                 ; -                    ; -                   ;
; out2[0]               ; AF16  ; 4A       ; 52           ; 0            ; 51           ; no              ; no                     ; 1         ; no              ; no         ; no            ; no       ; Off          ; 2.5 V        ; Default          ; Series 50 Ohm without Calibration ; --                        ; no                         ; no                          ; 0                   ; Off                         ; User                 ; -                    ; -                   ;
; out2[1]               ; V16   ; 4A       ; 52           ; 0            ; 0            ; no              ; no                     ; 1         ; no              ; no         ; no            ; no       ; Off          ; 2.5 V        ; Default          ; Series 50 Ohm without Calibration ; --                        ; no                         ; no                          ; 0                   ; Off                         ; User                 ; -                    ; -                   ;
; out2[2]               ; AE16  ; 4A       ; 52           ; 0            ; 34           ; no              ; no                     ; 1         ; no              ; no         ; no            ; no       ; Off          ; 2.5 V        ; Default          ; Series 50 Ohm without Calibration ; --                        ; no                         ; no                          ; 0                   ; Off                         ; User                 ; -                    ; -                   ;
; out2[3]               ; AD17  ; 4A       ; 64           ; 0            ; 17           ; no              ; no                     ; 1         ; no              ; no         ; no            ; no       ; Off          ; 2.5 V        ; Default          ; Series 50 Ohm without Calibration ; --                        ; no                         ; no                          ; 0                   ; Off                         ; User                 ; -                    ; -                   ;
; out2[4]               ; AE18  ; 4A       ; 66           ; 0            ; 40           ; no              ; no                     ; 1         ; no              ; no         ; no            ; no       ; Off          ; 2.5 V        ; Default          ; Series 50 Ohm without Calibration ; --                        ; no                         ; no                          ; 0                   ; Off                         ; User                 ; -                    ; -                   ;
; out2[5]               ; AE17  ; 4A       ; 50           ; 0            ; 40           ; no              ; no                     ; 1         ; no              ; no         ; no            ; no       ; Off          ; 2.5 V        ; Default          ; Series 50 Ohm without Calibration ; --                        ; no                         ; no                          ; 0                   ; Off                         ; User                 ; -                    ; -                   ;
; out2[6]               ; V17   ; 4A       ; 60           ; 0            ; 0            ; no              ; no                     ; 1         ; no              ; no         ; no            ; no       ; Off          ; 2.5 V        ; Default          ; Series 50 Ohm without Calibration ; --                        ; no                         ; no                          ; 0                   ; Off                         ; User                 ; -                    ; -                   ;
; out3[0]               ; AA21  ; 4A       ; 88           ; 0            ; 1            ; no              ; no                     ; 1         ; no              ; no         ; no            ; no       ; Off          ; 2.5 V        ; Default          ; Series 50 Ohm without Calibration ; --                        ; no                         ; no                          ; 0                   ; Off                         ; User                 ; -                    ; -                   ;
; out3[1]               ; AB17  ; 4A       ; 56           ; 0            ; 17           ; no              ; no                     ; 1         ; no              ; no         ; no            ; no       ; Off          ; 2.5 V        ; Default          ; Series 50 Ohm without Calibration ; --                        ; no                         ; no                          ; 0                   ; Off                         ; User                 ; -                    ; -                   ;
; out3[2]               ; AA18  ; 4A       ; 68           ; 0            ; 17           ; no              ; no                     ; 1         ; no              ; no         ; no            ; no       ; Off          ; 2.5 V        ; Default          ; Series 50 Ohm without Calibration ; --                        ; no                         ; no                          ; 0                   ; Off                         ; User                 ; -                    ; -                   ;
; out3[3]               ; Y17   ; 4A       ; 68           ; 0            ; 0            ; no              ; no                     ; 1         ; no              ; no         ; no            ; no       ; Off          ; 2.5 V        ; Default          ; Series 50 Ohm without Calibration ; --                        ; no                         ; no                          ; 0                   ; Off                         ; User                 ; -                    ; -                   ;
; out3[4]               ; Y18   ; 4A       ; 72           ; 0            ; 0            ; no              ; no                     ; 1         ; no              ; no         ; no            ; no       ; Off          ; 2.5 V        ; Default          ; Series 50 Ohm without Calibration ; --                        ; no                         ; no                          ; 0                   ; Off                         ; User                 ; -                    ; -                   ;
; out3[5]               ; AF18  ; 4A       ; 50           ; 0            ; 57           ; no              ; no                     ; 1         ; no              ; no         ; no            ; no       ; Off          ; 2.5 V        ; Default          ; Series 50 Ohm without Calibration ; --                        ; no                         ; no                          ; 0                   ; Off                         ; User                 ; -                    ; -                   ;
; out3[6]               ; W16   ; 4A       ; 52           ; 0            ; 17           ; no              ; no                     ; 1         ; no              ; no         ; no            ; no       ; Off          ; 2.5 V        ; Default          ; Series 50 Ohm without Calibration ; --                        ; no                         ; no                          ; 0                   ; Off                         ; User                 ; -                    ; -                   ;
; out4[0]               ; Y19   ; 4A       ; 84           ; 0            ; 0            ; no              ; no                     ; 1         ; no              ; no         ; no            ; no       ; Off          ; 2.5 V        ; Default          ; Series 50 Ohm without Calibration ; --                        ; no                         ; no                          ; 0                   ; Off                         ; User                 ; -                    ; -                   ;
; out4[1]               ; W19   ; 4A       ; 80           ; 0            ; 17           ; no              ; no                     ; 1         ; no              ; no         ; no            ; no       ; Off          ; 2.5 V        ; Default          ; Series 50 Ohm without Calibration ; --                        ; no                         ; no                          ; 0                   ; Off                         ; User                 ; -                    ; -                   ;
; out4[2]               ; AD19  ; 4A       ; 76           ; 0            ; 17           ; no              ; no                     ; 1         ; no              ; no         ; no            ; no       ; Off          ; 2.5 V        ; Default          ; Series 50 Ohm without Calibration ; --                        ; no                         ; no                          ; 0                   ; Off                         ; User                 ; -                    ; -                   ;
; out4[3]               ; AA20  ; 4A       ; 84           ; 0            ; 17           ; no              ; no                     ; 1         ; no              ; no         ; no            ; no       ; Off          ; 2.5 V        ; Default          ; Series 50 Ohm without Calibration ; --                        ; no                         ; no                          ; 0                   ; Off                         ; User                 ; -                    ; -                   ;
; out4[4]               ; AC20  ; 4A       ; 76           ; 0            ; 0            ; no              ; no                     ; 1         ; no              ; no         ; no            ; no       ; Off          ; 2.5 V        ; Default          ; Series 50 Ohm without Calibration ; --                        ; no                         ; no                          ; 0                   ; Off                         ; User                 ; -                    ; -                   ;
; out4[5]               ; AA19  ; 4A       ; 72           ; 0            ; 17           ; no              ; no                     ; 1         ; no              ; no         ; no            ; no       ; Off          ; 2.5 V        ; Default          ; Series 50 Ohm without Calibration ; --                        ; no                         ; no                          ; 0                   ; Off                         ; User                 ; -                    ; -                   ;
; out4[6]               ; AD20  ; 4A       ; 82           ; 0            ; 40           ; no              ; no                     ; 1         ; no              ; no         ; no            ; no       ; Off          ; 2.5 V        ; Default          ; Series 50 Ohm without Calibration ; --                        ; no                         ; no                          ; 0                   ; Off                         ; User                 ; -                    ; -                   ;
; out5[0]               ; AD21  ; 4A       ; 82           ; 0            ; 57           ; no              ; no                     ; 1         ; no              ; no         ; no            ; no       ; Off          ; 2.5 V        ; Default          ; Series 50 Ohm without Calibration ; --                        ; no                         ; no                          ; 0                   ; Off                         ; User                 ; -                    ; -                   ;
; out5[1]               ; AG22  ; 4A       ; 66           ; 0            ; 74           ; no              ; no                     ; 1         ; no              ; no         ; no            ; no       ; Off          ; 2.5 V        ; Default          ; Series 50 Ohm without Calibration ; --                        ; no                         ; no                          ; 0                   ; Off                         ; User                 ; -                    ; -                   ;
; out5[2]               ; AE22  ; 4A       ; 78           ; 0            ; 0            ; no              ; no                     ; 1         ; no              ; no         ; no            ; no       ; Off          ; 2.5 V        ; Default          ; Series 50 Ohm without Calibration ; --                        ; no                         ; no                          ; 0                   ; Off                         ; User                 ; -                    ; -                   ;
; out5[3]               ; AE23  ; 4A       ; 78           ; 0            ; 17           ; no              ; no                     ; 1         ; no              ; no         ; no            ; no       ; Off          ; 2.5 V        ; Default          ; Series 50 Ohm without Calibration ; --                        ; no                         ; no                          ; 0                   ; Off                         ; User                 ; -                    ; -                   ;
; out5[4]               ; AG23  ; 4A       ; 64           ; 0            ; 34           ; no              ; no                     ; 1         ; no              ; no         ; no            ; no       ; Off          ; 2.5 V        ; Default          ; Series 50 Ohm without Calibration ; --                        ; no                         ; no                          ; 0                   ; Off                         ; User                 ; -                    ; -                   ;
; out5[5]               ; AF23  ; 4A       ; 74           ; 0            ; 40           ; no              ; no                     ; 1         ; no              ; no         ; no            ; no       ; Off          ; 2.5 V        ; Default          ; Series 50 Ohm without Calibration ; --                        ; no                         ; no                          ; 0                   ; Off                         ; User                 ; -                    ; -                   ;
; out5[6]               ; AH22  ; 4A       ; 66           ; 0            ; 91           ; no              ; no                     ; 1         ; no              ; no         ; no            ; no       ; Off          ; 2.5 V        ; Default          ; Series 50 Ohm without Calibration ; --                        ; no                         ; no                          ; 0                   ; Off                         ; User                 ; -                    ; -                   ;
; out6[0]               ; AF21  ; 4A       ; 70           ; 0            ; 17           ; no              ; no                     ; 1         ; no              ; no         ; no            ; no       ; Off          ; 2.5 V        ; Default          ; Series 50 Ohm without Calibration ; --                        ; no                         ; no                          ; 0                   ; Off                         ; User                 ; -                    ; -                   ;
; out6[1]               ; AG21  ; 4A       ; 54           ; 0            ; 0            ; no              ; no                     ; 1         ; no              ; no         ; no            ; no       ; Off          ; 2.5 V        ; Default          ; Series 50 Ohm without Calibration ; --                        ; no                         ; no                          ; 0                   ; Off                         ; User                 ; -                    ; -                   ;
; out6[2]               ; AF20  ; 4A       ; 70           ; 0            ; 0            ; no              ; no                     ; 1         ; no              ; no         ; no            ; no       ; Off          ; 2.5 V        ; Default          ; Series 50 Ohm without Calibration ; --                        ; no                         ; no                          ; 0                   ; Off                         ; User                 ; -                    ; -                   ;
; out6[3]               ; AG20  ; 4A       ; 62           ; 0            ; 17           ; no              ; no                     ; 1         ; no              ; no         ; no            ; no       ; Off          ; 2.5 V        ; Default          ; Series 50 Ohm without Calibration ; --                        ; no                         ; no                          ; 0                   ; Off                         ; User                 ; -                    ; -                   ;
; out6[4]               ; AE19  ; 4A       ; 66           ; 0            ; 57           ; no              ; no                     ; 1         ; no              ; no         ; no            ; no       ; Off          ; 2.5 V        ; Default          ; Series 50 Ohm without Calibration ; --                        ; no                         ; no                          ; 0                   ; Off                         ; User                 ; -                    ; -                   ;
; out6[5]               ; AF19  ; 4A       ; 62           ; 0            ; 0            ; no              ; no                     ; 1         ; no              ; no         ; no            ; no       ; Off          ; 2.5 V        ; Default          ; Series 50 Ohm without Calibration ; --                        ; no                         ; no                          ; 0                   ; Off                         ; User                 ; -                    ; -                   ;
; out6[6]               ; AB21  ; 4A       ; 88           ; 0            ; 18           ; no              ; no                     ; 1         ; no              ; no         ; no            ; no       ; Off          ; 2.5 V        ; Default          ; Series 50 Ohm without Calibration ; --                        ; no                         ; no                          ; 0                   ; Off                         ; User                 ; -                    ; -                   ;
; out7[0]               ; AG15  ; 3B       ; 38           ; 0            ; 0            ; no              ; no                     ; 1         ; no              ; no         ; no            ; no       ; Off          ; 2.5 V        ; Default          ; Series 50 Ohm without Calibration ; --                        ; no                         ; no                          ; 0                   ; Off                         ; Fitter               ; -                    ; -                   ;
; out7[1]               ; AK12  ; 3B       ; 36           ; 0            ; 34           ; no              ; no                     ; 1         ; no              ; no         ; no            ; no       ; Off          ; 2.5 V        ; Default          ; Series 50 Ohm without Calibration ; --                        ; no                         ; no                          ; 0                   ; Off                         ; Fitter               ; -                    ; -                   ;
; out7[2]               ; AH13  ; 3B       ; 30           ; 0            ; 0            ; no              ; no                     ; 1         ; no              ; no         ; no            ; no       ; Off          ; 2.5 V        ; Default          ; Series 50 Ohm without Calibration ; --                        ; no                         ; no                          ; 0                   ; Off                         ; Fitter               ; -                    ; -                   ;
; out7[3]               ; W15   ; 3B       ; 40           ; 0            ; 0            ; no              ; no                     ; 1         ; no              ; no         ; no            ; no       ; Off          ; 2.5 V        ; Default          ; Series 50 Ohm without Calibration ; --                        ; no                         ; no                          ; 0                   ; Off                         ; Fitter               ; -                    ; -                   ;
; out7[4]               ; AA14  ; 3B       ; 36           ; 0            ; 0            ; no              ; no                     ; 1         ; no              ; no         ; no            ; no       ; Off          ; 2.5 V        ; Default          ; Series 50 Ohm without Calibration ; --                        ; no                         ; no                          ; 0                   ; Off                         ; Fitter               ; -                    ; -                   ;
; out7[5]               ; AJ11  ; 3B       ; 34           ; 0            ; 40           ; no              ; no                     ; 1         ; no              ; no         ; no            ; no       ; Off          ; 2.5 V        ; Default          ; Series 50 Ohm without Calibration ; --                        ; no                         ; no                          ; 0                   ; Off                         ; Fitter               ; -                    ; -                   ;
; out7[6]               ; AH12  ; 3B       ; 38           ; 0            ; 34           ; no              ; no                     ; 1         ; no              ; no         ; no            ; no       ; Off          ; 2.5 V        ; Default          ; Series 50 Ohm without Calibration ; --                        ; no                         ; no                          ; 0                   ; Off                         ; Fitter               ; -                    ; -                   ;
; out8[0]               ; AH14  ; 3B       ; 30           ; 0            ; 17           ; no              ; no                     ; 1         ; no              ; no         ; no            ; no       ; Off          ; 2.5 V        ; Default          ; Series 50 Ohm without Calibration ; --                        ; no                         ; no                          ; 0                   ; Off                         ; Fitter               ; -                    ; -                   ;
; out8[1]               ; AH15  ; 3B       ; 38           ; 0            ; 17           ; no              ; no                     ; 1         ; no              ; no         ; no            ; no       ; Off          ; 2.5 V        ; Default          ; Series 50 Ohm without Calibration ; --                        ; no                         ; no                          ; 0                   ; Off                         ; Fitter               ; -                    ; -                   ;
; out8[2]               ; AK11  ; 3B       ; 34           ; 0            ; 57           ; no              ; no                     ; 1         ; no              ; no         ; no            ; no       ; Off          ; 2.5 V        ; Default          ; Series 50 Ohm without Calibration ; --                        ; no                         ; no                          ; 0                   ; Off                         ; Fitter               ; -                    ; -                   ;
; out8[3]               ; AA15  ; 3B       ; 36           ; 0            ; 17           ; no              ; no                     ; 1         ; no              ; no         ; no            ; no       ; Off          ; 2.5 V        ; Default          ; Series 50 Ohm without Calibration ; --                        ; no                         ; no                          ; 0                   ; Off                         ; Fitter               ; -                    ; -                   ;
; out8[4]               ; AK13  ; 3B       ; 36           ; 0            ; 51           ; no              ; no                     ; 1         ; no              ; no         ; no            ; no       ; Off          ; 2.5 V        ; Default          ; Series 50 Ohm without Calibration ; --                        ; no                         ; no                          ; 0                   ; Off                         ; Fitter               ; -                    ; -                   ;
; out8[5]               ; AF15  ; 3B       ; 32           ; 0            ; 17           ; no              ; no                     ; 1         ; no              ; no         ; no            ; no       ; Off          ; 2.5 V        ; Default          ; Series 50 Ohm without Calibration ; --                        ; no                         ; no                          ; 0                   ; Off                         ; Fitter               ; -                    ; -                   ;
; out8[6]               ; AJ12  ; 3B       ; 38           ; 0            ; 51           ; no              ; no                     ; 1         ; no              ; no         ; no            ; no       ; Off          ; 2.5 V        ; Default          ; Series 50 Ohm without Calibration ; --                        ; no                         ; no                          ; 0                   ; Off                         ; Fitter               ; -                    ; -                   ;
; outputNumber[0]       ; W24   ; 5A       ; 89           ; 15           ; 20           ; no              ; no                     ; 1         ; no              ; no         ; no            ; no       ; Off          ; 2.5 V        ; Default          ; Series 50 Ohm without Calibration ; --                        ; no                         ; no                          ; 0                   ; Off                         ; Fitter               ; -                    ; -                   ;
; outputNumber[10]      ; H12   ; 8A       ; 20           ; 81           ; 17           ; no              ; no                     ; 1         ; no              ; no         ; no            ; no       ; Off          ; 2.5 V        ; Default          ; Series 50 Ohm without Calibration ; --                        ; no                         ; no                          ; 0                   ; Off                         ; Fitter               ; -                    ; -                   ;
; outputNumber[11]      ; J9    ; 8A       ; 4            ; 81           ; 17           ; no              ; no                     ; 1         ; no              ; no         ; no            ; no       ; Off          ; 2.5 V        ; Default          ; Series 50 Ohm without Calibration ; --                        ; no                         ; no                          ; 0                   ; Off                         ; Fitter               ; -                    ; -                   ;
; outputNumber[12]      ; AH5   ; 3A       ; 14           ; 0            ; 51           ; no              ; no                     ; 1         ; no              ; no         ; no            ; no       ; Off          ; 2.5 V        ; Default          ; Series 50 Ohm without Calibration ; --                        ; no                         ; no                          ; 0                   ; Off                         ; Fitter               ; -                    ; -                   ;
; outputNumber[13]      ; AG6   ; 3A       ; 12           ; 0            ; 51           ; no              ; no                     ; 1         ; no              ; no         ; no            ; no       ; Off          ; 2.5 V        ; Default          ; Series 50 Ohm without Calibration ; --                        ; no                         ; no                          ; 0                   ; Off                         ; Fitter               ; -                    ; -                   ;
; outputNumber[14]      ; F8    ; 8A       ; 2            ; 81           ; 57           ; no              ; no                     ; 1         ; no              ; no         ; no            ; no       ; Off          ; 2.5 V        ; Default          ; Series 50 Ohm without Calibration ; --                        ; no                         ; no                          ; 0                   ; Off                         ; Fitter               ; -                    ; -                   ;
; outputNumber[15]      ; J14   ; 8A       ; 32           ; 81           ; 17           ; no              ; no                     ; 1         ; no              ; no         ; no            ; no       ; Off          ; 2.5 V        ; Default          ; Series 50 Ohm without Calibration ; --                        ; no                         ; no                          ; 0                   ; Off                         ; Fitter               ; -                    ; -                   ;
; outputNumber[16]      ; AE9   ; 3A       ; 2            ; 0            ; 91           ; no              ; no                     ; 1         ; no              ; no         ; no            ; no       ; Off          ; 2.5 V        ; Default          ; Series 50 Ohm without Calibration ; --                        ; no                         ; no                          ; 0                   ; Off                         ; Fitter               ; -                    ; -                   ;
; outputNumber[17]      ; AD12  ; 3A       ; 16           ; 0            ; 17           ; no              ; no                     ; 1         ; no              ; no         ; no            ; no       ; Off          ; 2.5 V        ; Default          ; Series 50 Ohm without Calibration ; --                        ; no                         ; no                          ; 0                   ; Off                         ; Fitter               ; -                    ; -                   ;
; outputNumber[18]      ; AA12  ; 3A       ; 12           ; 0            ; 0            ; no              ; no                     ; 1         ; no              ; no         ; no            ; no       ; Off          ; 2.5 V        ; Default          ; Series 50 Ohm without Calibration ; --                        ; no                         ; no                          ; 0                   ; Off                         ; Fitter               ; -                    ; -                   ;
; outputNumber[19]      ; AG25  ; 4A       ; 78           ; 0            ; 34           ; no              ; no                     ; 1         ; no              ; no         ; no            ; no       ; Off          ; 2.5 V        ; Default          ; Series 50 Ohm without Calibration ; --                        ; no                         ; no                          ; 0                   ; Off                         ; Fitter               ; -                    ; -                   ;
; outputNumber[1]       ; AB27  ; 5B       ; 89           ; 23           ; 20           ; no              ; no                     ; 1         ; no              ; no         ; no            ; no       ; Off          ; 2.5 V        ; Default          ; Series 50 Ohm without Calibration ; --                        ; no                         ; no                          ; 0                   ; Off                         ; Fitter               ; -                    ; -                   ;
; outputNumber[20]      ; AE29  ; 5B       ; 89           ; 23           ; 37           ; no              ; no                     ; 1         ; no              ; no         ; no            ; no       ; Off          ; 2.5 V        ; Default          ; Series 50 Ohm without Calibration ; --                        ; no                         ; no                          ; 0                   ; Off                         ; Fitter               ; -                    ; -                   ;
; outputNumber[21]      ; B3    ; 8A       ; 14           ; 81           ; 51           ; no              ; no                     ; 1         ; no              ; no         ; no            ; no       ; Off          ; 2.5 V        ; Default          ; Series 50 Ohm without Calibration ; --                        ; no                         ; no                          ; 0                   ; Off                         ; Fitter               ; -                    ; -                   ;
; outputNumber[22]      ; AD7   ; 3A       ; 6            ; 0            ; 0            ; no              ; no                     ; 1         ; no              ; no         ; no            ; no       ; Off          ; 2.5 V        ; Default          ; Series 50 Ohm without Calibration ; --                        ; no                         ; no                          ; 0                   ; Off                         ; Fitter               ; -                    ; -                   ;
; outputNumber[23]      ; AF4   ; 3A       ; 8            ; 0            ; 0            ; no              ; no                     ; 1         ; no              ; no         ; no            ; no       ; Off          ; 2.5 V        ; Default          ; Series 50 Ohm without Calibration ; --                        ; no                         ; no                          ; 0                   ; Off                         ; Fitter               ; -                    ; -                   ;
; outputNumber[24]      ; D5    ; 8A       ; 20           ; 81           ; 34           ; no              ; no                     ; 1         ; no              ; no         ; no            ; no       ; Off          ; 2.5 V        ; Default          ; Series 50 Ohm without Calibration ; --                        ; no                         ; no                          ; 0                   ; Off                         ; Fitter               ; -                    ; -                   ;
; outputNumber[25]      ; AF6   ; 3A       ; 12           ; 0            ; 34           ; no              ; no                     ; 1         ; no              ; no         ; no            ; no       ; Off          ; 2.5 V        ; Default          ; Series 50 Ohm without Calibration ; --                        ; no                         ; no                          ; 0                   ; Off                         ; Fitter               ; -                    ; -                   ;
; outputNumber[26]      ; AB22  ; 5A       ; 89           ; 9            ; 3            ; no              ; no                     ; 1         ; no              ; no         ; no            ; no       ; Off          ; 2.5 V        ; Default          ; Series 50 Ohm without Calibration ; --                        ; no                         ; no                          ; 0                   ; Off                         ; Fitter               ; -                    ; -                   ;
; outputNumber[27]      ; A4    ; 8A       ; 24           ; 81           ; 34           ; no              ; no                     ; 1         ; no              ; no         ; no            ; no       ; Off          ; 2.5 V        ; Default          ; Series 50 Ohm without Calibration ; --                        ; no                         ; no                          ; 0                   ; Off                         ; Fitter               ; -                    ; -                   ;
; outputNumber[28]      ; F13   ; 8A       ; 26           ; 81           ; 40           ; no              ; no                     ; 1         ; no              ; no         ; no            ; no       ; Off          ; 2.5 V        ; Default          ; Series 50 Ohm without Calibration ; --                        ; no                         ; no                          ; 0                   ; Off                         ; Fitter               ; -                    ; -                   ;
; outputNumber[29]      ; AD25  ; 5A       ; 89           ; 4            ; 43           ; no              ; no                     ; 1         ; no              ; no         ; no            ; no       ; Off          ; 2.5 V        ; Default          ; Series 50 Ohm without Calibration ; --                        ; no                         ; no                          ; 0                   ; Off                         ; Fitter               ; -                    ; -                   ;
; outputNumber[2]       ; AB23  ; 5A       ; 89           ; 9            ; 20           ; no              ; no                     ; 1         ; no              ; no         ; no            ; no       ; Off          ; 2.5 V        ; Default          ; Series 50 Ohm without Calibration ; --                        ; no                         ; no                          ; 0                   ; Off                         ; Fitter               ; -                    ; -                   ;
; outputNumber[30]      ; AD24  ; 4A       ; 88           ; 0            ; 35           ; no              ; no                     ; 1         ; no              ; no         ; no            ; no       ; Off          ; 2.5 V        ; Default          ; Series 50 Ohm without Calibration ; --                        ; no                         ; no                          ; 0                   ; Off                         ; Fitter               ; -                    ; -                   ;
; outputNumber[31]      ; AJ2   ; 3A       ; 14           ; 0            ; 17           ; no              ; no                     ; 1         ; no              ; no         ; no            ; no       ; Off          ; 2.5 V        ; Default          ; Series 50 Ohm without Calibration ; --                        ; no                         ; no                          ; 0                   ; Off                         ; Fitter               ; -                    ; -                   ;
; outputNumber[3]       ; AC27  ; 5A       ; 89           ; 16           ; 20           ; no              ; no                     ; 1         ; no              ; no         ; no            ; no       ; Off          ; 2.5 V        ; Default          ; Series 50 Ohm without Calibration ; --                        ; no                         ; no                          ; 0                   ; Off                         ; Fitter               ; -                    ; -                   ;
; outputNumber[4]       ; A5    ; 8A       ; 26           ; 81           ; 91           ; no              ; no                     ; 1         ; no              ; no         ; no            ; no       ; Off          ; 2.5 V        ; Default          ; Series 50 Ohm without Calibration ; --                        ; no                         ; no                          ; 0                   ; Off                         ; Fitter               ; -                    ; -                   ;
; outputNumber[5]       ; AF28  ; 5A       ; 89           ; 13           ; 54           ; no              ; no                     ; 1         ; no              ; no         ; no            ; no       ; Off          ; 2.5 V        ; Default          ; Series 50 Ohm without Calibration ; --                        ; no                         ; no                          ; 0                   ; Off                         ; Fitter               ; -                    ; -                   ;
; outputNumber[6]       ; AF25  ; 4A       ; 86           ; 0            ; 34           ; no              ; no                     ; 1         ; no              ; no         ; no            ; no       ; Off          ; 2.5 V        ; Default          ; Series 50 Ohm without Calibration ; --                        ; no                         ; no                          ; 0                   ; Off                         ; Fitter               ; -                    ; -                   ;
; outputNumber[7]       ; AA24  ; 5A       ; 89           ; 11           ; 43           ; no              ; no                     ; 1         ; no              ; no         ; no            ; no       ; Off          ; 2.5 V        ; Default          ; Series 50 Ohm without Calibration ; --                        ; no                         ; no                          ; 0                   ; Off                         ; Fitter               ; -                    ; -                   ;
; outputNumber[8]       ; C12   ; 8A       ; 36           ; 81           ; 34           ; no              ; no                     ; 1         ; no              ; no         ; no            ; no       ; Off          ; 2.5 V        ; Default          ; Series 50 Ohm without Calibration ; --                        ; no                         ; no                          ; 0                   ; Off                         ; Fitter               ; -                    ; -                   ;
; outputNumber[9]       ; AF8   ; 3A       ; 10           ; 0            ; 74           ; no              ; no                     ; 1         ; no              ; no         ; no            ; no       ; Off          ; 2.5 V        ; Default          ; Series 50 Ohm without Calibration ; --                        ; no                         ; no                          ; 0                   ; Off                         ; Fitter               ; -                    ; -                   ;
; outputReg3[0]         ; AK23  ; 4A       ; 72           ; 0            ; 34           ; no              ; no                     ; 1         ; no              ; no         ; no            ; no       ; Off          ; 2.5 V        ; Default          ; Series 50 Ohm without Calibration ; --                        ; no                         ; no                          ; 0                   ; Off                         ; Fitter               ; -                    ; -                   ;
; outputReg3[10]        ; AF24  ; 4A       ; 74           ; 0            ; 57           ; no              ; no                     ; 1         ; no              ; no         ; no            ; no       ; Off          ; 2.5 V        ; Default          ; Series 50 Ohm without Calibration ; --                        ; no                         ; no                          ; 0                   ; Off                         ; Fitter               ; -                    ; -                   ;
; outputReg3[11]        ; AK18  ; 4A       ; 58           ; 0            ; 57           ; no              ; no                     ; 1         ; no              ; no         ; no            ; no       ; Off          ; 2.5 V        ; Default          ; Series 50 Ohm without Calibration ; --                        ; no                         ; no                          ; 0                   ; Off                         ; Fitter               ; -                    ; -                   ;
; outputReg3[12]        ; AF26  ; 4A       ; 86           ; 0            ; 51           ; no              ; no                     ; 1         ; no              ; no         ; no            ; no       ; Off          ; 2.5 V        ; Default          ; Series 50 Ohm without Calibration ; --                        ; no                         ; no                          ; 0                   ; Off                         ; Fitter               ; -                    ; -                   ;
; outputReg3[13]        ; AH19  ; 4A       ; 58           ; 0            ; 91           ; no              ; no                     ; 1         ; no              ; no         ; no            ; no       ; Off          ; 2.5 V        ; Default          ; Series 50 Ohm without Calibration ; --                        ; no                         ; no                          ; 0                   ; Off                         ; Fitter               ; -                    ; -                   ;
; outputReg3[14]        ; AC23  ; 4A       ; 86           ; 0            ; 17           ; no              ; no                     ; 1         ; no              ; no         ; no            ; no       ; Off          ; 2.5 V        ; Default          ; Series 50 Ohm without Calibration ; --                        ; no                         ; no                          ; 0                   ; Off                         ; Fitter               ; -                    ; -                   ;
; outputReg3[15]        ; AJ26  ; 4A       ; 76           ; 0            ; 34           ; no              ; no                     ; 1         ; no              ; no         ; no            ; no       ; Off          ; 2.5 V        ; Default          ; Series 50 Ohm without Calibration ; --                        ; no                         ; no                          ; 0                   ; Off                         ; Fitter               ; -                    ; -                   ;
; outputReg3[16]        ; AH23  ; 4A       ; 70           ; 0            ; 34           ; no              ; no                     ; 1         ; no              ; no         ; no            ; no       ; Off          ; 2.5 V        ; Default          ; Series 50 Ohm without Calibration ; --                        ; no                         ; no                          ; 0                   ; Off                         ; Fitter               ; -                    ; -                   ;
; outputReg3[17]        ; C10   ; 8A       ; 28           ; 81           ; 34           ; no              ; no                     ; 1         ; no              ; no         ; no            ; no       ; Off          ; 2.5 V        ; Default          ; Series 50 Ohm without Calibration ; --                        ; no                         ; no                          ; 0                   ; Off                         ; Fitter               ; -                    ; -                   ;
; outputReg3[18]        ; AK19  ; 4A       ; 60           ; 0            ; 51           ; no              ; no                     ; 1         ; no              ; no         ; no            ; no       ; Off          ; 2.5 V        ; Default          ; Series 50 Ohm without Calibration ; --                        ; no                         ; no                          ; 0                   ; Off                         ; Fitter               ; -                    ; -                   ;
; outputReg3[19]        ; AK21  ; 4A       ; 68           ; 0            ; 34           ; no              ; no                     ; 1         ; no              ; no         ; no            ; no       ; Off          ; 2.5 V        ; Default          ; Series 50 Ohm without Calibration ; --                        ; no                         ; no                          ; 0                   ; Off                         ; Fitter               ; -                    ; -                   ;
; outputReg3[1]         ; AH25  ; 4A       ; 78           ; 0            ; 51           ; no              ; no                     ; 1         ; no              ; no         ; no            ; no       ; Off          ; 2.5 V        ; Default          ; Series 50 Ohm without Calibration ; --                        ; no                         ; no                          ; 0                   ; Off                         ; Fitter               ; -                    ; -                   ;
; outputReg3[20]        ; AC18  ; 4A       ; 64           ; 0            ; 0            ; no              ; no                     ; 1         ; no              ; no         ; no            ; no       ; Off          ; 2.5 V        ; Default          ; Series 50 Ohm without Calibration ; --                        ; no                         ; no                          ; 0                   ; Off                         ; Fitter               ; -                    ; -                   ;
; outputReg3[21]        ; AJ25  ; 4A       ; 74           ; 0            ; 91           ; no              ; no                     ; 1         ; no              ; no         ; no            ; no       ; Off          ; 2.5 V        ; Default          ; Series 50 Ohm without Calibration ; --                        ; no                         ; no                          ; 0                   ; Off                         ; Fitter               ; -                    ; -                   ;
; outputReg3[22]        ; AH24  ; 4A       ; 64           ; 0            ; 51           ; no              ; no                     ; 1         ; no              ; no         ; no            ; no       ; Off          ; 2.5 V        ; Default          ; Series 50 Ohm without Calibration ; --                        ; no                         ; no                          ; 0                   ; Off                         ; Fitter               ; -                    ; -                   ;
; outputReg3[23]        ; AK22  ; 4A       ; 68           ; 0            ; 51           ; no              ; no                     ; 1         ; no              ; no         ; no            ; no       ; Off          ; 2.5 V        ; Default          ; Series 50 Ohm without Calibration ; --                        ; no                         ; no                          ; 0                   ; Off                         ; Fitter               ; -                    ; -                   ;
; outputReg3[24]        ; AJ16  ; 4A       ; 54           ; 0            ; 34           ; no              ; no                     ; 1         ; no              ; no         ; no            ; no       ; Off          ; 2.5 V        ; Default          ; Series 50 Ohm without Calibration ; --                        ; no                         ; no                          ; 0                   ; Off                         ; Fitter               ; -                    ; -                   ;
; outputReg3[25]        ; AH20  ; 4A       ; 54           ; 0            ; 17           ; no              ; no                     ; 1         ; no              ; no         ; no            ; no       ; Off          ; 2.5 V        ; Default          ; Series 50 Ohm without Calibration ; --                        ; no                         ; no                          ; 0                   ; Off                         ; Fitter               ; -                    ; -                   ;
; outputReg3[26]        ; AE7   ; 3A       ; 6            ; 0            ; 17           ; no              ; no                     ; 1         ; no              ; no         ; no            ; no       ; Off          ; 2.5 V        ; Default          ; Series 50 Ohm without Calibration ; --                        ; no                         ; no                          ; 0                   ; Off                         ; Fitter               ; -                    ; -                   ;
; outputReg3[27]        ; AD14  ; 3B       ; 24           ; 0            ; 0            ; no              ; no                     ; 1         ; no              ; no         ; no            ; no       ; Off          ; 2.5 V        ; Default          ; Series 50 Ohm without Calibration ; --                        ; no                         ; no                          ; 0                   ; Off                         ; Fitter               ; -                    ; -                   ;
; outputReg3[28]        ; AK9   ; 3B       ; 30           ; 0            ; 51           ; no              ; no                     ; 1         ; no              ; no         ; no            ; no       ; Off          ; 2.5 V        ; Default          ; Series 50 Ohm without Calibration ; --                        ; no                         ; no                          ; 0                   ; Off                         ; Fitter               ; -                    ; -                   ;
; outputReg3[29]        ; AJ5   ; 3B       ; 24           ; 0            ; 34           ; no              ; no                     ; 1         ; no              ; no         ; no            ; no       ; Off          ; 2.5 V        ; Default          ; Series 50 Ohm without Calibration ; --                        ; no                         ; no                          ; 0                   ; Off                         ; Fitter               ; -                    ; -                   ;
; outputReg3[2]         ; AJ27  ; 4A       ; 80           ; 0            ; 34           ; no              ; no                     ; 1         ; no              ; no         ; no            ; no       ; Off          ; 2.5 V        ; Default          ; Series 50 Ohm without Calibration ; --                        ; no                         ; no                          ; 0                   ; Off                         ; Fitter               ; -                    ; -                   ;
; outputReg3[30]        ; AJ9   ; 3B       ; 30           ; 0            ; 34           ; no              ; no                     ; 1         ; no              ; no         ; no            ; no       ; Off          ; 2.5 V        ; Default          ; Series 50 Ohm without Calibration ; --                        ; no                         ; no                          ; 0                   ; Off                         ; Fitter               ; -                    ; -                   ;
; outputReg3[31]        ; AJ17  ; 4A       ; 58           ; 0            ; 40           ; no              ; no                     ; 1         ; no              ; no         ; no            ; no       ; Off          ; 2.5 V        ; Default          ; Series 50 Ohm without Calibration ; --                        ; no                         ; no                          ; 0                   ; Off                         ; Fitter               ; -                    ; -                   ;
; outputReg3[3]         ; AH29  ; 5A       ; 89           ; 6            ; 54           ; no              ; no                     ; 1         ; no              ; no         ; no            ; no       ; Off          ; 2.5 V        ; Default          ; Series 50 Ohm without Calibration ; --                        ; no                         ; no                          ; 0                   ; Off                         ; Fitter               ; -                    ; -                   ;
; outputReg3[4]         ; AJ22  ; 4A       ; 70           ; 0            ; 51           ; no              ; no                     ; 1         ; no              ; no         ; no            ; no       ; Off          ; 2.5 V        ; Default          ; Series 50 Ohm without Calibration ; --                        ; no                         ; no                          ; 0                   ; Off                         ; Fitter               ; -                    ; -                   ;
; outputReg3[5]         ; AG12  ; 3B       ; 26           ; 0            ; 40           ; no              ; no                     ; 1         ; no              ; no         ; no            ; no       ; Off          ; 2.5 V        ; Default          ; Series 50 Ohm without Calibration ; --                        ; no                         ; no                          ; 0                   ; Off                         ; Fitter               ; -                    ; -                   ;
; outputReg3[6]         ; AK24  ; 4A       ; 72           ; 0            ; 51           ; no              ; no                     ; 1         ; no              ; no         ; no            ; no       ; Off          ; 2.5 V        ; Default          ; Series 50 Ohm without Calibration ; --                        ; no                         ; no                          ; 0                   ; Off                         ; Fitter               ; -                    ; -                   ;
; outputReg3[7]         ; B11   ; 8A       ; 36           ; 81           ; 51           ; no              ; no                     ; 1         ; no              ; no         ; no            ; no       ; Off          ; 2.5 V        ; Default          ; Series 50 Ohm without Calibration ; --                        ; no                         ; no                          ; 0                   ; Off                         ; Fitter               ; -                    ; -                   ;
; outputReg3[8]         ; AA16  ; 4A       ; 56           ; 0            ; 0            ; no              ; no                     ; 1         ; no              ; no         ; no            ; no       ; Off          ; 2.5 V        ; Default          ; Series 50 Ohm without Calibration ; --                        ; no                         ; no                          ; 0                   ; Off                         ; Fitter               ; -                    ; -                   ;
; outputReg3[9]         ; AJ21  ; 4A       ; 62           ; 0            ; 51           ; no              ; no                     ; 1         ; no              ; no         ; no            ; no       ; Off          ; 2.5 V        ; Default          ; Series 50 Ohm without Calibration ; --                        ; no                         ; no                          ; 0                   ; Off                         ; Fitter               ; -                    ; -                   ;
; result[0]             ; AG13  ; 3B       ; 26           ; 0            ; 57           ; no              ; no                     ; 1         ; no              ; no         ; no            ; no       ; Off          ; 2.5 V        ; Default          ; Series 50 Ohm without Calibration ; --                        ; no                         ; no                          ; 0                   ; Off                         ; Fitter               ; -                    ; -                   ;
; result[10]            ; AF14  ; 3B       ; 32           ; 0            ; 0            ; no              ; no                     ; 1         ; no              ; no         ; no            ; no       ; Off          ; 2.5 V        ; Default          ; Series 50 Ohm without Calibration ; --                        ; no                         ; no                          ; 0                   ; Off                         ; Fitter               ; -                    ; -                   ;
; result[11]            ; AJ19  ; 4A       ; 60           ; 0            ; 34           ; no              ; no                     ; 1         ; no              ; no         ; no            ; no       ; Off          ; 2.5 V        ; Default          ; Series 50 Ohm without Calibration ; --                        ; no                         ; no                          ; 0                   ; Off                         ; Fitter               ; -                    ; -                   ;
; result[12]            ; F15   ; 8A       ; 36           ; 81           ; 0            ; no              ; no                     ; 1         ; no              ; no         ; no            ; no       ; Off          ; 2.5 V        ; Default          ; Series 50 Ohm without Calibration ; --                        ; no                         ; no                          ; 0                   ; Off                         ; Fitter               ; -                    ; -                   ;
; result[13]            ; AK2   ; 3B       ; 20           ; 0            ; 34           ; no              ; no                     ; 1         ; no              ; no         ; no            ; no       ; Off          ; 2.5 V        ; Default          ; Series 50 Ohm without Calibration ; --                        ; no                         ; no                          ; 0                   ; Off                         ; Fitter               ; -                    ; -                   ;
; result[14]            ; C13   ; 8A       ; 38           ; 81           ; 0            ; no              ; no                     ; 1         ; no              ; no         ; no            ; no       ; Off          ; 2.5 V        ; Default          ; Series 50 Ohm without Calibration ; --                        ; no                         ; no                          ; 0                   ; Off                         ; Fitter               ; -                    ; -                   ;
; result[15]            ; AK3   ; 3B       ; 20           ; 0            ; 51           ; no              ; no                     ; 1         ; no              ; no         ; no            ; no       ; Off          ; 2.5 V        ; Default          ; Series 50 Ohm without Calibration ; --                        ; no                         ; no                          ; 0                   ; Off                         ; Fitter               ; -                    ; -                   ;
; result[16]            ; F14   ; 8A       ; 36           ; 81           ; 17           ; no              ; no                     ; 1         ; no              ; no         ; no            ; no       ; Off          ; 2.5 V        ; Default          ; Series 50 Ohm without Calibration ; --                        ; no                         ; no                          ; 0                   ; Off                         ; Fitter               ; -                    ; -                   ;
; result[17]            ; Y16   ; 3B       ; 40           ; 0            ; 17           ; no              ; no                     ; 1         ; no              ; no         ; no            ; no       ; Off          ; 2.5 V        ; Default          ; Series 50 Ohm without Calibration ; --                        ; no                         ; no                          ; 0                   ; Off                         ; Fitter               ; -                    ; -                   ;
; result[18]            ; AB15  ; 3B       ; 28           ; 0            ; 0            ; no              ; no                     ; 1         ; no              ; no         ; no            ; no       ; Off          ; 2.5 V        ; Default          ; Series 50 Ohm without Calibration ; --                        ; no                         ; no                          ; 0                   ; Off                         ; Fitter               ; -                    ; -                   ;
; result[19]            ; B12   ; 8A       ; 38           ; 81           ; 17           ; no              ; no                     ; 1         ; no              ; no         ; no            ; no       ; Off          ; 2.5 V        ; Default          ; Series 50 Ohm without Calibration ; --                        ; no                         ; no                          ; 0                   ; Off                         ; Fitter               ; -                    ; -                   ;
; result[1]             ; Y21   ; 5A       ; 89           ; 6            ; 20           ; no              ; no                     ; 1         ; no              ; no         ; no            ; no       ; Off          ; 2.5 V        ; Default          ; Series 50 Ohm without Calibration ; --                        ; no                         ; no                          ; 0                   ; Off                         ; Fitter               ; -                    ; -                   ;
; result[20]            ; H15   ; 8A       ; 40           ; 81           ; 0            ; no              ; no                     ; 1         ; no              ; no         ; no            ; no       ; Off          ; 2.5 V        ; Default          ; Series 50 Ohm without Calibration ; --                        ; no                         ; no                          ; 0                   ; Off                         ; Fitter               ; -                    ; -                   ;
; result[21]            ; AJ14  ; 3B       ; 40           ; 0            ; 34           ; no              ; no                     ; 1         ; no              ; no         ; no            ; no       ; Off          ; 2.5 V        ; Default          ; Series 50 Ohm without Calibration ; --                        ; no                         ; no                          ; 0                   ; Off                         ; Fitter               ; -                    ; -                   ;
; result[22]            ; A13   ; 8A       ; 40           ; 81           ; 51           ; no              ; no                     ; 1         ; no              ; no         ; no            ; no       ; Off          ; 2.5 V        ; Default          ; Series 50 Ohm without Calibration ; --                        ; no                         ; no                          ; 0                   ; Off                         ; Fitter               ; -                    ; -                   ;
; result[23]            ; D11   ; 8A       ; 34           ; 81           ; 40           ; no              ; no                     ; 1         ; no              ; no         ; no            ; no       ; Off          ; 2.5 V        ; Default          ; Series 50 Ohm without Calibration ; --                        ; no                         ; no                          ; 0                   ; Off                         ; Fitter               ; -                    ; -                   ;
; result[24]            ; H14   ; 8A       ; 28           ; 81           ; 0            ; no              ; no                     ; 1         ; no              ; no         ; no            ; no       ; Off          ; 2.5 V        ; Default          ; Series 50 Ohm without Calibration ; --                        ; no                         ; no                          ; 0                   ; Off                         ; Fitter               ; -                    ; -                   ;
; result[25]            ; AJ20  ; 4A       ; 62           ; 0            ; 34           ; no              ; no                     ; 1         ; no              ; no         ; no            ; no       ; Off          ; 2.5 V        ; Default          ; Series 50 Ohm without Calibration ; --                        ; no                         ; no                          ; 0                   ; Off                         ; Fitter               ; -                    ; -                   ;
; result[26]            ; AK14  ; 3B       ; 40           ; 0            ; 51           ; no              ; no                     ; 1         ; no              ; no         ; no            ; no       ; Off          ; 2.5 V        ; Default          ; Series 50 Ohm without Calibration ; --                        ; no                         ; no                          ; 0                   ; Off                         ; Fitter               ; -                    ; -                   ;
; result[27]            ; G15   ; 8A       ; 40           ; 81           ; 17           ; no              ; no                     ; 1         ; no              ; no         ; no            ; no       ; Off          ; 2.5 V        ; Default          ; Series 50 Ohm without Calibration ; --                        ; no                         ; no                          ; 0                   ; Off                         ; Fitter               ; -                    ; -                   ;
; result[28]            ; A10   ; 8A       ; 38           ; 81           ; 51           ; no              ; no                     ; 1         ; no              ; no         ; no            ; no       ; Off          ; 2.5 V        ; Default          ; Series 50 Ohm without Calibration ; --                        ; no                         ; no                          ; 0                   ; Off                         ; Fitter               ; -                    ; -                   ;
; result[29]            ; AK16  ; 4A       ; 54           ; 0            ; 51           ; no              ; no                     ; 1         ; no              ; no         ; no            ; no       ; Off          ; 2.5 V        ; Default          ; Series 50 Ohm without Calibration ; --                        ; no                         ; no                          ; 0                   ; Off                         ; Fitter               ; -                    ; -                   ;
; result[2]             ; AK26  ; 4A       ; 76           ; 0            ; 51           ; no              ; no                     ; 1         ; no              ; no         ; no            ; no       ; Off          ; 2.5 V        ; Default          ; Series 50 Ohm without Calibration ; --                        ; no                         ; no                          ; 0                   ; Off                         ; Fitter               ; -                    ; -                   ;
; result[30]            ; AJ10  ; 3B       ; 34           ; 0            ; 91           ; no              ; no                     ; 1         ; no              ; no         ; no            ; no       ; Off          ; 2.5 V        ; Default          ; Series 50 Ohm without Calibration ; --                        ; no                         ; no                          ; 0                   ; Off                         ; Fitter               ; -                    ; -                   ;
; result[31]            ; B13   ; 8A       ; 40           ; 81           ; 34           ; no              ; no                     ; 1         ; no              ; no         ; no            ; no       ; Off          ; 2.5 V        ; Default          ; Series 50 Ohm without Calibration ; --                        ; no                         ; no                          ; 0                   ; Off                         ; Fitter               ; -                    ; -                   ;
; result[3]             ; AK7   ; 3B       ; 28           ; 0            ; 34           ; no              ; no                     ; 1         ; no              ; no         ; no            ; no       ; Off          ; 2.5 V        ; Default          ; Series 50 Ohm without Calibration ; --                        ; no                         ; no                          ; 0                   ; Off                         ; Fitter               ; -                    ; -                   ;
; result[4]             ; AH7   ; 3B       ; 32           ; 0            ; 34           ; no              ; no                     ; 1         ; no              ; no         ; no            ; no       ; Off          ; 2.5 V        ; Default          ; Series 50 Ohm without Calibration ; --                        ; no                         ; no                          ; 0                   ; Off                         ; Fitter               ; -                    ; -                   ;
; result[5]             ; AH28  ; 5A       ; 89           ; 4            ; 94           ; no              ; no                     ; 1         ; no              ; no         ; no            ; no       ; Off          ; 2.5 V        ; Default          ; Series 50 Ohm without Calibration ; --                        ; no                         ; no                          ; 0                   ; Off                         ; Fitter               ; -                    ; -                   ;
; result[6]             ; AE14  ; 3B       ; 24           ; 0            ; 17           ; no              ; no                     ; 1         ; no              ; no         ; no            ; no       ; Off          ; 2.5 V        ; Default          ; Series 50 Ohm without Calibration ; --                        ; no                         ; no                          ; 0                   ; Off                         ; Fitter               ; -                    ; -                   ;
; result[7]             ; AH10  ; 3B       ; 34           ; 0            ; 74           ; no              ; no                     ; 1         ; no              ; no         ; no            ; no       ; Off          ; 2.5 V        ; Default          ; Series 50 Ohm without Calibration ; --                        ; no                         ; no                          ; 0                   ; Off                         ; Fitter               ; -                    ; -                   ;
; result[8]             ; AH8   ; 3B       ; 32           ; 0            ; 51           ; no              ; no                     ; 1         ; no              ; no         ; no            ; no       ; Off          ; 2.5 V        ; Default          ; Series 50 Ohm without Calibration ; --                        ; no                         ; no                          ; 0                   ; Off                         ; Fitter               ; -                    ; -                   ;
; result[9]             ; AK8   ; 3B       ; 28           ; 0            ; 51           ; no              ; no                     ; 1         ; no              ; no         ; no            ; no       ; Off          ; 2.5 V        ; Default          ; Series 50 Ohm without Calibration ; --                        ; no                         ; no                          ; 0                   ; Off                         ; Fitter               ; -                    ; -                   ;
+-----------------------+-------+----------+--------------+--------------+--------------+-----------------+------------------------+-----------+-----------------+------------+---------------+----------+--------------+--------------+------------------+-----------------------------------+---------------------------+----------------------------+-----------------------------+---------------------+-----------------------------+----------------------+----------------------+---------------------+


+----------------------------------------------------------------------------+
; I/O Bank Usage                                                             ;
+----------+------------------+---------------+--------------+---------------+
; I/O Bank ; Usage            ; VCCIO Voltage ; VREF Voltage ; VCCPD Voltage ;
+----------+------------------+---------------+--------------+---------------+
; B2L      ; 0 / 14 ( 0 % )   ; --            ; --           ; --            ;
; B1L      ; 0 / 14 ( 0 % )   ; --            ; --           ; --            ;
; B0L      ; 0 / 14 ( 0 % )   ; --            ; --           ; --            ;
; 3A       ; 11 / 32 ( 34 % ) ; 2.5V          ; --           ; 2.5V          ;
; 3B       ; 36 / 48 ( 75 % ) ; 2.5V          ; --           ; 2.5V          ;
; 4A       ; 73 / 80 ( 91 % ) ; 2.5V          ; --           ; 2.5V          ;
; 5A       ; 15 / 32 ( 47 % ) ; 2.5V          ; --           ; 2.5V          ;
; 5B       ; 12 / 16 ( 75 % ) ; 2.5V          ; --           ; 2.5V          ;
; 6B       ; 0 / 44 ( 0 % )   ; 2.5V          ; --           ; 2.5V          ;
; 6A       ; 0 / 56 ( 0 % )   ; 2.5V          ; --           ; 2.5V          ;
; 7A       ; 0 / 19 ( 0 % )   ; 2.5V          ; --           ; 2.5V          ;
; 7B       ; 0 / 22 ( 0 % )   ; 2.5V          ; --           ; 2.5V          ;
; 7C       ; 0 / 12 ( 0 % )   ; 2.5V          ; --           ; 2.5V          ;
; 7D       ; 0 / 14 ( 0 % )   ; 2.5V          ; --           ; 2.5V          ;
; 8A       ; 24 / 80 ( 30 % ) ; 2.5V          ; --           ; 2.5V          ;
+----------+------------------+---------------+--------------+---------------+


+--------------------------------------------------------------------------------------------------------------------------------------------------------------------------+
; All Package Pins                                                                                                                                                         ;
+----------+------------+----------------+------------------------+--------+--------------+---------------------+--------------+-----------------+----------+--------------+
; Location ; Pad Number ; I/O Bank       ; Pin Name/Usage         ; Dir.   ; I/O Standard ; Voltage             ; I/O Type     ; User Assignment ; Bus Hold ; Weak Pull Up ;
+----------+------------+----------------+------------------------+--------+--------------+---------------------+--------------+-----------------+----------+--------------+
; A2       ;            ;                ; GND                    ; gnd    ;              ;                     ; --           ;                 ; --       ; --           ;
; A3       ; 493        ; 8A             ; RESERVED_INPUT         ;        ;              ;                     ; Column I/O   ;                 ; no       ; Off          ;
; A4       ; 491        ; 8A             ; outputNumber[27]       ; output ; 2.5 V        ;                     ; Column I/O   ; N               ; no       ; Off          ;
; A5       ; 489        ; 8A             ; outputNumber[4]        ; output ; 2.5 V        ;                     ; Column I/O   ; N               ; no       ; Off          ;
; A6       ; 487        ; 8A             ; RESERVED_INPUT         ;        ;              ;                     ; Column I/O   ;                 ; no       ; Off          ;
; A7       ;            ; 8A             ; VCCIO8A                ; power  ;              ; 2.5V                ; --           ;                 ; --       ; --           ;
; A8       ; 473        ; 8A             ; RESERVED_INPUT         ;        ;              ;                     ; Column I/O   ;                 ; no       ; Off          ;
; A9       ; 471        ; 8A             ; RESERVED_INPUT         ;        ;              ;                     ; Column I/O   ;                 ; no       ; Off          ;
; A10      ; 465        ; 8A             ; result[28]             ; output ; 2.5 V        ;                     ; Column I/O   ; N               ; no       ; Off          ;
; A11      ; 463        ; 8A             ; RESERVED_INPUT         ;        ;              ;                     ; Column I/O   ;                 ; no       ; Off          ;
; A12      ;            ;                ; GND                    ; gnd    ;              ;                     ; --           ;                 ; --       ; --           ;
; A13      ; 461        ; 8A             ; result[22]             ; output ; 2.5 V        ;                     ; Column I/O   ; N               ; no       ; Off          ;
; A14      ; 455        ; 7D             ; RESERVED_INPUT         ;        ;              ;                     ; Column I/O   ;                 ; no       ; Off          ;
; A15      ; 447        ; 7D             ; RESERVED_INPUT         ;        ;              ;                     ; Column I/O   ;                 ; no       ; Off          ;
; A16      ; 439        ; 7C             ; RESERVED_INPUT         ;        ;              ;                     ; Column I/O   ;                 ; no       ; Off          ;
; A17      ;            ;                ; GND                    ; gnd    ;              ;                     ; --           ;                 ; --       ; --           ;
; A18      ; 425        ; 7B             ; RESERVED_INPUT         ;        ;              ;                     ; Column I/O   ;                 ; no       ; Off          ;
; A19      ; 423        ; 7B             ; RESERVED_INPUT         ;        ;              ;                     ; Column I/O   ;                 ; no       ; Off          ;
; A20      ; 415        ; 7B             ; RESERVED_INPUT         ;        ;              ;                     ; Column I/O   ;                 ; no       ; Off          ;
; A21      ; 411        ; 7B             ; RESERVED_INPUT         ;        ;              ;                     ; Column I/O   ;                 ; no       ; Off          ;
; A22      ;            ;                ; GND                    ; gnd    ;              ;                     ; --           ;                 ; --       ; --           ;
; A23      ; 395        ; 7A             ; RESERVED_INPUT         ;        ;              ;                     ; Column I/O   ;                 ; no       ; Off          ;
; A24      ; 391        ; 7A             ; RESERVED_INPUT         ;        ;              ;                     ; Column I/O   ;                 ; no       ; Off          ;
; A25      ; 389        ; 7A             ; RESERVED_INPUT         ;        ;              ;                     ; Column I/O   ;                 ; no       ; Off          ;
; A26      ; 382        ; 7A             ; ^GND                   ;        ;              ;                     ; --           ;                 ; --       ; --           ;
; A27      ;            ;                ; GND                    ; gnd    ;              ;                     ; --           ;                 ; --       ; --           ;
; A28      ; 380        ; 7A             ; ^HPS_TRST              ;        ;              ;                     ; --           ;                 ; --       ; --           ;
; A29      ; 378        ; 7A             ; ^HPS_TMS               ;        ;              ;                     ; --           ;                 ; --       ; --           ;
; AA1      ; 31         ; B0L            ; GND                    ;        ;              ;                     ; --           ;                 ; --       ; --           ;
; AA2      ; 30         ; B0L            ; GND                    ;        ;              ;                     ; --           ;                 ; --       ; --           ;
; AA3      ;            ;                ; GND                    ; gnd    ;              ;                     ; --           ;                 ; --       ; --           ;
; AA4      ;            ;                ; GND                    ; gnd    ;              ;                     ; --           ;                 ; --       ; --           ;
; AA5      ;            ; --             ; VCCE_GXBL              ; power  ;              ; 1.1V                ; --           ;                 ; --       ; --           ;
; AA6      ;            ;                ; GND                    ; gnd    ;              ;                     ; --           ;                 ; --       ; --           ;
; AA7      ;            ;                ; DNU                    ;        ;              ;                     ; --           ;                 ; --       ; --           ;
; AA8      ;            ; --             ; VCCA_FPLL              ; power  ;              ; 2.5V                ; --           ;                 ; --       ; --           ;
; AA9      ;            ;                ; GND                    ; gnd    ;              ;                     ; --           ;                 ; --       ; --           ;
; AA10     ;            ; 3A             ; VCCPD3A                ; power  ;              ; 2.5V                ; --           ;                 ; --       ; --           ;
; AA11     ;            ;                ; GND                    ; gnd    ;              ;                     ; --           ;                 ; --       ; --           ;
; AA12     ; 74         ; 3A             ; outputNumber[18]       ; output ; 2.5 V        ;                     ; Column I/O   ; N               ; no       ; Off          ;
; AA13     ; 90         ; 3B             ; RESERVED_INPUT         ;        ;              ;                     ; Column I/O   ;                 ; no       ; Off          ;
; AA14     ; 122        ; 3B             ; out7[4]                ; output ; 2.5 V        ;                     ; Column I/O   ; N               ; no       ; Off          ;
; AA15     ; 120        ; 3B             ; out8[3]                ; output ; 2.5 V        ;                     ; Column I/O   ; N               ; no       ; Off          ;
; AA16     ; 146        ; 4A             ; outputReg3[8]          ; output ; 2.5 V        ;                     ; Column I/O   ; N               ; no       ; Off          ;
; AA17     ;            ; 4A             ; VCCIO4A                ; power  ;              ; 2.5V                ; --           ;                 ; --       ; --           ;
; AA18     ; 168        ; 4A             ; out3[2]                ; output ; 2.5 V        ;                     ; Column I/O   ; Y               ; no       ; Off          ;
; AA19     ; 176        ; 4A             ; out4[5]                ; output ; 2.5 V        ;                     ; Column I/O   ; Y               ; no       ; Off          ;
; AA20     ; 200        ; 4A             ; out4[3]                ; output ; 2.5 V        ;                     ; Column I/O   ; Y               ; no       ; Off          ;
; AA21     ; 210        ; 4A             ; out3[0]                ; output ; 2.5 V        ;                     ; Column I/O   ; Y               ; no       ; Off          ;
; AA22     ;            ;                ; GND                    ; gnd    ;              ;                     ; --           ;                 ; --       ; --           ;
; AA23     ;            ; --             ; VCCPGM                 ; power  ;              ; 1.8V/2.5V/3.0V/3.3V ; --           ;                 ; --       ; --           ;
; AA24     ; 228        ; 5A             ; outputNumber[7]        ; output ; 2.5 V        ;                     ; Row I/O      ; N               ; no       ; Off          ;
; AA25     ; 224        ; 5A             ; RESERVED_INPUT         ;        ;              ;                     ; Row I/O      ;                 ; no       ; Off          ;
; AA26     ; 252        ; 5B             ; RESERVED_INPUT         ;        ;              ;                     ; Row I/O      ;                 ; no       ; Off          ;
; AA27     ;            ; 5B             ; VCCIO5B                ; power  ;              ; 2.5V                ; --           ;                 ; --       ; --           ;
; AA28     ; 251        ; 5B             ; RESERVED_INPUT         ;        ;              ;                     ; Row I/O      ;                 ; no       ; Off          ;
; AA29     ;            ; 5B             ; VREFB5BN0              ; power  ;              ;                     ; --           ;                 ; --       ; --           ;
; AA30     ; 250        ; 5B             ; RESERVED_INPUT         ;        ;              ;                     ; Row I/O      ;                 ; no       ; Off          ;
; AB1      ;            ;                ; GND                    ; gnd    ;              ;                     ; --           ;                 ; --       ; --           ;
; AB2      ;            ;                ; GND                    ; gnd    ;              ;                     ; --           ;                 ; --       ; --           ;
; AB3      ; 32         ; B0L            ; GXB_NC                 ;        ;              ;                     ; --           ;                 ; --       ; --           ;
; AB4      ; 33         ; B0L            ; GXB_NC                 ;        ;              ;                     ; --           ;                 ; --       ; --           ;
; AB5      ;            ;                ; GND                    ; gnd    ;              ;                     ; --           ;                 ; --       ; --           ;
; AB6      ;            ; --             ; VCCH_GXBL              ; power  ;              ; 2.5V                ; --           ;                 ; --       ; --           ;
; AB7      ;            ;                ; GND                    ; gnd    ;              ;                     ; --           ;                 ; --       ; --           ;
; AB8      ; 43         ; 3A             ; ^nCSO, DATA4           ;        ;              ;                     ; Weak Pull Up ;                 ; --       ; On           ;
; AB9      ; 42         ; 3A             ; #TDO                   ; output ;              ;                     ; --           ;                 ; --       ; --           ;
; AB10     ;            ; --             ; VCCPGM                 ; power  ;              ; 1.8V/2.5V/3.0V/3.3V ; --           ;                 ; --       ; --           ;
; AB11     ;            ; --             ; VCC_AUX                ; power  ;              ; 2.5V                ; --           ;                 ; --       ; --           ;
; AB12     ; 72         ; 3A             ; RESERVED_INPUT         ;        ;              ;                     ; Column I/O   ;                 ; no       ; Off          ;
; AB13     ; 88         ; 3B             ; RESERVED_INPUT         ;        ;              ;                     ; Column I/O   ;                 ; no       ; Off          ;
; AB14     ;            ; 3B             ; VCCIO3B                ; power  ;              ; 2.5V                ; --           ;                 ; --       ; --           ;
; AB15     ; 106        ; 3B             ; result[18]             ; output ; 2.5 V        ;                     ; Column I/O   ; N               ; no       ; Off          ;
; AB16     ;            ; --             ; VCC_AUX                ; power  ;              ; 2.5V                ; --           ;                 ; --       ; --           ;
; AB17     ; 144        ; 4A             ; out3[1]                ; output ; 2.5 V        ;                     ; Column I/O   ; Y               ; no       ; Off          ;
; AB18     ;            ; 3B, 4A         ; VCCPD3B4A              ; power  ;              ; 2.5V                ; --           ;                 ; --       ; --           ;
; AB19     ;            ;                ; GND                    ; gnd    ;              ;                     ; --           ;                 ; --       ; --           ;
; AB20     ;            ; 3B, 4A         ; VCCPD3B4A              ; power  ;              ; 2.5V                ; --           ;                 ; --       ; --           ;
; AB21     ; 208        ; 4A             ; out6[6]                ; output ; 2.5 V        ;                     ; Column I/O   ; Y               ; no       ; Off          ;
; AB22     ; 225        ; 5A             ; outputNumber[26]       ; output ; 2.5 V        ;                     ; Row I/O      ; N               ; no       ; Off          ;
; AB23     ; 227        ; 5A             ; outputNumber[2]        ; output ; 2.5 V        ;                     ; Row I/O      ; N               ; no       ; Off          ;
; AB24     ;            ; 5A             ; VCCIO5A                ; power  ;              ; 2.5V                ; --           ;                 ; --       ; --           ;
; AB25     ; 230        ; 5A             ; RESERVED_INPUT         ;        ;              ;                     ; Row I/O      ;                 ; no       ; Off          ;
; AB26     ; 226        ; 5A             ; OutputRandomNumber[3]  ; output ; 2.5 V        ;                     ; Row I/O      ; N               ; no       ; Off          ;
; AB27     ; 254        ; 5B             ; outputNumber[1]        ; output ; 2.5 V        ;                     ; Row I/O      ; N               ; no       ; Off          ;
; AB28     ; 249        ; 5B             ; RandomNumber[2]        ; input  ; 2.5 V        ;                     ; Row I/O      ; Y               ; no       ; Off          ;
; AB29     ;            ;                ; GND                    ; gnd    ;              ;                     ; --           ;                 ; --       ; --           ;
; AB30     ; 248        ; 5B             ; RandomNumber[0]        ; input  ; 2.5 V        ;                     ; Row I/O      ; Y               ; no       ; Off          ;
; AC1      ; 35         ; B0L            ; GND                    ;        ;              ;                     ; --           ;                 ; --       ; --           ;
; AC2      ; 34         ; B0L            ; GND                    ;        ;              ;                     ; --           ;                 ; --       ; --           ;
; AC3      ;            ;                ; GND                    ; gnd    ;              ;                     ; --           ;                 ; --       ; --           ;
; AC4      ;            ;                ; GND                    ; gnd    ;              ;                     ; --           ;                 ; --       ; --           ;
; AC5      ; 46         ; 3A             ; #TCK                   ; input  ;              ;                     ; --           ;                 ; --       ; --           ;
; AC6      ;            ;                ; GND                    ; gnd    ;              ;                     ; --           ;                 ; --       ; --           ;
; AC7      ; 45         ; 3A             ; ^AS_DATA3, DATA3       ;        ;              ;                     ; Weak Pull Up ;                 ; --       ; On           ;
; AC8      ;            ;                ; GND                    ; gnd    ;              ;                     ; --           ;                 ; --       ; --           ;
; AC9      ; 58         ; 3A             ; RESERVED_INPUT         ;        ;              ;                     ; Column I/O   ;                 ; no       ; Off          ;
; AC10     ;            ; 3A             ; VCCPD3A                ; power  ;              ; 2.5V                ; --           ;                 ; --       ; --           ;
; AC11     ;            ; 3A             ; VCCIO3A                ; power  ;              ; 2.5V                ; --           ;                 ; --       ; --           ;
; AC12     ; 82         ; 3A             ; RESERVED_INPUT         ;        ;              ;                     ; Column I/O   ;                 ; no       ; Off          ;
; AC13     ;            ; 3B, 4A         ; VCCPD3B4A              ; power  ;              ; 2.5V                ; --           ;                 ; --       ; --           ;
; AC14     ; 104        ; 3B             ; reset                  ; input  ; 2.5 V        ;                     ; Column I/O   ; N               ; no       ; Off          ;
; AC15     ;            ; 3B, 4A         ; VCCPD3B4A              ; power  ;              ; 2.5V                ; --           ;                 ; --       ; --           ;
; AC16     ;            ;                ; GND                    ; gnd    ;              ;                     ; --           ;                 ; --       ; --           ;
; AC17     ;            ; 3B, 4A         ; VCCPD3B4A              ; power  ;              ; 2.5V                ; --           ;                 ; --       ; --           ;
; AC18     ; 162        ; 4A             ; outputReg3[20]         ; output ; 2.5 V        ;                     ; Column I/O   ; N               ; no       ; Off          ;
; AC19     ;            ; 3B, 4A         ; VCCPD3B4A              ; power  ;              ; 2.5V                ; --           ;                 ; --       ; --           ;
; AC20     ; 186        ; 4A             ; out4[4]                ; output ; 2.5 V        ;                     ; Column I/O   ; Y               ; no       ; Off          ;
; AC21     ;            ; 4A             ; VCCIO4A                ; power  ;              ; 2.5V                ; --           ;                 ; --       ; --           ;
; AC22     ; 207        ; 4A             ; RESERVED_INPUT         ;        ;              ;                     ; Column I/O   ;                 ; no       ; Off          ;
; AC23     ; 205        ; 4A             ; outputReg3[14]         ; output ; 2.5 V        ;                     ; Column I/O   ; N               ; no       ; Off          ;
; AC24     ;            ; 5A             ; VREFB5AN0              ; power  ;              ;                     ; --           ;                 ; --       ; --           ;
; AC25     ; 215        ; 5A             ; RESERVED_INPUT         ;        ;              ;                     ; Row I/O      ;                 ; no       ; Off          ;
; AC26     ;            ;                ; GND                    ; gnd    ;              ;                     ; --           ;                 ; --       ; --           ;
; AC27     ; 242        ; 5A             ; outputNumber[3]        ; output ; 2.5 V        ;                     ; Row I/O      ; N               ; no       ; Off          ;
; AC28     ; 245        ; 5B             ; RandomNumber[6]        ; input  ; 2.5 V        ;                     ; Row I/O      ; Y               ; no       ; Off          ;
; AC29     ; 247        ; 5B             ; myreset                ; input  ; 2.5 V        ;                     ; Row I/O      ; Y               ; no       ; Off          ;
; AC30     ; 259        ; 5B             ; RandomNumber[3]        ; input  ; 2.5 V        ;                     ; Row I/O      ; Y               ; no       ; Off          ;
; AD1      ;            ;                ; GND                    ; gnd    ;              ;                     ; --           ;                 ; --       ; --           ;
; AD2      ;            ;                ; GND                    ; gnd    ;              ;                     ; --           ;                 ; --       ; --           ;
; AD3      ; 36         ; B0L            ; GXB_NC                 ;        ;              ;                     ; --           ;                 ; --       ; --           ;
; AD4      ; 37         ; B0L            ; GXB_NC                 ;        ;              ;                     ; --           ;                 ; --       ; --           ;
; AD5      ;            ;                ; GND                    ; gnd    ;              ;                     ; --           ;                 ; --       ; --           ;
; AD6      ;            ; 3A             ; VREFB3AN0              ; power  ;              ;                     ; --           ;                 ; --       ; --           ;
; AD7      ; 62         ; 3A             ; outputNumber[22]       ; output ; 2.5 V        ;                     ; Column I/O   ; N               ; no       ; Off          ;
; AD8      ;            ; 3A             ; VCCIO3A                ; power  ;              ; 2.5V                ; --           ;                 ; --       ; --           ;
; AD9      ; 55         ; 3A             ; RESERVED_INPUT         ;        ;              ;                     ; Column I/O   ;                 ; no       ; Off          ;
; AD10     ; 56         ; 3A             ; RESERVED_INPUT         ;        ;              ;                     ; Column I/O   ;                 ; no       ; Off          ;
; AD11     ; 54         ; 3A             ; RESERVED_INPUT         ;        ;              ;                     ; Column I/O   ;                 ; no       ; Off          ;
; AD12     ; 80         ; 3A             ; outputNumber[17]       ; output ; 2.5 V        ;                     ; Column I/O   ; N               ; no       ; Off          ;
; AD13     ;            ; 3B             ; VCCIO3B                ; power  ;              ; 2.5V                ; --           ;                 ; --       ; --           ;
; AD14     ; 98         ; 3B             ; outputReg3[27]         ; output ; 2.5 V        ;                     ; Column I/O   ; N               ; no       ; Off          ;
; AD15     ;            ;                ; DNU                    ;        ;              ;                     ; --           ;                 ; --       ; --           ;
; AD16     ;            ; 3B, 4A         ; VCCPD3B4A              ; power  ;              ; 2.5V                ; --           ;                 ; --       ; --           ;
; AD17     ; 160        ; 4A             ; out2[3]                ; output ; 2.5 V        ;                     ; Column I/O   ; Y               ; no       ; Off          ;
; AD18     ;            ; 4A             ; VCCIO4A                ; power  ;              ; 2.5V                ; --           ;                 ; --       ; --           ;
; AD19     ; 184        ; 4A             ; out4[2]                ; output ; 2.5 V        ;                     ; Column I/O   ; Y               ; no       ; Off          ;
; AD20     ; 199        ; 4A             ; out4[6]                ; output ; 2.5 V        ;                     ; Column I/O   ; Y               ; no       ; Off          ;
; AD21     ; 197        ; 4A             ; out5[0]                ; output ; 2.5 V        ;                     ; Column I/O   ; Y               ; no       ; Off          ;
; AD22     ;            ; --             ; VCC_AUX                ; power  ;              ; 2.5V                ; --           ;                 ; --       ; --           ;
; AD23     ;            ;                ; GND                    ; gnd    ;              ;                     ; --           ;                 ; --       ; --           ;
; AD24     ; 211        ; 4A             ; outputNumber[30]       ; output ; 2.5 V        ;                     ; Column I/O   ; N               ; no       ; Off          ;
; AD25     ; 213        ; 5A             ; outputNumber[29]       ; output ; 2.5 V        ;                     ; Row I/O      ; N               ; no       ; Off          ;
; AD26     ; 240        ; 5A             ; OutputRandomNumber[2]  ; output ; 2.5 V        ;                     ; Row I/O      ; N               ; no       ; Off          ;
; AD27     ; 222        ; 5A             ; RESERVED_INPUT         ;        ;              ;                     ; Row I/O      ;                 ; no       ; Off          ;
; AD28     ;            ; 5A             ; VCCIO5A                ; power  ;              ; 2.5V                ; --           ;                 ; --       ; --           ;
; AD29     ; 255        ; 5B             ; OutputRandomNumber[1]  ; output ; 2.5 V        ;                     ; Row I/O      ; N               ; no       ; Off          ;
; AD30     ; 257        ; 5B             ; RandomNumber[7]        ; input  ; 2.5 V        ;                     ; Row I/O      ; Y               ; no       ; Off          ;
; AE1      ; 39         ; B0L            ; GND                    ;        ;              ;                     ; --           ;                 ; --       ; --           ;
; AE2      ; 38         ; B0L            ; GND                    ;        ;              ;                     ; --           ;                 ; --       ; --           ;
; AE3      ;            ;                ; GND                    ; gnd    ;              ;                     ; --           ;                 ; --       ; --           ;
; AE4      ;            ;                ; GND                    ; gnd    ;              ;                     ; --           ;                 ; --       ; --           ;
; AE5      ; 49         ; 3A             ; ^AS_DATA1, DATA1       ;        ;              ;                     ; Weak Pull Up ;                 ; --       ; On           ;
; AE6      ; 51         ; 3A             ; ^AS_DATA0, ASDO, DATA0 ;        ;              ;                     ; Weak Pull Up ;                 ; --       ; On           ;
; AE7      ; 60         ; 3A             ; outputReg3[26]         ; output ; 2.5 V        ;                     ; Column I/O   ; N               ; no       ; Off          ;
; AE8      ; 47         ; 3A             ; ^AS_DATA2, DATA2       ;        ;              ;                     ; Weak Pull Up ;                 ; --       ; On           ;
; AE9      ; 53         ; 3A             ; outputNumber[16]       ; output ; 2.5 V        ;                     ; Column I/O   ; N               ; no       ; Off          ;
; AE10     ;            ;                ; GND                    ; gnd    ;              ;                     ; --           ;                 ; --       ; --           ;
; AE11     ; 59         ; 3A             ; RESERVED_INPUT         ;        ;              ;                     ; Column I/O   ;                 ; no       ; Off          ;
; AE12     ; 52         ; 3A             ; RESERVED_INPUT         ;        ;              ;                     ; Column I/O   ;                 ; no       ; Off          ;
; AE13     ; 95         ; 3B             ; RESERVED_INPUT         ;        ;              ;                     ; Column I/O   ;                 ; no       ; Off          ;
; AE14     ; 96         ; 3B             ; result[6]              ; output ; 2.5 V        ;                     ; Column I/O   ; N               ; no       ; Off          ;
; AE15     ;            ; 3B             ; VCCIO3B                ; power  ;              ; 2.5V                ; --           ;                 ; --       ; --           ;
; AE16     ; 139        ; 4A             ; out2[2]                ; output ; 2.5 V        ;                     ; Column I/O   ; Y               ; no       ; Off          ;
; AE17     ; 135        ; 4A             ; out2[5]                ; output ; 2.5 V        ;                     ; Column I/O   ; Y               ; no       ; Off          ;
; AE18     ; 167        ; 4A             ; out2[4]                ; output ; 2.5 V        ;                     ; Column I/O   ; Y               ; no       ; Off          ;
; AE19     ; 165        ; 4A             ; out6[4]                ; output ; 2.5 V        ;                     ; Column I/O   ; Y               ; no       ; Off          ;
; AE20     ;            ;                ; GND                    ; gnd    ;              ;                     ; --           ;                 ; --       ; --           ;
; AE21     ;            ; 3B, 4A         ; VCCPD3B4A              ; power  ;              ; 2.5V                ; --           ;                 ; --       ; --           ;
; AE22     ; 191        ; 4A             ; out5[2]                ; output ; 2.5 V        ;                     ; Column I/O   ; Y               ; no       ; Off          ;
; AE23     ; 189        ; 4A             ; out5[3]                ; output ; 2.5 V        ;                     ; Column I/O   ; Y               ; no       ; Off          ;
; AE24     ; 209        ; 4A             ; RESERVED_INPUT         ;        ;              ;                     ; Column I/O   ;                 ; no       ; Off          ;
; AE25     ;            ; 4A             ; VCCIO4A                ; power  ;              ; 2.5V                ; --           ;                 ; --       ; --           ;
; AE26     ; 220        ; 5A             ; OutputRandomNumber[0]  ; output ; 2.5 V        ;                     ; Row I/O      ; N               ; no       ; Off          ;
; AE27     ; 229        ; 5A             ; OutputRandomNumber[7]  ; output ; 2.5 V        ;                     ; Row I/O      ; N               ; no       ; Off          ;
; AE28     ; 231        ; 5A             ; RESERVED_INPUT         ;        ;              ;                     ; Row I/O      ;                 ; no       ; Off          ;
; AE29     ; 253        ; 5B             ; outputNumber[20]       ; output ; 2.5 V        ;                     ; Row I/O      ; N               ; no       ; Off          ;
; AE30     ;            ; 5B             ; VCCIO5B                ; power  ;              ; 2.5V                ; --           ;                 ; --       ; --           ;
; AF1      ;            ;                ; GND                    ; gnd    ;              ;                     ; --           ;                 ; --       ; --           ;
; AF2      ;            ;                ; GND                    ; gnd    ;              ;                     ; --           ;                 ; --       ; --           ;
; AF3      ;            ;                ; GND                    ; gnd    ;              ;                     ; --           ;                 ; --       ; --           ;
; AF4      ; 66         ; 3A             ; outputNumber[23]       ; output ; 2.5 V        ;                     ; Column I/O   ; N               ; no       ; Off          ;
; AF5      ; 64         ; 3A             ; RESERVED_INPUT         ;        ;              ;                     ; Column I/O   ;                 ; no       ; Off          ;
; AF6      ; 75         ; 3A             ; outputNumber[25]       ; output ; 2.5 V        ;                     ; Column I/O   ; N               ; no       ; Off          ;
; AF7      ;            ; 3A             ; VCCIO3A                ; power  ;              ; 2.5V                ; --           ;                 ; --       ; --           ;
; AF8      ; 70         ; 3A             ; outputNumber[9]        ; output ; 2.5 V        ;                     ; Column I/O   ; N               ; no       ; Off          ;
; AF9      ; 67         ; 3A             ; RESERVED_INPUT         ;        ;              ;                     ; Column I/O   ;                 ; no       ; Off          ;
; AF10     ; 57         ; 3A             ; RESERVED_INPUT         ;        ;              ;                     ; Column I/O   ;                 ; no       ; Off          ;
; AF11     ; 87         ; 3B             ; RESERVED_INPUT         ;        ;              ;                     ; Column I/O   ;                 ; no       ; Off          ;
; AF12     ;            ;                ; GND                    ; gnd    ;              ;                     ; --           ;                 ; --       ; --           ;
; AF13     ; 93         ; 3B             ; RESERVED_INPUT         ;        ;              ;                     ; Column I/O   ;                 ; no       ; Off          ;
; AF14     ; 114        ; 3B             ; result[10]             ; output ; 2.5 V        ;                     ; Column I/O   ; N               ; no       ; Off          ;
; AF15     ; 112        ; 3B             ; out8[5]                ; output ; 2.5 V        ;                     ; Column I/O   ; N               ; no       ; Off          ;
; AF16     ; 137        ; 4A             ; out2[0]                ; output ; 2.5 V        ;                     ; Column I/O   ; Y               ; no       ; Off          ;
; AF17     ;            ;                ; GND                    ; gnd    ;              ;                     ; --           ;                 ; --       ; --           ;
; AF18     ; 133        ; 4A             ; out3[5]                ; output ; 2.5 V        ;                     ; Column I/O   ; Y               ; no       ; Off          ;
; AF19     ; 159        ; 4A             ; out6[5]                ; output ; 2.5 V        ;                     ; Column I/O   ; Y               ; no       ; Off          ;
; AF20     ; 175        ; 4A             ; out6[2]                ; output ; 2.5 V        ;                     ; Column I/O   ; Y               ; no       ; Off          ;
; AF21     ; 173        ; 4A             ; out6[0]                ; output ; 2.5 V        ;                     ; Column I/O   ; Y               ; no       ; Off          ;
; AF22     ;            ; 4A             ; VCCIO4A                ; power  ;              ; 2.5V                ; --           ;                 ; --       ; --           ;
; AF23     ; 183        ; 4A             ; out5[5]                ; output ; 2.5 V        ;                     ; Column I/O   ; Y               ; no       ; Off          ;
; AF24     ; 181        ; 4A             ; outputReg3[10]         ; output ; 2.5 V        ;                     ; Column I/O   ; N               ; no       ; Off          ;
; AF25     ; 206        ; 4A             ; outputNumber[6]        ; output ; 2.5 V        ;                     ; Column I/O   ; N               ; no       ; Off          ;
; AF26     ; 204        ; 4A             ; outputReg3[12]         ; output ; 2.5 V        ;                     ; Column I/O   ; N               ; no       ; Off          ;
; AF27     ;            ;                ; GND                    ; gnd    ;              ;                     ; --           ;                 ; --       ; --           ;
; AF28     ; 235        ; 5A             ; outputNumber[5]        ; output ; 2.5 V        ;                     ; Row I/O      ; N               ; no       ; Off          ;
; AF29     ; 237        ; 5A             ; RESERVED_INPUT         ;        ;              ;                     ; Row I/O      ;                 ; no       ; Off          ;
; AF30     ; 239        ; 5A             ; RESERVED_INPUT         ;        ;              ;                     ; Row I/O      ;                 ; no       ; Off          ;
; AG1      ; 71         ; 3A             ; RESERVED_INPUT         ;        ;              ;                     ; Column I/O   ;                 ; no       ; Off          ;
; AG2      ; 83         ; 3A             ; RESERVED_INPUT         ;        ;              ;                     ; Column I/O   ;                 ; no       ; Off          ;
; AG3      ; 63         ; 3A             ; RESERVED_INPUT         ;        ;              ;                     ; Column I/O   ;                 ; no       ; Off          ;
; AG4      ;            ; 3A             ; VCCIO3A                ; power  ;              ; 2.5V                ; --           ;                 ; --       ; --           ;
; AG5      ; 78         ; 3A             ; RESERVED_INPUT         ;        ;              ;                     ; Column I/O   ;                 ; no       ; Off          ;
; AG6      ; 73         ; 3A             ; outputNumber[13]       ; output ; 2.5 V        ;                     ; Column I/O   ; N               ; no       ; Off          ;
; AG7      ; 68         ; 3A             ; RESERVED_INPUT         ;        ;              ;                     ; Column I/O   ;                 ; no       ; Off          ;
; AG8      ; 65         ; 3A             ; RESERVED_INPUT         ;        ;              ;                     ; Column I/O   ;                 ; no       ; Off          ;
; AG9      ;            ;                ; GND                    ; gnd    ;              ;                     ; --           ;                 ; --       ; --           ;
; AG10     ; 86         ; 3B             ; RESERVED_INPUT         ;        ;              ;                     ; Column I/O   ;                 ; no       ; Off          ;
; AG11     ; 85         ; 3B             ; RESERVED_INPUT         ;        ;              ;                     ; Column I/O   ;                 ; no       ; Off          ;
; AG12     ; 103        ; 3B             ; outputReg3[5]          ; output ; 2.5 V        ;                     ; Column I/O   ; N               ; no       ; Off          ;
; AG13     ; 101        ; 3B             ; result[0]              ; output ; 2.5 V        ;                     ; Column I/O   ; N               ; no       ; Off          ;
; AG14     ;            ;                ; GND                    ; gnd    ;              ;                     ; --           ;                 ; --       ; --           ;
; AG15     ; 127        ; 3B             ; out7[0]                ; output ; 2.5 V        ;                     ; Column I/O   ; N               ; no       ; Off          ;
; AG16     ; 134        ; 4A             ; out1[3]                ; output ; 2.5 V        ;                     ; Column I/O   ; Y               ; no       ; Off          ;
; AG17     ; 132        ; 4A             ; out1[2]                ; output ; 2.5 V        ;                     ; Column I/O   ; Y               ; no       ; Off          ;
; AG18     ; 150        ; 4A             ; out1[5]                ; output ; 2.5 V        ;                     ; Column I/O   ; Y               ; no       ; Off          ;
; AG19     ;            ; 4A             ; VCCIO4A                ; power  ;              ; 2.5V                ; --           ;                 ; --       ; --           ;
; AG20     ; 157        ; 4A             ; out6[3]                ; output ; 2.5 V        ;                     ; Column I/O   ; Y               ; no       ; Off          ;
; AG21     ; 143        ; 4A             ; out6[1]                ; output ; 2.5 V        ;                     ; Column I/O   ; Y               ; no       ; Off          ;
; AG22     ; 166        ; 4A             ; out5[1]                ; output ; 2.5 V        ;                     ; Column I/O   ; Y               ; no       ; Off          ;
; AG23     ; 163        ; 4A             ; out5[4]                ; output ; 2.5 V        ;                     ; Column I/O   ; Y               ; no       ; Off          ;
; AG24     ;            ;                ; GND                    ; gnd    ;              ;                     ; --           ;                 ; --       ; --           ;
; AG25     ; 190        ; 4A             ; outputNumber[19]       ; output ; 2.5 V        ;                     ; Column I/O   ; N               ; no       ; Off          ;
; AG26     ; 203        ; 4A             ; RESERVED_INPUT         ;        ;              ;                     ; Column I/O   ;                 ; no       ; Off          ;
; AG27     ; 212        ; 5A             ; RESERVED_INPUT         ;        ;              ;                     ; Row I/O      ;                 ; no       ; Off          ;
; AG28     ; 233        ; 5A             ; RESERVED_INPUT         ;        ;              ;                     ; Row I/O      ;                 ; no       ; Off          ;
; AG29     ;            ; 5A             ; VCCIO5A                ; power  ;              ; 2.5V                ; --           ;                 ; --       ; --           ;
; AG30     ; 243        ; 5A             ; RESERVED_INPUT         ;        ;              ;                     ; Row I/O      ;                 ; no       ; Off          ;
; AH1      ;            ;                ; GND                    ; gnd    ;              ;                     ; --           ;                 ; --       ; --           ;
; AH2      ; 69         ; 3A             ; RESERVED_INPUT         ;        ;              ;                     ; Column I/O   ;                 ; no       ; Off          ;
; AH3      ; 81         ; 3A             ; RESERVED_INPUT         ;        ;              ;                     ; Column I/O   ;                 ; no       ; Off          ;
; AH4      ; 61         ; 3A             ; RESERVED_INPUT         ;        ;              ;                     ; Column I/O   ;                 ; no       ; Off          ;
; AH5      ; 76         ; 3A             ; outputNumber[12]       ; output ; 2.5 V        ;                     ; Column I/O   ; N               ; no       ; Off          ;
; AH6      ;            ;                ; GND                    ; gnd    ;              ;                     ; --           ;                 ; --       ; --           ;
; AH7      ; 115        ; 3B             ; result[4]              ; output ; 2.5 V        ;                     ; Column I/O   ; N               ; no       ; Off          ;
; AH8      ; 113        ; 3B             ; result[8]              ; output ; 2.5 V        ;                     ; Column I/O   ; N               ; no       ; Off          ;
; AH9      ; 84         ; 3B             ; RESERVED_INPUT         ;        ;              ;                     ; Column I/O   ;                 ; no       ; Off          ;
; AH10     ; 118        ; 3B             ; result[7]              ; output ; 2.5 V        ;                     ; Column I/O   ; N               ; no       ; Off          ;
; AH11     ;            ;                ; GND                    ; gnd    ;              ;                     ; --           ;                 ; --       ; --           ;
; AH12     ; 126        ; 3B             ; out7[6]                ; output ; 2.5 V        ;                     ; Column I/O   ; N               ; no       ; Off          ;
; AH13     ; 111        ; 3B             ; out7[2]                ; output ; 2.5 V        ;                     ; Column I/O   ; N               ; no       ; Off          ;
; AH14     ; 109        ; 3B             ; out8[0]                ; output ; 2.5 V        ;                     ; Column I/O   ; N               ; no       ; Off          ;
; AH15     ; 125        ; 3B             ; out8[1]                ; output ; 2.5 V        ;                     ; Column I/O   ; N               ; no       ; Off          ;
; AH16     ;            ; 4A             ; VCCIO4A                ; power  ;              ; 2.5V                ; --           ;                 ; --       ; --           ;
; AH17     ; 147        ; 4A             ; out1[4]                ; output ; 2.5 V        ;                     ; Column I/O   ; Y               ; no       ; Off          ;
; AH18     ; 145        ; 4A             ; out1[6]                ; output ; 2.5 V        ;                     ; Column I/O   ; Y               ; no       ; Off          ;
; AH19     ; 148        ; 4A             ; outputReg3[13]         ; output ; 2.5 V        ;                     ; Column I/O   ; N               ; no       ; Off          ;
; AH20     ; 141        ; 4A             ; outputReg3[25]         ; output ; 2.5 V        ;                     ; Column I/O   ; N               ; no       ; Off          ;
; AH21     ;            ;                ; GND                    ; gnd    ;              ;                     ; --           ;                 ; --       ; --           ;
; AH22     ; 164        ; 4A             ; out5[6]                ; output ; 2.5 V        ;                     ; Column I/O   ; Y               ; no       ; Off          ;
; AH23     ; 174        ; 4A             ; outputReg3[16]         ; output ; 2.5 V        ;                     ; Column I/O   ; N               ; no       ; Off          ;
; AH24     ; 161        ; 4A             ; outputReg3[22]         ; output ; 2.5 V        ;                     ; Column I/O   ; N               ; no       ; Off          ;
; AH25     ; 188        ; 4A             ; outputReg3[1]          ; output ; 2.5 V        ;                     ; Column I/O   ; N               ; no       ; Off          ;
; AH26     ;            ; 4A             ; VCCIO4A                ; power  ;              ; 2.5V                ; --           ;                 ; --       ; --           ;
; AH27     ; 201        ; 4A             ; RESERVED_INPUT         ;        ;              ;                     ; Column I/O   ;                 ; no       ; Off          ;
; AH28     ; 214        ; 5A             ; result[5]              ; output ; 2.5 V        ;                     ; Row I/O      ; N               ; no       ; Off          ;
; AH29     ; 218        ; 5A             ; outputReg3[3]          ; output ; 2.5 V        ;                     ; Row I/O      ; N               ; no       ; Off          ;
; AH30     ; 241        ; 5A             ; RESERVED_INPUT         ;        ;              ;                     ; Row I/O      ;                 ; no       ; Off          ;
; AJ1      ; 79         ; 3A             ; RESERVED_INPUT         ;        ;              ;                     ; Column I/O   ;                 ; no       ; Off          ;
; AJ2      ; 77         ; 3A             ; outputNumber[31]       ; output ; 2.5 V        ;                     ; Column I/O   ; N               ; no       ; Off          ;
; AJ3      ;            ;                ; GND                    ; gnd    ;              ;                     ; --           ;                 ; --       ; --           ;
; AJ4      ; 94         ; 3B             ; clk                    ; input  ; 2.5 V        ;                     ; Column I/O   ; Y               ; no       ; Off          ;
; AJ5      ; 99         ; 3B             ; outputReg3[29]         ; output ; 2.5 V        ;                     ; Column I/O   ; N               ; no       ; Off          ;
; AJ6      ; 102        ; 3B             ; RESERVED_INPUT         ;        ;              ;                     ; Column I/O   ;                 ; no       ; Off          ;
; AJ7      ; 100        ; 3B             ; RESERVED_INPUT         ;        ;              ;                     ; Column I/O   ;                 ; no       ; Off          ;
; AJ8      ;            ; 3B             ; VCCIO3B                ; power  ;              ; 2.5V                ; --           ;                 ; --       ; --           ;
; AJ9      ; 110        ; 3B             ; outputReg3[30]         ; output ; 2.5 V        ;                     ; Column I/O   ; N               ; no       ; Off          ;
; AJ10     ; 116        ; 3B             ; result[30]             ; output ; 2.5 V        ;                     ; Column I/O   ; N               ; no       ; Off          ;
; AJ11     ; 119        ; 3B             ; out7[5]                ; output ; 2.5 V        ;                     ; Column I/O   ; N               ; no       ; Off          ;
; AJ12     ; 124        ; 3B             ; out8[6]                ; output ; 2.5 V        ;                     ; Column I/O   ; N               ; no       ; Off          ;
; AJ13     ;            ; 3B             ; VCCIO3B                ; power  ;              ; 2.5V                ; --           ;                 ; --       ; --           ;
; AJ14     ; 131        ; 3B             ; result[21]             ; output ; 2.5 V        ;                     ; Column I/O   ; N               ; no       ; Off          ;
; AJ15     ;            ; 3B             ; VREFB3BN0              ; power  ;              ;                     ; --           ;                 ; --       ; --           ;
; AJ16     ; 142        ; 4A             ; outputReg3[24]         ; output ; 2.5 V        ;                     ; Column I/O   ; N               ; no       ; Off          ;
; AJ17     ; 151        ; 4A             ; outputReg3[31]         ; output ; 2.5 V        ;                     ; Column I/O   ; N               ; no       ; Off          ;
; AJ18     ;            ;                ; GND                    ; gnd    ;              ;                     ; --           ;                 ; --       ; --           ;
; AJ19     ; 155        ; 4A             ; result[11]             ; output ; 2.5 V        ;                     ; Column I/O   ; N               ; no       ; Off          ;
; AJ20     ; 158        ; 4A             ; result[25]             ; output ; 2.5 V        ;                     ; Column I/O   ; N               ; no       ; Off          ;
; AJ21     ; 156        ; 4A             ; outputReg3[9]          ; output ; 2.5 V        ;                     ; Column I/O   ; N               ; no       ; Off          ;
; AJ22     ; 172        ; 4A             ; outputReg3[4]          ; output ; 2.5 V        ;                     ; Column I/O   ; N               ; no       ; Off          ;
; AJ23     ;            ; 4A             ; VCCIO4A                ; power  ;              ; 2.5V                ; --           ;                 ; --       ; --           ;
; AJ24     ; 182        ; 4A             ; RESERVED_INPUT         ;        ;              ;                     ; Column I/O   ;                 ; no       ; Off          ;
; AJ25     ; 180        ; 4A             ; outputReg3[21]         ; output ; 2.5 V        ;                     ; Column I/O   ; N               ; no       ; Off          ;
; AJ26     ; 187        ; 4A             ; outputReg3[15]         ; output ; 2.5 V        ;                     ; Column I/O   ; N               ; no       ; Off          ;
; AJ27     ; 195        ; 4A             ; outputReg3[2]          ; output ; 2.5 V        ;                     ; Column I/O   ; N               ; no       ; Off          ;
; AJ28     ;            ;                ; GND                    ; gnd    ;              ;                     ; --           ;                 ; --       ; --           ;
; AJ29     ; 216        ; 5A             ; RESERVED_INPUT         ;        ;              ;                     ; Row I/O      ;                 ; no       ; Off          ;
; AJ30     ;            ;                ; GND                    ; gnd    ;              ;                     ; --           ;                 ; --       ; --           ;
; AK2      ; 91         ; 3B             ; result[13]             ; output ; 2.5 V        ;                     ; Column I/O   ; N               ; no       ; Off          ;
; AK3      ; 89         ; 3B             ; result[15]             ; output ; 2.5 V        ;                     ; Column I/O   ; N               ; no       ; Off          ;
; AK4      ; 92         ; 3B             ; RESERVED_INPUT         ;        ;              ;                     ; Column I/O   ;                 ; no       ; Off          ;
; AK5      ;            ;                ; GND                    ; gnd    ;              ;                     ; --           ;                 ; --       ; --           ;
; AK6      ; 97         ; 3B             ; RESERVED_INPUT         ;        ;              ;                     ; Column I/O   ;                 ; no       ; Off          ;
; AK7      ; 107        ; 3B             ; result[3]              ; output ; 2.5 V        ;                     ; Column I/O   ; N               ; no       ; Off          ;
; AK8      ; 105        ; 3B             ; result[9]              ; output ; 2.5 V        ;                     ; Column I/O   ; N               ; no       ; Off          ;
; AK9      ; 108        ; 3B             ; outputReg3[28]         ; output ; 2.5 V        ;                     ; Column I/O   ; N               ; no       ; Off          ;
; AK10     ;            ; 3B             ; VCCIO3B                ; power  ;              ; 2.5V                ; --           ;                 ; --       ; --           ;
; AK11     ; 117        ; 3B             ; out8[2]                ; output ; 2.5 V        ;                     ; Column I/O   ; N               ; no       ; Off          ;
; AK12     ; 123        ; 3B             ; out7[1]                ; output ; 2.5 V        ;                     ; Column I/O   ; N               ; no       ; Off          ;
; AK13     ; 121        ; 3B             ; out8[4]                ; output ; 2.5 V        ;                     ; Column I/O   ; N               ; no       ; Off          ;
; AK14     ; 129        ; 3B             ; result[26]             ; output ; 2.5 V        ;                     ; Column I/O   ; N               ; no       ; Off          ;
; AK15     ;            ;                ; GND                    ; gnd    ;              ;                     ; --           ;                 ; --       ; --           ;
; AK16     ; 140        ; 4A             ; result[29]             ; output ; 2.5 V        ;                     ; Column I/O   ; N               ; no       ; Off          ;
; AK17     ;            ; 4A             ; VREFB4AN0              ; power  ;              ;                     ; --           ;                 ; --       ; --           ;
; AK18     ; 149        ; 4A             ; outputReg3[11]         ; output ; 2.5 V        ;                     ; Column I/O   ; N               ; no       ; Off          ;
; AK19     ; 153        ; 4A             ; outputReg3[18]         ; output ; 2.5 V        ;                     ; Column I/O   ; N               ; no       ; Off          ;
; AK20     ;            ; 4A             ; VCCIO4A                ; power  ;              ; 2.5V                ; --           ;                 ; --       ; --           ;
; AK21     ; 171        ; 4A             ; outputReg3[19]         ; output ; 2.5 V        ;                     ; Column I/O   ; N               ; no       ; Off          ;
; AK22     ; 169        ; 4A             ; outputReg3[23]         ; output ; 2.5 V        ;                     ; Column I/O   ; N               ; no       ; Off          ;
; AK23     ; 179        ; 4A             ; outputReg3[0]          ; output ; 2.5 V        ;                     ; Column I/O   ; N               ; no       ; Off          ;
; AK24     ; 177        ; 4A             ; outputReg3[6]          ; output ; 2.5 V        ;                     ; Column I/O   ; N               ; no       ; Off          ;
; AK25     ;            ;                ; GND                    ; gnd    ;              ;                     ; --           ;                 ; --       ; --           ;
; AK26     ; 185        ; 4A             ; result[2]              ; output ; 2.5 V        ;                     ; Column I/O   ; N               ; no       ; Off          ;
; AK27     ; 193        ; 4A             ; OutputRandomNumber[6]  ; output ; 2.5 V        ;                     ; Column I/O   ; N               ; no       ; Off          ;
; AK28     ; 198        ; 4A             ; RESERVED_INPUT         ;        ;              ;                     ; Column I/O   ;                 ; no       ; Off          ;
; AK29     ; 196        ; 4A             ; RESERVED_INPUT         ;        ;              ;                     ; Column I/O   ;                 ; no       ; Off          ;
; B1       ; 509        ; 8A             ; RESERVED_INPUT         ;        ;              ;                     ; Column I/O   ;                 ; no       ; Off          ;
; B2       ; 507        ; 8A             ; RESERVED_INPUT         ;        ;              ;                     ; Column I/O   ;                 ; no       ; Off          ;
; B3       ; 513        ; 8A             ; outputNumber[21]       ; output ; 2.5 V        ;                     ; Column I/O   ; N               ; no       ; Off          ;
; B4       ;            ; 8A             ; VCCIO8A                ; power  ;              ; 2.5V                ; --           ;                 ; --       ; --           ;
; B5       ; 512        ; 8A             ; RESERVED_INPUT         ;        ;              ;                     ; Column I/O   ;                 ; no       ; Off          ;
; B6       ; 510        ; 8A             ; RESERVED_INPUT         ;        ;              ;                     ; Column I/O   ;                 ; no       ; Off          ;
; B7       ; 477        ; 8A             ; RESERVED_INPUT         ;        ;              ;                     ; Column I/O   ;                 ; no       ; Off          ;
; B8       ; 481        ; 8A             ; RESERVED_INPUT         ;        ;              ;                     ; Column I/O   ;                 ; no       ; Off          ;
; B9       ;            ;                ; GND                    ; gnd    ;              ;                     ; --           ;                 ; --       ; --           ;
; B10      ;            ; 8A             ; VREFB8AN0              ; power  ;              ;                     ; --           ;                 ; --       ; --           ;
; B11      ; 469        ; 8A             ; outputReg3[7]          ; output ; 2.5 V        ;                     ; Column I/O   ; N               ; no       ; Off          ;
; B12      ; 464        ; 8A             ; result[19]             ; output ; 2.5 V        ;                     ; Column I/O   ; N               ; no       ; Off          ;
; B13      ; 459        ; 8A             ; result[31]             ; output ; 2.5 V        ;                     ; Column I/O   ; N               ; no       ; Off          ;
; B14      ;            ;                ; GND                    ; gnd    ;              ;                     ; --           ;                 ; --       ; --           ;
; B15      ; 451        ; 7D             ; RESERVED_INPUT         ;        ;              ;                     ; Column I/O   ;                 ; no       ; Off          ;
; B16      ; 441        ; 7C             ; RESERVED_INPUT         ;        ;              ;                     ; Column I/O   ;                 ; no       ; Off          ;
; B17      ; 431        ; 7C             ; RESERVED_INPUT         ;        ;              ;                     ; Column I/O   ;                 ; no       ; Off          ;
; B18      ; 418        ; 7B             ; RESERVED_INPUT         ;        ;              ;                     ; Column I/O   ;                 ; no       ; Off          ;
; B19      ;            ;                ; GND                    ; gnd    ;              ;                     ; --           ;                 ; --       ; --           ;
; B20      ; 417        ; 7B             ; RESERVED_INPUT         ;        ;              ;                     ; Column I/O   ;                 ; no       ; Off          ;
; B21      ; 413        ; 7B             ; RESERVED_INPUT         ;        ;              ;                     ; Column I/O   ;                 ; no       ; Off          ;
; B22      ; 399        ; 7A             ; RESERVED_INPUT         ;        ;              ;                     ; Column I/O   ;                 ; no       ; Off          ;
; B23      ; 397        ; 7A             ; RESERVED_INPUT         ;        ;              ;                     ; Column I/O   ;                 ; no       ; Off          ;
; B24      ;            ;                ; GND                    ; gnd    ;              ;                     ; --           ;                 ; --       ; --           ;
; B25      ; 387        ; 7A             ; RESERVED_INPUT         ;        ;              ;                     ; Column I/O   ;                 ; no       ; Off          ;
; B26      ; 386        ; 7A             ; RESERVED_INPUT         ;        ;              ;                     ; Column I/O   ;                 ; no       ; Off          ;
; B27      ; 381        ; 7A             ; ^HPS_TDI               ;        ;              ;                     ; --           ;                 ; --       ; --           ;
; B28      ; 376        ; 7A             ; ^HPS_TDO               ;        ;              ;                     ; --           ;                 ; --       ; --           ;
; B29      ;            ;                ; GND                    ; gnd    ;              ;                     ; --           ;                 ; --       ; --           ;
; B30      ; 365        ; 6A             ; RESERVED_INPUT         ;        ;              ;                     ; Row I/O      ;                 ; no       ; Off          ;
; C1       ;            ;                ; GND                    ; gnd    ;              ;                     ; --           ;                 ; --       ; --           ;
; C2       ; 517        ; 8A             ; RESERVED_INPUT         ;        ;              ;                     ; Column I/O   ;                 ; no       ; Off          ;
; C3       ; 511        ; 8A             ; RESERVED_INPUT         ;        ;              ;                     ; Column I/O   ;                 ; no       ; Off          ;
; C4       ; 501        ; 8A             ; RESERVED_INPUT         ;        ;              ;                     ; Column I/O   ;                 ; no       ; Off          ;
; C5       ; 497        ; 8A             ; RESERVED_INPUT         ;        ;              ;                     ; Column I/O   ;                 ; no       ; Off          ;
; C6       ;            ;                ; GND                    ; gnd    ;              ;                     ; --           ;                 ; --       ; --           ;
; C7       ; 475        ; 8A             ; OutputRandomNumber[4]  ; output ; 2.5 V        ;                     ; Column I/O   ; N               ; no       ; Off          ;
; C8       ; 479        ; 8A             ; RESERVED_INPUT         ;        ;              ;                     ; Column I/O   ;                 ; no       ; Off          ;
; C9       ; 485        ; 8A             ; RESERVED_INPUT         ;        ;              ;                     ; Column I/O   ;                 ; no       ; Off          ;
; C10      ; 483        ; 8A             ; outputReg3[17]         ; output ; 2.5 V        ;                     ; Column I/O   ; N               ; no       ; Off          ;
; C11      ;            ; 8A             ; VCCIO8A                ; power  ;              ; 2.5V                ; --           ;                 ; --       ; --           ;
; C12      ; 467        ; 8A             ; outputNumber[8]        ; output ; 2.5 V        ;                     ; Column I/O   ; N               ; no       ; Off          ;
; C13      ; 462        ; 8A             ; result[14]             ; output ; 2.5 V        ;                     ; Column I/O   ; N               ; no       ; Off          ;
; C14      ; 448        ; 7D             ; RESERVED_INPUT         ;        ;              ;                     ; Column I/O   ;                 ; no       ; Off          ;
; C15      ; 453        ; 7D             ; RESERVED_INPUT         ;        ;              ;                     ; Column I/O   ;                 ; no       ; Off          ;
; C16      ;            ;                ; GND                    ; gnd    ;              ;                     ; --           ;                 ; --       ; --           ;
; C17      ; 433        ; 7C             ; RESERVED_INPUT         ;        ;              ;                     ; Column I/O   ;                 ; no       ; Off          ;
; C18      ; 435        ; 7C             ; RESERVED_INPUT         ;        ;              ;                     ; Column I/O   ;                 ; no       ; Off          ;
; C19      ; 427        ; 7B             ; RESERVED_INPUT         ;        ;              ;                     ; Column I/O   ;                 ; no       ; Off          ;
; C20      ; 421        ; 7B             ; RESERVED_INPUT         ;        ;              ;                     ; Column I/O   ;                 ; no       ; Off          ;
; C21      ;            ;                ; GND                    ; gnd    ;              ;                     ; --           ;                 ; --       ; --           ;
; C22      ; 396        ; 7A             ; RESERVED_INPUT         ;        ;              ;                     ; Column I/O   ;                 ; no       ; Off          ;
; C23      ; 401        ; 7A             ; RESERVED_INPUT         ;        ;              ;                     ; Column I/O   ;                 ; no       ; Off          ;
; C24      ; 393        ; 7A             ; RESERVED_INPUT         ;        ;              ;                     ; Column I/O   ;                 ; no       ; Off          ;
; C25      ; 388        ; 7A             ; RESERVED_INPUT         ;        ;              ;                     ; Column I/O   ;                 ; no       ; Off          ;
; C26      ;            ;                ; GND                    ; gnd    ;              ;                     ; --           ;                 ; --       ; --           ;
; C27      ; 374        ; 7A             ; ^HPS_nRST              ;        ;              ;                     ; --           ;                 ; --       ; --           ;
; C28      ; 369        ; 6A             ; RESERVED_INPUT         ;        ;              ;                     ; Row I/O      ;                 ; no       ; Off          ;
; C29      ; 367        ; 6A             ; RESERVED_INPUT         ;        ;              ;                     ; Row I/O      ;                 ; no       ; Off          ;
; C30      ; 363        ; 6A             ; RESERVED_INPUT         ;        ;              ;                     ; Row I/O      ;                 ; no       ; Off          ;
; D1       ; 529        ; 8A             ; RESERVED_INPUT         ;        ;              ;                     ; Column I/O   ;                 ; no       ; Off          ;
; D2       ; 515        ; 8A             ; RESERVED_INPUT         ;        ;              ;                     ; Column I/O   ;                 ; no       ; Off          ;
; D3       ;            ;                ; GND                    ; gnd    ;              ;                     ; --           ;                 ; --       ; --           ;
; D4       ; 521        ; 8A             ; RESERVED_INPUT         ;        ;              ;                     ; Column I/O   ;                 ; no       ; Off          ;
; D5       ; 499        ; 8A             ; outputNumber[24]       ; output ; 2.5 V        ;                     ; Column I/O   ; N               ; no       ; Off          ;
; D6       ; 495        ; 8A             ; RESERVED_INPUT         ;        ;              ;                     ; Column I/O   ;                 ; no       ; Off          ;
; D7       ; 505        ; 8A             ; RESERVED_INPUT         ;        ;              ;                     ; Column I/O   ;                 ; no       ; Off          ;
; D8       ;            ; 8A             ; VCCIO8A                ; power  ;              ; 2.5V                ; --           ;                 ; --       ; --           ;
; D9       ; 480        ; 8A             ; RESERVED_INPUT         ;        ;              ;                     ; Column I/O   ;                 ; no       ; Off          ;
; D10      ; 472        ; 8A             ; RESERVED_INPUT         ;        ;              ;                     ; Column I/O   ;                 ; no       ; Off          ;
; D11      ; 470        ; 8A             ; result[23]             ; output ; 2.5 V        ;                     ; Column I/O   ; N               ; no       ; Off          ;
; D12      ; 496        ; 8A             ; RESERVED_INPUT         ;        ;              ;                     ; Column I/O   ;                 ; no       ; Off          ;
; D13      ;            ;                ; GND                    ; gnd    ;              ;                     ; --           ;                 ; --       ; --           ;
; D14      ; 446        ; 7D             ; RESERVED_INPUT         ;        ;              ;                     ; Column I/O   ;                 ; no       ; Off          ;
; D15      ; 449        ; 7D             ; RESERVED_INPUT         ;        ;              ;                     ; Column I/O   ;                 ; no       ; Off          ;
; D16      ; 445        ; 7D             ; RESERVED_INPUT         ;        ;              ;                     ; Column I/O   ;                 ; no       ; Off          ;
; D17      ; 440        ; 7C             ; RESERVED_INPUT         ;        ;              ;                     ; Column I/O   ;                 ; no       ; Off          ;
; D18      ;            ; 7C             ; VCCIO7C_HPS            ; power  ;              ; 2.5V                ; --           ;                 ; --       ; --           ;
; D19      ; 426        ; 7B             ; RESERVED_INPUT         ;        ;              ;                     ; Column I/O   ;                 ; no       ; Off          ;
; D20      ; 420        ; 7B             ; RESERVED_INPUT         ;        ;              ;                     ; Column I/O   ;                 ; no       ; Off          ;
; D21      ; 419        ; 7B             ; RESERVED_INPUT         ;        ;              ;                     ; Column I/O   ;                 ; no       ; Off          ;
; D22      ; 402        ; 7A             ; RESERVED_INPUT         ;        ;              ;                     ; Column I/O   ;                 ; no       ; Off          ;
; D23      ;            ;                ; GND                    ; gnd    ;              ;                     ; --           ;                 ; --       ; --           ;
; D24      ; 404        ; 7A             ; RESERVED_INPUT         ;        ;              ;                     ; Column I/O   ;                 ; no       ; Off          ;
; D25      ; 384        ; 7A             ; ^HPS_CLK1              ;        ;              ;                     ; --           ;                 ; --       ; --           ;
; D26      ; 373        ; 7A             ; ^GND                   ;        ;              ;                     ; --           ;                 ; --       ; --           ;
; D27      ; 371        ; 6A             ; HPS_RZQ_0              ;        ;              ;                     ; --           ;                 ; no       ; Off          ;
; D28      ;            ; 6A             ; VCCIO6A_HPS            ; power  ;              ; 2.5V                ; --           ;                 ; --       ; --           ;
; D29      ; 361        ; 6A             ; RESERVED_INPUT         ;        ;              ;                     ; Row I/O      ;                 ; no       ; Off          ;
; D30      ; 359        ; 6A             ; RESERVED_INPUT         ;        ;              ;                     ; Row I/O      ;                 ; no       ; Off          ;
; E1       ; 527        ; 8A             ; RESERVED_INPUT         ;        ;              ;                     ; Column I/O   ;                 ; no       ; Off          ;
; E2       ; 525        ; 8A             ; RESERVED_INPUT         ;        ;              ;                     ; Column I/O   ;                 ; no       ; Off          ;
; E3       ; 523        ; 8A             ; RESERVED_INPUT         ;        ;              ;                     ; Column I/O   ;                 ; no       ; Off          ;
; E4       ; 519        ; 8A             ; RESERVED_INPUT         ;        ;              ;                     ; Column I/O   ;                 ; no       ; Off          ;
; E5       ;            ; 8A             ; VCCIO8A                ; power  ;              ; 2.5V                ; --           ;                 ; --       ; --           ;
; E6       ; 533        ; 8A             ; RESERVED_INPUT         ;        ;              ;                     ; Column I/O   ;                 ; no       ; Off          ;
; E7       ; 531        ; 8A             ; RESERVED_INPUT         ;        ;              ;                     ; Column I/O   ;                 ; no       ; Off          ;
; E8       ; 503        ; 8A             ; RESERVED_INPUT         ;        ;              ;                     ; Column I/O   ;                 ; no       ; Off          ;
; E9       ; 478        ; 8A             ; RESERVED_INPUT         ;        ;              ;                     ; Column I/O   ;                 ; no       ; Off          ;
; E10      ;            ;                ; GND                    ; gnd    ;              ;                     ; --           ;                 ; --       ; --           ;
; E11      ; 504        ; 8A             ; RESERVED_INPUT         ;        ;              ;                     ; Column I/O   ;                 ; no       ; Off          ;
; E12      ; 494        ; 8A             ; RESERVED_INPUT         ;        ;              ;                     ; Column I/O   ;                 ; no       ; Off          ;
; E13      ; 488        ; 8A             ; RESERVED_INPUT         ;        ;              ;                     ; Column I/O   ;                 ; no       ; Off          ;
; E14      ; 454        ; 7D             ; RESERVED_INPUT         ;        ;              ;                     ; Column I/O   ;                 ; no       ; Off          ;
; E15      ;            ; 7D             ; VCCIO7D_HPS            ; power  ;              ; 2.5V                ; --           ;                 ; --       ; --           ;
; E16      ; 443        ; 7D             ; RESERVED_INPUT         ;        ;              ;                     ; Column I/O   ;                 ; no       ; Off          ;
; E17      ; 438        ; 7C             ; RESERVED_INPUT         ;        ;              ;                     ; Column I/O   ;                 ; no       ; Off          ;
; E18      ; 437        ; 7C             ; RESERVED_INPUT         ;        ;              ;                     ; Column I/O   ;                 ; no       ; Off          ;
; E19      ; 424        ; 7B             ; RESERVED_INPUT         ;        ;              ;                     ; Column I/O   ;                 ; no       ; Off          ;
; E20      ;            ; 7B             ; VCCIO7B_HPS            ; power  ;              ; 2.5V                ; --           ;                 ; --       ; --           ;
; E21      ; 412        ; 7B             ; RESERVED_INPUT         ;        ;              ;                     ; Column I/O   ;                 ; no       ; Off          ;
; E22      ;            ; 7A, 7B, 7C, 7D ; VREFB7A7B7C7DN0_HPS    ; power  ;              ;                     ; --           ;                 ; --       ; --           ;
; E23      ; 394        ; 7A             ; RESERVED_INPUT         ;        ;              ;                     ; Column I/O   ;                 ; no       ; Off          ;
; E24      ; 403        ; 7A             ; RESERVED_INPUT         ;        ;              ;                     ; Column I/O   ;                 ; no       ; Off          ;
; E25      ;            ;                ; GND                    ; gnd    ;              ;                     ; --           ;                 ; --       ; --           ;
; E26      ;            ;                ; DNU                    ;        ;              ;                     ; --           ;                 ; --       ; --           ;
; E27      ; 357        ; 6A             ; RESERVED_INPUT         ;        ;              ;                     ; Row I/O      ;                 ; no       ; Off          ;
; E28      ; 351        ; 6A             ; RESERVED_INPUT         ;        ;              ;                     ; Row I/O      ;                 ; no       ; Off          ;
; E29      ; 353        ; 6A             ; RESERVED_INPUT         ;        ;              ;                     ; Row I/O      ;                 ; no       ; Off          ;
; E30      ;            ;                ; GND                    ; gnd    ;              ;                     ; --           ;                 ; --       ; --           ;
; F1       ;            ;                ; DNU                    ;        ;              ;                     ; --           ;                 ; --       ; --           ;
; F2       ;            ;                ; GND                    ; gnd    ;              ;                     ; --           ;                 ; --       ; --           ;
; F3       ; 539        ; 9A             ; ^CONF_DONE             ;        ;              ;                     ; --           ;                 ; --       ; --           ;
; F4       ; 541        ; 9A             ; ^nSTATUS               ;        ;              ;                     ; --           ;                 ; --       ; --           ;
; F5       ;            ;                ; GND                    ; gnd    ;              ;                     ; --           ;                 ; --       ; --           ;
; F6       ; 537        ; 8A             ; RESERVED_INPUT         ;        ;              ;                     ; Column I/O   ;                 ; no       ; Off          ;
; F7       ;            ;                ; GND                    ; gnd    ;              ;                     ; --           ;                 ; --       ; --           ;
; F8       ; 536        ; 8A             ; outputNumber[14]       ; output ; 2.5 V        ;                     ; Column I/O   ; N               ; no       ; Off          ;
; F9       ; 534        ; 8A             ; RESERVED_INPUT         ;        ;              ;                     ; Column I/O   ;                 ; no       ; Off          ;
; F10      ; 528        ; 8A             ; RESERVED_INPUT         ;        ;              ;                     ; Column I/O   ;                 ; no       ; Off          ;
; F11      ; 502        ; 8A             ; RESERVED_INPUT         ;        ;              ;                     ; Column I/O   ;                 ; no       ; Off          ;
; F12      ;            ; 8A             ; VCCIO8A                ; power  ;              ; 2.5V                ; --           ;                 ; --       ; --           ;
; F13      ; 486        ; 8A             ; outputNumber[28]       ; output ; 2.5 V        ;                     ; Column I/O   ; N               ; no       ; Off          ;
; F14      ; 468        ; 8A             ; result[16]             ; output ; 2.5 V        ;                     ; Column I/O   ; N               ; no       ; Off          ;
; F15      ; 466        ; 8A             ; result[12]             ; output ; 2.5 V        ;                     ; Column I/O   ; N               ; no       ; Off          ;
; F16      ; 442        ; 7D             ; RESERVED_INPUT         ;        ;              ;                     ; Column I/O   ;                 ; no       ; Off          ;
; F17      ;            ;                ; GND                    ; gnd    ;              ;                     ; --           ;                 ; --       ; --           ;
; F18      ; 430        ; 7C             ; RESERVED_INPUT         ;        ;              ;                     ; Column I/O   ;                 ; no       ; Off          ;
; F19      ; 410        ; 7B             ; RESERVED_INPUT         ;        ;              ;                     ; Column I/O   ;                 ; no       ; Off          ;
; F20      ; 407        ; 7B             ; RESERVED_INPUT         ;        ;              ;                     ; Column I/O   ;                 ; no       ; Off          ;
; F21      ; 409        ; 7B             ; RESERVED_INPUT         ;        ;              ;                     ; Column I/O   ;                 ; no       ; Off          ;
; F22      ;            ; 7A             ; VCCIO7A_HPS            ; power  ;              ; 2.5V                ; --           ;                 ; --       ; --           ;
; F23      ; 375        ; 7A             ; ^HPS_nPOR              ;        ;              ;                     ; --           ;                 ; --       ; --           ;
; F24      ; 383        ; 7A             ; ^HPS_PORSEL            ;        ;              ;                     ; --           ;                 ; --       ; --           ;
; F25      ; 385        ; 7A             ; ^HPS_CLK2              ;        ;              ;                     ; --           ;                 ; --       ; --           ;
; F26      ; 341        ; 6A             ; RESERVED_INPUT         ;        ;              ;                     ; Row I/O      ;                 ; no       ; Off          ;
; F27      ;            ;                ; GND                    ; gnd    ;              ;                     ; --           ;                 ; --       ; --           ;
; F28      ; 345        ; 6A             ; RESERVED_INPUT         ;        ;              ;                     ; Row I/O      ;                 ; no       ; Off          ;
; F29      ; 349        ; 6A             ; RESERVED_INPUT         ;        ;              ;                     ; Row I/O      ;                 ; no       ; Off          ;
; F30      ; 347        ; 6A             ; RESERVED_INPUT         ;        ;              ;                     ; Row I/O      ;                 ; no       ; Off          ;
; G1       ;            ;                ; RREF                   ;        ;              ;                     ; --           ;                 ; --       ; --           ;
; G2       ;            ;                ; DNU                    ;        ;              ;                     ; --           ;                 ; --       ; --           ;
; G3       ;            ;                ; GND                    ; gnd    ;              ;                     ; --           ;                 ; --       ; --           ;
; G4       ;            ;                ; GND                    ; gnd    ;              ;                     ; --           ;                 ; --       ; --           ;
; G5       ; 542        ; 9A             ; ^nCE                   ;        ;              ;                     ; --           ;                 ; --       ; --           ;
; G6       ; 543        ; 9A             ; ^MSEL2                 ;        ;              ;                     ; --           ;                 ; --       ; --           ;
; G7       ; 535        ; 8A             ; RESERVED_INPUT         ;        ;              ;                     ; Column I/O   ;                 ; no       ; Off          ;
; G8       ; 492        ; 8A             ; RESERVED_INPUT         ;        ;              ;                     ; Column I/O   ;                 ; no       ; Off          ;
; G9       ;            ; 8A             ; VCCIO8A                ; power  ;              ; 2.5V                ; --           ;                 ; --       ; --           ;
; G10      ; 526        ; 8A             ; RESERVED_INPUT         ;        ;              ;                     ; Column I/O   ;                 ; no       ; Off          ;
; G11      ; 520        ; 8A             ; RESERVED_INPUT         ;        ;              ;                     ; Column I/O   ;                 ; no       ; Off          ;
; G12      ; 518        ; 8A             ; RESERVED_INPUT         ;        ;              ;                     ; Column I/O   ;                 ; no       ; Off          ;
; G13      ; 484        ; 8A             ; RESERVED_INPUT         ;        ;              ;                     ; Column I/O   ;                 ; no       ; Off          ;
; G14      ;            ; 8A             ; VCCIO8A                ; power  ;              ; 2.5V                ; --           ;                 ; --       ; --           ;
; G15      ; 460        ; 8A             ; result[27]             ; output ; 2.5 V        ;                     ; Column I/O   ; N               ; no       ; Off          ;
; G16      ; 444        ; 7D             ; RESERVED_INPUT         ;        ;              ;                     ; Column I/O   ;                 ; no       ; Off          ;
; G17      ; 436        ; 7C             ; RESERVED_INPUT         ;        ;              ;                     ; Column I/O   ;                 ; no       ; Off          ;
; G18      ; 432        ; 7C             ; RESERVED_INPUT         ;        ;              ;                     ; Column I/O   ;                 ; no       ; Off          ;
; G19      ;            ; 7B             ; VCCIO7B_HPS            ; power  ;              ; 2.5V                ; --           ;                 ; --       ; --           ;
; G20      ; 416        ; 7B             ; RESERVED_INPUT         ;        ;              ;                     ; Column I/O   ;                 ; no       ; Off          ;
; G21      ; 392        ; 7A             ; RESERVED_INPUT         ;        ;              ;                     ; Column I/O   ;                 ; no       ; Off          ;
; G22      ; 400        ; 7A             ; RESERVED_INPUT         ;        ;              ;                     ; Column I/O   ;                 ; no       ; Off          ;
; G23      ; 377        ; 7A             ; ^VCCRSTCLK_HPS         ;        ;              ;                     ; --           ;                 ; --       ; --           ;
; G24      ;            ;                ; GND                    ; gnd    ;              ;                     ; --           ;                 ; --       ; --           ;
; G25      ; 370        ; 6A             ; RESERVED_INPUT         ;        ;              ;                     ; Row I/O      ;                 ; no       ; Off          ;
; G26      ; 362        ; 6A             ; RESERVED_INPUT         ;        ;              ;                     ; Row I/O      ;                 ; no       ; Off          ;
; G27      ; 339        ; 6A             ; RESERVED_INPUT         ;        ;              ;                     ; Row I/O      ;                 ; --       ; --           ;
; G28      ; 335        ; 6A             ; RESERVED_INPUT         ;        ;              ;                     ; Row I/O      ;                 ; no       ; Off          ;
; G29      ;            ; 6A             ; VCCIO6A_HPS            ; power  ;              ; 2.5V                ; --           ;                 ; --       ; --           ;
; G30      ; 343        ; 6A             ; RESERVED_INPUT         ;        ;              ;                     ; Row I/O      ;                 ; no       ; Off          ;
; H1       ;            ;                ; GND                    ; gnd    ;              ;                     ; --           ;                 ; --       ; --           ;
; H2       ;            ;                ; GND                    ; gnd    ;              ;                     ; --           ;                 ; --       ; --           ;
; H3       ; 0          ; B2L            ; GXB_NC                 ;        ;              ;                     ; --           ;                 ; --       ; --           ;
; H4       ; 1          ; B2L            ; GXB_NC                 ;        ;              ;                     ; --           ;                 ; --       ; --           ;
; H5       ;            ;                ; GND                    ; gnd    ;              ;                     ; --           ;                 ; --       ; --           ;
; H6       ;            ; 8A             ; VCCIO8A                ; power  ;              ; 2.5V                ; --           ;                 ; --       ; --           ;
; H7       ; 508        ; 8A             ; RESERVED_INPUT         ;        ;              ;                     ; Column I/O   ;                 ; no       ; Off          ;
; H8       ; 490        ; 8A             ; RESERVED_INPUT         ;        ;              ;                     ; Column I/O   ;                 ; no       ; Off          ;
; H9       ;            ; --             ; VCCBAT                 ; power  ;              ; 1.2V                ; --           ;                 ; --       ; --           ;
; H10      ;            ; --             ; VCC_AUX                ; power  ;              ; 2.5V                ; --           ;                 ; --       ; --           ;
; H11      ;            ;                ; GND                    ; gnd    ;              ;                     ; --           ;                 ; --       ; --           ;
; H12      ; 500        ; 8A             ; outputNumber[10]       ; output ; 2.5 V        ;                     ; Column I/O   ; N               ; no       ; Off          ;
; H13      ; 498        ; 8A             ; RESERVED_INPUT         ;        ;              ;                     ; Column I/O   ;                 ; no       ; Off          ;
; H14      ; 482        ; 8A             ; result[24]             ; output ; 2.5 V        ;                     ; Column I/O   ; N               ; no       ; Off          ;
; H15      ; 458        ; 8A             ; result[20]             ; output ; 2.5 V        ;                     ; Column I/O   ; N               ; no       ; Off          ;
; H16      ;            ; 7D             ; VCCIO7D_HPS            ; power  ;              ; 2.5V                ; --           ;                 ; --       ; --           ;
; H17      ; 434        ; 7C             ; RESERVED_INPUT         ;        ;              ;                     ; Column I/O   ;                 ; no       ; Off          ;
; H18      ; 422        ; 7B             ; RESERVED_INPUT         ;        ;              ;                     ; Column I/O   ;                 ; no       ; Off          ;
; H19      ; 406        ; 7B             ; RESERVED_INPUT         ;        ;              ;                     ; Column I/O   ;                 ; no       ; Off          ;
; H20      ; 398        ; 7A             ; RESERVED_INPUT         ;        ;              ;                     ; Column I/O   ;                 ; no       ; Off          ;
; H21      ;            ; 7A             ; VCCIO7A_HPS            ; power  ;              ; 2.5V                ; --           ;                 ; --       ; --           ;
; H22      ; 379        ; 7A             ; ^HPS_TCK               ;        ;              ;                     ; --           ;                 ; --       ; --           ;
; H23      ; 390        ; 7A             ; RESERVED_INPUT         ;        ;              ;                     ; Column I/O   ;                 ; no       ; Off          ;
; H24      ; 364        ; 6A             ; RESERVED_INPUT         ;        ;              ;                     ; Row I/O      ;                 ; no       ; Off          ;
; H25      ; 368        ; 6A             ; RESERVED_INPUT         ;        ;              ;                     ; Row I/O      ;                 ; no       ; Off          ;
; H26      ;            ; 6A             ; VCCIO6A_HPS            ; power  ;              ; 2.5V                ; --           ;                 ; --       ; --           ;
; H27      ; 360        ; 6A             ; RESERVED_INPUT         ;        ;              ;                     ; Row I/O      ;                 ; no       ; Off          ;
; H28      ; 333        ; 6A             ; RESERVED_INPUT         ;        ;              ;                     ; Row I/O      ;                 ; no       ; Off          ;
; H29      ; 331        ; 6A             ; RESERVED_INPUT         ;        ;              ;                     ; Row I/O      ;                 ; no       ; Off          ;
; H30      ; 337        ; 6A             ; RESERVED_INPUT         ;        ;              ;                     ; Row I/O      ;                 ; no       ; Off          ;
; J1       ; 3          ; B2L            ; GND                    ;        ;              ;                     ; --           ;                 ; --       ; --           ;
; J2       ; 2          ; B2L            ; GND                    ;        ;              ;                     ; --           ;                 ; --       ; --           ;
; J3       ;            ;                ; GND                    ; gnd    ;              ;                     ; --           ;                 ; --       ; --           ;
; J4       ;            ;                ; GND                    ; gnd    ;              ;                     ; --           ;                 ; --       ; --           ;
; J5       ; 545        ; 9A             ; ^nCONFIG               ;        ;              ;                     ; --           ;                 ; --       ; --           ;
; J6       ; 547        ; 9A             ; ^GND                   ;        ;              ;                     ; --           ;                 ; --       ; --           ;
; J7       ; 506        ; 8A             ; RESERVED_INPUT         ;        ;              ;                     ; Column I/O   ;                 ; no       ; Off          ;
; J8       ;            ;                ; GND                    ; gnd    ;              ;                     ; --           ;                 ; --       ; --           ;
; J9       ; 532        ; 8A             ; outputNumber[11]       ; output ; 2.5 V        ;                     ; Column I/O   ; N               ; no       ; Off          ;
; J10      ; 530        ; 8A             ; RESERVED_INPUT         ;        ;              ;                     ; Column I/O   ;                 ; no       ; Off          ;
; J11      ;            ; --             ; VCCPGM                 ; power  ;              ; 1.8V/2.5V/3.0V/3.3V ; --           ;                 ; --       ; --           ;
; J12      ; 516        ; 8A             ; RESERVED_INPUT         ;        ;              ;                     ; Column I/O   ;                 ; no       ; Off          ;
; J13      ;            ; 8A             ; VCCIO8A                ; power  ;              ; 2.5V                ; --           ;                 ; --       ; --           ;
; J14      ; 476        ; 8A             ; outputNumber[15]       ; output ; 2.5 V        ;                     ; Column I/O   ; N               ; no       ; Off          ;
; J15      ;            ;                ; DNU                    ;        ;              ;                     ; --           ;                 ; --       ; --           ;
; J16      ;            ; --             ; VCC_AUX                ; power  ;              ; 2.5V                ; --           ;                 ; --       ; --           ;
; J17      ;            ; 7C             ; VCCPD7C_HPS            ; power  ;              ; 2.5V                ; --           ;                 ; --       ; --           ;
; J18      ;            ;                ; GND                    ; gnd    ;              ;                     ; --           ;                 ; --       ; --           ;
; J19      ; 408        ; 7B             ; RESERVED_INPUT         ;        ;              ;                     ; Column I/O   ;                 ; no       ; Off          ;
; J20      ;            ; --             ; VCCRSTCLK_HPS          ; power  ;              ; 1.8V/2.5V/3.0V/3.3V ; --           ;                 ; --       ; --           ;
; J21      ;            ; --             ; VCC_AUX_SHARED         ; power  ;              ; 2.5V                ; --           ;                 ; --       ; --           ;
; J22      ; 372        ; 7A             ; ^GND                   ;        ;              ;                     ; --           ;                 ; --       ; --           ;
; J23      ; 354        ; 6A             ; RESERVED_INPUT         ;        ;              ;                     ; Row I/O      ;                 ; no       ; Off          ;
; J24      ; 352        ; 6A             ; RESERVED_INPUT         ;        ;              ;                     ; Row I/O      ;                 ; no       ; Off          ;
; J25      ; 344        ; 6A             ; RESERVED_INPUT         ;        ;              ;                     ; Row I/O      ;                 ; no       ; Off          ;
; J26      ; 323        ; 6A             ; RESERVED_INPUT         ;        ;              ;                     ; Row I/O      ;                 ; no       ; Off          ;
; J27      ; 346        ; 6A             ; RESERVED_INPUT         ;        ;              ;                     ; Row I/O      ;                 ; no       ; Off          ;
; J28      ;            ;                ; GND                    ; gnd    ;              ;                     ; --           ;                 ; --       ; --           ;
; J29      ; 327        ; 6A             ; RESERVED_INPUT         ;        ;              ;                     ; Row I/O      ;                 ; no       ; Off          ;
; J30      ; 329        ; 6A             ; RESERVED_INPUT         ;        ;              ;                     ; Row I/O      ;                 ; no       ; Off          ;
; K1       ;            ;                ; GND                    ; gnd    ;              ;                     ; --           ;                 ; --       ; --           ;
; K2       ;            ;                ; GND                    ; gnd    ;              ;                     ; --           ;                 ; --       ; --           ;
; K3       ; 4          ; B2L            ; GXB_NC                 ;        ;              ;                     ; --           ;                 ; --       ; --           ;
; K4       ; 5          ; B2L            ; GXB_NC                 ;        ;              ;                     ; --           ;                 ; --       ; --           ;
; K5       ;            ;                ; GND                    ; gnd    ;              ;                     ; --           ;                 ; --       ; --           ;
; K6       ; 540        ; 9A             ; ^MSEL1                 ;        ;              ;                     ; --           ;                 ; --       ; --           ;
; K7       ; 522        ; 8A             ; RESERVED_INPUT         ;        ;              ;                     ; Column I/O   ;                 ; no       ; Off          ;
; K8       ; 524        ; 8A             ; RESERVED_INPUT         ;        ;              ;                     ; Column I/O   ;                 ; no       ; Off          ;
; K9       ;            ; --             ; VCCA_FPLL              ; power  ;              ; 2.5V                ; --           ;                 ; --       ; --           ;
; K10      ;            ;                ; GND                    ; gnd    ;              ;                     ; --           ;                 ; --       ; --           ;
; K11      ;            ; 8A             ; VCCPD8A                ; power  ;              ; 2.5V                ; --           ;                 ; --       ; --           ;
; K12      ; 514        ; 8A             ; RESERVED_INPUT         ;        ;              ;                     ; Column I/O   ;                 ; no       ; Off          ;
; K13      ;            ; 8A             ; VCCPD8A                ; power  ;              ; 2.5V                ; --           ;                 ; --       ; --           ;
; K14      ; 474        ; 8A             ; RESERVED_INPUT         ;        ;              ;                     ; Column I/O   ;                 ; no       ; Off          ;
; K15      ;            ;                ; GND                    ; gnd    ;              ;                     ; --           ;                 ; --       ; --           ;
; K16      ;            ; 7D             ; VCCPD7D_HPS            ; power  ;              ; 2.5V                ; --           ;                 ; --       ; --           ;
; K17      ; 414        ; 7B             ; RESERVED_INPUT         ;        ;              ;                     ; Column I/O   ;                 ; no       ; Off          ;
; K18      ;            ; 7B             ; VCCPD7B_HPS            ; power  ;              ; 2.5V                ; --           ;                 ; --       ; --           ;
; K19      ;            ; 7A             ; VCCPD7A_HPS            ; power  ;              ; 2.5V                ; --           ;                 ; --       ; --           ;
; K20      ;            ;                ; GND                    ; gnd    ;              ;                     ; --           ;                 ; --       ; --           ;
; K21      ; 366        ; 6A             ; RESERVED_INPUT         ;        ;              ;                     ; Row I/O      ;                 ; no       ; Off          ;
; K22      ; 336        ; 6A             ; RESERVED_INPUT         ;        ;              ;                     ; Row I/O      ;                 ; no       ; Off          ;
; K23      ; 338        ; 6A             ; RESERVED_INPUT         ;        ;              ;                     ; Row I/O      ;                 ; no       ; Off          ;
; K24      ;            ; 6A             ; VCCIO6A_HPS            ; power  ;              ; 2.5V                ; --           ;                 ; --       ; --           ;
; K25      ;            ;                ; GND                    ; gnd    ;              ;                     ; --           ;                 ; --       ; --           ;
; K26      ; 322        ; 6A             ; RESERVED_INPUT         ;        ;              ;                     ; Row I/O      ;                 ; no       ; Off          ;
; K27      ; 319        ; 6A             ; RESERVED_INPUT         ;        ;              ;                     ; Row I/O      ;                 ; no       ; Off          ;
; K28      ; 325        ; 6A             ; RESERVED_INPUT         ;        ;              ;                     ; Row I/O      ;                 ; no       ; Off          ;
; K29      ; 321        ; 6A             ; RESERVED_INPUT         ;        ;              ;                     ; Row I/O      ;                 ; no       ; Off          ;
; K30      ;            ; 6A             ; VCCIO6A_HPS            ; power  ;              ; 2.5V                ; --           ;                 ; --       ; --           ;
; L1       ; 7          ; B2L            ; GND                    ;        ;              ;                     ; --           ;                 ; --       ; --           ;
; L2       ; 6          ; B2L            ; GND                    ;        ;              ;                     ; --           ;                 ; --       ; --           ;
; L3       ;            ;                ; GND                    ; gnd    ;              ;                     ; --           ;                 ; --       ; --           ;
; L4       ;            ;                ; GND                    ; gnd    ;              ;                     ; --           ;                 ; --       ; --           ;
; L5       ;            ; --             ; VCCL_GXBL              ; power  ;              ; 1.1V                ; --           ;                 ; --       ; --           ;
; L6       ;            ;                ; GND                    ; gnd    ;              ;                     ; --           ;                 ; --       ; --           ;
; L7       ; 544        ; 9A             ; ^MSEL3                 ;        ;              ;                     ; --           ;                 ; --       ; --           ;
; L8       ; 538        ; 9A             ; ^MSEL0                 ;        ;              ;                     ; --           ;                 ; --       ; --           ;
; L9       ; 546        ; 9A             ; ^MSEL4                 ;        ;              ;                     ; --           ;                 ; --       ; --           ;
; L10      ;            ; 8A             ; VCCPD8A                ; power  ;              ; 2.5V                ; --           ;                 ; --       ; --           ;
; L11      ;            ;                ; GND                    ; gnd    ;              ;                     ; --           ;                 ; --       ; --           ;
; L12      ;            ; 8A             ; VCCPD8A                ; power  ;              ; 2.5V                ; --           ;                 ; --       ; --           ;
; L13      ;            ;                ; GND                    ; gnd    ;              ;                     ; --           ;                 ; --       ; --           ;
; L14      ;            ; 8A             ; VCCPD8A                ; power  ;              ; 2.5V                ; --           ;                 ; --       ; --           ;
; L15      ;            ;                ; GND                    ; gnd    ;              ;                     ; --           ;                 ; --       ; --           ;
; L16      ;            ; --             ; VCC_HPS                ; power  ;              ; 1.1V                ; --           ;                 ; --       ; --           ;
; L17      ;            ;                ; GND                    ; gnd    ;              ;                     ; --           ;                 ; --       ; --           ;
; L18      ;            ; --             ; VCC_HPS                ; power  ;              ; 1.1V                ; --           ;                 ; --       ; --           ;
; L19      ;            ;                ; GND                    ; gnd    ;              ;                     ; --           ;                 ; --       ; --           ;
; L20      ;            ; --             ; VCC_HPS                ; power  ;              ; 1.1V                ; --           ;                 ; --       ; --           ;
; L21      ;            ; --             ; VCCPLL_HPS             ; power  ;              ; 2.5V                ; --           ;                 ; --       ; --           ;
; L22      ;            ;                ; GND                    ; gnd    ;              ;                     ; --           ;                 ; --       ; --           ;
; L23      ; 350        ; 6A             ; RESERVED_INPUT         ;        ;              ;                     ; Row I/O      ;                 ; no       ; Off          ;
; L24      ; 328        ; 6A             ; RESERVED_INPUT         ;        ;              ;                     ; Row I/O      ;                 ; no       ; Off          ;
; L25      ; 330        ; 6A             ; RESERVED_INPUT         ;        ;              ;                     ; Row I/O      ;                 ; no       ; Off          ;
; L26      ; 320        ; 6A             ; RESERVED_INPUT         ;        ;              ;                     ; Row I/O      ;                 ; no       ; Off          ;
; L27      ;            ; 6A             ; VCCIO6A_HPS            ; power  ;              ; 2.5V                ; --           ;                 ; --       ; --           ;
; L28      ; 313        ; 6A             ; RESERVED_INPUT         ;        ;              ;                     ; Row I/O      ;                 ; no       ; Off          ;
; L29      ; 315        ; 6A             ; RESERVED_INPUT         ;        ;              ;                     ; Row I/O      ;                 ; no       ; Off          ;
; L30      ; 317        ; 6A             ; RESERVED_INPUT         ;        ;              ;                     ; Row I/O      ;                 ; no       ; Off          ;
; M1       ;            ;                ; GND                    ; gnd    ;              ;                     ; --           ;                 ; --       ; --           ;
; M2       ;            ;                ; GND                    ; gnd    ;              ;                     ; --           ;                 ; --       ; --           ;
; M3       ; 8          ; B2L            ; GXB_NC                 ;        ;              ;                     ; --           ;                 ; --       ; --           ;
; M4       ; 9          ; B2L            ; GXB_NC                 ;        ;              ;                     ; --           ;                 ; --       ; --           ;
; M5       ;            ;                ; GND                    ; gnd    ;              ;                     ; --           ;                 ; --       ; --           ;
; M6       ;            ; --             ; VCCE_GXBL              ; power  ;              ; 1.1V                ; --           ;                 ; --       ; --           ;
; M7       ;            ;                ; GND                    ; gnd    ;              ;                     ; --           ;                 ; --       ; --           ;
; M8       ;            ;                ; GND                    ; gnd    ;              ;                     ; --           ;                 ; --       ; --           ;
; M9       ;            ; --             ; VCC                    ; power  ;              ; 1.1V                ; --           ;                 ; --       ; --           ;
; M10      ;            ;                ; GND                    ; gnd    ;              ;                     ; --           ;                 ; --       ; --           ;
; M11      ;            ; --             ; VCC                    ; power  ;              ; 1.1V                ; --           ;                 ; --       ; --           ;
; M12      ;            ;                ; GND                    ; gnd    ;              ;                     ; --           ;                 ; --       ; --           ;
; M13      ;            ; --             ; VCC                    ; power  ;              ; 1.1V                ; --           ;                 ; --       ; --           ;
; M14      ;            ;                ; GND                    ; gnd    ;              ;                     ; --           ;                 ; --       ; --           ;
; M15      ;            ; --             ; VCC_HPS                ; power  ;              ; 1.1V                ; --           ;                 ; --       ; --           ;
; M16      ;            ;                ; GND                    ; gnd    ;              ;                     ; --           ;                 ; --       ; --           ;
; M17      ; 450        ; 7D             ; RESERVED_INPUT         ;        ;              ;                     ; Column I/O   ;                 ; no       ; Off          ;
; M18      ;            ;                ; GND                    ; gnd    ;              ;                     ; --           ;                 ; --       ; --           ;
; M19      ; 334        ; 6A             ; RESERVED_INPUT         ;        ;              ;                     ; Row I/O      ;                 ; no       ; Off          ;
; M20      ;            ;                ; GND                    ; gnd    ;              ;                     ; --           ;                 ; --       ; --           ;
; M21      ;            ; 6A, 6B         ; VCCPD6A6B_HPS          ; power  ;              ; 2.5V                ; --           ;                 ; --       ; --           ;
; M22      ; 308        ; 6A             ; RESERVED_INPUT         ;        ;              ;                     ; Row I/O      ;                 ; no       ; Off          ;
; M23      ; 348        ; 6A             ; RESERVED_INPUT         ;        ;              ;                     ; Row I/O      ;                 ; no       ; Off          ;
; M24      ;            ; 6A             ; VCCIO6A_HPS            ; power  ;              ; 2.5V                ; --           ;                 ; --       ; --           ;
; M25      ; 324        ; 6A             ; RESERVED_INPUT         ;        ;              ;                     ; Row I/O      ;                 ; no       ; Off          ;
; M26      ; 314        ; 6A             ; RESERVED_INPUT         ;        ;              ;                     ; Row I/O      ;                 ; no       ; Off          ;
; M27      ; 312        ; 6A             ; RESERVED_INPUT         ;        ;              ;                     ; Row I/O      ;                 ; no       ; Off          ;
; M28      ; 309        ; 6A             ; RESERVED_INPUT         ;        ;              ;                     ; Row I/O      ;                 ; no       ; Off          ;
; M29      ;            ;                ; GND                    ; gnd    ;              ;                     ; --           ;                 ; --       ; --           ;
; M30      ; 311        ; 6A             ; RESERVED_INPUT         ;        ;              ;                     ; Row I/O      ;                 ; no       ; Off          ;
; N1       ; 11         ; B2L            ; GND                    ;        ;              ;                     ; --           ;                 ; --       ; --           ;
; N2       ; 10         ; B2L            ; GND                    ;        ;              ;                     ; --           ;                 ; --       ; --           ;
; N3       ;            ;                ; GND                    ; gnd    ;              ;                     ; --           ;                 ; --       ; --           ;
; N4       ;            ;                ; GND                    ; gnd    ;              ;                     ; --           ;                 ; --       ; --           ;
; N5       ;            ; --             ; VCCE_GXBL              ; power  ;              ; 1.1V                ; --           ;                 ; --       ; --           ;
; N6       ;            ;                ; GND                    ; gnd    ;              ;                     ; --           ;                 ; --       ; --           ;
; N7       ;            ; --             ; VCCA_FPLL              ; power  ;              ; 2.5V                ; --           ;                 ; --       ; --           ;
; N8       ;            ;                ; GND                    ; gnd    ;              ;                     ; --           ;                 ; --       ; --           ;
; N9       ;            ;                ; GND                    ; gnd    ;              ;                     ; --           ;                 ; --       ; --           ;
; N10      ;            ; --             ; VCC                    ; power  ;              ; 1.1V                ; --           ;                 ; --       ; --           ;
; N11      ;            ;                ; GND                    ; gnd    ;              ;                     ; --           ;                 ; --       ; --           ;
; N12      ;            ; --             ; VCC                    ; power  ;              ; 1.1V                ; --           ;                 ; --       ; --           ;
; N13      ;            ;                ; GND                    ; gnd    ;              ;                     ; --           ;                 ; --       ; --           ;
; N14      ;            ; --             ; VCC                    ; power  ;              ; 1.1V                ; --           ;                 ; --       ; --           ;
; N15      ;            ;                ; GND                    ; gnd    ;              ;                     ; --           ;                 ; --       ; --           ;
; N16      ; 452        ; 7D             ; RESERVED_INPUT         ;        ;              ;                     ; Column I/O   ;                 ; no       ; Off          ;
; N17      ;            ;                ; GND                    ; gnd    ;              ;                     ; --           ;                 ; --       ; --           ;
; N18      ; 332        ; 6A             ; RESERVED_INPUT         ;        ;              ;                     ; Row I/O      ;                 ; no       ; Off          ;
; N19      ;            ;                ; GND                    ; gnd    ;              ;                     ; --           ;                 ; --       ; --           ;
; N20      ;            ; --             ; VCC_HPS                ; power  ;              ; 1.1V                ; --           ;                 ; --       ; --           ;
; N21      ;            ; 6A             ; VCCIO6A_HPS            ; power  ;              ; 2.5V                ; --           ;                 ; --       ; --           ;
; N22      ;            ; 6A, 6B         ; VCCPD6A6B_HPS          ; power  ;              ; 2.5V                ; --           ;                 ; --       ; --           ;
; N23      ; 310        ; 6A             ; RESERVED_INPUT         ;        ;              ;                     ; Row I/O      ;                 ; no       ; Off          ;
; N24      ; 318        ; 6A             ; RESERVED_INPUT         ;        ;              ;                     ; Row I/O      ;                 ; no       ; Off          ;
; N25      ; 316        ; 6A             ; RESERVED_INPUT         ;        ;              ;                     ; Row I/O      ;                 ; no       ; Off          ;
; N26      ;            ;                ; GND                    ; gnd    ;              ;                     ; --           ;                 ; --       ; --           ;
; N27      ; 297        ; 6B             ; RESERVED_INPUT         ;        ;              ;                     ; Row I/O      ;                 ; no       ; Off          ;
; N28      ; 303        ; 6B             ; RESERVED_INPUT         ;        ;              ;                     ; Row I/O      ;                 ; no       ; Off          ;
; N29      ; 305        ; 6B             ; RESERVED_INPUT         ;        ;              ;                     ; Row I/O      ;                 ; no       ; Off          ;
; N30      ; 307        ; 6B             ; RESERVED_INPUT         ;        ;              ;                     ; Row I/O      ;                 ; no       ; Off          ;
; P1       ;            ;                ; GND                    ; gnd    ;              ;                     ; --           ;                 ; --       ; --           ;
; P2       ;            ;                ; GND                    ; gnd    ;              ;                     ; --           ;                 ; --       ; --           ;
; P3       ; 16         ; B1L            ; GXB_NC                 ;        ;              ;                     ; --           ;                 ; --       ; --           ;
; P4       ; 17         ; B1L            ; GXB_NC                 ;        ;              ;                     ; --           ;                 ; --       ; --           ;
; P5       ;            ;                ; GND                    ; gnd    ;              ;                     ; --           ;                 ; --       ; --           ;
; P6       ;            ; --             ; VCCH_GXBL              ; power  ;              ; 2.5V                ; --           ;                 ; --       ; --           ;
; P7       ;            ;                ; GND                    ; gnd    ;              ;                     ; --           ;                 ; --       ; --           ;
; P8       ; 13         ; B2L            ; GND                    ;        ;              ;                     ; Row I/O      ;                 ; --       ; --           ;
; P9       ; 12         ; B2L            ; GND                    ;        ;              ;                     ; Row I/O      ;                 ; --       ; --           ;
; P10      ;            ;                ; GND                    ; gnd    ;              ;                     ; --           ;                 ; --       ; --           ;
; P11      ;            ; --             ; VCC                    ; power  ;              ; 1.1V                ; --           ;                 ; --       ; --           ;
; P12      ;            ;                ; GND                    ; gnd    ;              ;                     ; --           ;                 ; --       ; --           ;
; P13      ;            ; --             ; VCC                    ; power  ;              ; 1.1V                ; --           ;                 ; --       ; --           ;
; P14      ;            ;                ; GND                    ; gnd    ;              ;                     ; --           ;                 ; --       ; --           ;
; P15      ;            ; --             ; VCC_HPS                ; power  ;              ; 1.1V                ; --           ;                 ; --       ; --           ;
; P16      ;            ;                ; GND                    ; gnd    ;              ;                     ; --           ;                 ; --       ; --           ;
; P17      ;            ; --             ; VCC_HPS                ; power  ;              ; 1.1V                ; --           ;                 ; --       ; --           ;
; P18      ;            ;                ; GND                    ; gnd    ;              ;                     ; --           ;                 ; --       ; --           ;
; P19      ;            ; --             ; VCC_HPS                ; power  ;              ; 1.1V                ; --           ;                 ; --       ; --           ;
; P20      ;            ;                ; GND                    ; gnd    ;              ;                     ; --           ;                 ; --       ; --           ;
; P21      ;            ; 6A, 6B         ; VCCPD6A6B_HPS          ; power  ;              ; 2.5V                ; --           ;                 ; --       ; --           ;
; P22      ; 294        ; 6B             ; RESERVED_INPUT         ;        ;              ;                     ; Row I/O      ;                 ; no       ; Off          ;
; P23      ;            ; 6B             ; VCCIO6B_HPS            ; power  ;              ; 2.5V                ; --           ;                 ; --       ; --           ;
; P24      ; 290        ; 6B             ; RESERVED_INPUT         ;        ;              ;                     ; Row I/O      ;                 ; no       ; Off          ;
; P25      ; 288        ; 6B             ; RESERVED_INPUT         ;        ;              ;                     ; Row I/O      ;                 ; no       ; Off          ;
; P26      ; 298        ; 6B             ; RESERVED_INPUT         ;        ;              ;                     ; Row I/O      ;                 ; no       ; Off          ;
; P27      ; 296        ; 6B             ; RESERVED_INPUT         ;        ;              ;                     ; Row I/O      ;                 ; no       ; Off          ;
; P28      ;            ; 6B             ; VCCIO6B_HPS            ; power  ;              ; 2.5V                ; --           ;                 ; --       ; --           ;
; P29      ; 299        ; 6B             ; RESERVED_INPUT         ;        ;              ;                     ; Row I/O      ;                 ; no       ; Off          ;
; P30      ; 301        ; 6B             ; RESERVED_INPUT         ;        ;              ;                     ; Row I/O      ;                 ; no       ; Off          ;
; R1       ; 19         ; B1L            ; GND                    ;        ;              ;                     ; --           ;                 ; --       ; --           ;
; R2       ; 18         ; B1L            ; GND                    ;        ;              ;                     ; --           ;                 ; --       ; --           ;
; R3       ;            ;                ; GND                    ; gnd    ;              ;                     ; --           ;                 ; --       ; --           ;
; R4       ;            ;                ; GND                    ; gnd    ;              ;                     ; --           ;                 ; --       ; --           ;
; R5       ;            ; --             ; VCCL_GXBL              ; power  ;              ; 1.1V                ; --           ;                 ; --       ; --           ;
; R6       ;            ;                ; GND                    ; gnd    ;              ;                     ; --           ;                 ; --       ; --           ;
; R7       ;            ; --             ; VCCA_FPLL              ; power  ;              ; 2.5V                ; --           ;                 ; --       ; --           ;
; R8       ;            ;                ; GND                    ; gnd    ;              ;                     ; --           ;                 ; --       ; --           ;
; R9       ;            ;                ; GND                    ; gnd    ;              ;                     ; --           ;                 ; --       ; --           ;
; R10      ;            ; --             ; VCC                    ; power  ;              ; 1.1V                ; --           ;                 ; --       ; --           ;
; R11      ;            ;                ; GND                    ; gnd    ;              ;                     ; --           ;                 ; --       ; --           ;
; R12      ;            ; --             ; VCC                    ; power  ;              ; 1.1V                ; --           ;                 ; --       ; --           ;
; R13      ;            ;                ; GND                    ; gnd    ;              ;                     ; --           ;                 ; --       ; --           ;
; R14      ;            ; --             ; VCC                    ; power  ;              ; 1.1V                ; --           ;                 ; --       ; --           ;
; R15      ;            ;                ; GND                    ; gnd    ;              ;                     ; --           ;                 ; --       ; --           ;
; R16      ;            ; --             ; VCC_HPS                ; power  ;              ; 1.1V                ; --           ;                 ; --       ; --           ;
; R17      ;            ;                ; GND                    ; gnd    ;              ;                     ; --           ;                 ; --       ; --           ;
; R18      ; 302        ; 6B             ; RESERVED_INPUT         ;        ;              ;                     ; Row I/O      ;                 ; no       ; Off          ;
; R19      ; 300        ; 6B             ; RESERVED_INPUT         ;        ;              ;                     ; Row I/O      ;                 ; no       ; Off          ;
; R20      ;            ; 6A, 6B         ; VCCPD6A6B_HPS          ; power  ;              ; 2.5V                ; --           ;                 ; --       ; --           ;
; R21      ; 286        ; 6B             ; RESERVED_INPUT         ;        ;              ;                     ; Row I/O      ;                 ; no       ; Off          ;
; R22      ; 284        ; 6B             ; RESERVED_INPUT         ;        ;              ;                     ; Row I/O      ;                 ; no       ; Off          ;
; R23      ;            ; 6A, 6B         ; VCCPD6A6B_HPS          ; power  ;              ; 2.5V                ; --           ;                 ; --       ; --           ;
; R24      ; 272        ; 6B             ; RESERVED_INPUT         ;        ;              ;                     ; Row I/O      ;                 ; no       ; Off          ;
; R25      ;            ; 6B             ; VCCIO6B_HPS            ; power  ;              ; 2.5V                ; --           ;                 ; --       ; --           ;
; R26      ; 280        ; 6B             ; RESERVED_INPUT         ;        ;              ;                     ; Row I/O      ;                 ; no       ; Off          ;
; R27      ; 282        ; 6B             ; RESERVED_INPUT         ;        ;              ;                     ; Row I/O      ;                 ; no       ; Off          ;
; R28      ; 293        ; 6B             ; RESERVED_INPUT         ;        ;              ;                     ; Row I/O      ;                 ; no       ; Off          ;
; R29      ; 295        ; 6B             ; RESERVED_INPUT         ;        ;              ;                     ; Row I/O      ;                 ; no       ; Off          ;
; R30      ;            ;                ; GND                    ; gnd    ;              ;                     ; --           ;                 ; --       ; --           ;
; T1       ;            ;                ; GND                    ; gnd    ;              ;                     ; --           ;                 ; --       ; --           ;
; T2       ;            ;                ; GND                    ; gnd    ;              ;                     ; --           ;                 ; --       ; --           ;
; T3       ; 20         ; B1L            ; GXB_NC                 ;        ;              ;                     ; --           ;                 ; --       ; --           ;
; T4       ; 21         ; B1L            ; GXB_NC                 ;        ;              ;                     ; --           ;                 ; --       ; --           ;
; T5       ;            ;                ; GND                    ; gnd    ;              ;                     ; --           ;                 ; --       ; --           ;
; T6       ;            ; --             ; VCCE_GXBL              ; power  ;              ; 1.1V                ; --           ;                 ; --       ; --           ;
; T7       ;            ;                ; GND                    ; gnd    ;              ;                     ; --           ;                 ; --       ; --           ;
; T8       ; 14         ; B1L            ; GND                    ;        ;              ;                     ; Row I/O      ;                 ; --       ; --           ;
; T9       ; 15         ; B1L            ; GND                    ;        ;              ;                     ; Row I/O      ;                 ; --       ; --           ;
; T10      ;            ;                ; GND                    ; gnd    ;              ;                     ; --           ;                 ; --       ; --           ;
; T11      ;            ; --             ; VCC                    ; power  ;              ; 1.1V                ; --           ;                 ; --       ; --           ;
; T12      ;            ;                ; GND                    ; gnd    ;              ;                     ; --           ;                 ; --       ; --           ;
; T13      ;            ; --             ; VCC                    ; power  ;              ; 1.1V                ; --           ;                 ; --       ; --           ;
; T14      ;            ;                ; GND                    ; gnd    ;              ;                     ; --           ;                 ; --       ; --           ;
; T15      ;            ;                ; GND                    ; gnd    ;              ;                     ; --           ;                 ; --       ; --           ;
; T16      ;            ;                ; GND                    ; gnd    ;              ;                     ; --           ;                 ; --       ; --           ;
; T17      ;            ; --             ; VCC_HPS                ; power  ;              ; 1.1V                ; --           ;                 ; --       ; --           ;
; T18      ;            ;                ; GND                    ; gnd    ;              ;                     ; --           ;                 ; --       ; --           ;
; T19      ;            ; --             ; VCC_HPS                ; power  ;              ; 1.1V                ; --           ;                 ; --       ; --           ;
; T20      ;            ;                ; GND                    ; gnd    ;              ;                     ; --           ;                 ; --       ; --           ;
; T21      ; 278        ; 6B             ; RESERVED_INPUT         ;        ;              ;                     ; Row I/O      ;                 ; no       ; Off          ;
; T22      ;            ; 6B             ; VCCIO6B_HPS            ; power  ;              ; 2.5V                ; --           ;                 ; --       ; --           ;
; T23      ; 270        ; 6B             ; RESERVED_INPUT         ;        ;              ;                     ; Row I/O      ;                 ; no       ; Off          ;
; T24      ; 268        ; 6B             ; RESERVED_INPUT         ;        ;              ;                     ; Row I/O      ;                 ; no       ; Off          ;
; T25      ; 266        ; 6B             ; RESERVED_INPUT         ;        ;              ;                     ; Row I/O      ;                 ; no       ; Off          ;
; T26      ; 304        ; 6B             ; RESERVED_INPUT         ;        ;              ;                     ; Row I/O      ;                 ; no       ; Off          ;
; T27      ;            ;                ; GND                    ; gnd    ;              ;                     ; --           ;                 ; --       ; --           ;
; T28      ; 287        ; 6B             ; RESERVED_INPUT         ;        ;              ;                     ; Row I/O      ;                 ; no       ; Off          ;
; T29      ; 289        ; 6B             ; RESERVED_INPUT         ;        ;              ;                     ; Row I/O      ;                 ; no       ; Off          ;
; T30      ; 291        ; 6B             ; RESERVED_INPUT         ;        ;              ;                     ; Row I/O      ;                 ; no       ; Off          ;
; U1       ; 23         ; B1L            ; GND                    ;        ;              ;                     ; --           ;                 ; --       ; --           ;
; U2       ; 22         ; B1L            ; GND                    ;        ;              ;                     ; --           ;                 ; --       ; --           ;
; U3       ;            ;                ; GND                    ; gnd    ;              ;                     ; --           ;                 ; --       ; --           ;
; U4       ;            ;                ; GND                    ; gnd    ;              ;                     ; --           ;                 ; --       ; --           ;
; U5       ;            ; --             ; VCCE_GXBL              ; power  ;              ; 1.1V                ; --           ;                 ; --       ; --           ;
; U6       ;            ;                ; GND                    ; gnd    ;              ;                     ; --           ;                 ; --       ; --           ;
; U7       ; 50         ; 3A             ; ^DCLK                  ;        ;              ;                     ; Weak Pull Up ;                 ; --       ; On           ;
; U8       ; 48         ; 3A             ; #TDI                   ; input  ;              ;                     ; --           ;                 ; --       ; --           ;
; U9       ;            ;                ; GND                    ; gnd    ;              ;                     ; --           ;                 ; --       ; --           ;
; U10      ;            ; --             ; VCC                    ; power  ;              ; 1.1V                ; --           ;                 ; --       ; --           ;
; U11      ;            ;                ; GND                    ; gnd    ;              ;                     ; --           ;                 ; --       ; --           ;
; U12      ;            ; --             ; VCC                    ; power  ;              ; 1.1V                ; --           ;                 ; --       ; --           ;
; U13      ;            ;                ; GND                    ; gnd    ;              ;                     ; --           ;                 ; --       ; --           ;
; U14      ;            ; --             ; VCC                    ; power  ;              ; 1.1V                ; --           ;                 ; --       ; --           ;
; U15      ;            ;                ; GND                    ; gnd    ;              ;                     ; --           ;                 ; --       ; --           ;
; U16      ;            ; --             ; VCC_HPS                ; power  ;              ; 1.1V                ; --           ;                 ; --       ; --           ;
; U17      ;            ;                ; GND                    ; gnd    ;              ;                     ; --           ;                 ; --       ; --           ;
; U18      ;            ; --             ; VCC_HPS                ; power  ;              ; 1.1V                ; --           ;                 ; --       ; --           ;
; U19      ;            ; 6B             ; VCCIO6B_HPS            ; power  ;              ; 2.5V                ; --           ;                 ; --       ; --           ;
; U20      ; 276        ; 6B             ; RESERVED_INPUT         ;        ;              ;                     ; Row I/O      ;                 ; no       ; Off          ;
; U21      ;            ; --             ; VCC                    ; power  ;              ; 1.1V                ; --           ;                 ; --       ; --           ;
; U22      ;            ;                ; GND                    ; gnd    ;              ;                     ; --           ;                 ; --       ; --           ;
; U23      ;            ; 5B             ; VCCPD5B                ; power  ;              ; 2.5V                ; --           ;                 ; --       ; --           ;
; U24      ;            ;                ; GND                    ; gnd    ;              ;                     ; --           ;                 ; --       ; --           ;
; U25      ; 264        ; 6B             ; RESERVED_INPUT         ;        ;              ;                     ; Row I/O      ;                 ; no       ; Off          ;
; U26      ; 306        ; 6B             ; RESERVED_INPUT         ;        ;              ;                     ; Row I/O      ;                 ; no       ; Off          ;
; U27      ; 273        ; 6B             ; RESERVED_INPUT         ;        ;              ;                     ; Row I/O      ;                 ; no       ; Off          ;
; U28      ; 285        ; 6B             ; RESERVED_INPUT         ;        ;              ;                     ; Row I/O      ;                 ; no       ; Off          ;
; U29      ;            ;                ; GND                    ; gnd    ;              ;                     ; --           ;                 ; --       ; --           ;
; U30      ; 283        ; 6B             ; RESERVED_INPUT         ;        ;              ;                     ; Row I/O      ;                 ; --       ; --           ;
; V1       ;            ;                ; GND                    ; gnd    ;              ;                     ; --           ;                 ; --       ; --           ;
; V2       ;            ;                ; GND                    ; gnd    ;              ;                     ; --           ;                 ; --       ; --           ;
; V3       ; 24         ; B1L            ; GXB_NC                 ;        ;              ;                     ; --           ;                 ; --       ; --           ;
; V4       ; 25         ; B1L            ; GXB_NC                 ;        ;              ;                     ; --           ;                 ; --       ; --           ;
; V5       ;            ;                ; GND                    ; gnd    ;              ;                     ; --           ;                 ; --       ; --           ;
; V6       ;            ; --             ; VCCH_GXBL              ; power  ;              ; 2.5V                ; --           ;                 ; --       ; --           ;
; V7       ;            ;                ; GND                    ; gnd    ;              ;                     ; --           ;                 ; --       ; --           ;
; V8       ;            ; --             ; VCCA_FPLL              ; power  ;              ; 2.5V                ; --           ;                 ; --       ; --           ;
; V9       ; 44         ; 3A             ; #TMS                   ; input  ;              ;                     ; --           ;                 ; --       ; --           ;
; V10      ;            ;                ; GND                    ; gnd    ;              ;                     ; --           ;                 ; --       ; --           ;
; V11      ;            ; --             ; VCC                    ; power  ;              ; 1.1V                ; --           ;                 ; --       ; --           ;
; V12      ;            ;                ; GND                    ; gnd    ;              ;                     ; --           ;                 ; --       ; --           ;
; V13      ;            ; --             ; VCC                    ; power  ;              ; 1.1V                ; --           ;                 ; --       ; --           ;
; V14      ;            ;                ; GND                    ; gnd    ;              ;                     ; --           ;                 ; --       ; --           ;
; V15      ;            ; --             ; VCC                    ; power  ;              ; 1.1V                ; --           ;                 ; --       ; --           ;
; V16      ; 138        ; 4A             ; out2[1]                ; output ; 2.5 V        ;                     ; Column I/O   ; Y               ; no       ; Off          ;
; V17      ; 154        ; 4A             ; out2[6]                ; output ; 2.5 V        ;                     ; Column I/O   ; Y               ; no       ; Off          ;
; V18      ; 194        ; 4A             ; out1[1]                ; output ; 2.5 V        ;                     ; Column I/O   ; Y               ; no       ; Off          ;
; V19      ;            ;                ; GND                    ; gnd    ;              ;                     ; --           ;                 ; --       ; --           ;
; V20      ; 292        ; 6B             ; RESERVED_INPUT         ;        ;              ;                     ; Row I/O      ;                 ; no       ; Off          ;
; V21      ;            ;                ; GND                    ; gnd    ;              ;                     ; --           ;                 ; --       ; --           ;
; V22      ;            ; 5A             ; VCCPD5A                ; power  ;              ; 2.5V                ; --           ;                 ; --       ; --           ;
; V23      ; 236        ; 5A             ; RESERVED_INPUT         ;        ;              ;                     ; Row I/O      ;                 ; no       ; Off          ;
; V24      ;            ; 5A             ; VCCPD5A                ; power  ;              ; 2.5V                ; --           ;                 ; --       ; --           ;
; V25      ; 246        ; 5B             ; RandomNumber[5]        ; input  ; 2.5 V        ;                     ; Row I/O      ; Y               ; no       ; Off          ;
; V26      ;            ; 6B             ; VCCIO6B_HPS            ; power  ;              ; 2.5V                ; --           ;                 ; --       ; --           ;
; V27      ; 265        ; 6B             ; RESERVED_INPUT         ;        ;              ;                     ; Row I/O      ;                 ; no       ; Off          ;
; V28      ; 271        ; 6B             ; RESERVED_INPUT         ;        ;              ;                     ; Row I/O      ;                 ; no       ; Off          ;
; V29      ; 275        ; 6B             ; RESERVED_INPUT         ;        ;              ;                     ; Row I/O      ;                 ; no       ; Off          ;
; V30      ; 281        ; 6B             ; RESERVED_INPUT         ;        ;              ;                     ; Row I/O      ;                 ; no       ; Off          ;
; W1       ; 27         ; B1L            ; GND                    ;        ;              ;                     ; --           ;                 ; --       ; --           ;
; W2       ; 26         ; B1L            ; GND                    ;        ;              ;                     ; --           ;                 ; --       ; --           ;
; W3       ;            ;                ; GND                    ; gnd    ;              ;                     ; --           ;                 ; --       ; --           ;
; W4       ;            ;                ; GND                    ; gnd    ;              ;                     ; --           ;                 ; --       ; --           ;
; W5       ;            ; --             ; VCCL_GXBL              ; power  ;              ; 1.1V                ; --           ;                 ; --       ; --           ;
; W6       ;            ;                ; GND                    ; gnd    ;              ;                     ; --           ;                 ; --       ; --           ;
; W7       ; 41         ; B0L            ; GND                    ;        ;              ;                     ; Row I/O      ;                 ; --       ; --           ;
; W8       ; 40         ; B0L            ; GND                    ;        ;              ;                     ; Row I/O      ;                 ; --       ; --           ;
; W9       ;            ;                ; GND                    ; gnd    ;              ;                     ; --           ;                 ; --       ; --           ;
; W10      ;            ; --             ; VCC                    ; power  ;              ; 1.1V                ; --           ;                 ; --       ; --           ;
; W11      ;            ;                ; GND                    ; gnd    ;              ;                     ; --           ;                 ; --       ; --           ;
; W12      ;            ; --             ; VCC                    ; power  ;              ; 1.1V                ; --           ;                 ; --       ; --           ;
; W13      ;            ;                ; GND                    ; gnd    ;              ;                     ; --           ;                 ; --       ; --           ;
; W14      ;            ; --             ; VCC                    ; power  ;              ; 1.1V                ; --           ;                 ; --       ; --           ;
; W15      ; 130        ; 3B             ; out7[3]                ; output ; 2.5 V        ;                     ; Column I/O   ; N               ; no       ; Off          ;
; W16      ; 136        ; 4A             ; out3[6]                ; output ; 2.5 V        ;                     ; Column I/O   ; Y               ; no       ; Off          ;
; W17      ; 152        ; 4A             ; out1[0]                ; output ; 2.5 V        ;                     ; Column I/O   ; Y               ; no       ; Off          ;
; W18      ;            ;                ; GND                    ; gnd    ;              ;                     ; --           ;                 ; --       ; --           ;
; W19      ; 192        ; 4A             ; out4[1]                ; output ; 2.5 V        ;                     ; Column I/O   ; Y               ; no       ; Off          ;
; W20      ; 217        ; 5A             ; RESERVED_INPUT         ;        ;              ;                     ; Row I/O      ;                 ; no       ; Off          ;
; W21      ; 221        ; 5A             ; OutputRandomNumber[5]  ; output ; 2.5 V        ;                     ; Row I/O      ; N               ; no       ; Off          ;
; W22      ; 223        ; 5A             ; RESERVED_INPUT         ;        ;              ;                     ; Row I/O      ;                 ; no       ; Off          ;
; W23      ;            ; 5A             ; VCCIO5A                ; power  ;              ; 2.5V                ; --           ;                 ; --       ; --           ;
; W24      ; 238        ; 5A             ; outputNumber[0]        ; output ; 2.5 V        ;                     ; Row I/O      ; N               ; no       ; Off          ;
; W25      ; 244        ; 5B             ; RandomNumber[4]        ; input  ; 2.5 V        ;                     ; Row I/O      ; Y               ; no       ; Off          ;
; W26      ; 274        ; 6B             ; RESERVED_INPUT         ;        ;              ;                     ; Row I/O      ;                 ; no       ; Off          ;
; W27      ; 261        ; 6B             ; RESERVED_INPUT         ;        ;              ;                     ; Row I/O      ;                 ; no       ; Off          ;
; W28      ;            ;                ; GND                    ; gnd    ;              ;                     ; --           ;                 ; --       ; --           ;
; W29      ; 279        ; 6B             ; RESERVED_INPUT         ;        ;              ;                     ; Row I/O      ;                 ; no       ; Off          ;
; W30      ; 277        ; 6B             ; RESERVED_INPUT         ;        ;              ;                     ; Row I/O      ;                 ; no       ; Off          ;
; Y1       ;            ;                ; GND                    ; gnd    ;              ;                     ; --           ;                 ; --       ; --           ;
; Y2       ;            ;                ; GND                    ; gnd    ;              ;                     ; --           ;                 ; --       ; --           ;
; Y3       ; 28         ; B0L            ; GXB_NC                 ;        ;              ;                     ; --           ;                 ; --       ; --           ;
; Y4       ; 29         ; B0L            ; GXB_NC                 ;        ;              ;                     ; --           ;                 ; --       ; --           ;
; Y5       ;            ;                ; GND                    ; gnd    ;              ;                     ; --           ;                 ; --       ; --           ;
; Y6       ;            ; --             ; VCCE_GXBL              ; power  ;              ; 1.1V                ; --           ;                 ; --       ; --           ;
; Y7       ;            ;                ; GND                    ; gnd    ;              ;                     ; --           ;                 ; --       ; --           ;
; Y8       ;            ;                ; GND                    ; gnd    ;              ;                     ; --           ;                 ; --       ; --           ;
; Y9       ;            ; --             ; VCC                    ; power  ;              ; 1.1V                ; --           ;                 ; --       ; --           ;
; Y10      ;            ;                ; GND                    ; gnd    ;              ;                     ; --           ;                 ; --       ; --           ;
; Y11      ;            ; --             ; VCC                    ; power  ;              ; 1.1V                ; --           ;                 ; --       ; --           ;
; Y12      ;            ;                ; GND                    ; gnd    ;              ;                     ; --           ;                 ; --       ; --           ;
; Y13      ;            ; --             ; VCC                    ; power  ;              ; 1.1V                ; --           ;                 ; --       ; --           ;
; Y14      ;            ;                ; GND                    ; gnd    ;              ;                     ; --           ;                 ; --       ; --           ;
; Y15      ;            ;                ; GND                    ; gnd    ;              ;                     ; --           ;                 ; --       ; --           ;
; Y16      ; 128        ; 3B             ; result[17]             ; output ; 2.5 V        ;                     ; Column I/O   ; N               ; no       ; Off          ;
; Y17      ; 170        ; 4A             ; out3[3]                ; output ; 2.5 V        ;                     ; Column I/O   ; Y               ; no       ; Off          ;
; Y18      ; 178        ; 4A             ; out3[4]                ; output ; 2.5 V        ;                     ; Column I/O   ; Y               ; no       ; Off          ;
; Y19      ; 202        ; 4A             ; out4[0]                ; output ; 2.5 V        ;                     ; Column I/O   ; Y               ; no       ; Off          ;
; Y20      ;            ;                ; GND                    ; gnd    ;              ;                     ; --           ;                 ; --       ; --           ;
; Y21      ; 219        ; 5A             ; result[1]              ; output ; 2.5 V        ;                     ; Row I/O      ; N               ; no       ; Off          ;
; Y22      ;            ; --             ; VCCA_FPLL              ; power  ;              ; 2.5V                ; --           ;                 ; --       ; --           ;
; Y23      ; 232        ; 5A             ; RESERVED_INPUT         ;        ;              ;                     ; Row I/O      ;                 ; no       ; Off          ;
; Y24      ; 234        ; 5A             ; RESERVED_INPUT         ;        ;              ;                     ; Row I/O      ;                 ; no       ; Off          ;
; Y25      ;            ;                ; GND                    ; gnd    ;              ;                     ; --           ;                 ; --       ; --           ;
; Y26      ; 256        ; 5B             ; RESERVED_INPUT         ;        ;              ;                     ; Row I/O      ;                 ; no       ; Off          ;
; Y27      ; 258        ; 5B             ; RandomNumber[1]        ; input  ; 2.5 V        ;                     ; Row I/O      ; Y               ; no       ; Off          ;
; Y28      ; 269        ; 6B             ; RESERVED_INPUT         ;        ;              ;                     ; Row I/O      ;                 ; no       ; Off          ;
; Y29      ; 263        ; 6B             ; RESERVED_INPUT         ;        ;              ;                     ; Row I/O      ;                 ; no       ; Off          ;
; Y30      ;            ;                ; GND                    ; gnd    ;              ;                     ; --           ;                 ; --       ; --           ;
+----------+------------+----------------+------------------------+--------+--------------+---------------------+--------------+-----------------+----------+--------------+
Note: Pin directions (input, output or bidir) are based on device operating in user mode.


+--------------------------------------------------------------+
; I/O Assignment Warnings                                      ;
+-----------------------+--------------------------------------+
; Pin Name              ; Reason                               ;
+-----------------------+--------------------------------------+
; OutputRandomNumber[0] ; Missing drive strength and slew rate ;
; OutputRandomNumber[1] ; Missing drive strength and slew rate ;
; OutputRandomNumber[2] ; Missing drive strength and slew rate ;
; OutputRandomNumber[3] ; Missing drive strength and slew rate ;
; OutputRandomNumber[4] ; Missing drive strength and slew rate ;
; OutputRandomNumber[5] ; Missing drive strength and slew rate ;
; OutputRandomNumber[6] ; Missing drive strength and slew rate ;
; OutputRandomNumber[7] ; Missing drive strength and slew rate ;
; outputNumber[0]       ; Missing drive strength and slew rate ;
; outputNumber[1]       ; Missing drive strength and slew rate ;
; outputNumber[2]       ; Missing drive strength and slew rate ;
; outputNumber[3]       ; Missing drive strength and slew rate ;
; outputNumber[4]       ; Missing drive strength and slew rate ;
; outputNumber[5]       ; Missing drive strength and slew rate ;
; outputNumber[6]       ; Missing drive strength and slew rate ;
; outputNumber[7]       ; Missing drive strength and slew rate ;
; outputNumber[8]       ; Missing drive strength and slew rate ;
; outputNumber[9]       ; Missing drive strength and slew rate ;
; outputNumber[10]      ; Missing drive strength and slew rate ;
; outputNumber[11]      ; Missing drive strength and slew rate ;
; outputNumber[12]      ; Missing drive strength and slew rate ;
; outputNumber[13]      ; Missing drive strength and slew rate ;
; outputNumber[14]      ; Missing drive strength and slew rate ;
; outputNumber[15]      ; Missing drive strength and slew rate ;
; outputNumber[16]      ; Missing drive strength and slew rate ;
; outputNumber[17]      ; Missing drive strength and slew rate ;
; outputNumber[18]      ; Missing drive strength and slew rate ;
; outputNumber[19]      ; Missing drive strength and slew rate ;
; outputNumber[20]      ; Missing drive strength and slew rate ;
; outputNumber[21]      ; Missing drive strength and slew rate ;
; outputNumber[22]      ; Missing drive strength and slew rate ;
; outputNumber[23]      ; Missing drive strength and slew rate ;
; outputNumber[24]      ; Missing drive strength and slew rate ;
; outputNumber[25]      ; Missing drive strength and slew rate ;
; outputNumber[26]      ; Missing drive strength and slew rate ;
; outputNumber[27]      ; Missing drive strength and slew rate ;
; outputNumber[28]      ; Missing drive strength and slew rate ;
; outputNumber[29]      ; Missing drive strength and slew rate ;
; outputNumber[30]      ; Missing drive strength and slew rate ;
; outputNumber[31]      ; Missing drive strength and slew rate ;
; result[0]             ; Missing drive strength and slew rate ;
; result[1]             ; Missing drive strength and slew rate ;
; result[2]             ; Missing drive strength and slew rate ;
; result[3]             ; Missing drive strength and slew rate ;
; result[4]             ; Missing drive strength and slew rate ;
; result[5]             ; Missing drive strength and slew rate ;
; result[6]             ; Missing drive strength and slew rate ;
; result[7]             ; Missing drive strength and slew rate ;
; result[8]             ; Missing drive strength and slew rate ;
; result[9]             ; Missing drive strength and slew rate ;
; result[10]            ; Missing drive strength and slew rate ;
; result[11]            ; Missing drive strength and slew rate ;
; result[12]            ; Missing drive strength and slew rate ;
; result[13]            ; Missing drive strength and slew rate ;
; result[14]            ; Missing drive strength and slew rate ;
; result[15]            ; Missing drive strength and slew rate ;
; result[16]            ; Missing drive strength and slew rate ;
; result[17]            ; Missing drive strength and slew rate ;
; result[18]            ; Missing drive strength and slew rate ;
; result[19]            ; Missing drive strength and slew rate ;
; result[20]            ; Missing drive strength and slew rate ;
; result[21]            ; Missing drive strength and slew rate ;
; result[22]            ; Missing drive strength and slew rate ;
; result[23]            ; Missing drive strength and slew rate ;
; result[24]            ; Missing drive strength and slew rate ;
; result[25]            ; Missing drive strength and slew rate ;
; result[26]            ; Missing drive strength and slew rate ;
; result[27]            ; Missing drive strength and slew rate ;
; result[28]            ; Missing drive strength and slew rate ;
; result[29]            ; Missing drive strength and slew rate ;
; result[30]            ; Missing drive strength and slew rate ;
; result[31]            ; Missing drive strength and slew rate ;
; outputReg3[0]         ; Missing drive strength and slew rate ;
; outputReg3[1]         ; Missing drive strength and slew rate ;
; outputReg3[2]         ; Missing drive strength and slew rate ;
; outputReg3[3]         ; Missing drive strength and slew rate ;
; outputReg3[4]         ; Missing drive strength and slew rate ;
; outputReg3[5]         ; Missing drive strength and slew rate ;
; outputReg3[6]         ; Missing drive strength and slew rate ;
; outputReg3[7]         ; Missing drive strength and slew rate ;
; outputReg3[8]         ; Missing drive strength and slew rate ;
; outputReg3[9]         ; Missing drive strength and slew rate ;
; outputReg3[10]        ; Missing drive strength and slew rate ;
; outputReg3[11]        ; Missing drive strength and slew rate ;
; outputReg3[12]        ; Missing drive strength and slew rate ;
; outputReg3[13]        ; Missing drive strength and slew rate ;
; outputReg3[14]        ; Missing drive strength and slew rate ;
; outputReg3[15]        ; Missing drive strength and slew rate ;
; outputReg3[16]        ; Missing drive strength and slew rate ;
; outputReg3[17]        ; Missing drive strength and slew rate ;
; outputReg3[18]        ; Missing drive strength and slew rate ;
; outputReg3[19]        ; Missing drive strength and slew rate ;
; outputReg3[20]        ; Missing drive strength and slew rate ;
; outputReg3[21]        ; Missing drive strength and slew rate ;
; outputReg3[22]        ; Missing drive strength and slew rate ;
; outputReg3[23]        ; Missing drive strength and slew rate ;
; outputReg3[24]        ; Missing drive strength and slew rate ;
; outputReg3[25]        ; Missing drive strength and slew rate ;
; outputReg3[26]        ; Missing drive strength and slew rate ;
; outputReg3[27]        ; Missing drive strength and slew rate ;
; outputReg3[28]        ; Missing drive strength and slew rate ;
; outputReg3[29]        ; Missing drive strength and slew rate ;
; outputReg3[30]        ; Missing drive strength and slew rate ;
; outputReg3[31]        ; Missing drive strength and slew rate ;
; out1[0]               ; Missing drive strength and slew rate ;
; out1[1]               ; Missing drive strength and slew rate ;
; out1[2]               ; Missing drive strength and slew rate ;
; out1[3]               ; Missing drive strength and slew rate ;
; out1[4]               ; Missing drive strength and slew rate ;
; out1[5]               ; Missing drive strength and slew rate ;
; out1[6]               ; Missing drive strength and slew rate ;
; out2[0]               ; Missing drive strength and slew rate ;
; out2[1]               ; Missing drive strength and slew rate ;
; out2[2]               ; Missing drive strength and slew rate ;
; out2[3]               ; Missing drive strength and slew rate ;
; out2[4]               ; Missing drive strength and slew rate ;
; out2[5]               ; Missing drive strength and slew rate ;
; out2[6]               ; Missing drive strength and slew rate ;
; out3[0]               ; Missing drive strength and slew rate ;
; out3[1]               ; Missing drive strength and slew rate ;
; out3[2]               ; Missing drive strength and slew rate ;
; out3[3]               ; Missing drive strength and slew rate ;
; out3[4]               ; Missing drive strength and slew rate ;
; out3[5]               ; Missing drive strength and slew rate ;
; out3[6]               ; Missing drive strength and slew rate ;
; out4[0]               ; Missing drive strength and slew rate ;
; out4[1]               ; Missing drive strength and slew rate ;
; out4[2]               ; Missing drive strength and slew rate ;
; out4[3]               ; Missing drive strength and slew rate ;
; out4[4]               ; Missing drive strength and slew rate ;
; out4[5]               ; Missing drive strength and slew rate ;
; out4[6]               ; Missing drive strength and slew rate ;
; out5[0]               ; Missing drive strength and slew rate ;
; out5[1]               ; Missing drive strength and slew rate ;
; out5[2]               ; Missing drive strength and slew rate ;
; out5[3]               ; Missing drive strength and slew rate ;
; out5[4]               ; Missing drive strength and slew rate ;
; out5[5]               ; Missing drive strength and slew rate ;
; out5[6]               ; Missing drive strength and slew rate ;
; out6[0]               ; Missing drive strength and slew rate ;
; out6[1]               ; Missing drive strength and slew rate ;
; out6[2]               ; Missing drive strength and slew rate ;
; out6[3]               ; Missing drive strength and slew rate ;
; out6[4]               ; Missing drive strength and slew rate ;
; out6[5]               ; Missing drive strength and slew rate ;
; out6[6]               ; Missing drive strength and slew rate ;
; out7[0]               ; Missing drive strength and slew rate ;
; out7[1]               ; Missing drive strength and slew rate ;
; out7[2]               ; Missing drive strength and slew rate ;
; out7[3]               ; Missing drive strength and slew rate ;
; out7[4]               ; Missing drive strength and slew rate ;
; out7[5]               ; Missing drive strength and slew rate ;
; out7[6]               ; Missing drive strength and slew rate ;
; out8[0]               ; Missing drive strength and slew rate ;
; out8[1]               ; Missing drive strength and slew rate ;
; out8[2]               ; Missing drive strength and slew rate ;
; out8[3]               ; Missing drive strength and slew rate ;
; out8[4]               ; Missing drive strength and slew rate ;
; out8[5]               ; Missing drive strength and slew rate ;
; out8[6]               ; Missing drive strength and slew rate ;
; OutputRandomNumber[0] ; Missing location assignment          ;
; OutputRandomNumber[1] ; Missing location assignment          ;
; OutputRandomNumber[2] ; Missing location assignment          ;
; OutputRandomNumber[3] ; Missing location assignment          ;
; OutputRandomNumber[4] ; Missing location assignment          ;
; OutputRandomNumber[5] ; Missing location assignment          ;
; OutputRandomNumber[6] ; Missing location assignment          ;
; OutputRandomNumber[7] ; Missing location assignment          ;
; outputNumber[0]       ; Missing location assignment          ;
; outputNumber[1]       ; Missing location assignment          ;
; outputNumber[2]       ; Missing location assignment          ;
; outputNumber[3]       ; Missing location assignment          ;
; outputNumber[4]       ; Missing location assignment          ;
; outputNumber[5]       ; Missing location assignment          ;
; outputNumber[6]       ; Missing location assignment          ;
; outputNumber[7]       ; Missing location assignment          ;
; outputNumber[8]       ; Missing location assignment          ;
; outputNumber[9]       ; Missing location assignment          ;
; outputNumber[10]      ; Missing location assignment          ;
; outputNumber[11]      ; Missing location assignment          ;
; outputNumber[12]      ; Missing location assignment          ;
; outputNumber[13]      ; Missing location assignment          ;
; outputNumber[14]      ; Missing location assignment          ;
; outputNumber[15]      ; Missing location assignment          ;
; outputNumber[16]      ; Missing location assignment          ;
; outputNumber[17]      ; Missing location assignment          ;
; outputNumber[18]      ; Missing location assignment          ;
; outputNumber[19]      ; Missing location assignment          ;
; outputNumber[20]      ; Missing location assignment          ;
; outputNumber[21]      ; Missing location assignment          ;
; outputNumber[22]      ; Missing location assignment          ;
; outputNumber[23]      ; Missing location assignment          ;
; outputNumber[24]      ; Missing location assignment          ;
; outputNumber[25]      ; Missing location assignment          ;
; outputNumber[26]      ; Missing location assignment          ;
; outputNumber[27]      ; Missing location assignment          ;
; outputNumber[28]      ; Missing location assignment          ;
; outputNumber[29]      ; Missing location assignment          ;
; outputNumber[30]      ; Missing location assignment          ;
; outputNumber[31]      ; Missing location assignment          ;
; result[0]             ; Missing location assignment          ;
; result[1]             ; Missing location assignment          ;
; result[2]             ; Missing location assignment          ;
; result[3]             ; Missing location assignment          ;
; result[4]             ; Missing location assignment          ;
; result[5]             ; Missing location assignment          ;
; result[6]             ; Missing location assignment          ;
; result[7]             ; Missing location assignment          ;
; result[8]             ; Missing location assignment          ;
; result[9]             ; Missing location assignment          ;
; result[10]            ; Missing location assignment          ;
; result[11]            ; Missing location assignment          ;
; result[12]            ; Missing location assignment          ;
; result[13]            ; Missing location assignment          ;
; result[14]            ; Missing location assignment          ;
; result[15]            ; Missing location assignment          ;
; result[16]            ; Missing location assignment          ;
; result[17]            ; Missing location assignment          ;
; result[18]            ; Missing location assignment          ;
; result[19]            ; Missing location assignment          ;
; result[20]            ; Missing location assignment          ;
; result[21]            ; Missing location assignment          ;
; result[22]            ; Missing location assignment          ;
; result[23]            ; Missing location assignment          ;
; result[24]            ; Missing location assignment          ;
; result[25]            ; Missing location assignment          ;
; result[26]            ; Missing location assignment          ;
; result[27]            ; Missing location assignment          ;
; result[28]            ; Missing location assignment          ;
; result[29]            ; Missing location assignment          ;
; result[30]            ; Missing location assignment          ;
; result[31]            ; Missing location assignment          ;
; outputReg3[0]         ; Missing location assignment          ;
; outputReg3[1]         ; Missing location assignment          ;
; outputReg3[2]         ; Missing location assignment          ;
; outputReg3[3]         ; Missing location assignment          ;
; outputReg3[4]         ; Missing location assignment          ;
; outputReg3[5]         ; Missing location assignment          ;
; outputReg3[6]         ; Missing location assignment          ;
; outputReg3[7]         ; Missing location assignment          ;
; outputReg3[8]         ; Missing location assignment          ;
; outputReg3[9]         ; Missing location assignment          ;
; outputReg3[10]        ; Missing location assignment          ;
; outputReg3[11]        ; Missing location assignment          ;
; outputReg3[12]        ; Missing location assignment          ;
; outputReg3[13]        ; Missing location assignment          ;
; outputReg3[14]        ; Missing location assignment          ;
; outputReg3[15]        ; Missing location assignment          ;
; outputReg3[16]        ; Missing location assignment          ;
; outputReg3[17]        ; Missing location assignment          ;
; outputReg3[18]        ; Missing location assignment          ;
; outputReg3[19]        ; Missing location assignment          ;
; outputReg3[20]        ; Missing location assignment          ;
; outputReg3[21]        ; Missing location assignment          ;
; outputReg3[22]        ; Missing location assignment          ;
; outputReg3[23]        ; Missing location assignment          ;
; outputReg3[24]        ; Missing location assignment          ;
; outputReg3[25]        ; Missing location assignment          ;
; outputReg3[26]        ; Missing location assignment          ;
; outputReg3[27]        ; Missing location assignment          ;
; outputReg3[28]        ; Missing location assignment          ;
; outputReg3[29]        ; Missing location assignment          ;
; outputReg3[30]        ; Missing location assignment          ;
; outputReg3[31]        ; Missing location assignment          ;
; out7[0]               ; Missing location assignment          ;
; out7[1]               ; Missing location assignment          ;
; out7[2]               ; Missing location assignment          ;
; out7[3]               ; Missing location assignment          ;
; out7[4]               ; Missing location assignment          ;
; out7[5]               ; Missing location assignment          ;
; out7[6]               ; Missing location assignment          ;
; out8[0]               ; Missing location assignment          ;
; out8[1]               ; Missing location assignment          ;
; out8[2]               ; Missing location assignment          ;
; out8[3]               ; Missing location assignment          ;
; out8[4]               ; Missing location assignment          ;
; out8[5]               ; Missing location assignment          ;
; out8[6]               ; Missing location assignment          ;
; reset                 ; Missing location assignment          ;
+-----------------------+--------------------------------------+


+--------------------------------------------------------------------------------------------------------------------------------------------------------------------------------------------------------------------------------------------------------------------------------------------------------------------------------------------------------------------------------------------------------+
; Fitter Resource Utilization by Entity                                                                                                                                                                                                                                                                                                                                                                  ;
+-------------------------------+----------------------+----------------------------------+---------------------------------------------------+----------------------------------+----------------------+---------------------+---------------------------+---------------+-------------------+-------+------------+------+--------------+-------------------------------+----------------+--------------+
; Compilation Hierarchy Node    ; ALMs needed [=A-B+C] ; [A] ALMs used in final placement ; [B] Estimate of ALMs recoverable by dense packing ; [C] Estimate of ALMs unavailable ; ALMs used for memory ; Combinational ALUTs ; Dedicated Logic Registers ; I/O Registers ; Block Memory Bits ; M10Ks ; DSP Blocks ; Pins ; Virtual Pins ; Full Hierarchy Name           ; Entity Name    ; Library Name ;
+-------------------------------+----------------------+----------------------------------+---------------------------------------------------+----------------------------------+----------------------+---------------------+---------------------------+---------------+-------------------+-------+------------+------+--------------+-------------------------------+----------------+--------------+
; |Cpu                          ; 434.0 (0.5)          ; 460.5 (0.5)                      ; 29.0 (0.0)                                        ; 2.5 (0.0)                        ; 0.0 (0.0)            ; 704 (1)             ; 110 (0)                   ; 0 (0)         ; 0                 ; 0     ; 2          ; 171  ; 0            ; |Cpu                          ; Cpu            ; work         ;
;    |Add:b2v_inst6|            ; 3.0 (3.0)            ; 3.0 (3.0)                        ; 0.0 (0.0)                                         ; 0.0 (0.0)                        ; 0.0 (0.0)            ; 6 (6)               ; 0 (0)                     ; 0 (0)         ; 0                 ; 0     ; 0          ; 0    ; 0            ; |Cpu|Add:b2v_inst6            ; Add            ; work         ;
;    |InstructionMem:b2v_inst3| ; 9.0 (9.0)            ; 10.5 (10.5)                      ; 1.5 (1.5)                                         ; 0.0 (0.0)                        ; 0.0 (0.0)            ; 18 (18)             ; 0 (0)                     ; 0 (0)         ; 0                 ; 0     ; 0          ; 0    ; 0            ; |Cpu|InstructionMem:b2v_inst3 ; InstructionMem ; work         ;
;    |Mux2_1:b2v_inst1|         ; 2.0 (2.0)            ; 2.0 (2.0)                        ; 0.0 (0.0)                                         ; 0.0 (0.0)                        ; 0.0 (0.0)            ; 2 (2)               ; 0 (0)                     ; 0 (0)         ; 0                 ; 0     ; 0          ; 0    ; 0            ; |Cpu|Mux2_1:b2v_inst1         ; Mux2_1         ; work         ;
;    |Mux2_1:b2v_inst10|        ; 45.7 (45.7)          ; 58.8 (58.8)                      ; 13.2 (13.2)                                       ; 0.0 (0.0)                        ; 0.0 (0.0)            ; 114 (114)           ; 0 (0)                     ; 0 (0)         ; 0                 ; 0     ; 0          ; 0    ; 0            ; |Cpu|Mux2_1:b2v_inst10        ; Mux2_1         ; work         ;
;    |Mux2_1:b2v_inst17|        ; 12.7 (12.7)          ; 17.3 (17.3)                      ; 4.7 (4.7)                                         ; 0.0 (0.0)                        ; 0.0 (0.0)            ; 34 (34)             ; 0 (0)                     ; 0 (0)         ; 0                 ; 0     ; 0          ; 0    ; 0            ; |Cpu|Mux2_1:b2v_inst17        ; Mux2_1         ; work         ;
;    |MyALU:b2v_inst14|         ; 248.7 (248.7)        ; 251.8 (251.8)                    ; 5.7 (5.7)                                         ; 2.5 (2.5)                        ; 0.0 (0.0)            ; 387 (387)           ; 0 (0)                     ; 0 (0)         ; 0                 ; 0     ; 2          ; 0    ; 0            ; |Cpu|MyALU:b2v_inst14         ; MyALU          ; work         ;
;    |Pc:b2v_inst4|             ; 2.8 (2.8)            ; 2.8 (2.8)                        ; 0.0 (0.0)                                         ; 0.0 (0.0)                        ; 0.0 (0.0)            ; 5 (5)               ; 6 (6)                     ; 0 (0)         ; 0                 ; 0     ; 0          ; 0    ; 0            ; |Cpu|Pc:b2v_inst4             ; Pc             ; work         ;
;    |RegFile:b2v_inst5|        ; 74.8 (74.8)          ; 75.0 (75.0)                      ; 0.2 (0.2)                                         ; 0.0 (0.0)                        ; 0.0 (0.0)            ; 68 (68)             ; 96 (96)                   ; 0 (0)         ; 0                 ; 0     ; 0          ; 0    ; 0            ; |Cpu|RegFile:b2v_inst5        ; RegFile        ; work         ;
;    |Result:Bresult|           ; 28.0 (28.0)          ; 28.0 (28.0)                      ; 0.0 (0.0)                                         ; 0.0 (0.0)                        ; 0.0 (0.0)            ; 56 (56)             ; 0 (0)                     ; 0 (0)         ; 0                 ; 0     ; 0          ; 0    ; 0            ; |Cpu|Result:Bresult           ; Result         ; work         ;
;    |UnitControl:b2v_inst|     ; 6.5 (6.5)            ; 6.7 (6.7)                        ; 0.2 (0.2)                                         ; 0.0 (0.0)                        ; 0.0 (0.0)            ; 13 (13)             ; 0 (0)                     ; 0 (0)         ; 0                 ; 0     ; 0          ; 0    ; 0            ; |Cpu|UnitControl:b2v_inst     ; UnitControl    ; work         ;
;    |inputNumber:in1|          ; 0.3 (0.3)            ; 4.0 (4.0)                        ; 3.7 (3.7)                                         ; 0.0 (0.0)                        ; 0.0 (0.0)            ; 0 (0)               ; 8 (8)                     ; 0 (0)         ; 0                 ; 0     ; 0          ; 0    ; 0            ; |Cpu|inputNumber:in1          ; inputNumber    ; work         ;
+-------------------------------+----------------------+----------------------------------+---------------------------------------------------+----------------------------------+----------------------+---------------------+---------------------------+---------------+-------------------+-------+------------+------+--------------+-------------------------------+----------------+--------------+
Note: For table entries with two numbers listed, the numbers in parentheses indicate the number of resources of the given type used by the specific entity alone. The numbers listed outside of parentheses indicate the total resources of the given type used by the specific entity and all of its sub-entities in the hierarchy.


+--------------------------------------------------------------------------------------------------------------------------------------+
; Delay Chain Summary                                                                                                                  ;
+-----------------------+----------+----+------+------+----+------+-------+--------+------------------------+--------------------------+
; Name                  ; Pin Type ; D1 ; D3_0 ; D3_1 ; D4 ; D5   ; D5 OE ; D5 OCT ; T11 (Postamble Gating) ; T11 (Postamble Ungating) ;
+-----------------------+----------+----+------+------+----+------+-------+--------+------------------------+--------------------------+
; OutputRandomNumber[0] ; Output   ; -- ; --   ; --   ; -- ; (0)  ; (31)  ; --     ; --                     ; --                       ;
; OutputRandomNumber[1] ; Output   ; -- ; --   ; --   ; -- ; (0)  ; (31)  ; --     ; --                     ; --                       ;
; OutputRandomNumber[2] ; Output   ; -- ; --   ; --   ; -- ; (0)  ; (31)  ; --     ; --                     ; --                       ;
; OutputRandomNumber[3] ; Output   ; -- ; --   ; --   ; -- ; (0)  ; (31)  ; --     ; --                     ; --                       ;
; OutputRandomNumber[4] ; Output   ; -- ; --   ; --   ; -- ; (0)  ; (31)  ; --     ; --                     ; --                       ;
; OutputRandomNumber[5] ; Output   ; -- ; --   ; --   ; -- ; (0)  ; (31)  ; --     ; --                     ; --                       ;
; OutputRandomNumber[6] ; Output   ; -- ; --   ; --   ; -- ; (0)  ; (31)  ; --     ; --                     ; --                       ;
; OutputRandomNumber[7] ; Output   ; -- ; --   ; --   ; -- ; (0)  ; (31)  ; --     ; --                     ; --                       ;
; outputNumber[0]       ; Output   ; -- ; --   ; --   ; -- ; (0)  ; (31)  ; --     ; --                     ; --                       ;
; outputNumber[1]       ; Output   ; -- ; --   ; --   ; -- ; (0)  ; (31)  ; --     ; --                     ; --                       ;
; outputNumber[2]       ; Output   ; -- ; --   ; --   ; -- ; (0)  ; (31)  ; --     ; --                     ; --                       ;
; outputNumber[3]       ; Output   ; -- ; --   ; --   ; -- ; (0)  ; (31)  ; --     ; --                     ; --                       ;
; outputNumber[4]       ; Output   ; -- ; --   ; --   ; -- ; (0)  ; (31)  ; --     ; --                     ; --                       ;
; outputNumber[5]       ; Output   ; -- ; --   ; --   ; -- ; (0)  ; (31)  ; --     ; --                     ; --                       ;
; outputNumber[6]       ; Output   ; -- ; --   ; --   ; -- ; (0)  ; (31)  ; --     ; --                     ; --                       ;
; outputNumber[7]       ; Output   ; -- ; --   ; --   ; -- ; (0)  ; (31)  ; --     ; --                     ; --                       ;
; outputNumber[8]       ; Output   ; -- ; --   ; --   ; -- ; (0)  ; (31)  ; --     ; --                     ; --                       ;
; outputNumber[9]       ; Output   ; -- ; --   ; --   ; -- ; (0)  ; (31)  ; --     ; --                     ; --                       ;
; outputNumber[10]      ; Output   ; -- ; --   ; --   ; -- ; (0)  ; (31)  ; --     ; --                     ; --                       ;
; outputNumber[11]      ; Output   ; -- ; --   ; --   ; -- ; (0)  ; (31)  ; --     ; --                     ; --                       ;
; outputNumber[12]      ; Output   ; -- ; --   ; --   ; -- ; (0)  ; (31)  ; --     ; --                     ; --                       ;
; outputNumber[13]      ; Output   ; -- ; --   ; --   ; -- ; (0)  ; (31)  ; --     ; --                     ; --                       ;
; outputNumber[14]      ; Output   ; -- ; --   ; --   ; -- ; (0)  ; (31)  ; --     ; --                     ; --                       ;
; outputNumber[15]      ; Output   ; -- ; --   ; --   ; -- ; (0)  ; (31)  ; --     ; --                     ; --                       ;
; outputNumber[16]      ; Output   ; -- ; --   ; --   ; -- ; (0)  ; (31)  ; --     ; --                     ; --                       ;
; outputNumber[17]      ; Output   ; -- ; --   ; --   ; -- ; (0)  ; (31)  ; --     ; --                     ; --                       ;
; outputNumber[18]      ; Output   ; -- ; --   ; --   ; -- ; (0)  ; (31)  ; --     ; --                     ; --                       ;
; outputNumber[19]      ; Output   ; -- ; --   ; --   ; -- ; (0)  ; (31)  ; --     ; --                     ; --                       ;
; outputNumber[20]      ; Output   ; -- ; --   ; --   ; -- ; (0)  ; (31)  ; --     ; --                     ; --                       ;
; outputNumber[21]      ; Output   ; -- ; --   ; --   ; -- ; (0)  ; (31)  ; --     ; --                     ; --                       ;
; outputNumber[22]      ; Output   ; -- ; --   ; --   ; -- ; (0)  ; (31)  ; --     ; --                     ; --                       ;
; outputNumber[23]      ; Output   ; -- ; --   ; --   ; -- ; (0)  ; (31)  ; --     ; --                     ; --                       ;
; outputNumber[24]      ; Output   ; -- ; --   ; --   ; -- ; (0)  ; (31)  ; --     ; --                     ; --                       ;
; outputNumber[25]      ; Output   ; -- ; --   ; --   ; -- ; (0)  ; (31)  ; --     ; --                     ; --                       ;
; outputNumber[26]      ; Output   ; -- ; --   ; --   ; -- ; (0)  ; (31)  ; --     ; --                     ; --                       ;
; outputNumber[27]      ; Output   ; -- ; --   ; --   ; -- ; (0)  ; (31)  ; --     ; --                     ; --                       ;
; outputNumber[28]      ; Output   ; -- ; --   ; --   ; -- ; (0)  ; (31)  ; --     ; --                     ; --                       ;
; outputNumber[29]      ; Output   ; -- ; --   ; --   ; -- ; (0)  ; (31)  ; --     ; --                     ; --                       ;
; outputNumber[30]      ; Output   ; -- ; --   ; --   ; -- ; (0)  ; (31)  ; --     ; --                     ; --                       ;
; outputNumber[31]      ; Output   ; -- ; --   ; --   ; -- ; (0)  ; (31)  ; --     ; --                     ; --                       ;
; result[0]             ; Output   ; -- ; --   ; --   ; -- ; (0)  ; (31)  ; --     ; --                     ; --                       ;
; result[1]             ; Output   ; -- ; --   ; --   ; -- ; (0)  ; (31)  ; --     ; --                     ; --                       ;
; result[2]             ; Output   ; -- ; --   ; --   ; -- ; (0)  ; (31)  ; --     ; --                     ; --                       ;
; result[3]             ; Output   ; -- ; --   ; --   ; -- ; (0)  ; (31)  ; --     ; --                     ; --                       ;
; result[4]             ; Output   ; -- ; --   ; --   ; -- ; (0)  ; (31)  ; --     ; --                     ; --                       ;
; result[5]             ; Output   ; -- ; --   ; --   ; -- ; (0)  ; (31)  ; --     ; --                     ; --                       ;
; result[6]             ; Output   ; -- ; --   ; --   ; -- ; (0)  ; (31)  ; --     ; --                     ; --                       ;
; result[7]             ; Output   ; -- ; --   ; --   ; -- ; (0)  ; (31)  ; --     ; --                     ; --                       ;
; result[8]             ; Output   ; -- ; --   ; --   ; -- ; (0)  ; (31)  ; --     ; --                     ; --                       ;
; result[9]             ; Output   ; -- ; --   ; --   ; -- ; (0)  ; (31)  ; --     ; --                     ; --                       ;
; result[10]            ; Output   ; -- ; --   ; --   ; -- ; (0)  ; (31)  ; --     ; --                     ; --                       ;
; result[11]            ; Output   ; -- ; --   ; --   ; -- ; (0)  ; (31)  ; --     ; --                     ; --                       ;
; result[12]            ; Output   ; -- ; --   ; --   ; -- ; (0)  ; (31)  ; --     ; --                     ; --                       ;
; result[13]            ; Output   ; -- ; --   ; --   ; -- ; (0)  ; (31)  ; --     ; --                     ; --                       ;
; result[14]            ; Output   ; -- ; --   ; --   ; -- ; (0)  ; (31)  ; --     ; --                     ; --                       ;
; result[15]            ; Output   ; -- ; --   ; --   ; -- ; (0)  ; (31)  ; --     ; --                     ; --                       ;
; result[16]            ; Output   ; -- ; --   ; --   ; -- ; (0)  ; (31)  ; --     ; --                     ; --                       ;
; result[17]            ; Output   ; -- ; --   ; --   ; -- ; (0)  ; (31)  ; --     ; --                     ; --                       ;
; result[18]            ; Output   ; -- ; --   ; --   ; -- ; (0)  ; (31)  ; --     ; --                     ; --                       ;
; result[19]            ; Output   ; -- ; --   ; --   ; -- ; (0)  ; (31)  ; --     ; --                     ; --                       ;
; result[20]            ; Output   ; -- ; --   ; --   ; -- ; (0)  ; (31)  ; --     ; --                     ; --                       ;
; result[21]            ; Output   ; -- ; --   ; --   ; -- ; (0)  ; (31)  ; --     ; --                     ; --                       ;
; result[22]            ; Output   ; -- ; --   ; --   ; -- ; (0)  ; (31)  ; --     ; --                     ; --                       ;
; result[23]            ; Output   ; -- ; --   ; --   ; -- ; (0)  ; (31)  ; --     ; --                     ; --                       ;
; result[24]            ; Output   ; -- ; --   ; --   ; -- ; (0)  ; (31)  ; --     ; --                     ; --                       ;
; result[25]            ; Output   ; -- ; --   ; --   ; -- ; (0)  ; (31)  ; --     ; --                     ; --                       ;
; result[26]            ; Output   ; -- ; --   ; --   ; -- ; (0)  ; (31)  ; --     ; --                     ; --                       ;
; result[27]            ; Output   ; -- ; --   ; --   ; -- ; (0)  ; (31)  ; --     ; --                     ; --                       ;
; result[28]            ; Output   ; -- ; --   ; --   ; -- ; (0)  ; (31)  ; --     ; --                     ; --                       ;
; result[29]            ; Output   ; -- ; --   ; --   ; -- ; (0)  ; (31)  ; --     ; --                     ; --                       ;
; result[30]            ; Output   ; -- ; --   ; --   ; -- ; (0)  ; (31)  ; --     ; --                     ; --                       ;
; result[31]            ; Output   ; -- ; --   ; --   ; -- ; (0)  ; (31)  ; --     ; --                     ; --                       ;
; outputReg3[0]         ; Output   ; -- ; --   ; --   ; -- ; (0)  ; (31)  ; --     ; --                     ; --                       ;
; outputReg3[1]         ; Output   ; -- ; --   ; --   ; -- ; (0)  ; (31)  ; --     ; --                     ; --                       ;
; outputReg3[2]         ; Output   ; -- ; --   ; --   ; -- ; (0)  ; (31)  ; --     ; --                     ; --                       ;
; outputReg3[3]         ; Output   ; -- ; --   ; --   ; -- ; (0)  ; (31)  ; --     ; --                     ; --                       ;
; outputReg3[4]         ; Output   ; -- ; --   ; --   ; -- ; (0)  ; (31)  ; --     ; --                     ; --                       ;
; outputReg3[5]         ; Output   ; -- ; --   ; --   ; -- ; (0)  ; (31)  ; --     ; --                     ; --                       ;
; outputReg3[6]         ; Output   ; -- ; --   ; --   ; -- ; (0)  ; (31)  ; --     ; --                     ; --                       ;
; outputReg3[7]         ; Output   ; -- ; --   ; --   ; -- ; (0)  ; (31)  ; --     ; --                     ; --                       ;
; outputReg3[8]         ; Output   ; -- ; --   ; --   ; -- ; (0)  ; (31)  ; --     ; --                     ; --                       ;
; outputReg3[9]         ; Output   ; -- ; --   ; --   ; -- ; (0)  ; (31)  ; --     ; --                     ; --                       ;
; outputReg3[10]        ; Output   ; -- ; --   ; --   ; -- ; (0)  ; (31)  ; --     ; --                     ; --                       ;
; outputReg3[11]        ; Output   ; -- ; --   ; --   ; -- ; (0)  ; (31)  ; --     ; --                     ; --                       ;
; outputReg3[12]        ; Output   ; -- ; --   ; --   ; -- ; (0)  ; (31)  ; --     ; --                     ; --                       ;
; outputReg3[13]        ; Output   ; -- ; --   ; --   ; -- ; (0)  ; (31)  ; --     ; --                     ; --                       ;
; outputReg3[14]        ; Output   ; -- ; --   ; --   ; -- ; (0)  ; (31)  ; --     ; --                     ; --                       ;
; outputReg3[15]        ; Output   ; -- ; --   ; --   ; -- ; (0)  ; (31)  ; --     ; --                     ; --                       ;
; outputReg3[16]        ; Output   ; -- ; --   ; --   ; -- ; (0)  ; (31)  ; --     ; --                     ; --                       ;
; outputReg3[17]        ; Output   ; -- ; --   ; --   ; -- ; (0)  ; (31)  ; --     ; --                     ; --                       ;
; outputReg3[18]        ; Output   ; -- ; --   ; --   ; -- ; (0)  ; (31)  ; --     ; --                     ; --                       ;
; outputReg3[19]        ; Output   ; -- ; --   ; --   ; -- ; (0)  ; (31)  ; --     ; --                     ; --                       ;
; outputReg3[20]        ; Output   ; -- ; --   ; --   ; -- ; (0)  ; (31)  ; --     ; --                     ; --                       ;
; outputReg3[21]        ; Output   ; -- ; --   ; --   ; -- ; (0)  ; (31)  ; --     ; --                     ; --                       ;
; outputReg3[22]        ; Output   ; -- ; --   ; --   ; -- ; (0)  ; (31)  ; --     ; --                     ; --                       ;
; outputReg3[23]        ; Output   ; -- ; --   ; --   ; -- ; (0)  ; (31)  ; --     ; --                     ; --                       ;
; outputReg3[24]        ; Output   ; -- ; --   ; --   ; -- ; (0)  ; (31)  ; --     ; --                     ; --                       ;
; outputReg3[25]        ; Output   ; -- ; --   ; --   ; -- ; (0)  ; (31)  ; --     ; --                     ; --                       ;
; outputReg3[26]        ; Output   ; -- ; --   ; --   ; -- ; (0)  ; (31)  ; --     ; --                     ; --                       ;
; outputReg3[27]        ; Output   ; -- ; --   ; --   ; -- ; (0)  ; (31)  ; --     ; --                     ; --                       ;
; outputReg3[28]        ; Output   ; -- ; --   ; --   ; -- ; (0)  ; (31)  ; --     ; --                     ; --                       ;
; outputReg3[29]        ; Output   ; -- ; --   ; --   ; -- ; (0)  ; (31)  ; --     ; --                     ; --                       ;
; outputReg3[30]        ; Output   ; -- ; --   ; --   ; -- ; (0)  ; (31)  ; --     ; --                     ; --                       ;
; outputReg3[31]        ; Output   ; -- ; --   ; --   ; -- ; (0)  ; (31)  ; --     ; --                     ; --                       ;
; out1[0]               ; Output   ; -- ; --   ; --   ; -- ; (0)  ; (31)  ; --     ; --                     ; --                       ;
; out1[1]               ; Output   ; -- ; --   ; --   ; -- ; (0)  ; (31)  ; --     ; --                     ; --                       ;
; out1[2]               ; Output   ; -- ; --   ; --   ; -- ; (0)  ; (31)  ; --     ; --                     ; --                       ;
; out1[3]               ; Output   ; -- ; --   ; --   ; -- ; (0)  ; (31)  ; --     ; --                     ; --                       ;
; out1[4]               ; Output   ; -- ; --   ; --   ; -- ; (0)  ; (31)  ; --     ; --                     ; --                       ;
; out1[5]               ; Output   ; -- ; --   ; --   ; -- ; (0)  ; (31)  ; --     ; --                     ; --                       ;
; out1[6]               ; Output   ; -- ; --   ; --   ; -- ; (0)  ; (31)  ; --     ; --                     ; --                       ;
; out2[0]               ; Output   ; -- ; --   ; --   ; -- ; (0)  ; (31)  ; --     ; --                     ; --                       ;
; out2[1]               ; Output   ; -- ; --   ; --   ; -- ; (0)  ; (31)  ; --     ; --                     ; --                       ;
; out2[2]               ; Output   ; -- ; --   ; --   ; -- ; (0)  ; (31)  ; --     ; --                     ; --                       ;
; out2[3]               ; Output   ; -- ; --   ; --   ; -- ; (0)  ; (31)  ; --     ; --                     ; --                       ;
; out2[4]               ; Output   ; -- ; --   ; --   ; -- ; (0)  ; (31)  ; --     ; --                     ; --                       ;
; out2[5]               ; Output   ; -- ; --   ; --   ; -- ; (0)  ; (31)  ; --     ; --                     ; --                       ;
; out2[6]               ; Output   ; -- ; --   ; --   ; -- ; (0)  ; (31)  ; --     ; --                     ; --                       ;
; out3[0]               ; Output   ; -- ; --   ; --   ; -- ; (0)  ; (31)  ; --     ; --                     ; --                       ;
; out3[1]               ; Output   ; -- ; --   ; --   ; -- ; (0)  ; (31)  ; --     ; --                     ; --                       ;
; out3[2]               ; Output   ; -- ; --   ; --   ; -- ; (0)  ; (31)  ; --     ; --                     ; --                       ;
; out3[3]               ; Output   ; -- ; --   ; --   ; -- ; (0)  ; (31)  ; --     ; --                     ; --                       ;
; out3[4]               ; Output   ; -- ; --   ; --   ; -- ; (0)  ; (31)  ; --     ; --                     ; --                       ;
; out3[5]               ; Output   ; -- ; --   ; --   ; -- ; (0)  ; (31)  ; --     ; --                     ; --                       ;
; out3[6]               ; Output   ; -- ; --   ; --   ; -- ; (0)  ; (31)  ; --     ; --                     ; --                       ;
; out4[0]               ; Output   ; -- ; --   ; --   ; -- ; (0)  ; (31)  ; --     ; --                     ; --                       ;
; out4[1]               ; Output   ; -- ; --   ; --   ; -- ; (0)  ; (31)  ; --     ; --                     ; --                       ;
; out4[2]               ; Output   ; -- ; --   ; --   ; -- ; (0)  ; (31)  ; --     ; --                     ; --                       ;
; out4[3]               ; Output   ; -- ; --   ; --   ; -- ; (0)  ; (31)  ; --     ; --                     ; --                       ;
; out4[4]               ; Output   ; -- ; --   ; --   ; -- ; (0)  ; (31)  ; --     ; --                     ; --                       ;
; out4[5]               ; Output   ; -- ; --   ; --   ; -- ; (0)  ; (31)  ; --     ; --                     ; --                       ;
; out4[6]               ; Output   ; -- ; --   ; --   ; -- ; (0)  ; (31)  ; --     ; --                     ; --                       ;
; out5[0]               ; Output   ; -- ; --   ; --   ; -- ; (0)  ; (31)  ; --     ; --                     ; --                       ;
; out5[1]               ; Output   ; -- ; --   ; --   ; -- ; (0)  ; (31)  ; --     ; --                     ; --                       ;
; out5[2]               ; Output   ; -- ; --   ; --   ; -- ; (0)  ; (31)  ; --     ; --                     ; --                       ;
; out5[3]               ; Output   ; -- ; --   ; --   ; -- ; (0)  ; (31)  ; --     ; --                     ; --                       ;
; out5[4]               ; Output   ; -- ; --   ; --   ; -- ; (0)  ; (31)  ; --     ; --                     ; --                       ;
; out5[5]               ; Output   ; -- ; --   ; --   ; -- ; (0)  ; (31)  ; --     ; --                     ; --                       ;
; out5[6]               ; Output   ; -- ; --   ; --   ; -- ; (0)  ; (31)  ; --     ; --                     ; --                       ;
; out6[0]               ; Output   ; -- ; --   ; --   ; -- ; (0)  ; (31)  ; --     ; --                     ; --                       ;
; out6[1]               ; Output   ; -- ; --   ; --   ; -- ; (0)  ; (31)  ; --     ; --                     ; --                       ;
; out6[2]               ; Output   ; -- ; --   ; --   ; -- ; (0)  ; (31)  ; --     ; --                     ; --                       ;
; out6[3]               ; Output   ; -- ; --   ; --   ; -- ; (0)  ; (31)  ; --     ; --                     ; --                       ;
; out6[4]               ; Output   ; -- ; --   ; --   ; -- ; (0)  ; (31)  ; --     ; --                     ; --                       ;
; out6[5]               ; Output   ; -- ; --   ; --   ; -- ; (0)  ; (31)  ; --     ; --                     ; --                       ;
; out6[6]               ; Output   ; -- ; --   ; --   ; -- ; (0)  ; (31)  ; --     ; --                     ; --                       ;
; out7[0]               ; Output   ; -- ; --   ; --   ; -- ; (0)  ; (31)  ; --     ; --                     ; --                       ;
; out7[1]               ; Output   ; -- ; --   ; --   ; -- ; (0)  ; (31)  ; --     ; --                     ; --                       ;
; out7[2]               ; Output   ; -- ; --   ; --   ; -- ; (0)  ; (31)  ; --     ; --                     ; --                       ;
; out7[3]               ; Output   ; -- ; --   ; --   ; -- ; (0)  ; (31)  ; --     ; --                     ; --                       ;
; out7[4]               ; Output   ; -- ; --   ; --   ; -- ; (0)  ; (31)  ; --     ; --                     ; --                       ;
; out7[5]               ; Output   ; -- ; --   ; --   ; -- ; (0)  ; (31)  ; --     ; --                     ; --                       ;
; out7[6]               ; Output   ; -- ; --   ; --   ; -- ; (0)  ; (31)  ; --     ; --                     ; --                       ;
; out8[0]               ; Output   ; -- ; --   ; --   ; -- ; (0)  ; (31)  ; --     ; --                     ; --                       ;
; out8[1]               ; Output   ; -- ; --   ; --   ; -- ; (0)  ; (31)  ; --     ; --                     ; --                       ;
; out8[2]               ; Output   ; -- ; --   ; --   ; -- ; (0)  ; (31)  ; --     ; --                     ; --                       ;
; out8[3]               ; Output   ; -- ; --   ; --   ; -- ; (0)  ; (31)  ; --     ; --                     ; --                       ;
; out8[4]               ; Output   ; -- ; --   ; --   ; -- ; (0)  ; (31)  ; --     ; --                     ; --                       ;
; out8[5]               ; Output   ; -- ; --   ; --   ; -- ; (0)  ; (31)  ; --     ; --                     ; --                       ;
; out8[6]               ; Output   ; -- ; --   ; --   ; -- ; (0)  ; (31)  ; --     ; --                     ; --                       ;
; RandomNumber[0]       ; Input    ; -- ; --   ; (0)  ; -- ; --   ; --    ; --     ; --                     ; --                       ;
; clk                   ; Input    ; -- ; (0)  ; --   ; -- ; --   ; --    ; --     ; --                     ; --                       ;
; RandomNumber[1]       ; Input    ; -- ; --   ; (0)  ; -- ; --   ; --    ; --     ; --                     ; --                       ;
; RandomNumber[2]       ; Input    ; -- ; --   ; (0)  ; -- ; --   ; --    ; --     ; --                     ; --                       ;
; RandomNumber[3]       ; Input    ; -- ; --   ; (0)  ; -- ; --   ; --    ; --     ; --                     ; --                       ;
; RandomNumber[4]       ; Input    ; -- ; --   ; (0)  ; -- ; --   ; --    ; --     ; --                     ; --                       ;
; RandomNumber[5]       ; Input    ; -- ; --   ; (0)  ; -- ; --   ; --    ; --     ; --                     ; --                       ;
; RandomNumber[6]       ; Input    ; -- ; --   ; (0)  ; -- ; --   ; --    ; --     ; --                     ; --                       ;
; RandomNumber[7]       ; Input    ; -- ; --   ; (0)  ; -- ; --   ; --    ; --     ; --                     ; --                       ;
; reset                 ; Input    ; -- ; (0)  ; --   ; -- ; --   ; --    ; --     ; --                     ; --                       ;
; myreset               ; Input    ; -- ; --   ; (0)  ; -- ; --   ; --    ; --     ; --                     ; --                       ;
+-----------------------+----------+----+------+------+----+------+-------+--------+------------------------+--------------------------+


+-----------------------------------------------------------------------------------+
; Pad To Core Delay Chain Fanout                                                    ;
+-----------------------------------------------------+-------------------+---------+
; Source Pin / Fanout                                 ; Pad To Core Index ; Setting ;
+-----------------------------------------------------+-------------------+---------+
; RandomNumber[0]                                     ;                   ;         ;
;      - inputNumber:in1|OutputRandomNumber[0]~feeder ; 1                 ; 0       ;
; clk                                                 ;                   ;         ;
;      - clk~inputCLKENA0                             ; 0                 ; 0       ;
; RandomNumber[1]                                     ;                   ;         ;
;      - inputNumber:in1|OutputRandomNumber[1]        ; 1                 ; 0       ;
; RandomNumber[2]                                     ;                   ;         ;
;      - inputNumber:in1|OutputRandomNumber[2]~feeder ; 1                 ; 0       ;
; RandomNumber[3]                                     ;                   ;         ;
;      - inputNumber:in1|OutputRandomNumber[3]        ; 1                 ; 0       ;
; RandomNumber[4]                                     ;                   ;         ;
;      - inputNumber:in1|OutputRandomNumber[4]        ; 1                 ; 0       ;
; RandomNumber[5]                                     ;                   ;         ;
;      - inputNumber:in1|OutputRandomNumber[5]~feeder ; 1                 ; 0       ;
; RandomNumber[6]                                     ;                   ;         ;
;      - inputNumber:in1|OutputRandomNumber[6]~feeder ; 1                 ; 0       ;
; RandomNumber[7]                                     ;                   ;         ;
;      - inputNumber:in1|OutputRandomNumber[7]~feeder ; 1                 ; 0       ;
; reset                                               ;                   ;         ;
;      - Pc:b2v_inst4|curPc[2]                        ; 0                 ; 0       ;
;      - Pc:b2v_inst4|curPc[3]                        ; 0                 ; 0       ;
;      - Pc:b2v_inst4|curPc[4]                        ; 0                 ; 0       ;
;      - Pc:b2v_inst4|curPc[5]                        ; 0                 ; 0       ;
;      - Pc:b2v_inst4|curPc[6]                        ; 0                 ; 0       ;
;      - Pc:b2v_inst4|curPc[7]                        ; 0                 ; 0       ;
; myreset                                             ;                   ;         ;
;      - RegFile:b2v_inst5|Regf[2][31]                ; 1                 ; 0       ;
;      - RegFile:b2v_inst5|Regf[2][9]                 ; 1                 ; 0       ;
;      - RegFile:b2v_inst5|Regf[2][12]                ; 1                 ; 0       ;
;      - RegFile:b2v_inst5|Regf[2][18]                ; 1                 ; 0       ;
;      - RegFile:b2v_inst5|Regf[2][28]                ; 1                 ; 0       ;
;      - RegFile:b2v_inst5|Regf[2][15]                ; 1                 ; 0       ;
;      - RegFile:b2v_inst5|Regf[2][17]                ; 1                 ; 0       ;
;      - RegFile:b2v_inst5|Regf[2][24]                ; 1                 ; 0       ;
;      - RegFile:b2v_inst5|Regf[2][0]                 ; 1                 ; 0       ;
;      - RegFile:b2v_inst5|Regf[2][19]                ; 1                 ; 0       ;
;      - RegFile:b2v_inst5|Regf[2][29]                ; 1                 ; 0       ;
;      - RegFile:b2v_inst5|Regf[2][11]                ; 1                 ; 0       ;
;      - RegFile:b2v_inst5|Regf[2][1]                 ; 1                 ; 0       ;
;      - RegFile:b2v_inst5|Regf[2][16]                ; 1                 ; 0       ;
;      - RegFile:b2v_inst5|Regf[2][27]                ; 1                 ; 0       ;
;      - RegFile:b2v_inst5|Regf[2][22]                ; 1                 ; 0       ;
;      - RegFile:b2v_inst5|Regf[2][10]                ; 1                 ; 0       ;
;      - RegFile:b2v_inst5|Regf[2][21]                ; 1                 ; 0       ;
;      - RegFile:b2v_inst5|Regf[2][6]                 ; 1                 ; 0       ;
;      - RegFile:b2v_inst5|Regf[2][4]                 ; 1                 ; 0       ;
;      - RegFile:b2v_inst5|Regf[2][26]                ; 1                 ; 0       ;
;      - RegFile:b2v_inst5|Regf[2][5]                 ; 1                 ; 0       ;
;      - RegFile:b2v_inst5|Regf[2][2]                 ; 1                 ; 0       ;
;      - RegFile:b2v_inst5|Regf[2][20]                ; 1                 ; 0       ;
;      - RegFile:b2v_inst5|Regf[2][23]                ; 1                 ; 0       ;
;      - RegFile:b2v_inst5|Regf[2][30]                ; 1                 ; 0       ;
;      - RegFile:b2v_inst5|Regf[2][13]                ; 1                 ; 0       ;
;      - RegFile:b2v_inst5|Regf[2][14]                ; 1                 ; 0       ;
;      - RegFile:b2v_inst5|Regf[2][8]                 ; 1                 ; 0       ;
;      - RegFile:b2v_inst5|Regf[2][25]                ; 1                 ; 0       ;
;      - RegFile:b2v_inst5|Regf[2][7]                 ; 1                 ; 0       ;
;      - RegFile:b2v_inst5|Regf[2][3]                 ; 1                 ; 0       ;
;      - RegFile:b2v_inst5|Regf[1][17]                ; 1                 ; 0       ;
;      - RegFile:b2v_inst5|Regf[1][14]                ; 1                 ; 0       ;
;      - RegFile:b2v_inst5|Regf[1][13]                ; 1                 ; 0       ;
;      - RegFile:b2v_inst5|Regf[1][31]                ; 1                 ; 0       ;
;      - RegFile:b2v_inst5|Regf[1][22]                ; 1                 ; 0       ;
;      - RegFile:b2v_inst5|Regf[1][8]                 ; 1                 ; 0       ;
;      - RegFile:b2v_inst5|Regf[1][6]                 ; 1                 ; 0       ;
;      - RegFile:b2v_inst5|Regf[1][3]                 ; 1                 ; 0       ;
;      - RegFile:b2v_inst5|Regf[1][10]                ; 1                 ; 0       ;
;      - RegFile:b2v_inst5|Regf[1][21]                ; 1                 ; 0       ;
;      - RegFile:b2v_inst5|Regf[1][16]                ; 1                 ; 0       ;
;      - RegFile:b2v_inst5|Regf[1][30]                ; 1                 ; 0       ;
;      - RegFile:b2v_inst5|Regf[1][28]                ; 1                 ; 0       ;
;      - RegFile:b2v_inst5|Regf[1][1]                 ; 1                 ; 0       ;
;      - RegFile:b2v_inst5|Regf[1][26]                ; 1                 ; 0       ;
;      - RegFile:b2v_inst5|Regf[1][5]                 ; 1                 ; 0       ;
;      - RegFile:b2v_inst5|Regf[1][27]                ; 1                 ; 0       ;
;      - RegFile:b2v_inst5|Regf[1][9]                 ; 1                 ; 0       ;
;      - RegFile:b2v_inst5|Regf[1][4]                 ; 1                 ; 0       ;
;      - RegFile:b2v_inst5|Regf[1][18]                ; 1                 ; 0       ;
;      - RegFile:b2v_inst5|Regf[1][29]                ; 1                 ; 0       ;
;      - RegFile:b2v_inst5|Regf[1][7]                 ; 1                 ; 0       ;
;      - RegFile:b2v_inst5|Regf[1][12]                ; 1                 ; 0       ;
;      - RegFile:b2v_inst5|Regf[1][20]                ; 1                 ; 0       ;
;      - RegFile:b2v_inst5|Regf[1][24]                ; 1                 ; 0       ;
;      - RegFile:b2v_inst5|Regf[1][2]                 ; 1                 ; 0       ;
;      - RegFile:b2v_inst5|Regf[1][19]                ; 1                 ; 0       ;
;      - RegFile:b2v_inst5|Regf[1][23]                ; 1                 ; 0       ;
;      - RegFile:b2v_inst5|Regf[1][25]                ; 1                 ; 0       ;
;      - RegFile:b2v_inst5|Regf[1][11]                ; 1                 ; 0       ;
;      - RegFile:b2v_inst5|Regf[1][0]                 ; 1                 ; 0       ;
;      - RegFile:b2v_inst5|Regf[1][15]                ; 1                 ; 0       ;
;      - RegFile:b2v_inst5|Regf[3][16]                ; 1                 ; 0       ;
;      - RegFile:b2v_inst5|Regf[3][23]                ; 1                 ; 0       ;
;      - RegFile:b2v_inst5|Regf[3][27]                ; 1                 ; 0       ;
;      - RegFile:b2v_inst5|Regf[3][8]                 ; 1                 ; 0       ;
;      - RegFile:b2v_inst5|Regf[3][25]                ; 1                 ; 0       ;
;      - RegFile:b2v_inst5|Regf[3][14]                ; 1                 ; 0       ;
;      - RegFile:b2v_inst5|Regf[3][22]                ; 1                 ; 0       ;
;      - RegFile:b2v_inst5|Regf[3][19]                ; 1                 ; 0       ;
;      - RegFile:b2v_inst5|Regf[3][17]                ; 1                 ; 0       ;
;      - RegFile:b2v_inst5|Regf[3][20]                ; 1                 ; 0       ;
;      - RegFile:b2v_inst5|Regf[3][13]                ; 1                 ; 0       ;
;      - RegFile:b2v_inst5|Regf[3][15]                ; 1                 ; 0       ;
;      - RegFile:b2v_inst5|Regf[3][29]                ; 1                 ; 0       ;
;      - RegFile:b2v_inst5|Regf[3][9]                 ; 1                 ; 0       ;
;      - RegFile:b2v_inst5|Regf[3][11]                ; 1                 ; 0       ;
;      - RegFile:b2v_inst5|Regf[3][10]                ; 1                 ; 0       ;
;      - RegFile:b2v_inst5|Regf[3][12]                ; 1                 ; 0       ;
;      - RegFile:b2v_inst5|Regf[3][18]                ; 1                 ; 0       ;
;      - RegFile:b2v_inst5|Regf[3][3]                 ; 1                 ; 0       ;
;      - RegFile:b2v_inst5|Regf[3][24]                ; 1                 ; 0       ;
;      - RegFile:b2v_inst5|Regf[3][31]                ; 1                 ; 0       ;
;      - RegFile:b2v_inst5|Regf[3][1]                 ; 1                 ; 0       ;
;      - RegFile:b2v_inst5|Regf[3][2]                 ; 1                 ; 0       ;
;      - RegFile:b2v_inst5|Regf[3][30]                ; 1                 ; 0       ;
;      - RegFile:b2v_inst5|Regf[3][28]                ; 1                 ; 0       ;
;      - RegFile:b2v_inst5|Regf[3][26]                ; 1                 ; 0       ;
;      - RegFile:b2v_inst5|Regf[3][6]                 ; 1                 ; 0       ;
;      - RegFile:b2v_inst5|Regf[3][7]                 ; 1                 ; 0       ;
;      - RegFile:b2v_inst5|Regf[3][21]                ; 1                 ; 0       ;
;      - RegFile:b2v_inst5|Regf[3][4]                 ; 1                 ; 0       ;
;      - RegFile:b2v_inst5|Regf[3][5]                 ; 1                 ; 0       ;
;      - RegFile:b2v_inst5|Regf[3][0]                 ; 1                 ; 0       ;
;      - RegFile:b2v_inst5|Regf[3][16]~0              ; 1                 ; 0       ;
;      - RegFile:b2v_inst5|Regf[1][17]~1              ; 1                 ; 0       ;
;      - RegFile:b2v_inst5|Regf[2][31]~2              ; 1                 ; 0       ;
+-----------------------------------------------------+-------------------+---------+


+---------------------------------------------------------------------------------------------------------------------------------------------------------------+
; Control Signals                                                                                                                                               ;
+---------------------------------+---------------------+---------+--------------+--------+----------------------+------------------+---------------------------+
; Name                            ; Location            ; Fan-Out ; Usage        ; Global ; Global Resource Used ; Global Line Name ; Enable Signal Source Name ;
+---------------------------------+---------------------+---------+--------------+--------+----------------------+------------------+---------------------------+
; RegFile:b2v_inst5|Regf[1][17]~1 ; LABCELL_X51_Y6_N57  ; 32      ; Clock enable ; no     ; --                   ; --               ; --                        ;
; RegFile:b2v_inst5|Regf[2][31]~2 ; LABCELL_X51_Y6_N24  ; 32      ; Clock enable ; no     ; --                   ; --               ; --                        ;
; RegFile:b2v_inst5|Regf[3][16]~0 ; LABCELL_X51_Y6_N54  ; 32      ; Clock enable ; no     ; --                   ; --               ; --                        ;
; UnitControl:b2v_inst|ALUOp[1]~5 ; MLABCELL_X52_Y5_N12 ; 4       ; Latch enable ; no     ; --                   ; --               ; --                        ;
; clk                             ; PIN_AJ4             ; 110     ; Clock        ; yes    ; Global Clock         ; GCLK4            ; --                        ;
; myreset                         ; PIN_AC29            ; 99      ; Sync. clear  ; no     ; --                   ; --               ; --                        ;
; reset                           ; PIN_AC14            ; 6       ; Async. clear ; no     ; --                   ; --               ; --                        ;
+---------------------------------+---------------------+---------+--------------+--------+----------------------+------------------+---------------------------+


+-------------------------------------------------------------------------------------------------+
; Global & Other Fast Signals                                                                     ;
+------+----------+---------+----------------------+------------------+---------------------------+
; Name ; Location ; Fan-Out ; Global Resource Used ; Global Line Name ; Enable Signal Source Name ;
+------+----------+---------+----------------------+------------------+---------------------------+
; clk  ; PIN_AJ4  ; 110     ; Global Clock         ; GCLK4            ; --                        ;
+------+----------+---------+----------------------+------------------+---------------------------+


+-----------------------------------------------+
; Fitter DSP Block Usage Summary                ;
+---------------------------------+-------------+
; Statistic                       ; Number Used ;
+---------------------------------+-------------+
; Two Independent 18x18           ; 1           ;
; Sum of two 18x18                ; 1           ;
; Total number of DSP blocks      ; 2           ;
;                                 ;             ;
; Fixed Point Unsigned Multiplier ; 3           ;
+---------------------------------+-------------+


+-----------------------------------------------------------------------------------------------------------------------------------------------------------------------------------------------------------------------------------------------------------------------------------------------------------------------------------------------------------------------------------------------------------------------+
; DSP Block Details                                                                                                                                                                                                                                                                                                                                                                                                     ;
+----------------------------+-----------------------+---------------+---------------------+------------------------+------------------------+------------------------+------------------------+------------------------+------------------------+-----------------+--------------------------------+---------------------+-------------------------------+------------------------------+------------------------------+
; Name                       ; Mode                  ; Location      ; Sign Representation ; Data AX Input Register ; Data AY Input Register ; Data AZ Input Register ; Data BX Input Register ; Data BY Input Register ; Data BZ Input Register ; Output Register ; Dedicated Shift Register Chain ; Dedicated Pre-Adder ; Dedicated Coefficient Storage ; Dedicated Output Adder Chain ; Dedicated Output Accumulator ;
+----------------------------+-----------------------+---------------+---------------------+------------------------+------------------------+------------------------+------------------------+------------------------+------------------------+-----------------+--------------------------------+---------------------+-------------------------------+------------------------------+------------------------------+
; MyALU:b2v_inst14|Mult0~8   ; Two Independent 18x18 ; DSP_X54_Y4_N0 ; Unsigned            ; no                     ; no                     ; --                     ; --                     ; --                     ; --                     ; no              ; no                             ; no                  ; no                            ; no                           ; no                           ;
; MyALU:b2v_inst14|Mult0~405 ; Sum of two 18x18      ; DSP_X54_Y2_N0 ; Unsigned            ; no                     ; no                     ; --                     ; no                     ; no                     ; --                     ; no              ; no                             ; no                  ; no                            ; no                           ; no                           ;
+----------------------------+-----------------------+---------------+---------------------+------------------------+------------------------+------------------------+------------------------+------------------------+------------------------+-----------------+--------------------------------+---------------------+-------------------------------+------------------------------+------------------------------+


+-------------------------------------------------------------------------+
; Routing Usage Summary                                                   ;
+---------------------------------------------+---------------------------+
; Routing Resource Type                       ; Usage                     ;
+---------------------------------------------+---------------------------+
; Block interconnects                         ; 2,135 / 289,320 ( < 1 % ) ;
; C12 interconnects                           ; 80 / 13,420 ( < 1 % )     ;
; C2 interconnects                            ; 1,135 / 119,108 ( < 1 % ) ;
; C4 interconnects                            ; 831 / 56,300 ( 1 % )      ;
; DQS bus muxes                               ; 0 / 25 ( 0 % )            ;
; DQS-18 I/O buses                            ; 0 / 25 ( 0 % )            ;
; DQS-9 I/O buses                             ; 0 / 25 ( 0 % )            ;
; Direct links                                ; 76 / 289,320 ( < 1 % )    ;
; Global clocks                               ; 1 / 16 ( 6 % )            ;
; HPS SDRAM PLL inputs                        ; 0 / 1 ( 0 % )             ;
; HPS SDRAM PLL outputs                       ; 0 / 1 ( 0 % )             ;
; HPS_INTERFACE_BOOT_FROM_FPGA_INPUTs         ; 0 / 9 ( 0 % )             ;
; HPS_INTERFACE_CLOCKS_RESETS_INPUTs          ; 0 / 7 ( 0 % )             ;
; HPS_INTERFACE_CLOCKS_RESETS_OUTPUTs         ; 0 / 6 ( 0 % )             ;
; HPS_INTERFACE_CROSS_TRIGGER_INPUTs          ; 0 / 18 ( 0 % )            ;
; HPS_INTERFACE_CROSS_TRIGGER_OUTPUTs         ; 0 / 24 ( 0 % )            ;
; HPS_INTERFACE_DBG_APB_INPUTs                ; 0 / 37 ( 0 % )            ;
; HPS_INTERFACE_DBG_APB_OUTPUTs               ; 0 / 55 ( 0 % )            ;
; HPS_INTERFACE_DMA_INPUTs                    ; 0 / 16 ( 0 % )            ;
; HPS_INTERFACE_DMA_OUTPUTs                   ; 0 / 8 ( 0 % )             ;
; HPS_INTERFACE_FPGA2HPS_INPUTs               ; 0 / 287 ( 0 % )           ;
; HPS_INTERFACE_FPGA2HPS_OUTPUTs              ; 0 / 154 ( 0 % )           ;
; HPS_INTERFACE_FPGA2SDRAM_INPUTs             ; 0 / 852 ( 0 % )           ;
; HPS_INTERFACE_FPGA2SDRAM_OUTPUTs            ; 0 / 408 ( 0 % )           ;
; HPS_INTERFACE_HPS2FPGA_INPUTs               ; 0 / 165 ( 0 % )           ;
; HPS_INTERFACE_HPS2FPGA_LIGHT_WEIGHT_INPUTs  ; 0 / 67 ( 0 % )            ;
; HPS_INTERFACE_HPS2FPGA_LIGHT_WEIGHT_OUTPUTs ; 0 / 156 ( 0 % )           ;
; HPS_INTERFACE_HPS2FPGA_OUTPUTs              ; 0 / 282 ( 0 % )           ;
; HPS_INTERFACE_INTERRUPTS_INPUTs             ; 0 / 64 ( 0 % )            ;
; HPS_INTERFACE_INTERRUPTS_OUTPUTs            ; 0 / 42 ( 0 % )            ;
; HPS_INTERFACE_JTAG_OUTPUTs                  ; 0 / 5 ( 0 % )             ;
; HPS_INTERFACE_LOAN_IO_INPUTs                ; 0 / 142 ( 0 % )           ;
; HPS_INTERFACE_LOAN_IO_OUTPUTs               ; 0 / 85 ( 0 % )            ;
; HPS_INTERFACE_MPU_EVENT_STANDBY_INPUTs      ; 0 / 1 ( 0 % )             ;
; HPS_INTERFACE_MPU_EVENT_STANDBY_OUTPUTs     ; 0 / 5 ( 0 % )             ;
; HPS_INTERFACE_MPU_GENERAL_PURPOSE_INPUTs    ; 0 / 32 ( 0 % )            ;
; HPS_INTERFACE_MPU_GENERAL_PURPOSE_OUTPUTs   ; 0 / 32 ( 0 % )            ;
; HPS_INTERFACE_PERIPHERAL_CAN_INPUTs         ; 0 / 2 ( 0 % )             ;
; HPS_INTERFACE_PERIPHERAL_CAN_OUTPUTs        ; 0 / 2 ( 0 % )             ;
; HPS_INTERFACE_PERIPHERAL_EMAC_INPUTs        ; 0 / 32 ( 0 % )            ;
; HPS_INTERFACE_PERIPHERAL_EMAC_OUTPUTs       ; 0 / 34 ( 0 % )            ;
; HPS_INTERFACE_PERIPHERAL_I2C_INPUTs         ; 0 / 8 ( 0 % )             ;
; HPS_INTERFACE_PERIPHERAL_I2C_OUTPUTs        ; 0 / 8 ( 0 % )             ;
; HPS_INTERFACE_PERIPHERAL_NAND_INPUTs        ; 0 / 12 ( 0 % )            ;
; HPS_INTERFACE_PERIPHERAL_NAND_OUTPUTs       ; 0 / 18 ( 0 % )            ;
; HPS_INTERFACE_PERIPHERAL_QSPI_INPUTs        ; 0 / 4 ( 0 % )             ;
; HPS_INTERFACE_PERIPHERAL_QSPI_OUTPUTs       ; 0 / 13 ( 0 % )            ;
; HPS_INTERFACE_PERIPHERAL_SDMMC_INPUTs       ; 0 / 13 ( 0 % )            ;
; HPS_INTERFACE_PERIPHERAL_SDMMC_OUTPUTs      ; 0 / 22 ( 0 % )            ;
; HPS_INTERFACE_PERIPHERAL_SPI_MASTER_INPUTs  ; 0 / 4 ( 0 % )             ;
; HPS_INTERFACE_PERIPHERAL_SPI_MASTER_OUTPUTs ; 0 / 14 ( 0 % )            ;
; HPS_INTERFACE_PERIPHERAL_SPI_SLAVE_INPUTs   ; 0 / 6 ( 0 % )             ;
; HPS_INTERFACE_PERIPHERAL_SPI_SLAVE_OUTPUTs  ; 0 / 4 ( 0 % )             ;
; HPS_INTERFACE_PERIPHERAL_UART_INPUTs        ; 0 / 10 ( 0 % )            ;
; HPS_INTERFACE_PERIPHERAL_UART_OUTPUTs       ; 0 / 10 ( 0 % )            ;
; HPS_INTERFACE_PERIPHERAL_USB_INPUTs         ; 0 / 22 ( 0 % )            ;
; HPS_INTERFACE_PERIPHERAL_USB_OUTPUTs        ; 0 / 34 ( 0 % )            ;
; HPS_INTERFACE_STM_EVENT_INPUTs              ; 0 / 28 ( 0 % )            ;
; HPS_INTERFACE_TEST_INPUTs                   ; 0 / 610 ( 0 % )           ;
; HPS_INTERFACE_TEST_OUTPUTs                  ; 0 / 513 ( 0 % )           ;
; HPS_INTERFACE_TPIU_TRACE_INPUTs             ; 0 / 2 ( 0 % )             ;
; HPS_INTERFACE_TPIU_TRACE_OUTPUTs            ; 0 / 33 ( 0 % )            ;
; Horizontal periphery clocks                 ; 0 / 72 ( 0 % )            ;
; Local interconnects                         ; 200 / 84,580 ( < 1 % )    ;
; Quadrant clocks                             ; 0 / 66 ( 0 % )            ;
; R14 interconnects                           ; 321 / 12,676 ( 3 % )      ;
; R14/C12 interconnect drivers                ; 387 / 20,720 ( 2 % )      ;
; R3 interconnects                            ; 1,600 / 130,992 ( 1 % )   ;
; R6 interconnects                            ; 2,004 / 266,960 ( < 1 % ) ;
; Spine clocks                                ; 4 / 360 ( 1 % )           ;
; Wire stub REs                               ; 0 / 15,858 ( 0 % )        ;
+---------------------------------------------+---------------------------+


+------------------------------------------+
; I/O Rules Summary                        ;
+----------------------------------+-------+
; I/O Rules Statistic              ; Total ;
+----------------------------------+-------+
; Total I/O Rules                  ; 28    ;
; Number of I/O Rules Passed       ; 9     ;
; Number of I/O Rules Failed       ; 0     ;
; Number of I/O Rules Unchecked    ; 0     ;
; Number of I/O Rules Inapplicable ; 19    ;
+----------------------------------+-------+


+-----------------------------------------------------------------------------------------------------------------------------------------------------------------------------------------------------------------------------------------------------------------------------------+
; I/O Rules Details                                                                                                                                                                                                                                                                 ;
+--------------+-----------+-----------------------------------+------------------------------------------------------------------------------------+----------+--------------------------------------------------------------------------+---------------------+-------------------+
; Status       ; ID        ; Category                          ; Rule Description                                                                   ; Severity ; Information                                                              ; Area                ; Extra Information ;
+--------------+-----------+-----------------------------------+------------------------------------------------------------------------------------+----------+--------------------------------------------------------------------------+---------------------+-------------------+
; Pass         ; IO_000001 ; Capacity Checks                   ; Number of pins in an I/O bank should not exceed the number of locations available. ; Critical ; 0 such failures found.                                                   ; I/O                 ;                   ;
; Inapplicable ; IO_000002 ; Capacity Checks                   ; Number of clocks in an I/O bank should not exceed the number of clocks available.  ; Critical ; No Global Signal assignments found.                                      ; I/O                 ;                   ;
; Pass         ; IO_000003 ; Capacity Checks                   ; Number of pins in a Vrefgroup should not exceed the number of locations available. ; Critical ; 0 such failures found.                                                   ; I/O                 ;                   ;
; Inapplicable ; IO_000004 ; Voltage Compatibility Checks      ; The I/O bank should support the requested VCCIO.                                   ; Critical ; No IOBANK_VCCIO assignments found.                                       ; I/O                 ;                   ;
; Inapplicable ; IO_000005 ; Voltage Compatibility Checks      ; The I/O bank should not have competing VREF values.                                ; Critical ; No VREF I/O Standard assignments found.                                  ; I/O                 ;                   ;
; Pass         ; IO_000006 ; Voltage Compatibility Checks      ; The I/O bank should not have competing VCCIO values.                               ; Critical ; 0 such failures found.                                                   ; I/O                 ;                   ;
; Pass         ; IO_000007 ; Valid Location Checks             ; Checks for unavailable locations.                                                  ; Critical ; 0 such failures found.                                                   ; I/O                 ;                   ;
; Inapplicable ; IO_000008 ; Valid Location Checks             ; Checks for reserved locations.                                                     ; Critical ; No reserved LogicLock region found.                                      ; I/O                 ;                   ;
; Pass         ; IO_000009 ; I/O Properties Checks for One I/O ; The location should support the requested I/O standard.                            ; Critical ; 0 such failures found.                                                   ; I/O                 ;                   ;
; Pass         ; IO_000010 ; I/O Properties Checks for One I/O ; The location should support the requested I/O direction.                           ; Critical ; 0 such failures found.                                                   ; I/O                 ;                   ;
; Inapplicable ; IO_000011 ; I/O Properties Checks for One I/O ; The location should support the requested Current Strength.                        ; Critical ; No Current Strength assignments found.                                   ; I/O                 ;                   ;
; Pass         ; IO_000012 ; I/O Properties Checks for One I/O ; The location should support the requested On Chip Termination value.               ; Critical ; 0 such failures found.                                                   ; I/O                 ;                   ;
; Inapplicable ; IO_000013 ; I/O Properties Checks for One I/O ; The location should support the requested Bus Hold value.                          ; Critical ; No Enable Bus-Hold Circuitry assignments found.                          ; I/O                 ;                   ;
; Inapplicable ; IO_000014 ; I/O Properties Checks for One I/O ; The location should support the requested Weak Pull Up value.                      ; Critical ; No Weak Pull-Up Resistor assignments found.                              ; I/O                 ;                   ;
; Inapplicable ; IO_000015 ; I/O Properties Checks for One I/O ; The location should support the requested PCI Clamp Diode.                         ; Critical ; No Clamping Diode assignments found.                                     ; I/O                 ;                   ;
; Inapplicable ; IO_000018 ; I/O Properties Checks for One I/O ; The I/O standard should support the requested Current Strength.                    ; Critical ; No Current Strength assignments found.                                   ; I/O                 ;                   ;
; Pass         ; IO_000019 ; I/O Properties Checks for One I/O ; The I/O standard should support the requested On Chip Termination value.           ; Critical ; 0 such failures found.                                                   ; I/O                 ;                   ;
; Inapplicable ; IO_000020 ; I/O Properties Checks for One I/O ; The I/O standard should support the requested PCI Clamp Diode.                     ; Critical ; No Clamping Diode assignments found.                                     ; I/O                 ;                   ;
; Inapplicable ; IO_000021 ; I/O Properties Checks for One I/O ; The I/O standard should support the requested Weak Pull Up value.                  ; Critical ; No Weak Pull-Up Resistor assignments found.                              ; I/O                 ;                   ;
; Inapplicable ; IO_000022 ; I/O Properties Checks for One I/O ; The I/O standard should support the requested Bus Hold value.                      ; Critical ; No Enable Bus-Hold Circuitry assignments found.                          ; I/O                 ;                   ;
; Inapplicable ; IO_000023 ; I/O Properties Checks for One I/O ; The I/O standard should support the Open Drain value.                              ; Critical ; No open drain assignments found.                                         ; I/O                 ;                   ;
; Pass         ; IO_000024 ; I/O Properties Checks for One I/O ; The I/O direction should support the On Chip Termination value.                    ; Critical ; 0 such failures found.                                                   ; I/O                 ;                   ;
; Inapplicable ; IO_000026 ; I/O Properties Checks for One I/O ; On Chip Termination and Current Strength should not be used at the same time.      ; Critical ; No Current Strength assignments found.                                   ; I/O                 ;                   ;
; Inapplicable ; IO_000027 ; I/O Properties Checks for One I/O ; Weak Pull Up and Bus Hold should not be used at the same time.                     ; Critical ; No Enable Bus-Hold Circuitry or Weak Pull-Up Resistor assignments found. ; I/O                 ;                   ;
; Inapplicable ; IO_000045 ; I/O Properties Checks for One I/O ; The I/O standard should support the requested Slew Rate value.                     ; Critical ; No Slew Rate assignments found.                                          ; I/O                 ;                   ;
; Inapplicable ; IO_000046 ; I/O Properties Checks for One I/O ; The location should support the requested Slew Rate value.                         ; Critical ; No Slew Rate assignments found.                                          ; I/O                 ;                   ;
; Inapplicable ; IO_000047 ; I/O Properties Checks for One I/O ; On Chip Termination and Slew Rate should not be used at the same time.             ; Critical ; No Slew Rate assignments found.                                          ; I/O                 ;                   ;
; Inapplicable ; IO_000034 ; SI Related Distance Checks        ; Single-ended outputs should be 0 LAB row(s) away from a differential I/O.          ; High     ; No Differential I/O Standard assignments found.                          ; I/O                 ;                   ;
; ----         ; ----      ; Disclaimer                        ; OCT rules are checked but not reported.                                            ; None     ; ----                                                                     ; On Chip Termination ;                   ;
+--------------+-----------+-----------------------------------+------------------------------------------------------------------------------------+----------+--------------------------------------------------------------------------+---------------------+-------------------+


+--------------------------------------------------------------------------------------------------------------------------------------------------------------------------------------------------------------------------------------------------------------------------------------------------------------------------------------------------------------------------------------------------------------------------------------------------+
; I/O Rules Matrix                                                                                                                                                                                                                                                                                                                                                                                                                                 ;
+-----------------------+--------------+--------------+--------------+--------------+--------------+-----------+--------------+--------------+-----------+-----------+--------------+--------------+--------------+--------------+--------------+--------------+--------------+--------------+--------------+--------------+--------------+--------------+--------------+--------------+--------------+--------------+--------------+--------------+
; Pin/Rules             ; IO_000001    ; IO_000002    ; IO_000003    ; IO_000004    ; IO_000005    ; IO_000006 ; IO_000007    ; IO_000008    ; IO_000009 ; IO_000010 ; IO_000011    ; IO_000012    ; IO_000013    ; IO_000014    ; IO_000015    ; IO_000018    ; IO_000019    ; IO_000020    ; IO_000021    ; IO_000022    ; IO_000023    ; IO_000024    ; IO_000026    ; IO_000027    ; IO_000045    ; IO_000046    ; IO_000047    ; IO_000034    ;
+-----------------------+--------------+--------------+--------------+--------------+--------------+-----------+--------------+--------------+-----------+-----------+--------------+--------------+--------------+--------------+--------------+--------------+--------------+--------------+--------------+--------------+--------------+--------------+--------------+--------------+--------------+--------------+--------------+--------------+
; Total Pass            ; 52           ; 0            ; 52           ; 0            ; 0            ; 171       ; 52           ; 0            ; 171       ; 171       ; 0            ; 160          ; 0            ; 0            ; 0            ; 0            ; 160          ; 0            ; 0            ; 0            ; 0            ; 160          ; 0            ; 0            ; 0            ; 0            ; 0            ; 0            ;
; Total Unchecked       ; 0            ; 0            ; 0            ; 0            ; 0            ; 0         ; 0            ; 0            ; 0         ; 0         ; 0            ; 0            ; 0            ; 0            ; 0            ; 0            ; 0            ; 0            ; 0            ; 0            ; 0            ; 0            ; 0            ; 0            ; 0            ; 0            ; 0            ; 0            ;
; Total Inapplicable    ; 119          ; 171          ; 119          ; 171          ; 171          ; 0         ; 119          ; 171          ; 0         ; 0         ; 171          ; 11           ; 171          ; 171          ; 171          ; 171          ; 11           ; 171          ; 171          ; 171          ; 171          ; 11           ; 171          ; 171          ; 171          ; 171          ; 171          ; 171          ;
; Total Fail            ; 0            ; 0            ; 0            ; 0            ; 0            ; 0         ; 0            ; 0            ; 0         ; 0         ; 0            ; 0            ; 0            ; 0            ; 0            ; 0            ; 0            ; 0            ; 0            ; 0            ; 0            ; 0            ; 0            ; 0            ; 0            ; 0            ; 0            ; 0            ;
; OutputRandomNumber[0] ; Inapplicable ; Inapplicable ; Inapplicable ; Inapplicable ; Inapplicable ; Pass      ; Inapplicable ; Inapplicable ; Pass      ; Pass      ; Inapplicable ; Pass         ; Inapplicable ; Inapplicable ; Inapplicable ; Inapplicable ; Pass         ; Inapplicable ; Inapplicable ; Inapplicable ; Inapplicable ; Pass         ; Inapplicable ; Inapplicable ; Inapplicable ; Inapplicable ; Inapplicable ; Inapplicable ;
; OutputRandomNumber[1] ; Inapplicable ; Inapplicable ; Inapplicable ; Inapplicable ; Inapplicable ; Pass      ; Inapplicable ; Inapplicable ; Pass      ; Pass      ; Inapplicable ; Pass         ; Inapplicable ; Inapplicable ; Inapplicable ; Inapplicable ; Pass         ; Inapplicable ; Inapplicable ; Inapplicable ; Inapplicable ; Pass         ; Inapplicable ; Inapplicable ; Inapplicable ; Inapplicable ; Inapplicable ; Inapplicable ;
; OutputRandomNumber[2] ; Inapplicable ; Inapplicable ; Inapplicable ; Inapplicable ; Inapplicable ; Pass      ; Inapplicable ; Inapplicable ; Pass      ; Pass      ; Inapplicable ; Pass         ; Inapplicable ; Inapplicable ; Inapplicable ; Inapplicable ; Pass         ; Inapplicable ; Inapplicable ; Inapplicable ; Inapplicable ; Pass         ; Inapplicable ; Inapplicable ; Inapplicable ; Inapplicable ; Inapplicable ; Inapplicable ;
; OutputRandomNumber[3] ; Inapplicable ; Inapplicable ; Inapplicable ; Inapplicable ; Inapplicable ; Pass      ; Inapplicable ; Inapplicable ; Pass      ; Pass      ; Inapplicable ; Pass         ; Inapplicable ; Inapplicable ; Inapplicable ; Inapplicable ; Pass         ; Inapplicable ; Inapplicable ; Inapplicable ; Inapplicable ; Pass         ; Inapplicable ; Inapplicable ; Inapplicable ; Inapplicable ; Inapplicable ; Inapplicable ;
; OutputRandomNumber[4] ; Inapplicable ; Inapplicable ; Inapplicable ; Inapplicable ; Inapplicable ; Pass      ; Inapplicable ; Inapplicable ; Pass      ; Pass      ; Inapplicable ; Pass         ; Inapplicable ; Inapplicable ; Inapplicable ; Inapplicable ; Pass         ; Inapplicable ; Inapplicable ; Inapplicable ; Inapplicable ; Pass         ; Inapplicable ; Inapplicable ; Inapplicable ; Inapplicable ; Inapplicable ; Inapplicable ;
; OutputRandomNumber[5] ; Inapplicable ; Inapplicable ; Inapplicable ; Inapplicable ; Inapplicable ; Pass      ; Inapplicable ; Inapplicable ; Pass      ; Pass      ; Inapplicable ; Pass         ; Inapplicable ; Inapplicable ; Inapplicable ; Inapplicable ; Pass         ; Inapplicable ; Inapplicable ; Inapplicable ; Inapplicable ; Pass         ; Inapplicable ; Inapplicable ; Inapplicable ; Inapplicable ; Inapplicable ; Inapplicable ;
; OutputRandomNumber[6] ; Inapplicable ; Inapplicable ; Inapplicable ; Inapplicable ; Inapplicable ; Pass      ; Inapplicable ; Inapplicable ; Pass      ; Pass      ; Inapplicable ; Pass         ; Inapplicable ; Inapplicable ; Inapplicable ; Inapplicable ; Pass         ; Inapplicable ; Inapplicable ; Inapplicable ; Inapplicable ; Pass         ; Inapplicable ; Inapplicable ; Inapplicable ; Inapplicable ; Inapplicable ; Inapplicable ;
; OutputRandomNumber[7] ; Inapplicable ; Inapplicable ; Inapplicable ; Inapplicable ; Inapplicable ; Pass      ; Inapplicable ; Inapplicable ; Pass      ; Pass      ; Inapplicable ; Pass         ; Inapplicable ; Inapplicable ; Inapplicable ; Inapplicable ; Pass         ; Inapplicable ; Inapplicable ; Inapplicable ; Inapplicable ; Pass         ; Inapplicable ; Inapplicable ; Inapplicable ; Inapplicable ; Inapplicable ; Inapplicable ;
; outputNumber[0]       ; Inapplicable ; Inapplicable ; Inapplicable ; Inapplicable ; Inapplicable ; Pass      ; Inapplicable ; Inapplicable ; Pass      ; Pass      ; Inapplicable ; Pass         ; Inapplicable ; Inapplicable ; Inapplicable ; Inapplicable ; Pass         ; Inapplicable ; Inapplicable ; Inapplicable ; Inapplicable ; Pass         ; Inapplicable ; Inapplicable ; Inapplicable ; Inapplicable ; Inapplicable ; Inapplicable ;
; outputNumber[1]       ; Inapplicable ; Inapplicable ; Inapplicable ; Inapplicable ; Inapplicable ; Pass      ; Inapplicable ; Inapplicable ; Pass      ; Pass      ; Inapplicable ; Pass         ; Inapplicable ; Inapplicable ; Inapplicable ; Inapplicable ; Pass         ; Inapplicable ; Inapplicable ; Inapplicable ; Inapplicable ; Pass         ; Inapplicable ; Inapplicable ; Inapplicable ; Inapplicable ; Inapplicable ; Inapplicable ;
; outputNumber[2]       ; Inapplicable ; Inapplicable ; Inapplicable ; Inapplicable ; Inapplicable ; Pass      ; Inapplicable ; Inapplicable ; Pass      ; Pass      ; Inapplicable ; Pass         ; Inapplicable ; Inapplicable ; Inapplicable ; Inapplicable ; Pass         ; Inapplicable ; Inapplicable ; Inapplicable ; Inapplicable ; Pass         ; Inapplicable ; Inapplicable ; Inapplicable ; Inapplicable ; Inapplicable ; Inapplicable ;
; outputNumber[3]       ; Inapplicable ; Inapplicable ; Inapplicable ; Inapplicable ; Inapplicable ; Pass      ; Inapplicable ; Inapplicable ; Pass      ; Pass      ; Inapplicable ; Pass         ; Inapplicable ; Inapplicable ; Inapplicable ; Inapplicable ; Pass         ; Inapplicable ; Inapplicable ; Inapplicable ; Inapplicable ; Pass         ; Inapplicable ; Inapplicable ; Inapplicable ; Inapplicable ; Inapplicable ; Inapplicable ;
; outputNumber[4]       ; Inapplicable ; Inapplicable ; Inapplicable ; Inapplicable ; Inapplicable ; Pass      ; Inapplicable ; Inapplicable ; Pass      ; Pass      ; Inapplicable ; Pass         ; Inapplicable ; Inapplicable ; Inapplicable ; Inapplicable ; Pass         ; Inapplicable ; Inapplicable ; Inapplicable ; Inapplicable ; Pass         ; Inapplicable ; Inapplicable ; Inapplicable ; Inapplicable ; Inapplicable ; Inapplicable ;
; outputNumber[5]       ; Inapplicable ; Inapplicable ; Inapplicable ; Inapplicable ; Inapplicable ; Pass      ; Inapplicable ; Inapplicable ; Pass      ; Pass      ; Inapplicable ; Pass         ; Inapplicable ; Inapplicable ; Inapplicable ; Inapplicable ; Pass         ; Inapplicable ; Inapplicable ; Inapplicable ; Inapplicable ; Pass         ; Inapplicable ; Inapplicable ; Inapplicable ; Inapplicable ; Inapplicable ; Inapplicable ;
; outputNumber[6]       ; Inapplicable ; Inapplicable ; Inapplicable ; Inapplicable ; Inapplicable ; Pass      ; Inapplicable ; Inapplicable ; Pass      ; Pass      ; Inapplicable ; Pass         ; Inapplicable ; Inapplicable ; Inapplicable ; Inapplicable ; Pass         ; Inapplicable ; Inapplicable ; Inapplicable ; Inapplicable ; Pass         ; Inapplicable ; Inapplicable ; Inapplicable ; Inapplicable ; Inapplicable ; Inapplicable ;
; outputNumber[7]       ; Inapplicable ; Inapplicable ; Inapplicable ; Inapplicable ; Inapplicable ; Pass      ; Inapplicable ; Inapplicable ; Pass      ; Pass      ; Inapplicable ; Pass         ; Inapplicable ; Inapplicable ; Inapplicable ; Inapplicable ; Pass         ; Inapplicable ; Inapplicable ; Inapplicable ; Inapplicable ; Pass         ; Inapplicable ; Inapplicable ; Inapplicable ; Inapplicable ; Inapplicable ; Inapplicable ;
; outputNumber[8]       ; Inapplicable ; Inapplicable ; Inapplicable ; Inapplicable ; Inapplicable ; Pass      ; Inapplicable ; Inapplicable ; Pass      ; Pass      ; Inapplicable ; Pass         ; Inapplicable ; Inapplicable ; Inapplicable ; Inapplicable ; Pass         ; Inapplicable ; Inapplicable ; Inapplicable ; Inapplicable ; Pass         ; Inapplicable ; Inapplicable ; Inapplicable ; Inapplicable ; Inapplicable ; Inapplicable ;
; outputNumber[9]       ; Inapplicable ; Inapplicable ; Inapplicable ; Inapplicable ; Inapplicable ; Pass      ; Inapplicable ; Inapplicable ; Pass      ; Pass      ; Inapplicable ; Pass         ; Inapplicable ; Inapplicable ; Inapplicable ; Inapplicable ; Pass         ; Inapplicable ; Inapplicable ; Inapplicable ; Inapplicable ; Pass         ; Inapplicable ; Inapplicable ; Inapplicable ; Inapplicable ; Inapplicable ; Inapplicable ;
; outputNumber[10]      ; Inapplicable ; Inapplicable ; Inapplicable ; Inapplicable ; Inapplicable ; Pass      ; Inapplicable ; Inapplicable ; Pass      ; Pass      ; Inapplicable ; Pass         ; Inapplicable ; Inapplicable ; Inapplicable ; Inapplicable ; Pass         ; Inapplicable ; Inapplicable ; Inapplicable ; Inapplicable ; Pass         ; Inapplicable ; Inapplicable ; Inapplicable ; Inapplicable ; Inapplicable ; Inapplicable ;
; outputNumber[11]      ; Inapplicable ; Inapplicable ; Inapplicable ; Inapplicable ; Inapplicable ; Pass      ; Inapplicable ; Inapplicable ; Pass      ; Pass      ; Inapplicable ; Pass         ; Inapplicable ; Inapplicable ; Inapplicable ; Inapplicable ; Pass         ; Inapplicable ; Inapplicable ; Inapplicable ; Inapplicable ; Pass         ; Inapplicable ; Inapplicable ; Inapplicable ; Inapplicable ; Inapplicable ; Inapplicable ;
; outputNumber[12]      ; Inapplicable ; Inapplicable ; Inapplicable ; Inapplicable ; Inapplicable ; Pass      ; Inapplicable ; Inapplicable ; Pass      ; Pass      ; Inapplicable ; Pass         ; Inapplicable ; Inapplicable ; Inapplicable ; Inapplicable ; Pass         ; Inapplicable ; Inapplicable ; Inapplicable ; Inapplicable ; Pass         ; Inapplicable ; Inapplicable ; Inapplicable ; Inapplicable ; Inapplicable ; Inapplicable ;
; outputNumber[13]      ; Inapplicable ; Inapplicable ; Inapplicable ; Inapplicable ; Inapplicable ; Pass      ; Inapplicable ; Inapplicable ; Pass      ; Pass      ; Inapplicable ; Pass         ; Inapplicable ; Inapplicable ; Inapplicable ; Inapplicable ; Pass         ; Inapplicable ; Inapplicable ; Inapplicable ; Inapplicable ; Pass         ; Inapplicable ; Inapplicable ; Inapplicable ; Inapplicable ; Inapplicable ; Inapplicable ;
; outputNumber[14]      ; Inapplicable ; Inapplicable ; Inapplicable ; Inapplicable ; Inapplicable ; Pass      ; Inapplicable ; Inapplicable ; Pass      ; Pass      ; Inapplicable ; Pass         ; Inapplicable ; Inapplicable ; Inapplicable ; Inapplicable ; Pass         ; Inapplicable ; Inapplicable ; Inapplicable ; Inapplicable ; Pass         ; Inapplicable ; Inapplicable ; Inapplicable ; Inapplicable ; Inapplicable ; Inapplicable ;
; outputNumber[15]      ; Inapplicable ; Inapplicable ; Inapplicable ; Inapplicable ; Inapplicable ; Pass      ; Inapplicable ; Inapplicable ; Pass      ; Pass      ; Inapplicable ; Pass         ; Inapplicable ; Inapplicable ; Inapplicable ; Inapplicable ; Pass         ; Inapplicable ; Inapplicable ; Inapplicable ; Inapplicable ; Pass         ; Inapplicable ; Inapplicable ; Inapplicable ; Inapplicable ; Inapplicable ; Inapplicable ;
; outputNumber[16]      ; Inapplicable ; Inapplicable ; Inapplicable ; Inapplicable ; Inapplicable ; Pass      ; Inapplicable ; Inapplicable ; Pass      ; Pass      ; Inapplicable ; Pass         ; Inapplicable ; Inapplicable ; Inapplicable ; Inapplicable ; Pass         ; Inapplicable ; Inapplicable ; Inapplicable ; Inapplicable ; Pass         ; Inapplicable ; Inapplicable ; Inapplicable ; Inapplicable ; Inapplicable ; Inapplicable ;
; outputNumber[17]      ; Inapplicable ; Inapplicable ; Inapplicable ; Inapplicable ; Inapplicable ; Pass      ; Inapplicable ; Inapplicable ; Pass      ; Pass      ; Inapplicable ; Pass         ; Inapplicable ; Inapplicable ; Inapplicable ; Inapplicable ; Pass         ; Inapplicable ; Inapplicable ; Inapplicable ; Inapplicable ; Pass         ; Inapplicable ; Inapplicable ; Inapplicable ; Inapplicable ; Inapplicable ; Inapplicable ;
; outputNumber[18]      ; Inapplicable ; Inapplicable ; Inapplicable ; Inapplicable ; Inapplicable ; Pass      ; Inapplicable ; Inapplicable ; Pass      ; Pass      ; Inapplicable ; Pass         ; Inapplicable ; Inapplicable ; Inapplicable ; Inapplicable ; Pass         ; Inapplicable ; Inapplicable ; Inapplicable ; Inapplicable ; Pass         ; Inapplicable ; Inapplicable ; Inapplicable ; Inapplicable ; Inapplicable ; Inapplicable ;
; outputNumber[19]      ; Inapplicable ; Inapplicable ; Inapplicable ; Inapplicable ; Inapplicable ; Pass      ; Inapplicable ; Inapplicable ; Pass      ; Pass      ; Inapplicable ; Pass         ; Inapplicable ; Inapplicable ; Inapplicable ; Inapplicable ; Pass         ; Inapplicable ; Inapplicable ; Inapplicable ; Inapplicable ; Pass         ; Inapplicable ; Inapplicable ; Inapplicable ; Inapplicable ; Inapplicable ; Inapplicable ;
; outputNumber[20]      ; Inapplicable ; Inapplicable ; Inapplicable ; Inapplicable ; Inapplicable ; Pass      ; Inapplicable ; Inapplicable ; Pass      ; Pass      ; Inapplicable ; Pass         ; Inapplicable ; Inapplicable ; Inapplicable ; Inapplicable ; Pass         ; Inapplicable ; Inapplicable ; Inapplicable ; Inapplicable ; Pass         ; Inapplicable ; Inapplicable ; Inapplicable ; Inapplicable ; Inapplicable ; Inapplicable ;
; outputNumber[21]      ; Inapplicable ; Inapplicable ; Inapplicable ; Inapplicable ; Inapplicable ; Pass      ; Inapplicable ; Inapplicable ; Pass      ; Pass      ; Inapplicable ; Pass         ; Inapplicable ; Inapplicable ; Inapplicable ; Inapplicable ; Pass         ; Inapplicable ; Inapplicable ; Inapplicable ; Inapplicable ; Pass         ; Inapplicable ; Inapplicable ; Inapplicable ; Inapplicable ; Inapplicable ; Inapplicable ;
; outputNumber[22]      ; Inapplicable ; Inapplicable ; Inapplicable ; Inapplicable ; Inapplicable ; Pass      ; Inapplicable ; Inapplicable ; Pass      ; Pass      ; Inapplicable ; Pass         ; Inapplicable ; Inapplicable ; Inapplicable ; Inapplicable ; Pass         ; Inapplicable ; Inapplicable ; Inapplicable ; Inapplicable ; Pass         ; Inapplicable ; Inapplicable ; Inapplicable ; Inapplicable ; Inapplicable ; Inapplicable ;
; outputNumber[23]      ; Inapplicable ; Inapplicable ; Inapplicable ; Inapplicable ; Inapplicable ; Pass      ; Inapplicable ; Inapplicable ; Pass      ; Pass      ; Inapplicable ; Pass         ; Inapplicable ; Inapplicable ; Inapplicable ; Inapplicable ; Pass         ; Inapplicable ; Inapplicable ; Inapplicable ; Inapplicable ; Pass         ; Inapplicable ; Inapplicable ; Inapplicable ; Inapplicable ; Inapplicable ; Inapplicable ;
; outputNumber[24]      ; Inapplicable ; Inapplicable ; Inapplicable ; Inapplicable ; Inapplicable ; Pass      ; Inapplicable ; Inapplicable ; Pass      ; Pass      ; Inapplicable ; Pass         ; Inapplicable ; Inapplicable ; Inapplicable ; Inapplicable ; Pass         ; Inapplicable ; Inapplicable ; Inapplicable ; Inapplicable ; Pass         ; Inapplicable ; Inapplicable ; Inapplicable ; Inapplicable ; Inapplicable ; Inapplicable ;
; outputNumber[25]      ; Inapplicable ; Inapplicable ; Inapplicable ; Inapplicable ; Inapplicable ; Pass      ; Inapplicable ; Inapplicable ; Pass      ; Pass      ; Inapplicable ; Pass         ; Inapplicable ; Inapplicable ; Inapplicable ; Inapplicable ; Pass         ; Inapplicable ; Inapplicable ; Inapplicable ; Inapplicable ; Pass         ; Inapplicable ; Inapplicable ; Inapplicable ; Inapplicable ; Inapplicable ; Inapplicable ;
; outputNumber[26]      ; Inapplicable ; Inapplicable ; Inapplicable ; Inapplicable ; Inapplicable ; Pass      ; Inapplicable ; Inapplicable ; Pass      ; Pass      ; Inapplicable ; Pass         ; Inapplicable ; Inapplicable ; Inapplicable ; Inapplicable ; Pass         ; Inapplicable ; Inapplicable ; Inapplicable ; Inapplicable ; Pass         ; Inapplicable ; Inapplicable ; Inapplicable ; Inapplicable ; Inapplicable ; Inapplicable ;
; outputNumber[27]      ; Inapplicable ; Inapplicable ; Inapplicable ; Inapplicable ; Inapplicable ; Pass      ; Inapplicable ; Inapplicable ; Pass      ; Pass      ; Inapplicable ; Pass         ; Inapplicable ; Inapplicable ; Inapplicable ; Inapplicable ; Pass         ; Inapplicable ; Inapplicable ; Inapplicable ; Inapplicable ; Pass         ; Inapplicable ; Inapplicable ; Inapplicable ; Inapplicable ; Inapplicable ; Inapplicable ;
; outputNumber[28]      ; Inapplicable ; Inapplicable ; Inapplicable ; Inapplicable ; Inapplicable ; Pass      ; Inapplicable ; Inapplicable ; Pass      ; Pass      ; Inapplicable ; Pass         ; Inapplicable ; Inapplicable ; Inapplicable ; Inapplicable ; Pass         ; Inapplicable ; Inapplicable ; Inapplicable ; Inapplicable ; Pass         ; Inapplicable ; Inapplicable ; Inapplicable ; Inapplicable ; Inapplicable ; Inapplicable ;
; outputNumber[29]      ; Inapplicable ; Inapplicable ; Inapplicable ; Inapplicable ; Inapplicable ; Pass      ; Inapplicable ; Inapplicable ; Pass      ; Pass      ; Inapplicable ; Pass         ; Inapplicable ; Inapplicable ; Inapplicable ; Inapplicable ; Pass         ; Inapplicable ; Inapplicable ; Inapplicable ; Inapplicable ; Pass         ; Inapplicable ; Inapplicable ; Inapplicable ; Inapplicable ; Inapplicable ; Inapplicable ;
; outputNumber[30]      ; Inapplicable ; Inapplicable ; Inapplicable ; Inapplicable ; Inapplicable ; Pass      ; Inapplicable ; Inapplicable ; Pass      ; Pass      ; Inapplicable ; Pass         ; Inapplicable ; Inapplicable ; Inapplicable ; Inapplicable ; Pass         ; Inapplicable ; Inapplicable ; Inapplicable ; Inapplicable ; Pass         ; Inapplicable ; Inapplicable ; Inapplicable ; Inapplicable ; Inapplicable ; Inapplicable ;
; outputNumber[31]      ; Inapplicable ; Inapplicable ; Inapplicable ; Inapplicable ; Inapplicable ; Pass      ; Inapplicable ; Inapplicable ; Pass      ; Pass      ; Inapplicable ; Pass         ; Inapplicable ; Inapplicable ; Inapplicable ; Inapplicable ; Pass         ; Inapplicable ; Inapplicable ; Inapplicable ; Inapplicable ; Pass         ; Inapplicable ; Inapplicable ; Inapplicable ; Inapplicable ; Inapplicable ; Inapplicable ;
; result[0]             ; Inapplicable ; Inapplicable ; Inapplicable ; Inapplicable ; Inapplicable ; Pass      ; Inapplicable ; Inapplicable ; Pass      ; Pass      ; Inapplicable ; Pass         ; Inapplicable ; Inapplicable ; Inapplicable ; Inapplicable ; Pass         ; Inapplicable ; Inapplicable ; Inapplicable ; Inapplicable ; Pass         ; Inapplicable ; Inapplicable ; Inapplicable ; Inapplicable ; Inapplicable ; Inapplicable ;
; result[1]             ; Inapplicable ; Inapplicable ; Inapplicable ; Inapplicable ; Inapplicable ; Pass      ; Inapplicable ; Inapplicable ; Pass      ; Pass      ; Inapplicable ; Pass         ; Inapplicable ; Inapplicable ; Inapplicable ; Inapplicable ; Pass         ; Inapplicable ; Inapplicable ; Inapplicable ; Inapplicable ; Pass         ; Inapplicable ; Inapplicable ; Inapplicable ; Inapplicable ; Inapplicable ; Inapplicable ;
; result[2]             ; Inapplicable ; Inapplicable ; Inapplicable ; Inapplicable ; Inapplicable ; Pass      ; Inapplicable ; Inapplicable ; Pass      ; Pass      ; Inapplicable ; Pass         ; Inapplicable ; Inapplicable ; Inapplicable ; Inapplicable ; Pass         ; Inapplicable ; Inapplicable ; Inapplicable ; Inapplicable ; Pass         ; Inapplicable ; Inapplicable ; Inapplicable ; Inapplicable ; Inapplicable ; Inapplicable ;
; result[3]             ; Inapplicable ; Inapplicable ; Inapplicable ; Inapplicable ; Inapplicable ; Pass      ; Inapplicable ; Inapplicable ; Pass      ; Pass      ; Inapplicable ; Pass         ; Inapplicable ; Inapplicable ; Inapplicable ; Inapplicable ; Pass         ; Inapplicable ; Inapplicable ; Inapplicable ; Inapplicable ; Pass         ; Inapplicable ; Inapplicable ; Inapplicable ; Inapplicable ; Inapplicable ; Inapplicable ;
; result[4]             ; Inapplicable ; Inapplicable ; Inapplicable ; Inapplicable ; Inapplicable ; Pass      ; Inapplicable ; Inapplicable ; Pass      ; Pass      ; Inapplicable ; Pass         ; Inapplicable ; Inapplicable ; Inapplicable ; Inapplicable ; Pass         ; Inapplicable ; Inapplicable ; Inapplicable ; Inapplicable ; Pass         ; Inapplicable ; Inapplicable ; Inapplicable ; Inapplicable ; Inapplicable ; Inapplicable ;
; result[5]             ; Inapplicable ; Inapplicable ; Inapplicable ; Inapplicable ; Inapplicable ; Pass      ; Inapplicable ; Inapplicable ; Pass      ; Pass      ; Inapplicable ; Pass         ; Inapplicable ; Inapplicable ; Inapplicable ; Inapplicable ; Pass         ; Inapplicable ; Inapplicable ; Inapplicable ; Inapplicable ; Pass         ; Inapplicable ; Inapplicable ; Inapplicable ; Inapplicable ; Inapplicable ; Inapplicable ;
; result[6]             ; Inapplicable ; Inapplicable ; Inapplicable ; Inapplicable ; Inapplicable ; Pass      ; Inapplicable ; Inapplicable ; Pass      ; Pass      ; Inapplicable ; Pass         ; Inapplicable ; Inapplicable ; Inapplicable ; Inapplicable ; Pass         ; Inapplicable ; Inapplicable ; Inapplicable ; Inapplicable ; Pass         ; Inapplicable ; Inapplicable ; Inapplicable ; Inapplicable ; Inapplicable ; Inapplicable ;
; result[7]             ; Inapplicable ; Inapplicable ; Inapplicable ; Inapplicable ; Inapplicable ; Pass      ; Inapplicable ; Inapplicable ; Pass      ; Pass      ; Inapplicable ; Pass         ; Inapplicable ; Inapplicable ; Inapplicable ; Inapplicable ; Pass         ; Inapplicable ; Inapplicable ; Inapplicable ; Inapplicable ; Pass         ; Inapplicable ; Inapplicable ; Inapplicable ; Inapplicable ; Inapplicable ; Inapplicable ;
; result[8]             ; Inapplicable ; Inapplicable ; Inapplicable ; Inapplicable ; Inapplicable ; Pass      ; Inapplicable ; Inapplicable ; Pass      ; Pass      ; Inapplicable ; Pass         ; Inapplicable ; Inapplicable ; Inapplicable ; Inapplicable ; Pass         ; Inapplicable ; Inapplicable ; Inapplicable ; Inapplicable ; Pass         ; Inapplicable ; Inapplicable ; Inapplicable ; Inapplicable ; Inapplicable ; Inapplicable ;
; result[9]             ; Inapplicable ; Inapplicable ; Inapplicable ; Inapplicable ; Inapplicable ; Pass      ; Inapplicable ; Inapplicable ; Pass      ; Pass      ; Inapplicable ; Pass         ; Inapplicable ; Inapplicable ; Inapplicable ; Inapplicable ; Pass         ; Inapplicable ; Inapplicable ; Inapplicable ; Inapplicable ; Pass         ; Inapplicable ; Inapplicable ; Inapplicable ; Inapplicable ; Inapplicable ; Inapplicable ;
; result[10]            ; Inapplicable ; Inapplicable ; Inapplicable ; Inapplicable ; Inapplicable ; Pass      ; Inapplicable ; Inapplicable ; Pass      ; Pass      ; Inapplicable ; Pass         ; Inapplicable ; Inapplicable ; Inapplicable ; Inapplicable ; Pass         ; Inapplicable ; Inapplicable ; Inapplicable ; Inapplicable ; Pass         ; Inapplicable ; Inapplicable ; Inapplicable ; Inapplicable ; Inapplicable ; Inapplicable ;
; result[11]            ; Inapplicable ; Inapplicable ; Inapplicable ; Inapplicable ; Inapplicable ; Pass      ; Inapplicable ; Inapplicable ; Pass      ; Pass      ; Inapplicable ; Pass         ; Inapplicable ; Inapplicable ; Inapplicable ; Inapplicable ; Pass         ; Inapplicable ; Inapplicable ; Inapplicable ; Inapplicable ; Pass         ; Inapplicable ; Inapplicable ; Inapplicable ; Inapplicable ; Inapplicable ; Inapplicable ;
; result[12]            ; Inapplicable ; Inapplicable ; Inapplicable ; Inapplicable ; Inapplicable ; Pass      ; Inapplicable ; Inapplicable ; Pass      ; Pass      ; Inapplicable ; Pass         ; Inapplicable ; Inapplicable ; Inapplicable ; Inapplicable ; Pass         ; Inapplicable ; Inapplicable ; Inapplicable ; Inapplicable ; Pass         ; Inapplicable ; Inapplicable ; Inapplicable ; Inapplicable ; Inapplicable ; Inapplicable ;
; result[13]            ; Inapplicable ; Inapplicable ; Inapplicable ; Inapplicable ; Inapplicable ; Pass      ; Inapplicable ; Inapplicable ; Pass      ; Pass      ; Inapplicable ; Pass         ; Inapplicable ; Inapplicable ; Inapplicable ; Inapplicable ; Pass         ; Inapplicable ; Inapplicable ; Inapplicable ; Inapplicable ; Pass         ; Inapplicable ; Inapplicable ; Inapplicable ; Inapplicable ; Inapplicable ; Inapplicable ;
; result[14]            ; Inapplicable ; Inapplicable ; Inapplicable ; Inapplicable ; Inapplicable ; Pass      ; Inapplicable ; Inapplicable ; Pass      ; Pass      ; Inapplicable ; Pass         ; Inapplicable ; Inapplicable ; Inapplicable ; Inapplicable ; Pass         ; Inapplicable ; Inapplicable ; Inapplicable ; Inapplicable ; Pass         ; Inapplicable ; Inapplicable ; Inapplicable ; Inapplicable ; Inapplicable ; Inapplicable ;
; result[15]            ; Inapplicable ; Inapplicable ; Inapplicable ; Inapplicable ; Inapplicable ; Pass      ; Inapplicable ; Inapplicable ; Pass      ; Pass      ; Inapplicable ; Pass         ; Inapplicable ; Inapplicable ; Inapplicable ; Inapplicable ; Pass         ; Inapplicable ; Inapplicable ; Inapplicable ; Inapplicable ; Pass         ; Inapplicable ; Inapplicable ; Inapplicable ; Inapplicable ; Inapplicable ; Inapplicable ;
; result[16]            ; Inapplicable ; Inapplicable ; Inapplicable ; Inapplicable ; Inapplicable ; Pass      ; Inapplicable ; Inapplicable ; Pass      ; Pass      ; Inapplicable ; Pass         ; Inapplicable ; Inapplicable ; Inapplicable ; Inapplicable ; Pass         ; Inapplicable ; Inapplicable ; Inapplicable ; Inapplicable ; Pass         ; Inapplicable ; Inapplicable ; Inapplicable ; Inapplicable ; Inapplicable ; Inapplicable ;
; result[17]            ; Inapplicable ; Inapplicable ; Inapplicable ; Inapplicable ; Inapplicable ; Pass      ; Inapplicable ; Inapplicable ; Pass      ; Pass      ; Inapplicable ; Pass         ; Inapplicable ; Inapplicable ; Inapplicable ; Inapplicable ; Pass         ; Inapplicable ; Inapplicable ; Inapplicable ; Inapplicable ; Pass         ; Inapplicable ; Inapplicable ; Inapplicable ; Inapplicable ; Inapplicable ; Inapplicable ;
; result[18]            ; Inapplicable ; Inapplicable ; Inapplicable ; Inapplicable ; Inapplicable ; Pass      ; Inapplicable ; Inapplicable ; Pass      ; Pass      ; Inapplicable ; Pass         ; Inapplicable ; Inapplicable ; Inapplicable ; Inapplicable ; Pass         ; Inapplicable ; Inapplicable ; Inapplicable ; Inapplicable ; Pass         ; Inapplicable ; Inapplicable ; Inapplicable ; Inapplicable ; Inapplicable ; Inapplicable ;
; result[19]            ; Inapplicable ; Inapplicable ; Inapplicable ; Inapplicable ; Inapplicable ; Pass      ; Inapplicable ; Inapplicable ; Pass      ; Pass      ; Inapplicable ; Pass         ; Inapplicable ; Inapplicable ; Inapplicable ; Inapplicable ; Pass         ; Inapplicable ; Inapplicable ; Inapplicable ; Inapplicable ; Pass         ; Inapplicable ; Inapplicable ; Inapplicable ; Inapplicable ; Inapplicable ; Inapplicable ;
; result[20]            ; Inapplicable ; Inapplicable ; Inapplicable ; Inapplicable ; Inapplicable ; Pass      ; Inapplicable ; Inapplicable ; Pass      ; Pass      ; Inapplicable ; Pass         ; Inapplicable ; Inapplicable ; Inapplicable ; Inapplicable ; Pass         ; Inapplicable ; Inapplicable ; Inapplicable ; Inapplicable ; Pass         ; Inapplicable ; Inapplicable ; Inapplicable ; Inapplicable ; Inapplicable ; Inapplicable ;
; result[21]            ; Inapplicable ; Inapplicable ; Inapplicable ; Inapplicable ; Inapplicable ; Pass      ; Inapplicable ; Inapplicable ; Pass      ; Pass      ; Inapplicable ; Pass         ; Inapplicable ; Inapplicable ; Inapplicable ; Inapplicable ; Pass         ; Inapplicable ; Inapplicable ; Inapplicable ; Inapplicable ; Pass         ; Inapplicable ; Inapplicable ; Inapplicable ; Inapplicable ; Inapplicable ; Inapplicable ;
; result[22]            ; Inapplicable ; Inapplicable ; Inapplicable ; Inapplicable ; Inapplicable ; Pass      ; Inapplicable ; Inapplicable ; Pass      ; Pass      ; Inapplicable ; Pass         ; Inapplicable ; Inapplicable ; Inapplicable ; Inapplicable ; Pass         ; Inapplicable ; Inapplicable ; Inapplicable ; Inapplicable ; Pass         ; Inapplicable ; Inapplicable ; Inapplicable ; Inapplicable ; Inapplicable ; Inapplicable ;
; result[23]            ; Inapplicable ; Inapplicable ; Inapplicable ; Inapplicable ; Inapplicable ; Pass      ; Inapplicable ; Inapplicable ; Pass      ; Pass      ; Inapplicable ; Pass         ; Inapplicable ; Inapplicable ; Inapplicable ; Inapplicable ; Pass         ; Inapplicable ; Inapplicable ; Inapplicable ; Inapplicable ; Pass         ; Inapplicable ; Inapplicable ; Inapplicable ; Inapplicable ; Inapplicable ; Inapplicable ;
; result[24]            ; Inapplicable ; Inapplicable ; Inapplicable ; Inapplicable ; Inapplicable ; Pass      ; Inapplicable ; Inapplicable ; Pass      ; Pass      ; Inapplicable ; Pass         ; Inapplicable ; Inapplicable ; Inapplicable ; Inapplicable ; Pass         ; Inapplicable ; Inapplicable ; Inapplicable ; Inapplicable ; Pass         ; Inapplicable ; Inapplicable ; Inapplicable ; Inapplicable ; Inapplicable ; Inapplicable ;
; result[25]            ; Inapplicable ; Inapplicable ; Inapplicable ; Inapplicable ; Inapplicable ; Pass      ; Inapplicable ; Inapplicable ; Pass      ; Pass      ; Inapplicable ; Pass         ; Inapplicable ; Inapplicable ; Inapplicable ; Inapplicable ; Pass         ; Inapplicable ; Inapplicable ; Inapplicable ; Inapplicable ; Pass         ; Inapplicable ; Inapplicable ; Inapplicable ; Inapplicable ; Inapplicable ; Inapplicable ;
; result[26]            ; Inapplicable ; Inapplicable ; Inapplicable ; Inapplicable ; Inapplicable ; Pass      ; Inapplicable ; Inapplicable ; Pass      ; Pass      ; Inapplicable ; Pass         ; Inapplicable ; Inapplicable ; Inapplicable ; Inapplicable ; Pass         ; Inapplicable ; Inapplicable ; Inapplicable ; Inapplicable ; Pass         ; Inapplicable ; Inapplicable ; Inapplicable ; Inapplicable ; Inapplicable ; Inapplicable ;
; result[27]            ; Inapplicable ; Inapplicable ; Inapplicable ; Inapplicable ; Inapplicable ; Pass      ; Inapplicable ; Inapplicable ; Pass      ; Pass      ; Inapplicable ; Pass         ; Inapplicable ; Inapplicable ; Inapplicable ; Inapplicable ; Pass         ; Inapplicable ; Inapplicable ; Inapplicable ; Inapplicable ; Pass         ; Inapplicable ; Inapplicable ; Inapplicable ; Inapplicable ; Inapplicable ; Inapplicable ;
; result[28]            ; Inapplicable ; Inapplicable ; Inapplicable ; Inapplicable ; Inapplicable ; Pass      ; Inapplicable ; Inapplicable ; Pass      ; Pass      ; Inapplicable ; Pass         ; Inapplicable ; Inapplicable ; Inapplicable ; Inapplicable ; Pass         ; Inapplicable ; Inapplicable ; Inapplicable ; Inapplicable ; Pass         ; Inapplicable ; Inapplicable ; Inapplicable ; Inapplicable ; Inapplicable ; Inapplicable ;
; result[29]            ; Inapplicable ; Inapplicable ; Inapplicable ; Inapplicable ; Inapplicable ; Pass      ; Inapplicable ; Inapplicable ; Pass      ; Pass      ; Inapplicable ; Pass         ; Inapplicable ; Inapplicable ; Inapplicable ; Inapplicable ; Pass         ; Inapplicable ; Inapplicable ; Inapplicable ; Inapplicable ; Pass         ; Inapplicable ; Inapplicable ; Inapplicable ; Inapplicable ; Inapplicable ; Inapplicable ;
; result[30]            ; Inapplicable ; Inapplicable ; Inapplicable ; Inapplicable ; Inapplicable ; Pass      ; Inapplicable ; Inapplicable ; Pass      ; Pass      ; Inapplicable ; Pass         ; Inapplicable ; Inapplicable ; Inapplicable ; Inapplicable ; Pass         ; Inapplicable ; Inapplicable ; Inapplicable ; Inapplicable ; Pass         ; Inapplicable ; Inapplicable ; Inapplicable ; Inapplicable ; Inapplicable ; Inapplicable ;
; result[31]            ; Inapplicable ; Inapplicable ; Inapplicable ; Inapplicable ; Inapplicable ; Pass      ; Inapplicable ; Inapplicable ; Pass      ; Pass      ; Inapplicable ; Pass         ; Inapplicable ; Inapplicable ; Inapplicable ; Inapplicable ; Pass         ; Inapplicable ; Inapplicable ; Inapplicable ; Inapplicable ; Pass         ; Inapplicable ; Inapplicable ; Inapplicable ; Inapplicable ; Inapplicable ; Inapplicable ;
; outputReg3[0]         ; Inapplicable ; Inapplicable ; Inapplicable ; Inapplicable ; Inapplicable ; Pass      ; Inapplicable ; Inapplicable ; Pass      ; Pass      ; Inapplicable ; Pass         ; Inapplicable ; Inapplicable ; Inapplicable ; Inapplicable ; Pass         ; Inapplicable ; Inapplicable ; Inapplicable ; Inapplicable ; Pass         ; Inapplicable ; Inapplicable ; Inapplicable ; Inapplicable ; Inapplicable ; Inapplicable ;
; outputReg3[1]         ; Inapplicable ; Inapplicable ; Inapplicable ; Inapplicable ; Inapplicable ; Pass      ; Inapplicable ; Inapplicable ; Pass      ; Pass      ; Inapplicable ; Pass         ; Inapplicable ; Inapplicable ; Inapplicable ; Inapplicable ; Pass         ; Inapplicable ; Inapplicable ; Inapplicable ; Inapplicable ; Pass         ; Inapplicable ; Inapplicable ; Inapplicable ; Inapplicable ; Inapplicable ; Inapplicable ;
; outputReg3[2]         ; Inapplicable ; Inapplicable ; Inapplicable ; Inapplicable ; Inapplicable ; Pass      ; Inapplicable ; Inapplicable ; Pass      ; Pass      ; Inapplicable ; Pass         ; Inapplicable ; Inapplicable ; Inapplicable ; Inapplicable ; Pass         ; Inapplicable ; Inapplicable ; Inapplicable ; Inapplicable ; Pass         ; Inapplicable ; Inapplicable ; Inapplicable ; Inapplicable ; Inapplicable ; Inapplicable ;
; outputReg3[3]         ; Inapplicable ; Inapplicable ; Inapplicable ; Inapplicable ; Inapplicable ; Pass      ; Inapplicable ; Inapplicable ; Pass      ; Pass      ; Inapplicable ; Pass         ; Inapplicable ; Inapplicable ; Inapplicable ; Inapplicable ; Pass         ; Inapplicable ; Inapplicable ; Inapplicable ; Inapplicable ; Pass         ; Inapplicable ; Inapplicable ; Inapplicable ; Inapplicable ; Inapplicable ; Inapplicable ;
; outputReg3[4]         ; Inapplicable ; Inapplicable ; Inapplicable ; Inapplicable ; Inapplicable ; Pass      ; Inapplicable ; Inapplicable ; Pass      ; Pass      ; Inapplicable ; Pass         ; Inapplicable ; Inapplicable ; Inapplicable ; Inapplicable ; Pass         ; Inapplicable ; Inapplicable ; Inapplicable ; Inapplicable ; Pass         ; Inapplicable ; Inapplicable ; Inapplicable ; Inapplicable ; Inapplicable ; Inapplicable ;
; outputReg3[5]         ; Inapplicable ; Inapplicable ; Inapplicable ; Inapplicable ; Inapplicable ; Pass      ; Inapplicable ; Inapplicable ; Pass      ; Pass      ; Inapplicable ; Pass         ; Inapplicable ; Inapplicable ; Inapplicable ; Inapplicable ; Pass         ; Inapplicable ; Inapplicable ; Inapplicable ; Inapplicable ; Pass         ; Inapplicable ; Inapplicable ; Inapplicable ; Inapplicable ; Inapplicable ; Inapplicable ;
; outputReg3[6]         ; Inapplicable ; Inapplicable ; Inapplicable ; Inapplicable ; Inapplicable ; Pass      ; Inapplicable ; Inapplicable ; Pass      ; Pass      ; Inapplicable ; Pass         ; Inapplicable ; Inapplicable ; Inapplicable ; Inapplicable ; Pass         ; Inapplicable ; Inapplicable ; Inapplicable ; Inapplicable ; Pass         ; Inapplicable ; Inapplicable ; Inapplicable ; Inapplicable ; Inapplicable ; Inapplicable ;
; outputReg3[7]         ; Inapplicable ; Inapplicable ; Inapplicable ; Inapplicable ; Inapplicable ; Pass      ; Inapplicable ; Inapplicable ; Pass      ; Pass      ; Inapplicable ; Pass         ; Inapplicable ; Inapplicable ; Inapplicable ; Inapplicable ; Pass         ; Inapplicable ; Inapplicable ; Inapplicable ; Inapplicable ; Pass         ; Inapplicable ; Inapplicable ; Inapplicable ; Inapplicable ; Inapplicable ; Inapplicable ;
; outputReg3[8]         ; Inapplicable ; Inapplicable ; Inapplicable ; Inapplicable ; Inapplicable ; Pass      ; Inapplicable ; Inapplicable ; Pass      ; Pass      ; Inapplicable ; Pass         ; Inapplicable ; Inapplicable ; Inapplicable ; Inapplicable ; Pass         ; Inapplicable ; Inapplicable ; Inapplicable ; Inapplicable ; Pass         ; Inapplicable ; Inapplicable ; Inapplicable ; Inapplicable ; Inapplicable ; Inapplicable ;
; outputReg3[9]         ; Inapplicable ; Inapplicable ; Inapplicable ; Inapplicable ; Inapplicable ; Pass      ; Inapplicable ; Inapplicable ; Pass      ; Pass      ; Inapplicable ; Pass         ; Inapplicable ; Inapplicable ; Inapplicable ; Inapplicable ; Pass         ; Inapplicable ; Inapplicable ; Inapplicable ; Inapplicable ; Pass         ; Inapplicable ; Inapplicable ; Inapplicable ; Inapplicable ; Inapplicable ; Inapplicable ;
; outputReg3[10]        ; Inapplicable ; Inapplicable ; Inapplicable ; Inapplicable ; Inapplicable ; Pass      ; Inapplicable ; Inapplicable ; Pass      ; Pass      ; Inapplicable ; Pass         ; Inapplicable ; Inapplicable ; Inapplicable ; Inapplicable ; Pass         ; Inapplicable ; Inapplicable ; Inapplicable ; Inapplicable ; Pass         ; Inapplicable ; Inapplicable ; Inapplicable ; Inapplicable ; Inapplicable ; Inapplicable ;
; outputReg3[11]        ; Inapplicable ; Inapplicable ; Inapplicable ; Inapplicable ; Inapplicable ; Pass      ; Inapplicable ; Inapplicable ; Pass      ; Pass      ; Inapplicable ; Pass         ; Inapplicable ; Inapplicable ; Inapplicable ; Inapplicable ; Pass         ; Inapplicable ; Inapplicable ; Inapplicable ; Inapplicable ; Pass         ; Inapplicable ; Inapplicable ; Inapplicable ; Inapplicable ; Inapplicable ; Inapplicable ;
; outputReg3[12]        ; Inapplicable ; Inapplicable ; Inapplicable ; Inapplicable ; Inapplicable ; Pass      ; Inapplicable ; Inapplicable ; Pass      ; Pass      ; Inapplicable ; Pass         ; Inapplicable ; Inapplicable ; Inapplicable ; Inapplicable ; Pass         ; Inapplicable ; Inapplicable ; Inapplicable ; Inapplicable ; Pass         ; Inapplicable ; Inapplicable ; Inapplicable ; Inapplicable ; Inapplicable ; Inapplicable ;
; outputReg3[13]        ; Inapplicable ; Inapplicable ; Inapplicable ; Inapplicable ; Inapplicable ; Pass      ; Inapplicable ; Inapplicable ; Pass      ; Pass      ; Inapplicable ; Pass         ; Inapplicable ; Inapplicable ; Inapplicable ; Inapplicable ; Pass         ; Inapplicable ; Inapplicable ; Inapplicable ; Inapplicable ; Pass         ; Inapplicable ; Inapplicable ; Inapplicable ; Inapplicable ; Inapplicable ; Inapplicable ;
; outputReg3[14]        ; Inapplicable ; Inapplicable ; Inapplicable ; Inapplicable ; Inapplicable ; Pass      ; Inapplicable ; Inapplicable ; Pass      ; Pass      ; Inapplicable ; Pass         ; Inapplicable ; Inapplicable ; Inapplicable ; Inapplicable ; Pass         ; Inapplicable ; Inapplicable ; Inapplicable ; Inapplicable ; Pass         ; Inapplicable ; Inapplicable ; Inapplicable ; Inapplicable ; Inapplicable ; Inapplicable ;
; outputReg3[15]        ; Inapplicable ; Inapplicable ; Inapplicable ; Inapplicable ; Inapplicable ; Pass      ; Inapplicable ; Inapplicable ; Pass      ; Pass      ; Inapplicable ; Pass         ; Inapplicable ; Inapplicable ; Inapplicable ; Inapplicable ; Pass         ; Inapplicable ; Inapplicable ; Inapplicable ; Inapplicable ; Pass         ; Inapplicable ; Inapplicable ; Inapplicable ; Inapplicable ; Inapplicable ; Inapplicable ;
; outputReg3[16]        ; Inapplicable ; Inapplicable ; Inapplicable ; Inapplicable ; Inapplicable ; Pass      ; Inapplicable ; Inapplicable ; Pass      ; Pass      ; Inapplicable ; Pass         ; Inapplicable ; Inapplicable ; Inapplicable ; Inapplicable ; Pass         ; Inapplicable ; Inapplicable ; Inapplicable ; Inapplicable ; Pass         ; Inapplicable ; Inapplicable ; Inapplicable ; Inapplicable ; Inapplicable ; Inapplicable ;
; outputReg3[17]        ; Inapplicable ; Inapplicable ; Inapplicable ; Inapplicable ; Inapplicable ; Pass      ; Inapplicable ; Inapplicable ; Pass      ; Pass      ; Inapplicable ; Pass         ; Inapplicable ; Inapplicable ; Inapplicable ; Inapplicable ; Pass         ; Inapplicable ; Inapplicable ; Inapplicable ; Inapplicable ; Pass         ; Inapplicable ; Inapplicable ; Inapplicable ; Inapplicable ; Inapplicable ; Inapplicable ;
; outputReg3[18]        ; Inapplicable ; Inapplicable ; Inapplicable ; Inapplicable ; Inapplicable ; Pass      ; Inapplicable ; Inapplicable ; Pass      ; Pass      ; Inapplicable ; Pass         ; Inapplicable ; Inapplicable ; Inapplicable ; Inapplicable ; Pass         ; Inapplicable ; Inapplicable ; Inapplicable ; Inapplicable ; Pass         ; Inapplicable ; Inapplicable ; Inapplicable ; Inapplicable ; Inapplicable ; Inapplicable ;
; outputReg3[19]        ; Inapplicable ; Inapplicable ; Inapplicable ; Inapplicable ; Inapplicable ; Pass      ; Inapplicable ; Inapplicable ; Pass      ; Pass      ; Inapplicable ; Pass         ; Inapplicable ; Inapplicable ; Inapplicable ; Inapplicable ; Pass         ; Inapplicable ; Inapplicable ; Inapplicable ; Inapplicable ; Pass         ; Inapplicable ; Inapplicable ; Inapplicable ; Inapplicable ; Inapplicable ; Inapplicable ;
; outputReg3[20]        ; Inapplicable ; Inapplicable ; Inapplicable ; Inapplicable ; Inapplicable ; Pass      ; Inapplicable ; Inapplicable ; Pass      ; Pass      ; Inapplicable ; Pass         ; Inapplicable ; Inapplicable ; Inapplicable ; Inapplicable ; Pass         ; Inapplicable ; Inapplicable ; Inapplicable ; Inapplicable ; Pass         ; Inapplicable ; Inapplicable ; Inapplicable ; Inapplicable ; Inapplicable ; Inapplicable ;
; outputReg3[21]        ; Inapplicable ; Inapplicable ; Inapplicable ; Inapplicable ; Inapplicable ; Pass      ; Inapplicable ; Inapplicable ; Pass      ; Pass      ; Inapplicable ; Pass         ; Inapplicable ; Inapplicable ; Inapplicable ; Inapplicable ; Pass         ; Inapplicable ; Inapplicable ; Inapplicable ; Inapplicable ; Pass         ; Inapplicable ; Inapplicable ; Inapplicable ; Inapplicable ; Inapplicable ; Inapplicable ;
; outputReg3[22]        ; Inapplicable ; Inapplicable ; Inapplicable ; Inapplicable ; Inapplicable ; Pass      ; Inapplicable ; Inapplicable ; Pass      ; Pass      ; Inapplicable ; Pass         ; Inapplicable ; Inapplicable ; Inapplicable ; Inapplicable ; Pass         ; Inapplicable ; Inapplicable ; Inapplicable ; Inapplicable ; Pass         ; Inapplicable ; Inapplicable ; Inapplicable ; Inapplicable ; Inapplicable ; Inapplicable ;
; outputReg3[23]        ; Inapplicable ; Inapplicable ; Inapplicable ; Inapplicable ; Inapplicable ; Pass      ; Inapplicable ; Inapplicable ; Pass      ; Pass      ; Inapplicable ; Pass         ; Inapplicable ; Inapplicable ; Inapplicable ; Inapplicable ; Pass         ; Inapplicable ; Inapplicable ; Inapplicable ; Inapplicable ; Pass         ; Inapplicable ; Inapplicable ; Inapplicable ; Inapplicable ; Inapplicable ; Inapplicable ;
; outputReg3[24]        ; Inapplicable ; Inapplicable ; Inapplicable ; Inapplicable ; Inapplicable ; Pass      ; Inapplicable ; Inapplicable ; Pass      ; Pass      ; Inapplicable ; Pass         ; Inapplicable ; Inapplicable ; Inapplicable ; Inapplicable ; Pass         ; Inapplicable ; Inapplicable ; Inapplicable ; Inapplicable ; Pass         ; Inapplicable ; Inapplicable ; Inapplicable ; Inapplicable ; Inapplicable ; Inapplicable ;
; outputReg3[25]        ; Inapplicable ; Inapplicable ; Inapplicable ; Inapplicable ; Inapplicable ; Pass      ; Inapplicable ; Inapplicable ; Pass      ; Pass      ; Inapplicable ; Pass         ; Inapplicable ; Inapplicable ; Inapplicable ; Inapplicable ; Pass         ; Inapplicable ; Inapplicable ; Inapplicable ; Inapplicable ; Pass         ; Inapplicable ; Inapplicable ; Inapplicable ; Inapplicable ; Inapplicable ; Inapplicable ;
; outputReg3[26]        ; Inapplicable ; Inapplicable ; Inapplicable ; Inapplicable ; Inapplicable ; Pass      ; Inapplicable ; Inapplicable ; Pass      ; Pass      ; Inapplicable ; Pass         ; Inapplicable ; Inapplicable ; Inapplicable ; Inapplicable ; Pass         ; Inapplicable ; Inapplicable ; Inapplicable ; Inapplicable ; Pass         ; Inapplicable ; Inapplicable ; Inapplicable ; Inapplicable ; Inapplicable ; Inapplicable ;
; outputReg3[27]        ; Inapplicable ; Inapplicable ; Inapplicable ; Inapplicable ; Inapplicable ; Pass      ; Inapplicable ; Inapplicable ; Pass      ; Pass      ; Inapplicable ; Pass         ; Inapplicable ; Inapplicable ; Inapplicable ; Inapplicable ; Pass         ; Inapplicable ; Inapplicable ; Inapplicable ; Inapplicable ; Pass         ; Inapplicable ; Inapplicable ; Inapplicable ; Inapplicable ; Inapplicable ; Inapplicable ;
; outputReg3[28]        ; Inapplicable ; Inapplicable ; Inapplicable ; Inapplicable ; Inapplicable ; Pass      ; Inapplicable ; Inapplicable ; Pass      ; Pass      ; Inapplicable ; Pass         ; Inapplicable ; Inapplicable ; Inapplicable ; Inapplicable ; Pass         ; Inapplicable ; Inapplicable ; Inapplicable ; Inapplicable ; Pass         ; Inapplicable ; Inapplicable ; Inapplicable ; Inapplicable ; Inapplicable ; Inapplicable ;
; outputReg3[29]        ; Inapplicable ; Inapplicable ; Inapplicable ; Inapplicable ; Inapplicable ; Pass      ; Inapplicable ; Inapplicable ; Pass      ; Pass      ; Inapplicable ; Pass         ; Inapplicable ; Inapplicable ; Inapplicable ; Inapplicable ; Pass         ; Inapplicable ; Inapplicable ; Inapplicable ; Inapplicable ; Pass         ; Inapplicable ; Inapplicable ; Inapplicable ; Inapplicable ; Inapplicable ; Inapplicable ;
; outputReg3[30]        ; Inapplicable ; Inapplicable ; Inapplicable ; Inapplicable ; Inapplicable ; Pass      ; Inapplicable ; Inapplicable ; Pass      ; Pass      ; Inapplicable ; Pass         ; Inapplicable ; Inapplicable ; Inapplicable ; Inapplicable ; Pass         ; Inapplicable ; Inapplicable ; Inapplicable ; Inapplicable ; Pass         ; Inapplicable ; Inapplicable ; Inapplicable ; Inapplicable ; Inapplicable ; Inapplicable ;
; outputReg3[31]        ; Inapplicable ; Inapplicable ; Inapplicable ; Inapplicable ; Inapplicable ; Pass      ; Inapplicable ; Inapplicable ; Pass      ; Pass      ; Inapplicable ; Pass         ; Inapplicable ; Inapplicable ; Inapplicable ; Inapplicable ; Pass         ; Inapplicable ; Inapplicable ; Inapplicable ; Inapplicable ; Pass         ; Inapplicable ; Inapplicable ; Inapplicable ; Inapplicable ; Inapplicable ; Inapplicable ;
; out1[0]               ; Pass         ; Inapplicable ; Pass         ; Inapplicable ; Inapplicable ; Pass      ; Pass         ; Inapplicable ; Pass      ; Pass      ; Inapplicable ; Pass         ; Inapplicable ; Inapplicable ; Inapplicable ; Inapplicable ; Pass         ; Inapplicable ; Inapplicable ; Inapplicable ; Inapplicable ; Pass         ; Inapplicable ; Inapplicable ; Inapplicable ; Inapplicable ; Inapplicable ; Inapplicable ;
; out1[1]               ; Pass         ; Inapplicable ; Pass         ; Inapplicable ; Inapplicable ; Pass      ; Pass         ; Inapplicable ; Pass      ; Pass      ; Inapplicable ; Pass         ; Inapplicable ; Inapplicable ; Inapplicable ; Inapplicable ; Pass         ; Inapplicable ; Inapplicable ; Inapplicable ; Inapplicable ; Pass         ; Inapplicable ; Inapplicable ; Inapplicable ; Inapplicable ; Inapplicable ; Inapplicable ;
; out1[2]               ; Pass         ; Inapplicable ; Pass         ; Inapplicable ; Inapplicable ; Pass      ; Pass         ; Inapplicable ; Pass      ; Pass      ; Inapplicable ; Pass         ; Inapplicable ; Inapplicable ; Inapplicable ; Inapplicable ; Pass         ; Inapplicable ; Inapplicable ; Inapplicable ; Inapplicable ; Pass         ; Inapplicable ; Inapplicable ; Inapplicable ; Inapplicable ; Inapplicable ; Inapplicable ;
; out1[3]               ; Pass         ; Inapplicable ; Pass         ; Inapplicable ; Inapplicable ; Pass      ; Pass         ; Inapplicable ; Pass      ; Pass      ; Inapplicable ; Pass         ; Inapplicable ; Inapplicable ; Inapplicable ; Inapplicable ; Pass         ; Inapplicable ; Inapplicable ; Inapplicable ; Inapplicable ; Pass         ; Inapplicable ; Inapplicable ; Inapplicable ; Inapplicable ; Inapplicable ; Inapplicable ;
; out1[4]               ; Pass         ; Inapplicable ; Pass         ; Inapplicable ; Inapplicable ; Pass      ; Pass         ; Inapplicable ; Pass      ; Pass      ; Inapplicable ; Pass         ; Inapplicable ; Inapplicable ; Inapplicable ; Inapplicable ; Pass         ; Inapplicable ; Inapplicable ; Inapplicable ; Inapplicable ; Pass         ; Inapplicable ; Inapplicable ; Inapplicable ; Inapplicable ; Inapplicable ; Inapplicable ;
; out1[5]               ; Pass         ; Inapplicable ; Pass         ; Inapplicable ; Inapplicable ; Pass      ; Pass         ; Inapplicable ; Pass      ; Pass      ; Inapplicable ; Pass         ; Inapplicable ; Inapplicable ; Inapplicable ; Inapplicable ; Pass         ; Inapplicable ; Inapplicable ; Inapplicable ; Inapplicable ; Pass         ; Inapplicable ; Inapplicable ; Inapplicable ; Inapplicable ; Inapplicable ; Inapplicable ;
; out1[6]               ; Pass         ; Inapplicable ; Pass         ; Inapplicable ; Inapplicable ; Pass      ; Pass         ; Inapplicable ; Pass      ; Pass      ; Inapplicable ; Pass         ; Inapplicable ; Inapplicable ; Inapplicable ; Inapplicable ; Pass         ; Inapplicable ; Inapplicable ; Inapplicable ; Inapplicable ; Pass         ; Inapplicable ; Inapplicable ; Inapplicable ; Inapplicable ; Inapplicable ; Inapplicable ;
; out2[0]               ; Pass         ; Inapplicable ; Pass         ; Inapplicable ; Inapplicable ; Pass      ; Pass         ; Inapplicable ; Pass      ; Pass      ; Inapplicable ; Pass         ; Inapplicable ; Inapplicable ; Inapplicable ; Inapplicable ; Pass         ; Inapplicable ; Inapplicable ; Inapplicable ; Inapplicable ; Pass         ; Inapplicable ; Inapplicable ; Inapplicable ; Inapplicable ; Inapplicable ; Inapplicable ;
; out2[1]               ; Pass         ; Inapplicable ; Pass         ; Inapplicable ; Inapplicable ; Pass      ; Pass         ; Inapplicable ; Pass      ; Pass      ; Inapplicable ; Pass         ; Inapplicable ; Inapplicable ; Inapplicable ; Inapplicable ; Pass         ; Inapplicable ; Inapplicable ; Inapplicable ; Inapplicable ; Pass         ; Inapplicable ; Inapplicable ; Inapplicable ; Inapplicable ; Inapplicable ; Inapplicable ;
; out2[2]               ; Pass         ; Inapplicable ; Pass         ; Inapplicable ; Inapplicable ; Pass      ; Pass         ; Inapplicable ; Pass      ; Pass      ; Inapplicable ; Pass         ; Inapplicable ; Inapplicable ; Inapplicable ; Inapplicable ; Pass         ; Inapplicable ; Inapplicable ; Inapplicable ; Inapplicable ; Pass         ; Inapplicable ; Inapplicable ; Inapplicable ; Inapplicable ; Inapplicable ; Inapplicable ;
; out2[3]               ; Pass         ; Inapplicable ; Pass         ; Inapplicable ; Inapplicable ; Pass      ; Pass         ; Inapplicable ; Pass      ; Pass      ; Inapplicable ; Pass         ; Inapplicable ; Inapplicable ; Inapplicable ; Inapplicable ; Pass         ; Inapplicable ; Inapplicable ; Inapplicable ; Inapplicable ; Pass         ; Inapplicable ; Inapplicable ; Inapplicable ; Inapplicable ; Inapplicable ; Inapplicable ;
; out2[4]               ; Pass         ; Inapplicable ; Pass         ; Inapplicable ; Inapplicable ; Pass      ; Pass         ; Inapplicable ; Pass      ; Pass      ; Inapplicable ; Pass         ; Inapplicable ; Inapplicable ; Inapplicable ; Inapplicable ; Pass         ; Inapplicable ; Inapplicable ; Inapplicable ; Inapplicable ; Pass         ; Inapplicable ; Inapplicable ; Inapplicable ; Inapplicable ; Inapplicable ; Inapplicable ;
; out2[5]               ; Pass         ; Inapplicable ; Pass         ; Inapplicable ; Inapplicable ; Pass      ; Pass         ; Inapplicable ; Pass      ; Pass      ; Inapplicable ; Pass         ; Inapplicable ; Inapplicable ; Inapplicable ; Inapplicable ; Pass         ; Inapplicable ; Inapplicable ; Inapplicable ; Inapplicable ; Pass         ; Inapplicable ; Inapplicable ; Inapplicable ; Inapplicable ; Inapplicable ; Inapplicable ;
; out2[6]               ; Pass         ; Inapplicable ; Pass         ; Inapplicable ; Inapplicable ; Pass      ; Pass         ; Inapplicable ; Pass      ; Pass      ; Inapplicable ; Pass         ; Inapplicable ; Inapplicable ; Inapplicable ; Inapplicable ; Pass         ; Inapplicable ; Inapplicable ; Inapplicable ; Inapplicable ; Pass         ; Inapplicable ; Inapplicable ; Inapplicable ; Inapplicable ; Inapplicable ; Inapplicable ;
; out3[0]               ; Pass         ; Inapplicable ; Pass         ; Inapplicable ; Inapplicable ; Pass      ; Pass         ; Inapplicable ; Pass      ; Pass      ; Inapplicable ; Pass         ; Inapplicable ; Inapplicable ; Inapplicable ; Inapplicable ; Pass         ; Inapplicable ; Inapplicable ; Inapplicable ; Inapplicable ; Pass         ; Inapplicable ; Inapplicable ; Inapplicable ; Inapplicable ; Inapplicable ; Inapplicable ;
; out3[1]               ; Pass         ; Inapplicable ; Pass         ; Inapplicable ; Inapplicable ; Pass      ; Pass         ; Inapplicable ; Pass      ; Pass      ; Inapplicable ; Pass         ; Inapplicable ; Inapplicable ; Inapplicable ; Inapplicable ; Pass         ; Inapplicable ; Inapplicable ; Inapplicable ; Inapplicable ; Pass         ; Inapplicable ; Inapplicable ; Inapplicable ; Inapplicable ; Inapplicable ; Inapplicable ;
; out3[2]               ; Pass         ; Inapplicable ; Pass         ; Inapplicable ; Inapplicable ; Pass      ; Pass         ; Inapplicable ; Pass      ; Pass      ; Inapplicable ; Pass         ; Inapplicable ; Inapplicable ; Inapplicable ; Inapplicable ; Pass         ; Inapplicable ; Inapplicable ; Inapplicable ; Inapplicable ; Pass         ; Inapplicable ; Inapplicable ; Inapplicable ; Inapplicable ; Inapplicable ; Inapplicable ;
; out3[3]               ; Pass         ; Inapplicable ; Pass         ; Inapplicable ; Inapplicable ; Pass      ; Pass         ; Inapplicable ; Pass      ; Pass      ; Inapplicable ; Pass         ; Inapplicable ; Inapplicable ; Inapplicable ; Inapplicable ; Pass         ; Inapplicable ; Inapplicable ; Inapplicable ; Inapplicable ; Pass         ; Inapplicable ; Inapplicable ; Inapplicable ; Inapplicable ; Inapplicable ; Inapplicable ;
; out3[4]               ; Pass         ; Inapplicable ; Pass         ; Inapplicable ; Inapplicable ; Pass      ; Pass         ; Inapplicable ; Pass      ; Pass      ; Inapplicable ; Pass         ; Inapplicable ; Inapplicable ; Inapplicable ; Inapplicable ; Pass         ; Inapplicable ; Inapplicable ; Inapplicable ; Inapplicable ; Pass         ; Inapplicable ; Inapplicable ; Inapplicable ; Inapplicable ; Inapplicable ; Inapplicable ;
; out3[5]               ; Pass         ; Inapplicable ; Pass         ; Inapplicable ; Inapplicable ; Pass      ; Pass         ; Inapplicable ; Pass      ; Pass      ; Inapplicable ; Pass         ; Inapplicable ; Inapplicable ; Inapplicable ; Inapplicable ; Pass         ; Inapplicable ; Inapplicable ; Inapplicable ; Inapplicable ; Pass         ; Inapplicable ; Inapplicable ; Inapplicable ; Inapplicable ; Inapplicable ; Inapplicable ;
; out3[6]               ; Pass         ; Inapplicable ; Pass         ; Inapplicable ; Inapplicable ; Pass      ; Pass         ; Inapplicable ; Pass      ; Pass      ; Inapplicable ; Pass         ; Inapplicable ; Inapplicable ; Inapplicable ; Inapplicable ; Pass         ; Inapplicable ; Inapplicable ; Inapplicable ; Inapplicable ; Pass         ; Inapplicable ; Inapplicable ; Inapplicable ; Inapplicable ; Inapplicable ; Inapplicable ;
; out4[0]               ; Pass         ; Inapplicable ; Pass         ; Inapplicable ; Inapplicable ; Pass      ; Pass         ; Inapplicable ; Pass      ; Pass      ; Inapplicable ; Pass         ; Inapplicable ; Inapplicable ; Inapplicable ; Inapplicable ; Pass         ; Inapplicable ; Inapplicable ; Inapplicable ; Inapplicable ; Pass         ; Inapplicable ; Inapplicable ; Inapplicable ; Inapplicable ; Inapplicable ; Inapplicable ;
; out4[1]               ; Pass         ; Inapplicable ; Pass         ; Inapplicable ; Inapplicable ; Pass      ; Pass         ; Inapplicable ; Pass      ; Pass      ; Inapplicable ; Pass         ; Inapplicable ; Inapplicable ; Inapplicable ; Inapplicable ; Pass         ; Inapplicable ; Inapplicable ; Inapplicable ; Inapplicable ; Pass         ; Inapplicable ; Inapplicable ; Inapplicable ; Inapplicable ; Inapplicable ; Inapplicable ;
; out4[2]               ; Pass         ; Inapplicable ; Pass         ; Inapplicable ; Inapplicable ; Pass      ; Pass         ; Inapplicable ; Pass      ; Pass      ; Inapplicable ; Pass         ; Inapplicable ; Inapplicable ; Inapplicable ; Inapplicable ; Pass         ; Inapplicable ; Inapplicable ; Inapplicable ; Inapplicable ; Pass         ; Inapplicable ; Inapplicable ; Inapplicable ; Inapplicable ; Inapplicable ; Inapplicable ;
; out4[3]               ; Pass         ; Inapplicable ; Pass         ; Inapplicable ; Inapplicable ; Pass      ; Pass         ; Inapplicable ; Pass      ; Pass      ; Inapplicable ; Pass         ; Inapplicable ; Inapplicable ; Inapplicable ; Inapplicable ; Pass         ; Inapplicable ; Inapplicable ; Inapplicable ; Inapplicable ; Pass         ; Inapplicable ; Inapplicable ; Inapplicable ; Inapplicable ; Inapplicable ; Inapplicable ;
; out4[4]               ; Pass         ; Inapplicable ; Pass         ; Inapplicable ; Inapplicable ; Pass      ; Pass         ; Inapplicable ; Pass      ; Pass      ; Inapplicable ; Pass         ; Inapplicable ; Inapplicable ; Inapplicable ; Inapplicable ; Pass         ; Inapplicable ; Inapplicable ; Inapplicable ; Inapplicable ; Pass         ; Inapplicable ; Inapplicable ; Inapplicable ; Inapplicable ; Inapplicable ; Inapplicable ;
; out4[5]               ; Pass         ; Inapplicable ; Pass         ; Inapplicable ; Inapplicable ; Pass      ; Pass         ; Inapplicable ; Pass      ; Pass      ; Inapplicable ; Pass         ; Inapplicable ; Inapplicable ; Inapplicable ; Inapplicable ; Pass         ; Inapplicable ; Inapplicable ; Inapplicable ; Inapplicable ; Pass         ; Inapplicable ; Inapplicable ; Inapplicable ; Inapplicable ; Inapplicable ; Inapplicable ;
; out4[6]               ; Pass         ; Inapplicable ; Pass         ; Inapplicable ; Inapplicable ; Pass      ; Pass         ; Inapplicable ; Pass      ; Pass      ; Inapplicable ; Pass         ; Inapplicable ; Inapplicable ; Inapplicable ; Inapplicable ; Pass         ; Inapplicable ; Inapplicable ; Inapplicable ; Inapplicable ; Pass         ; Inapplicable ; Inapplicable ; Inapplicable ; Inapplicable ; Inapplicable ; Inapplicable ;
; out5[0]               ; Pass         ; Inapplicable ; Pass         ; Inapplicable ; Inapplicable ; Pass      ; Pass         ; Inapplicable ; Pass      ; Pass      ; Inapplicable ; Pass         ; Inapplicable ; Inapplicable ; Inapplicable ; Inapplicable ; Pass         ; Inapplicable ; Inapplicable ; Inapplicable ; Inapplicable ; Pass         ; Inapplicable ; Inapplicable ; Inapplicable ; Inapplicable ; Inapplicable ; Inapplicable ;
; out5[1]               ; Pass         ; Inapplicable ; Pass         ; Inapplicable ; Inapplicable ; Pass      ; Pass         ; Inapplicable ; Pass      ; Pass      ; Inapplicable ; Pass         ; Inapplicable ; Inapplicable ; Inapplicable ; Inapplicable ; Pass         ; Inapplicable ; Inapplicable ; Inapplicable ; Inapplicable ; Pass         ; Inapplicable ; Inapplicable ; Inapplicable ; Inapplicable ; Inapplicable ; Inapplicable ;
; out5[2]               ; Pass         ; Inapplicable ; Pass         ; Inapplicable ; Inapplicable ; Pass      ; Pass         ; Inapplicable ; Pass      ; Pass      ; Inapplicable ; Pass         ; Inapplicable ; Inapplicable ; Inapplicable ; Inapplicable ; Pass         ; Inapplicable ; Inapplicable ; Inapplicable ; Inapplicable ; Pass         ; Inapplicable ; Inapplicable ; Inapplicable ; Inapplicable ; Inapplicable ; Inapplicable ;
; out5[3]               ; Pass         ; Inapplicable ; Pass         ; Inapplicable ; Inapplicable ; Pass      ; Pass         ; Inapplicable ; Pass      ; Pass      ; Inapplicable ; Pass         ; Inapplicable ; Inapplicable ; Inapplicable ; Inapplicable ; Pass         ; Inapplicable ; Inapplicable ; Inapplicable ; Inapplicable ; Pass         ; Inapplicable ; Inapplicable ; Inapplicable ; Inapplicable ; Inapplicable ; Inapplicable ;
; out5[4]               ; Pass         ; Inapplicable ; Pass         ; Inapplicable ; Inapplicable ; Pass      ; Pass         ; Inapplicable ; Pass      ; Pass      ; Inapplicable ; Pass         ; Inapplicable ; Inapplicable ; Inapplicable ; Inapplicable ; Pass         ; Inapplicable ; Inapplicable ; Inapplicable ; Inapplicable ; Pass         ; Inapplicable ; Inapplicable ; Inapplicable ; Inapplicable ; Inapplicable ; Inapplicable ;
; out5[5]               ; Pass         ; Inapplicable ; Pass         ; Inapplicable ; Inapplicable ; Pass      ; Pass         ; Inapplicable ; Pass      ; Pass      ; Inapplicable ; Pass         ; Inapplicable ; Inapplicable ; Inapplicable ; Inapplicable ; Pass         ; Inapplicable ; Inapplicable ; Inapplicable ; Inapplicable ; Pass         ; Inapplicable ; Inapplicable ; Inapplicable ; Inapplicable ; Inapplicable ; Inapplicable ;
; out5[6]               ; Pass         ; Inapplicable ; Pass         ; Inapplicable ; Inapplicable ; Pass      ; Pass         ; Inapplicable ; Pass      ; Pass      ; Inapplicable ; Pass         ; Inapplicable ; Inapplicable ; Inapplicable ; Inapplicable ; Pass         ; Inapplicable ; Inapplicable ; Inapplicable ; Inapplicable ; Pass         ; Inapplicable ; Inapplicable ; Inapplicable ; Inapplicable ; Inapplicable ; Inapplicable ;
; out6[0]               ; Pass         ; Inapplicable ; Pass         ; Inapplicable ; Inapplicable ; Pass      ; Pass         ; Inapplicable ; Pass      ; Pass      ; Inapplicable ; Pass         ; Inapplicable ; Inapplicable ; Inapplicable ; Inapplicable ; Pass         ; Inapplicable ; Inapplicable ; Inapplicable ; Inapplicable ; Pass         ; Inapplicable ; Inapplicable ; Inapplicable ; Inapplicable ; Inapplicable ; Inapplicable ;
; out6[1]               ; Pass         ; Inapplicable ; Pass         ; Inapplicable ; Inapplicable ; Pass      ; Pass         ; Inapplicable ; Pass      ; Pass      ; Inapplicable ; Pass         ; Inapplicable ; Inapplicable ; Inapplicable ; Inapplicable ; Pass         ; Inapplicable ; Inapplicable ; Inapplicable ; Inapplicable ; Pass         ; Inapplicable ; Inapplicable ; Inapplicable ; Inapplicable ; Inapplicable ; Inapplicable ;
; out6[2]               ; Pass         ; Inapplicable ; Pass         ; Inapplicable ; Inapplicable ; Pass      ; Pass         ; Inapplicable ; Pass      ; Pass      ; Inapplicable ; Pass         ; Inapplicable ; Inapplicable ; Inapplicable ; Inapplicable ; Pass         ; Inapplicable ; Inapplicable ; Inapplicable ; Inapplicable ; Pass         ; Inapplicable ; Inapplicable ; Inapplicable ; Inapplicable ; Inapplicable ; Inapplicable ;
; out6[3]               ; Pass         ; Inapplicable ; Pass         ; Inapplicable ; Inapplicable ; Pass      ; Pass         ; Inapplicable ; Pass      ; Pass      ; Inapplicable ; Pass         ; Inapplicable ; Inapplicable ; Inapplicable ; Inapplicable ; Pass         ; Inapplicable ; Inapplicable ; Inapplicable ; Inapplicable ; Pass         ; Inapplicable ; Inapplicable ; Inapplicable ; Inapplicable ; Inapplicable ; Inapplicable ;
; out6[4]               ; Pass         ; Inapplicable ; Pass         ; Inapplicable ; Inapplicable ; Pass      ; Pass         ; Inapplicable ; Pass      ; Pass      ; Inapplicable ; Pass         ; Inapplicable ; Inapplicable ; Inapplicable ; Inapplicable ; Pass         ; Inapplicable ; Inapplicable ; Inapplicable ; Inapplicable ; Pass         ; Inapplicable ; Inapplicable ; Inapplicable ; Inapplicable ; Inapplicable ; Inapplicable ;
; out6[5]               ; Pass         ; Inapplicable ; Pass         ; Inapplicable ; Inapplicable ; Pass      ; Pass         ; Inapplicable ; Pass      ; Pass      ; Inapplicable ; Pass         ; Inapplicable ; Inapplicable ; Inapplicable ; Inapplicable ; Pass         ; Inapplicable ; Inapplicable ; Inapplicable ; Inapplicable ; Pass         ; Inapplicable ; Inapplicable ; Inapplicable ; Inapplicable ; Inapplicable ; Inapplicable ;
; out6[6]               ; Pass         ; Inapplicable ; Pass         ; Inapplicable ; Inapplicable ; Pass      ; Pass         ; Inapplicable ; Pass      ; Pass      ; Inapplicable ; Pass         ; Inapplicable ; Inapplicable ; Inapplicable ; Inapplicable ; Pass         ; Inapplicable ; Inapplicable ; Inapplicable ; Inapplicable ; Pass         ; Inapplicable ; Inapplicable ; Inapplicable ; Inapplicable ; Inapplicable ; Inapplicable ;
; out7[0]               ; Inapplicable ; Inapplicable ; Inapplicable ; Inapplicable ; Inapplicable ; Pass      ; Inapplicable ; Inapplicable ; Pass      ; Pass      ; Inapplicable ; Pass         ; Inapplicable ; Inapplicable ; Inapplicable ; Inapplicable ; Pass         ; Inapplicable ; Inapplicable ; Inapplicable ; Inapplicable ; Pass         ; Inapplicable ; Inapplicable ; Inapplicable ; Inapplicable ; Inapplicable ; Inapplicable ;
; out7[1]               ; Inapplicable ; Inapplicable ; Inapplicable ; Inapplicable ; Inapplicable ; Pass      ; Inapplicable ; Inapplicable ; Pass      ; Pass      ; Inapplicable ; Pass         ; Inapplicable ; Inapplicable ; Inapplicable ; Inapplicable ; Pass         ; Inapplicable ; Inapplicable ; Inapplicable ; Inapplicable ; Pass         ; Inapplicable ; Inapplicable ; Inapplicable ; Inapplicable ; Inapplicable ; Inapplicable ;
; out7[2]               ; Inapplicable ; Inapplicable ; Inapplicable ; Inapplicable ; Inapplicable ; Pass      ; Inapplicable ; Inapplicable ; Pass      ; Pass      ; Inapplicable ; Pass         ; Inapplicable ; Inapplicable ; Inapplicable ; Inapplicable ; Pass         ; Inapplicable ; Inapplicable ; Inapplicable ; Inapplicable ; Pass         ; Inapplicable ; Inapplicable ; Inapplicable ; Inapplicable ; Inapplicable ; Inapplicable ;
; out7[3]               ; Inapplicable ; Inapplicable ; Inapplicable ; Inapplicable ; Inapplicable ; Pass      ; Inapplicable ; Inapplicable ; Pass      ; Pass      ; Inapplicable ; Pass         ; Inapplicable ; Inapplicable ; Inapplicable ; Inapplicable ; Pass         ; Inapplicable ; Inapplicable ; Inapplicable ; Inapplicable ; Pass         ; Inapplicable ; Inapplicable ; Inapplicable ; Inapplicable ; Inapplicable ; Inapplicable ;
; out7[4]               ; Inapplicable ; Inapplicable ; Inapplicable ; Inapplicable ; Inapplicable ; Pass      ; Inapplicable ; Inapplicable ; Pass      ; Pass      ; Inapplicable ; Pass         ; Inapplicable ; Inapplicable ; Inapplicable ; Inapplicable ; Pass         ; Inapplicable ; Inapplicable ; Inapplicable ; Inapplicable ; Pass         ; Inapplicable ; Inapplicable ; Inapplicable ; Inapplicable ; Inapplicable ; Inapplicable ;
; out7[5]               ; Inapplicable ; Inapplicable ; Inapplicable ; Inapplicable ; Inapplicable ; Pass      ; Inapplicable ; Inapplicable ; Pass      ; Pass      ; Inapplicable ; Pass         ; Inapplicable ; Inapplicable ; Inapplicable ; Inapplicable ; Pass         ; Inapplicable ; Inapplicable ; Inapplicable ; Inapplicable ; Pass         ; Inapplicable ; Inapplicable ; Inapplicable ; Inapplicable ; Inapplicable ; Inapplicable ;
; out7[6]               ; Inapplicable ; Inapplicable ; Inapplicable ; Inapplicable ; Inapplicable ; Pass      ; Inapplicable ; Inapplicable ; Pass      ; Pass      ; Inapplicable ; Pass         ; Inapplicable ; Inapplicable ; Inapplicable ; Inapplicable ; Pass         ; Inapplicable ; Inapplicable ; Inapplicable ; Inapplicable ; Pass         ; Inapplicable ; Inapplicable ; Inapplicable ; Inapplicable ; Inapplicable ; Inapplicable ;
; out8[0]               ; Inapplicable ; Inapplicable ; Inapplicable ; Inapplicable ; Inapplicable ; Pass      ; Inapplicable ; Inapplicable ; Pass      ; Pass      ; Inapplicable ; Pass         ; Inapplicable ; Inapplicable ; Inapplicable ; Inapplicable ; Pass         ; Inapplicable ; Inapplicable ; Inapplicable ; Inapplicable ; Pass         ; Inapplicable ; Inapplicable ; Inapplicable ; Inapplicable ; Inapplicable ; Inapplicable ;
; out8[1]               ; Inapplicable ; Inapplicable ; Inapplicable ; Inapplicable ; Inapplicable ; Pass      ; Inapplicable ; Inapplicable ; Pass      ; Pass      ; Inapplicable ; Pass         ; Inapplicable ; Inapplicable ; Inapplicable ; Inapplicable ; Pass         ; Inapplicable ; Inapplicable ; Inapplicable ; Inapplicable ; Pass         ; Inapplicable ; Inapplicable ; Inapplicable ; Inapplicable ; Inapplicable ; Inapplicable ;
; out8[2]               ; Inapplicable ; Inapplicable ; Inapplicable ; Inapplicable ; Inapplicable ; Pass      ; Inapplicable ; Inapplicable ; Pass      ; Pass      ; Inapplicable ; Pass         ; Inapplicable ; Inapplicable ; Inapplicable ; Inapplicable ; Pass         ; Inapplicable ; Inapplicable ; Inapplicable ; Inapplicable ; Pass         ; Inapplicable ; Inapplicable ; Inapplicable ; Inapplicable ; Inapplicable ; Inapplicable ;
; out8[3]               ; Inapplicable ; Inapplicable ; Inapplicable ; Inapplicable ; Inapplicable ; Pass      ; Inapplicable ; Inapplicable ; Pass      ; Pass      ; Inapplicable ; Pass         ; Inapplicable ; Inapplicable ; Inapplicable ; Inapplicable ; Pass         ; Inapplicable ; Inapplicable ; Inapplicable ; Inapplicable ; Pass         ; Inapplicable ; Inapplicable ; Inapplicable ; Inapplicable ; Inapplicable ; Inapplicable ;
; out8[4]               ; Inapplicable ; Inapplicable ; Inapplicable ; Inapplicable ; Inapplicable ; Pass      ; Inapplicable ; Inapplicable ; Pass      ; Pass      ; Inapplicable ; Pass         ; Inapplicable ; Inapplicable ; Inapplicable ; Inapplicable ; Pass         ; Inapplicable ; Inapplicable ; Inapplicable ; Inapplicable ; Pass         ; Inapplicable ; Inapplicable ; Inapplicable ; Inapplicable ; Inapplicable ; Inapplicable ;
; out8[5]               ; Inapplicable ; Inapplicable ; Inapplicable ; Inapplicable ; Inapplicable ; Pass      ; Inapplicable ; Inapplicable ; Pass      ; Pass      ; Inapplicable ; Pass         ; Inapplicable ; Inapplicable ; Inapplicable ; Inapplicable ; Pass         ; Inapplicable ; Inapplicable ; Inapplicable ; Inapplicable ; Pass         ; Inapplicable ; Inapplicable ; Inapplicable ; Inapplicable ; Inapplicable ; Inapplicable ;
; out8[6]               ; Inapplicable ; Inapplicable ; Inapplicable ; Inapplicable ; Inapplicable ; Pass      ; Inapplicable ; Inapplicable ; Pass      ; Pass      ; Inapplicable ; Pass         ; Inapplicable ; Inapplicable ; Inapplicable ; Inapplicable ; Pass         ; Inapplicable ; Inapplicable ; Inapplicable ; Inapplicable ; Pass         ; Inapplicable ; Inapplicable ; Inapplicable ; Inapplicable ; Inapplicable ; Inapplicable ;
; RandomNumber[0]       ; Pass         ; Inapplicable ; Pass         ; Inapplicable ; Inapplicable ; Pass      ; Pass         ; Inapplicable ; Pass      ; Pass      ; Inapplicable ; Inapplicable ; Inapplicable ; Inapplicable ; Inapplicable ; Inapplicable ; Inapplicable ; Inapplicable ; Inapplicable ; Inapplicable ; Inapplicable ; Inapplicable ; Inapplicable ; Inapplicable ; Inapplicable ; Inapplicable ; Inapplicable ; Inapplicable ;
; clk                   ; Pass         ; Inapplicable ; Pass         ; Inapplicable ; Inapplicable ; Pass      ; Pass         ; Inapplicable ; Pass      ; Pass      ; Inapplicable ; Inapplicable ; Inapplicable ; Inapplicable ; Inapplicable ; Inapplicable ; Inapplicable ; Inapplicable ; Inapplicable ; Inapplicable ; Inapplicable ; Inapplicable ; Inapplicable ; Inapplicable ; Inapplicable ; Inapplicable ; Inapplicable ; Inapplicable ;
; RandomNumber[1]       ; Pass         ; Inapplicable ; Pass         ; Inapplicable ; Inapplicable ; Pass      ; Pass         ; Inapplicable ; Pass      ; Pass      ; Inapplicable ; Inapplicable ; Inapplicable ; Inapplicable ; Inapplicable ; Inapplicable ; Inapplicable ; Inapplicable ; Inapplicable ; Inapplicable ; Inapplicable ; Inapplicable ; Inapplicable ; Inapplicable ; Inapplicable ; Inapplicable ; Inapplicable ; Inapplicable ;
; RandomNumber[2]       ; Pass         ; Inapplicable ; Pass         ; Inapplicable ; Inapplicable ; Pass      ; Pass         ; Inapplicable ; Pass      ; Pass      ; Inapplicable ; Inapplicable ; Inapplicable ; Inapplicable ; Inapplicable ; Inapplicable ; Inapplicable ; Inapplicable ; Inapplicable ; Inapplicable ; Inapplicable ; Inapplicable ; Inapplicable ; Inapplicable ; Inapplicable ; Inapplicable ; Inapplicable ; Inapplicable ;
; RandomNumber[3]       ; Pass         ; Inapplicable ; Pass         ; Inapplicable ; Inapplicable ; Pass      ; Pass         ; Inapplicable ; Pass      ; Pass      ; Inapplicable ; Inapplicable ; Inapplicable ; Inapplicable ; Inapplicable ; Inapplicable ; Inapplicable ; Inapplicable ; Inapplicable ; Inapplicable ; Inapplicable ; Inapplicable ; Inapplicable ; Inapplicable ; Inapplicable ; Inapplicable ; Inapplicable ; Inapplicable ;
; RandomNumber[4]       ; Pass         ; Inapplicable ; Pass         ; Inapplicable ; Inapplicable ; Pass      ; Pass         ; Inapplicable ; Pass      ; Pass      ; Inapplicable ; Inapplicable ; Inapplicable ; Inapplicable ; Inapplicable ; Inapplicable ; Inapplicable ; Inapplicable ; Inapplicable ; Inapplicable ; Inapplicable ; Inapplicable ; Inapplicable ; Inapplicable ; Inapplicable ; Inapplicable ; Inapplicable ; Inapplicable ;
; RandomNumber[5]       ; Pass         ; Inapplicable ; Pass         ; Inapplicable ; Inapplicable ; Pass      ; Pass         ; Inapplicable ; Pass      ; Pass      ; Inapplicable ; Inapplicable ; Inapplicable ; Inapplicable ; Inapplicable ; Inapplicable ; Inapplicable ; Inapplicable ; Inapplicable ; Inapplicable ; Inapplicable ; Inapplicable ; Inapplicable ; Inapplicable ; Inapplicable ; Inapplicable ; Inapplicable ; Inapplicable ;
; RandomNumber[6]       ; Pass         ; Inapplicable ; Pass         ; Inapplicable ; Inapplicable ; Pass      ; Pass         ; Inapplicable ; Pass      ; Pass      ; Inapplicable ; Inapplicable ; Inapplicable ; Inapplicable ; Inapplicable ; Inapplicable ; Inapplicable ; Inapplicable ; Inapplicable ; Inapplicable ; Inapplicable ; Inapplicable ; Inapplicable ; Inapplicable ; Inapplicable ; Inapplicable ; Inapplicable ; Inapplicable ;
; RandomNumber[7]       ; Pass         ; Inapplicable ; Pass         ; Inapplicable ; Inapplicable ; Pass      ; Pass         ; Inapplicable ; Pass      ; Pass      ; Inapplicable ; Inapplicable ; Inapplicable ; Inapplicable ; Inapplicable ; Inapplicable ; Inapplicable ; Inapplicable ; Inapplicable ; Inapplicable ; Inapplicable ; Inapplicable ; Inapplicable ; Inapplicable ; Inapplicable ; Inapplicable ; Inapplicable ; Inapplicable ;
; reset                 ; Inapplicable ; Inapplicable ; Inapplicable ; Inapplicable ; Inapplicable ; Pass      ; Inapplicable ; Inapplicable ; Pass      ; Pass      ; Inapplicable ; Inapplicable ; Inapplicable ; Inapplicable ; Inapplicable ; Inapplicable ; Inapplicable ; Inapplicable ; Inapplicable ; Inapplicable ; Inapplicable ; Inapplicable ; Inapplicable ; Inapplicable ; Inapplicable ; Inapplicable ; Inapplicable ; Inapplicable ;
; myreset               ; Pass         ; Inapplicable ; Pass         ; Inapplicable ; Inapplicable ; Pass      ; Pass         ; Inapplicable ; Pass      ; Pass      ; Inapplicable ; Inapplicable ; Inapplicable ; Inapplicable ; Inapplicable ; Inapplicable ; Inapplicable ; Inapplicable ; Inapplicable ; Inapplicable ; Inapplicable ; Inapplicable ; Inapplicable ; Inapplicable ; Inapplicable ; Inapplicable ; Inapplicable ; Inapplicable ;
+-----------------------+--------------+--------------+--------------+--------------+--------------+-----------+--------------+--------------+-----------+-----------+--------------+--------------+--------------+--------------+--------------+--------------+--------------+--------------+--------------+--------------+--------------+--------------+--------------+--------------+--------------+--------------+--------------+--------------+


+------------------------------------------------------------------------------------------------+
; Fitter Device Options                                                                          ;
+------------------------------------------------------------------+-----------------------------+
; Option                                                           ; Setting                     ;
+------------------------------------------------------------------+-----------------------------+
; Enable user-supplied start-up clock (CLKUSR)                     ; Off                         ;
; Enable device-wide reset (DEV_CLRn)                              ; Off                         ;
; Enable device-wide output enable (DEV_OE)                        ; Off                         ;
; Enable INIT_DONE output                                          ; Off                         ;
; Configuration scheme                                             ; Passive Serial              ;
; Enable Error Detection CRC_ERROR pin                             ; Off                         ;
; Enable CvP_CONFDONE pin                                          ; Off                         ;
; Enable open drain on CRC_ERROR pin                               ; On                          ;
; Enable open drain on CvP_CONFDONE pin                            ; On                          ;
; Enable open drain on INIT_DONE pin                               ; On                          ;
; Enable open drain on Partial Reconfiguration pins                ; Off                         ;
; Enable open drain on nCEO pin                                    ; On                          ;
; Enable Partial Reconfiguration pins                              ; Off                         ;
; Enable input tri-state on active configuration pins in user mode ; Off                         ;
; Enable internal scrubbing                                        ; Off                         ;
; Active Serial clock source                                       ; 100 MHz Internal Oscillator ;
; Device initialization clock source                               ; Internal Oscillator         ;
; Configuration via Protocol                                       ; Off                         ;
; Configuration Voltage Level                                      ; Auto                        ;
; Force Configuration Voltage Level                                ; Off                         ;
; Enable nCEO output                                               ; Off                         ;
; Data[15..8]                                                      ; Unreserved                  ;
; Data[7..5]                                                       ; Unreserved                  ;
; Base pin-out file on sameframe device                            ; Off                         ;
+------------------------------------------------------------------+-----------------------------+


+------------------------------------+
; Operating Settings and Conditions  ;
+---------------------------+--------+
; Setting                   ; Value  ;
+---------------------------+--------+
; Nominal Core Voltage      ; 1.10 V ;
; Low Junction Temperature  ; 0 °C   ;
; High Junction Temperature ; 85 °C  ;
+---------------------------+--------+


+----------------------------------------------------------------------+
; Estimated Delay Added for Hold Timing Summary                        ;
+---------------------------+----------------------+-------------------+
; Source Clock(s)           ; Destination Clock(s) ; Delay Added in ns ;
+---------------------------+----------------------+-------------------+
; clk                       ; clk,I/O              ; 2170.8            ;
; Pc:b2v_inst4|curPc[2]     ; clk,I/O              ; 1165.3            ;
; clk                       ; clk                  ; 553.7             ;
; Pc:b2v_inst4|curPc[2]     ; clk                  ; 491.3             ;
; clk,Pc:b2v_inst4|curPc[2] ; clk                  ; 467.3             ;
; clk,Pc:b2v_inst4|curPc[2] ; clk,I/O              ; 168.5             ;
; clk,I/O                   ; clk                  ; 147.0             ;
+---------------------------+----------------------+-------------------+
Note: For more information on problematic transfers, consider running the Fitter again with the Optimize hold timing option (Settings Menu) turned off.
This will disable optimization of problematic paths and expose them for further analysis using the Timing Analyzer.


+-----------------------------------------------------------------------------------+
; Estimated Delay Added for Hold Timing Details                                     ;
+-------------------------------+-------------------------------+-------------------+
; Source Register               ; Destination Register          ; Delay Added in ns ;
+-------------------------------+-------------------------------+-------------------+
; Pc:b2v_inst4|curPc[2]         ; RegFile:b2v_inst5|Regf[3][25] ; 11.579            ;
; UnitControl:b2v_inst|ALUOp[0] ; RegFile:b2v_inst5|Regf[1][16] ; 11.125            ;
; UnitControl:b2v_inst|ALUOp[1] ; RegFile:b2v_inst5|Regf[1][16] ; 11.040            ;
; UnitControl:b2v_inst|ALUOp[2] ; RegFile:b2v_inst5|Regf[1][16] ; 10.991            ;
; Pc:b2v_inst4|curPc[3]         ; RegFile:b2v_inst5|Regf[3][25] ; 10.652            ;
; Pc:b2v_inst4|curPc[4]         ; RegFile:b2v_inst5|Regf[3][25] ; 10.652            ;
; Pc:b2v_inst4|curPc[5]         ; RegFile:b2v_inst5|Regf[3][25] ; 10.652            ;
; Pc:b2v_inst4|curPc[7]         ; RegFile:b2v_inst5|Regf[1][16] ; 10.531            ;
; Pc:b2v_inst4|curPc[6]         ; RegFile:b2v_inst5|Regf[1][16] ; 10.531            ;
; UnitControl:b2v_inst|ALUOp[3] ; RegFile:b2v_inst5|Regf[1][16] ; 10.225            ;
; RegFile:b2v_inst5|Regf[2][25] ; RegFile:b2v_inst5|Regf[3][25] ; 9.719             ;
; RegFile:b2v_inst5|Regf[1][25] ; RegFile:b2v_inst5|Regf[3][25] ; 9.719             ;
; RegFile:b2v_inst5|Regf[3][25] ; RegFile:b2v_inst5|Regf[3][25] ; 9.664             ;
; RegFile:b2v_inst5|Regf[3][29] ; RegFile:b2v_inst5|Regf[2][29] ; 9.304             ;
; RegFile:b2v_inst5|Regf[2][28] ; Pc:b2v_inst4|curPc[2]         ; 9.295             ;
; RegFile:b2v_inst5|Regf[1][28] ; Pc:b2v_inst4|curPc[2]         ; 9.295             ;
; RegFile:b2v_inst5|Regf[3][28] ; Pc:b2v_inst4|curPc[2]         ; 9.276             ;
; RegFile:b2v_inst5|Regf[2][29] ; RegFile:b2v_inst5|Regf[2][29] ; 9.148             ;
; RegFile:b2v_inst5|Regf[1][29] ; RegFile:b2v_inst5|Regf[2][29] ; 9.148             ;
; RegFile:b2v_inst5|Regf[3][10] ; RegFile:b2v_inst5|Regf[3][10] ; 8.834             ;
; RegFile:b2v_inst5|Regf[2][10] ; RegFile:b2v_inst5|Regf[3][10] ; 8.834             ;
; RegFile:b2v_inst5|Regf[1][10] ; RegFile:b2v_inst5|Regf[3][10] ; 8.834             ;
; RegFile:b2v_inst5|Regf[3][1]  ; Pc:b2v_inst4|curPc[2]         ; 8.816             ;
; RegFile:b2v_inst5|Regf[3][8]  ; RegFile:b2v_inst5|Regf[2][8]  ; 8.539             ;
; RegFile:b2v_inst5|Regf[2][8]  ; RegFile:b2v_inst5|Regf[2][8]  ; 8.539             ;
; RegFile:b2v_inst5|Regf[1][8]  ; RegFile:b2v_inst5|Regf[2][8]  ; 8.539             ;
; RegFile:b2v_inst5|Regf[3][26] ; RegFile:b2v_inst5|Regf[1][26] ; 8.532             ;
; RegFile:b2v_inst5|Regf[3][15] ; RegFile:b2v_inst5|Regf[1][15] ; 8.523             ;
; RegFile:b2v_inst5|Regf[2][15] ; RegFile:b2v_inst5|Regf[1][15] ; 8.523             ;
; RegFile:b2v_inst5|Regf[1][15] ; RegFile:b2v_inst5|Regf[1][15] ; 8.523             ;
; RegFile:b2v_inst5|Regf[3][13] ; RegFile:b2v_inst5|Regf[3][13] ; 8.515             ;
; RegFile:b2v_inst5|Regf[2][13] ; RegFile:b2v_inst5|Regf[3][13] ; 8.515             ;
; RegFile:b2v_inst5|Regf[1][13] ; RegFile:b2v_inst5|Regf[3][13] ; 8.515             ;
; RegFile:b2v_inst5|Regf[1][1]  ; RegFile:b2v_inst5|Regf[1][1]  ; 8.500             ;
; RegFile:b2v_inst5|Regf[2][1]  ; RegFile:b2v_inst5|Regf[1][1]  ; 8.500             ;
; RegFile:b2v_inst5|Regf[2][26] ; RegFile:b2v_inst5|Regf[1][26] ; 8.482             ;
; RegFile:b2v_inst5|Regf[1][26] ; RegFile:b2v_inst5|Regf[1][26] ; 8.482             ;
; RegFile:b2v_inst5|Regf[3][11] ; RegFile:b2v_inst5|Regf[3][11] ; 8.463             ;
; RegFile:b2v_inst5|Regf[2][11] ; RegFile:b2v_inst5|Regf[3][11] ; 8.463             ;
; RegFile:b2v_inst5|Regf[1][11] ; RegFile:b2v_inst5|Regf[3][11] ; 8.463             ;
; RegFile:b2v_inst5|Regf[2][0]  ; RegFile:b2v_inst5|Regf[2][31] ; 8.443             ;
; RegFile:b2v_inst5|Regf[3][0]  ; RegFile:b2v_inst5|Regf[2][31] ; 8.443             ;
; RegFile:b2v_inst5|Regf[1][0]  ; RegFile:b2v_inst5|Regf[2][31] ; 8.443             ;
; RegFile:b2v_inst5|Regf[3][23] ; RegFile:b2v_inst5|Regf[3][23] ; 8.380             ;
; RegFile:b2v_inst5|Regf[3][31] ; RegFile:b2v_inst5|Regf[2][31] ; 8.352             ;
; RegFile:b2v_inst5|Regf[3][6]  ; Pc:b2v_inst4|curPc[2]         ; 8.328             ;
; RegFile:b2v_inst5|Regf[2][6]  ; Pc:b2v_inst4|curPc[2]         ; 8.328             ;
; RegFile:b2v_inst5|Regf[1][6]  ; Pc:b2v_inst4|curPc[2]         ; 8.328             ;
; RegFile:b2v_inst5|Regf[3][30] ; RegFile:b2v_inst5|Regf[1][30] ; 8.314             ;
; RegFile:b2v_inst5|Regf[2][31] ; RegFile:b2v_inst5|Regf[2][31] ; 8.265             ;
; RegFile:b2v_inst5|Regf[1][31] ; RegFile:b2v_inst5|Regf[2][31] ; 8.265             ;
; RegFile:b2v_inst5|Regf[2][23] ; RegFile:b2v_inst5|Regf[3][23] ; 8.248             ;
; RegFile:b2v_inst5|Regf[1][23] ; RegFile:b2v_inst5|Regf[3][23] ; 8.248             ;
; RegFile:b2v_inst5|Regf[2][14] ; RegFile:b2v_inst5|Regf[3][14] ; 8.207             ;
; RegFile:b2v_inst5|Regf[3][14] ; RegFile:b2v_inst5|Regf[3][14] ; 8.207             ;
; RegFile:b2v_inst5|Regf[1][14] ; RegFile:b2v_inst5|Regf[3][14] ; 8.207             ;
; RegFile:b2v_inst5|Regf[3][12] ; RegFile:b2v_inst5|Regf[1][12] ; 8.167             ;
; RegFile:b2v_inst5|Regf[2][12] ; RegFile:b2v_inst5|Regf[1][12] ; 8.167             ;
; RegFile:b2v_inst5|Regf[1][12] ; RegFile:b2v_inst5|Regf[1][12] ; 8.167             ;
; RegFile:b2v_inst5|Regf[2][30] ; RegFile:b2v_inst5|Regf[1][30] ; 8.158             ;
; RegFile:b2v_inst5|Regf[1][30] ; RegFile:b2v_inst5|Regf[1][30] ; 8.158             ;
; RegFile:b2v_inst5|Regf[3][16] ; RegFile:b2v_inst5|Regf[1][16] ; 8.153             ;
; RegFile:b2v_inst5|Regf[2][16] ; RegFile:b2v_inst5|Regf[1][16] ; 8.153             ;
; RegFile:b2v_inst5|Regf[1][16] ; RegFile:b2v_inst5|Regf[1][16] ; 8.153             ;
; RegFile:b2v_inst5|Regf[3][22] ; RegFile:b2v_inst5|Regf[3][22] ; 8.003             ;
; RegFile:b2v_inst5|Regf[1][4]  ; RegFile:b2v_inst5|Regf[3][4]  ; 7.997             ;
; RegFile:b2v_inst5|Regf[2][21] ; RegFile:b2v_inst5|Regf[1][21] ; 7.997             ;
; RegFile:b2v_inst5|Regf[1][21] ; RegFile:b2v_inst5|Regf[1][21] ; 7.997             ;
; RegFile:b2v_inst5|Regf[3][21] ; RegFile:b2v_inst5|Regf[1][21] ; 7.964             ;
; RegFile:b2v_inst5|Regf[2][24] ; RegFile:b2v_inst5|Regf[2][24] ; 7.909             ;
; RegFile:b2v_inst5|Regf[1][24] ; RegFile:b2v_inst5|Regf[2][24] ; 7.909             ;
; RegFile:b2v_inst5|Regf[3][27] ; RegFile:b2v_inst5|Regf[2][27] ; 7.906             ;
; RegFile:b2v_inst5|Regf[3][9]  ; Pc:b2v_inst4|curPc[2]         ; 7.889             ;
; RegFile:b2v_inst5|Regf[2][9]  ; Pc:b2v_inst4|curPc[2]         ; 7.889             ;
; RegFile:b2v_inst5|Regf[1][9]  ; Pc:b2v_inst4|curPc[2]         ; 7.889             ;
; RegFile:b2v_inst5|Regf[3][3]  ; Pc:b2v_inst4|curPc[7]         ; 7.860             ;
; RegFile:b2v_inst5|Regf[2][3]  ; Pc:b2v_inst4|curPc[7]         ; 7.860             ;
; RegFile:b2v_inst5|Regf[1][3]  ; Pc:b2v_inst4|curPc[7]         ; 7.860             ;
; RegFile:b2v_inst5|Regf[3][24] ; RegFile:b2v_inst5|Regf[2][24] ; 7.848             ;
; RegFile:b2v_inst5|Regf[3][4]  ; RegFile:b2v_inst5|Regf[3][4]  ; 7.840             ;
; RegFile:b2v_inst5|Regf[2][4]  ; RegFile:b2v_inst5|Regf[3][4]  ; 7.840             ;
; RegFile:b2v_inst5|Regf[2][22] ; RegFile:b2v_inst5|Regf[3][22] ; 7.808             ;
; RegFile:b2v_inst5|Regf[1][22] ; RegFile:b2v_inst5|Regf[3][22] ; 7.808             ;
; RegFile:b2v_inst5|Regf[3][7]  ; Pc:b2v_inst4|curPc[7]         ; 7.806             ;
; RegFile:b2v_inst5|Regf[2][7]  ; Pc:b2v_inst4|curPc[7]         ; 7.806             ;
; RegFile:b2v_inst5|Regf[1][7]  ; Pc:b2v_inst4|curPc[7]         ; 7.806             ;
; RegFile:b2v_inst5|Regf[1][18] ; RegFile:b2v_inst5|Regf[1][18] ; 7.804             ;
; RegFile:b2v_inst5|Regf[3][2]  ; Pc:b2v_inst4|curPc[2]         ; 7.796             ;
; RegFile:b2v_inst5|Regf[2][2]  ; Pc:b2v_inst4|curPc[2]         ; 7.796             ;
; RegFile:b2v_inst5|Regf[1][2]  ; Pc:b2v_inst4|curPc[2]         ; 7.796             ;
; RegFile:b2v_inst5|Regf[3][19] ; Pc:b2v_inst4|curPc[2]         ; 7.709             ;
; RegFile:b2v_inst5|Regf[3][18] ; Pc:b2v_inst4|curPc[2]         ; 7.699             ;
; RegFile:b2v_inst5|Regf[2][18] ; Pc:b2v_inst4|curPc[2]         ; 7.668             ;
; RegFile:b2v_inst5|Regf[2][19] ; Pc:b2v_inst4|curPc[2]         ; 7.645             ;
; RegFile:b2v_inst5|Regf[1][19] ; Pc:b2v_inst4|curPc[2]         ; 7.645             ;
; RegFile:b2v_inst5|Regf[3][5]  ; Pc:b2v_inst4|curPc[2]         ; 7.641             ;
; RegFile:b2v_inst5|Regf[2][5]  ; Pc:b2v_inst4|curPc[2]         ; 7.641             ;
; RegFile:b2v_inst5|Regf[1][5]  ; Pc:b2v_inst4|curPc[2]         ; 7.641             ;
; RegFile:b2v_inst5|Regf[3][20] ; Pc:b2v_inst4|curPc[2]         ; 7.570             ;
; RegFile:b2v_inst5|Regf[1][27] ; RegFile:b2v_inst5|Regf[2][27] ; 7.526             ;
+-------------------------------+-------------------------------+-------------------+
Note: This table only shows the top 100 path(s) that have the largest delay added for hold.


+-----------------+
; Fitter Messages ;
+-----------------+
Warning (18236): Number of processors has not been specified which may cause overloading on shared machines.  Set the global assignment NUM_PARALLEL_PROCESSORS in your QSF to an appropriate value for best performance.
Info (20030): Parallel compilation is enabled and will use 12 of the 12 processors detected
Info (119006): Selected device 5CSXFC6D6F31C6 for design "Cpu"
Info (21077): Low junction temperature is 0 degrees C
Info (21077): High junction temperature is 85 degrees C
Info (171003): Fitter is performing an Auto Fit compilation, which may decrease Fitter effort to reduce compilation time
Warning (15714): Some pins have incomplete I/O assignments. Refer to the I/O Assignment Warnings report for details
Critical Warning (169085): No exact pin location assignment(s) for 119 pins of 171 total pins. For the list of pins please refer to the I/O Assignment Warnings table in the fitter report.
Info (184020): Starting Fitter periphery placement operations
Info (11191): Automatically promoted 1 clock (1 global)
    Info (11162): clk~inputCLKENA0 with 110 fanout uses global clock CLKCTRL_G6
        Info (12525): This signal is driven by core routing -- it may be moved during placement to reduce routing delays
Warning (16406): 1 global input pin(s) will use non-dedicated clock routing
    Warning (16407): Source REFCLK I/O is not placed onto a dedicated REFCLK input pin for global clock driver clk~inputCLKENA0, placed at CLKCTRL_G6
        Info (179012): Refclk input I/O pad clk is placed onto PIN_AJ4
Info (184021): Fitter periphery placement operations ending: elapsed time is 00:00:00
Info (176233): Starting register packing
Warning (335093): The Timing Analyzer is analyzing 4 combinational loops as latches. For more details, run the Check Timing command in the Timing Analyzer or view the "User-Specified and Inferred Latches" table in the Analysis & Synthesis report.
Critical Warning (332012): Synopsys Design Constraints File file not found: 'Cpu.sdc'. A Synopsys Design Constraints File is required by the Timing Analyzer to get proper timing constraints. Without it, the Compiler will not properly optimize the design.
Info (332144): No user constrained base clocks found in the design
Info (332097): The following timing edges are non-unate.  The Timing Analyzer will assume pos-unate behavior for these edges in the clock network.
    Info (332098): Cell: b2v_inst|ALUOp[1]~5  from: dataf  to: combout
Info (332143): No user constrained clock uncertainty found in the design. Calling "derive_clock_uncertainty"
Info (332123): Deriving Clock Uncertainty. Please refer to report_sdc in the Timing Analyzer to see clock uncertainties.
Info (332130): Timing requirements not specified -- quality metrics such as performance may be sacrificed to reduce compilation time.
Info (176235): Finished register packing
    Extra Info (176219): No registers were packed into other blocks
Info (11798): Fitter preparation operations ending: elapsed time is 00:00:08
Info (170189): Fitter placement preparation operations beginning
Info (14951): The Fitter is using Advanced Physical Optimization.
Info (170190): Fitter placement preparation operations ending: elapsed time is 00:00:24
Info (170191): Fitter placement operations beginning
Info (170137): Fitter placement was successful
Info (170192): Fitter placement operations ending: elapsed time is 00:00:02
Info (170193): Fitter routing operations beginning
Info (170089): 4e+03 ns of routing delay (approximately 2.4% of available device routing delay) has been added to meet hold timing. For more information, refer to the Estimated Delay Added for Hold Timing section in the Fitter report.
Info (170195): Router estimated average interconnect usage is 2% of the available device resources
    Info (170196): Router estimated peak interconnect usage is 49% of the available device resources in the region that extends from location X45_Y0 to location X55_Y10
Info (188005): Design requires adding a large amount of routing delay for some signals to meet hold time requirements, and there is an excessive demand for the available routing resources. The Fitter is reducing the routing delays of some signals to help the routing algorithm converge, but doing so may cause hold time failures. For more information, refer to the "Estimated Delay Added for Hold Timing" section in the Fitter report.
Info (170199): The Fitter performed an Auto Fit compilation.  Optimizations were skipped to reduce compilation time.
    Info (170201): Optimizations that may affect the design's routability were skipped
Info (170194): Fitter routing operations ending: elapsed time is 00:01:54
Info (11888): Total time spent on timing analysis during the Fitter is 2.30 seconds.
Info (334003): Started post-fitting delay annotation
Info (334004): Delay annotation completed successfully
Info (334003): Started post-fitting delay annotation
Info (334004): Delay annotation completed successfully
Info (11801): Fitter post-fit operations ending: elapsed time is 00:00:03
Info (144001): Generated suppressed messages file D:/Quartus_18.1-ProPlus/S-json/SingleCPU/SingleCPU/AMycpu/output_files/Cpu.fit.smsg
Info: Quartus Prime Fitter was successful. 0 errors, 7 warnings
    Info: Peak virtual memory: 7440 megabytes
    Info: Processing ended: Wed Nov 27 10:26:56 2024
    Info: Elapsed time: 00:03:11
    Info: Total CPU time (on all processors): 00:09:18


+----------------------------+
; Fitter Suppressed Messages ;
+----------------------------+
The suppressed messages can be found in D:/Quartus_18.1-ProPlus/S-json/SingleCPU/SingleCPU/AMycpu/output_files/Cpu.fit.smsg.


