Fitter report for ALU_64bit
Tue Nov 07 18:29:54 2023
Quartus II 64-Bit Version 15.0.0 Build 145 04/22/2015 SJ Full Version


---------------------
; Table of Contents ;
---------------------
  1. Legal Notice
  2. Fitter Summary
  3. Fitter Settings
  4. Parallel Compilation
  5. I/O Assignment Warnings
  6. Incremental Compilation Preservation Summary
  7. Incremental Compilation Partition Settings
  8. Incremental Compilation Placement Preservation
  9. Pin-Out File
 10. Fitter Resource Usage Summary
 11. Fitter Partition Statistics
 12. Input Pins
 13. Output Pins
 14. Dual Purpose and Dedicated Pins
 15. I/O Bank Usage
 16. All Package Pins
 17. Fitter Resource Utilization by Entity
 18. Delay Chain Summary
 19. Pad To Core Delay Chain Fanout
 20. Routing Usage Summary
 21. LAB Logic Elements
 22. LAB Signals Sourced
 23. LAB Signals Sourced Out
 24. LAB Distinct Inputs
 25. I/O Rules Summary
 26. I/O Rules Details
 27. I/O Rules Matrix
 28. Fitter Device Options
 29. Operating Settings and Conditions
 30. Fitter Messages
 31. Fitter Suppressed Messages



----------------
; Legal Notice ;
----------------
Copyright (C) 1991-2015 Altera Corporation. All rights reserved.
Your use of Altera Corporation's design tools, logic functions 
and other software and tools, and its AMPP partner logic 
functions, and any output files from any of the foregoing 
(including device programming or simulation files), and any 
associated documentation or information are expressly subject 
to the terms and conditions of the Altera Program License 
Subscription Agreement, the Altera Quartus II License Agreement,
the Altera MegaCore Function License Agreement, or other 
applicable license agreement, including, without limitation, 
that your use is for the sole purpose of programming logic 
devices manufactured by Altera and sold by Altera or its 
authorized distributors.  Please refer to the applicable 
agreement for further details.



+----------------------------------------------------------------------------------+
; Fitter Summary                                                                   ;
+------------------------------------+---------------------------------------------+
; Fitter Status                      ; Successful - Tue Nov 07 18:29:54 2023       ;
; Quartus II 64-Bit Version          ; 15.0.0 Build 145 04/22/2015 SJ Full Version ;
; Revision Name                      ; ALU_64bit                                   ;
; Top-level Entity Name              ; ALU_64bit                                   ;
; Family                             ; Cyclone IV E                                ;
; Device                             ; EP4CE15F23C6                                ;
; Timing Models                      ; Final                                       ;
; Total logic elements               ; 288 / 15,408 ( 2 % )                        ;
;     Total combinational functions  ; 288 / 15,408 ( 2 % )                        ;
;     Dedicated logic registers      ; 0 / 15,408 ( 0 % )                          ;
; Total registers                    ; 0                                           ;
; Total pins                         ; 198 / 344 ( 58 % )                          ;
; Total virtual pins                 ; 0                                           ;
; Total memory bits                  ; 0 / 516,096 ( 0 % )                         ;
; Embedded Multiplier 9-bit elements ; 0 / 112 ( 0 % )                             ;
; Total PLLs                         ; 0 / 4 ( 0 % )                               ;
+------------------------------------+---------------------------------------------+


+------------------------------------------------------------------------------------------------------------------------------------------------------------+
; Fitter Settings                                                                                                                                            ;
+----------------------------------------------------------------------------+---------------------------------------+---------------------------------------+
; Option                                                                     ; Setting                               ; Default Value                         ;
+----------------------------------------------------------------------------+---------------------------------------+---------------------------------------+
; Device                                                                     ; auto                                  ;                                       ;
; Fit Attempts to Skip                                                       ; 0                                     ; 0.0                                   ;
; Use smart compilation                                                      ; Off                                   ; Off                                   ;
; Enable parallel Assembler and TimeQuest Timing Analyzer during compilation ; On                                    ; On                                    ;
; Enable compact report table                                                ; Off                                   ; Off                                   ;
; Auto Merge PLLs                                                            ; On                                    ; On                                    ;
; Router Timing Optimization Level                                           ; Normal                                ; Normal                                ;
; Perform Clocking Topology Analysis During Routing                          ; Off                                   ; Off                                   ;
; Placement Effort Multiplier                                                ; 1.0                                   ; 1.0                                   ;
; Router Effort Multiplier                                                   ; 1.0                                   ; 1.0                                   ;
; Optimize Hold Timing                                                       ; All Paths                             ; All Paths                             ;
; Optimize Multi-Corner Timing                                               ; On                                    ; On                                    ;
; PowerPlay Power Optimization During Fitting                                ; Normal compilation                    ; Normal compilation                    ;
; SSN Optimization                                                           ; Off                                   ; Off                                   ;
; Optimize Timing                                                            ; Normal compilation                    ; Normal compilation                    ;
; Optimize Timing for ECOs                                                   ; Off                                   ; Off                                   ;
; Regenerate Full Fit Report During ECO Compiles                             ; Off                                   ; Off                                   ;
; Optimize IOC Register Placement for Timing                                 ; Normal                                ; Normal                                ;
; Limit to One Fitting Attempt                                               ; Off                                   ; Off                                   ;
; Final Placement Optimizations                                              ; Automatically                         ; Automatically                         ;
; Fitter Aggressive Routability Optimizations                                ; Automatically                         ; Automatically                         ;
; Fitter Initial Placement Seed                                              ; 1                                     ; 1                                     ;
; PCI I/O                                                                    ; Off                                   ; Off                                   ;
; Weak Pull-Up Resistor                                                      ; Off                                   ; Off                                   ;
; Enable Bus-Hold Circuitry                                                  ; Off                                   ; Off                                   ;
; Auto Packed Registers                                                      ; Auto                                  ; Auto                                  ;
; Auto Delay Chains                                                          ; On                                    ; On                                    ;
; Auto Delay Chains for High Fanout Input Pins                               ; Off                                   ; Off                                   ;
; Allow Single-ended Buffer for Differential-XSTL Input                      ; Off                                   ; Off                                   ;
; Treat Bidirectional Pin as Output Pin                                      ; Off                                   ; Off                                   ;
; Perform Physical Synthesis for Combinational Logic for Fitting             ; Off                                   ; Off                                   ;
; Perform Physical Synthesis for Combinational Logic for Performance         ; Off                                   ; Off                                   ;
; Perform Register Duplication for Performance                               ; Off                                   ; Off                                   ;
; Perform Logic to Memory Mapping for Fitting                                ; Off                                   ; Off                                   ;
; Perform Register Retiming for Performance                                  ; Off                                   ; Off                                   ;
; Perform Asynchronous Signal Pipelining                                     ; Off                                   ; Off                                   ;
; Fitter Effort                                                              ; Auto Fit                              ; Auto Fit                              ;
; Physical Synthesis Effort Level                                            ; Normal                                ; Normal                                ;
; Logic Cell Insertion - Logic Duplication                                   ; Auto                                  ; Auto                                  ;
; Auto Register Duplication                                                  ; Auto                                  ; Auto                                  ;
; Auto Global Clock                                                          ; On                                    ; On                                    ;
; Auto Global Register Control Signals                                       ; On                                    ; On                                    ;
; Reserve all unused pins                                                    ; As input tri-stated with weak pull-up ; As input tri-stated with weak pull-up ;
; Synchronizer Identification                                                ; Off                                   ; Off                                   ;
; Enable Beneficial Skew Optimization                                        ; On                                    ; On                                    ;
; Optimize Design for Metastability                                          ; On                                    ; On                                    ;
; Force Fitter to Avoid Periphery Placement Warnings                         ; Off                                   ; Off                                   ;
; Enable input tri-state on active configuration pins in user mode           ; Off                                   ; Off                                   ;
+----------------------------------------------------------------------------+---------------------------------------+---------------------------------------+


+------------------------------------------+
; Parallel Compilation                     ;
+----------------------------+-------------+
; Processors                 ; Number      ;
+----------------------------+-------------+
; Number detected on machine ; 16          ;
; Maximum allowed            ; 8           ;
;                            ;             ;
; Average used               ; 1.00        ;
; Maximum used               ; 8           ;
;                            ;             ;
; Usage by Processor         ; % Time Used ;
;     Processor 1            ; 100.0%      ;
;     Processors 2-8         ; < 0.1%      ;
;     Processors 9-16        ;   0.0%      ;
+----------------------------+-------------+


+------------------------------------------+
; I/O Assignment Warnings                  ;
+----------+-------------------------------+
; Pin Name ; Reason                        ;
+----------+-------------------------------+
; f[0]     ; Incomplete set of assignments ;
; f[1]     ; Incomplete set of assignments ;
; f[2]     ; Incomplete set of assignments ;
; f[3]     ; Incomplete set of assignments ;
; f[4]     ; Incomplete set of assignments ;
; f[5]     ; Incomplete set of assignments ;
; f[6]     ; Incomplete set of assignments ;
; f[7]     ; Incomplete set of assignments ;
; f[8]     ; Incomplete set of assignments ;
; f[9]     ; Incomplete set of assignments ;
; f[10]    ; Incomplete set of assignments ;
; f[11]    ; Incomplete set of assignments ;
; f[12]    ; Incomplete set of assignments ;
; f[13]    ; Incomplete set of assignments ;
; f[14]    ; Incomplete set of assignments ;
; f[15]    ; Incomplete set of assignments ;
; f[16]    ; Incomplete set of assignments ;
; f[17]    ; Incomplete set of assignments ;
; f[18]    ; Incomplete set of assignments ;
; f[19]    ; Incomplete set of assignments ;
; f[20]    ; Incomplete set of assignments ;
; f[21]    ; Incomplete set of assignments ;
; f[22]    ; Incomplete set of assignments ;
; f[23]    ; Incomplete set of assignments ;
; f[24]    ; Incomplete set of assignments ;
; f[25]    ; Incomplete set of assignments ;
; f[26]    ; Incomplete set of assignments ;
; f[27]    ; Incomplete set of assignments ;
; f[28]    ; Incomplete set of assignments ;
; f[29]    ; Incomplete set of assignments ;
; f[30]    ; Incomplete set of assignments ;
; f[31]    ; Incomplete set of assignments ;
; f[32]    ; Incomplete set of assignments ;
; f[33]    ; Incomplete set of assignments ;
; f[34]    ; Incomplete set of assignments ;
; f[35]    ; Incomplete set of assignments ;
; f[36]    ; Incomplete set of assignments ;
; f[37]    ; Incomplete set of assignments ;
; f[38]    ; Incomplete set of assignments ;
; f[39]    ; Incomplete set of assignments ;
; f[40]    ; Incomplete set of assignments ;
; f[41]    ; Incomplete set of assignments ;
; f[42]    ; Incomplete set of assignments ;
; f[43]    ; Incomplete set of assignments ;
; f[44]    ; Incomplete set of assignments ;
; f[45]    ; Incomplete set of assignments ;
; f[46]    ; Incomplete set of assignments ;
; f[47]    ; Incomplete set of assignments ;
; f[48]    ; Incomplete set of assignments ;
; f[49]    ; Incomplete set of assignments ;
; f[50]    ; Incomplete set of assignments ;
; f[51]    ; Incomplete set of assignments ;
; f[52]    ; Incomplete set of assignments ;
; f[53]    ; Incomplete set of assignments ;
; f[54]    ; Incomplete set of assignments ;
; f[55]    ; Incomplete set of assignments ;
; f[56]    ; Incomplete set of assignments ;
; f[57]    ; Incomplete set of assignments ;
; f[58]    ; Incomplete set of assignments ;
; f[59]    ; Incomplete set of assignments ;
; f[60]    ; Incomplete set of assignments ;
; f[61]    ; Incomplete set of assignments ;
; f[62]    ; Incomplete set of assignments ;
; f[63]    ; Incomplete set of assignments ;
; a[0]     ; Incomplete set of assignments ;
; s[3]     ; Incomplete set of assignments ;
; s[2]     ; Incomplete set of assignments ;
; b[0]     ; Incomplete set of assignments ;
; M        ; Incomplete set of assignments ;
; c        ; Incomplete set of assignments ;
; s[0]     ; Incomplete set of assignments ;
; s[1]     ; Incomplete set of assignments ;
; a[1]     ; Incomplete set of assignments ;
; b[1]     ; Incomplete set of assignments ;
; a[2]     ; Incomplete set of assignments ;
; b[2]     ; Incomplete set of assignments ;
; a[3]     ; Incomplete set of assignments ;
; b[3]     ; Incomplete set of assignments ;
; a[11]    ; Incomplete set of assignments ;
; b[11]    ; Incomplete set of assignments ;
; a[7]     ; Incomplete set of assignments ;
; b[7]     ; Incomplete set of assignments ;
; a[15]    ; Incomplete set of assignments ;
; b[15]    ; Incomplete set of assignments ;
; a[4]     ; Incomplete set of assignments ;
; b[4]     ; Incomplete set of assignments ;
; a[5]     ; Incomplete set of assignments ;
; b[5]     ; Incomplete set of assignments ;
; a[6]     ; Incomplete set of assignments ;
; b[6]     ; Incomplete set of assignments ;
; a[8]     ; Incomplete set of assignments ;
; b[8]     ; Incomplete set of assignments ;
; a[9]     ; Incomplete set of assignments ;
; b[9]     ; Incomplete set of assignments ;
; a[10]    ; Incomplete set of assignments ;
; b[10]    ; Incomplete set of assignments ;
; a[12]    ; Incomplete set of assignments ;
; b[12]    ; Incomplete set of assignments ;
; a[13]    ; Incomplete set of assignments ;
; b[13]    ; Incomplete set of assignments ;
; a[14]    ; Incomplete set of assignments ;
; b[14]    ; Incomplete set of assignments ;
; a[23]    ; Incomplete set of assignments ;
; b[23]    ; Incomplete set of assignments ;
; a[27]    ; Incomplete set of assignments ;
; b[27]    ; Incomplete set of assignments ;
; a[19]    ; Incomplete set of assignments ;
; b[19]    ; Incomplete set of assignments ;
; a[31]    ; Incomplete set of assignments ;
; b[31]    ; Incomplete set of assignments ;
; a[55]    ; Incomplete set of assignments ;
; b[55]    ; Incomplete set of assignments ;
; a[59]    ; Incomplete set of assignments ;
; b[59]    ; Incomplete set of assignments ;
; a[39]    ; Incomplete set of assignments ;
; b[39]    ; Incomplete set of assignments ;
; a[43]    ; Incomplete set of assignments ;
; b[43]    ; Incomplete set of assignments ;
; a[35]    ; Incomplete set of assignments ;
; b[35]    ; Incomplete set of assignments ;
; a[47]    ; Incomplete set of assignments ;
; b[47]    ; Incomplete set of assignments ;
; a[51]    ; Incomplete set of assignments ;
; b[51]    ; Incomplete set of assignments ;
; a[63]    ; Incomplete set of assignments ;
; b[63]    ; Incomplete set of assignments ;
; a[16]    ; Incomplete set of assignments ;
; b[16]    ; Incomplete set of assignments ;
; a[17]    ; Incomplete set of assignments ;
; b[17]    ; Incomplete set of assignments ;
; a[18]    ; Incomplete set of assignments ;
; b[18]    ; Incomplete set of assignments ;
; a[20]    ; Incomplete set of assignments ;
; b[20]    ; Incomplete set of assignments ;
; a[21]    ; Incomplete set of assignments ;
; b[21]    ; Incomplete set of assignments ;
; a[22]    ; Incomplete set of assignments ;
; b[22]    ; Incomplete set of assignments ;
; a[24]    ; Incomplete set of assignments ;
; b[24]    ; Incomplete set of assignments ;
; a[25]    ; Incomplete set of assignments ;
; b[25]    ; Incomplete set of assignments ;
; a[26]    ; Incomplete set of assignments ;
; b[26]    ; Incomplete set of assignments ;
; a[28]    ; Incomplete set of assignments ;
; b[28]    ; Incomplete set of assignments ;
; a[29]    ; Incomplete set of assignments ;
; b[29]    ; Incomplete set of assignments ;
; a[30]    ; Incomplete set of assignments ;
; b[30]    ; Incomplete set of assignments ;
; a[32]    ; Incomplete set of assignments ;
; b[32]    ; Incomplete set of assignments ;
; a[33]    ; Incomplete set of assignments ;
; b[33]    ; Incomplete set of assignments ;
; a[34]    ; Incomplete set of assignments ;
; b[34]    ; Incomplete set of assignments ;
; a[36]    ; Incomplete set of assignments ;
; b[36]    ; Incomplete set of assignments ;
; a[37]    ; Incomplete set of assignments ;
; b[37]    ; Incomplete set of assignments ;
; a[38]    ; Incomplete set of assignments ;
; b[38]    ; Incomplete set of assignments ;
; a[40]    ; Incomplete set of assignments ;
; b[40]    ; Incomplete set of assignments ;
; a[41]    ; Incomplete set of assignments ;
; b[41]    ; Incomplete set of assignments ;
; a[42]    ; Incomplete set of assignments ;
; b[42]    ; Incomplete set of assignments ;
; a[44]    ; Incomplete set of assignments ;
; b[44]    ; Incomplete set of assignments ;
; a[45]    ; Incomplete set of assignments ;
; b[45]    ; Incomplete set of assignments ;
; a[46]    ; Incomplete set of assignments ;
; b[46]    ; Incomplete set of assignments ;
; a[48]    ; Incomplete set of assignments ;
; b[48]    ; Incomplete set of assignments ;
; a[49]    ; Incomplete set of assignments ;
; b[49]    ; Incomplete set of assignments ;
; a[50]    ; Incomplete set of assignments ;
; b[50]    ; Incomplete set of assignments ;
; a[52]    ; Incomplete set of assignments ;
; b[52]    ; Incomplete set of assignments ;
; a[53]    ; Incomplete set of assignments ;
; b[53]    ; Incomplete set of assignments ;
; a[54]    ; Incomplete set of assignments ;
; b[54]    ; Incomplete set of assignments ;
; a[56]    ; Incomplete set of assignments ;
; b[56]    ; Incomplete set of assignments ;
; a[57]    ; Incomplete set of assignments ;
; b[57]    ; Incomplete set of assignments ;
; a[58]    ; Incomplete set of assignments ;
; b[58]    ; Incomplete set of assignments ;
; a[60]    ; Incomplete set of assignments ;
; b[60]    ; Incomplete set of assignments ;
; a[61]    ; Incomplete set of assignments ;
; b[61]    ; Incomplete set of assignments ;
; a[62]    ; Incomplete set of assignments ;
; b[62]    ; Incomplete set of assignments ;
; f[0]     ; Missing location assignment   ;
; f[1]     ; Missing location assignment   ;
; f[2]     ; Missing location assignment   ;
; f[3]     ; Missing location assignment   ;
; f[4]     ; Missing location assignment   ;
; f[5]     ; Missing location assignment   ;
; f[6]     ; Missing location assignment   ;
; f[7]     ; Missing location assignment   ;
; f[8]     ; Missing location assignment   ;
; f[9]     ; Missing location assignment   ;
; f[10]    ; Missing location assignment   ;
; f[11]    ; Missing location assignment   ;
; f[12]    ; Missing location assignment   ;
; f[13]    ; Missing location assignment   ;
; f[14]    ; Missing location assignment   ;
; f[15]    ; Missing location assignment   ;
; f[16]    ; Missing location assignment   ;
; f[17]    ; Missing location assignment   ;
; f[18]    ; Missing location assignment   ;
; f[19]    ; Missing location assignment   ;
; f[20]    ; Missing location assignment   ;
; f[21]    ; Missing location assignment   ;
; f[22]    ; Missing location assignment   ;
; f[23]    ; Missing location assignment   ;
; f[24]    ; Missing location assignment   ;
; f[25]    ; Missing location assignment   ;
; f[26]    ; Missing location assignment   ;
; f[27]    ; Missing location assignment   ;
; f[28]    ; Missing location assignment   ;
; f[29]    ; Missing location assignment   ;
; f[30]    ; Missing location assignment   ;
; f[31]    ; Missing location assignment   ;
; f[32]    ; Missing location assignment   ;
; f[33]    ; Missing location assignment   ;
; f[34]    ; Missing location assignment   ;
; f[35]    ; Missing location assignment   ;
; f[36]    ; Missing location assignment   ;
; f[37]    ; Missing location assignment   ;
; f[38]    ; Missing location assignment   ;
; f[39]    ; Missing location assignment   ;
; f[40]    ; Missing location assignment   ;
; f[41]    ; Missing location assignment   ;
; f[42]    ; Missing location assignment   ;
; f[43]    ; Missing location assignment   ;
; f[44]    ; Missing location assignment   ;
; f[45]    ; Missing location assignment   ;
; f[46]    ; Missing location assignment   ;
; f[47]    ; Missing location assignment   ;
; f[48]    ; Missing location assignment   ;
; f[49]    ; Missing location assignment   ;
; f[50]    ; Missing location assignment   ;
; f[51]    ; Missing location assignment   ;
; f[52]    ; Missing location assignment   ;
; f[53]    ; Missing location assignment   ;
; f[54]    ; Missing location assignment   ;
; f[55]    ; Missing location assignment   ;
; f[56]    ; Missing location assignment   ;
; f[57]    ; Missing location assignment   ;
; f[58]    ; Missing location assignment   ;
; f[59]    ; Missing location assignment   ;
; f[60]    ; Missing location assignment   ;
; f[61]    ; Missing location assignment   ;
; f[62]    ; Missing location assignment   ;
; f[63]    ; Missing location assignment   ;
; a[0]     ; Missing location assignment   ;
; s[3]     ; Missing location assignment   ;
; s[2]     ; Missing location assignment   ;
; b[0]     ; Missing location assignment   ;
; M        ; Missing location assignment   ;
; c        ; Missing location assignment   ;
; s[0]     ; Missing location assignment   ;
; s[1]     ; Missing location assignment   ;
; a[1]     ; Missing location assignment   ;
; b[1]     ; Missing location assignment   ;
; a[2]     ; Missing location assignment   ;
; b[2]     ; Missing location assignment   ;
; a[3]     ; Missing location assignment   ;
; b[3]     ; Missing location assignment   ;
; a[11]    ; Missing location assignment   ;
; b[11]    ; Missing location assignment   ;
; a[7]     ; Missing location assignment   ;
; b[7]     ; Missing location assignment   ;
; a[15]    ; Missing location assignment   ;
; b[15]    ; Missing location assignment   ;
; a[4]     ; Missing location assignment   ;
; b[4]     ; Missing location assignment   ;
; a[5]     ; Missing location assignment   ;
; b[5]     ; Missing location assignment   ;
; a[6]     ; Missing location assignment   ;
; b[6]     ; Missing location assignment   ;
; a[8]     ; Missing location assignment   ;
; b[8]     ; Missing location assignment   ;
; a[9]     ; Missing location assignment   ;
; b[9]     ; Missing location assignment   ;
; a[10]    ; Missing location assignment   ;
; b[10]    ; Missing location assignment   ;
; a[12]    ; Missing location assignment   ;
; b[12]    ; Missing location assignment   ;
; a[13]    ; Missing location assignment   ;
; b[13]    ; Missing location assignment   ;
; a[14]    ; Missing location assignment   ;
; b[14]    ; Missing location assignment   ;
; a[23]    ; Missing location assignment   ;
; b[23]    ; Missing location assignment   ;
; a[27]    ; Missing location assignment   ;
; b[27]    ; Missing location assignment   ;
; a[19]    ; Missing location assignment   ;
; b[19]    ; Missing location assignment   ;
; a[31]    ; Missing location assignment   ;
; b[31]    ; Missing location assignment   ;
; a[55]    ; Missing location assignment   ;
; b[55]    ; Missing location assignment   ;
; a[59]    ; Missing location assignment   ;
; b[59]    ; Missing location assignment   ;
; a[39]    ; Missing location assignment   ;
; b[39]    ; Missing location assignment   ;
; a[43]    ; Missing location assignment   ;
; b[43]    ; Missing location assignment   ;
; a[35]    ; Missing location assignment   ;
; b[35]    ; Missing location assignment   ;
; a[47]    ; Missing location assignment   ;
; b[47]    ; Missing location assignment   ;
; a[51]    ; Missing location assignment   ;
; b[51]    ; Missing location assignment   ;
; a[63]    ; Missing location assignment   ;
; b[63]    ; Missing location assignment   ;
; a[16]    ; Missing location assignment   ;
; b[16]    ; Missing location assignment   ;
; a[17]    ; Missing location assignment   ;
; b[17]    ; Missing location assignment   ;
; a[18]    ; Missing location assignment   ;
; b[18]    ; Missing location assignment   ;
; a[20]    ; Missing location assignment   ;
; b[20]    ; Missing location assignment   ;
; a[21]    ; Missing location assignment   ;
; b[21]    ; Missing location assignment   ;
; a[22]    ; Missing location assignment   ;
; b[22]    ; Missing location assignment   ;
; a[24]    ; Missing location assignment   ;
; b[24]    ; Missing location assignment   ;
; a[25]    ; Missing location assignment   ;
; b[25]    ; Missing location assignment   ;
; a[26]    ; Missing location assignment   ;
; b[26]    ; Missing location assignment   ;
; a[28]    ; Missing location assignment   ;
; b[28]    ; Missing location assignment   ;
; a[29]    ; Missing location assignment   ;
; b[29]    ; Missing location assignment   ;
; a[30]    ; Missing location assignment   ;
; b[30]    ; Missing location assignment   ;
; a[32]    ; Missing location assignment   ;
; b[32]    ; Missing location assignment   ;
; a[33]    ; Missing location assignment   ;
; b[33]    ; Missing location assignment   ;
; a[34]    ; Missing location assignment   ;
; b[34]    ; Missing location assignment   ;
; a[36]    ; Missing location assignment   ;
; b[36]    ; Missing location assignment   ;
; a[37]    ; Missing location assignment   ;
; b[37]    ; Missing location assignment   ;
; a[38]    ; Missing location assignment   ;
; b[38]    ; Missing location assignment   ;
; a[40]    ; Missing location assignment   ;
; b[40]    ; Missing location assignment   ;
; a[41]    ; Missing location assignment   ;
; b[41]    ; Missing location assignment   ;
; a[42]    ; Missing location assignment   ;
; b[42]    ; Missing location assignment   ;
; a[44]    ; Missing location assignment   ;
; b[44]    ; Missing location assignment   ;
; a[45]    ; Missing location assignment   ;
; b[45]    ; Missing location assignment   ;
; a[46]    ; Missing location assignment   ;
; b[46]    ; Missing location assignment   ;
; a[48]    ; Missing location assignment   ;
; b[48]    ; Missing location assignment   ;
; a[49]    ; Missing location assignment   ;
; b[49]    ; Missing location assignment   ;
; a[50]    ; Missing location assignment   ;
; b[50]    ; Missing location assignment   ;
; a[52]    ; Missing location assignment   ;
; b[52]    ; Missing location assignment   ;
; a[53]    ; Missing location assignment   ;
; b[53]    ; Missing location assignment   ;
; a[54]    ; Missing location assignment   ;
; b[54]    ; Missing location assignment   ;
; a[56]    ; Missing location assignment   ;
; b[56]    ; Missing location assignment   ;
; a[57]    ; Missing location assignment   ;
; b[57]    ; Missing location assignment   ;
; a[58]    ; Missing location assignment   ;
; b[58]    ; Missing location assignment   ;
; a[60]    ; Missing location assignment   ;
; b[60]    ; Missing location assignment   ;
; a[61]    ; Missing location assignment   ;
; b[61]    ; Missing location assignment   ;
; a[62]    ; Missing location assignment   ;
; b[62]    ; Missing location assignment   ;
+----------+-------------------------------+


+--------------------------------------------------------------------------------------------------+
; Incremental Compilation Preservation Summary                                                     ;
+---------------------+--------------------+----------------------------+--------------------------+
; Type                ; Total [A + B]      ; From Design Partitions [A] ; From Rapid Recompile [B] ;
+---------------------+--------------------+----------------------------+--------------------------+
; Placement (by node) ;                    ;                            ;                          ;
;     -- Requested    ; 0.00 % ( 0 / 695 ) ; 0.00 % ( 0 / 695 )         ; 0.00 % ( 0 / 695 )       ;
;     -- Achieved     ; 0.00 % ( 0 / 695 ) ; 0.00 % ( 0 / 695 )         ; 0.00 % ( 0 / 695 )       ;
;                     ;                    ;                            ;                          ;
; Routing (by net)    ;                    ;                            ;                          ;
;     -- Requested    ; 0.00 % ( 0 / 0 )   ; 0.00 % ( 0 / 0 )           ; 0.00 % ( 0 / 0 )         ;
;     -- Achieved     ; 0.00 % ( 0 / 0 )   ; 0.00 % ( 0 / 0 )           ; 0.00 % ( 0 / 0 )         ;
+---------------------+--------------------+----------------------------+--------------------------+


+----------------------------------------------------------------------------------------------------------------------------------------------------------------------------------------+
; Incremental Compilation Partition Settings                                                                                                                                             ;
+--------------------------------+----------------+-------------------+-------------------------+------------------------+------------------------------+--------------------------------+
; Partition Name                 ; Partition Type ; Netlist Type Used ; Preservation Level Used ; Netlist Type Requested ; Preservation Level Requested ; Contents                       ;
+--------------------------------+----------------+-------------------+-------------------------+------------------------+------------------------------+--------------------------------+
; Top                            ; User-created   ; Source File       ; N/A                     ; Source File            ; N/A                          ;                                ;
; hard_block:auto_generated_inst ; Auto-generated ; Source File       ; N/A                     ; Source File            ; N/A                          ; hard_block:auto_generated_inst ;
+--------------------------------+----------------+-------------------+-------------------------+------------------------+------------------------------+--------------------------------+


+------------------------------------------------------------------------------------------------------------------------------------+
; Incremental Compilation Placement Preservation                                                                                     ;
+--------------------------------+-----------------------+-------------------------+-------------------+---------------------+-------+
; Partition Name                 ; Preservation Achieved ; Preservation Level Used ; Netlist Type Used ; Preservation Method ; Notes ;
+--------------------------------+-----------------------+-------------------------+-------------------+---------------------+-------+
; Top                            ; 0.00 % ( 0 / 685 )    ; N/A                     ; Source File       ; N/A                 ;       ;
; hard_block:auto_generated_inst ; 0.00 % ( 0 / 10 )     ; N/A                     ; Source File       ; N/A                 ;       ;
+--------------------------------+-----------------------+-------------------------+-------------------+---------------------+-------+


+--------------+
; Pin-Out File ;
+--------------+
The pin-out file can be found in E:/quartus/work1/ALU_64bit/output_files/ALU_64bit.pin.


+--------------------------------------------------------------------+
; Fitter Resource Usage Summary                                      ;
+---------------------------------------------+----------------------+
; Resource                                    ; Usage                ;
+---------------------------------------------+----------------------+
; Total logic elements                        ; 288 / 15,408 ( 2 % ) ;
;     -- Combinational with no register       ; 288                  ;
;     -- Register only                        ; 0                    ;
;     -- Combinational with a register        ; 0                    ;
;                                             ;                      ;
; Logic element usage by number of LUT inputs ;                      ;
;     -- 4 input functions                    ; 220                  ;
;     -- 3 input functions                    ; 61                   ;
;     -- <=2 input functions                  ; 7                    ;
;     -- Register only                        ; 0                    ;
;                                             ;                      ;
; Logic elements by mode                      ;                      ;
;     -- normal mode                          ; 288                  ;
;     -- arithmetic mode                      ; 0                    ;
;                                             ;                      ;
; Total registers*                            ; 0 / 17,056 ( 0 % )   ;
;     -- Dedicated logic registers            ; 0 / 15,408 ( 0 % )   ;
;     -- I/O registers                        ; 0 / 1,648 ( 0 % )    ;
;                                             ;                      ;
; Total LABs:  partially or completely used   ; 24 / 963 ( 2 % )     ;
; Virtual pins                                ; 0                    ;
; I/O pins                                    ; 198 / 344 ( 58 % )   ;
;     -- Clock pins                           ; 3 / 7 ( 43 % )       ;
;     -- Dedicated input pins                 ; 0 / 9 ( 0 % )        ;
;                                             ;                      ;
; Global signals                              ; 0                    ;
; M9Ks                                        ; 0 / 56 ( 0 % )       ;
; Total block memory bits                     ; 0 / 516,096 ( 0 % )  ;
; Total block memory implementation bits      ; 0 / 516,096 ( 0 % )  ;
; Embedded Multiplier 9-bit elements          ; 0 / 112 ( 0 % )      ;
; PLLs                                        ; 0 / 4 ( 0 % )        ;
; Global clocks                               ; 0 / 20 ( 0 % )       ;
; JTAGs                                       ; 0 / 1 ( 0 % )        ;
; CRC blocks                                  ; 0 / 1 ( 0 % )        ;
; ASMI blocks                                 ; 0 / 1 ( 0 % )        ;
; Oscillator blocks                           ; 0 / 1 ( 0 % )        ;
; Impedance control blocks                    ; 0 / 4 ( 0 % )        ;
; Average interconnect usage (total/H/V)      ; 1.3% / 1.2% / 1.5%   ;
; Peak interconnect usage (total/H/V)         ; 2.7% / 2.6% / 2.9%   ;
; Maximum fan-out                             ; 68                   ;
; Highest non-global fan-out                  ; 68                   ;
; Total fan-out                               ; 1344                 ;
; Average fan-out                             ; 1.94                 ;
+---------------------------------------------+----------------------+
*  Register count does not include registers inside RAM blocks or DSP blocks.



+----------------------------------------------------------------------------------------------------+
; Fitter Partition Statistics                                                                        ;
+---------------------------------------------+---------------------+--------------------------------+
; Statistic                                   ; Top                 ; hard_block:auto_generated_inst ;
+---------------------------------------------+---------------------+--------------------------------+
; Difficulty Clustering Region                ; Low                 ; Low                            ;
;                                             ;                     ;                                ;
; Total logic elements                        ; 288 / 15408 ( 2 % ) ; 0 / 15408 ( 0 % )              ;
;     -- Combinational with no register       ; 288                 ; 0                              ;
;     -- Register only                        ; 0                   ; 0                              ;
;     -- Combinational with a register        ; 0                   ; 0                              ;
;                                             ;                     ;                                ;
; Logic element usage by number of LUT inputs ;                     ;                                ;
;     -- 4 input functions                    ; 220                 ; 0                              ;
;     -- 3 input functions                    ; 61                  ; 0                              ;
;     -- <=2 input functions                  ; 7                   ; 0                              ;
;     -- Register only                        ; 0                   ; 0                              ;
;                                             ;                     ;                                ;
; Logic elements by mode                      ;                     ;                                ;
;     -- normal mode                          ; 288                 ; 0                              ;
;     -- arithmetic mode                      ; 0                   ; 0                              ;
;                                             ;                     ;                                ;
; Total registers                             ; 0                   ; 0                              ;
;     -- Dedicated logic registers            ; 0 / 15408 ( 0 % )   ; 0 / 15408 ( 0 % )              ;
;     -- I/O registers                        ; 0                   ; 0                              ;
;                                             ;                     ;                                ;
; Total LABs:  partially or completely used   ; 24 / 963 ( 2 % )    ; 0 / 963 ( 0 % )                ;
;                                             ;                     ;                                ;
; Virtual pins                                ; 0                   ; 0                              ;
; I/O pins                                    ; 198                 ; 0                              ;
; Embedded Multiplier 9-bit elements          ; 0 / 112 ( 0 % )     ; 0 / 112 ( 0 % )                ;
; Total memory bits                           ; 0                   ; 0                              ;
; Total RAM block bits                        ; 0                   ; 0                              ;
;                                             ;                     ;                                ;
; Connections                                 ;                     ;                                ;
;     -- Input Connections                    ; 0                   ; 0                              ;
;     -- Registered Input Connections         ; 0                   ; 0                              ;
;     -- Output Connections                   ; 0                   ; 0                              ;
;     -- Registered Output Connections        ; 0                   ; 0                              ;
;                                             ;                     ;                                ;
; Internal Connections                        ;                     ;                                ;
;     -- Total Connections                    ; 1339                ; 5                              ;
;     -- Registered Connections               ; 0                   ; 0                              ;
;                                             ;                     ;                                ;
; External Connections                        ;                     ;                                ;
;     -- Top                                  ; 0                   ; 0                              ;
;     -- hard_block:auto_generated_inst       ; 0                   ; 0                              ;
;                                             ;                     ;                                ;
; Partition Interface                         ;                     ;                                ;
;     -- Input Ports                          ; 134                 ; 0                              ;
;     -- Output Ports                         ; 64                  ; 0                              ;
;     -- Bidir Ports                          ; 0                   ; 0                              ;
;                                             ;                     ;                                ;
; Registered Ports                            ;                     ;                                ;
;     -- Registered Input Ports               ; 0                   ; 0                              ;
;     -- Registered Output Ports              ; 0                   ; 0                              ;
;                                             ;                     ;                                ;
; Port Connectivity                           ;                     ;                                ;
;     -- Input Ports driven by GND            ; 0                   ; 0                              ;
;     -- Output Ports driven by GND           ; 0                   ; 0                              ;
;     -- Input Ports driven by VCC            ; 0                   ; 0                              ;
;     -- Output Ports driven by VCC           ; 0                   ; 0                              ;
;     -- Input Ports with no Source           ; 0                   ; 0                              ;
;     -- Output Ports with no Source          ; 0                   ; 0                              ;
;     -- Input Ports with no Fanout           ; 0                   ; 0                              ;
;     -- Output Ports with no Fanout          ; 0                   ; 0                              ;
+---------------------------------------------+---------------------+--------------------------------+


+----------------------------------------------------------------------------------------------------------------------------------------------------------------------------------------------------------------------------------------------------------------------------------------+
; Input Pins                                                                                                                                                                                                                                                                             ;
+-------+-------+----------+--------------+--------------+--------------+-----------------------+--------------------+--------+----------------+---------------+-----------------+----------+--------------+--------------+---------------------------+----------------------+-----------+
; Name  ; Pin # ; I/O Bank ; X coordinate ; Y coordinate ; Z coordinate ; Combinational Fan-Out ; Registered Fan-Out ; Global ; Input Register ; Power Up High ; PCI I/O Enabled ; Bus Hold ; Weak Pull Up ; I/O Standard ; Termination Control Block ; Location assigned by ; Slew Rate ;
+-------+-------+----------+--------------+--------------+--------------+-----------------------+--------------------+--------+----------------+---------------+-----------------+----------+--------------+--------------+---------------------------+----------------------+-----------+
; M     ; AA3   ; 3        ; 5            ; 0            ; 0            ; 68                    ; 0                  ; no     ; no             ; no            ; yes             ; no       ; Off          ; 2.5 V        ; --                        ; Fitter               ; no        ;
; a[0]  ; T2    ; 2        ; 0            ; 14           ; 14           ; 2                     ; 0                  ; no     ; no             ; no            ; yes             ; no       ; Off          ; 2.5 V        ; --                        ; Fitter               ; no        ;
; a[10] ; F11   ; 7        ; 21           ; 29           ; 28           ; 2                     ; 0                  ; no     ; no             ; no            ; yes             ; no       ; Off          ; 2.5 V        ; --                        ; Fitter               ; no        ;
; a[11] ; P22   ; 5        ; 41           ; 11           ; 0            ; 2                     ; 0                  ; no     ; no             ; no            ; yes             ; no       ; Off          ; 2.5 V        ; --                        ; Fitter               ; no        ;
; a[12] ; P21   ; 5        ; 41           ; 12           ; 21           ; 2                     ; 0                  ; no     ; no             ; no            ; yes             ; no       ; Off          ; 2.5 V        ; --                        ; Fitter               ; no        ;
; a[13] ; R22   ; 5        ; 41           ; 10           ; 14           ; 2                     ; 0                  ; no     ; no             ; no            ; yes             ; no       ; Off          ; 2.5 V        ; --                        ; Fitter               ; no        ;
; a[14] ; M19   ; 5        ; 41           ; 14           ; 7            ; 2                     ; 0                  ; no     ; no             ; no            ; yes             ; no       ; Off          ; 2.5 V        ; --                        ; Fitter               ; no        ;
; a[15] ; N16   ; 5        ; 41           ; 10           ; 21           ; 2                     ; 0                  ; no     ; no             ; no            ; yes             ; no       ; Off          ; 2.5 V        ; --                        ; Fitter               ; no        ;
; a[16] ; N21   ; 5        ; 41           ; 13           ; 7            ; 2                     ; 0                  ; no     ; no             ; no            ; yes             ; no       ; Off          ; 2.5 V        ; --                        ; Fitter               ; no        ;
; a[17] ; AA14  ; 4        ; 23           ; 0            ; 14           ; 2                     ; 0                  ; no     ; no             ; no            ; yes             ; no       ; Off          ; 2.5 V        ; --                        ; Fitter               ; no        ;
; a[18] ; N18   ; 5        ; 41           ; 13           ; 21           ; 2                     ; 0                  ; no     ; no             ; no            ; yes             ; no       ; Off          ; 2.5 V        ; --                        ; Fitter               ; no        ;
; a[19] ; E12   ; 7        ; 21           ; 29           ; 14           ; 2                     ; 0                  ; no     ; no             ; no            ; yes             ; no       ; Off          ; 2.5 V        ; --                        ; Fitter               ; no        ;
; a[1]  ; AB3   ; 3        ; 7            ; 0            ; 28           ; 2                     ; 0                  ; no     ; no             ; no            ; yes             ; no       ; Off          ; 2.5 V        ; --                        ; Fitter               ; no        ;
; a[20] ; V22   ; 5        ; 41           ; 7            ; 0            ; 2                     ; 0                  ; no     ; no             ; no            ; yes             ; no       ; Off          ; 2.5 V        ; --                        ; Fitter               ; no        ;
; a[21] ; U13   ; 4        ; 30           ; 0            ; 7            ; 2                     ; 0                  ; no     ; no             ; no            ; yes             ; no       ; Off          ; 2.5 V        ; --                        ; Fitter               ; no        ;
; a[22] ; T12   ; 4        ; 28           ; 0            ; 28           ; 2                     ; 0                  ; no     ; no             ; no            ; yes             ; no       ; Off          ; 2.5 V        ; --                        ; Fitter               ; no        ;
; a[23] ; R19   ; 5        ; 41           ; 9            ; 14           ; 2                     ; 0                  ; no     ; no             ; no            ; yes             ; no       ; Off          ; 2.5 V        ; --                        ; Fitter               ; no        ;
; a[24] ; B4    ; 8        ; 5            ; 29           ; 14           ; 2                     ; 0                  ; no     ; no             ; no            ; yes             ; no       ; Off          ; 2.5 V        ; --                        ; Fitter               ; no        ;
; a[25] ; F7    ; 8        ; 1            ; 29           ; 7            ; 2                     ; 0                  ; no     ; no             ; no            ; yes             ; no       ; Off          ; 2.5 V        ; --                        ; Fitter               ; no        ;
; a[26] ; E6    ; 8        ; 1            ; 29           ; 21           ; 2                     ; 0                  ; no     ; no             ; no            ; yes             ; no       ; Off          ; 2.5 V        ; --                        ; Fitter               ; no        ;
; a[27] ; V21   ; 5        ; 41           ; 8            ; 21           ; 2                     ; 0                  ; no     ; no             ; no            ; yes             ; no       ; Off          ; 2.5 V        ; --                        ; Fitter               ; no        ;
; a[28] ; R20   ; 5        ; 41           ; 8            ; 14           ; 2                     ; 0                  ; no     ; no             ; no            ; yes             ; no       ; Off          ; 2.5 V        ; --                        ; Fitter               ; no        ;
; a[29] ; R18   ; 5        ; 41           ; 9            ; 21           ; 2                     ; 0                  ; no     ; no             ; no            ; yes             ; no       ; Off          ; 2.5 V        ; --                        ; Fitter               ; no        ;
; a[2]  ; V14   ; 4        ; 30           ; 0            ; 0            ; 2                     ; 0                  ; no     ; no             ; no            ; yes             ; no       ; Off          ; 2.5 V        ; --                        ; Fitter               ; no        ;
; a[30] ; Y21   ; 5        ; 41           ; 4            ; 7            ; 2                     ; 0                  ; no     ; no             ; no            ; yes             ; no       ; Off          ; 2.5 V        ; --                        ; Fitter               ; no        ;
; a[31] ; N15   ; 5        ; 41           ; 7            ; 14           ; 2                     ; 0                  ; no     ; no             ; no            ; yes             ; no       ; Off          ; 2.5 V        ; --                        ; Fitter               ; no        ;
; a[32] ; M4    ; 2        ; 0            ; 12           ; 0            ; 2                     ; 0                  ; no     ; no             ; no            ; yes             ; no       ; Off          ; 2.5 V        ; --                        ; Fitter               ; no        ;
; a[33] ; V10   ; 3        ; 14           ; 0            ; 14           ; 2                     ; 0                  ; no     ; no             ; no            ; yes             ; no       ; Off          ; 2.5 V        ; --                        ; Fitter               ; no        ;
; a[34] ; AB11  ; 3        ; 21           ; 0            ; 14           ; 2                     ; 0                  ; no     ; no             ; no            ; yes             ; no       ; Off          ; 2.5 V        ; --                        ; Fitter               ; no        ;
; a[35] ; Y8    ; 3        ; 11           ; 0            ; 0            ; 2                     ; 0                  ; no     ; no             ; no            ; yes             ; no       ; Off          ; 2.5 V        ; --                        ; Fitter               ; no        ;
; a[36] ; AA7   ; 3        ; 11           ; 0            ; 14           ; 2                     ; 0                  ; no     ; no             ; no            ; yes             ; no       ; Off          ; 2.5 V        ; --                        ; Fitter               ; no        ;
; a[37] ; AB12  ; 4        ; 21           ; 0            ; 0            ; 2                     ; 0                  ; no     ; no             ; no            ; yes             ; no       ; Off          ; 2.5 V        ; --                        ; Fitter               ; no        ;
; a[38] ; V9    ; 3        ; 14           ; 0            ; 21           ; 2                     ; 0                  ; no     ; no             ; no            ; yes             ; no       ; Off          ; 2.5 V        ; --                        ; Fitter               ; no        ;
; a[39] ; AA5   ; 3        ; 9            ; 0            ; 28           ; 2                     ; 0                  ; no     ; no             ; no            ; yes             ; no       ; Off          ; 2.5 V        ; --                        ; Fitter               ; no        ;
; a[3]  ; AA13  ; 4        ; 23           ; 0            ; 28           ; 2                     ; 0                  ; no     ; no             ; no            ; yes             ; no       ; Off          ; 2.5 V        ; --                        ; Fitter               ; no        ;
; a[40] ; C2    ; 1        ; 0            ; 26           ; 14           ; 2                     ; 0                  ; no     ; no             ; no            ; yes             ; no       ; Off          ; 2.5 V        ; --                        ; Fitter               ; no        ;
; a[41] ; G8    ; 8        ; 5            ; 29           ; 28           ; 2                     ; 0                  ; no     ; no             ; no            ; yes             ; no       ; Off          ; 2.5 V        ; --                        ; Fitter               ; no        ;
; a[42] ; C3    ; 8        ; 3            ; 29           ; 28           ; 2                     ; 0                  ; no     ; no             ; no            ; yes             ; no       ; Off          ; 2.5 V        ; --                        ; Fitter               ; no        ;
; a[43] ; F8    ; 8        ; 5            ; 29           ; 21           ; 2                     ; 0                  ; no     ; no             ; no            ; yes             ; no       ; Off          ; 2.5 V        ; --                        ; Fitter               ; no        ;
; a[44] ; G9    ; 8        ; 9            ; 29           ; 21           ; 2                     ; 0                  ; no     ; no             ; no            ; yes             ; no       ; Off          ; 2.5 V        ; --                        ; Fitter               ; no        ;
; a[45] ; B6    ; 8        ; 11           ; 29           ; 21           ; 2                     ; 0                  ; no     ; no             ; no            ; yes             ; no       ; Off          ; 2.5 V        ; --                        ; Fitter               ; no        ;
; a[46] ; H10   ; 8        ; 9            ; 29           ; 28           ; 2                     ; 0                  ; no     ; no             ; no            ; yes             ; no       ; Off          ; 2.5 V        ; --                        ; Fitter               ; no        ;
; a[47] ; A7    ; 8        ; 11           ; 29           ; 0            ; 2                     ; 0                  ; no     ; no             ; no            ; yes             ; no       ; Off          ; 2.5 V        ; --                        ; Fitter               ; no        ;
; a[48] ; D13   ; 7        ; 23           ; 29           ; 7            ; 2                     ; 0                  ; no     ; no             ; no            ; yes             ; no       ; Off          ; 2.5 V        ; --                        ; Fitter               ; no        ;
; a[49] ; A15   ; 7        ; 26           ; 29           ; 21           ; 2                     ; 0                  ; no     ; no             ; no            ; yes             ; no       ; Off          ; 2.5 V        ; --                        ; Fitter               ; no        ;
; a[4]  ; AB19  ; 4        ; 35           ; 0            ; 14           ; 2                     ; 0                  ; no     ; no             ; no            ; yes             ; no       ; Off          ; 2.5 V        ; --                        ; Fitter               ; no        ;
; a[50] ; F13   ; 7        ; 26           ; 29           ; 14           ; 2                     ; 0                  ; no     ; no             ; no            ; yes             ; no       ; Off          ; 2.5 V        ; --                        ; Fitter               ; no        ;
; a[51] ; B14   ; 7        ; 23           ; 29           ; 28           ; 2                     ; 0                  ; no     ; no             ; no            ; yes             ; no       ; Off          ; 2.5 V        ; --                        ; Fitter               ; no        ;
; a[52] ; E15   ; 7        ; 30           ; 29           ; 0            ; 2                     ; 0                  ; no     ; no             ; no            ; yes             ; no       ; Off          ; 2.5 V        ; --                        ; Fitter               ; no        ;
; a[53] ; C15   ; 7        ; 28           ; 29           ; 7            ; 2                     ; 0                  ; no     ; no             ; no            ; yes             ; no       ; Off          ; 2.5 V        ; --                        ; Fitter               ; no        ;
; a[54] ; B18   ; 7        ; 32           ; 29           ; 21           ; 2                     ; 0                  ; no     ; no             ; no            ; yes             ; no       ; Off          ; 2.5 V        ; --                        ; Fitter               ; no        ;
; a[55] ; B17   ; 7        ; 30           ; 29           ; 21           ; 2                     ; 0                  ; no     ; no             ; no            ; yes             ; no       ; Off          ; 2.5 V        ; --                        ; Fitter               ; no        ;
; a[56] ; R15   ; 4        ; 39           ; 0            ; 7            ; 2                     ; 0                  ; no     ; no             ; no            ; yes             ; no       ; Off          ; 2.5 V        ; --                        ; Fitter               ; no        ;
; a[57] ; V15   ; 4        ; 32           ; 0            ; 28           ; 2                     ; 0                  ; no     ; no             ; no            ; yes             ; no       ; Off          ; 2.5 V        ; --                        ; Fitter               ; no        ;
; a[58] ; AB18  ; 4        ; 32           ; 0            ; 0            ; 2                     ; 0                  ; no     ; no             ; no            ; yes             ; no       ; Off          ; 2.5 V        ; --                        ; Fitter               ; no        ;
; a[59] ; V11   ; 3        ; 19           ; 0            ; 21           ; 2                     ; 0                  ; no     ; no             ; no            ; yes             ; no       ; Off          ; 2.5 V        ; --                        ; Fitter               ; no        ;
; a[5]  ; T18   ; 5        ; 41           ; 3            ; 21           ; 2                     ; 0                  ; no     ; no             ; no            ; yes             ; no       ; Off          ; 2.5 V        ; --                        ; Fitter               ; no        ;
; a[60] ; T10   ; 3        ; 14           ; 0            ; 7            ; 2                     ; 0                  ; no     ; no             ; no            ; yes             ; no       ; Off          ; 2.5 V        ; --                        ; Fitter               ; no        ;
; a[61] ; T11   ; 3        ; 16           ; 0            ; 14           ; 2                     ; 0                  ; no     ; no             ; no            ; yes             ; no       ; Off          ; 2.5 V        ; --                        ; Fitter               ; no        ;
; a[62] ; U11   ; 3        ; 19           ; 0            ; 28           ; 2                     ; 0                  ; no     ; no             ; no            ; yes             ; no       ; Off          ; 2.5 V        ; --                        ; Fitter               ; no        ;
; a[63] ; T15   ; 4        ; 32           ; 0            ; 7            ; 2                     ; 0                  ; no     ; no             ; no            ; yes             ; no       ; Off          ; 2.5 V        ; --                        ; Fitter               ; no        ;
; a[6]  ; W19   ; 5        ; 41           ; 3            ; 7            ; 2                     ; 0                  ; no     ; no             ; no            ; yes             ; no       ; Off          ; 2.5 V        ; --                        ; Fitter               ; no        ;
; a[7]  ; AB20  ; 4        ; 37           ; 0            ; 14           ; 2                     ; 0                  ; no     ; no             ; no            ; yes             ; no       ; Off          ; 2.5 V        ; --                        ; Fitter               ; no        ;
; a[8]  ; A13   ; 7        ; 21           ; 29           ; 0            ; 2                     ; 0                  ; no     ; no             ; no            ; yes             ; no       ; Off          ; 2.5 V        ; --                        ; Fitter               ; no        ;
; a[9]  ; H11   ; 8        ; 19           ; 29           ; 28           ; 2                     ; 0                  ; no     ; no             ; no            ; yes             ; no       ; Off          ; 2.5 V        ; --                        ; Fitter               ; no        ;
; b[0]  ; AB13  ; 4        ; 23           ; 0            ; 21           ; 2                     ; 0                  ; no     ; no             ; no            ; yes             ; no       ; Off          ; 2.5 V        ; --                        ; Fitter               ; no        ;
; b[10] ; A10   ; 8        ; 16           ; 29           ; 14           ; 2                     ; 0                  ; no     ; no             ; no            ; yes             ; no       ; Off          ; 2.5 V        ; --                        ; Fitter               ; no        ;
; b[11] ; M16   ; 5        ; 41           ; 14           ; 0            ; 2                     ; 0                  ; no     ; no             ; no            ; yes             ; no       ; Off          ; 2.5 V        ; --                        ; Fitter               ; no        ;
; b[12] ; R21   ; 5        ; 41           ; 10           ; 7            ; 2                     ; 0                  ; no     ; no             ; no            ; yes             ; no       ; Off          ; 2.5 V        ; --                        ; Fitter               ; no        ;
; b[13] ; N19   ; 5        ; 41           ; 12           ; 7            ; 2                     ; 0                  ; no     ; no             ; no            ; yes             ; no       ; Off          ; 2.5 V        ; --                        ; Fitter               ; no        ;
; b[14] ; N17   ; 5        ; 41           ; 12           ; 0            ; 2                     ; 0                  ; no     ; no             ; no            ; yes             ; no       ; Off          ; 2.5 V        ; --                        ; Fitter               ; no        ;
; b[15] ; M21   ; 5        ; 41           ; 14           ; 21           ; 2                     ; 0                  ; no     ; no             ; no            ; yes             ; no       ; Off          ; 2.5 V        ; --                        ; Fitter               ; no        ;
; b[16] ; M22   ; 5        ; 41           ; 13           ; 0            ; 2                     ; 0                  ; no     ; no             ; no            ; yes             ; no       ; Off          ; 2.5 V        ; --                        ; Fitter               ; no        ;
; b[17] ; L15   ; 6        ; 41           ; 17           ; 0            ; 2                     ; 0                  ; no     ; no             ; no            ; yes             ; no       ; Off          ; 2.5 V        ; --                        ; Fitter               ; no        ;
; b[18] ; L6    ; 2        ; 0            ; 13           ; 0            ; 2                     ; 0                  ; no     ; no             ; no            ; yes             ; no       ; Off          ; 2.5 V        ; --                        ; Fitter               ; no        ;
; b[19] ; E11   ; 7        ; 21           ; 29           ; 21           ; 2                     ; 0                  ; no     ; no             ; no            ; yes             ; no       ; Off          ; 2.5 V        ; --                        ; Fitter               ; no        ;
; b[1]  ; R13   ; 4        ; 30           ; 0            ; 28           ; 2                     ; 0                  ; no     ; no             ; no            ; yes             ; no       ; Off          ; 2.5 V        ; --                        ; Fitter               ; no        ;
; b[20] ; U21   ; 5        ; 41           ; 8            ; 0            ; 2                     ; 0                  ; no     ; no             ; no            ; yes             ; no       ; Off          ; 2.5 V        ; --                        ; Fitter               ; no        ;
; b[21] ; AA16  ; 4        ; 28           ; 0            ; 21           ; 2                     ; 0                  ; no     ; no             ; no            ; yes             ; no       ; Off          ; 2.5 V        ; --                        ; Fitter               ; no        ;
; b[22] ; W14   ; 4        ; 30           ; 0            ; 14           ; 2                     ; 0                  ; no     ; no             ; no            ; yes             ; no       ; Off          ; 2.5 V        ; --                        ; Fitter               ; no        ;
; b[23] ; W22   ; 5        ; 41           ; 5            ; 7            ; 2                     ; 0                  ; no     ; no             ; no            ; yes             ; no       ; Off          ; 2.5 V        ; --                        ; Fitter               ; no        ;
; b[24] ; C6    ; 8        ; 5            ; 29           ; 0            ; 2                     ; 0                  ; no     ; no             ; no            ; yes             ; no       ; Off          ; 2.5 V        ; --                        ; Fitter               ; no        ;
; b[25] ; A5    ; 8        ; 7            ; 29           ; 7            ; 2                     ; 0                  ; no     ; no             ; no            ; yes             ; no       ; Off          ; 2.5 V        ; --                        ; Fitter               ; no        ;
; b[26] ; A4    ; 8        ; 5            ; 29           ; 7            ; 2                     ; 0                  ; no     ; no             ; no            ; yes             ; no       ; Off          ; 2.5 V        ; --                        ; Fitter               ; no        ;
; b[27] ; P17   ; 5        ; 41           ; 7            ; 7            ; 2                     ; 0                  ; no     ; no             ; no            ; yes             ; no       ; Off          ; 2.5 V        ; --                        ; Fitter               ; no        ;
; b[28] ; M8    ; 2        ; 0            ; 7            ; 0            ; 2                     ; 0                  ; no     ; no             ; no            ; yes             ; no       ; Off          ; 2.5 V        ; --                        ; Fitter               ; no        ;
; b[29] ; U19   ; 5        ; 41           ; 5            ; 21           ; 2                     ; 0                  ; no     ; no             ; no            ; yes             ; no       ; Off          ; 2.5 V        ; --                        ; Fitter               ; no        ;
; b[2]  ; U12   ; 4        ; 26           ; 0            ; 0            ; 2                     ; 0                  ; no     ; no             ; no            ; yes             ; no       ; Off          ; 2.5 V        ; --                        ; Fitter               ; no        ;
; b[30] ; U15   ; 4        ; 39           ; 0            ; 28           ; 2                     ; 0                  ; no     ; no             ; no            ; yes             ; no       ; Off          ; 2.5 V        ; --                        ; Fitter               ; no        ;
; b[31] ; N14   ; 5        ; 41           ; 5            ; 14           ; 2                     ; 0                  ; no     ; no             ; no            ; yes             ; no       ; Off          ; 2.5 V        ; --                        ; Fitter               ; no        ;
; b[32] ; N20   ; 5        ; 41           ; 12           ; 14           ; 2                     ; 0                  ; no     ; no             ; no            ; yes             ; no       ; Off          ; 2.5 V        ; --                        ; Fitter               ; no        ;
; b[33] ; AA11  ; 3        ; 21           ; 0            ; 21           ; 2                     ; 0                  ; no     ; no             ; no            ; yes             ; no       ; Off          ; 2.5 V        ; --                        ; Fitter               ; no        ;
; b[34] ; N1    ; 2        ; 0            ; 12           ; 21           ; 2                     ; 0                  ; no     ; no             ; no            ; yes             ; no       ; Off          ; 2.5 V        ; --                        ; Fitter               ; no        ;
; b[35] ; B10   ; 8        ; 16           ; 29           ; 21           ; 2                     ; 0                  ; no     ; no             ; no            ; yes             ; no       ; Off          ; 2.5 V        ; --                        ; Fitter               ; no        ;
; b[36] ; AA12  ; 4        ; 21           ; 0            ; 7            ; 2                     ; 0                  ; no     ; no             ; no            ; yes             ; no       ; Off          ; 2.5 V        ; --                        ; Fitter               ; no        ;
; b[37] ; U10   ; 3        ; 14           ; 0            ; 0            ; 2                     ; 0                  ; no     ; no             ; no            ; yes             ; no       ; Off          ; 2.5 V        ; --                        ; Fitter               ; no        ;
; b[38] ; W8    ; 3        ; 11           ; 0            ; 21           ; 2                     ; 0                  ; no     ; no             ; no            ; yes             ; no       ; Off          ; 2.5 V        ; --                        ; Fitter               ; no        ;
; b[39] ; N7    ; 2        ; 0            ; 6            ; 21           ; 2                     ; 0                  ; no     ; no             ; no            ; yes             ; no       ; Off          ; 2.5 V        ; --                        ; Fitter               ; no        ;
; b[3]  ; AB14  ; 4        ; 23           ; 0            ; 7            ; 2                     ; 0                  ; no     ; no             ; no            ; yes             ; no       ; Off          ; 2.5 V        ; --                        ; Fitter               ; no        ;
; b[40] ; C4    ; 8        ; 1            ; 29           ; 0            ; 2                     ; 0                  ; no     ; no             ; no            ; yes             ; no       ; Off          ; 2.5 V        ; --                        ; Fitter               ; no        ;
; b[41] ; E7    ; 8        ; 3            ; 29           ; 21           ; 2                     ; 0                  ; no     ; no             ; no            ; yes             ; no       ; Off          ; 2.5 V        ; --                        ; Fitter               ; no        ;
; b[42] ; B5    ; 8        ; 7            ; 29           ; 14           ; 2                     ; 0                  ; no     ; no             ; no            ; yes             ; no       ; Off          ; 2.5 V        ; --                        ; Fitter               ; no        ;
; b[43] ; E5    ; 8        ; 1            ; 29           ; 28           ; 2                     ; 0                  ; no     ; no             ; no            ; yes             ; no       ; Off          ; 2.5 V        ; --                        ; Fitter               ; no        ;
; b[44] ; E9    ; 8        ; 11           ; 29           ; 28           ; 2                     ; 0                  ; no     ; no             ; no            ; yes             ; no       ; Off          ; 2.5 V        ; --                        ; Fitter               ; no        ;
; b[45] ; B7    ; 8        ; 11           ; 29           ; 7            ; 2                     ; 0                  ; no     ; no             ; no            ; yes             ; no       ; Off          ; 2.5 V        ; --                        ; Fitter               ; no        ;
; b[46] ; A6    ; 8        ; 11           ; 29           ; 14           ; 2                     ; 0                  ; no     ; no             ; no            ; yes             ; no       ; Off          ; 2.5 V        ; --                        ; Fitter               ; no        ;
; b[47] ; A8    ; 8        ; 14           ; 29           ; 21           ; 2                     ; 0                  ; no     ; no             ; no            ; yes             ; no       ; Off          ; 2.5 V        ; --                        ; Fitter               ; no        ;
; b[48] ; G12   ; 7        ; 26           ; 29           ; 7            ; 2                     ; 0                  ; no     ; no             ; no            ; yes             ; no       ; Off          ; 2.5 V        ; --                        ; Fitter               ; no        ;
; b[49] ; H12   ; 7        ; 26           ; 29           ; 0            ; 2                     ; 0                  ; no     ; no             ; no            ; yes             ; no       ; Off          ; 2.5 V        ; --                        ; Fitter               ; no        ;
; b[4]  ; V16   ; 4        ; 37           ; 0            ; 28           ; 2                     ; 0                  ; no     ; no             ; no            ; yes             ; no       ; Off          ; 2.5 V        ; --                        ; Fitter               ; no        ;
; b[50] ; A14   ; 7        ; 23           ; 29           ; 21           ; 2                     ; 0                  ; no     ; no             ; no            ; yes             ; no       ; Off          ; 2.5 V        ; --                        ; Fitter               ; no        ;
; b[51] ; B15   ; 7        ; 26           ; 29           ; 28           ; 2                     ; 0                  ; no     ; no             ; no            ; yes             ; no       ; Off          ; 2.5 V        ; --                        ; Fitter               ; no        ;
; b[52] ; A17   ; 7        ; 30           ; 29           ; 14           ; 2                     ; 0                  ; no     ; no             ; no            ; yes             ; no       ; Off          ; 2.5 V        ; --                        ; Fitter               ; no        ;
; b[53] ; A16   ; 7        ; 30           ; 29           ; 28           ; 2                     ; 0                  ; no     ; no             ; no            ; yes             ; no       ; Off          ; 2.5 V        ; --                        ; Fitter               ; no        ;
; b[54] ; G13   ; 7        ; 30           ; 29           ; 7            ; 2                     ; 0                  ; no     ; no             ; no            ; yes             ; no       ; Off          ; 2.5 V        ; --                        ; Fitter               ; no        ;
; b[55] ; B19   ; 7        ; 32           ; 29           ; 0            ; 2                     ; 0                  ; no     ; no             ; no            ; yes             ; no       ; Off          ; 2.5 V        ; --                        ; Fitter               ; no        ;
; b[56] ; W15   ; 4        ; 32           ; 0            ; 21           ; 2                     ; 0                  ; no     ; no             ; no            ; yes             ; no       ; Off          ; 2.5 V        ; --                        ; Fitter               ; no        ;
; b[57] ; W17   ; 4        ; 35           ; 0            ; 7            ; 2                     ; 0                  ; no     ; no             ; no            ; yes             ; no       ; Off          ; 2.5 V        ; --                        ; Fitter               ; no        ;
; b[58] ; T14   ; 4        ; 32           ; 0            ; 14           ; 2                     ; 0                  ; no     ; no             ; no            ; yes             ; no       ; Off          ; 2.5 V        ; --                        ; Fitter               ; no        ;
; b[59] ; AB8   ; 3        ; 16           ; 0            ; 21           ; 2                     ; 0                  ; no     ; no             ; no            ; yes             ; no       ; Off          ; 2.5 V        ; --                        ; Fitter               ; no        ;
; b[5]  ; Y17   ; 4        ; 35           ; 0            ; 0            ; 2                     ; 0                  ; no     ; no             ; no            ; yes             ; no       ; Off          ; 2.5 V        ; --                        ; Fitter               ; no        ;
; b[60] ; AB10  ; 3        ; 21           ; 0            ; 28           ; 2                     ; 0                  ; no     ; no             ; no            ; yes             ; no       ; Off          ; 2.5 V        ; --                        ; Fitter               ; no        ;
; b[61] ; AB9   ; 3        ; 16           ; 0            ; 0            ; 2                     ; 0                  ; no     ; no             ; no            ; yes             ; no       ; Off          ; 2.5 V        ; --                        ; Fitter               ; no        ;
; b[62] ; AA8   ; 3        ; 16           ; 0            ; 28           ; 2                     ; 0                  ; no     ; no             ; no            ; yes             ; no       ; Off          ; 2.5 V        ; --                        ; Fitter               ; no        ;
; b[63] ; T16   ; 4        ; 37           ; 0            ; 7            ; 2                     ; 0                  ; no     ; no             ; no            ; yes             ; no       ; Off          ; 2.5 V        ; --                        ; Fitter               ; no        ;
; b[6]  ; AA21  ; 5        ; 41           ; 2            ; 14           ; 2                     ; 0                  ; no     ; no             ; no            ; yes             ; no       ; Off          ; 2.5 V        ; --                        ; Fitter               ; no        ;
; b[7]  ; AA20  ; 4        ; 37           ; 0            ; 21           ; 2                     ; 0                  ; no     ; no             ; no            ; yes             ; no       ; Off          ; 2.5 V        ; --                        ; Fitter               ; no        ;
; b[8]  ; A9    ; 8        ; 16           ; 29           ; 28           ; 2                     ; 0                  ; no     ; no             ; no            ; yes             ; no       ; Off          ; 2.5 V        ; --                        ; Fitter               ; no        ;
; b[9]  ; B13   ; 7        ; 21           ; 29           ; 7            ; 2                     ; 0                  ; no     ; no             ; no            ; yes             ; no       ; Off          ; 2.5 V        ; --                        ; Fitter               ; no        ;
; c     ; Y13   ; 4        ; 26           ; 0            ; 21           ; 3                     ; 0                  ; no     ; no             ; no            ; yes             ; no       ; Off          ; 2.5 V        ; --                        ; Fitter               ; no        ;
; s[0]  ; C17   ; 7        ; 35           ; 29           ; 14           ; 64                    ; 0                  ; no     ; no             ; no            ; yes             ; no       ; Off          ; 2.5 V        ; --                        ; Fitter               ; no        ;
; s[1]  ; H18   ; 6        ; 41           ; 23           ; 0            ; 64                    ; 0                  ; no     ; no             ; no            ; yes             ; no       ; Off          ; 2.5 V        ; --                        ; Fitter               ; no        ;
; s[2]  ; H9    ; 8        ; 7            ; 29           ; 0            ; 64                    ; 0                  ; no     ; no             ; no            ; yes             ; no       ; Off          ; 2.5 V        ; --                        ; Fitter               ; no        ;
; s[3]  ; T1    ; 2        ; 0            ; 14           ; 21           ; 64                    ; 0                  ; no     ; no             ; no            ; yes             ; no       ; Off          ; 2.5 V        ; --                        ; Fitter               ; no        ;
+-------+-------+----------+--------------+--------------+--------------+-----------------------+--------------------+--------+----------------+---------------+-----------------+----------+--------------+--------------+---------------------------+----------------------+-----------+


+--------------------------------------------------------------------------------------------------------------------------------------------------------------------------------------------------------------------------------------------------------------------------------------------------------------------------------------------------------------------------------------------------------------------------------------------------------+
; Output Pins                                                                                                                                                                                                                                                                                                                                                                                                                                            ;
+-------+-------+----------+--------------+--------------+--------------+-----------------+------------------------+---------------+-----------+-----------------+------------+---------------+----------+--------------+--------------+------------------+-----------------------------------+---------------------------+----------------------------+-----------------------------+----------------------+----------------------+---------------------+
; Name  ; Pin # ; I/O Bank ; X coordinate ; Y coordinate ; Z coordinate ; Output Register ; Output Enable Register ; Power Up High ; Slew Rate ; PCI I/O Enabled ; Open Drain ; TRI Primitive ; Bus Hold ; Weak Pull Up ; I/O Standard ; Current Strength ; Termination                       ; Termination Control Block ; Output Buffer Pre-emphasis ; Voltage Output Differential ; Location assigned by ; Output Enable Source ; Output Enable Group ;
+-------+-------+----------+--------------+--------------+--------------+-----------------+------------------------+---------------+-----------+-----------------+------------+---------------+----------+--------------+--------------+------------------+-----------------------------------+---------------------------+----------------------------+-----------------------------+----------------------+----------------------+---------------------+
; f[0]  ; AB15  ; 4        ; 26           ; 0            ; 7            ; no              ; no                     ; no            ; 2         ; no              ; no         ; no            ; no       ; Off          ; 2.5 V        ; Default          ; Series 50 Ohm without Calibration ; --                        ; no                         ; no                          ; Fitter               ; -                    ; -                   ;
; f[10] ; E10   ; 8        ; 16           ; 29           ; 7            ; no              ; no                     ; no            ; 2         ; no              ; no         ; no            ; no       ; Off          ; 2.5 V        ; Default          ; Series 50 Ohm without Calibration ; --                        ; no                         ; no                          ; Fitter               ; -                    ; -                   ;
; f[11] ; M15   ; 5        ; 41           ; 7            ; 21           ; no              ; no                     ; no            ; 2         ; no              ; no         ; no            ; no       ; Off          ; 2.5 V        ; Default          ; Series 50 Ohm without Calibration ; --                        ; no                         ; no                          ; Fitter               ; -                    ; -                   ;
; f[12] ; M20   ; 5        ; 41           ; 14           ; 14           ; no              ; no                     ; no            ; 2         ; no              ; no         ; no            ; no       ; Off          ; 2.5 V        ; Default          ; Series 50 Ohm without Calibration ; --                        ; no                         ; no                          ; Fitter               ; -                    ; -                   ;
; f[13] ; L16   ; 6        ; 41           ; 17           ; 7            ; no              ; no                     ; no            ; 2         ; no              ; no         ; no            ; no       ; Off          ; 2.5 V        ; Default          ; Series 50 Ohm without Calibration ; --                        ; no                         ; no                          ; Fitter               ; -                    ; -                   ;
; f[14] ; P20   ; 5        ; 41           ; 10           ; 0            ; no              ; no                     ; no            ; 2         ; no              ; no         ; no            ; no       ; Off          ; 2.5 V        ; Default          ; Series 50 Ohm without Calibration ; --                        ; no                         ; no                          ; Fitter               ; -                    ; -                   ;
; f[15] ; AB17  ; 4        ; 28           ; 0            ; 0            ; no              ; no                     ; no            ; 2         ; no              ; no         ; no            ; no       ; Off          ; 2.5 V        ; Default          ; Series 50 Ohm without Calibration ; --                        ; no                         ; no                          ; Fitter               ; -                    ; -                   ;
; f[16] ; M6    ; 2        ; 0            ; 13           ; 7            ; no              ; no                     ; no            ; 2         ; no              ; no         ; no            ; no       ; Off          ; 2.5 V        ; Default          ; Series 50 Ohm without Calibration ; --                        ; no                         ; no                          ; Fitter               ; -                    ; -                   ;
; f[17] ; N22   ; 5        ; 41           ; 13           ; 14           ; no              ; no                     ; no            ; 2         ; no              ; no         ; no            ; no       ; Off          ; 2.5 V        ; Default          ; Series 50 Ohm without Calibration ; --                        ; no                         ; no                          ; Fitter               ; -                    ; -                   ;
; f[18] ; AA9   ; 3        ; 16           ; 0            ; 7            ; no              ; no                     ; no            ; 2         ; no              ; no         ; no            ; no       ; Off          ; 2.5 V        ; Default          ; Series 50 Ohm without Calibration ; --                        ; no                         ; no                          ; Fitter               ; -                    ; -                   ;
; f[19] ; B8    ; 8        ; 14           ; 29           ; 28           ; no              ; no                     ; no            ; 2         ; no              ; no         ; no            ; no       ; Off          ; 2.5 V        ; Default          ; Series 50 Ohm without Calibration ; --                        ; no                         ; no                          ; Fitter               ; -                    ; -                   ;
; f[1]  ; W13   ; 4        ; 26           ; 0            ; 28           ; no              ; no                     ; no            ; 2         ; no              ; no         ; no            ; no       ; Off          ; 2.5 V        ; Default          ; Series 50 Ohm without Calibration ; --                        ; no                         ; no                          ; Fitter               ; -                    ; -                   ;
; f[20] ; U20   ; 5        ; 41           ; 4            ; 0            ; no              ; no                     ; no            ; 2         ; no              ; no         ; no            ; no       ; Off          ; 2.5 V        ; Default          ; Series 50 Ohm without Calibration ; --                        ; no                         ; no                          ; Fitter               ; -                    ; -                   ;
; f[21] ; V13   ; 4        ; 30           ; 0            ; 21           ; no              ; no                     ; no            ; 2         ; no              ; no         ; no            ; no       ; Off          ; 2.5 V        ; Default          ; Series 50 Ohm without Calibration ; --                        ; no                         ; no                          ; Fitter               ; -                    ; -                   ;
; f[22] ; R16   ; 4        ; 37           ; 0            ; 0            ; no              ; no                     ; no            ; 2         ; no              ; no         ; no            ; no       ; Off          ; 2.5 V        ; Default          ; Series 50 Ohm without Calibration ; --                        ; no                         ; no                          ; Fitter               ; -                    ; -                   ;
; f[23] ; W21   ; 5        ; 41           ; 5            ; 0            ; no              ; no                     ; no            ; 2         ; no              ; no         ; no            ; no       ; Off          ; 2.5 V        ; Default          ; Series 50 Ohm without Calibration ; --                        ; no                         ; no                          ; Fitter               ; -                    ; -                   ;
; f[24] ; B3    ; 8        ; 3            ; 29           ; 7            ; no              ; no                     ; no            ; 2         ; no              ; no         ; no            ; no       ; Off          ; 2.5 V        ; Default          ; Series 50 Ohm without Calibration ; --                        ; no                         ; no                          ; Fitter               ; -                    ; -                   ;
; f[25] ; A3    ; 8        ; 3            ; 29           ; 0            ; no              ; no                     ; no            ; 2         ; no              ; no         ; no            ; no       ; Off          ; 2.5 V        ; Default          ; Series 50 Ohm without Calibration ; --                        ; no                         ; no                          ; Fitter               ; -                    ; -                   ;
; f[26] ; D6    ; 8        ; 3            ; 29           ; 14           ; no              ; no                     ; no            ; 2         ; no              ; no         ; no            ; no       ; Off          ; 2.5 V        ; Default          ; Series 50 Ohm without Calibration ; --                        ; no                         ; no                          ; Fitter               ; -                    ; -                   ;
; f[27] ; T17   ; 5        ; 41           ; 2            ; 0            ; no              ; no                     ; no            ; 2         ; no              ; no         ; no            ; no       ; Off          ; 2.5 V        ; Default          ; Series 50 Ohm without Calibration ; --                        ; no                         ; no                          ; Fitter               ; -                    ; -                   ;
; f[28] ; U14   ; 4        ; 39           ; 0            ; 21           ; no              ; no                     ; no            ; 2         ; no              ; no         ; no            ; no       ; Off          ; 2.5 V        ; Default          ; Series 50 Ohm without Calibration ; --                        ; no                         ; no                          ; Fitter               ; -                    ; -                   ;
; f[29] ; U22   ; 5        ; 41           ; 8            ; 7            ; no              ; no                     ; no            ; 2         ; no              ; no         ; no            ; no       ; Off          ; 2.5 V        ; Default          ; Series 50 Ohm without Calibration ; --                        ; no                         ; no                          ; Fitter               ; -                    ; -                   ;
; f[2]  ; AA17  ; 4        ; 28           ; 0            ; 7            ; no              ; no                     ; no            ; 2         ; no              ; no         ; no            ; no       ; Off          ; 2.5 V        ; Default          ; Series 50 Ohm without Calibration ; --                        ; no                         ; no                          ; Fitter               ; -                    ; -                   ;
; f[30] ; R17   ; 5        ; 41           ; 6            ; 0            ; no              ; no                     ; no            ; 2         ; no              ; no         ; no            ; no       ; Off          ; 2.5 V        ; Default          ; Series 50 Ohm without Calibration ; --                        ; no                         ; no                          ; Fitter               ; -                    ; -                   ;
; f[31] ; P16   ; 5        ; 41           ; 6            ; 14           ; no              ; no                     ; no            ; 2         ; no              ; no         ; no            ; no       ; Off          ; 2.5 V        ; Default          ; Series 50 Ohm without Calibration ; --                        ; no                         ; no                          ; Fitter               ; -                    ; -                   ;
; f[32] ; R1    ; 2        ; 0            ; 10           ; 7            ; no              ; no                     ; no            ; 2         ; no              ; no         ; no            ; no       ; Off          ; 2.5 V        ; Default          ; Series 50 Ohm without Calibration ; --                        ; no                         ; no                          ; Fitter               ; -                    ; -                   ;
; f[33] ; M3    ; 2        ; 0            ; 12           ; 7            ; no              ; no                     ; no            ; 2         ; no              ; no         ; no            ; no       ; Off          ; 2.5 V        ; Default          ; Series 50 Ohm without Calibration ; --                        ; no                         ; no                          ; Fitter               ; -                    ; -                   ;
; f[34] ; N2    ; 2        ; 0            ; 12           ; 14           ; no              ; no                     ; no            ; 2         ; no              ; no         ; no            ; no       ; Off          ; 2.5 V        ; Default          ; Series 50 Ohm without Calibration ; --                        ; no                         ; no                          ; Fitter               ; -                    ; -                   ;
; f[35] ; L7    ; 2        ; 0            ; 11           ; 0            ; no              ; no                     ; no            ; 2         ; no              ; no         ; no            ; no       ; Off          ; 2.5 V        ; Default          ; Series 50 Ohm without Calibration ; --                        ; no                         ; no                          ; Fitter               ; -                    ; -                   ;
; f[36] ; U9    ; 3        ; 9            ; 0            ; 0            ; no              ; no                     ; no            ; 2         ; no              ; no         ; no            ; no       ; Off          ; 2.5 V        ; Default          ; Series 50 Ohm without Calibration ; --                        ; no                         ; no                          ; Fitter               ; -                    ; -                   ;
; f[37] ; AB5   ; 3        ; 9            ; 0            ; 21           ; no              ; no                     ; no            ; 2         ; no              ; no         ; no            ; no       ; Off          ; 2.5 V        ; Default          ; Series 50 Ohm without Calibration ; --                        ; no                         ; no                          ; Fitter               ; -                    ; -                   ;
; f[38] ; V8    ; 3        ; 11           ; 0            ; 28           ; no              ; no                     ; no            ; 2         ; no              ; no         ; no            ; no       ; Off          ; 2.5 V        ; Default          ; Series 50 Ohm without Calibration ; --                        ; no                         ; no                          ; Fitter               ; -                    ; -                   ;
; f[39] ; AB7   ; 3        ; 11           ; 0            ; 7            ; no              ; no                     ; no            ; 2         ; no              ; no         ; no            ; no       ; Off          ; 2.5 V        ; Default          ; Series 50 Ohm without Calibration ; --                        ; no                         ; no                          ; Fitter               ; -                    ; -                   ;
; f[3]  ; AA15  ; 4        ; 26           ; 0            ; 14           ; no              ; no                     ; no            ; 2         ; no              ; no         ; no            ; no       ; Off          ; 2.5 V        ; Default          ; Series 50 Ohm without Calibration ; --                        ; no                         ; no                          ; Fitter               ; -                    ; -                   ;
; f[40] ; G7    ; 8        ; 1            ; 29           ; 14           ; no              ; no                     ; no            ; 2         ; no              ; no         ; no            ; no       ; Off          ; 2.5 V        ; Default          ; Series 50 Ohm without Calibration ; --                        ; no                         ; no                          ; Fitter               ; -                    ; -                   ;
; f[41] ; C1    ; 1        ; 0            ; 26           ; 21           ; no              ; no                     ; no            ; 2         ; no              ; no         ; no            ; no       ; Off          ; 2.5 V        ; Default          ; Series 50 Ohm without Calibration ; --                        ; no                         ; no                          ; Fitter               ; -                    ; -                   ;
; f[42] ; E4    ; 1        ; 0            ; 26           ; 0            ; no              ; no                     ; no            ; 2         ; no              ; no         ; no            ; no       ; Off          ; 2.5 V        ; Default          ; Series 50 Ohm without Calibration ; --                        ; no                         ; no                          ; Fitter               ; -                    ; -                   ;
; f[43] ; E3    ; 1        ; 0            ; 26           ; 7            ; no              ; no                     ; no            ; 2         ; no              ; no         ; no            ; no       ; Off          ; 2.5 V        ; Default          ; Series 50 Ohm without Calibration ; --                        ; no                         ; no                          ; Fitter               ; -                    ; -                   ;
; f[44] ; C8    ; 8        ; 9            ; 29           ; 0            ; no              ; no                     ; no            ; 2         ; no              ; no         ; no            ; no       ; Off          ; 2.5 V        ; Default          ; Series 50 Ohm without Calibration ; --                        ; no                         ; no                          ; Fitter               ; -                    ; -                   ;
; f[45] ; G10   ; 8        ; 9            ; 29           ; 14           ; no              ; no                     ; no            ; 2         ; no              ; no         ; no            ; no       ; Off          ; 2.5 V        ; Default          ; Series 50 Ohm without Calibration ; --                        ; no                         ; no                          ; Fitter               ; -                    ; -                   ;
; f[46] ; C7    ; 8        ; 9            ; 29           ; 7            ; no              ; no                     ; no            ; 2         ; no              ; no         ; no            ; no       ; Off          ; 2.5 V        ; Default          ; Series 50 Ohm without Calibration ; --                        ; no                         ; no                          ; Fitter               ; -                    ; -                   ;
; f[47] ; F9    ; 8        ; 7            ; 29           ; 21           ; no              ; no                     ; no            ; 2         ; no              ; no         ; no            ; no       ; Off          ; 2.5 V        ; Default          ; Series 50 Ohm without Calibration ; --                        ; no                         ; no                          ; Fitter               ; -                    ; -                   ;
; f[48] ; F12   ; 7        ; 28           ; 29           ; 21           ; no              ; no                     ; no            ; 2         ; no              ; no         ; no            ; no       ; Off          ; 2.5 V        ; Default          ; Series 50 Ohm without Calibration ; --                        ; no                         ; no                          ; Fitter               ; -                    ; -                   ;
; f[49] ; E13   ; 7        ; 23           ; 29           ; 14           ; no              ; no                     ; no            ; 2         ; no              ; no         ; no            ; no       ; Off          ; 2.5 V        ; Default          ; Series 50 Ohm without Calibration ; --                        ; no                         ; no                          ; Fitter               ; -                    ; -                   ;
; f[4]  ; Y22   ; 5        ; 41           ; 3            ; 0            ; no              ; no                     ; no            ; 2         ; no              ; no         ; no            ; no       ; Off          ; 2.5 V        ; Default          ; Series 50 Ohm without Calibration ; --                        ; no                         ; no                          ; Fitter               ; -                    ; -                   ;
; f[50] ; H13   ; 7        ; 28           ; 29           ; 28           ; no              ; no                     ; no            ; 2         ; no              ; no         ; no            ; no       ; Off          ; 2.5 V        ; Default          ; Series 50 Ohm without Calibration ; --                        ; no                         ; no                          ; Fitter               ; -                    ; -                   ;
; f[51] ; C13   ; 7        ; 23           ; 29           ; 0            ; no              ; no                     ; no            ; 2         ; no              ; no         ; no            ; no       ; Off          ; 2.5 V        ; Default          ; Series 50 Ohm without Calibration ; --                        ; no                         ; no                          ; Fitter               ; -                    ; -                   ;
; f[52] ; A19   ; 7        ; 32           ; 29           ; 7            ; no              ; no                     ; no            ; 2         ; no              ; no         ; no            ; no       ; Off          ; 2.5 V        ; Default          ; Series 50 Ohm without Calibration ; --                        ; no                         ; no                          ; Fitter               ; -                    ; -                   ;
; f[53] ; A18   ; 7        ; 32           ; 29           ; 14           ; no              ; no                     ; no            ; 2         ; no              ; no         ; no            ; no       ; Off          ; 2.5 V        ; Default          ; Series 50 Ohm without Calibration ; --                        ; no                         ; no                          ; Fitter               ; -                    ; -                   ;
; f[54] ; B16   ; 7        ; 28           ; 29           ; 0            ; no              ; no                     ; no            ; 2         ; no              ; no         ; no            ; no       ; Off          ; 2.5 V        ; Default          ; Series 50 Ohm without Calibration ; --                        ; no                         ; no                          ; Fitter               ; -                    ; -                   ;
; f[55] ; E14   ; 7        ; 28           ; 29           ; 14           ; no              ; no                     ; no            ; 2         ; no              ; no         ; no            ; no       ; Off          ; 2.5 V        ; Default          ; Series 50 Ohm without Calibration ; --                        ; no                         ; no                          ; Fitter               ; -                    ; -                   ;
; f[56] ; AA18  ; 4        ; 35           ; 0            ; 28           ; no              ; no                     ; no            ; 2         ; no              ; no         ; no            ; no       ; Off          ; 2.5 V        ; Default          ; Series 50 Ohm without Calibration ; --                        ; no                         ; no                          ; Fitter               ; -                    ; -                   ;
; f[57] ; Y7    ; 3        ; 9            ; 0            ; 7            ; no              ; no                     ; no            ; 2         ; no              ; no         ; no            ; no       ; Off          ; 2.5 V        ; Default          ; Series 50 Ohm without Calibration ; --                        ; no                         ; no                          ; Fitter               ; -                    ; -                   ;
; f[58] ; AA19  ; 4        ; 35           ; 0            ; 21           ; no              ; no                     ; no            ; 2         ; no              ; no         ; no            ; no       ; Off          ; 2.5 V        ; Default          ; Series 50 Ohm without Calibration ; --                        ; no                         ; no                          ; Fitter               ; -                    ; -                   ;
; f[59] ; AB16  ; 4        ; 28           ; 0            ; 14           ; no              ; no                     ; no            ; 2         ; no              ; no         ; no            ; no       ; Off          ; 2.5 V        ; Default          ; Series 50 Ohm without Calibration ; --                        ; no                         ; no                          ; Fitter               ; -                    ; -                   ;
; f[5]  ; R14   ; 4        ; 39           ; 0            ; 14           ; no              ; no                     ; no            ; 2         ; no              ; no         ; no            ; no       ; Off          ; 2.5 V        ; Default          ; Series 50 Ohm without Calibration ; --                        ; no                         ; no                          ; Fitter               ; -                    ; -                   ;
; f[60] ; W10   ; 3        ; 19           ; 0            ; 14           ; no              ; no                     ; no            ; 2         ; no              ; no         ; no            ; no       ; Off          ; 2.5 V        ; Default          ; Series 50 Ohm without Calibration ; --                        ; no                         ; no                          ; Fitter               ; -                    ; -                   ;
; f[61] ; AA10  ; 3        ; 19           ; 0            ; 0            ; no              ; no                     ; no            ; 2         ; no              ; no         ; no            ; no       ; Off          ; 2.5 V        ; Default          ; Series 50 Ohm without Calibration ; --                        ; no                         ; no                          ; Fitter               ; -                    ; -                   ;
; f[62] ; Y10   ; 3        ; 19           ; 0            ; 7            ; no              ; no                     ; no            ; 2         ; no              ; no         ; no            ; no       ; Off          ; 2.5 V        ; Default          ; Series 50 Ohm without Calibration ; --                        ; no                         ; no                          ; Fitter               ; -                    ; -                   ;
; f[63] ; V12   ; 4        ; 23           ; 0            ; 0            ; no              ; no                     ; no            ; 2         ; no              ; no         ; no            ; no       ; Off          ; 2.5 V        ; Default          ; Series 50 Ohm without Calibration ; --                        ; no                         ; no                          ; Fitter               ; -                    ; -                   ;
; f[6]  ; W20   ; 5        ; 41           ; 3            ; 14           ; no              ; no                     ; no            ; 2         ; no              ; no         ; no            ; no       ; Off          ; 2.5 V        ; Default          ; Series 50 Ohm without Calibration ; --                        ; no                         ; no                          ; Fitter               ; -                    ; -                   ;
; f[7]  ; P15   ; 5        ; 41           ; 6            ; 21           ; no              ; no                     ; no            ; 2         ; no              ; no         ; no            ; no       ; Off          ; 2.5 V        ; Default          ; Series 50 Ohm without Calibration ; --                        ; no                         ; no                          ; Fitter               ; -                    ; -                   ;
; f[8]  ; C10   ; 8        ; 14           ; 29           ; 7            ; no              ; no                     ; no            ; 2         ; no              ; no         ; no            ; no       ; Off          ; 2.5 V        ; Default          ; Series 50 Ohm without Calibration ; --                        ; no                         ; no                          ; Fitter               ; -                    ; -                   ;
; f[9]  ; D10   ; 8        ; 16           ; 29           ; 0            ; no              ; no                     ; no            ; 2         ; no              ; no         ; no            ; no       ; Off          ; 2.5 V        ; Default          ; Series 50 Ohm without Calibration ; --                        ; no                         ; no                          ; Fitter               ; -                    ; -                   ;
+-------+-------+----------+--------------+--------------+--------------+-----------------+------------------------+---------------+-----------+-----------------+------------+---------------+----------+--------------+--------------+------------------+-----------------------------------+---------------------------+----------------------------+-----------------------------+----------------------+----------------------+---------------------+


+-------------------------------------------------------------------------------------------------------------------------------------+
; Dual Purpose and Dedicated Pins                                                                                                     ;
+----------+-----------------------------------------+--------------------------+-------------------------+---------------------------+
; Location ; Pin Name                                ; Reserved As              ; User Signal Name        ; Pin Type                  ;
+----------+-----------------------------------------+--------------------------+-------------------------+---------------------------+
; E4       ; DIFFIO_L2p, nRESET                      ; Use as regular IO        ; f[42]                   ; Dual Purpose Pin          ;
; D1       ; DIFFIO_L4n, DATA1, ASDO                 ; As input tri-stated      ; ~ALTERA_ASDO_DATA1~     ; Dual Purpose Pin          ;
; E2       ; DIFFIO_L6p, FLASH_nCE, nCSO             ; As input tri-stated      ; ~ALTERA_FLASH_nCE_nCSO~ ; Dual Purpose Pin          ;
; K6       ; nSTATUS                                 ; -                        ; -                       ; Dedicated Programming Pin ;
; K2       ; DCLK                                    ; As output driving ground ; ~ALTERA_DCLK~           ; Dual Purpose Pin          ;
; K1       ; DATA0                                   ; As input tri-stated      ; ~ALTERA_DATA0~          ; Dual Purpose Pin          ;
; K5       ; nCONFIG                                 ; -                        ; -                       ; Dedicated Programming Pin ;
; L3       ; nCE                                     ; -                        ; -                       ; Dedicated Programming Pin ;
; N22      ; DIFFIO_R21n, DEV_OE                     ; Use as regular IO        ; f[17]                   ; Dual Purpose Pin          ;
; N21      ; DIFFIO_R21p, DEV_CLRn                   ; Use as regular IO        ; a[16]                   ; Dual Purpose Pin          ;
; M18      ; CONF_DONE                               ; -                        ; -                       ; Dedicated Programming Pin ;
; M17      ; MSEL0                                   ; -                        ; -                       ; Dedicated Programming Pin ;
; L18      ; MSEL1                                   ; -                        ; -                       ; Dedicated Programming Pin ;
; L17      ; MSEL2                                   ; -                        ; -                       ; Dedicated Programming Pin ;
; K20      ; MSEL3                                   ; -                        ; -                       ; Dedicated Programming Pin ;
; K22      ; DIFFIO_R16n, nCEO                       ; Use as programming pin   ; ~ALTERA_nCEO~           ; Dual Purpose Pin          ;
; B18      ; DIFFIO_T27p, PADD0                      ; Use as regular IO        ; a[54]                   ; Dual Purpose Pin          ;
; A17      ; DIFFIO_T25n, PADD1                      ; Use as regular IO        ; b[52]                   ; Dual Purpose Pin          ;
; B17      ; DIFFIO_T25p, PADD2                      ; Use as regular IO        ; a[55]                   ; Dual Purpose Pin          ;
; E14      ; DIFFIO_T23n, PADD3                      ; Use as regular IO        ; f[55]                   ; Dual Purpose Pin          ;
; F13      ; DIFFIO_T21p, PADD4, DQS2T/CQ3T,DPCLK8   ; Use as regular IO        ; a[50]                   ; Dual Purpose Pin          ;
; A15      ; DIFFIO_T20n, PADD5                      ; Use as regular IO        ; a[49]                   ; Dual Purpose Pin          ;
; B15      ; DIFFIO_T20p, PADD6                      ; Use as regular IO        ; b[51]                   ; Dual Purpose Pin          ;
; C13      ; DIFFIO_T19n, PADD7                      ; Use as regular IO        ; f[51]                   ; Dual Purpose Pin          ;
; D13      ; DIFFIO_T19p, PADD8                      ; Use as regular IO        ; a[48]                   ; Dual Purpose Pin          ;
; A14      ; DIFFIO_T18n, PADD9                      ; Use as regular IO        ; b[50]                   ; Dual Purpose Pin          ;
; B14      ; DIFFIO_T18p, PADD10                     ; Use as regular IO        ; a[51]                   ; Dual Purpose Pin          ;
; A13      ; DIFFIO_T17n, PADD11                     ; Use as regular IO        ; a[8]                    ; Dual Purpose Pin          ;
; B13      ; DIFFIO_T17p, PADD12, DQS4T/CQ5T,DPCLK9  ; Use as regular IO        ; b[9]                    ; Dual Purpose Pin          ;
; E11      ; DIFFIO_T16n, PADD13                     ; Use as regular IO        ; b[19]                   ; Dual Purpose Pin          ;
; F11      ; DIFFIO_T16p, PADD14                     ; Use as regular IO        ; a[10]                   ; Dual Purpose Pin          ;
; B10      ; DIFFIO_T14p, PADD15                     ; Use as regular IO        ; b[35]                   ; Dual Purpose Pin          ;
; A9       ; DIFFIO_T13n, PADD16                     ; Use as regular IO        ; b[8]                    ; Dual Purpose Pin          ;
; A8       ; DIFFIO_T12n, DATA2                      ; Use as regular IO        ; b[47]                   ; Dual Purpose Pin          ;
; B8       ; DIFFIO_T12p, DATA3                      ; Use as regular IO        ; f[19]                   ; Dual Purpose Pin          ;
; A7       ; DIFFIO_T11n, PADD18                     ; Use as regular IO        ; a[47]                   ; Dual Purpose Pin          ;
; B7       ; DIFFIO_T11p, DATA4                      ; Use as regular IO        ; b[45]                   ; Dual Purpose Pin          ;
; A6       ; DIFFIO_T10n, PADD19                     ; Use as regular IO        ; b[46]                   ; Dual Purpose Pin          ;
; B6       ; DIFFIO_T10p, DATA15                     ; Use as regular IO        ; a[45]                   ; Dual Purpose Pin          ;
; C8       ; DIFFIO_T9n, DATA14, DQS3T/CQ3T#,DPCLK11 ; Use as regular IO        ; f[44]                   ; Dual Purpose Pin          ;
; C7       ; DIFFIO_T9p, DATA13                      ; Use as regular IO        ; f[46]                   ; Dual Purpose Pin          ;
; A5       ; DATA5                                   ; Use as regular IO        ; b[25]                   ; Dual Purpose Pin          ;
; C6       ; DATA7                                   ; Use as regular IO        ; b[24]                   ; Dual Purpose Pin          ;
; B4       ; DIFFIO_T5p, DATA8                       ; Use as regular IO        ; a[24]                   ; Dual Purpose Pin          ;
; F8       ; DIFFIO_T4n, DATA9                       ; Use as regular IO        ; a[43]                   ; Dual Purpose Pin          ;
; A3       ; DIFFIO_T3n, DATA10                      ; Use as regular IO        ; f[25]                   ; Dual Purpose Pin          ;
; B3       ; DIFFIO_T3p, DATA11                      ; Use as regular IO        ; f[24]                   ; Dual Purpose Pin          ;
; C4       ; DIFFIO_T2p, DATA12, DQS1T/CQ1T#,CDPCLK7 ; Use as regular IO        ; b[40]                   ; Dual Purpose Pin          ;
+----------+-----------------------------------------+--------------------------+-------------------------+---------------------------+


+-------------------------------------------------------------+
; I/O Bank Usage                                              ;
+----------+-------------------+---------------+--------------+
; I/O Bank ; Usage             ; VCCIO Voltage ; VREF Voltage ;
+----------+-------------------+---------------+--------------+
; 1        ; 8 / 32 ( 25 % )   ; 2.5V          ; --           ;
; 2        ; 12 / 47 ( 26 % )  ; 2.5V          ; --           ;
; 3        ; 28 / 46 ( 61 % )  ; 2.5V          ; --           ;
; 4        ; 41 / 41 ( 100 % ) ; 2.5V          ; --           ;
; 5        ; 42 / 45 ( 93 % )  ; 2.5V          ; --           ;
; 6        ; 4 / 43 ( 9 % )    ; 2.5V          ; --           ;
; 7        ; 30 / 47 ( 64 % )  ; 2.5V          ; --           ;
; 8        ; 38 / 43 ( 88 % )  ; 2.5V          ; --           ;
+----------+-------------------+---------------+--------------+


+-----------------------------------------------------------------------------------------------------------------------------------------------------------------------------------------+
; All Package Pins                                                                                                                                                                        ;
+----------+------------+----------+-----------------------------------------------------------+--------+--------------+---------+------------+-----------------+----------+--------------+
; Location ; Pad Number ; I/O Bank ; Pin Name/Usage                                            ; Dir.   ; I/O Standard ; Voltage ; I/O Type   ; User Assignment ; Bus Hold ; Weak Pull Up ;
+----------+------------+----------+-----------------------------------------------------------+--------+--------------+---------+------------+-----------------+----------+--------------+
; A1       ;            ;          ; GND                                                       ; gnd    ;              ;         ; --         ;                 ; --       ; --           ;
; A2       ;            ; 8        ; VCCIO8                                                    ; power  ;              ; 2.5V    ; --         ;                 ; --       ; --           ;
; A3       ; 354        ; 8        ; f[25]                                                     ; output ; 2.5 V        ;         ; Column I/O ; N               ; no       ; Off          ;
; A4       ; 350        ; 8        ; b[26]                                                     ; input  ; 2.5 V        ;         ; Column I/O ; N               ; no       ; Off          ;
; A5       ; 345        ; 8        ; b[25]                                                     ; input  ; 2.5 V        ;         ; Column I/O ; N               ; no       ; Off          ;
; A6       ; 336        ; 8        ; b[46]                                                     ; input  ; 2.5 V        ;         ; Column I/O ; N               ; no       ; Off          ;
; A7       ; 334        ; 8        ; a[47]                                                     ; input  ; 2.5 V        ;         ; Column I/O ; N               ; no       ; Off          ;
; A8       ; 332        ; 8        ; b[47]                                                     ; input  ; 2.5 V        ;         ; Column I/O ; N               ; no       ; Off          ;
; A9       ; 328        ; 8        ; b[8]                                                      ; input  ; 2.5 V        ;         ; Column I/O ; N               ; no       ; Off          ;
; A10      ; 326        ; 8        ; b[10]                                                     ; input  ; 2.5 V        ;         ; Column I/O ; N               ; no       ; Off          ;
; A11      ; 321        ; 8        ; GND+                                                      ;        ;              ;         ; Column I/O ;                 ; --       ; --           ;
; A12      ; 319        ; 7        ; GND+                                                      ;        ;              ;         ; Column I/O ;                 ; --       ; --           ;
; A13      ; 314        ; 7        ; a[8]                                                      ; input  ; 2.5 V        ;         ; Column I/O ; N               ; no       ; Off          ;
; A14      ; 312        ; 7        ; b[50]                                                     ; input  ; 2.5 V        ;         ; Column I/O ; N               ; no       ; Off          ;
; A15      ; 307        ; 7        ; a[49]                                                     ; input  ; 2.5 V        ;         ; Column I/O ; N               ; no       ; Off          ;
; A16      ; 298        ; 7        ; b[53]                                                     ; input  ; 2.5 V        ;         ; Column I/O ; N               ; no       ; Off          ;
; A17      ; 296        ; 7        ; b[52]                                                     ; input  ; 2.5 V        ;         ; Column I/O ; N               ; no       ; Off          ;
; A18      ; 291        ; 7        ; f[53]                                                     ; output ; 2.5 V        ;         ; Column I/O ; N               ; no       ; Off          ;
; A19      ; 290        ; 7        ; f[52]                                                     ; output ; 2.5 V        ;         ; Column I/O ; N               ; no       ; Off          ;
; A20      ; 284        ; 7        ; RESERVED_INPUT_WITH_WEAK_PULLUP                           ;        ;              ;         ; Column I/O ;                 ; no       ; On           ;
; A21      ;            ; 7        ; VCCIO7                                                    ; power  ;              ; 2.5V    ; --         ;                 ; --       ; --           ;
; A22      ;            ;          ; GND                                                       ; gnd    ;              ;         ; --         ;                 ; --       ; --           ;
; AA1      ; 76         ; 2        ; RESERVED_INPUT_WITH_WEAK_PULLUP                           ;        ;              ;         ; Row I/O    ;                 ; no       ; On           ;
; AA2      ;            ;          ; GND                                                       ; gnd    ;              ;         ; --         ;                 ; --       ; --           ;
; AA3      ; 102        ; 3        ; M                                                         ; input  ; 2.5 V        ;         ; Column I/O ; N               ; no       ; Off          ;
; AA4      ; 106        ; 3        ; RESERVED_INPUT_WITH_WEAK_PULLUP                           ;        ;              ;         ; Column I/O ;                 ; no       ; On           ;
; AA5      ; 108        ; 3        ; a[39]                                                     ; input  ; 2.5 V        ;         ; Column I/O ; N               ; no       ; Off          ;
; AA6      ;            ; 3        ; VCCIO3                                                    ; power  ;              ; 2.5V    ; --         ;                 ; --       ; --           ;
; AA7      ; 115        ; 3        ; a[36]                                                     ; input  ; 2.5 V        ;         ; Column I/O ; N               ; no       ; Off          ;
; AA8      ; 123        ; 3        ; b[62]                                                     ; input  ; 2.5 V        ;         ; Column I/O ; N               ; no       ; Off          ;
; AA9      ; 126        ; 3        ; f[18]                                                     ; output ; 2.5 V        ;         ; Column I/O ; N               ; no       ; Off          ;
; AA10     ; 132        ; 3        ; f[61]                                                     ; output ; 2.5 V        ;         ; Column I/O ; N               ; no       ; Off          ;
; AA11     ; 134        ; 3        ; b[33]                                                     ; input  ; 2.5 V        ;         ; Column I/O ; N               ; no       ; Off          ;
; AA12     ; 136        ; 4        ; b[36]                                                     ; input  ; 2.5 V        ;         ; Column I/O ; N               ; no       ; Off          ;
; AA13     ; 138        ; 4        ; a[3]                                                      ; input  ; 2.5 V        ;         ; Column I/O ; N               ; no       ; Off          ;
; AA14     ; 140        ; 4        ; a[17]                                                     ; input  ; 2.5 V        ;         ; Column I/O ; N               ; no       ; Off          ;
; AA15     ; 145        ; 4        ; f[3]                                                      ; output ; 2.5 V        ;         ; Column I/O ; N               ; no       ; Off          ;
; AA16     ; 149        ; 4        ; b[21]                                                     ; input  ; 2.5 V        ;         ; Column I/O ; N               ; no       ; Off          ;
; AA17     ; 151        ; 4        ; f[2]                                                      ; output ; 2.5 V        ;         ; Column I/O ; N               ; no       ; Off          ;
; AA18     ; 163        ; 4        ; f[56]                                                     ; output ; 2.5 V        ;         ; Column I/O ; N               ; no       ; Off          ;
; AA19     ; 164        ; 4        ; f[58]                                                     ; output ; 2.5 V        ;         ; Column I/O ; N               ; no       ; Off          ;
; AA20     ; 169        ; 4        ; b[7]                                                      ; input  ; 2.5 V        ;         ; Column I/O ; N               ; no       ; Off          ;
; AA21     ; 179        ; 5        ; b[6]                                                      ; input  ; 2.5 V        ;         ; Row I/O    ; N               ; no       ; Off          ;
; AA22     ;            ;          ; GND                                                       ; gnd    ;              ;         ; --         ;                 ; --       ; --           ;
; AB1      ;            ;          ; GND                                                       ; gnd    ;              ;         ; --         ;                 ; --       ; --           ;
; AB2      ;            ; 3        ; VCCIO3                                                    ; power  ;              ; 2.5V    ; --         ;                 ; --       ; --           ;
; AB3      ; 103        ; 3        ; a[1]                                                      ; input  ; 2.5 V        ;         ; Column I/O ; N               ; no       ; Off          ;
; AB4      ; 107        ; 3        ; RESERVED_INPUT_WITH_WEAK_PULLUP                           ;        ;              ;         ; Column I/O ;                 ; no       ; On           ;
; AB5      ; 109        ; 3        ; f[37]                                                     ; output ; 2.5 V        ;         ; Column I/O ; N               ; no       ; Off          ;
; AB6      ;            ;          ; GND                                                       ; gnd    ;              ;         ; --         ;                 ; --       ; --           ;
; AB7      ; 116        ; 3        ; f[39]                                                     ; output ; 2.5 V        ;         ; Column I/O ; N               ; no       ; Off          ;
; AB8      ; 124        ; 3        ; b[59]                                                     ; input  ; 2.5 V        ;         ; Column I/O ; N               ; no       ; Off          ;
; AB9      ; 127        ; 3        ; b[61]                                                     ; input  ; 2.5 V        ;         ; Column I/O ; N               ; no       ; Off          ;
; AB10     ; 133        ; 3        ; b[60]                                                     ; input  ; 2.5 V        ;         ; Column I/O ; N               ; no       ; Off          ;
; AB11     ; 135        ; 3        ; a[34]                                                     ; input  ; 2.5 V        ;         ; Column I/O ; N               ; no       ; Off          ;
; AB12     ; 137        ; 4        ; a[37]                                                     ; input  ; 2.5 V        ;         ; Column I/O ; N               ; no       ; Off          ;
; AB13     ; 139        ; 4        ; b[0]                                                      ; input  ; 2.5 V        ;         ; Column I/O ; N               ; no       ; Off          ;
; AB14     ; 141        ; 4        ; b[3]                                                      ; input  ; 2.5 V        ;         ; Column I/O ; N               ; no       ; Off          ;
; AB15     ; 146        ; 4        ; f[0]                                                      ; output ; 2.5 V        ;         ; Column I/O ; N               ; no       ; Off          ;
; AB16     ; 150        ; 4        ; f[59]                                                     ; output ; 2.5 V        ;         ; Column I/O ; N               ; no       ; Off          ;
; AB17     ; 152        ; 4        ; f[15]                                                     ; output ; 2.5 V        ;         ; Column I/O ; N               ; no       ; Off          ;
; AB18     ; 162        ; 4        ; a[58]                                                     ; input  ; 2.5 V        ;         ; Column I/O ; N               ; no       ; Off          ;
; AB19     ; 165        ; 4        ; a[4]                                                      ; input  ; 2.5 V        ;         ; Column I/O ; N               ; no       ; Off          ;
; AB20     ; 170        ; 4        ; a[7]                                                      ; input  ; 2.5 V        ;         ; Column I/O ; N               ; no       ; Off          ;
; AB21     ;            ; 4        ; VCCIO4                                                    ; power  ;              ; 2.5V    ; --         ;                 ; --       ; --           ;
; AB22     ;            ;          ; GND                                                       ; gnd    ;              ;         ; --         ;                 ; --       ; --           ;
; B1       ; 2          ; 1        ; RESERVED_INPUT_WITH_WEAK_PULLUP                           ;        ;              ;         ; Row I/O    ;                 ; no       ; On           ;
; B2       ; 1          ; 1        ; RESERVED_INPUT_WITH_WEAK_PULLUP                           ;        ;              ;         ; Row I/O    ;                 ; no       ; On           ;
; B3       ; 355        ; 8        ; f[24]                                                     ; output ; 2.5 V        ;         ; Column I/O ; N               ; no       ; Off          ;
; B4       ; 351        ; 8        ; a[24]                                                     ; input  ; 2.5 V        ;         ; Column I/O ; N               ; no       ; Off          ;
; B5       ; 346        ; 8        ; b[42]                                                     ; input  ; 2.5 V        ;         ; Column I/O ; N               ; no       ; Off          ;
; B6       ; 337        ; 8        ; a[45]                                                     ; input  ; 2.5 V        ;         ; Column I/O ; N               ; no       ; Off          ;
; B7       ; 335        ; 8        ; b[45]                                                     ; input  ; 2.5 V        ;         ; Column I/O ; N               ; no       ; Off          ;
; B8       ; 333        ; 8        ; f[19]                                                     ; output ; 2.5 V        ;         ; Column I/O ; N               ; no       ; Off          ;
; B9       ; 329        ; 8        ; RESERVED_INPUT_WITH_WEAK_PULLUP                           ;        ;              ;         ; Column I/O ;                 ; no       ; On           ;
; B10      ; 327        ; 8        ; b[35]                                                     ; input  ; 2.5 V        ;         ; Column I/O ; N               ; no       ; Off          ;
; B11      ; 322        ; 8        ; GND+                                                      ;        ;              ;         ; Column I/O ;                 ; --       ; --           ;
; B12      ; 320        ; 7        ; GND+                                                      ;        ;              ;         ; Column I/O ;                 ; --       ; --           ;
; B13      ; 315        ; 7        ; b[9]                                                      ; input  ; 2.5 V        ;         ; Column I/O ; N               ; no       ; Off          ;
; B14      ; 313        ; 7        ; a[51]                                                     ; input  ; 2.5 V        ;         ; Column I/O ; N               ; no       ; Off          ;
; B15      ; 308        ; 7        ; b[51]                                                     ; input  ; 2.5 V        ;         ; Column I/O ; N               ; no       ; Off          ;
; B16      ; 299        ; 7        ; f[54]                                                     ; output ; 2.5 V        ;         ; Column I/O ; N               ; no       ; Off          ;
; B17      ; 297        ; 7        ; a[55]                                                     ; input  ; 2.5 V        ;         ; Column I/O ; N               ; no       ; Off          ;
; B18      ; 292        ; 7        ; a[54]                                                     ; input  ; 2.5 V        ;         ; Column I/O ; N               ; no       ; Off          ;
; B19      ; 289        ; 7        ; b[55]                                                     ; input  ; 2.5 V        ;         ; Column I/O ; N               ; no       ; Off          ;
; B20      ; 285        ; 7        ; RESERVED_INPUT_WITH_WEAK_PULLUP                           ;        ;              ;         ; Column I/O ;                 ; no       ; On           ;
; B21      ; 269        ; 6        ; RESERVED_INPUT_WITH_WEAK_PULLUP                           ;        ;              ;         ; Row I/O    ;                 ; no       ; On           ;
; B22      ; 268        ; 6        ; RESERVED_INPUT_WITH_WEAK_PULLUP                           ;        ;              ;         ; Row I/O    ;                 ; no       ; On           ;
; C1       ; 7          ; 1        ; f[41]                                                     ; output ; 2.5 V        ;         ; Row I/O    ; N               ; no       ; Off          ;
; C2       ; 6          ; 1        ; a[40]                                                     ; input  ; 2.5 V        ;         ; Row I/O    ; N               ; no       ; Off          ;
; C3       ; 358        ; 8        ; a[42]                                                     ; input  ; 2.5 V        ;         ; Column I/O ; N               ; no       ; Off          ;
; C4       ; 359        ; 8        ; b[40]                                                     ; input  ; 2.5 V        ;         ; Column I/O ; N               ; no       ; Off          ;
; C5       ;            ;          ; GND                                                       ; gnd    ;              ;         ; --         ;                 ; --       ; --           ;
; C6       ; 349        ; 8        ; b[24]                                                     ; input  ; 2.5 V        ;         ; Column I/O ; N               ; no       ; Off          ;
; C7       ; 340        ; 8        ; f[46]                                                     ; output ; 2.5 V        ;         ; Column I/O ; N               ; no       ; Off          ;
; C8       ; 339        ; 8        ; f[44]                                                     ; output ; 2.5 V        ;         ; Column I/O ; N               ; no       ; Off          ;
; C9       ;            ;          ; GND                                                       ; gnd    ;              ;         ; --         ;                 ; --       ; --           ;
; C10      ; 330        ; 8        ; f[8]                                                      ; output ; 2.5 V        ;         ; Column I/O ; N               ; no       ; Off          ;
; C11      ;            ;          ; GND                                                       ; gnd    ;              ;         ; --         ;                 ; --       ; --           ;
; C12      ;            ;          ; GND                                                       ; gnd    ;              ;         ; --         ;                 ; --       ; --           ;
; C13      ; 309        ; 7        ; f[51]                                                     ; output ; 2.5 V        ;         ; Column I/O ; N               ; no       ; Off          ;
; C14      ;            ;          ; GND                                                       ; gnd    ;              ;         ; --         ;                 ; --       ; --           ;
; C15      ; 300        ; 7        ; a[53]                                                     ; input  ; 2.5 V        ;         ; Column I/O ; N               ; no       ; Off          ;
; C16      ;            ;          ; GND                                                       ; gnd    ;              ;         ; --         ;                 ; --       ; --           ;
; C17      ; 286        ; 7        ; s[0]                                                      ; input  ; 2.5 V        ;         ; Column I/O ; N               ; no       ; Off          ;
; C18      ;            ;          ; GND                                                       ; gnd    ;              ;         ; --         ;                 ; --       ; --           ;
; C19      ; 282        ; 7        ; RESERVED_INPUT_WITH_WEAK_PULLUP                           ;        ;              ;         ; Column I/O ;                 ; no       ; On           ;
; C20      ; 270        ; 6        ; RESERVED_INPUT_WITH_WEAK_PULLUP                           ;        ;              ;         ; Row I/O    ;                 ; no       ; On           ;
; C21      ; 267        ; 6        ; RESERVED_INPUT_WITH_WEAK_PULLUP                           ;        ;              ;         ; Row I/O    ;                 ; no       ; On           ;
; C22      ; 266        ; 6        ; RESERVED_INPUT_WITH_WEAK_PULLUP                           ;        ;              ;         ; Row I/O    ;                 ; no       ; On           ;
; D1       ; 9          ; 1        ; ~ALTERA_ASDO_DATA1~ / RESERVED_INPUT_WITH_WEAK_PULLUP     ; input  ; 2.5 V        ;         ; Row I/O    ; N               ; no       ; On           ;
; D2       ; 8          ; 1        ; RESERVED_INPUT_WITH_WEAK_PULLUP                           ;        ;              ;         ; Row I/O    ;                 ; no       ; On           ;
; D3       ;            ;          ; GND                                                       ; gnd    ;              ;         ; --         ;                 ; --       ; --           ;
; D4       ;            ; 1        ; VCCIO1                                                    ; power  ;              ; 2.5V    ; --         ;                 ; --       ; --           ;
; D5       ;            ; 8        ; VCCIO8                                                    ; power  ;              ; 2.5V    ; --         ;                 ; --       ; --           ;
; D6       ; 356        ; 8        ; f[26]                                                     ; output ; 2.5 V        ;         ; Column I/O ; N               ; no       ; Off          ;
; D7       ;            ;          ; GND                                                       ; gnd    ;              ;         ; --         ;                 ; --       ; --           ;
; D8       ;            ;          ; GND                                                       ; gnd    ;              ;         ; --         ;                 ; --       ; --           ;
; D9       ;            ; 8        ; VCCIO8                                                    ; power  ;              ; 2.5V    ; --         ;                 ; --       ; --           ;
; D10      ; 324        ; 8        ; f[9]                                                      ; output ; 2.5 V        ;         ; Column I/O ; N               ; no       ; Off          ;
; D11      ;            ; 8        ; VCCIO8                                                    ; power  ;              ; 2.5V    ; --         ;                 ; --       ; --           ;
; D12      ;            ; 7        ; VCCIO7                                                    ; power  ;              ; 2.5V    ; --         ;                 ; --       ; --           ;
; D13      ; 310        ; 7        ; a[48]                                                     ; input  ; 2.5 V        ;         ; Column I/O ; N               ; no       ; Off          ;
; D14      ;            ; 7        ; VCCIO7                                                    ; power  ;              ; 2.5V    ; --         ;                 ; --       ; --           ;
; D15      ; 293        ; 7        ; RESERVED_INPUT_WITH_WEAK_PULLUP                           ;        ;              ;         ; Column I/O ;                 ; no       ; On           ;
; D16      ;            ; 7        ; VCCIO7                                                    ; power  ;              ; 2.5V    ; --         ;                 ; --       ; --           ;
; D17      ; 281        ; 7        ; RESERVED_INPUT_WITH_WEAK_PULLUP                           ;        ;              ;         ; Column I/O ;                 ; --       ; --           ;
; D18      ;            ; 7        ; VCCIO7                                                    ; power  ;              ; 2.5V    ; --         ;                 ; --       ; --           ;
; D19      ; 283        ; 7        ; RESERVED_INPUT_WITH_WEAK_PULLUP                           ;        ;              ;         ; Column I/O ;                 ; no       ; On           ;
; D20      ; 271        ; 6        ; RESERVED_INPUT_WITH_WEAK_PULLUP                           ;        ;              ;         ; Row I/O    ;                 ; no       ; On           ;
; D21      ; 261        ; 6        ; RESERVED_INPUT_WITH_WEAK_PULLUP                           ;        ;              ;         ; Row I/O    ;                 ; no       ; On           ;
; D22      ; 260        ; 6        ; RESERVED_INPUT_WITH_WEAK_PULLUP                           ;        ;              ;         ; Row I/O    ;                 ; no       ; On           ;
; E1       ; 14         ; 1        ; RESERVED_INPUT_WITH_WEAK_PULLUP                           ;        ;              ;         ; Row I/O    ;                 ; no       ; On           ;
; E2       ; 13         ; 1        ; ~ALTERA_FLASH_nCE_nCSO~ / RESERVED_INPUT_WITH_WEAK_PULLUP ; input  ; 2.5 V        ;         ; Row I/O    ; N               ; no       ; On           ;
; E3       ; 5          ; 1        ; f[43]                                                     ; output ; 2.5 V        ;         ; Row I/O    ; N               ; no       ; Off          ;
; E4       ; 4          ; 1        ; f[42]                                                     ; output ; 2.5 V        ;         ; Row I/O    ; N               ; no       ; Off          ;
; E5       ; 363        ; 8        ; b[43]                                                     ; input  ; 2.5 V        ;         ; Column I/O ; N               ; no       ; Off          ;
; E6       ; 362        ; 8        ; a[26]                                                     ; input  ; 2.5 V        ;         ; Column I/O ; N               ; no       ; Off          ;
; E7       ; 357        ; 8        ; b[41]                                                     ; input  ; 2.5 V        ;         ; Column I/O ; N               ; no       ; Off          ;
; E8       ;            ; 8        ; VCCIO8                                                    ; power  ;              ; 2.5V    ; --         ;                 ; --       ; --           ;
; E9       ; 338        ; 8        ; b[44]                                                     ; input  ; 2.5 V        ;         ; Column I/O ; N               ; no       ; Off          ;
; E10      ; 325        ; 8        ; f[10]                                                     ; output ; 2.5 V        ;         ; Column I/O ; N               ; no       ; Off          ;
; E11      ; 317        ; 7        ; b[19]                                                     ; input  ; 2.5 V        ;         ; Column I/O ; N               ; no       ; Off          ;
; E12      ; 316        ; 7        ; a[19]                                                     ; input  ; 2.5 V        ;         ; Column I/O ; N               ; no       ; Off          ;
; E13      ; 311        ; 7        ; f[49]                                                     ; output ; 2.5 V        ;         ; Column I/O ; N               ; no       ; Off          ;
; E14      ; 301        ; 7        ; f[55]                                                     ; output ; 2.5 V        ;         ; Column I/O ; N               ; no       ; Off          ;
; E15      ; 294        ; 7        ; a[52]                                                     ; input  ; 2.5 V        ;         ; Column I/O ; N               ; no       ; Off          ;
; E16      ; 275        ; 7        ; RESERVED_INPUT_WITH_WEAK_PULLUP                           ;        ;              ;         ; Column I/O ;                 ; no       ; On           ;
; E17      ;            ;          ; VCCD_PLL2                                                 ; power  ;              ; 1.2V    ; --         ;                 ; --       ; --           ;
; E18      ;            ;          ; GNDA2                                                     ; gnd    ;              ;         ; --         ;                 ; --       ; --           ;
; E19      ;            ; 6        ; VCCIO6                                                    ; power  ;              ; 2.5V    ; --         ;                 ; --       ; --           ;
; E20      ;            ;          ; GND                                                       ; gnd    ;              ;         ; --         ;                 ; --       ; --           ;
; E21      ; 256        ; 6        ; RESERVED_INPUT_WITH_WEAK_PULLUP                           ;        ;              ;         ; Row I/O    ;                 ; no       ; On           ;
; E22      ; 255        ; 6        ; RESERVED_INPUT_WITH_WEAK_PULLUP                           ;        ;              ;         ; Row I/O    ;                 ; no       ; On           ;
; F1       ; 16         ; 1        ; RESERVED_INPUT_WITH_WEAK_PULLUP                           ;        ;              ;         ; Row I/O    ;                 ; no       ; On           ;
; F2       ; 15         ; 1        ; RESERVED_INPUT_WITH_WEAK_PULLUP                           ;        ;              ;         ; Row I/O    ;                 ; no       ; On           ;
; F3       ;            ;          ; GND                                                       ; gnd    ;              ;         ; --         ;                 ; --       ; --           ;
; F4       ;            ; 1        ; VCCIO1                                                    ; power  ;              ; 2.5V    ; --         ;                 ; --       ; --           ;
; F5       ;            ;          ; GNDA3                                                     ; gnd    ;              ;         ; --         ;                 ; --       ; --           ;
; F6       ;            ;          ; VCCD_PLL3                                                 ; power  ;              ; 1.2V    ; --         ;                 ; --       ; --           ;
; F7       ; 360        ; 8        ; a[25]                                                     ; input  ; 2.5 V        ;         ; Column I/O ; N               ; no       ; Off          ;
; F8       ; 352        ; 8        ; a[43]                                                     ; input  ; 2.5 V        ;         ; Column I/O ; N               ; no       ; Off          ;
; F9       ; 347        ; 8        ; f[47]                                                     ; output ; 2.5 V        ;         ; Column I/O ; N               ; no       ; Off          ;
; F10      ; 348        ; 8        ; RESERVED_INPUT_WITH_WEAK_PULLUP                           ;        ;              ;         ; Column I/O ;                 ; no       ; On           ;
; F11      ; 318        ; 7        ; a[10]                                                     ; input  ; 2.5 V        ;         ; Column I/O ; N               ; no       ; Off          ;
; F12      ; 302        ; 7        ; f[48]                                                     ; output ; 2.5 V        ;         ; Column I/O ; N               ; no       ; Off          ;
; F13      ; 306        ; 7        ; a[50]                                                     ; input  ; 2.5 V        ;         ; Column I/O ; N               ; no       ; Off          ;
; F14      ; 279        ; 7        ; RESERVED_INPUT_WITH_WEAK_PULLUP                           ;        ;              ;         ; Column I/O ;                 ; no       ; On           ;
; F15      ; 276        ; 7        ; RESERVED_INPUT_WITH_WEAK_PULLUP                           ;        ;              ;         ; Column I/O ;                 ; no       ; On           ;
; F16      ; 274        ; 7        ; RESERVED_INPUT_WITH_WEAK_PULLUP                           ;        ;              ;         ; Column I/O ;                 ; no       ; On           ;
; F17      ; 272        ; 6        ; RESERVED_INPUT_WITH_WEAK_PULLUP                           ;        ;              ;         ; Row I/O    ;                 ; no       ; On           ;
; F18      ;            ; --       ; VCCA2                                                     ; power  ;              ; 2.5V    ; --         ;                 ; --       ; --           ;
; F19      ; 263        ; 6        ; RESERVED_INPUT_WITH_WEAK_PULLUP                           ;        ;              ;         ; Row I/O    ;                 ; no       ; On           ;
; F20      ; 262        ; 6        ; RESERVED_INPUT_WITH_WEAK_PULLUP                           ;        ;              ;         ; Row I/O    ;                 ; no       ; On           ;
; F21      ; 251        ; 6        ; RESERVED_INPUT_WITH_WEAK_PULLUP                           ;        ;              ;         ; Row I/O    ;                 ; no       ; On           ;
; F22      ; 250        ; 6        ; RESERVED_INPUT_WITH_WEAK_PULLUP                           ;        ;              ;         ; Row I/O    ;                 ; no       ; On           ;
; G1       ; 39         ; 1        ; GND+                                                      ;        ;              ;         ; Row I/O    ;                 ; --       ; --           ;
; G2       ;            ;          ; GND                                                       ; gnd    ;              ;         ; --         ;                 ; --       ; --           ;
; G3       ; 18         ; 1        ; RESERVED_INPUT_WITH_WEAK_PULLUP                           ;        ;              ;         ; Row I/O    ;                 ; no       ; On           ;
; G4       ; 17         ; 1        ; RESERVED_INPUT_WITH_WEAK_PULLUP                           ;        ;              ;         ; Row I/O    ;                 ; no       ; On           ;
; G5       ; 3          ; 1        ; RESERVED_INPUT_WITH_WEAK_PULLUP                           ;        ;              ;         ; Row I/O    ;                 ; no       ; On           ;
; G6       ;            ; --       ; VCCA3                                                     ; power  ;              ; 2.5V    ; --         ;                 ; --       ; --           ;
; G7       ; 361        ; 8        ; f[40]                                                     ; output ; 2.5 V        ;         ; Column I/O ; N               ; no       ; Off          ;
; G8       ; 353        ; 8        ; a[41]                                                     ; input  ; 2.5 V        ;         ; Column I/O ; N               ; no       ; Off          ;
; G9       ; 342        ; 8        ; a[44]                                                     ; input  ; 2.5 V        ;         ; Column I/O ; N               ; no       ; Off          ;
; G10      ; 341        ; 8        ; f[45]                                                     ; output ; 2.5 V        ;         ; Column I/O ; N               ; no       ; Off          ;
; G11      ; 331        ; 8        ; RESERVED_INPUT_WITH_WEAK_PULLUP                           ;        ;              ;         ; Column I/O ;                 ; no       ; On           ;
; G12      ; 305        ; 7        ; b[48]                                                     ; input  ; 2.5 V        ;         ; Column I/O ; N               ; no       ; Off          ;
; G13      ; 295        ; 7        ; b[54]                                                     ; input  ; 2.5 V        ;         ; Column I/O ; N               ; no       ; Off          ;
; G14      ; 280        ; 7        ; RESERVED_INPUT_WITH_WEAK_PULLUP                           ;        ;              ;         ; Column I/O ;                 ; no       ; On           ;
; G15      ; 278        ; 7        ; RESERVED_INPUT_WITH_WEAK_PULLUP                           ;        ;              ;         ; Column I/O ;                 ; no       ; On           ;
; G16      ; 277        ; 7        ; RESERVED_INPUT_WITH_WEAK_PULLUP                           ;        ;              ;         ; Column I/O ;                 ; no       ; On           ;
; G17      ; 273        ; 6        ; RESERVED_INPUT_WITH_WEAK_PULLUP                           ;        ;              ;         ; Row I/O    ;                 ; no       ; On           ;
; G18      ; 264        ; 6        ; RESERVED_INPUT_WITH_WEAK_PULLUP                           ;        ;              ;         ; Row I/O    ;                 ; no       ; On           ;
; G19      ;            ; 6        ; VCCIO6                                                    ; power  ;              ; 2.5V    ; --         ;                 ; --       ; --           ;
; G20      ;            ;          ; GND                                                       ; gnd    ;              ;         ; --         ;                 ; --       ; --           ;
; G21      ; 226        ; 6        ; GND+                                                      ;        ;              ;         ; Row I/O    ;                 ; --       ; --           ;
; G22      ; 225        ; 6        ; GND+                                                      ;        ;              ;         ; Row I/O    ;                 ; --       ; --           ;
; H1       ; 26         ; 1        ; RESERVED_INPUT_WITH_WEAK_PULLUP                           ;        ;              ;         ; Row I/O    ;                 ; no       ; On           ;
; H2       ; 25         ; 1        ; RESERVED_INPUT_WITH_WEAK_PULLUP                           ;        ;              ;         ; Row I/O    ;                 ; no       ; On           ;
; H3       ;            ;          ; GND                                                       ; gnd    ;              ;         ; --         ;                 ; --       ; --           ;
; H4       ;            ; 1        ; VCCIO1                                                    ; power  ;              ; 2.5V    ; --         ;                 ; --       ; --           ;
; H5       ; 0          ; 1        ; RESERVED_INPUT_WITH_WEAK_PULLUP                           ;        ;              ;         ; Row I/O    ;                 ; no       ; On           ;
; H6       ; 11         ; 1        ; RESERVED_INPUT_WITH_WEAK_PULLUP                           ;        ;              ;         ; Row I/O    ;                 ; no       ; On           ;
; H7       ; 10         ; 1        ; RESERVED_INPUT_WITH_WEAK_PULLUP                           ;        ;              ;         ; Row I/O    ;                 ; --       ; --           ;
; H8       ;            ;          ; GND                                                       ; gnd    ;              ;         ; --         ;                 ; --       ; --           ;
; H9       ; 344        ; 8        ; s[2]                                                      ; input  ; 2.5 V        ;         ; Column I/O ; N               ; no       ; Off          ;
; H10      ; 343        ; 8        ; a[46]                                                     ; input  ; 2.5 V        ;         ; Column I/O ; N               ; no       ; Off          ;
; H11      ; 323        ; 8        ; a[9]                                                      ; input  ; 2.5 V        ;         ; Column I/O ; N               ; no       ; Off          ;
; H12      ; 304        ; 7        ; b[49]                                                     ; input  ; 2.5 V        ;         ; Column I/O ; N               ; no       ; Off          ;
; H13      ; 303        ; 7        ; f[50]                                                     ; output ; 2.5 V        ;         ; Column I/O ; N               ; no       ; Off          ;
; H14      ; 288        ; 7        ; RESERVED_INPUT_WITH_WEAK_PULLUP                           ;        ;              ;         ; Column I/O ;                 ; no       ; On           ;
; H15      ; 287        ; 7        ; RESERVED_INPUT_WITH_WEAK_PULLUP                           ;        ;              ;         ; Column I/O ;                 ; no       ; On           ;
; H16      ; 259        ; 6        ; RESERVED_INPUT_WITH_WEAK_PULLUP                           ;        ;              ;         ; Row I/O    ;                 ; no       ; On           ;
; H17      ; 265        ; 6        ; RESERVED_INPUT_WITH_WEAK_PULLUP                           ;        ;              ;         ; Row I/O    ;                 ; no       ; On           ;
; H18      ; 257        ; 6        ; s[1]                                                      ; input  ; 2.5 V        ;         ; Row I/O    ; N               ; no       ; Off          ;
; H19      ; 254        ; 6        ; RESERVED_INPUT_WITH_WEAK_PULLUP                           ;        ;              ;         ; Row I/O    ;                 ; no       ; On           ;
; H20      ; 253        ; 6        ; RESERVED_INPUT_WITH_WEAK_PULLUP                           ;        ;              ;         ; Row I/O    ;                 ; no       ; On           ;
; H21      ; 246        ; 6        ; RESERVED_INPUT_WITH_WEAK_PULLUP                           ;        ;              ;         ; Row I/O    ;                 ; no       ; On           ;
; H22      ; 245        ; 6        ; RESERVED_INPUT_WITH_WEAK_PULLUP                           ;        ;              ;         ; Row I/O    ;                 ; no       ; On           ;
; J1       ; 29         ; 1        ; RESERVED_INPUT_WITH_WEAK_PULLUP                           ;        ;              ;         ; Row I/O    ;                 ; no       ; On           ;
; J2       ; 28         ; 1        ; RESERVED_INPUT_WITH_WEAK_PULLUP                           ;        ;              ;         ; Row I/O    ;                 ; no       ; On           ;
; J3       ; 27         ; 1        ; RESERVED_INPUT_WITH_WEAK_PULLUP                           ;        ;              ;         ; Row I/O    ;                 ; --       ; --           ;
; J4       ; 24         ; 1        ; RESERVED_INPUT_WITH_WEAK_PULLUP                           ;        ;              ;         ; Row I/O    ;                 ; no       ; On           ;
; J5       ;            ;          ; GND                                                       ; gnd    ;              ;         ; --         ;                 ; --       ; --           ;
; J6       ; 12         ; 1        ; RESERVED_INPUT_WITH_WEAK_PULLUP                           ;        ;              ;         ; Row I/O    ;                 ; no       ; On           ;
; J7       ; 22         ; 1        ; RESERVED_INPUT_WITH_WEAK_PULLUP                           ;        ;              ;         ; Row I/O    ;                 ; no       ; On           ;
; J8       ;            ;          ; VCCINT                                                    ; power  ;              ; 1.2V    ; --         ;                 ; --       ; --           ;
; J9       ;            ;          ; GND                                                       ; gnd    ;              ;         ; --         ;                 ; --       ; --           ;
; J10      ;            ;          ; VCCINT                                                    ; power  ;              ; 1.2V    ; --         ;                 ; --       ; --           ;
; J11      ;            ;          ; VCCINT                                                    ; power  ;              ; 1.2V    ; --         ;                 ; --       ; --           ;
; J12      ;            ;          ; VCCINT                                                    ; power  ;              ; 1.2V    ; --         ;                 ; --       ; --           ;
; J13      ;            ;          ; VCCINT                                                    ; power  ;              ; 1.2V    ; --         ;                 ; --       ; --           ;
; J14      ;            ;          ; VCCINT                                                    ; power  ;              ; 1.2V    ; --         ;                 ; --       ; --           ;
; J15      ; 238        ; 6        ; RESERVED_INPUT_WITH_WEAK_PULLUP                           ;        ;              ;         ; Row I/O    ;                 ; no       ; On           ;
; J16      ; 243        ; 6        ; RESERVED_INPUT_WITH_WEAK_PULLUP                           ;        ;              ;         ; Row I/O    ;                 ; no       ; On           ;
; J17      ; 258        ; 6        ; RESERVED_INPUT_WITH_WEAK_PULLUP                           ;        ;              ;         ; Row I/O    ;                 ; no       ; On           ;
; J18      ; 249        ; 6        ; RESERVED_INPUT_WITH_WEAK_PULLUP                           ;        ;              ;         ; Row I/O    ;                 ; no       ; On           ;
; J19      ;            ;          ; GND                                                       ; gnd    ;              ;         ; --         ;                 ; --       ; --           ;
; J20      ;            ; 6        ; VCCIO6                                                    ; power  ;              ; 2.5V    ; --         ;                 ; --       ; --           ;
; J21      ; 242        ; 6        ; RESERVED_INPUT_WITH_WEAK_PULLUP                           ;        ;              ;         ; Row I/O    ;                 ; no       ; On           ;
; J22      ; 241        ; 6        ; RESERVED_INPUT_WITH_WEAK_PULLUP                           ;        ;              ;         ; Row I/O    ;                 ; no       ; On           ;
; K1       ; 31         ; 1        ; ~ALTERA_DATA0~ / RESERVED_INPUT_WITH_WEAK_PULLUP          ; input  ; 2.5 V        ;         ; Row I/O    ; N               ; no       ; On           ;
; K2       ; 30         ; 1        ; ~ALTERA_DCLK~                                             ; output ; 2.5 V        ;         ; Row I/O    ; N               ; no       ; On           ;
; K3       ;            ;          ; GND                                                       ; gnd    ;              ;         ; --         ;                 ; --       ; --           ;
; K4       ;            ; 1        ; VCCIO1                                                    ; power  ;              ; 2.5V    ; --         ;                 ; --       ; --           ;
; K5       ; 32         ; 1        ; ^nCONFIG                                                  ;        ;              ;         ; --         ;                 ; --       ; --           ;
; K6       ; 19         ; 1        ; ^nSTATUS                                                  ;        ;              ;         ; --         ;                 ; --       ; --           ;
; K7       ; 23         ; 1        ; RESERVED_INPUT_WITH_WEAK_PULLUP                           ;        ;              ;         ; Row I/O    ;                 ; no       ; On           ;
; K8       ; 21         ; 1        ; RESERVED_INPUT_WITH_WEAK_PULLUP                           ;        ;              ;         ; Row I/O    ;                 ; no       ; On           ;
; K9       ;            ;          ; VCCINT                                                    ; power  ;              ; 1.2V    ; --         ;                 ; --       ; --           ;
; K10      ;            ;          ; GND                                                       ; gnd    ;              ;         ; --         ;                 ; --       ; --           ;
; K11      ;            ;          ; GND                                                       ; gnd    ;              ;         ; --         ;                 ; --       ; --           ;
; K12      ;            ;          ; GND                                                       ; gnd    ;              ;         ; --         ;                 ; --       ; --           ;
; K13      ;            ;          ; GND                                                       ; gnd    ;              ;         ; --         ;                 ; --       ; --           ;
; K14      ;            ;          ; VCCINT                                                    ; power  ;              ; 1.2V    ; --         ;                 ; --       ; --           ;
; K15      ; 236        ; 6        ; RESERVED_INPUT_WITH_WEAK_PULLUP                           ;        ;              ;         ; Row I/O    ;                 ; no       ; On           ;
; K16      ; 244        ; 6        ; RESERVED_INPUT_WITH_WEAK_PULLUP                           ;        ;              ;         ; Row I/O    ;                 ; no       ; On           ;
; K17      ; 247        ; 6        ; RESERVED_INPUT_WITH_WEAK_PULLUP                           ;        ;              ;         ; Row I/O    ;                 ; no       ; On           ;
; K18      ; 248        ; 6        ; RESERVED_INPUT_WITH_WEAK_PULLUP                           ;        ;              ;         ; Row I/O    ;                 ; no       ; On           ;
; K19      ; 237        ; 6        ; RESERVED_INPUT_WITH_WEAK_PULLUP                           ;        ;              ;         ; Row I/O    ;                 ; --       ; --           ;
; K20      ; 231        ; 6        ; ^MSEL3                                                    ;        ;              ;         ; --         ;                 ; --       ; --           ;
; K21      ; 240        ; 6        ; RESERVED_INPUT_WITH_WEAK_PULLUP                           ;        ;              ;         ; Row I/O    ;                 ; no       ; On           ;
; K22      ; 239        ; 6        ; ~ALTERA_nCEO~ / RESERVED_OUTPUT_OPEN_DRAIN                ; output ; 2.5 V        ;         ; Row I/O    ; N               ; no       ; Off          ;
; L1       ; 35         ; 1        ; #TMS                                                      ; input  ;              ;         ; --         ;                 ; --       ; --           ;
; L2       ; 34         ; 1        ; #TCK                                                      ; input  ;              ;         ; --         ;                 ; --       ; --           ;
; L3       ; 37         ; 1        ; ^nCE                                                      ;        ;              ;         ; --         ;                 ; --       ; --           ;
; L4       ; 36         ; 1        ; #TDO                                                      ; output ;              ;         ; --         ;                 ; --       ; --           ;
; L5       ; 33         ; 1        ; #TDI                                                      ; input  ;              ;         ; --         ;                 ; --       ; --           ;
; L6       ; 42         ; 2        ; b[18]                                                     ; input  ; 2.5 V        ;         ; Row I/O    ; N               ; no       ; Off          ;
; L7       ; 50         ; 2        ; f[35]                                                     ; output ; 2.5 V        ;         ; Row I/O    ; N               ; no       ; Off          ;
; L8       ; 20         ; 1        ; RESERVED_INPUT_WITH_WEAK_PULLUP                           ;        ;              ;         ; Row I/O    ;                 ; no       ; On           ;
; L9       ;            ;          ; VCCINT                                                    ; power  ;              ; 1.2V    ; --         ;                 ; --       ; --           ;
; L10      ;            ;          ; GND                                                       ; gnd    ;              ;         ; --         ;                 ; --       ; --           ;
; L11      ;            ;          ; GND                                                       ; gnd    ;              ;         ; --         ;                 ; --       ; --           ;
; L12      ;            ;          ; GND                                                       ; gnd    ;              ;         ; --         ;                 ; --       ; --           ;
; L13      ;            ;          ; GND                                                       ; gnd    ;              ;         ; --         ;                 ; --       ; --           ;
; L14      ;            ;          ; VCCINT                                                    ; power  ;              ; 1.2V    ; --         ;                 ; --       ; --           ;
; L15      ; 233        ; 6        ; b[17]                                                     ; input  ; 2.5 V        ;         ; Row I/O    ; N               ; no       ; Off          ;
; L16      ; 232        ; 6        ; f[13]                                                     ; output ; 2.5 V        ;         ; Row I/O    ; N               ; no       ; Off          ;
; L17      ; 230        ; 6        ; ^MSEL2                                                    ;        ;              ;         ; --         ;                 ; --       ; --           ;
; L18      ; 229        ; 6        ; ^MSEL1                                                    ;        ;              ;         ; --         ;                 ; --       ; --           ;
; L19      ;            ; 6        ; VCCIO6                                                    ; power  ;              ; 2.5V    ; --         ;                 ; --       ; --           ;
; L20      ;            ;          ; GND                                                       ; gnd    ;              ;         ; --         ;                 ; --       ; --           ;
; L21      ; 235        ; 6        ; RESERVED_INPUT_WITH_WEAK_PULLUP                           ;        ;              ;         ; Row I/O    ;                 ; no       ; On           ;
; L22      ; 234        ; 6        ; RESERVED_INPUT_WITH_WEAK_PULLUP                           ;        ;              ;         ; Row I/O    ;                 ; no       ; On           ;
; M1       ; 45         ; 2        ; RESERVED_INPUT_WITH_WEAK_PULLUP                           ;        ;              ;         ; Row I/O    ;                 ; no       ; On           ;
; M2       ; 44         ; 2        ; RESERVED_INPUT_WITH_WEAK_PULLUP                           ;        ;              ;         ; Row I/O    ;                 ; no       ; On           ;
; M3       ; 47         ; 2        ; f[33]                                                     ; output ; 2.5 V        ;         ; Row I/O    ; N               ; no       ; Off          ;
; M4       ; 46         ; 2        ; a[32]                                                     ; input  ; 2.5 V        ;         ; Row I/O    ; N               ; no       ; Off          ;
; M5       ; 51         ; 2        ; RESERVED_INPUT_WITH_WEAK_PULLUP                           ;        ;              ;         ; Row I/O    ;                 ; --       ; --           ;
; M6       ; 43         ; 2        ; f[16]                                                     ; output ; 2.5 V        ;         ; Row I/O    ; N               ; no       ; Off          ;
; M7       ; 65         ; 2        ; RESERVED_INPUT_WITH_WEAK_PULLUP                           ;        ;              ;         ; Row I/O    ;                 ; no       ; On           ;
; M8       ; 66         ; 2        ; b[28]                                                     ; input  ; 2.5 V        ;         ; Row I/O    ; N               ; no       ; Off          ;
; M9       ;            ;          ; VCCINT                                                    ; power  ;              ; 1.2V    ; --         ;                 ; --       ; --           ;
; M10      ;            ;          ; GND                                                       ; gnd    ;              ;         ; --         ;                 ; --       ; --           ;
; M11      ;            ;          ; GND                                                       ; gnd    ;              ;         ; --         ;                 ; --       ; --           ;
; M12      ;            ;          ; GND                                                       ; gnd    ;              ;         ; --         ;                 ; --       ; --           ;
; M13      ;            ;          ; GND                                                       ; gnd    ;              ;         ; --         ;                 ; --       ; --           ;
; M14      ;            ;          ; VCCINT                                                    ; power  ;              ; 1.2V    ; --         ;                 ; --       ; --           ;
; M15      ; 195        ; 5        ; f[11]                                                     ; output ; 2.5 V        ;         ; Row I/O    ; N               ; no       ; Off          ;
; M16      ; 222        ; 5        ; b[11]                                                     ; input  ; 2.5 V        ;         ; Row I/O    ; N               ; no       ; Off          ;
; M17      ; 228        ; 6        ; ^MSEL0                                                    ;        ;              ;         ; --         ;                 ; --       ; --           ;
; M18      ; 227        ; 6        ; ^CONF_DONE                                                ;        ;              ;         ; --         ;                 ; --       ; --           ;
; M19      ; 221        ; 5        ; a[14]                                                     ; input  ; 2.5 V        ;         ; Row I/O    ; N               ; no       ; Off          ;
; M20      ; 220        ; 5        ; f[12]                                                     ; output ; 2.5 V        ;         ; Row I/O    ; N               ; no       ; Off          ;
; M21      ; 219        ; 5        ; b[15]                                                     ; input  ; 2.5 V        ;         ; Row I/O    ; N               ; no       ; Off          ;
; M22      ; 218        ; 5        ; b[16]                                                     ; input  ; 2.5 V        ;         ; Row I/O    ; N               ; no       ; Off          ;
; N1       ; 49         ; 2        ; b[34]                                                     ; input  ; 2.5 V        ;         ; Row I/O    ; N               ; no       ; Off          ;
; N2       ; 48         ; 2        ; f[34]                                                     ; output ; 2.5 V        ;         ; Row I/O    ; N               ; no       ; Off          ;
; N3       ;            ;          ; GND                                                       ; gnd    ;              ;         ; --         ;                 ; --       ; --           ;
; N4       ;            ; 2        ; VCCIO2                                                    ; power  ;              ; 2.5V    ; --         ;                 ; --       ; --           ;
; N5       ; 56         ; 2        ; RESERVED_INPUT_WITH_WEAK_PULLUP                           ;        ;              ;         ; Row I/O    ;                 ; no       ; On           ;
; N6       ; 64         ; 2        ; RESERVED_INPUT_WITH_WEAK_PULLUP                           ;        ;              ;         ; Row I/O    ;                 ; no       ; On           ;
; N7       ; 73         ; 2        ; b[39]                                                     ; input  ; 2.5 V        ;         ; Row I/O    ; N               ; no       ; Off          ;
; N8       ; 67         ; 2        ; RESERVED_INPUT_WITH_WEAK_PULLUP                           ;        ;              ;         ; Row I/O    ;                 ; no       ; On           ;
; N9       ;            ;          ; VCCINT                                                    ; power  ;              ; 1.2V    ; --         ;                 ; --       ; --           ;
; N10      ;            ;          ; GND                                                       ; gnd    ;              ;         ; --         ;                 ; --       ; --           ;
; N11      ;            ;          ; GND                                                       ; gnd    ;              ;         ; --         ;                 ; --       ; --           ;
; N12      ;            ;          ; GND                                                       ; gnd    ;              ;         ; --         ;                 ; --       ; --           ;
; N13      ;            ;          ; GND                                                       ; gnd    ;              ;         ; --         ;                 ; --       ; --           ;
; N14      ; 189        ; 5        ; b[31]                                                     ; input  ; 2.5 V        ;         ; Row I/O    ; N               ; no       ; Off          ;
; N15      ; 196        ; 5        ; a[31]                                                     ; input  ; 2.5 V        ;         ; Row I/O    ; N               ; no       ; Off          ;
; N16      ; 205        ; 5        ; a[15]                                                     ; input  ; 2.5 V        ;         ; Row I/O    ; N               ; no       ; Off          ;
; N17      ; 214        ; 5        ; b[14]                                                     ; input  ; 2.5 V        ;         ; Row I/O    ; N               ; no       ; Off          ;
; N18      ; 215        ; 5        ; a[18]                                                     ; input  ; 2.5 V        ;         ; Row I/O    ; N               ; no       ; Off          ;
; N19      ; 213        ; 5        ; b[13]                                                     ; input  ; 2.5 V        ;         ; Row I/O    ; N               ; no       ; Off          ;
; N20      ; 212        ; 5        ; b[32]                                                     ; input  ; 2.5 V        ;         ; Row I/O    ; N               ; no       ; Off          ;
; N21      ; 217        ; 5        ; a[16]                                                     ; input  ; 2.5 V        ;         ; Row I/O    ; N               ; no       ; Off          ;
; N22      ; 216        ; 5        ; f[17]                                                     ; output ; 2.5 V        ;         ; Row I/O    ; N               ; no       ; Off          ;
; P1       ; 53         ; 2        ; RESERVED_INPUT_WITH_WEAK_PULLUP                           ;        ;              ;         ; Row I/O    ;                 ; no       ; On           ;
; P2       ; 52         ; 2        ; RESERVED_INPUT_WITH_WEAK_PULLUP                           ;        ;              ;         ; Row I/O    ;                 ; no       ; On           ;
; P3       ; 58         ; 2        ; RESERVED_INPUT_WITH_WEAK_PULLUP                           ;        ;              ;         ; Row I/O    ;                 ; no       ; On           ;
; P4       ; 57         ; 2        ; RESERVED_INPUT_WITH_WEAK_PULLUP                           ;        ;              ;         ; Row I/O    ;                 ; no       ; On           ;
; P5       ; 63         ; 2        ; RESERVED_INPUT_WITH_WEAK_PULLUP                           ;        ;              ;         ; Row I/O    ;                 ; no       ; On           ;
; P6       ; 79         ; 2        ; RESERVED_INPUT_WITH_WEAK_PULLUP                           ;        ;              ;         ; Row I/O    ;                 ; no       ; On           ;
; P7       ; 74         ; 2        ; RESERVED_INPUT_WITH_WEAK_PULLUP                           ;        ;              ;         ; Row I/O    ;                 ; no       ; On           ;
; P8       ; 86         ; 2        ; RESERVED_INPUT_WITH_WEAK_PULLUP                           ;        ;              ;         ; Row I/O    ;                 ; no       ; On           ;
; P9       ;            ;          ; VCCINT                                                    ; power  ;              ; 1.2V    ; --         ;                 ; --       ; --           ;
; P10      ;            ;          ; VCCINT                                                    ; power  ;              ; 1.2V    ; --         ;                 ; --       ; --           ;
; P11      ;            ;          ; VCCINT                                                    ; power  ;              ; 1.2V    ; --         ;                 ; --       ; --           ;
; P12      ;            ;          ; VCCINT                                                    ; power  ;              ; 1.2V    ; --         ;                 ; --       ; --           ;
; P13      ;            ;          ; VCCINT                                                    ; power  ;              ; 1.2V    ; --         ;                 ; --       ; --           ;
; P14      ; 180        ; 5        ; RESERVED_INPUT_WITH_WEAK_PULLUP                           ;        ;              ;         ; Row I/O    ;                 ; no       ; On           ;
; P15      ; 192        ; 5        ; f[7]                                                      ; output ; 2.5 V        ;         ; Row I/O    ; N               ; no       ; Off          ;
; P16      ; 193        ; 5        ; f[31]                                                     ; output ; 2.5 V        ;         ; Row I/O    ; N               ; no       ; Off          ;
; P17      ; 197        ; 5        ; b[27]                                                     ; input  ; 2.5 V        ;         ; Row I/O    ; N               ; no       ; Off          ;
; P18      ;            ; 5        ; VCCIO5                                                    ; power  ;              ; 2.5V    ; --         ;                 ; --       ; --           ;
; P19      ;            ;          ; GND                                                       ; gnd    ;              ;         ; --         ;                 ; --       ; --           ;
; P20      ; 208        ; 5        ; f[14]                                                     ; output ; 2.5 V        ;         ; Row I/O    ; N               ; no       ; Off          ;
; P21      ; 211        ; 5        ; a[12]                                                     ; input  ; 2.5 V        ;         ; Row I/O    ; N               ; no       ; Off          ;
; P22      ; 210        ; 5        ; a[11]                                                     ; input  ; 2.5 V        ;         ; Row I/O    ; N               ; no       ; Off          ;
; R1       ; 55         ; 2        ; f[32]                                                     ; output ; 2.5 V        ;         ; Row I/O    ; N               ; no       ; Off          ;
; R2       ; 54         ; 2        ; RESERVED_INPUT_WITH_WEAK_PULLUP                           ;        ;              ;         ; Row I/O    ;                 ; no       ; On           ;
; R3       ;            ;          ; GND                                                       ; gnd    ;              ;         ; --         ;                 ; --       ; --           ;
; R4       ;            ; 2        ; VCCIO2                                                    ; power  ;              ; 2.5V    ; --         ;                 ; --       ; --           ;
; R5       ; 80         ; 2        ; RESERVED_INPUT_WITH_WEAK_PULLUP                           ;        ;              ;         ; Row I/O    ;                 ; no       ; On           ;
; R6       ; 83         ; 2        ; RESERVED_INPUT_WITH_WEAK_PULLUP                           ;        ;              ;         ; Row I/O    ;                 ; no       ; On           ;
; R7       ; 84         ; 2        ; RESERVED_INPUT_WITH_WEAK_PULLUP                           ;        ;              ;         ; Row I/O    ;                 ; no       ; On           ;
; R8       ; 87         ; 2        ; RESERVED_INPUT_WITH_WEAK_PULLUP                           ;        ;              ;         ; Row I/O    ;                 ; no       ; On           ;
; R9       ; 88         ; 3        ; RESERVED_INPUT_WITH_WEAK_PULLUP                           ;        ;              ;         ; Column I/O ;                 ; no       ; On           ;
; R10      ; 90         ; 3        ; RESERVED_INPUT_WITH_WEAK_PULLUP                           ;        ;              ;         ; Column I/O ;                 ; no       ; On           ;
; R11      ; 97         ; 3        ; RESERVED_INPUT_WITH_WEAK_PULLUP                           ;        ;              ;         ; Column I/O ;                 ; no       ; On           ;
; R12      ; 98         ; 3        ; RESERVED_INPUT_WITH_WEAK_PULLUP                           ;        ;              ;         ; Column I/O ;                 ; no       ; On           ;
; R13      ; 153        ; 4        ; b[1]                                                      ; input  ; 2.5 V        ;         ; Column I/O ; N               ; no       ; Off          ;
; R14      ; 175        ; 4        ; f[5]                                                      ; output ; 2.5 V        ;         ; Column I/O ; N               ; no       ; Off          ;
; R15      ; 176        ; 4        ; a[56]                                                     ; input  ; 2.5 V        ;         ; Column I/O ; N               ; no       ; Off          ;
; R16      ; 172        ; 4        ; f[22]                                                     ; output ; 2.5 V        ;         ; Column I/O ; N               ; no       ; Off          ;
; R17      ; 194        ; 5        ; f[30]                                                     ; output ; 2.5 V        ;         ; Row I/O    ; N               ; no       ; Off          ;
; R18      ; 203        ; 5        ; a[29]                                                     ; input  ; 2.5 V        ;         ; Row I/O    ; N               ; no       ; Off          ;
; R19      ; 204        ; 5        ; a[23]                                                     ; input  ; 2.5 V        ;         ; Row I/O    ; N               ; no       ; Off          ;
; R20      ; 200        ; 5        ; a[28]                                                     ; input  ; 2.5 V        ;         ; Row I/O    ; N               ; no       ; Off          ;
; R21      ; 207        ; 5        ; b[12]                                                     ; input  ; 2.5 V        ;         ; Row I/O    ; N               ; no       ; Off          ;
; R22      ; 206        ; 5        ; a[13]                                                     ; input  ; 2.5 V        ;         ; Row I/O    ; N               ; no       ; Off          ;
; T1       ; 41         ; 2        ; s[3]                                                      ; input  ; 2.5 V        ;         ; Row I/O    ; N               ; no       ; Off          ;
; T2       ; 40         ; 2        ; a[0]                                                      ; input  ; 2.5 V        ;         ; Row I/O    ; N               ; no       ; Off          ;
; T3       ; 72         ; 2        ; RESERVED_INPUT_WITH_WEAK_PULLUP                           ;        ;              ;         ; Row I/O    ;                 ; --       ; --           ;
; T4       ; 81         ; 2        ; RESERVED_INPUT_WITH_WEAK_PULLUP                           ;        ;              ;         ; Row I/O    ;                 ; no       ; On           ;
; T5       ; 82         ; 2        ; RESERVED_INPUT_WITH_WEAK_PULLUP                           ;        ;              ;         ; Row I/O    ;                 ; no       ; On           ;
; T6       ;            ; --       ; VCCA1                                                     ; power  ;              ; 2.5V    ; --         ;                 ; --       ; --           ;
; T7       ; 85         ; 2        ; RESERVED_INPUT_WITH_WEAK_PULLUP                           ;        ;              ;         ; Row I/O    ;                 ; no       ; On           ;
; T8       ; 89         ; 3        ; RESERVED_INPUT_WITH_WEAK_PULLUP                           ;        ;              ;         ; Column I/O ;                 ; no       ; On           ;
; T9       ; 91         ; 3        ; RESERVED_INPUT_WITH_WEAK_PULLUP                           ;        ;              ;         ; Column I/O ;                 ; no       ; On           ;
; T10      ; 121        ; 3        ; a[60]                                                     ; input  ; 2.5 V        ;         ; Column I/O ; N               ; no       ; Off          ;
; T11      ; 125        ; 3        ; a[61]                                                     ; input  ; 2.5 V        ;         ; Column I/O ; N               ; no       ; Off          ;
; T12      ; 148        ; 4        ; a[22]                                                     ; input  ; 2.5 V        ;         ; Column I/O ; N               ; no       ; Off          ;
; T13      ;            ;          ; VCCINT                                                    ; power  ;              ; 1.2V    ; --         ;                 ; --       ; --           ;
; T14      ; 160        ; 4        ; b[58]                                                     ; input  ; 2.5 V        ;         ; Column I/O ; N               ; no       ; Off          ;
; T15      ; 161        ; 4        ; a[63]                                                     ; input  ; 2.5 V        ;         ; Column I/O ; N               ; no       ; Off          ;
; T16      ; 171        ; 4        ; b[63]                                                     ; input  ; 2.5 V        ;         ; Column I/O ; N               ; no       ; Off          ;
; T17      ; 181        ; 5        ; f[27]                                                     ; output ; 2.5 V        ;         ; Row I/O    ; N               ; no       ; Off          ;
; T18      ; 182        ; 5        ; a[5]                                                      ; input  ; 2.5 V        ;         ; Row I/O    ; N               ; no       ; Off          ;
; T19      ;            ; 5        ; VCCIO5                                                    ; power  ;              ; 2.5V    ; --         ;                 ; --       ; --           ;
; T20      ;            ;          ; GND                                                       ; gnd    ;              ;         ; --         ;                 ; --       ; --           ;
; T21      ; 224        ; 5        ; GND+                                                      ;        ;              ;         ; Row I/O    ;                 ; --       ; --           ;
; T22      ; 223        ; 5        ; GND+                                                      ;        ;              ;         ; Row I/O    ;                 ; --       ; --           ;
; U1       ; 60         ; 2        ; RESERVED_INPUT_WITH_WEAK_PULLUP                           ;        ;              ;         ; Row I/O    ;                 ; no       ; On           ;
; U2       ; 59         ; 2        ; RESERVED_INPUT_WITH_WEAK_PULLUP                           ;        ;              ;         ; Row I/O    ;                 ; no       ; On           ;
; U3       ;            ;          ; GND                                                       ; gnd    ;              ;         ; --         ;                 ; --       ; --           ;
; U4       ;            ; 2        ; VCCIO2                                                    ; power  ;              ; 2.5V    ; --         ;                 ; --       ; --           ;
; U5       ;            ;          ; GNDA1                                                     ; gnd    ;              ;         ; --         ;                 ; --       ; --           ;
; U6       ;            ;          ; VCCD_PLL1                                                 ; power  ;              ; 1.2V    ; --         ;                 ; --       ; --           ;
; U7       ; 94         ; 3        ; RESERVED_INPUT_WITH_WEAK_PULLUP                           ;        ;              ;         ; Column I/O ;                 ; no       ; On           ;
; U8       ; 95         ; 3        ; RESERVED_INPUT_WITH_WEAK_PULLUP                           ;        ;              ;         ; Column I/O ;                 ; no       ; On           ;
; U9       ; 112        ; 3        ; f[36]                                                     ; output ; 2.5 V        ;         ; Column I/O ; N               ; no       ; Off          ;
; U10      ; 122        ; 3        ; b[37]                                                     ; input  ; 2.5 V        ;         ; Column I/O ; N               ; no       ; Off          ;
; U11      ; 128        ; 3        ; a[62]                                                     ; input  ; 2.5 V        ;         ; Column I/O ; N               ; no       ; Off          ;
; U12      ; 147        ; 4        ; b[2]                                                      ; input  ; 2.5 V        ;         ; Column I/O ; N               ; no       ; Off          ;
; U13      ; 156        ; 4        ; a[21]                                                     ; input  ; 2.5 V        ;         ; Column I/O ; N               ; no       ; Off          ;
; U14      ; 174        ; 4        ; f[28]                                                     ; output ; 2.5 V        ;         ; Column I/O ; N               ; no       ; Off          ;
; U15      ; 173        ; 4        ; b[30]                                                     ; input  ; 2.5 V        ;         ; Column I/O ; N               ; no       ; Off          ;
; U16      ;            ;          ; VCCINT                                                    ; power  ;              ; 1.2V    ; --         ;                 ; --       ; --           ;
; U17      ;            ;          ; VCCINT                                                    ; power  ;              ; 1.2V    ; --         ;                 ; --       ; --           ;
; U18      ;            ; --       ; VCCA4                                                     ; power  ;              ; 2.5V    ; --         ;                 ; --       ; --           ;
; U19      ; 188        ; 5        ; b[29]                                                     ; input  ; 2.5 V        ;         ; Row I/O    ; N               ; no       ; Off          ;
; U20      ; 187        ; 5        ; f[20]                                                     ; output ; 2.5 V        ;         ; Row I/O    ; N               ; no       ; Off          ;
; U21      ; 202        ; 5        ; b[20]                                                     ; input  ; 2.5 V        ;         ; Row I/O    ; N               ; no       ; Off          ;
; U22      ; 201        ; 5        ; f[29]                                                     ; output ; 2.5 V        ;         ; Row I/O    ; N               ; no       ; Off          ;
; V1       ; 62         ; 2        ; RESERVED_INPUT_WITH_WEAK_PULLUP                           ;        ;              ;         ; Row I/O    ;                 ; no       ; On           ;
; V2       ; 61         ; 2        ; RESERVED_INPUT_WITH_WEAK_PULLUP                           ;        ;              ;         ; Row I/O    ;                 ; no       ; On           ;
; V3       ; 78         ; 2        ; RESERVED_INPUT_WITH_WEAK_PULLUP                           ;        ;              ;         ; Row I/O    ;                 ; no       ; On           ;
; V4       ; 77         ; 2        ; RESERVED_INPUT_WITH_WEAK_PULLUP                           ;        ;              ;         ; Row I/O    ;                 ; no       ; On           ;
; V5       ; 93         ; 3        ; RESERVED_INPUT_WITH_WEAK_PULLUP                           ;        ;              ;         ; Column I/O ;                 ; no       ; On           ;
; V6       ; 92         ; 3        ; RESERVED_INPUT_WITH_WEAK_PULLUP                           ;        ;              ;         ; Column I/O ;                 ; no       ; On           ;
; V7       ; 105        ; 3        ; RESERVED_INPUT_WITH_WEAK_PULLUP                           ;        ;              ;         ; Column I/O ;                 ; no       ; On           ;
; V8       ; 113        ; 3        ; f[38]                                                     ; output ; 2.5 V        ;         ; Column I/O ; N               ; no       ; Off          ;
; V9       ; 119        ; 3        ; a[38]                                                     ; input  ; 2.5 V        ;         ; Column I/O ; N               ; no       ; Off          ;
; V10      ; 120        ; 3        ; a[33]                                                     ; input  ; 2.5 V        ;         ; Column I/O ; N               ; no       ; Off          ;
; V11      ; 129        ; 3        ; a[59]                                                     ; input  ; 2.5 V        ;         ; Column I/O ; N               ; no       ; Off          ;
; V12      ; 142        ; 4        ; f[63]                                                     ; output ; 2.5 V        ;         ; Column I/O ; N               ; no       ; Off          ;
; V13      ; 154        ; 4        ; f[21]                                                     ; output ; 2.5 V        ;         ; Column I/O ; N               ; no       ; Off          ;
; V14      ; 157        ; 4        ; a[2]                                                      ; input  ; 2.5 V        ;         ; Column I/O ; N               ; no       ; Off          ;
; V15      ; 158        ; 4        ; a[57]                                                     ; input  ; 2.5 V        ;         ; Column I/O ; N               ; no       ; Off          ;
; V16      ; 168        ; 4        ; b[4]                                                      ; input  ; 2.5 V        ;         ; Column I/O ; N               ; no       ; Off          ;
; V17      ;            ;          ; VCCD_PLL4                                                 ; power  ;              ; 1.2V    ; --         ;                 ; --       ; --           ;
; V18      ;            ;          ; GNDA4                                                     ; gnd    ;              ;         ; --         ;                 ; --       ; --           ;
; V19      ;            ; 5        ; VCCIO5                                                    ; power  ;              ; 2.5V    ; --         ;                 ; --       ; --           ;
; V20      ;            ;          ; GND                                                       ; gnd    ;              ;         ; --         ;                 ; --       ; --           ;
; V21      ; 199        ; 5        ; a[27]                                                     ; input  ; 2.5 V        ;         ; Row I/O    ; N               ; no       ; Off          ;
; V22      ; 198        ; 5        ; a[20]                                                     ; input  ; 2.5 V        ;         ; Row I/O    ; N               ; no       ; Off          ;
; W1       ; 69         ; 2        ; RESERVED_INPUT_WITH_WEAK_PULLUP                           ;        ;              ;         ; Row I/O    ;                 ; no       ; On           ;
; W2       ; 68         ; 2        ; RESERVED_INPUT_WITH_WEAK_PULLUP                           ;        ;              ;         ; Row I/O    ;                 ; no       ; On           ;
; W3       ;            ;          ; GND                                                       ; gnd    ;              ;         ; --         ;                 ; --       ; --           ;
; W4       ;            ; 2        ; VCCIO2                                                    ; power  ;              ; 2.5V    ; --         ;                 ; --       ; --           ;
; W5       ;            ; 3        ; VCCIO3                                                    ; power  ;              ; 2.5V    ; --         ;                 ; --       ; --           ;
; W6       ; 104        ; 3        ; RESERVED_INPUT_WITH_WEAK_PULLUP                           ;        ;              ;         ; Column I/O ;                 ; no       ; On           ;
; W7       ; 110        ; 3        ; RESERVED_INPUT_WITH_WEAK_PULLUP                           ;        ;              ;         ; Column I/O ;                 ; no       ; On           ;
; W8       ; 114        ; 3        ; b[38]                                                     ; input  ; 2.5 V        ;         ; Column I/O ; N               ; no       ; Off          ;
; W9       ;            ; 3        ; VCCIO3                                                    ; power  ;              ; 2.5V    ; --         ;                 ; --       ; --           ;
; W10      ; 130        ; 3        ; f[60]                                                     ; output ; 2.5 V        ;         ; Column I/O ; N               ; no       ; Off          ;
; W11      ;            ; 3        ; VCCIO3                                                    ; power  ;              ; 2.5V    ; --         ;                 ; --       ; --           ;
; W12      ;            ; 4        ; VCCIO4                                                    ; power  ;              ; 2.5V    ; --         ;                 ; --       ; --           ;
; W13      ; 143        ; 4        ; f[1]                                                      ; output ; 2.5 V        ;         ; Column I/O ; N               ; no       ; Off          ;
; W14      ; 155        ; 4        ; b[22]                                                     ; input  ; 2.5 V        ;         ; Column I/O ; N               ; no       ; Off          ;
; W15      ; 159        ; 4        ; b[56]                                                     ; input  ; 2.5 V        ;         ; Column I/O ; N               ; no       ; Off          ;
; W16      ;            ; 4        ; VCCIO4                                                    ; power  ;              ; 2.5V    ; --         ;                 ; --       ; --           ;
; W17      ; 166        ; 4        ; b[57]                                                     ; input  ; 2.5 V        ;         ; Column I/O ; N               ; no       ; Off          ;
; W18      ;            ; 4        ; VCCIO4                                                    ; power  ;              ; 2.5V    ; --         ;                 ; --       ; --           ;
; W19      ; 184        ; 5        ; a[6]                                                      ; input  ; 2.5 V        ;         ; Row I/O    ; N               ; no       ; Off          ;
; W20      ; 183        ; 5        ; f[6]                                                      ; output ; 2.5 V        ;         ; Row I/O    ; N               ; no       ; Off          ;
; W21      ; 191        ; 5        ; f[23]                                                     ; output ; 2.5 V        ;         ; Row I/O    ; N               ; no       ; Off          ;
; W22      ; 190        ; 5        ; b[23]                                                     ; input  ; 2.5 V        ;         ; Row I/O    ; N               ; no       ; Off          ;
; Y1       ; 71         ; 2        ; RESERVED_INPUT_WITH_WEAK_PULLUP                           ;        ;              ;         ; Row I/O    ;                 ; no       ; On           ;
; Y2       ; 70         ; 2        ; RESERVED_INPUT_WITH_WEAK_PULLUP                           ;        ;              ;         ; Row I/O    ;                 ; no       ; On           ;
; Y3       ; 99         ; 3        ; RESERVED_INPUT_WITH_WEAK_PULLUP                           ;        ;              ;         ; Column I/O ;                 ; no       ; On           ;
; Y4       ; 96         ; 3        ; RESERVED_INPUT_WITH_WEAK_PULLUP                           ;        ;              ;         ; Column I/O ;                 ; --       ; --           ;
; Y5       ;            ;          ; GND                                                       ; gnd    ;              ;         ; --         ;                 ; --       ; --           ;
; Y6       ; 101        ; 3        ; RESERVED_INPUT_WITH_WEAK_PULLUP                           ;        ;              ;         ; Column I/O ;                 ; no       ; On           ;
; Y7       ; 111        ; 3        ; f[57]                                                     ; output ; 2.5 V        ;         ; Column I/O ; N               ; no       ; Off          ;
; Y8       ; 117        ; 3        ; a[35]                                                     ; input  ; 2.5 V        ;         ; Column I/O ; N               ; no       ; Off          ;
; Y9       ;            ;          ; GND                                                       ; gnd    ;              ;         ; --         ;                 ; --       ; --           ;
; Y10      ; 131        ; 3        ; f[62]                                                     ; output ; 2.5 V        ;         ; Column I/O ; N               ; no       ; Off          ;
; Y11      ;            ;          ; GND                                                       ; gnd    ;              ;         ; --         ;                 ; --       ; --           ;
; Y12      ;            ;          ; GND                                                       ; gnd    ;              ;         ; --         ;                 ; --       ; --           ;
; Y13      ; 144        ; 4        ; c                                                         ; input  ; 2.5 V        ;         ; Column I/O ; N               ; no       ; Off          ;
; Y14      ;            ; 4        ; VCCIO4                                                    ; power  ;              ; 2.5V    ; --         ;                 ; --       ; --           ;
; Y15      ;            ;          ; GND                                                       ; gnd    ;              ;         ; --         ;                 ; --       ; --           ;
; Y16      ;            ;          ; GND                                                       ; gnd    ;              ;         ; --         ;                 ; --       ; --           ;
; Y17      ; 167        ; 4        ; b[5]                                                      ; input  ; 2.5 V        ;         ; Column I/O ; N               ; no       ; Off          ;
; Y18      ;            ;          ; GND                                                       ; gnd    ;              ;         ; --         ;                 ; --       ; --           ;
; Y19      ;            ; 5        ; VCCIO5                                                    ; power  ;              ; 2.5V    ; --         ;                 ; --       ; --           ;
; Y20      ;            ;          ; GND                                                       ; gnd    ;              ;         ; --         ;                 ; --       ; --           ;
; Y21      ; 186        ; 5        ; a[30]                                                     ; input  ; 2.5 V        ;         ; Row I/O    ; N               ; no       ; Off          ;
; Y22      ; 185        ; 5        ; f[4]                                                      ; output ; 2.5 V        ;         ; Row I/O    ; N               ; no       ; Off          ;
+----------+------------+----------+-----------------------------------------------------------+--------+--------------+---------+------------+-----------------+----------+--------------+
Note: Pin directions (input, output or bidir) are based on device operating in user mode.


+-------------------------------------------------------------------------------------------------------------------------------------------------------------------------------------------------------------------------------------------------------------------------------------------------+
; Fitter Resource Utilization by Entity                                                                                                                                                                                                                                                           ;
+-----------------------------+-------------+---------------------------+---------------+-------------+------+--------------+---------+-----------+------+--------------+--------------+-------------------+------------------+----------------------------------------------------+--------------+
; Compilation Hierarchy Node  ; Logic Cells ; Dedicated Logic Registers ; I/O Registers ; Memory Bits ; M9Ks ; DSP Elements ; DSP 9x9 ; DSP 18x18 ; Pins ; Virtual Pins ; LUT-Only LCs ; Register-Only LCs ; LUT/Register LCs ; Full Hierarchy Name                                ; Library Name ;
+-----------------------------+-------------+---------------------------+---------------+-------------+------+--------------+---------+-----------+------+--------------+--------------+-------------------+------------------+----------------------------------------------------+--------------+
; |ALU_64bit                  ; 288 (0)     ; 0 (0)                     ; 0 (0)         ; 0           ; 0    ; 0            ; 0       ; 0         ; 198  ; 0            ; 288 (0)      ; 0 (0)             ; 0 (0)            ; |ALU_64bit                                         ; work         ;
;    |ALU_16bit:b2v_inst2|    ; 77 (0)      ; 0 (0)                     ; 0 (0)         ; 0           ; 0    ; 0            ; 0       ; 0         ; 0    ; 0            ; 77 (0)       ; 0 (0)             ; 0 (0)            ; |ALU_64bit|ALU_16bit:b2v_inst2                     ; work         ;
;       |ALU_74181:b2v_inst5| ; 24 (24)     ; 0 (0)                     ; 0 (0)         ; 0           ; 0    ; 0            ; 0       ; 0         ; 0    ; 0            ; 24 (24)      ; 0 (0)             ; 0 (0)            ; |ALU_64bit|ALU_16bit:b2v_inst2|ALU_74181:b2v_inst5 ; work         ;
;       |ALU_74181:b2v_inst6| ; 17 (17)     ; 0 (0)                     ; 0 (0)         ; 0           ; 0    ; 0            ; 0       ; 0         ; 0    ; 0            ; 17 (17)      ; 0 (0)             ; 0 (0)            ; |ALU_64bit|ALU_16bit:b2v_inst2|ALU_74181:b2v_inst6 ; work         ;
;       |ALU_74181:b2v_inst7| ; 17 (17)     ; 0 (0)                     ; 0 (0)         ; 0           ; 0    ; 0            ; 0       ; 0         ; 0    ; 0            ; 17 (17)      ; 0 (0)             ; 0 (0)            ; |ALU_64bit|ALU_16bit:b2v_inst2|ALU_74181:b2v_inst7 ; work         ;
;       |ALU_74181:b2v_inst|  ; 19 (19)     ; 0 (0)                     ; 0 (0)         ; 0           ; 0    ; 0            ; 0       ; 0         ; 0    ; 0            ; 19 (19)      ; 0 (0)             ; 0 (0)            ; |ALU_64bit|ALU_16bit:b2v_inst2|ALU_74181:b2v_inst  ; work         ;
;    |ALU_16bit:b2v_inst3|    ; 70 (0)      ; 0 (0)                     ; 0 (0)         ; 0           ; 0    ; 0            ; 0       ; 0         ; 0    ; 0            ; 70 (0)       ; 0 (0)             ; 0 (0)            ; |ALU_64bit|ALU_16bit:b2v_inst3                     ; work         ;
;       |ALU_74181:b2v_inst5| ; 17 (17)     ; 0 (0)                     ; 0 (0)         ; 0           ; 0    ; 0            ; 0       ; 0         ; 0    ; 0            ; 17 (17)      ; 0 (0)             ; 0 (0)            ; |ALU_64bit|ALU_16bit:b2v_inst3|ALU_74181:b2v_inst5 ; work         ;
;       |ALU_74181:b2v_inst6| ; 17 (17)     ; 0 (0)                     ; 0 (0)         ; 0           ; 0    ; 0            ; 0       ; 0         ; 0    ; 0            ; 17 (17)      ; 0 (0)             ; 0 (0)            ; |ALU_64bit|ALU_16bit:b2v_inst3|ALU_74181:b2v_inst6 ; work         ;
;       |ALU_74181:b2v_inst7| ; 17 (17)     ; 0 (0)                     ; 0 (0)         ; 0           ; 0    ; 0            ; 0       ; 0         ; 0    ; 0            ; 17 (17)      ; 0 (0)             ; 0 (0)            ; |ALU_64bit|ALU_16bit:b2v_inst3|ALU_74181:b2v_inst7 ; work         ;
;       |ALU_74181:b2v_inst|  ; 19 (19)     ; 0 (0)                     ; 0 (0)         ; 0           ; 0    ; 0            ; 0       ; 0         ; 0    ; 0            ; 19 (19)      ; 0 (0)             ; 0 (0)            ; |ALU_64bit|ALU_16bit:b2v_inst3|ALU_74181:b2v_inst  ; work         ;
;    |ALU_16bit:b2v_inst5|    ; 70 (0)      ; 0 (0)                     ; 0 (0)         ; 0           ; 0    ; 0            ; 0       ; 0         ; 0    ; 0            ; 70 (0)       ; 0 (0)             ; 0 (0)            ; |ALU_64bit|ALU_16bit:b2v_inst5                     ; work         ;
;       |ALU_74181:b2v_inst5| ; 17 (17)     ; 0 (0)                     ; 0 (0)         ; 0           ; 0    ; 0            ; 0       ; 0         ; 0    ; 0            ; 17 (17)      ; 0 (0)             ; 0 (0)            ; |ALU_64bit|ALU_16bit:b2v_inst5|ALU_74181:b2v_inst5 ; work         ;
;       |ALU_74181:b2v_inst6| ; 18 (18)     ; 0 (0)                     ; 0 (0)         ; 0           ; 0    ; 0            ; 0       ; 0         ; 0    ; 0            ; 18 (18)      ; 0 (0)             ; 0 (0)            ; |ALU_64bit|ALU_16bit:b2v_inst5|ALU_74181:b2v_inst6 ; work         ;
;       |ALU_74181:b2v_inst7| ; 17 (17)     ; 0 (0)                     ; 0 (0)         ; 0           ; 0    ; 0            ; 0       ; 0         ; 0    ; 0            ; 17 (17)      ; 0 (0)             ; 0 (0)            ; |ALU_64bit|ALU_16bit:b2v_inst5|ALU_74181:b2v_inst7 ; work         ;
;       |ALU_74181:b2v_inst|  ; 18 (18)     ; 0 (0)                     ; 0 (0)         ; 0           ; 0    ; 0            ; 0       ; 0         ; 0    ; 0            ; 18 (18)      ; 0 (0)             ; 0 (0)            ; |ALU_64bit|ALU_16bit:b2v_inst5|ALU_74181:b2v_inst  ; work         ;
;    |ALU_16bit:b2v_inst|     ; 69 (0)      ; 0 (0)                     ; 0 (0)         ; 0           ; 0    ; 0            ; 0       ; 0         ; 0    ; 0            ; 69 (0)       ; 0 (0)             ; 0 (0)            ; |ALU_64bit|ALU_16bit:b2v_inst                      ; work         ;
;       |ALU_74181:b2v_inst5| ; 16 (16)     ; 0 (0)                     ; 0 (0)         ; 0           ; 0    ; 0            ; 0       ; 0         ; 0    ; 0            ; 16 (16)      ; 0 (0)             ; 0 (0)            ; |ALU_64bit|ALU_16bit:b2v_inst|ALU_74181:b2v_inst5  ; work         ;
;       |ALU_74181:b2v_inst6| ; 18 (18)     ; 0 (0)                     ; 0 (0)         ; 0           ; 0    ; 0            ; 0       ; 0         ; 0    ; 0            ; 18 (18)      ; 0 (0)             ; 0 (0)            ; |ALU_64bit|ALU_16bit:b2v_inst|ALU_74181:b2v_inst6  ; work         ;
;       |ALU_74181:b2v_inst7| ; 17 (17)     ; 0 (0)                     ; 0 (0)         ; 0           ; 0    ; 0            ; 0       ; 0         ; 0    ; 0            ; 17 (17)      ; 0 (0)             ; 0 (0)            ; |ALU_64bit|ALU_16bit:b2v_inst|ALU_74181:b2v_inst7  ; work         ;
;       |ALU_74181:b2v_inst|  ; 18 (18)     ; 0 (0)                     ; 0 (0)         ; 0           ; 0    ; 0            ; 0       ; 0         ; 0    ; 0            ; 18 (18)      ; 0 (0)             ; 0 (0)            ; |ALU_64bit|ALU_16bit:b2v_inst|ALU_74181:b2v_inst   ; work         ;
;    |ALU_74182:b2v_inst6|    ; 2 (2)       ; 0 (0)                     ; 0 (0)         ; 0           ; 0    ; 0            ; 0       ; 0         ; 0    ; 0            ; 2 (2)        ; 0 (0)             ; 0 (0)            ; |ALU_64bit|ALU_74182:b2v_inst6                     ; work         ;
+-----------------------------+-------------+---------------------------+---------------+-------------+------+--------------+---------+-----------+------+--------------+--------------+-------------------+------------------+----------------------------------------------------+--------------+
Note: For table entries with two numbers listed, the numbers in parentheses indicate the number of resources of the given type used by the specific entity alone. The numbers listed outside of parentheses indicate the total resources of the given type used by the specific entity and all of its sub-entities in the hierarchy.


+---------------------------------------------------------------------------------------+
; Delay Chain Summary                                                                   ;
+-------+----------+---------------+---------------+-----------------------+-----+------+
; Name  ; Pin Type ; Pad to Core 0 ; Pad to Core 1 ; Pad to Input Register ; TCO ; TCOE ;
+-------+----------+---------------+---------------+-----------------------+-----+------+
; f[0]  ; Output   ; --            ; --            ; --                    ; --  ; --   ;
; f[1]  ; Output   ; --            ; --            ; --                    ; --  ; --   ;
; f[2]  ; Output   ; --            ; --            ; --                    ; --  ; --   ;
; f[3]  ; Output   ; --            ; --            ; --                    ; --  ; --   ;
; f[4]  ; Output   ; --            ; --            ; --                    ; --  ; --   ;
; f[5]  ; Output   ; --            ; --            ; --                    ; --  ; --   ;
; f[6]  ; Output   ; --            ; --            ; --                    ; --  ; --   ;
; f[7]  ; Output   ; --            ; --            ; --                    ; --  ; --   ;
; f[8]  ; Output   ; --            ; --            ; --                    ; --  ; --   ;
; f[9]  ; Output   ; --            ; --            ; --                    ; --  ; --   ;
; f[10] ; Output   ; --            ; --            ; --                    ; --  ; --   ;
; f[11] ; Output   ; --            ; --            ; --                    ; --  ; --   ;
; f[12] ; Output   ; --            ; --            ; --                    ; --  ; --   ;
; f[13] ; Output   ; --            ; --            ; --                    ; --  ; --   ;
; f[14] ; Output   ; --            ; --            ; --                    ; --  ; --   ;
; f[15] ; Output   ; --            ; --            ; --                    ; --  ; --   ;
; f[16] ; Output   ; --            ; --            ; --                    ; --  ; --   ;
; f[17] ; Output   ; --            ; --            ; --                    ; --  ; --   ;
; f[18] ; Output   ; --            ; --            ; --                    ; --  ; --   ;
; f[19] ; Output   ; --            ; --            ; --                    ; --  ; --   ;
; f[20] ; Output   ; --            ; --            ; --                    ; --  ; --   ;
; f[21] ; Output   ; --            ; --            ; --                    ; --  ; --   ;
; f[22] ; Output   ; --            ; --            ; --                    ; --  ; --   ;
; f[23] ; Output   ; --            ; --            ; --                    ; --  ; --   ;
; f[24] ; Output   ; --            ; --            ; --                    ; --  ; --   ;
; f[25] ; Output   ; --            ; --            ; --                    ; --  ; --   ;
; f[26] ; Output   ; --            ; --            ; --                    ; --  ; --   ;
; f[27] ; Output   ; --            ; --            ; --                    ; --  ; --   ;
; f[28] ; Output   ; --            ; --            ; --                    ; --  ; --   ;
; f[29] ; Output   ; --            ; --            ; --                    ; --  ; --   ;
; f[30] ; Output   ; --            ; --            ; --                    ; --  ; --   ;
; f[31] ; Output   ; --            ; --            ; --                    ; --  ; --   ;
; f[32] ; Output   ; --            ; --            ; --                    ; --  ; --   ;
; f[33] ; Output   ; --            ; --            ; --                    ; --  ; --   ;
; f[34] ; Output   ; --            ; --            ; --                    ; --  ; --   ;
; f[35] ; Output   ; --            ; --            ; --                    ; --  ; --   ;
; f[36] ; Output   ; --            ; --            ; --                    ; --  ; --   ;
; f[37] ; Output   ; --            ; --            ; --                    ; --  ; --   ;
; f[38] ; Output   ; --            ; --            ; --                    ; --  ; --   ;
; f[39] ; Output   ; --            ; --            ; --                    ; --  ; --   ;
; f[40] ; Output   ; --            ; --            ; --                    ; --  ; --   ;
; f[41] ; Output   ; --            ; --            ; --                    ; --  ; --   ;
; f[42] ; Output   ; --            ; --            ; --                    ; --  ; --   ;
; f[43] ; Output   ; --            ; --            ; --                    ; --  ; --   ;
; f[44] ; Output   ; --            ; --            ; --                    ; --  ; --   ;
; f[45] ; Output   ; --            ; --            ; --                    ; --  ; --   ;
; f[46] ; Output   ; --            ; --            ; --                    ; --  ; --   ;
; f[47] ; Output   ; --            ; --            ; --                    ; --  ; --   ;
; f[48] ; Output   ; --            ; --            ; --                    ; --  ; --   ;
; f[49] ; Output   ; --            ; --            ; --                    ; --  ; --   ;
; f[50] ; Output   ; --            ; --            ; --                    ; --  ; --   ;
; f[51] ; Output   ; --            ; --            ; --                    ; --  ; --   ;
; f[52] ; Output   ; --            ; --            ; --                    ; --  ; --   ;
; f[53] ; Output   ; --            ; --            ; --                    ; --  ; --   ;
; f[54] ; Output   ; --            ; --            ; --                    ; --  ; --   ;
; f[55] ; Output   ; --            ; --            ; --                    ; --  ; --   ;
; f[56] ; Output   ; --            ; --            ; --                    ; --  ; --   ;
; f[57] ; Output   ; --            ; --            ; --                    ; --  ; --   ;
; f[58] ; Output   ; --            ; --            ; --                    ; --  ; --   ;
; f[59] ; Output   ; --            ; --            ; --                    ; --  ; --   ;
; f[60] ; Output   ; --            ; --            ; --                    ; --  ; --   ;
; f[61] ; Output   ; --            ; --            ; --                    ; --  ; --   ;
; f[62] ; Output   ; --            ; --            ; --                    ; --  ; --   ;
; f[63] ; Output   ; --            ; --            ; --                    ; --  ; --   ;
; a[0]  ; Input    ; (0) 0 ps      ; --            ; --                    ; --  ; --   ;
; s[3]  ; Input    ; (0) 0 ps      ; --            ; --                    ; --  ; --   ;
; s[2]  ; Input    ; --            ; (6) 1314 ps   ; --                    ; --  ; --   ;
; b[0]  ; Input    ; (6) 1314 ps   ; --            ; --                    ; --  ; --   ;
; M     ; Input    ; --            ; (6) 1314 ps   ; --                    ; --  ; --   ;
; c     ; Input    ; (6) 1314 ps   ; --            ; --                    ; --  ; --   ;
; s[0]  ; Input    ; --            ; (6) 1314 ps   ; --                    ; --  ; --   ;
; s[1]  ; Input    ; (6) 1314 ps   ; --            ; --                    ; --  ; --   ;
; a[1]  ; Input    ; (6) 1314 ps   ; --            ; --                    ; --  ; --   ;
; b[1]  ; Input    ; (6) 1314 ps   ; --            ; --                    ; --  ; --   ;
; a[2]  ; Input    ; --            ; (6) 1314 ps   ; --                    ; --  ; --   ;
; b[2]  ; Input    ; --            ; (6) 1314 ps   ; --                    ; --  ; --   ;
; a[3]  ; Input    ; --            ; (6) 1314 ps   ; --                    ; --  ; --   ;
; b[3]  ; Input    ; (6) 1314 ps   ; --            ; --                    ; --  ; --   ;
; a[11] ; Input    ; (6) 1314 ps   ; --            ; --                    ; --  ; --   ;
; b[11] ; Input    ; --            ; (6) 1314 ps   ; --                    ; --  ; --   ;
; a[7]  ; Input    ; --            ; (6) 1314 ps   ; --                    ; --  ; --   ;
; b[7]  ; Input    ; (6) 1314 ps   ; --            ; --                    ; --  ; --   ;
; a[15] ; Input    ; (6) 1314 ps   ; --            ; --                    ; --  ; --   ;
; b[15] ; Input    ; --            ; (6) 1314 ps   ; --                    ; --  ; --   ;
; a[4]  ; Input    ; --            ; (6) 1314 ps   ; --                    ; --  ; --   ;
; b[4]  ; Input    ; (6) 1314 ps   ; --            ; --                    ; --  ; --   ;
; a[5]  ; Input    ; --            ; (6) 1314 ps   ; --                    ; --  ; --   ;
; b[5]  ; Input    ; (6) 1314 ps   ; --            ; --                    ; --  ; --   ;
; a[6]  ; Input    ; (6) 1314 ps   ; --            ; --                    ; --  ; --   ;
; b[6]  ; Input    ; (6) 1314 ps   ; --            ; --                    ; --  ; --   ;
; a[8]  ; Input    ; --            ; (6) 1314 ps   ; --                    ; --  ; --   ;
; b[8]  ; Input    ; (6) 1314 ps   ; --            ; --                    ; --  ; --   ;
; a[9]  ; Input    ; (6) 1314 ps   ; --            ; --                    ; --  ; --   ;
; b[9]  ; Input    ; --            ; (6) 1314 ps   ; --                    ; --  ; --   ;
; a[10] ; Input    ; (6) 1314 ps   ; --            ; --                    ; --  ; --   ;
; b[10] ; Input    ; --            ; (6) 1314 ps   ; --                    ; --  ; --   ;
; a[12] ; Input    ; (6) 1314 ps   ; --            ; --                    ; --  ; --   ;
; b[12] ; Input    ; (6) 1314 ps   ; --            ; --                    ; --  ; --   ;
; a[13] ; Input    ; (6) 1314 ps   ; --            ; --                    ; --  ; --   ;
; b[13] ; Input    ; (6) 1314 ps   ; --            ; --                    ; --  ; --   ;
; a[14] ; Input    ; --            ; (6) 1314 ps   ; --                    ; --  ; --   ;
; b[14] ; Input    ; (6) 1314 ps   ; --            ; --                    ; --  ; --   ;
; a[23] ; Input    ; (6) 1314 ps   ; --            ; --                    ; --  ; --   ;
; b[23] ; Input    ; (6) 1314 ps   ; --            ; --                    ; --  ; --   ;
; a[27] ; Input    ; (6) 1314 ps   ; --            ; --                    ; --  ; --   ;
; b[27] ; Input    ; --            ; (6) 1314 ps   ; --                    ; --  ; --   ;
; a[19] ; Input    ; (6) 1314 ps   ; --            ; --                    ; --  ; --   ;
; b[19] ; Input    ; (6) 1314 ps   ; --            ; --                    ; --  ; --   ;
; a[31] ; Input    ; (6) 1314 ps   ; --            ; --                    ; --  ; --   ;
; b[31] ; Input    ; (6) 1314 ps   ; --            ; --                    ; --  ; --   ;
; a[55] ; Input    ; --            ; (6) 1314 ps   ; --                    ; --  ; --   ;
; b[55] ; Input    ; --            ; (6) 1314 ps   ; --                    ; --  ; --   ;
; a[59] ; Input    ; (6) 1314 ps   ; --            ; --                    ; --  ; --   ;
; b[59] ; Input    ; --            ; (6) 1314 ps   ; --                    ; --  ; --   ;
; a[39] ; Input    ; --            ; (6) 1314 ps   ; --                    ; --  ; --   ;
; b[39] ; Input    ; (6) 1314 ps   ; --            ; --                    ; --  ; --   ;
; a[43] ; Input    ; (6) 1314 ps   ; --            ; --                    ; --  ; --   ;
; b[43] ; Input    ; (6) 1314 ps   ; --            ; --                    ; --  ; --   ;
; a[35] ; Input    ; (6) 1314 ps   ; --            ; --                    ; --  ; --   ;
; b[35] ; Input    ; (6) 1314 ps   ; --            ; --                    ; --  ; --   ;
; a[47] ; Input    ; --            ; (6) 1314 ps   ; --                    ; --  ; --   ;
; b[47] ; Input    ; (6) 1314 ps   ; --            ; --                    ; --  ; --   ;
; a[51] ; Input    ; (6) 1314 ps   ; --            ; --                    ; --  ; --   ;
; b[51] ; Input    ; (6) 1314 ps   ; --            ; --                    ; --  ; --   ;
; a[63] ; Input    ; --            ; (6) 1314 ps   ; --                    ; --  ; --   ;
; b[63] ; Input    ; (6) 1314 ps   ; --            ; --                    ; --  ; --   ;
; a[16] ; Input    ; --            ; (6) 1314 ps   ; --                    ; --  ; --   ;
; b[16] ; Input    ; (6) 1314 ps   ; --            ; --                    ; --  ; --   ;
; a[17] ; Input    ; --            ; (6) 1314 ps   ; --                    ; --  ; --   ;
; b[17] ; Input    ; --            ; (6) 1314 ps   ; --                    ; --  ; --   ;
; a[18] ; Input    ; --            ; (6) 1314 ps   ; --                    ; --  ; --   ;
; b[18] ; Input    ; --            ; (6) 1314 ps   ; --                    ; --  ; --   ;
; a[20] ; Input    ; (6) 1314 ps   ; --            ; --                    ; --  ; --   ;
; b[20] ; Input    ; (6) 1314 ps   ; --            ; --                    ; --  ; --   ;
; a[21] ; Input    ; --            ; (6) 1314 ps   ; --                    ; --  ; --   ;
; b[21] ; Input    ; (6) 1314 ps   ; --            ; --                    ; --  ; --   ;
; a[22] ; Input    ; --            ; (6) 1314 ps   ; --                    ; --  ; --   ;
; b[22] ; Input    ; --            ; (6) 1314 ps   ; --                    ; --  ; --   ;
; a[24] ; Input    ; (6) 1314 ps   ; --            ; --                    ; --  ; --   ;
; b[24] ; Input    ; --            ; (6) 1314 ps   ; --                    ; --  ; --   ;
; a[25] ; Input    ; (6) 1314 ps   ; --            ; --                    ; --  ; --   ;
; b[25] ; Input    ; --            ; (6) 1314 ps   ; --                    ; --  ; --   ;
; a[26] ; Input    ; (6) 1314 ps   ; --            ; --                    ; --  ; --   ;
; b[26] ; Input    ; --            ; (6) 1314 ps   ; --                    ; --  ; --   ;
; a[28] ; Input    ; --            ; (6) 1314 ps   ; --                    ; --  ; --   ;
; b[28] ; Input    ; (6) 1314 ps   ; --            ; --                    ; --  ; --   ;
; a[29] ; Input    ; --            ; (6) 1314 ps   ; --                    ; --  ; --   ;
; b[29] ; Input    ; --            ; (6) 1314 ps   ; --                    ; --  ; --   ;
; a[30] ; Input    ; --            ; (6) 1314 ps   ; --                    ; --  ; --   ;
; b[30] ; Input    ; (6) 1314 ps   ; --            ; --                    ; --  ; --   ;
; a[32] ; Input    ; --            ; (6) 1314 ps   ; --                    ; --  ; --   ;
; b[32] ; Input    ; --            ; (6) 1314 ps   ; --                    ; --  ; --   ;
; a[33] ; Input    ; (6) 1314 ps   ; --            ; --                    ; --  ; --   ;
; b[33] ; Input    ; (0) 0 ps      ; --            ; --                    ; --  ; --   ;
; a[34] ; Input    ; (0) 0 ps      ; --            ; --                    ; --  ; --   ;
; b[34] ; Input    ; --            ; (6) 1314 ps   ; --                    ; --  ; --   ;
; a[36] ; Input    ; --            ; (6) 1314 ps   ; --                    ; --  ; --   ;
; b[36] ; Input    ; (0) 0 ps      ; --            ; --                    ; --  ; --   ;
; a[37] ; Input    ; (0) 0 ps      ; --            ; --                    ; --  ; --   ;
; b[37] ; Input    ; --            ; (6) 1314 ps   ; --                    ; --  ; --   ;
; a[38] ; Input    ; --            ; (6) 1314 ps   ; --                    ; --  ; --   ;
; b[38] ; Input    ; (6) 1314 ps   ; --            ; --                    ; --  ; --   ;
; a[40] ; Input    ; --            ; (6) 1314 ps   ; --                    ; --  ; --   ;
; b[40] ; Input    ; (6) 1314 ps   ; --            ; --                    ; --  ; --   ;
; a[41] ; Input    ; (6) 1314 ps   ; --            ; --                    ; --  ; --   ;
; b[41] ; Input    ; (6) 1314 ps   ; --            ; --                    ; --  ; --   ;
; a[42] ; Input    ; --            ; (6) 1314 ps   ; --                    ; --  ; --   ;
; b[42] ; Input    ; --            ; (6) 1314 ps   ; --                    ; --  ; --   ;
; a[44] ; Input    ; (6) 1314 ps   ; --            ; --                    ; --  ; --   ;
; b[44] ; Input    ; (6) 1314 ps   ; --            ; --                    ; --  ; --   ;
; a[45] ; Input    ; (6) 1314 ps   ; --            ; --                    ; --  ; --   ;
; b[45] ; Input    ; --            ; (6) 1314 ps   ; --                    ; --  ; --   ;
; a[46] ; Input    ; --            ; (6) 1314 ps   ; --                    ; --  ; --   ;
; b[46] ; Input    ; --            ; (6) 1314 ps   ; --                    ; --  ; --   ;
; a[48] ; Input    ; (6) 1314 ps   ; --            ; --                    ; --  ; --   ;
; b[48] ; Input    ; (6) 1314 ps   ; --            ; --                    ; --  ; --   ;
; a[49] ; Input    ; (6) 1314 ps   ; --            ; --                    ; --  ; --   ;
; b[49] ; Input    ; --            ; (6) 1314 ps   ; --                    ; --  ; --   ;
; a[50] ; Input    ; --            ; (6) 1314 ps   ; --                    ; --  ; --   ;
; b[50] ; Input    ; (6) 1314 ps   ; --            ; --                    ; --  ; --   ;
; a[52] ; Input    ; --            ; (6) 1314 ps   ; --                    ; --  ; --   ;
; b[52] ; Input    ; --            ; (6) 1314 ps   ; --                    ; --  ; --   ;
; a[53] ; Input    ; --            ; (6) 1314 ps   ; --                    ; --  ; --   ;
; b[53] ; Input    ; --            ; (6) 1314 ps   ; --                    ; --  ; --   ;
; a[54] ; Input    ; (6) 1314 ps   ; --            ; --                    ; --  ; --   ;
; b[54] ; Input    ; (6) 1314 ps   ; --            ; --                    ; --  ; --   ;
; a[56] ; Input    ; --            ; (6) 1314 ps   ; --                    ; --  ; --   ;
; b[56] ; Input    ; (6) 1314 ps   ; --            ; --                    ; --  ; --   ;
; a[57] ; Input    ; (6) 1314 ps   ; --            ; --                    ; --  ; --   ;
; b[57] ; Input    ; --            ; (6) 1314 ps   ; --                    ; --  ; --   ;
; a[58] ; Input    ; --            ; (6) 1314 ps   ; --                    ; --  ; --   ;
; b[58] ; Input    ; (6) 1314 ps   ; --            ; --                    ; --  ; --   ;
; a[60] ; Input    ; --            ; (6) 1314 ps   ; --                    ; --  ; --   ;
; b[60] ; Input    ; (6) 1314 ps   ; --            ; --                    ; --  ; --   ;
; a[61] ; Input    ; (6) 1314 ps   ; --            ; --                    ; --  ; --   ;
; b[61] ; Input    ; --            ; (6) 1314 ps   ; --                    ; --  ; --   ;
; a[62] ; Input    ; (6) 1314 ps   ; --            ; --                    ; --  ; --   ;
; b[62] ; Input    ; --            ; (6) 1314 ps   ; --                    ; --  ; --   ;
+-------+----------+---------------+---------------+-----------------------+-----+------+


+--------------------------------------------------------------------------------------+
; Pad To Core Delay Chain Fanout                                                       ;
+--------------------------------------------------------+-------------------+---------+
; Source Pin / Fanout                                    ; Pad To Core Index ; Setting ;
+--------------------------------------------------------+-------------------+---------+
; a[0]                                                   ;                   ;         ;
; s[3]                                                   ;                   ;         ;
; s[2]                                                   ;                   ;         ;
;      - ALU_16bit:b2v_inst|ALU_74181:b2v_inst5|g~0      ; 1                 ; 6       ;
;      - ALU_16bit:b2v_inst|ALU_74181:b2v_inst5|g~1      ; 1                 ; 6       ;
;      - ALU_16bit:b2v_inst|ALU_74181:b2v_inst5|g~2      ; 1                 ; 6       ;
;      - ALU_16bit:b2v_inst|ALU_74181:b2v_inst5|g~3      ; 1                 ; 6       ;
;      - ALU_16bit:b2v_inst|ALU_74181:b2v_inst6|g~0      ; 1                 ; 6       ;
;      - ALU_16bit:b2v_inst|ALU_74181:b2v_inst|g~0       ; 1                 ; 6       ;
;      - ALU_16bit:b2v_inst|ALU_74181:b2v_inst|g~1       ; 1                 ; 6       ;
;      - ALU_16bit:b2v_inst|ALU_74181:b2v_inst|g~2       ; 1                 ; 6       ;
;      - ALU_16bit:b2v_inst|ALU_74181:b2v_inst|g~3       ; 1                 ; 6       ;
;      - ALU_16bit:b2v_inst|ALU_74181:b2v_inst7|g~0      ; 1                 ; 6       ;
;      - ALU_16bit:b2v_inst|ALU_74181:b2v_inst6|g~1      ; 1                 ; 6       ;
;      - ALU_16bit:b2v_inst|ALU_74181:b2v_inst6|g~2      ; 1                 ; 6       ;
;      - ALU_16bit:b2v_inst|ALU_74181:b2v_inst6|g~3      ; 1                 ; 6       ;
;      - ALU_16bit:b2v_inst|ALU_74181:b2v_inst7|g~1      ; 1                 ; 6       ;
;      - ALU_16bit:b2v_inst|ALU_74181:b2v_inst7|g~2      ; 1                 ; 6       ;
;      - ALU_16bit:b2v_inst|ALU_74181:b2v_inst7|g~3      ; 1                 ; 6       ;
;      - ALU_16bit:b2v_inst3|ALU_74181:b2v_inst|g~0      ; 1                 ; 6       ;
;      - ALU_16bit:b2v_inst3|ALU_74181:b2v_inst6|g~0     ; 1                 ; 6       ;
;      - ALU_16bit:b2v_inst3|ALU_74181:b2v_inst5|g~0     ; 1                 ; 6       ;
;      - ALU_16bit:b2v_inst3|ALU_74181:b2v_inst7|g~0     ; 1                 ; 6       ;
;      - ALU_16bit:b2v_inst2|ALU_74181:b2v_inst5|g~0     ; 1                 ; 6       ;
;      - ALU_16bit:b2v_inst2|ALU_74181:b2v_inst5|g~1     ; 1                 ; 6       ;
;      - ALU_16bit:b2v_inst2|ALU_74181:b2v_inst5|g~2     ; 1                 ; 6       ;
;      - ALU_16bit:b2v_inst2|ALU_74181:b2v_inst5|g~3     ; 1                 ; 6       ;
;      - ALU_16bit:b2v_inst2|ALU_74181:b2v_inst|g~0      ; 1                 ; 6       ;
;      - ALU_16bit:b2v_inst2|ALU_74181:b2v_inst6|g~0     ; 1                 ; 6       ;
;      - ALU_16bit:b2v_inst2|ALU_74181:b2v_inst|g~1      ; 1                 ; 6       ;
;      - ALU_16bit:b2v_inst2|ALU_74181:b2v_inst|g~2      ; 1                 ; 6       ;
;      - ALU_16bit:b2v_inst2|ALU_74181:b2v_inst|g~3      ; 1                 ; 6       ;
;      - ALU_16bit:b2v_inst2|ALU_74181:b2v_inst7|g~0     ; 1                 ; 6       ;
;      - ALU_16bit:b2v_inst2|ALU_74181:b2v_inst6|g~1     ; 1                 ; 6       ;
;      - ALU_16bit:b2v_inst2|ALU_74181:b2v_inst6|g~2     ; 1                 ; 6       ;
;      - ALU_16bit:b2v_inst2|ALU_74181:b2v_inst6|g~3     ; 1                 ; 6       ;
;      - ALU_16bit:b2v_inst2|ALU_74181:b2v_inst7|g~1     ; 1                 ; 6       ;
;      - ALU_16bit:b2v_inst2|ALU_74181:b2v_inst7|g~2     ; 1                 ; 6       ;
;      - ALU_16bit:b2v_inst2|ALU_74181:b2v_inst7|g~3     ; 1                 ; 6       ;
;      - ALU_16bit:b2v_inst3|ALU_74181:b2v_inst5|g~1     ; 1                 ; 6       ;
;      - ALU_16bit:b2v_inst3|ALU_74181:b2v_inst5|g~2     ; 1                 ; 6       ;
;      - ALU_16bit:b2v_inst3|ALU_74181:b2v_inst5|g~3     ; 1                 ; 6       ;
;      - ALU_16bit:b2v_inst3|ALU_74181:b2v_inst|g~1      ; 1                 ; 6       ;
;      - ALU_16bit:b2v_inst3|ALU_74181:b2v_inst|g~2      ; 1                 ; 6       ;
;      - ALU_16bit:b2v_inst3|ALU_74181:b2v_inst|g~3      ; 1                 ; 6       ;
;      - ALU_16bit:b2v_inst3|ALU_74181:b2v_inst6|g~1     ; 1                 ; 6       ;
;      - ALU_16bit:b2v_inst3|ALU_74181:b2v_inst6|g~2     ; 1                 ; 6       ;
;      - ALU_16bit:b2v_inst3|ALU_74181:b2v_inst6|g~3     ; 1                 ; 6       ;
;      - ALU_16bit:b2v_inst3|ALU_74181:b2v_inst7|g~1     ; 1                 ; 6       ;
;      - ALU_16bit:b2v_inst3|ALU_74181:b2v_inst7|g~2     ; 1                 ; 6       ;
;      - ALU_16bit:b2v_inst3|ALU_74181:b2v_inst7|g~3     ; 1                 ; 6       ;
;      - ALU_16bit:b2v_inst5|ALU_74181:b2v_inst7|g~0     ; 1                 ; 6       ;
;      - ALU_16bit:b2v_inst5|ALU_74181:b2v_inst5|g~0     ; 1                 ; 6       ;
;      - ALU_16bit:b2v_inst5|ALU_74181:b2v_inst|g~0      ; 1                 ; 6       ;
;      - ALU_16bit:b2v_inst5|ALU_74181:b2v_inst6|g~0     ; 1                 ; 6       ;
;      - ALU_16bit:b2v_inst5|ALU_74181:b2v_inst5|g~1     ; 1                 ; 6       ;
;      - ALU_16bit:b2v_inst5|ALU_74181:b2v_inst5|g~2     ; 1                 ; 6       ;
;      - ALU_16bit:b2v_inst5|ALU_74181:b2v_inst5|g~3     ; 1                 ; 6       ;
;      - ALU_16bit:b2v_inst5|ALU_74181:b2v_inst|g~1      ; 1                 ; 6       ;
;      - ALU_16bit:b2v_inst5|ALU_74181:b2v_inst|g~2      ; 1                 ; 6       ;
;      - ALU_16bit:b2v_inst5|ALU_74181:b2v_inst|g~3      ; 1                 ; 6       ;
;      - ALU_16bit:b2v_inst5|ALU_74181:b2v_inst6|g~1     ; 1                 ; 6       ;
;      - ALU_16bit:b2v_inst5|ALU_74181:b2v_inst6|g~2     ; 1                 ; 6       ;
;      - ALU_16bit:b2v_inst5|ALU_74181:b2v_inst6|g~3     ; 1                 ; 6       ;
;      - ALU_16bit:b2v_inst5|ALU_74181:b2v_inst7|g~1     ; 1                 ; 6       ;
;      - ALU_16bit:b2v_inst5|ALU_74181:b2v_inst7|g~2     ; 1                 ; 6       ;
;      - ALU_16bit:b2v_inst5|ALU_74181:b2v_inst7|g~3     ; 1                 ; 6       ;
; b[0]                                                   ;                   ;         ;
;      - ALU_16bit:b2v_inst|ALU_74181:b2v_inst5|g~0      ; 0                 ; 6       ;
;      - ALU_16bit:b2v_inst|ALU_74181:b2v_inst5|p~0      ; 0                 ; 6       ;
; M                                                      ;                   ;         ;
;      - ALU_16bit:b2v_inst|ALU_74181:b2v_inst5|f[3]~4   ; 1                 ; 6       ;
;      - ALU_16bit:b2v_inst|ALU_74181:b2v_inst|f[0]      ; 1                 ; 6       ;
;      - ALU_16bit:b2v_inst|ALU_74181:b2v_inst|f~1       ; 1                 ; 6       ;
;      - ALU_16bit:b2v_inst|ALU_74181:b2v_inst|f~2       ; 1                 ; 6       ;
;      - ALU_16bit:b2v_inst|ALU_74181:b2v_inst|f~3       ; 1                 ; 6       ;
;      - ALU_16bit:b2v_inst|ALU_74181:b2v_inst|f[3]~5    ; 1                 ; 6       ;
;      - ALU_16bit:b2v_inst|ALU_74181:b2v_inst6|f~1      ; 1                 ; 6       ;
;      - ALU_16bit:b2v_inst|ALU_74181:b2v_inst6|f~2      ; 1                 ; 6       ;
;      - ALU_16bit:b2v_inst|ALU_74181:b2v_inst6|f~3      ; 1                 ; 6       ;
;      - ALU_16bit:b2v_inst|ALU_74181:b2v_inst6|f[3]~5   ; 1                 ; 6       ;
;      - ALU_16bit:b2v_inst|ALU_74181:b2v_inst7|f~0      ; 1                 ; 6       ;
;      - ALU_16bit:b2v_inst|ALU_74181:b2v_inst7|f~1      ; 1                 ; 6       ;
;      - ALU_16bit:b2v_inst|ALU_74181:b2v_inst7|f~2      ; 1                 ; 6       ;
;      - ALU_16bit:b2v_inst|ALU_74181:b2v_inst7|f[3]~4   ; 1                 ; 6       ;
;      - ALU_16bit:b2v_inst2|ALU_74181:b2v_inst5|f~5     ; 1                 ; 6       ;
;      - ALU_16bit:b2v_inst2|ALU_74181:b2v_inst5|f[1]~8  ; 1                 ; 6       ;
;      - ALU_16bit:b2v_inst2|ALU_74181:b2v_inst5|f~9     ; 1                 ; 6       ;
;      - ALU_16bit:b2v_inst2|ALU_74181:b2v_inst5|f[3]~11 ; 1                 ; 6       ;
;      - ALU_16bit:b2v_inst2|ALU_74181:b2v_inst|f[0]     ; 1                 ; 6       ;
;      - ALU_16bit:b2v_inst2|ALU_74181:b2v_inst|f~1      ; 1                 ; 6       ;
;      - ALU_16bit:b2v_inst2|ALU_74181:b2v_inst|f~3      ; 1                 ; 6       ;
;      - ALU_16bit:b2v_inst2|ALU_74181:b2v_inst|f~4      ; 1                 ; 6       ;
;      - ALU_16bit:b2v_inst2|ALU_74181:b2v_inst|f[3]~6   ; 1                 ; 6       ;
;      - ALU_16bit:b2v_inst2|ALU_74181:b2v_inst6|f~0     ; 1                 ; 6       ;
;      - ALU_16bit:b2v_inst2|ALU_74181:b2v_inst6|f~1     ; 1                 ; 6       ;
;      - ALU_16bit:b2v_inst2|ALU_74181:b2v_inst6|f~2     ; 1                 ; 6       ;
;      - ALU_16bit:b2v_inst2|ALU_74181:b2v_inst6|f[3]~4  ; 1                 ; 6       ;
;      - ALU_16bit:b2v_inst2|ALU_74181:b2v_inst7|f~0     ; 1                 ; 6       ;
;      - ALU_16bit:b2v_inst2|ALU_74181:b2v_inst7|f~1     ; 1                 ; 6       ;
;      - ALU_16bit:b2v_inst2|ALU_74181:b2v_inst7|f~2     ; 1                 ; 6       ;
;      - ALU_16bit:b2v_inst2|ALU_74181:b2v_inst7|f[3]~4  ; 1                 ; 6       ;
;      - ALU_16bit:b2v_inst3|ALU_74181:b2v_inst5|f~0     ; 1                 ; 6       ;
;      - ALU_16bit:b2v_inst3|ALU_74181:b2v_inst5|f[1]~2  ; 1                 ; 6       ;
;      - ALU_16bit:b2v_inst3|ALU_74181:b2v_inst5|f~3     ; 1                 ; 6       ;
;      - ALU_16bit:b2v_inst3|ALU_74181:b2v_inst5|f~5     ; 1                 ; 6       ;
;      - ALU_16bit:b2v_inst3|ALU_74181:b2v_inst|f[0]     ; 1                 ; 6       ;
;      - ALU_16bit:b2v_inst3|ALU_74181:b2v_inst|f~1      ; 1                 ; 6       ;
;      - ALU_16bit:b2v_inst3|ALU_74181:b2v_inst|f~3      ; 1                 ; 6       ;
;      - ALU_16bit:b2v_inst3|ALU_74181:b2v_inst|f~4      ; 1                 ; 6       ;
;      - ALU_16bit:b2v_inst3|ALU_74181:b2v_inst|f[3]~6   ; 1                 ; 6       ;
;      - ALU_16bit:b2v_inst3|ALU_74181:b2v_inst6|f~0     ; 1                 ; 6       ;
;      - ALU_16bit:b2v_inst3|ALU_74181:b2v_inst6|f~1     ; 1                 ; 6       ;
;      - ALU_16bit:b2v_inst3|ALU_74181:b2v_inst6|f~2     ; 1                 ; 6       ;
;      - ALU_16bit:b2v_inst3|ALU_74181:b2v_inst6|f[3]~4  ; 1                 ; 6       ;
;      - ALU_16bit:b2v_inst3|ALU_74181:b2v_inst7|f~0     ; 1                 ; 6       ;
;      - ALU_16bit:b2v_inst3|ALU_74181:b2v_inst7|f~1     ; 1                 ; 6       ;
;      - ALU_16bit:b2v_inst3|ALU_74181:b2v_inst7|f~2     ; 1                 ; 6       ;
;      - ALU_16bit:b2v_inst3|ALU_74181:b2v_inst7|f[3]~4  ; 1                 ; 6       ;
;      - ALU_16bit:b2v_inst5|ALU_74181:b2v_inst5|f~0     ; 1                 ; 6       ;
;      - ALU_16bit:b2v_inst5|ALU_74181:b2v_inst5|f[1]~2  ; 1                 ; 6       ;
;      - ALU_16bit:b2v_inst5|ALU_74181:b2v_inst5|f~3     ; 1                 ; 6       ;
;      - ALU_16bit:b2v_inst5|ALU_74181:b2v_inst5|f~5     ; 1                 ; 6       ;
;      - ALU_16bit:b2v_inst5|ALU_74181:b2v_inst|f[0]     ; 1                 ; 6       ;
;      - ALU_16bit:b2v_inst5|ALU_74181:b2v_inst|f~1      ; 1                 ; 6       ;
;      - ALU_16bit:b2v_inst5|ALU_74181:b2v_inst|f~2      ; 1                 ; 6       ;
;      - ALU_16bit:b2v_inst5|ALU_74181:b2v_inst|f~3      ; 1                 ; 6       ;
;      - ALU_16bit:b2v_inst5|ALU_74181:b2v_inst|f[3]~5   ; 1                 ; 6       ;
;      - ALU_16bit:b2v_inst5|ALU_74181:b2v_inst6|f~1     ; 1                 ; 6       ;
;      - ALU_16bit:b2v_inst5|ALU_74181:b2v_inst6|f[1]~3  ; 1                 ; 6       ;
;      - ALU_16bit:b2v_inst5|ALU_74181:b2v_inst6|f~4     ; 1                 ; 6       ;
;      - ALU_16bit:b2v_inst5|ALU_74181:b2v_inst6|f[3]~6  ; 1                 ; 6       ;
;      - ALU_16bit:b2v_inst5|ALU_74181:b2v_inst7|f~0     ; 1                 ; 6       ;
;      - ALU_16bit:b2v_inst5|ALU_74181:b2v_inst7|f~1     ; 1                 ; 6       ;
;      - ALU_16bit:b2v_inst5|ALU_74181:b2v_inst7|f~2     ; 1                 ; 6       ;
;      - ALU_16bit:b2v_inst5|ALU_74181:b2v_inst7|f[3]~4  ; 1                 ; 6       ;
;      - ALU_16bit:b2v_inst|ALU_74181:b2v_inst5|f[0]~6   ; 1                 ; 6       ;
;      - ALU_16bit:b2v_inst|ALU_74181:b2v_inst5|f~7      ; 1                 ; 6       ;
;      - ALU_16bit:b2v_inst|ALU_74181:b2v_inst5|f~9      ; 1                 ; 6       ;
; c                                                      ;                   ;         ;
;      - ALU_16bit:b2v_inst|ALU_74181:b2v_inst5|f[0]~6   ; 0                 ; 6       ;
;      - ALU_16bit:b2v_inst|ALU_74181:b2v_inst5|f~7      ; 0                 ; 6       ;
;      - ALU_16bit:b2v_inst|ALU_74181:b2v_inst5|f~8      ; 0                 ; 6       ;
; s[0]                                                   ;                   ;         ;
;      - ALU_16bit:b2v_inst|ALU_74181:b2v_inst5|p~0      ; 1                 ; 6       ;
;      - ALU_16bit:b2v_inst|ALU_74181:b2v_inst5|p~1      ; 1                 ; 6       ;
;      - ALU_16bit:b2v_inst|ALU_74181:b2v_inst5|p~2      ; 1                 ; 6       ;
;      - ALU_16bit:b2v_inst|ALU_74181:b2v_inst5|p~3      ; 1                 ; 6       ;
;      - ALU_16bit:b2v_inst|ALU_74181:b2v_inst7|p~0      ; 1                 ; 6       ;
;      - ALU_16bit:b2v_inst|ALU_74181:b2v_inst|p~0       ; 1                 ; 6       ;
;      - ALU_16bit:b2v_inst|ALU_74181:b2v_inst|p~1       ; 1                 ; 6       ;
;      - ALU_16bit:b2v_inst|ALU_74181:b2v_inst|p~2       ; 1                 ; 6       ;
;      - ALU_16bit:b2v_inst|ALU_74181:b2v_inst|p~3       ; 1                 ; 6       ;
;      - ALU_16bit:b2v_inst|ALU_74181:b2v_inst6|p~0      ; 1                 ; 6       ;
;      - ALU_16bit:b2v_inst|ALU_74181:b2v_inst6|p~1      ; 1                 ; 6       ;
;      - ALU_16bit:b2v_inst|ALU_74181:b2v_inst6|p~2      ; 1                 ; 6       ;
;      - ALU_16bit:b2v_inst|ALU_74181:b2v_inst6|p~3      ; 1                 ; 6       ;
;      - ALU_16bit:b2v_inst|ALU_74181:b2v_inst7|p~1      ; 1                 ; 6       ;
;      - ALU_16bit:b2v_inst|ALU_74181:b2v_inst7|p~2      ; 1                 ; 6       ;
;      - ALU_16bit:b2v_inst|ALU_74181:b2v_inst7|p~3      ; 1                 ; 6       ;
;      - ALU_16bit:b2v_inst2|ALU_74181:b2v_inst|p~0      ; 1                 ; 6       ;
;      - ALU_16bit:b2v_inst2|ALU_74181:b2v_inst6|p~0     ; 1                 ; 6       ;
;      - ALU_16bit:b2v_inst2|ALU_74181:b2v_inst5|p~0     ; 1                 ; 6       ;
;      - ALU_16bit:b2v_inst2|ALU_74181:b2v_inst7|p~0     ; 1                 ; 6       ;
;      - ALU_16bit:b2v_inst5|ALU_74181:b2v_inst|p~0      ; 1                 ; 6       ;
;      - ALU_16bit:b2v_inst5|ALU_74181:b2v_inst6|p~0     ; 1                 ; 6       ;
;      - ALU_16bit:b2v_inst5|ALU_74181:b2v_inst5|p~0     ; 1                 ; 6       ;
;      - ALU_16bit:b2v_inst5|ALU_74181:b2v_inst7|p~0     ; 1                 ; 6       ;
;      - ALU_16bit:b2v_inst2|ALU_74181:b2v_inst5|p~1     ; 1                 ; 6       ;
;      - ALU_16bit:b2v_inst2|ALU_74181:b2v_inst5|p~2     ; 1                 ; 6       ;
;      - ALU_16bit:b2v_inst2|ALU_74181:b2v_inst5|p~3     ; 1                 ; 6       ;
;      - ALU_16bit:b2v_inst2|ALU_74181:b2v_inst|p~1      ; 1                 ; 6       ;
;      - ALU_16bit:b2v_inst2|ALU_74181:b2v_inst|p~2      ; 1                 ; 6       ;
;      - ALU_16bit:b2v_inst2|ALU_74181:b2v_inst|p~3      ; 1                 ; 6       ;
;      - ALU_16bit:b2v_inst2|ALU_74181:b2v_inst6|p~1     ; 1                 ; 6       ;
;      - ALU_16bit:b2v_inst2|ALU_74181:b2v_inst6|p~2     ; 1                 ; 6       ;
;      - ALU_16bit:b2v_inst2|ALU_74181:b2v_inst6|p~3     ; 1                 ; 6       ;
;      - ALU_16bit:b2v_inst2|ALU_74181:b2v_inst7|p~1     ; 1                 ; 6       ;
;      - ALU_16bit:b2v_inst2|ALU_74181:b2v_inst7|p~2     ; 1                 ; 6       ;
;      - ALU_16bit:b2v_inst2|ALU_74181:b2v_inst7|p~3     ; 1                 ; 6       ;
;      - ALU_16bit:b2v_inst3|ALU_74181:b2v_inst5|p~0     ; 1                 ; 6       ;
;      - ALU_16bit:b2v_inst3|ALU_74181:b2v_inst5|p~1     ; 1                 ; 6       ;
;      - ALU_16bit:b2v_inst3|ALU_74181:b2v_inst5|p~2     ; 1                 ; 6       ;
;      - ALU_16bit:b2v_inst3|ALU_74181:b2v_inst5|p~3     ; 1                 ; 6       ;
;      - ALU_16bit:b2v_inst3|ALU_74181:b2v_inst7|p~0     ; 1                 ; 6       ;
;      - ALU_16bit:b2v_inst3|ALU_74181:b2v_inst|p~0      ; 1                 ; 6       ;
;      - ALU_16bit:b2v_inst3|ALU_74181:b2v_inst|p~1      ; 1                 ; 6       ;
;      - ALU_16bit:b2v_inst3|ALU_74181:b2v_inst|p~2      ; 1                 ; 6       ;
;      - ALU_16bit:b2v_inst3|ALU_74181:b2v_inst|p~3      ; 1                 ; 6       ;
;      - ALU_16bit:b2v_inst3|ALU_74181:b2v_inst6|p~0     ; 1                 ; 6       ;
;      - ALU_16bit:b2v_inst3|ALU_74181:b2v_inst6|p~1     ; 1                 ; 6       ;
;      - ALU_16bit:b2v_inst3|ALU_74181:b2v_inst6|p~2     ; 1                 ; 6       ;
;      - ALU_16bit:b2v_inst3|ALU_74181:b2v_inst6|p~3     ; 1                 ; 6       ;
;      - ALU_16bit:b2v_inst3|ALU_74181:b2v_inst7|p~1     ; 1                 ; 6       ;
;      - ALU_16bit:b2v_inst3|ALU_74181:b2v_inst7|p~2     ; 1                 ; 6       ;
;      - ALU_16bit:b2v_inst3|ALU_74181:b2v_inst7|p~3     ; 1                 ; 6       ;
;      - ALU_16bit:b2v_inst5|ALU_74181:b2v_inst5|p~1     ; 1                 ; 6       ;
;      - ALU_16bit:b2v_inst5|ALU_74181:b2v_inst5|p~2     ; 1                 ; 6       ;
;      - ALU_16bit:b2v_inst5|ALU_74181:b2v_inst5|p~3     ; 1                 ; 6       ;
;      - ALU_16bit:b2v_inst5|ALU_74181:b2v_inst|p~1      ; 1                 ; 6       ;
;      - ALU_16bit:b2v_inst5|ALU_74181:b2v_inst|p~2      ; 1                 ; 6       ;
;      - ALU_16bit:b2v_inst5|ALU_74181:b2v_inst|p~3      ; 1                 ; 6       ;
;      - ALU_16bit:b2v_inst5|ALU_74181:b2v_inst6|p~1     ; 1                 ; 6       ;
;      - ALU_16bit:b2v_inst5|ALU_74181:b2v_inst6|p~2     ; 1                 ; 6       ;
;      - ALU_16bit:b2v_inst5|ALU_74181:b2v_inst6|p~3     ; 1                 ; 6       ;
;      - ALU_16bit:b2v_inst5|ALU_74181:b2v_inst7|p~1     ; 1                 ; 6       ;
;      - ALU_16bit:b2v_inst5|ALU_74181:b2v_inst7|p~2     ; 1                 ; 6       ;
;      - ALU_16bit:b2v_inst5|ALU_74181:b2v_inst7|p~3     ; 1                 ; 6       ;
; s[1]                                                   ;                   ;         ;
;      - ALU_16bit:b2v_inst|ALU_74181:b2v_inst5|p~0      ; 0                 ; 6       ;
;      - ALU_16bit:b2v_inst|ALU_74181:b2v_inst5|p~1      ; 0                 ; 6       ;
;      - ALU_16bit:b2v_inst|ALU_74181:b2v_inst5|p~2      ; 0                 ; 6       ;
;      - ALU_16bit:b2v_inst|ALU_74181:b2v_inst5|p~3      ; 0                 ; 6       ;
;      - ALU_16bit:b2v_inst|ALU_74181:b2v_inst7|p~0      ; 0                 ; 6       ;
;      - ALU_16bit:b2v_inst|ALU_74181:b2v_inst|p~0       ; 0                 ; 6       ;
;      - ALU_16bit:b2v_inst|ALU_74181:b2v_inst|p~1       ; 0                 ; 6       ;
;      - ALU_16bit:b2v_inst|ALU_74181:b2v_inst|p~2       ; 0                 ; 6       ;
;      - ALU_16bit:b2v_inst|ALU_74181:b2v_inst|p~3       ; 0                 ; 6       ;
;      - ALU_16bit:b2v_inst|ALU_74181:b2v_inst6|p~0      ; 0                 ; 6       ;
;      - ALU_16bit:b2v_inst|ALU_74181:b2v_inst6|p~1      ; 0                 ; 6       ;
;      - ALU_16bit:b2v_inst|ALU_74181:b2v_inst6|p~2      ; 0                 ; 6       ;
;      - ALU_16bit:b2v_inst|ALU_74181:b2v_inst6|p~3      ; 0                 ; 6       ;
;      - ALU_16bit:b2v_inst|ALU_74181:b2v_inst7|p~1      ; 0                 ; 6       ;
;      - ALU_16bit:b2v_inst|ALU_74181:b2v_inst7|p~2      ; 0                 ; 6       ;
;      - ALU_16bit:b2v_inst|ALU_74181:b2v_inst7|p~3      ; 0                 ; 6       ;
;      - ALU_16bit:b2v_inst2|ALU_74181:b2v_inst|p~0      ; 0                 ; 6       ;
;      - ALU_16bit:b2v_inst2|ALU_74181:b2v_inst6|p~0     ; 0                 ; 6       ;
;      - ALU_16bit:b2v_inst2|ALU_74181:b2v_inst5|p~0     ; 0                 ; 6       ;
;      - ALU_16bit:b2v_inst2|ALU_74181:b2v_inst7|p~0     ; 0                 ; 6       ;
;      - ALU_16bit:b2v_inst5|ALU_74181:b2v_inst|p~0      ; 0                 ; 6       ;
;      - ALU_16bit:b2v_inst5|ALU_74181:b2v_inst6|p~0     ; 0                 ; 6       ;
;      - ALU_16bit:b2v_inst5|ALU_74181:b2v_inst5|p~0     ; 0                 ; 6       ;
;      - ALU_16bit:b2v_inst5|ALU_74181:b2v_inst7|p~0     ; 0                 ; 6       ;
;      - ALU_16bit:b2v_inst2|ALU_74181:b2v_inst5|p~1     ; 0                 ; 6       ;
;      - ALU_16bit:b2v_inst2|ALU_74181:b2v_inst5|p~2     ; 0                 ; 6       ;
;      - ALU_16bit:b2v_inst2|ALU_74181:b2v_inst5|p~3     ; 0                 ; 6       ;
;      - ALU_16bit:b2v_inst2|ALU_74181:b2v_inst|p~1      ; 0                 ; 6       ;
;      - ALU_16bit:b2v_inst2|ALU_74181:b2v_inst|p~2      ; 0                 ; 6       ;
;      - ALU_16bit:b2v_inst2|ALU_74181:b2v_inst|p~3      ; 0                 ; 6       ;
;      - ALU_16bit:b2v_inst2|ALU_74181:b2v_inst6|p~1     ; 0                 ; 6       ;
;      - ALU_16bit:b2v_inst2|ALU_74181:b2v_inst6|p~2     ; 0                 ; 6       ;
;      - ALU_16bit:b2v_inst2|ALU_74181:b2v_inst6|p~3     ; 0                 ; 6       ;
;      - ALU_16bit:b2v_inst2|ALU_74181:b2v_inst7|p~1     ; 0                 ; 6       ;
;      - ALU_16bit:b2v_inst2|ALU_74181:b2v_inst7|p~2     ; 0                 ; 6       ;
;      - ALU_16bit:b2v_inst2|ALU_74181:b2v_inst7|p~3     ; 0                 ; 6       ;
;      - ALU_16bit:b2v_inst3|ALU_74181:b2v_inst5|p~0     ; 0                 ; 6       ;
;      - ALU_16bit:b2v_inst3|ALU_74181:b2v_inst5|p~1     ; 0                 ; 6       ;
;      - ALU_16bit:b2v_inst3|ALU_74181:b2v_inst5|p~2     ; 0                 ; 6       ;
;      - ALU_16bit:b2v_inst3|ALU_74181:b2v_inst5|p~3     ; 0                 ; 6       ;
;      - ALU_16bit:b2v_inst3|ALU_74181:b2v_inst7|p~0     ; 0                 ; 6       ;
;      - ALU_16bit:b2v_inst3|ALU_74181:b2v_inst|p~0      ; 0                 ; 6       ;
;      - ALU_16bit:b2v_inst3|ALU_74181:b2v_inst|p~1      ; 0                 ; 6       ;
;      - ALU_16bit:b2v_inst3|ALU_74181:b2v_inst|p~2      ; 0                 ; 6       ;
;      - ALU_16bit:b2v_inst3|ALU_74181:b2v_inst|p~3      ; 0                 ; 6       ;
;      - ALU_16bit:b2v_inst3|ALU_74181:b2v_inst6|p~0     ; 0                 ; 6       ;
;      - ALU_16bit:b2v_inst3|ALU_74181:b2v_inst6|p~1     ; 0                 ; 6       ;
;      - ALU_16bit:b2v_inst3|ALU_74181:b2v_inst6|p~2     ; 0                 ; 6       ;
;      - ALU_16bit:b2v_inst3|ALU_74181:b2v_inst6|p~3     ; 0                 ; 6       ;
;      - ALU_16bit:b2v_inst3|ALU_74181:b2v_inst7|p~1     ; 0                 ; 6       ;
;      - ALU_16bit:b2v_inst3|ALU_74181:b2v_inst7|p~2     ; 0                 ; 6       ;
;      - ALU_16bit:b2v_inst3|ALU_74181:b2v_inst7|p~3     ; 0                 ; 6       ;
;      - ALU_16bit:b2v_inst5|ALU_74181:b2v_inst5|p~1     ; 0                 ; 6       ;
;      - ALU_16bit:b2v_inst5|ALU_74181:b2v_inst5|p~2     ; 0                 ; 6       ;
;      - ALU_16bit:b2v_inst5|ALU_74181:b2v_inst5|p~3     ; 0                 ; 6       ;
;      - ALU_16bit:b2v_inst5|ALU_74181:b2v_inst|p~1      ; 0                 ; 6       ;
;      - ALU_16bit:b2v_inst5|ALU_74181:b2v_inst|p~2      ; 0                 ; 6       ;
;      - ALU_16bit:b2v_inst5|ALU_74181:b2v_inst|p~3      ; 0                 ; 6       ;
;      - ALU_16bit:b2v_inst5|ALU_74181:b2v_inst6|p~1     ; 0                 ; 6       ;
;      - ALU_16bit:b2v_inst5|ALU_74181:b2v_inst6|p~2     ; 0                 ; 6       ;
;      - ALU_16bit:b2v_inst5|ALU_74181:b2v_inst6|p~3     ; 0                 ; 6       ;
;      - ALU_16bit:b2v_inst5|ALU_74181:b2v_inst7|p~1     ; 0                 ; 6       ;
;      - ALU_16bit:b2v_inst5|ALU_74181:b2v_inst7|p~2     ; 0                 ; 6       ;
;      - ALU_16bit:b2v_inst5|ALU_74181:b2v_inst7|p~3     ; 0                 ; 6       ;
; a[1]                                                   ;                   ;         ;
;      - ALU_16bit:b2v_inst|ALU_74181:b2v_inst5|g~1      ; 0                 ; 6       ;
;      - ALU_16bit:b2v_inst|ALU_74181:b2v_inst5|p~1      ; 0                 ; 6       ;
; b[1]                                                   ;                   ;         ;
;      - ALU_16bit:b2v_inst|ALU_74181:b2v_inst5|g~1      ; 0                 ; 6       ;
;      - ALU_16bit:b2v_inst|ALU_74181:b2v_inst5|p~1      ; 0                 ; 6       ;
; a[2]                                                   ;                   ;         ;
;      - ALU_16bit:b2v_inst|ALU_74181:b2v_inst5|g~2      ; 1                 ; 6       ;
;      - ALU_16bit:b2v_inst|ALU_74181:b2v_inst5|p~2      ; 1                 ; 6       ;
; b[2]                                                   ;                   ;         ;
;      - ALU_16bit:b2v_inst|ALU_74181:b2v_inst5|g~2      ; 1                 ; 6       ;
;      - ALU_16bit:b2v_inst|ALU_74181:b2v_inst5|p~2      ; 1                 ; 6       ;
; a[3]                                                   ;                   ;         ;
;      - ALU_16bit:b2v_inst|ALU_74181:b2v_inst5|g~3      ; 1                 ; 6       ;
;      - ALU_16bit:b2v_inst|ALU_74181:b2v_inst5|p~3      ; 1                 ; 6       ;
; b[3]                                                   ;                   ;         ;
;      - ALU_16bit:b2v_inst|ALU_74181:b2v_inst5|g~3      ; 0                 ; 6       ;
;      - ALU_16bit:b2v_inst|ALU_74181:b2v_inst5|p~3      ; 0                 ; 6       ;
; a[11]                                                  ;                   ;         ;
;      - ALU_16bit:b2v_inst|ALU_74181:b2v_inst6|g~0      ; 0                 ; 6       ;
;      - ALU_16bit:b2v_inst|ALU_74181:b2v_inst6|p~3      ; 0                 ; 6       ;
; b[11]                                                  ;                   ;         ;
;      - ALU_16bit:b2v_inst|ALU_74181:b2v_inst6|g~0      ; 1                 ; 6       ;
;      - ALU_16bit:b2v_inst|ALU_74181:b2v_inst6|p~3      ; 1                 ; 6       ;
; a[7]                                                   ;                   ;         ;
;      - ALU_16bit:b2v_inst|ALU_74181:b2v_inst|g~0       ; 1                 ; 6       ;
;      - ALU_16bit:b2v_inst|ALU_74181:b2v_inst|p~3       ; 1                 ; 6       ;
; b[7]                                                   ;                   ;         ;
;      - ALU_16bit:b2v_inst|ALU_74181:b2v_inst|g~0       ; 0                 ; 6       ;
;      - ALU_16bit:b2v_inst|ALU_74181:b2v_inst|p~3       ; 0                 ; 6       ;
; a[15]                                                  ;                   ;         ;
;      - ALU_16bit:b2v_inst|ALU_74181:b2v_inst7|p~0      ; 0                 ; 6       ;
;      - ALU_16bit:b2v_inst|ALU_74181:b2v_inst7|g~0      ; 0                 ; 6       ;
; b[15]                                                  ;                   ;         ;
;      - ALU_16bit:b2v_inst|ALU_74181:b2v_inst7|p~0      ; 1                 ; 6       ;
;      - ALU_16bit:b2v_inst|ALU_74181:b2v_inst7|g~0      ; 1                 ; 6       ;
; a[4]                                                   ;                   ;         ;
;      - ALU_16bit:b2v_inst|ALU_74181:b2v_inst|g~1       ; 1                 ; 6       ;
;      - ALU_16bit:b2v_inst|ALU_74181:b2v_inst|p~0       ; 1                 ; 6       ;
; b[4]                                                   ;                   ;         ;
;      - ALU_16bit:b2v_inst|ALU_74181:b2v_inst|g~1       ; 0                 ; 6       ;
;      - ALU_16bit:b2v_inst|ALU_74181:b2v_inst|p~0       ; 0                 ; 6       ;
; a[5]                                                   ;                   ;         ;
;      - ALU_16bit:b2v_inst|ALU_74181:b2v_inst|g~2       ; 1                 ; 6       ;
;      - ALU_16bit:b2v_inst|ALU_74181:b2v_inst|p~1       ; 1                 ; 6       ;
; b[5]                                                   ;                   ;         ;
;      - ALU_16bit:b2v_inst|ALU_74181:b2v_inst|g~2       ; 0                 ; 6       ;
;      - ALU_16bit:b2v_inst|ALU_74181:b2v_inst|p~1       ; 0                 ; 6       ;
; a[6]                                                   ;                   ;         ;
;      - ALU_16bit:b2v_inst|ALU_74181:b2v_inst|g~3       ; 0                 ; 6       ;
;      - ALU_16bit:b2v_inst|ALU_74181:b2v_inst|p~2       ; 0                 ; 6       ;
; b[6]                                                   ;                   ;         ;
;      - ALU_16bit:b2v_inst|ALU_74181:b2v_inst|g~3       ; 0                 ; 6       ;
;      - ALU_16bit:b2v_inst|ALU_74181:b2v_inst|p~2       ; 0                 ; 6       ;
; a[8]                                                   ;                   ;         ;
;      - ALU_16bit:b2v_inst|ALU_74181:b2v_inst6|g~1      ; 1                 ; 6       ;
;      - ALU_16bit:b2v_inst|ALU_74181:b2v_inst6|p~0      ; 1                 ; 6       ;
; b[8]                                                   ;                   ;         ;
;      - ALU_16bit:b2v_inst|ALU_74181:b2v_inst6|g~1      ; 0                 ; 6       ;
;      - ALU_16bit:b2v_inst|ALU_74181:b2v_inst6|p~0      ; 0                 ; 6       ;
; a[9]                                                   ;                   ;         ;
;      - ALU_16bit:b2v_inst|ALU_74181:b2v_inst6|g~2      ; 0                 ; 6       ;
;      - ALU_16bit:b2v_inst|ALU_74181:b2v_inst6|p~1      ; 0                 ; 6       ;
; b[9]                                                   ;                   ;         ;
;      - ALU_16bit:b2v_inst|ALU_74181:b2v_inst6|g~2      ; 1                 ; 6       ;
;      - ALU_16bit:b2v_inst|ALU_74181:b2v_inst6|p~1      ; 1                 ; 6       ;
; a[10]                                                  ;                   ;         ;
;      - ALU_16bit:b2v_inst|ALU_74181:b2v_inst6|g~3      ; 0                 ; 6       ;
;      - ALU_16bit:b2v_inst|ALU_74181:b2v_inst6|p~2      ; 0                 ; 6       ;
; b[10]                                                  ;                   ;         ;
;      - ALU_16bit:b2v_inst|ALU_74181:b2v_inst6|g~3      ; 1                 ; 6       ;
;      - ALU_16bit:b2v_inst|ALU_74181:b2v_inst6|p~2      ; 1                 ; 6       ;
; a[12]                                                  ;                   ;         ;
;      - ALU_16bit:b2v_inst|ALU_74181:b2v_inst7|g~1      ; 0                 ; 6       ;
;      - ALU_16bit:b2v_inst|ALU_74181:b2v_inst7|p~1      ; 0                 ; 6       ;
; b[12]                                                  ;                   ;         ;
;      - ALU_16bit:b2v_inst|ALU_74181:b2v_inst7|g~1      ; 0                 ; 6       ;
;      - ALU_16bit:b2v_inst|ALU_74181:b2v_inst7|p~1      ; 0                 ; 6       ;
; a[13]                                                  ;                   ;         ;
;      - ALU_16bit:b2v_inst|ALU_74181:b2v_inst7|g~2      ; 0                 ; 6       ;
;      - ALU_16bit:b2v_inst|ALU_74181:b2v_inst7|p~2      ; 0                 ; 6       ;
; b[13]                                                  ;                   ;         ;
;      - ALU_16bit:b2v_inst|ALU_74181:b2v_inst7|g~2      ; 0                 ; 6       ;
;      - ALU_16bit:b2v_inst|ALU_74181:b2v_inst7|p~2      ; 0                 ; 6       ;
; a[14]                                                  ;                   ;         ;
;      - ALU_16bit:b2v_inst|ALU_74181:b2v_inst7|g~3      ; 1                 ; 6       ;
;      - ALU_16bit:b2v_inst|ALU_74181:b2v_inst7|p~3      ; 1                 ; 6       ;
; b[14]                                                  ;                   ;         ;
;      - ALU_16bit:b2v_inst|ALU_74181:b2v_inst7|g~3      ; 0                 ; 6       ;
;      - ALU_16bit:b2v_inst|ALU_74181:b2v_inst7|p~3      ; 0                 ; 6       ;
; a[23]                                                  ;                   ;         ;
;      - ALU_16bit:b2v_inst2|ALU_74181:b2v_inst|p~0      ; 0                 ; 6       ;
;      - ALU_16bit:b2v_inst2|ALU_74181:b2v_inst|g~0      ; 0                 ; 6       ;
; b[23]                                                  ;                   ;         ;
;      - ALU_16bit:b2v_inst2|ALU_74181:b2v_inst|p~0      ; 0                 ; 6       ;
;      - ALU_16bit:b2v_inst2|ALU_74181:b2v_inst|g~0      ; 0                 ; 6       ;
; a[27]                                                  ;                   ;         ;
;      - ALU_16bit:b2v_inst2|ALU_74181:b2v_inst6|p~0     ; 0                 ; 6       ;
;      - ALU_16bit:b2v_inst2|ALU_74181:b2v_inst6|g~0     ; 0                 ; 6       ;
; b[27]                                                  ;                   ;         ;
;      - ALU_16bit:b2v_inst2|ALU_74181:b2v_inst6|p~0     ; 1                 ; 6       ;
;      - ALU_16bit:b2v_inst2|ALU_74181:b2v_inst6|g~0     ; 1                 ; 6       ;
; a[19]                                                  ;                   ;         ;
;      - ALU_16bit:b2v_inst2|ALU_74181:b2v_inst5|p~0     ; 0                 ; 6       ;
;      - ALU_16bit:b2v_inst2|ALU_74181:b2v_inst5|g~3     ; 0                 ; 6       ;
; b[19]                                                  ;                   ;         ;
;      - ALU_16bit:b2v_inst2|ALU_74181:b2v_inst5|p~0     ; 0                 ; 6       ;
;      - ALU_16bit:b2v_inst2|ALU_74181:b2v_inst5|g~3     ; 0                 ; 6       ;
; a[31]                                                  ;                   ;         ;
;      - ALU_16bit:b2v_inst2|ALU_74181:b2v_inst7|p~0     ; 0                 ; 6       ;
;      - ALU_16bit:b2v_inst2|ALU_74181:b2v_inst7|g~0     ; 0                 ; 6       ;
; b[31]                                                  ;                   ;         ;
;      - ALU_16bit:b2v_inst2|ALU_74181:b2v_inst7|p~0     ; 0                 ; 6       ;
;      - ALU_16bit:b2v_inst2|ALU_74181:b2v_inst7|g~0     ; 0                 ; 6       ;
; a[55]                                                  ;                   ;         ;
;      - ALU_16bit:b2v_inst5|ALU_74181:b2v_inst|p~0      ; 1                 ; 6       ;
;      - ALU_16bit:b2v_inst5|ALU_74181:b2v_inst|g~0      ; 1                 ; 6       ;
; b[55]                                                  ;                   ;         ;
;      - ALU_16bit:b2v_inst5|ALU_74181:b2v_inst|p~0      ; 1                 ; 6       ;
;      - ALU_16bit:b2v_inst5|ALU_74181:b2v_inst|g~0      ; 1                 ; 6       ;
; a[59]                                                  ;                   ;         ;
;      - ALU_16bit:b2v_inst5|ALU_74181:b2v_inst6|p~0     ; 0                 ; 6       ;
;      - ALU_16bit:b2v_inst5|ALU_74181:b2v_inst6|g~0     ; 0                 ; 6       ;
; b[59]                                                  ;                   ;         ;
;      - ALU_16bit:b2v_inst5|ALU_74181:b2v_inst6|p~0     ; 1                 ; 6       ;
;      - ALU_16bit:b2v_inst5|ALU_74181:b2v_inst6|g~0     ; 1                 ; 6       ;
; a[39]                                                  ;                   ;         ;
;      - ALU_16bit:b2v_inst3|ALU_74181:b2v_inst|g~0      ; 1                 ; 6       ;
;      - ALU_16bit:b2v_inst3|ALU_74181:b2v_inst|p~3      ; 1                 ; 6       ;
; b[39]                                                  ;                   ;         ;
;      - ALU_16bit:b2v_inst3|ALU_74181:b2v_inst|g~0      ; 0                 ; 6       ;
;      - ALU_16bit:b2v_inst3|ALU_74181:b2v_inst|p~3      ; 0                 ; 6       ;
; a[43]                                                  ;                   ;         ;
;      - ALU_16bit:b2v_inst3|ALU_74181:b2v_inst6|g~0     ; 0                 ; 6       ;
;      - ALU_16bit:b2v_inst3|ALU_74181:b2v_inst6|p~3     ; 0                 ; 6       ;
; b[43]                                                  ;                   ;         ;
;      - ALU_16bit:b2v_inst3|ALU_74181:b2v_inst6|g~0     ; 0                 ; 6       ;
;      - ALU_16bit:b2v_inst3|ALU_74181:b2v_inst6|p~3     ; 0                 ; 6       ;
; a[35]                                                  ;                   ;         ;
;      - ALU_16bit:b2v_inst3|ALU_74181:b2v_inst5|g~0     ; 0                 ; 6       ;
;      - ALU_16bit:b2v_inst3|ALU_74181:b2v_inst5|p~3     ; 0                 ; 6       ;
; b[35]                                                  ;                   ;         ;
;      - ALU_16bit:b2v_inst3|ALU_74181:b2v_inst5|g~0     ; 0                 ; 6       ;
;      - ALU_16bit:b2v_inst3|ALU_74181:b2v_inst5|p~3     ; 0                 ; 6       ;
; a[47]                                                  ;                   ;         ;
;      - ALU_16bit:b2v_inst3|ALU_74181:b2v_inst7|g~0     ; 1                 ; 6       ;
;      - ALU_16bit:b2v_inst3|ALU_74181:b2v_inst7|p~0     ; 1                 ; 6       ;
; b[47]                                                  ;                   ;         ;
;      - ALU_16bit:b2v_inst3|ALU_74181:b2v_inst7|g~0     ; 0                 ; 6       ;
;      - ALU_16bit:b2v_inst3|ALU_74181:b2v_inst7|p~0     ; 0                 ; 6       ;
; a[51]                                                  ;                   ;         ;
;      - ALU_16bit:b2v_inst5|ALU_74181:b2v_inst5|p~0     ; 0                 ; 6       ;
;      - ALU_16bit:b2v_inst5|ALU_74181:b2v_inst5|g~0     ; 0                 ; 6       ;
; b[51]                                                  ;                   ;         ;
;      - ALU_16bit:b2v_inst5|ALU_74181:b2v_inst5|p~0     ; 0                 ; 6       ;
;      - ALU_16bit:b2v_inst5|ALU_74181:b2v_inst5|g~0     ; 0                 ; 6       ;
; a[63]                                                  ;                   ;         ;
;      - ALU_16bit:b2v_inst5|ALU_74181:b2v_inst7|p~0     ; 1                 ; 6       ;
;      - ALU_16bit:b2v_inst5|ALU_74181:b2v_inst7|g~0     ; 1                 ; 6       ;
; b[63]                                                  ;                   ;         ;
;      - ALU_16bit:b2v_inst5|ALU_74181:b2v_inst7|p~0     ; 0                 ; 6       ;
;      - ALU_16bit:b2v_inst5|ALU_74181:b2v_inst7|g~0     ; 0                 ; 6       ;
; a[16]                                                  ;                   ;         ;
;      - ALU_16bit:b2v_inst2|ALU_74181:b2v_inst5|g~0     ; 1                 ; 6       ;
;      - ALU_16bit:b2v_inst2|ALU_74181:b2v_inst5|p~1     ; 1                 ; 6       ;
; b[16]                                                  ;                   ;         ;
;      - ALU_16bit:b2v_inst2|ALU_74181:b2v_inst5|g~0     ; 0                 ; 6       ;
;      - ALU_16bit:b2v_inst2|ALU_74181:b2v_inst5|p~1     ; 0                 ; 6       ;
; a[17]                                                  ;                   ;         ;
;      - ALU_16bit:b2v_inst2|ALU_74181:b2v_inst5|g~1     ; 1                 ; 6       ;
;      - ALU_16bit:b2v_inst2|ALU_74181:b2v_inst5|p~2     ; 1                 ; 6       ;
; b[17]                                                  ;                   ;         ;
;      - ALU_16bit:b2v_inst2|ALU_74181:b2v_inst5|g~1     ; 1                 ; 6       ;
;      - ALU_16bit:b2v_inst2|ALU_74181:b2v_inst5|p~2     ; 1                 ; 6       ;
; a[18]                                                  ;                   ;         ;
;      - ALU_16bit:b2v_inst2|ALU_74181:b2v_inst5|g~2     ; 1                 ; 6       ;
;      - ALU_16bit:b2v_inst2|ALU_74181:b2v_inst5|p~3     ; 1                 ; 6       ;
; b[18]                                                  ;                   ;         ;
;      - ALU_16bit:b2v_inst2|ALU_74181:b2v_inst5|g~2     ; 1                 ; 6       ;
;      - ALU_16bit:b2v_inst2|ALU_74181:b2v_inst5|p~3     ; 1                 ; 6       ;
; a[20]                                                  ;                   ;         ;
;      - ALU_16bit:b2v_inst2|ALU_74181:b2v_inst|g~1      ; 0                 ; 6       ;
;      - ALU_16bit:b2v_inst2|ALU_74181:b2v_inst|p~1      ; 0                 ; 6       ;
; b[20]                                                  ;                   ;         ;
;      - ALU_16bit:b2v_inst2|ALU_74181:b2v_inst|g~1      ; 0                 ; 6       ;
;      - ALU_16bit:b2v_inst2|ALU_74181:b2v_inst|p~1      ; 0                 ; 6       ;
; a[21]                                                  ;                   ;         ;
;      - ALU_16bit:b2v_inst2|ALU_74181:b2v_inst|g~2      ; 1                 ; 6       ;
;      - ALU_16bit:b2v_inst2|ALU_74181:b2v_inst|p~2      ; 1                 ; 6       ;
; b[21]                                                  ;                   ;         ;
;      - ALU_16bit:b2v_inst2|ALU_74181:b2v_inst|g~2      ; 0                 ; 6       ;
;      - ALU_16bit:b2v_inst2|ALU_74181:b2v_inst|p~2      ; 0                 ; 6       ;
; a[22]                                                  ;                   ;         ;
;      - ALU_16bit:b2v_inst2|ALU_74181:b2v_inst|g~3      ; 1                 ; 6       ;
;      - ALU_16bit:b2v_inst2|ALU_74181:b2v_inst|p~3      ; 1                 ; 6       ;
; b[22]                                                  ;                   ;         ;
;      - ALU_16bit:b2v_inst2|ALU_74181:b2v_inst|g~3      ; 1                 ; 6       ;
;      - ALU_16bit:b2v_inst2|ALU_74181:b2v_inst|p~3      ; 1                 ; 6       ;
; a[24]                                                  ;                   ;         ;
;      - ALU_16bit:b2v_inst2|ALU_74181:b2v_inst6|g~1     ; 0                 ; 6       ;
;      - ALU_16bit:b2v_inst2|ALU_74181:b2v_inst6|p~1     ; 0                 ; 6       ;
; b[24]                                                  ;                   ;         ;
;      - ALU_16bit:b2v_inst2|ALU_74181:b2v_inst6|g~1     ; 1                 ; 6       ;
;      - ALU_16bit:b2v_inst2|ALU_74181:b2v_inst6|p~1     ; 1                 ; 6       ;
; a[25]                                                  ;                   ;         ;
;      - ALU_16bit:b2v_inst2|ALU_74181:b2v_inst6|g~2     ; 0                 ; 6       ;
;      - ALU_16bit:b2v_inst2|ALU_74181:b2v_inst6|p~2     ; 0                 ; 6       ;
; b[25]                                                  ;                   ;         ;
;      - ALU_16bit:b2v_inst2|ALU_74181:b2v_inst6|g~2     ; 1                 ; 6       ;
;      - ALU_16bit:b2v_inst2|ALU_74181:b2v_inst6|p~2     ; 1                 ; 6       ;
; a[26]                                                  ;                   ;         ;
;      - ALU_16bit:b2v_inst2|ALU_74181:b2v_inst6|g~3     ; 0                 ; 6       ;
;      - ALU_16bit:b2v_inst2|ALU_74181:b2v_inst6|p~3     ; 0                 ; 6       ;
; b[26]                                                  ;                   ;         ;
;      - ALU_16bit:b2v_inst2|ALU_74181:b2v_inst6|g~3     ; 1                 ; 6       ;
;      - ALU_16bit:b2v_inst2|ALU_74181:b2v_inst6|p~3     ; 1                 ; 6       ;
; a[28]                                                  ;                   ;         ;
;      - ALU_16bit:b2v_inst2|ALU_74181:b2v_inst7|g~1     ; 1                 ; 6       ;
;      - ALU_16bit:b2v_inst2|ALU_74181:b2v_inst7|p~1     ; 1                 ; 6       ;
; b[28]                                                  ;                   ;         ;
;      - ALU_16bit:b2v_inst2|ALU_74181:b2v_inst7|g~1     ; 0                 ; 6       ;
;      - ALU_16bit:b2v_inst2|ALU_74181:b2v_inst7|p~1     ; 0                 ; 6       ;
; a[29]                                                  ;                   ;         ;
;      - ALU_16bit:b2v_inst2|ALU_74181:b2v_inst7|g~2     ; 1                 ; 6       ;
;      - ALU_16bit:b2v_inst2|ALU_74181:b2v_inst7|p~2     ; 1                 ; 6       ;
; b[29]                                                  ;                   ;         ;
;      - ALU_16bit:b2v_inst2|ALU_74181:b2v_inst7|g~2     ; 1                 ; 6       ;
;      - ALU_16bit:b2v_inst2|ALU_74181:b2v_inst7|p~2     ; 1                 ; 6       ;
; a[30]                                                  ;                   ;         ;
;      - ALU_16bit:b2v_inst2|ALU_74181:b2v_inst7|g~3     ; 1                 ; 6       ;
;      - ALU_16bit:b2v_inst2|ALU_74181:b2v_inst7|p~3     ; 1                 ; 6       ;
; b[30]                                                  ;                   ;         ;
;      - ALU_16bit:b2v_inst2|ALU_74181:b2v_inst7|g~3     ; 0                 ; 6       ;
;      - ALU_16bit:b2v_inst2|ALU_74181:b2v_inst7|p~3     ; 0                 ; 6       ;
; a[32]                                                  ;                   ;         ;
;      - ALU_16bit:b2v_inst3|ALU_74181:b2v_inst5|g~1     ; 1                 ; 6       ;
;      - ALU_16bit:b2v_inst3|ALU_74181:b2v_inst5|p~0     ; 1                 ; 6       ;
; b[32]                                                  ;                   ;         ;
;      - ALU_16bit:b2v_inst3|ALU_74181:b2v_inst5|g~1     ; 1                 ; 6       ;
;      - ALU_16bit:b2v_inst3|ALU_74181:b2v_inst5|p~0     ; 1                 ; 6       ;
; a[33]                                                  ;                   ;         ;
;      - ALU_16bit:b2v_inst3|ALU_74181:b2v_inst5|g~2     ; 0                 ; 6       ;
;      - ALU_16bit:b2v_inst3|ALU_74181:b2v_inst5|p~1     ; 0                 ; 6       ;
; b[33]                                                  ;                   ;         ;
; a[34]                                                  ;                   ;         ;
; b[34]                                                  ;                   ;         ;
;      - ALU_16bit:b2v_inst3|ALU_74181:b2v_inst5|g~3     ; 1                 ; 6       ;
;      - ALU_16bit:b2v_inst3|ALU_74181:b2v_inst5|p~2     ; 1                 ; 6       ;
; a[36]                                                  ;                   ;         ;
;      - ALU_16bit:b2v_inst3|ALU_74181:b2v_inst|g~1      ; 1                 ; 6       ;
;      - ALU_16bit:b2v_inst3|ALU_74181:b2v_inst|p~0      ; 1                 ; 6       ;
; b[36]                                                  ;                   ;         ;
; a[37]                                                  ;                   ;         ;
; b[37]                                                  ;                   ;         ;
;      - ALU_16bit:b2v_inst3|ALU_74181:b2v_inst|g~2      ; 1                 ; 6       ;
;      - ALU_16bit:b2v_inst3|ALU_74181:b2v_inst|p~1      ; 1                 ; 6       ;
; a[38]                                                  ;                   ;         ;
;      - ALU_16bit:b2v_inst3|ALU_74181:b2v_inst|g~3      ; 1                 ; 6       ;
;      - ALU_16bit:b2v_inst3|ALU_74181:b2v_inst|p~2      ; 1                 ; 6       ;
; b[38]                                                  ;                   ;         ;
;      - ALU_16bit:b2v_inst3|ALU_74181:b2v_inst|g~3      ; 0                 ; 6       ;
;      - ALU_16bit:b2v_inst3|ALU_74181:b2v_inst|p~2      ; 0                 ; 6       ;
; a[40]                                                  ;                   ;         ;
;      - ALU_16bit:b2v_inst3|ALU_74181:b2v_inst6|g~1     ; 1                 ; 6       ;
;      - ALU_16bit:b2v_inst3|ALU_74181:b2v_inst6|p~0     ; 1                 ; 6       ;
; b[40]                                                  ;                   ;         ;
;      - ALU_16bit:b2v_inst3|ALU_74181:b2v_inst6|g~1     ; 0                 ; 6       ;
;      - ALU_16bit:b2v_inst3|ALU_74181:b2v_inst6|p~0     ; 0                 ; 6       ;
; a[41]                                                  ;                   ;         ;
;      - ALU_16bit:b2v_inst3|ALU_74181:b2v_inst6|g~2     ; 0                 ; 6       ;
;      - ALU_16bit:b2v_inst3|ALU_74181:b2v_inst6|p~1     ; 0                 ; 6       ;
; b[41]                                                  ;                   ;         ;
;      - ALU_16bit:b2v_inst3|ALU_74181:b2v_inst6|g~2     ; 0                 ; 6       ;
;      - ALU_16bit:b2v_inst3|ALU_74181:b2v_inst6|p~1     ; 0                 ; 6       ;
; a[42]                                                  ;                   ;         ;
;      - ALU_16bit:b2v_inst3|ALU_74181:b2v_inst6|g~3     ; 1                 ; 6       ;
;      - ALU_16bit:b2v_inst3|ALU_74181:b2v_inst6|p~2     ; 1                 ; 6       ;
; b[42]                                                  ;                   ;         ;
;      - ALU_16bit:b2v_inst3|ALU_74181:b2v_inst6|g~3     ; 1                 ; 6       ;
;      - ALU_16bit:b2v_inst3|ALU_74181:b2v_inst6|p~2     ; 1                 ; 6       ;
; a[44]                                                  ;                   ;         ;
;      - ALU_16bit:b2v_inst3|ALU_74181:b2v_inst7|g~1     ; 0                 ; 6       ;
;      - ALU_16bit:b2v_inst3|ALU_74181:b2v_inst7|p~1     ; 0                 ; 6       ;
; b[44]                                                  ;                   ;         ;
;      - ALU_16bit:b2v_inst3|ALU_74181:b2v_inst7|g~1     ; 0                 ; 6       ;
;      - ALU_16bit:b2v_inst3|ALU_74181:b2v_inst7|p~1     ; 0                 ; 6       ;
; a[45]                                                  ;                   ;         ;
;      - ALU_16bit:b2v_inst3|ALU_74181:b2v_inst7|g~2     ; 0                 ; 6       ;
;      - ALU_16bit:b2v_inst3|ALU_74181:b2v_inst7|p~2     ; 0                 ; 6       ;
; b[45]                                                  ;                   ;         ;
;      - ALU_16bit:b2v_inst3|ALU_74181:b2v_inst7|g~2     ; 1                 ; 6       ;
;      - ALU_16bit:b2v_inst3|ALU_74181:b2v_inst7|p~2     ; 1                 ; 6       ;
; a[46]                                                  ;                   ;         ;
;      - ALU_16bit:b2v_inst3|ALU_74181:b2v_inst7|g~3     ; 1                 ; 6       ;
;      - ALU_16bit:b2v_inst3|ALU_74181:b2v_inst7|p~3     ; 1                 ; 6       ;
; b[46]                                                  ;                   ;         ;
;      - ALU_16bit:b2v_inst3|ALU_74181:b2v_inst7|g~3     ; 1                 ; 6       ;
;      - ALU_16bit:b2v_inst3|ALU_74181:b2v_inst7|p~3     ; 1                 ; 6       ;
; a[48]                                                  ;                   ;         ;
;      - ALU_16bit:b2v_inst5|ALU_74181:b2v_inst5|g~1     ; 0                 ; 6       ;
;      - ALU_16bit:b2v_inst5|ALU_74181:b2v_inst5|p~1     ; 0                 ; 6       ;
; b[48]                                                  ;                   ;         ;
;      - ALU_16bit:b2v_inst5|ALU_74181:b2v_inst5|g~1     ; 0                 ; 6       ;
;      - ALU_16bit:b2v_inst5|ALU_74181:b2v_inst5|p~1     ; 0                 ; 6       ;
; a[49]                                                  ;                   ;         ;
;      - ALU_16bit:b2v_inst5|ALU_74181:b2v_inst5|g~2     ; 0                 ; 6       ;
;      - ALU_16bit:b2v_inst5|ALU_74181:b2v_inst5|p~2     ; 0                 ; 6       ;
; b[49]                                                  ;                   ;         ;
;      - ALU_16bit:b2v_inst5|ALU_74181:b2v_inst5|g~2     ; 1                 ; 6       ;
;      - ALU_16bit:b2v_inst5|ALU_74181:b2v_inst5|p~2     ; 1                 ; 6       ;
; a[50]                                                  ;                   ;         ;
;      - ALU_16bit:b2v_inst5|ALU_74181:b2v_inst5|g~3     ; 1                 ; 6       ;
;      - ALU_16bit:b2v_inst5|ALU_74181:b2v_inst5|p~3     ; 1                 ; 6       ;
; b[50]                                                  ;                   ;         ;
;      - ALU_16bit:b2v_inst5|ALU_74181:b2v_inst5|g~3     ; 0                 ; 6       ;
;      - ALU_16bit:b2v_inst5|ALU_74181:b2v_inst5|p~3     ; 0                 ; 6       ;
; a[52]                                                  ;                   ;         ;
;      - ALU_16bit:b2v_inst5|ALU_74181:b2v_inst|g~1      ; 1                 ; 6       ;
;      - ALU_16bit:b2v_inst5|ALU_74181:b2v_inst|p~1      ; 1                 ; 6       ;
; b[52]                                                  ;                   ;         ;
;      - ALU_16bit:b2v_inst5|ALU_74181:b2v_inst|g~1      ; 1                 ; 6       ;
;      - ALU_16bit:b2v_inst5|ALU_74181:b2v_inst|p~1      ; 1                 ; 6       ;
; a[53]                                                  ;                   ;         ;
;      - ALU_16bit:b2v_inst5|ALU_74181:b2v_inst|g~2      ; 1                 ; 6       ;
;      - ALU_16bit:b2v_inst5|ALU_74181:b2v_inst|p~2      ; 1                 ; 6       ;
; b[53]                                                  ;                   ;         ;
;      - ALU_16bit:b2v_inst5|ALU_74181:b2v_inst|g~2      ; 1                 ; 6       ;
;      - ALU_16bit:b2v_inst5|ALU_74181:b2v_inst|p~2      ; 1                 ; 6       ;
; a[54]                                                  ;                   ;         ;
;      - ALU_16bit:b2v_inst5|ALU_74181:b2v_inst|g~3      ; 0                 ; 6       ;
;      - ALU_16bit:b2v_inst5|ALU_74181:b2v_inst|p~3      ; 0                 ; 6       ;
; b[54]                                                  ;                   ;         ;
;      - ALU_16bit:b2v_inst5|ALU_74181:b2v_inst|g~3      ; 0                 ; 6       ;
;      - ALU_16bit:b2v_inst5|ALU_74181:b2v_inst|p~3      ; 0                 ; 6       ;
; a[56]                                                  ;                   ;         ;
;      - ALU_16bit:b2v_inst5|ALU_74181:b2v_inst6|g~1     ; 1                 ; 6       ;
;      - ALU_16bit:b2v_inst5|ALU_74181:b2v_inst6|p~1     ; 1                 ; 6       ;
; b[56]                                                  ;                   ;         ;
;      - ALU_16bit:b2v_inst5|ALU_74181:b2v_inst6|g~1     ; 0                 ; 6       ;
;      - ALU_16bit:b2v_inst5|ALU_74181:b2v_inst6|p~1     ; 0                 ; 6       ;
; a[57]                                                  ;                   ;         ;
;      - ALU_16bit:b2v_inst5|ALU_74181:b2v_inst6|g~2     ; 0                 ; 6       ;
;      - ALU_16bit:b2v_inst5|ALU_74181:b2v_inst6|p~2     ; 0                 ; 6       ;
; b[57]                                                  ;                   ;         ;
;      - ALU_16bit:b2v_inst5|ALU_74181:b2v_inst6|g~2     ; 1                 ; 6       ;
;      - ALU_16bit:b2v_inst5|ALU_74181:b2v_inst6|p~2     ; 1                 ; 6       ;
; a[58]                                                  ;                   ;         ;
;      - ALU_16bit:b2v_inst5|ALU_74181:b2v_inst6|g~3     ; 1                 ; 6       ;
;      - ALU_16bit:b2v_inst5|ALU_74181:b2v_inst6|p~3     ; 1                 ; 6       ;
; b[58]                                                  ;                   ;         ;
;      - ALU_16bit:b2v_inst5|ALU_74181:b2v_inst6|g~3     ; 0                 ; 6       ;
;      - ALU_16bit:b2v_inst5|ALU_74181:b2v_inst6|p~3     ; 0                 ; 6       ;
; a[60]                                                  ;                   ;         ;
;      - ALU_16bit:b2v_inst5|ALU_74181:b2v_inst7|g~1     ; 1                 ; 6       ;
;      - ALU_16bit:b2v_inst5|ALU_74181:b2v_inst7|p~1     ; 1                 ; 6       ;
; b[60]                                                  ;                   ;         ;
;      - ALU_16bit:b2v_inst5|ALU_74181:b2v_inst7|g~1     ; 0                 ; 6       ;
;      - ALU_16bit:b2v_inst5|ALU_74181:b2v_inst7|p~1     ; 0                 ; 6       ;
; a[61]                                                  ;                   ;         ;
;      - ALU_16bit:b2v_inst5|ALU_74181:b2v_inst7|g~2     ; 0                 ; 6       ;
;      - ALU_16bit:b2v_inst5|ALU_74181:b2v_inst7|p~2     ; 0                 ; 6       ;
; b[61]                                                  ;                   ;         ;
;      - ALU_16bit:b2v_inst5|ALU_74181:b2v_inst7|g~2     ; 1                 ; 6       ;
;      - ALU_16bit:b2v_inst5|ALU_74181:b2v_inst7|p~2     ; 1                 ; 6       ;
; a[62]                                                  ;                   ;         ;
;      - ALU_16bit:b2v_inst5|ALU_74181:b2v_inst7|g~3     ; 0                 ; 6       ;
;      - ALU_16bit:b2v_inst5|ALU_74181:b2v_inst7|p~3     ; 0                 ; 6       ;
; b[62]                                                  ;                   ;         ;
;      - ALU_16bit:b2v_inst5|ALU_74181:b2v_inst7|g~3     ; 1                 ; 6       ;
;      - ALU_16bit:b2v_inst5|ALU_74181:b2v_inst7|p~3     ; 1                 ; 6       ;
+--------------------------------------------------------+-------------------+---------+


+------------------------------------------------+
; Routing Usage Summary                          ;
+-----------------------+------------------------+
; Routing Resource Type ; Usage                  ;
+-----------------------+------------------------+
; Block interconnects   ; 416 / 47,787 ( < 1 % ) ;
; C16 interconnects     ; 46 / 1,804 ( 3 % )     ;
; C4 interconnects      ; 379 / 31,272 ( 1 % )   ;
; Direct links          ; 15 / 47,787 ( < 1 % )  ;
; Global clocks         ; 0 / 20 ( 0 % )         ;
; Local interconnects   ; 182 / 15,408 ( 1 % )   ;
; R24 interconnects     ; 51 / 1,775 ( 3 % )     ;
; R4 interconnects      ; 310 / 41,310 ( < 1 % ) ;
+-----------------------+------------------------+


+----------------------------------------------------------------------------+
; LAB Logic Elements                                                         ;
+---------------------------------------------+------------------------------+
; Number of Logic Elements  (Average = 12.00) ; Number of LABs  (Total = 24) ;
+---------------------------------------------+------------------------------+
; 1                                           ; 3                            ;
; 2                                           ; 2                            ;
; 3                                           ; 0                            ;
; 4                                           ; 1                            ;
; 5                                           ; 0                            ;
; 6                                           ; 0                            ;
; 7                                           ; 0                            ;
; 8                                           ; 0                            ;
; 9                                           ; 0                            ;
; 10                                          ; 1                            ;
; 11                                          ; 0                            ;
; 12                                          ; 0                            ;
; 13                                          ; 1                            ;
; 14                                          ; 0                            ;
; 15                                          ; 2                            ;
; 16                                          ; 14                           ;
+---------------------------------------------+------------------------------+


+-----------------------------------------------------------------------------+
; LAB Signals Sourced                                                         ;
+----------------------------------------------+------------------------------+
; Number of Signals Sourced  (Average = 12.00) ; Number of LABs  (Total = 24) ;
+----------------------------------------------+------------------------------+
; 0                                            ; 0                            ;
; 1                                            ; 3                            ;
; 2                                            ; 2                            ;
; 3                                            ; 0                            ;
; 4                                            ; 1                            ;
; 5                                            ; 0                            ;
; 6                                            ; 0                            ;
; 7                                            ; 0                            ;
; 8                                            ; 0                            ;
; 9                                            ; 0                            ;
; 10                                           ; 1                            ;
; 11                                           ; 0                            ;
; 12                                           ; 0                            ;
; 13                                           ; 1                            ;
; 14                                           ; 0                            ;
; 15                                           ; 2                            ;
; 16                                           ; 14                           ;
+----------------------------------------------+------------------------------+


+--------------------------------------------------------------------------------+
; LAB Signals Sourced Out                                                        ;
+-------------------------------------------------+------------------------------+
; Number of Signals Sourced Out  (Average = 5.08) ; Number of LABs  (Total = 24) ;
+-------------------------------------------------+------------------------------+
; 0                                               ; 0                            ;
; 1                                               ; 3                            ;
; 2                                               ; 2                            ;
; 3                                               ; 2                            ;
; 4                                               ; 1                            ;
; 5                                               ; 3                            ;
; 6                                               ; 9                            ;
; 7                                               ; 2                            ;
; 8                                               ; 0                            ;
; 9                                               ; 0                            ;
; 10                                              ; 0                            ;
; 11                                              ; 2                            ;
+-------------------------------------------------+------------------------------+


+-----------------------------------------------------------------------------+
; LAB Distinct Inputs                                                         ;
+----------------------------------------------+------------------------------+
; Number of Distinct Inputs  (Average = 12.71) ; Number of LABs  (Total = 24) ;
+----------------------------------------------+------------------------------+
; 0                                            ; 0                            ;
; 1                                            ; 0                            ;
; 2                                            ; 0                            ;
; 3                                            ; 2                            ;
; 4                                            ; 1                            ;
; 5                                            ; 0                            ;
; 6                                            ; 2                            ;
; 7                                            ; 0                            ;
; 8                                            ; 0                            ;
; 9                                            ; 0                            ;
; 10                                           ; 1                            ;
; 11                                           ; 1                            ;
; 12                                           ; 1                            ;
; 13                                           ; 0                            ;
; 14                                           ; 6                            ;
; 15                                           ; 3                            ;
; 16                                           ; 4                            ;
; 17                                           ; 1                            ;
; 18                                           ; 0                            ;
; 19                                           ; 1                            ;
; 20                                           ; 0                            ;
; 21                                           ; 1                            ;
+----------------------------------------------+------------------------------+


+------------------------------------------+
; I/O Rules Summary                        ;
+----------------------------------+-------+
; I/O Rules Statistic              ; Total ;
+----------------------------------+-------+
; Total I/O Rules                  ; 30    ;
; Number of I/O Rules Passed       ; 9     ;
; Number of I/O Rules Failed       ; 0     ;
; Number of I/O Rules Unchecked    ; 0     ;
; Number of I/O Rules Inapplicable ; 21    ;
+----------------------------------+-------+


+-----------------------------------------------------------------------------------------------------------------------------------------------------------------------------------------------------------------------------------------------------------------------------------------------------+
; I/O Rules Details                                                                                                                                                                                                                                                                                   ;
+--------------+-----------+-----------------------------------+------------------------------------------------------------------------------------------------------+----------+--------------------------------------------------------------------------+---------------------+-------------------+
; Status       ; ID        ; Category                          ; Rule Description                                                                                     ; Severity ; Information                                                              ; Area                ; Extra Information ;
+--------------+-----------+-----------------------------------+------------------------------------------------------------------------------------------------------+----------+--------------------------------------------------------------------------+---------------------+-------------------+
; Inapplicable ; IO_000001 ; Capacity Checks                   ; Number of pins in an I/O bank should not exceed the number of locations available.                   ; Critical ; No Location assignments found.                                           ; I/O                 ;                   ;
; Inapplicable ; IO_000002 ; Capacity Checks                   ; Number of clocks in an I/O bank should not exceed the number of clocks available.                    ; Critical ; No Global Signal assignments found.                                      ; I/O                 ;                   ;
; Inapplicable ; IO_000003 ; Capacity Checks                   ; Number of pins in a Vrefgroup should not exceed the number of locations available.                   ; Critical ; No Location assignments found.                                           ; I/O                 ;                   ;
; Inapplicable ; IO_000004 ; Voltage Compatibility Checks      ; The I/O bank should support the requested VCCIO.                                                     ; Critical ; No IOBANK_VCCIO assignments found.                                       ; I/O                 ;                   ;
; Inapplicable ; IO_000005 ; Voltage Compatibility Checks      ; The I/O bank should not have competing VREF values.                                                  ; Critical ; No VREF I/O Standard assignments found.                                  ; I/O                 ;                   ;
; Pass         ; IO_000006 ; Voltage Compatibility Checks      ; The I/O bank should not have competing VCCIO values.                                                 ; Critical ; 0 such failures found.                                                   ; I/O                 ;                   ;
; Inapplicable ; IO_000007 ; Valid Location Checks             ; Checks for unavailable locations.                                                                    ; Critical ; No Location assignments found.                                           ; I/O                 ;                   ;
; Inapplicable ; IO_000008 ; Valid Location Checks             ; Checks for reserved locations.                                                                       ; Critical ; No reserved LogicLock region found.                                      ; I/O                 ;                   ;
; Pass         ; IO_000009 ; I/O Properties Checks for One I/O ; The location should support the requested I/O standard.                                              ; Critical ; 0 such failures found.                                                   ; I/O                 ;                   ;
; Pass         ; IO_000010 ; I/O Properties Checks for One I/O ; The location should support the requested I/O direction.                                             ; Critical ; 0 such failures found.                                                   ; I/O                 ;                   ;
; Inapplicable ; IO_000011 ; I/O Properties Checks for One I/O ; The location should support the requested Current Strength.                                          ; Critical ; No Current Strength assignments found.                                   ; I/O                 ;                   ;
; Pass         ; IO_000012 ; I/O Properties Checks for One I/O ; The location should support the requested On Chip Termination value.                                 ; Critical ; 0 such failures found.                                                   ; I/O                 ;                   ;
; Inapplicable ; IO_000013 ; I/O Properties Checks for One I/O ; The location should support the requested Bus Hold value.                                            ; Critical ; No Enable Bus-Hold Circuitry assignments found.                          ; I/O                 ;                   ;
; Inapplicable ; IO_000014 ; I/O Properties Checks for One I/O ; The location should support the requested Weak Pull Up value.                                        ; Critical ; No Weak Pull-Up Resistor assignments found.                              ; I/O                 ;                   ;
; Pass         ; IO_000015 ; I/O Properties Checks for One I/O ; The location should support the requested PCI Clamp Diode.                                           ; Critical ; 0 such failures found.                                                   ; I/O                 ;                   ;
; Inapplicable ; IO_000018 ; I/O Properties Checks for One I/O ; The I/O standard should support the requested Current Strength.                                      ; Critical ; No Current Strength assignments found.                                   ; I/O                 ;                   ;
; Pass         ; IO_000019 ; I/O Properties Checks for One I/O ; The I/O standard should support the requested On Chip Termination value.                             ; Critical ; 0 such failures found.                                                   ; I/O                 ;                   ;
; Pass         ; IO_000020 ; I/O Properties Checks for One I/O ; The I/O standard should support the requested PCI Clamp Diode.                                       ; Critical ; 0 such failures found.                                                   ; I/O                 ;                   ;
; Inapplicable ; IO_000021 ; I/O Properties Checks for One I/O ; The I/O standard should support the requested Weak Pull Up value.                                    ; Critical ; No Weak Pull-Up Resistor assignments found.                              ; I/O                 ;                   ;
; Inapplicable ; IO_000022 ; I/O Properties Checks for One I/O ; The I/O standard should support the requested Bus Hold value.                                        ; Critical ; No Enable Bus-Hold Circuitry assignments found.                          ; I/O                 ;                   ;
; Inapplicable ; IO_000023 ; I/O Properties Checks for One I/O ; The I/O standard should support the Open Drain value.                                                ; Critical ; No open drain assignments found.                                         ; I/O                 ;                   ;
; Pass         ; IO_000024 ; I/O Properties Checks for One I/O ; The I/O direction should support the On Chip Termination value.                                      ; Critical ; 0 such failures found.                                                   ; I/O                 ;                   ;
; Inapplicable ; IO_000026 ; I/O Properties Checks for One I/O ; On Chip Termination and Current Strength should not be used at the same time.                        ; Critical ; No Current Strength assignments found.                                   ; I/O                 ;                   ;
; Inapplicable ; IO_000027 ; I/O Properties Checks for One I/O ; Weak Pull Up and Bus Hold should not be used at the same time.                                       ; Critical ; No Enable Bus-Hold Circuitry or Weak Pull-Up Resistor assignments found. ; I/O                 ;                   ;
; Inapplicable ; IO_000045 ; I/O Properties Checks for One I/O ; The I/O standard should support the requested Slew Rate value.                                       ; Critical ; No Slew Rate assignments found.                                          ; I/O                 ;                   ;
; Inapplicable ; IO_000046 ; I/O Properties Checks for One I/O ; The location should support the requested Slew Rate value.                                           ; Critical ; No Slew Rate assignments found.                                          ; I/O                 ;                   ;
; Inapplicable ; IO_000047 ; I/O Properties Checks for One I/O ; On Chip Termination and Slew Rate should not be used at the same time.                               ; Critical ; No Slew Rate assignments found.                                          ; I/O                 ;                   ;
; Pass         ; IO_000033 ; Electromigration Checks           ; Current density for consecutive I/Os should not exceed 240mA for row I/Os and 240mA for column I/Os. ; Critical ; 0 such failures found.                                                   ; I/O                 ;                   ;
; Inapplicable ; IO_000034 ; SI Related Distance Checks        ; Single-ended outputs should be 5 LAB row(s) away from a differential I/O.                            ; High     ; No Differential I/O Standard assignments found.                          ; I/O                 ;                   ;
; Inapplicable ; IO_000042 ; SI Related SSO Limit Checks       ; No more than 20 outputs are allowed in a VREF group when VREF is being read from.                    ; High     ; No VREF I/O Standard assignments found.                                  ; I/O                 ;                   ;
; ----         ; ----      ; Disclaimer                        ; OCT rules are checked but not reported.                                                              ; None     ; ----                                                                     ; On Chip Termination ;                   ;
+--------------+-----------+-----------------------------------+------------------------------------------------------------------------------------------------------+----------+--------------------------------------------------------------------------+---------------------+-------------------+


+--------------------------------------------------------------------------------------------------------------------------------------------------------------------------------------------------------------------------------------------------------------------------------------------------------------------------------------------------------------------------------------------------------------------------------------------------------------------------+
; I/O Rules Matrix                                                                                                                                                                                                                                                                                                                                                                                                                                                         ;
+--------------------+--------------+--------------+--------------+--------------+--------------+-----------+--------------+--------------+-----------+-----------+--------------+--------------+--------------+--------------+--------------+--------------+--------------+--------------+--------------+--------------+--------------+--------------+--------------+--------------+--------------+--------------+--------------+-----------+--------------+--------------+
; Pin/Rules          ; IO_000001    ; IO_000002    ; IO_000003    ; IO_000004    ; IO_000005    ; IO_000006 ; IO_000007    ; IO_000008    ; IO_000009 ; IO_000010 ; IO_000011    ; IO_000012    ; IO_000013    ; IO_000014    ; IO_000015    ; IO_000018    ; IO_000019    ; IO_000020    ; IO_000021    ; IO_000022    ; IO_000023    ; IO_000024    ; IO_000026    ; IO_000027    ; IO_000045    ; IO_000046    ; IO_000047    ; IO_000033 ; IO_000034    ; IO_000042    ;
+--------------------+--------------+--------------+--------------+--------------+--------------+-----------+--------------+--------------+-----------+-----------+--------------+--------------+--------------+--------------+--------------+--------------+--------------+--------------+--------------+--------------+--------------+--------------+--------------+--------------+--------------+--------------+--------------+-----------+--------------+--------------+
; Total Pass         ; 0            ; 0            ; 0            ; 0            ; 0            ; 198       ; 0            ; 0            ; 198       ; 198       ; 0            ; 64           ; 0            ; 0            ; 134          ; 0            ; 64           ; 134          ; 0            ; 0            ; 0            ; 64           ; 0            ; 0            ; 0            ; 0            ; 0            ; 198       ; 0            ; 0            ;
; Total Unchecked    ; 0            ; 0            ; 0            ; 0            ; 0            ; 0         ; 0            ; 0            ; 0         ; 0         ; 0            ; 0            ; 0            ; 0            ; 0            ; 0            ; 0            ; 0            ; 0            ; 0            ; 0            ; 0            ; 0            ; 0            ; 0            ; 0            ; 0            ; 0         ; 0            ; 0            ;
; Total Inapplicable ; 198          ; 198          ; 198          ; 198          ; 198          ; 0         ; 198          ; 198          ; 0         ; 0         ; 198          ; 134          ; 198          ; 198          ; 64           ; 198          ; 134          ; 64           ; 198          ; 198          ; 198          ; 134          ; 198          ; 198          ; 198          ; 198          ; 198          ; 0         ; 198          ; 198          ;
; Total Fail         ; 0            ; 0            ; 0            ; 0            ; 0            ; 0         ; 0            ; 0            ; 0         ; 0         ; 0            ; 0            ; 0            ; 0            ; 0            ; 0            ; 0            ; 0            ; 0            ; 0            ; 0            ; 0            ; 0            ; 0            ; 0            ; 0            ; 0            ; 0         ; 0            ; 0            ;
; f[0]               ; Inapplicable ; Inapplicable ; Inapplicable ; Inapplicable ; Inapplicable ; Pass      ; Inapplicable ; Inapplicable ; Pass      ; Pass      ; Inapplicable ; Pass         ; Inapplicable ; Inapplicable ; Inapplicable ; Inapplicable ; Pass         ; Inapplicable ; Inapplicable ; Inapplicable ; Inapplicable ; Pass         ; Inapplicable ; Inapplicable ; Inapplicable ; Inapplicable ; Inapplicable ; Pass      ; Inapplicable ; Inapplicable ;
; f[1]               ; Inapplicable ; Inapplicable ; Inapplicable ; Inapplicable ; Inapplicable ; Pass      ; Inapplicable ; Inapplicable ; Pass      ; Pass      ; Inapplicable ; Pass         ; Inapplicable ; Inapplicable ; Inapplicable ; Inapplicable ; Pass         ; Inapplicable ; Inapplicable ; Inapplicable ; Inapplicable ; Pass         ; Inapplicable ; Inapplicable ; Inapplicable ; Inapplicable ; Inapplicable ; Pass      ; Inapplicable ; Inapplicable ;
; f[2]               ; Inapplicable ; Inapplicable ; Inapplicable ; Inapplicable ; Inapplicable ; Pass      ; Inapplicable ; Inapplicable ; Pass      ; Pass      ; Inapplicable ; Pass         ; Inapplicable ; Inapplicable ; Inapplicable ; Inapplicable ; Pass         ; Inapplicable ; Inapplicable ; Inapplicable ; Inapplicable ; Pass         ; Inapplicable ; Inapplicable ; Inapplicable ; Inapplicable ; Inapplicable ; Pass      ; Inapplicable ; Inapplicable ;
; f[3]               ; Inapplicable ; Inapplicable ; Inapplicable ; Inapplicable ; Inapplicable ; Pass      ; Inapplicable ; Inapplicable ; Pass      ; Pass      ; Inapplicable ; Pass         ; Inapplicable ; Inapplicable ; Inapplicable ; Inapplicable ; Pass         ; Inapplicable ; Inapplicable ; Inapplicable ; Inapplicable ; Pass         ; Inapplicable ; Inapplicable ; Inapplicable ; Inapplicable ; Inapplicable ; Pass      ; Inapplicable ; Inapplicable ;
; f[4]               ; Inapplicable ; Inapplicable ; Inapplicable ; Inapplicable ; Inapplicable ; Pass      ; Inapplicable ; Inapplicable ; Pass      ; Pass      ; Inapplicable ; Pass         ; Inapplicable ; Inapplicable ; Inapplicable ; Inapplicable ; Pass         ; Inapplicable ; Inapplicable ; Inapplicable ; Inapplicable ; Pass         ; Inapplicable ; Inapplicable ; Inapplicable ; Inapplicable ; Inapplicable ; Pass      ; Inapplicable ; Inapplicable ;
; f[5]               ; Inapplicable ; Inapplicable ; Inapplicable ; Inapplicable ; Inapplicable ; Pass      ; Inapplicable ; Inapplicable ; Pass      ; Pass      ; Inapplicable ; Pass         ; Inapplicable ; Inapplicable ; Inapplicable ; Inapplicable ; Pass         ; Inapplicable ; Inapplicable ; Inapplicable ; Inapplicable ; Pass         ; Inapplicable ; Inapplicable ; Inapplicable ; Inapplicable ; Inapplicable ; Pass      ; Inapplicable ; Inapplicable ;
; f[6]               ; Inapplicable ; Inapplicable ; Inapplicable ; Inapplicable ; Inapplicable ; Pass      ; Inapplicable ; Inapplicable ; Pass      ; Pass      ; Inapplicable ; Pass         ; Inapplicable ; Inapplicable ; Inapplicable ; Inapplicable ; Pass         ; Inapplicable ; Inapplicable ; Inapplicable ; Inapplicable ; Pass         ; Inapplicable ; Inapplicable ; Inapplicable ; Inapplicable ; Inapplicable ; Pass      ; Inapplicable ; Inapplicable ;
; f[7]               ; Inapplicable ; Inapplicable ; Inapplicable ; Inapplicable ; Inapplicable ; Pass      ; Inapplicable ; Inapplicable ; Pass      ; Pass      ; Inapplicable ; Pass         ; Inapplicable ; Inapplicable ; Inapplicable ; Inapplicable ; Pass         ; Inapplicable ; Inapplicable ; Inapplicable ; Inapplicable ; Pass         ; Inapplicable ; Inapplicable ; Inapplicable ; Inapplicable ; Inapplicable ; Pass      ; Inapplicable ; Inapplicable ;
; f[8]               ; Inapplicable ; Inapplicable ; Inapplicable ; Inapplicable ; Inapplicable ; Pass      ; Inapplicable ; Inapplicable ; Pass      ; Pass      ; Inapplicable ; Pass         ; Inapplicable ; Inapplicable ; Inapplicable ; Inapplicable ; Pass         ; Inapplicable ; Inapplicable ; Inapplicable ; Inapplicable ; Pass         ; Inapplicable ; Inapplicable ; Inapplicable ; Inapplicable ; Inapplicable ; Pass      ; Inapplicable ; Inapplicable ;
; f[9]               ; Inapplicable ; Inapplicable ; Inapplicable ; Inapplicable ; Inapplicable ; Pass      ; Inapplicable ; Inapplicable ; Pass      ; Pass      ; Inapplicable ; Pass         ; Inapplicable ; Inapplicable ; Inapplicable ; Inapplicable ; Pass         ; Inapplicable ; Inapplicable ; Inapplicable ; Inapplicable ; Pass         ; Inapplicable ; Inapplicable ; Inapplicable ; Inapplicable ; Inapplicable ; Pass      ; Inapplicable ; Inapplicable ;
; f[10]              ; Inapplicable ; Inapplicable ; Inapplicable ; Inapplicable ; Inapplicable ; Pass      ; Inapplicable ; Inapplicable ; Pass      ; Pass      ; Inapplicable ; Pass         ; Inapplicable ; Inapplicable ; Inapplicable ; Inapplicable ; Pass         ; Inapplicable ; Inapplicable ; Inapplicable ; Inapplicable ; Pass         ; Inapplicable ; Inapplicable ; Inapplicable ; Inapplicable ; Inapplicable ; Pass      ; Inapplicable ; Inapplicable ;
; f[11]              ; Inapplicable ; Inapplicable ; Inapplicable ; Inapplicable ; Inapplicable ; Pass      ; Inapplicable ; Inapplicable ; Pass      ; Pass      ; Inapplicable ; Pass         ; Inapplicable ; Inapplicable ; Inapplicable ; Inapplicable ; Pass         ; Inapplicable ; Inapplicable ; Inapplicable ; Inapplicable ; Pass         ; Inapplicable ; Inapplicable ; Inapplicable ; Inapplicable ; Inapplicable ; Pass      ; Inapplicable ; Inapplicable ;
; f[12]              ; Inapplicable ; Inapplicable ; Inapplicable ; Inapplicable ; Inapplicable ; Pass      ; Inapplicable ; Inapplicable ; Pass      ; Pass      ; Inapplicable ; Pass         ; Inapplicable ; Inapplicable ; Inapplicable ; Inapplicable ; Pass         ; Inapplicable ; Inapplicable ; Inapplicable ; Inapplicable ; Pass         ; Inapplicable ; Inapplicable ; Inapplicable ; Inapplicable ; Inapplicable ; Pass      ; Inapplicable ; Inapplicable ;
; f[13]              ; Inapplicable ; Inapplicable ; Inapplicable ; Inapplicable ; Inapplicable ; Pass      ; Inapplicable ; Inapplicable ; Pass      ; Pass      ; Inapplicable ; Pass         ; Inapplicable ; Inapplicable ; Inapplicable ; Inapplicable ; Pass         ; Inapplicable ; Inapplicable ; Inapplicable ; Inapplicable ; Pass         ; Inapplicable ; Inapplicable ; Inapplicable ; Inapplicable ; Inapplicable ; Pass      ; Inapplicable ; Inapplicable ;
; f[14]              ; Inapplicable ; Inapplicable ; Inapplicable ; Inapplicable ; Inapplicable ; Pass      ; Inapplicable ; Inapplicable ; Pass      ; Pass      ; Inapplicable ; Pass         ; Inapplicable ; Inapplicable ; Inapplicable ; Inapplicable ; Pass         ; Inapplicable ; Inapplicable ; Inapplicable ; Inapplicable ; Pass         ; Inapplicable ; Inapplicable ; Inapplicable ; Inapplicable ; Inapplicable ; Pass      ; Inapplicable ; Inapplicable ;
; f[15]              ; Inapplicable ; Inapplicable ; Inapplicable ; Inapplicable ; Inapplicable ; Pass      ; Inapplicable ; Inapplicable ; Pass      ; Pass      ; Inapplicable ; Pass         ; Inapplicable ; Inapplicable ; Inapplicable ; Inapplicable ; Pass         ; Inapplicable ; Inapplicable ; Inapplicable ; Inapplicable ; Pass         ; Inapplicable ; Inapplicable ; Inapplicable ; Inapplicable ; Inapplicable ; Pass      ; Inapplicable ; Inapplicable ;
; f[16]              ; Inapplicable ; Inapplicable ; Inapplicable ; Inapplicable ; Inapplicable ; Pass      ; Inapplicable ; Inapplicable ; Pass      ; Pass      ; Inapplicable ; Pass         ; Inapplicable ; Inapplicable ; Inapplicable ; Inapplicable ; Pass         ; Inapplicable ; Inapplicable ; Inapplicable ; Inapplicable ; Pass         ; Inapplicable ; Inapplicable ; Inapplicable ; Inapplicable ; Inapplicable ; Pass      ; Inapplicable ; Inapplicable ;
; f[17]              ; Inapplicable ; Inapplicable ; Inapplicable ; Inapplicable ; Inapplicable ; Pass      ; Inapplicable ; Inapplicable ; Pass      ; Pass      ; Inapplicable ; Pass         ; Inapplicable ; Inapplicable ; Inapplicable ; Inapplicable ; Pass         ; Inapplicable ; Inapplicable ; Inapplicable ; Inapplicable ; Pass         ; Inapplicable ; Inapplicable ; Inapplicable ; Inapplicable ; Inapplicable ; Pass      ; Inapplicable ; Inapplicable ;
; f[18]              ; Inapplicable ; Inapplicable ; Inapplicable ; Inapplicable ; Inapplicable ; Pass      ; Inapplicable ; Inapplicable ; Pass      ; Pass      ; Inapplicable ; Pass         ; Inapplicable ; Inapplicable ; Inapplicable ; Inapplicable ; Pass         ; Inapplicable ; Inapplicable ; Inapplicable ; Inapplicable ; Pass         ; Inapplicable ; Inapplicable ; Inapplicable ; Inapplicable ; Inapplicable ; Pass      ; Inapplicable ; Inapplicable ;
; f[19]              ; Inapplicable ; Inapplicable ; Inapplicable ; Inapplicable ; Inapplicable ; Pass      ; Inapplicable ; Inapplicable ; Pass      ; Pass      ; Inapplicable ; Pass         ; Inapplicable ; Inapplicable ; Inapplicable ; Inapplicable ; Pass         ; Inapplicable ; Inapplicable ; Inapplicable ; Inapplicable ; Pass         ; Inapplicable ; Inapplicable ; Inapplicable ; Inapplicable ; Inapplicable ; Pass      ; Inapplicable ; Inapplicable ;
; f[20]              ; Inapplicable ; Inapplicable ; Inapplicable ; Inapplicable ; Inapplicable ; Pass      ; Inapplicable ; Inapplicable ; Pass      ; Pass      ; Inapplicable ; Pass         ; Inapplicable ; Inapplicable ; Inapplicable ; Inapplicable ; Pass         ; Inapplicable ; Inapplicable ; Inapplicable ; Inapplicable ; Pass         ; Inapplicable ; Inapplicable ; Inapplicable ; Inapplicable ; Inapplicable ; Pass      ; Inapplicable ; Inapplicable ;
; f[21]              ; Inapplicable ; Inapplicable ; Inapplicable ; Inapplicable ; Inapplicable ; Pass      ; Inapplicable ; Inapplicable ; Pass      ; Pass      ; Inapplicable ; Pass         ; Inapplicable ; Inapplicable ; Inapplicable ; Inapplicable ; Pass         ; Inapplicable ; Inapplicable ; Inapplicable ; Inapplicable ; Pass         ; Inapplicable ; Inapplicable ; Inapplicable ; Inapplicable ; Inapplicable ; Pass      ; Inapplicable ; Inapplicable ;
; f[22]              ; Inapplicable ; Inapplicable ; Inapplicable ; Inapplicable ; Inapplicable ; Pass      ; Inapplicable ; Inapplicable ; Pass      ; Pass      ; Inapplicable ; Pass         ; Inapplicable ; Inapplicable ; Inapplicable ; Inapplicable ; Pass         ; Inapplicable ; Inapplicable ; Inapplicable ; Inapplicable ; Pass         ; Inapplicable ; Inapplicable ; Inapplicable ; Inapplicable ; Inapplicable ; Pass      ; Inapplicable ; Inapplicable ;
; f[23]              ; Inapplicable ; Inapplicable ; Inapplicable ; Inapplicable ; Inapplicable ; Pass      ; Inapplicable ; Inapplicable ; Pass      ; Pass      ; Inapplicable ; Pass         ; Inapplicable ; Inapplicable ; Inapplicable ; Inapplicable ; Pass         ; Inapplicable ; Inapplicable ; Inapplicable ; Inapplicable ; Pass         ; Inapplicable ; Inapplicable ; Inapplicable ; Inapplicable ; Inapplicable ; Pass      ; Inapplicable ; Inapplicable ;
; f[24]              ; Inapplicable ; Inapplicable ; Inapplicable ; Inapplicable ; Inapplicable ; Pass      ; Inapplicable ; Inapplicable ; Pass      ; Pass      ; Inapplicable ; Pass         ; Inapplicable ; Inapplicable ; Inapplicable ; Inapplicable ; Pass         ; Inapplicable ; Inapplicable ; Inapplicable ; Inapplicable ; Pass         ; Inapplicable ; Inapplicable ; Inapplicable ; Inapplicable ; Inapplicable ; Pass      ; Inapplicable ; Inapplicable ;
; f[25]              ; Inapplicable ; Inapplicable ; Inapplicable ; Inapplicable ; Inapplicable ; Pass      ; Inapplicable ; Inapplicable ; Pass      ; Pass      ; Inapplicable ; Pass         ; Inapplicable ; Inapplicable ; Inapplicable ; Inapplicable ; Pass         ; Inapplicable ; Inapplicable ; Inapplicable ; Inapplicable ; Pass         ; Inapplicable ; Inapplicable ; Inapplicable ; Inapplicable ; Inapplicable ; Pass      ; Inapplicable ; Inapplicable ;
; f[26]              ; Inapplicable ; Inapplicable ; Inapplicable ; Inapplicable ; Inapplicable ; Pass      ; Inapplicable ; Inapplicable ; Pass      ; Pass      ; Inapplicable ; Pass         ; Inapplicable ; Inapplicable ; Inapplicable ; Inapplicable ; Pass         ; Inapplicable ; Inapplicable ; Inapplicable ; Inapplicable ; Pass         ; Inapplicable ; Inapplicable ; Inapplicable ; Inapplicable ; Inapplicable ; Pass      ; Inapplicable ; Inapplicable ;
; f[27]              ; Inapplicable ; Inapplicable ; Inapplicable ; Inapplicable ; Inapplicable ; Pass      ; Inapplicable ; Inapplicable ; Pass      ; Pass      ; Inapplicable ; Pass         ; Inapplicable ; Inapplicable ; Inapplicable ; Inapplicable ; Pass         ; Inapplicable ; Inapplicable ; Inapplicable ; Inapplicable ; Pass         ; Inapplicable ; Inapplicable ; Inapplicable ; Inapplicable ; Inapplicable ; Pass      ; Inapplicable ; Inapplicable ;
; f[28]              ; Inapplicable ; Inapplicable ; Inapplicable ; Inapplicable ; Inapplicable ; Pass      ; Inapplicable ; Inapplicable ; Pass      ; Pass      ; Inapplicable ; Pass         ; Inapplicable ; Inapplicable ; Inapplicable ; Inapplicable ; Pass         ; Inapplicable ; Inapplicable ; Inapplicable ; Inapplicable ; Pass         ; Inapplicable ; Inapplicable ; Inapplicable ; Inapplicable ; Inapplicable ; Pass      ; Inapplicable ; Inapplicable ;
; f[29]              ; Inapplicable ; Inapplicable ; Inapplicable ; Inapplicable ; Inapplicable ; Pass      ; Inapplicable ; Inapplicable ; Pass      ; Pass      ; Inapplicable ; Pass         ; Inapplicable ; Inapplicable ; Inapplicable ; Inapplicable ; Pass         ; Inapplicable ; Inapplicable ; Inapplicable ; Inapplicable ; Pass         ; Inapplicable ; Inapplicable ; Inapplicable ; Inapplicable ; Inapplicable ; Pass      ; Inapplicable ; Inapplicable ;
; f[30]              ; Inapplicable ; Inapplicable ; Inapplicable ; Inapplicable ; Inapplicable ; Pass      ; Inapplicable ; Inapplicable ; Pass      ; Pass      ; Inapplicable ; Pass         ; Inapplicable ; Inapplicable ; Inapplicable ; Inapplicable ; Pass         ; Inapplicable ; Inapplicable ; Inapplicable ; Inapplicable ; Pass         ; Inapplicable ; Inapplicable ; Inapplicable ; Inapplicable ; Inapplicable ; Pass      ; Inapplicable ; Inapplicable ;
; f[31]              ; Inapplicable ; Inapplicable ; Inapplicable ; Inapplicable ; Inapplicable ; Pass      ; Inapplicable ; Inapplicable ; Pass      ; Pass      ; Inapplicable ; Pass         ; Inapplicable ; Inapplicable ; Inapplicable ; Inapplicable ; Pass         ; Inapplicable ; Inapplicable ; Inapplicable ; Inapplicable ; Pass         ; Inapplicable ; Inapplicable ; Inapplicable ; Inapplicable ; Inapplicable ; Pass      ; Inapplicable ; Inapplicable ;
; f[32]              ; Inapplicable ; Inapplicable ; Inapplicable ; Inapplicable ; Inapplicable ; Pass      ; Inapplicable ; Inapplicable ; Pass      ; Pass      ; Inapplicable ; Pass         ; Inapplicable ; Inapplicable ; Inapplicable ; Inapplicable ; Pass         ; Inapplicable ; Inapplicable ; Inapplicable ; Inapplicable ; Pass         ; Inapplicable ; Inapplicable ; Inapplicable ; Inapplicable ; Inapplicable ; Pass      ; Inapplicable ; Inapplicable ;
; f[33]              ; Inapplicable ; Inapplicable ; Inapplicable ; Inapplicable ; Inapplicable ; Pass      ; Inapplicable ; Inapplicable ; Pass      ; Pass      ; Inapplicable ; Pass         ; Inapplicable ; Inapplicable ; Inapplicable ; Inapplicable ; Pass         ; Inapplicable ; Inapplicable ; Inapplicable ; Inapplicable ; Pass         ; Inapplicable ; Inapplicable ; Inapplicable ; Inapplicable ; Inapplicable ; Pass      ; Inapplicable ; Inapplicable ;
; f[34]              ; Inapplicable ; Inapplicable ; Inapplicable ; Inapplicable ; Inapplicable ; Pass      ; Inapplicable ; Inapplicable ; Pass      ; Pass      ; Inapplicable ; Pass         ; Inapplicable ; Inapplicable ; Inapplicable ; Inapplicable ; Pass         ; Inapplicable ; Inapplicable ; Inapplicable ; Inapplicable ; Pass         ; Inapplicable ; Inapplicable ; Inapplicable ; Inapplicable ; Inapplicable ; Pass      ; Inapplicable ; Inapplicable ;
; f[35]              ; Inapplicable ; Inapplicable ; Inapplicable ; Inapplicable ; Inapplicable ; Pass      ; Inapplicable ; Inapplicable ; Pass      ; Pass      ; Inapplicable ; Pass         ; Inapplicable ; Inapplicable ; Inapplicable ; Inapplicable ; Pass         ; Inapplicable ; Inapplicable ; Inapplicable ; Inapplicable ; Pass         ; Inapplicable ; Inapplicable ; Inapplicable ; Inapplicable ; Inapplicable ; Pass      ; Inapplicable ; Inapplicable ;
; f[36]              ; Inapplicable ; Inapplicable ; Inapplicable ; Inapplicable ; Inapplicable ; Pass      ; Inapplicable ; Inapplicable ; Pass      ; Pass      ; Inapplicable ; Pass         ; Inapplicable ; Inapplicable ; Inapplicable ; Inapplicable ; Pass         ; Inapplicable ; Inapplicable ; Inapplicable ; Inapplicable ; Pass         ; Inapplicable ; Inapplicable ; Inapplicable ; Inapplicable ; Inapplicable ; Pass      ; Inapplicable ; Inapplicable ;
; f[37]              ; Inapplicable ; Inapplicable ; Inapplicable ; Inapplicable ; Inapplicable ; Pass      ; Inapplicable ; Inapplicable ; Pass      ; Pass      ; Inapplicable ; Pass         ; Inapplicable ; Inapplicable ; Inapplicable ; Inapplicable ; Pass         ; Inapplicable ; Inapplicable ; Inapplicable ; Inapplicable ; Pass         ; Inapplicable ; Inapplicable ; Inapplicable ; Inapplicable ; Inapplicable ; Pass      ; Inapplicable ; Inapplicable ;
; f[38]              ; Inapplicable ; Inapplicable ; Inapplicable ; Inapplicable ; Inapplicable ; Pass      ; Inapplicable ; Inapplicable ; Pass      ; Pass      ; Inapplicable ; Pass         ; Inapplicable ; Inapplicable ; Inapplicable ; Inapplicable ; Pass         ; Inapplicable ; Inapplicable ; Inapplicable ; Inapplicable ; Pass         ; Inapplicable ; Inapplicable ; Inapplicable ; Inapplicable ; Inapplicable ; Pass      ; Inapplicable ; Inapplicable ;
; f[39]              ; Inapplicable ; Inapplicable ; Inapplicable ; Inapplicable ; Inapplicable ; Pass      ; Inapplicable ; Inapplicable ; Pass      ; Pass      ; Inapplicable ; Pass         ; Inapplicable ; Inapplicable ; Inapplicable ; Inapplicable ; Pass         ; Inapplicable ; Inapplicable ; Inapplicable ; Inapplicable ; Pass         ; Inapplicable ; Inapplicable ; Inapplicable ; Inapplicable ; Inapplicable ; Pass      ; Inapplicable ; Inapplicable ;
; f[40]              ; Inapplicable ; Inapplicable ; Inapplicable ; Inapplicable ; Inapplicable ; Pass      ; Inapplicable ; Inapplicable ; Pass      ; Pass      ; Inapplicable ; Pass         ; Inapplicable ; Inapplicable ; Inapplicable ; Inapplicable ; Pass         ; Inapplicable ; Inapplicable ; Inapplicable ; Inapplicable ; Pass         ; Inapplicable ; Inapplicable ; Inapplicable ; Inapplicable ; Inapplicable ; Pass      ; Inapplicable ; Inapplicable ;
; f[41]              ; Inapplicable ; Inapplicable ; Inapplicable ; Inapplicable ; Inapplicable ; Pass      ; Inapplicable ; Inapplicable ; Pass      ; Pass      ; Inapplicable ; Pass         ; Inapplicable ; Inapplicable ; Inapplicable ; Inapplicable ; Pass         ; Inapplicable ; Inapplicable ; Inapplicable ; Inapplicable ; Pass         ; Inapplicable ; Inapplicable ; Inapplicable ; Inapplicable ; Inapplicable ; Pass      ; Inapplicable ; Inapplicable ;
; f[42]              ; Inapplicable ; Inapplicable ; Inapplicable ; Inapplicable ; Inapplicable ; Pass      ; Inapplicable ; Inapplicable ; Pass      ; Pass      ; Inapplicable ; Pass         ; Inapplicable ; Inapplicable ; Inapplicable ; Inapplicable ; Pass         ; Inapplicable ; Inapplicable ; Inapplicable ; Inapplicable ; Pass         ; Inapplicable ; Inapplicable ; Inapplicable ; Inapplicable ; Inapplicable ; Pass      ; Inapplicable ; Inapplicable ;
; f[43]              ; Inapplicable ; Inapplicable ; Inapplicable ; Inapplicable ; Inapplicable ; Pass      ; Inapplicable ; Inapplicable ; Pass      ; Pass      ; Inapplicable ; Pass         ; Inapplicable ; Inapplicable ; Inapplicable ; Inapplicable ; Pass         ; Inapplicable ; Inapplicable ; Inapplicable ; Inapplicable ; Pass         ; Inapplicable ; Inapplicable ; Inapplicable ; Inapplicable ; Inapplicable ; Pass      ; Inapplicable ; Inapplicable ;
; f[44]              ; Inapplicable ; Inapplicable ; Inapplicable ; Inapplicable ; Inapplicable ; Pass      ; Inapplicable ; Inapplicable ; Pass      ; Pass      ; Inapplicable ; Pass         ; Inapplicable ; Inapplicable ; Inapplicable ; Inapplicable ; Pass         ; Inapplicable ; Inapplicable ; Inapplicable ; Inapplicable ; Pass         ; Inapplicable ; Inapplicable ; Inapplicable ; Inapplicable ; Inapplicable ; Pass      ; Inapplicable ; Inapplicable ;
; f[45]              ; Inapplicable ; Inapplicable ; Inapplicable ; Inapplicable ; Inapplicable ; Pass      ; Inapplicable ; Inapplicable ; Pass      ; Pass      ; Inapplicable ; Pass         ; Inapplicable ; Inapplicable ; Inapplicable ; Inapplicable ; Pass         ; Inapplicable ; Inapplicable ; Inapplicable ; Inapplicable ; Pass         ; Inapplicable ; Inapplicable ; Inapplicable ; Inapplicable ; Inapplicable ; Pass      ; Inapplicable ; Inapplicable ;
; f[46]              ; Inapplicable ; Inapplicable ; Inapplicable ; Inapplicable ; Inapplicable ; Pass      ; Inapplicable ; Inapplicable ; Pass      ; Pass      ; Inapplicable ; Pass         ; Inapplicable ; Inapplicable ; Inapplicable ; Inapplicable ; Pass         ; Inapplicable ; Inapplicable ; Inapplicable ; Inapplicable ; Pass         ; Inapplicable ; Inapplicable ; Inapplicable ; Inapplicable ; Inapplicable ; Pass      ; Inapplicable ; Inapplicable ;
; f[47]              ; Inapplicable ; Inapplicable ; Inapplicable ; Inapplicable ; Inapplicable ; Pass      ; Inapplicable ; Inapplicable ; Pass      ; Pass      ; Inapplicable ; Pass         ; Inapplicable ; Inapplicable ; Inapplicable ; Inapplicable ; Pass         ; Inapplicable ; Inapplicable ; Inapplicable ; Inapplicable ; Pass         ; Inapplicable ; Inapplicable ; Inapplicable ; Inapplicable ; Inapplicable ; Pass      ; Inapplicable ; Inapplicable ;
; f[48]              ; Inapplicable ; Inapplicable ; Inapplicable ; Inapplicable ; Inapplicable ; Pass      ; Inapplicable ; Inapplicable ; Pass      ; Pass      ; Inapplicable ; Pass         ; Inapplicable ; Inapplicable ; Inapplicable ; Inapplicable ; Pass         ; Inapplicable ; Inapplicable ; Inapplicable ; Inapplicable ; Pass         ; Inapplicable ; Inapplicable ; Inapplicable ; Inapplicable ; Inapplicable ; Pass      ; Inapplicable ; Inapplicable ;
; f[49]              ; Inapplicable ; Inapplicable ; Inapplicable ; Inapplicable ; Inapplicable ; Pass      ; Inapplicable ; Inapplicable ; Pass      ; Pass      ; Inapplicable ; Pass         ; Inapplicable ; Inapplicable ; Inapplicable ; Inapplicable ; Pass         ; Inapplicable ; Inapplicable ; Inapplicable ; Inapplicable ; Pass         ; Inapplicable ; Inapplicable ; Inapplicable ; Inapplicable ; Inapplicable ; Pass      ; Inapplicable ; Inapplicable ;
; f[50]              ; Inapplicable ; Inapplicable ; Inapplicable ; Inapplicable ; Inapplicable ; Pass      ; Inapplicable ; Inapplicable ; Pass      ; Pass      ; Inapplicable ; Pass         ; Inapplicable ; Inapplicable ; Inapplicable ; Inapplicable ; Pass         ; Inapplicable ; Inapplicable ; Inapplicable ; Inapplicable ; Pass         ; Inapplicable ; Inapplicable ; Inapplicable ; Inapplicable ; Inapplicable ; Pass      ; Inapplicable ; Inapplicable ;
; f[51]              ; Inapplicable ; Inapplicable ; Inapplicable ; Inapplicable ; Inapplicable ; Pass      ; Inapplicable ; Inapplicable ; Pass      ; Pass      ; Inapplicable ; Pass         ; Inapplicable ; Inapplicable ; Inapplicable ; Inapplicable ; Pass         ; Inapplicable ; Inapplicable ; Inapplicable ; Inapplicable ; Pass         ; Inapplicable ; Inapplicable ; Inapplicable ; Inapplicable ; Inapplicable ; Pass      ; Inapplicable ; Inapplicable ;
; f[52]              ; Inapplicable ; Inapplicable ; Inapplicable ; Inapplicable ; Inapplicable ; Pass      ; Inapplicable ; Inapplicable ; Pass      ; Pass      ; Inapplicable ; Pass         ; Inapplicable ; Inapplicable ; Inapplicable ; Inapplicable ; Pass         ; Inapplicable ; Inapplicable ; Inapplicable ; Inapplicable ; Pass         ; Inapplicable ; Inapplicable ; Inapplicable ; Inapplicable ; Inapplicable ; Pass      ; Inapplicable ; Inapplicable ;
; f[53]              ; Inapplicable ; Inapplicable ; Inapplicable ; Inapplicable ; Inapplicable ; Pass      ; Inapplicable ; Inapplicable ; Pass      ; Pass      ; Inapplicable ; Pass         ; Inapplicable ; Inapplicable ; Inapplicable ; Inapplicable ; Pass         ; Inapplicable ; Inapplicable ; Inapplicable ; Inapplicable ; Pass         ; Inapplicable ; Inapplicable ; Inapplicable ; Inapplicable ; Inapplicable ; Pass      ; Inapplicable ; Inapplicable ;
; f[54]              ; Inapplicable ; Inapplicable ; Inapplicable ; Inapplicable ; Inapplicable ; Pass      ; Inapplicable ; Inapplicable ; Pass      ; Pass      ; Inapplicable ; Pass         ; Inapplicable ; Inapplicable ; Inapplicable ; Inapplicable ; Pass         ; Inapplicable ; Inapplicable ; Inapplicable ; Inapplicable ; Pass         ; Inapplicable ; Inapplicable ; Inapplicable ; Inapplicable ; Inapplicable ; Pass      ; Inapplicable ; Inapplicable ;
; f[55]              ; Inapplicable ; Inapplicable ; Inapplicable ; Inapplicable ; Inapplicable ; Pass      ; Inapplicable ; Inapplicable ; Pass      ; Pass      ; Inapplicable ; Pass         ; Inapplicable ; Inapplicable ; Inapplicable ; Inapplicable ; Pass         ; Inapplicable ; Inapplicable ; Inapplicable ; Inapplicable ; Pass         ; Inapplicable ; Inapplicable ; Inapplicable ; Inapplicable ; Inapplicable ; Pass      ; Inapplicable ; Inapplicable ;
; f[56]              ; Inapplicable ; Inapplicable ; Inapplicable ; Inapplicable ; Inapplicable ; Pass      ; Inapplicable ; Inapplicable ; Pass      ; Pass      ; Inapplicable ; Pass         ; Inapplicable ; Inapplicable ; Inapplicable ; Inapplicable ; Pass         ; Inapplicable ; Inapplicable ; Inapplicable ; Inapplicable ; Pass         ; Inapplicable ; Inapplicable ; Inapplicable ; Inapplicable ; Inapplicable ; Pass      ; Inapplicable ; Inapplicable ;
; f[57]              ; Inapplicable ; Inapplicable ; Inapplicable ; Inapplicable ; Inapplicable ; Pass      ; Inapplicable ; Inapplicable ; Pass      ; Pass      ; Inapplicable ; Pass         ; Inapplicable ; Inapplicable ; Inapplicable ; Inapplicable ; Pass         ; Inapplicable ; Inapplicable ; Inapplicable ; Inapplicable ; Pass         ; Inapplicable ; Inapplicable ; Inapplicable ; Inapplicable ; Inapplicable ; Pass      ; Inapplicable ; Inapplicable ;
; f[58]              ; Inapplicable ; Inapplicable ; Inapplicable ; Inapplicable ; Inapplicable ; Pass      ; Inapplicable ; Inapplicable ; Pass      ; Pass      ; Inapplicable ; Pass         ; Inapplicable ; Inapplicable ; Inapplicable ; Inapplicable ; Pass         ; Inapplicable ; Inapplicable ; Inapplicable ; Inapplicable ; Pass         ; Inapplicable ; Inapplicable ; Inapplicable ; Inapplicable ; Inapplicable ; Pass      ; Inapplicable ; Inapplicable ;
; f[59]              ; Inapplicable ; Inapplicable ; Inapplicable ; Inapplicable ; Inapplicable ; Pass      ; Inapplicable ; Inapplicable ; Pass      ; Pass      ; Inapplicable ; Pass         ; Inapplicable ; Inapplicable ; Inapplicable ; Inapplicable ; Pass         ; Inapplicable ; Inapplicable ; Inapplicable ; Inapplicable ; Pass         ; Inapplicable ; Inapplicable ; Inapplicable ; Inapplicable ; Inapplicable ; Pass      ; Inapplicable ; Inapplicable ;
; f[60]              ; Inapplicable ; Inapplicable ; Inapplicable ; Inapplicable ; Inapplicable ; Pass      ; Inapplicable ; Inapplicable ; Pass      ; Pass      ; Inapplicable ; Pass         ; Inapplicable ; Inapplicable ; Inapplicable ; Inapplicable ; Pass         ; Inapplicable ; Inapplicable ; Inapplicable ; Inapplicable ; Pass         ; Inapplicable ; Inapplicable ; Inapplicable ; Inapplicable ; Inapplicable ; Pass      ; Inapplicable ; Inapplicable ;
; f[61]              ; Inapplicable ; Inapplicable ; Inapplicable ; Inapplicable ; Inapplicable ; Pass      ; Inapplicable ; Inapplicable ; Pass      ; Pass      ; Inapplicable ; Pass         ; Inapplicable ; Inapplicable ; Inapplicable ; Inapplicable ; Pass         ; Inapplicable ; Inapplicable ; Inapplicable ; Inapplicable ; Pass         ; Inapplicable ; Inapplicable ; Inapplicable ; Inapplicable ; Inapplicable ; Pass      ; Inapplicable ; Inapplicable ;
; f[62]              ; Inapplicable ; Inapplicable ; Inapplicable ; Inapplicable ; Inapplicable ; Pass      ; Inapplicable ; Inapplicable ; Pass      ; Pass      ; Inapplicable ; Pass         ; Inapplicable ; Inapplicable ; Inapplicable ; Inapplicable ; Pass         ; Inapplicable ; Inapplicable ; Inapplicable ; Inapplicable ; Pass         ; Inapplicable ; Inapplicable ; Inapplicable ; Inapplicable ; Inapplicable ; Pass      ; Inapplicable ; Inapplicable ;
; f[63]              ; Inapplicable ; Inapplicable ; Inapplicable ; Inapplicable ; Inapplicable ; Pass      ; Inapplicable ; Inapplicable ; Pass      ; Pass      ; Inapplicable ; Pass         ; Inapplicable ; Inapplicable ; Inapplicable ; Inapplicable ; Pass         ; Inapplicable ; Inapplicable ; Inapplicable ; Inapplicable ; Pass         ; Inapplicable ; Inapplicable ; Inapplicable ; Inapplicable ; Inapplicable ; Pass      ; Inapplicable ; Inapplicable ;
; a[0]               ; Inapplicable ; Inapplicable ; Inapplicable ; Inapplicable ; Inapplicable ; Pass      ; Inapplicable ; Inapplicable ; Pass      ; Pass      ; Inapplicable ; Inapplicable ; Inapplicable ; Inapplicable ; Pass         ; Inapplicable ; Inapplicable ; Pass         ; Inapplicable ; Inapplicable ; Inapplicable ; Inapplicable ; Inapplicable ; Inapplicable ; Inapplicable ; Inapplicable ; Inapplicable ; Pass      ; Inapplicable ; Inapplicable ;
; s[3]               ; Inapplicable ; Inapplicable ; Inapplicable ; Inapplicable ; Inapplicable ; Pass      ; Inapplicable ; Inapplicable ; Pass      ; Pass      ; Inapplicable ; Inapplicable ; Inapplicable ; Inapplicable ; Pass         ; Inapplicable ; Inapplicable ; Pass         ; Inapplicable ; Inapplicable ; Inapplicable ; Inapplicable ; Inapplicable ; Inapplicable ; Inapplicable ; Inapplicable ; Inapplicable ; Pass      ; Inapplicable ; Inapplicable ;
; s[2]               ; Inapplicable ; Inapplicable ; Inapplicable ; Inapplicable ; Inapplicable ; Pass      ; Inapplicable ; Inapplicable ; Pass      ; Pass      ; Inapplicable ; Inapplicable ; Inapplicable ; Inapplicable ; Pass         ; Inapplicable ; Inapplicable ; Pass         ; Inapplicable ; Inapplicable ; Inapplicable ; Inapplicable ; Inapplicable ; Inapplicable ; Inapplicable ; Inapplicable ; Inapplicable ; Pass      ; Inapplicable ; Inapplicable ;
; b[0]               ; Inapplicable ; Inapplicable ; Inapplicable ; Inapplicable ; Inapplicable ; Pass      ; Inapplicable ; Inapplicable ; Pass      ; Pass      ; Inapplicable ; Inapplicable ; Inapplicable ; Inapplicable ; Pass         ; Inapplicable ; Inapplicable ; Pass         ; Inapplicable ; Inapplicable ; Inapplicable ; Inapplicable ; Inapplicable ; Inapplicable ; Inapplicable ; Inapplicable ; Inapplicable ; Pass      ; Inapplicable ; Inapplicable ;
; M                  ; Inapplicable ; Inapplicable ; Inapplicable ; Inapplicable ; Inapplicable ; Pass      ; Inapplicable ; Inapplicable ; Pass      ; Pass      ; Inapplicable ; Inapplicable ; Inapplicable ; Inapplicable ; Pass         ; Inapplicable ; Inapplicable ; Pass         ; Inapplicable ; Inapplicable ; Inapplicable ; Inapplicable ; Inapplicable ; Inapplicable ; Inapplicable ; Inapplicable ; Inapplicable ; Pass      ; Inapplicable ; Inapplicable ;
; c                  ; Inapplicable ; Inapplicable ; Inapplicable ; Inapplicable ; Inapplicable ; Pass      ; Inapplicable ; Inapplicable ; Pass      ; Pass      ; Inapplicable ; Inapplicable ; Inapplicable ; Inapplicable ; Pass         ; Inapplicable ; Inapplicable ; Pass         ; Inapplicable ; Inapplicable ; Inapplicable ; Inapplicable ; Inapplicable ; Inapplicable ; Inapplicable ; Inapplicable ; Inapplicable ; Pass      ; Inapplicable ; Inapplicable ;
; s[0]               ; Inapplicable ; Inapplicable ; Inapplicable ; Inapplicable ; Inapplicable ; Pass      ; Inapplicable ; Inapplicable ; Pass      ; Pass      ; Inapplicable ; Inapplicable ; Inapplicable ; Inapplicable ; Pass         ; Inapplicable ; Inapplicable ; Pass         ; Inapplicable ; Inapplicable ; Inapplicable ; Inapplicable ; Inapplicable ; Inapplicable ; Inapplicable ; Inapplicable ; Inapplicable ; Pass      ; Inapplicable ; Inapplicable ;
; s[1]               ; Inapplicable ; Inapplicable ; Inapplicable ; Inapplicable ; Inapplicable ; Pass      ; Inapplicable ; Inapplicable ; Pass      ; Pass      ; Inapplicable ; Inapplicable ; Inapplicable ; Inapplicable ; Pass         ; Inapplicable ; Inapplicable ; Pass         ; Inapplicable ; Inapplicable ; Inapplicable ; Inapplicable ; Inapplicable ; Inapplicable ; Inapplicable ; Inapplicable ; Inapplicable ; Pass      ; Inapplicable ; Inapplicable ;
; a[1]               ; Inapplicable ; Inapplicable ; Inapplicable ; Inapplicable ; Inapplicable ; Pass      ; Inapplicable ; Inapplicable ; Pass      ; Pass      ; Inapplicable ; Inapplicable ; Inapplicable ; Inapplicable ; Pass         ; Inapplicable ; Inapplicable ; Pass         ; Inapplicable ; Inapplicable ; Inapplicable ; Inapplicable ; Inapplicable ; Inapplicable ; Inapplicable ; Inapplicable ; Inapplicable ; Pass      ; Inapplicable ; Inapplicable ;
; b[1]               ; Inapplicable ; Inapplicable ; Inapplicable ; Inapplicable ; Inapplicable ; Pass      ; Inapplicable ; Inapplicable ; Pass      ; Pass      ; Inapplicable ; Inapplicable ; Inapplicable ; Inapplicable ; Pass         ; Inapplicable ; Inapplicable ; Pass         ; Inapplicable ; Inapplicable ; Inapplicable ; Inapplicable ; Inapplicable ; Inapplicable ; Inapplicable ; Inapplicable ; Inapplicable ; Pass      ; Inapplicable ; Inapplicable ;
; a[2]               ; Inapplicable ; Inapplicable ; Inapplicable ; Inapplicable ; Inapplicable ; Pass      ; Inapplicable ; Inapplicable ; Pass      ; Pass      ; Inapplicable ; Inapplicable ; Inapplicable ; Inapplicable ; Pass         ; Inapplicable ; Inapplicable ; Pass         ; Inapplicable ; Inapplicable ; Inapplicable ; Inapplicable ; Inapplicable ; Inapplicable ; Inapplicable ; Inapplicable ; Inapplicable ; Pass      ; Inapplicable ; Inapplicable ;
; b[2]               ; Inapplicable ; Inapplicable ; Inapplicable ; Inapplicable ; Inapplicable ; Pass      ; Inapplicable ; Inapplicable ; Pass      ; Pass      ; Inapplicable ; Inapplicable ; Inapplicable ; Inapplicable ; Pass         ; Inapplicable ; Inapplicable ; Pass         ; Inapplicable ; Inapplicable ; Inapplicable ; Inapplicable ; Inapplicable ; Inapplicable ; Inapplicable ; Inapplicable ; Inapplicable ; Pass      ; Inapplicable ; Inapplicable ;
; a[3]               ; Inapplicable ; Inapplicable ; Inapplicable ; Inapplicable ; Inapplicable ; Pass      ; Inapplicable ; Inapplicable ; Pass      ; Pass      ; Inapplicable ; Inapplicable ; Inapplicable ; Inapplicable ; Pass         ; Inapplicable ; Inapplicable ; Pass         ; Inapplicable ; Inapplicable ; Inapplicable ; Inapplicable ; Inapplicable ; Inapplicable ; Inapplicable ; Inapplicable ; Inapplicable ; Pass      ; Inapplicable ; Inapplicable ;
; b[3]               ; Inapplicable ; Inapplicable ; Inapplicable ; Inapplicable ; Inapplicable ; Pass      ; Inapplicable ; Inapplicable ; Pass      ; Pass      ; Inapplicable ; Inapplicable ; Inapplicable ; Inapplicable ; Pass         ; Inapplicable ; Inapplicable ; Pass         ; Inapplicable ; Inapplicable ; Inapplicable ; Inapplicable ; Inapplicable ; Inapplicable ; Inapplicable ; Inapplicable ; Inapplicable ; Pass      ; Inapplicable ; Inapplicable ;
; a[11]              ; Inapplicable ; Inapplicable ; Inapplicable ; Inapplicable ; Inapplicable ; Pass      ; Inapplicable ; Inapplicable ; Pass      ; Pass      ; Inapplicable ; Inapplicable ; Inapplicable ; Inapplicable ; Pass         ; Inapplicable ; Inapplicable ; Pass         ; Inapplicable ; Inapplicable ; Inapplicable ; Inapplicable ; Inapplicable ; Inapplicable ; Inapplicable ; Inapplicable ; Inapplicable ; Pass      ; Inapplicable ; Inapplicable ;
; b[11]              ; Inapplicable ; Inapplicable ; Inapplicable ; Inapplicable ; Inapplicable ; Pass      ; Inapplicable ; Inapplicable ; Pass      ; Pass      ; Inapplicable ; Inapplicable ; Inapplicable ; Inapplicable ; Pass         ; Inapplicable ; Inapplicable ; Pass         ; Inapplicable ; Inapplicable ; Inapplicable ; Inapplicable ; Inapplicable ; Inapplicable ; Inapplicable ; Inapplicable ; Inapplicable ; Pass      ; Inapplicable ; Inapplicable ;
; a[7]               ; Inapplicable ; Inapplicable ; Inapplicable ; Inapplicable ; Inapplicable ; Pass      ; Inapplicable ; Inapplicable ; Pass      ; Pass      ; Inapplicable ; Inapplicable ; Inapplicable ; Inapplicable ; Pass         ; Inapplicable ; Inapplicable ; Pass         ; Inapplicable ; Inapplicable ; Inapplicable ; Inapplicable ; Inapplicable ; Inapplicable ; Inapplicable ; Inapplicable ; Inapplicable ; Pass      ; Inapplicable ; Inapplicable ;
; b[7]               ; Inapplicable ; Inapplicable ; Inapplicable ; Inapplicable ; Inapplicable ; Pass      ; Inapplicable ; Inapplicable ; Pass      ; Pass      ; Inapplicable ; Inapplicable ; Inapplicable ; Inapplicable ; Pass         ; Inapplicable ; Inapplicable ; Pass         ; Inapplicable ; Inapplicable ; Inapplicable ; Inapplicable ; Inapplicable ; Inapplicable ; Inapplicable ; Inapplicable ; Inapplicable ; Pass      ; Inapplicable ; Inapplicable ;
; a[15]              ; Inapplicable ; Inapplicable ; Inapplicable ; Inapplicable ; Inapplicable ; Pass      ; Inapplicable ; Inapplicable ; Pass      ; Pass      ; Inapplicable ; Inapplicable ; Inapplicable ; Inapplicable ; Pass         ; Inapplicable ; Inapplicable ; Pass         ; Inapplicable ; Inapplicable ; Inapplicable ; Inapplicable ; Inapplicable ; Inapplicable ; Inapplicable ; Inapplicable ; Inapplicable ; Pass      ; Inapplicable ; Inapplicable ;
; b[15]              ; Inapplicable ; Inapplicable ; Inapplicable ; Inapplicable ; Inapplicable ; Pass      ; Inapplicable ; Inapplicable ; Pass      ; Pass      ; Inapplicable ; Inapplicable ; Inapplicable ; Inapplicable ; Pass         ; Inapplicable ; Inapplicable ; Pass         ; Inapplicable ; Inapplicable ; Inapplicable ; Inapplicable ; Inapplicable ; Inapplicable ; Inapplicable ; Inapplicable ; Inapplicable ; Pass      ; Inapplicable ; Inapplicable ;
; a[4]               ; Inapplicable ; Inapplicable ; Inapplicable ; Inapplicable ; Inapplicable ; Pass      ; Inapplicable ; Inapplicable ; Pass      ; Pass      ; Inapplicable ; Inapplicable ; Inapplicable ; Inapplicable ; Pass         ; Inapplicable ; Inapplicable ; Pass         ; Inapplicable ; Inapplicable ; Inapplicable ; Inapplicable ; Inapplicable ; Inapplicable ; Inapplicable ; Inapplicable ; Inapplicable ; Pass      ; Inapplicable ; Inapplicable ;
; b[4]               ; Inapplicable ; Inapplicable ; Inapplicable ; Inapplicable ; Inapplicable ; Pass      ; Inapplicable ; Inapplicable ; Pass      ; Pass      ; Inapplicable ; Inapplicable ; Inapplicable ; Inapplicable ; Pass         ; Inapplicable ; Inapplicable ; Pass         ; Inapplicable ; Inapplicable ; Inapplicable ; Inapplicable ; Inapplicable ; Inapplicable ; Inapplicable ; Inapplicable ; Inapplicable ; Pass      ; Inapplicable ; Inapplicable ;
; a[5]               ; Inapplicable ; Inapplicable ; Inapplicable ; Inapplicable ; Inapplicable ; Pass      ; Inapplicable ; Inapplicable ; Pass      ; Pass      ; Inapplicable ; Inapplicable ; Inapplicable ; Inapplicable ; Pass         ; Inapplicable ; Inapplicable ; Pass         ; Inapplicable ; Inapplicable ; Inapplicable ; Inapplicable ; Inapplicable ; Inapplicable ; Inapplicable ; Inapplicable ; Inapplicable ; Pass      ; Inapplicable ; Inapplicable ;
; b[5]               ; Inapplicable ; Inapplicable ; Inapplicable ; Inapplicable ; Inapplicable ; Pass      ; Inapplicable ; Inapplicable ; Pass      ; Pass      ; Inapplicable ; Inapplicable ; Inapplicable ; Inapplicable ; Pass         ; Inapplicable ; Inapplicable ; Pass         ; Inapplicable ; Inapplicable ; Inapplicable ; Inapplicable ; Inapplicable ; Inapplicable ; Inapplicable ; Inapplicable ; Inapplicable ; Pass      ; Inapplicable ; Inapplicable ;
; a[6]               ; Inapplicable ; Inapplicable ; Inapplicable ; Inapplicable ; Inapplicable ; Pass      ; Inapplicable ; Inapplicable ; Pass      ; Pass      ; Inapplicable ; Inapplicable ; Inapplicable ; Inapplicable ; Pass         ; Inapplicable ; Inapplicable ; Pass         ; Inapplicable ; Inapplicable ; Inapplicable ; Inapplicable ; Inapplicable ; Inapplicable ; Inapplicable ; Inapplicable ; Inapplicable ; Pass      ; Inapplicable ; Inapplicable ;
; b[6]               ; Inapplicable ; Inapplicable ; Inapplicable ; Inapplicable ; Inapplicable ; Pass      ; Inapplicable ; Inapplicable ; Pass      ; Pass      ; Inapplicable ; Inapplicable ; Inapplicable ; Inapplicable ; Pass         ; Inapplicable ; Inapplicable ; Pass         ; Inapplicable ; Inapplicable ; Inapplicable ; Inapplicable ; Inapplicable ; Inapplicable ; Inapplicable ; Inapplicable ; Inapplicable ; Pass      ; Inapplicable ; Inapplicable ;
; a[8]               ; Inapplicable ; Inapplicable ; Inapplicable ; Inapplicable ; Inapplicable ; Pass      ; Inapplicable ; Inapplicable ; Pass      ; Pass      ; Inapplicable ; Inapplicable ; Inapplicable ; Inapplicable ; Pass         ; Inapplicable ; Inapplicable ; Pass         ; Inapplicable ; Inapplicable ; Inapplicable ; Inapplicable ; Inapplicable ; Inapplicable ; Inapplicable ; Inapplicable ; Inapplicable ; Pass      ; Inapplicable ; Inapplicable ;
; b[8]               ; Inapplicable ; Inapplicable ; Inapplicable ; Inapplicable ; Inapplicable ; Pass      ; Inapplicable ; Inapplicable ; Pass      ; Pass      ; Inapplicable ; Inapplicable ; Inapplicable ; Inapplicable ; Pass         ; Inapplicable ; Inapplicable ; Pass         ; Inapplicable ; Inapplicable ; Inapplicable ; Inapplicable ; Inapplicable ; Inapplicable ; Inapplicable ; Inapplicable ; Inapplicable ; Pass      ; Inapplicable ; Inapplicable ;
; a[9]               ; Inapplicable ; Inapplicable ; Inapplicable ; Inapplicable ; Inapplicable ; Pass      ; Inapplicable ; Inapplicable ; Pass      ; Pass      ; Inapplicable ; Inapplicable ; Inapplicable ; Inapplicable ; Pass         ; Inapplicable ; Inapplicable ; Pass         ; Inapplicable ; Inapplicable ; Inapplicable ; Inapplicable ; Inapplicable ; Inapplicable ; Inapplicable ; Inapplicable ; Inapplicable ; Pass      ; Inapplicable ; Inapplicable ;
; b[9]               ; Inapplicable ; Inapplicable ; Inapplicable ; Inapplicable ; Inapplicable ; Pass      ; Inapplicable ; Inapplicable ; Pass      ; Pass      ; Inapplicable ; Inapplicable ; Inapplicable ; Inapplicable ; Pass         ; Inapplicable ; Inapplicable ; Pass         ; Inapplicable ; Inapplicable ; Inapplicable ; Inapplicable ; Inapplicable ; Inapplicable ; Inapplicable ; Inapplicable ; Inapplicable ; Pass      ; Inapplicable ; Inapplicable ;
; a[10]              ; Inapplicable ; Inapplicable ; Inapplicable ; Inapplicable ; Inapplicable ; Pass      ; Inapplicable ; Inapplicable ; Pass      ; Pass      ; Inapplicable ; Inapplicable ; Inapplicable ; Inapplicable ; Pass         ; Inapplicable ; Inapplicable ; Pass         ; Inapplicable ; Inapplicable ; Inapplicable ; Inapplicable ; Inapplicable ; Inapplicable ; Inapplicable ; Inapplicable ; Inapplicable ; Pass      ; Inapplicable ; Inapplicable ;
; b[10]              ; Inapplicable ; Inapplicable ; Inapplicable ; Inapplicable ; Inapplicable ; Pass      ; Inapplicable ; Inapplicable ; Pass      ; Pass      ; Inapplicable ; Inapplicable ; Inapplicable ; Inapplicable ; Pass         ; Inapplicable ; Inapplicable ; Pass         ; Inapplicable ; Inapplicable ; Inapplicable ; Inapplicable ; Inapplicable ; Inapplicable ; Inapplicable ; Inapplicable ; Inapplicable ; Pass      ; Inapplicable ; Inapplicable ;
; a[12]              ; Inapplicable ; Inapplicable ; Inapplicable ; Inapplicable ; Inapplicable ; Pass      ; Inapplicable ; Inapplicable ; Pass      ; Pass      ; Inapplicable ; Inapplicable ; Inapplicable ; Inapplicable ; Pass         ; Inapplicable ; Inapplicable ; Pass         ; Inapplicable ; Inapplicable ; Inapplicable ; Inapplicable ; Inapplicable ; Inapplicable ; Inapplicable ; Inapplicable ; Inapplicable ; Pass      ; Inapplicable ; Inapplicable ;
; b[12]              ; Inapplicable ; Inapplicable ; Inapplicable ; Inapplicable ; Inapplicable ; Pass      ; Inapplicable ; Inapplicable ; Pass      ; Pass      ; Inapplicable ; Inapplicable ; Inapplicable ; Inapplicable ; Pass         ; Inapplicable ; Inapplicable ; Pass         ; Inapplicable ; Inapplicable ; Inapplicable ; Inapplicable ; Inapplicable ; Inapplicable ; Inapplicable ; Inapplicable ; Inapplicable ; Pass      ; Inapplicable ; Inapplicable ;
; a[13]              ; Inapplicable ; Inapplicable ; Inapplicable ; Inapplicable ; Inapplicable ; Pass      ; Inapplicable ; Inapplicable ; Pass      ; Pass      ; Inapplicable ; Inapplicable ; Inapplicable ; Inapplicable ; Pass         ; Inapplicable ; Inapplicable ; Pass         ; Inapplicable ; Inapplicable ; Inapplicable ; Inapplicable ; Inapplicable ; Inapplicable ; Inapplicable ; Inapplicable ; Inapplicable ; Pass      ; Inapplicable ; Inapplicable ;
; b[13]              ; Inapplicable ; Inapplicable ; Inapplicable ; Inapplicable ; Inapplicable ; Pass      ; Inapplicable ; Inapplicable ; Pass      ; Pass      ; Inapplicable ; Inapplicable ; Inapplicable ; Inapplicable ; Pass         ; Inapplicable ; Inapplicable ; Pass         ; Inapplicable ; Inapplicable ; Inapplicable ; Inapplicable ; Inapplicable ; Inapplicable ; Inapplicable ; Inapplicable ; Inapplicable ; Pass      ; Inapplicable ; Inapplicable ;
; a[14]              ; Inapplicable ; Inapplicable ; Inapplicable ; Inapplicable ; Inapplicable ; Pass      ; Inapplicable ; Inapplicable ; Pass      ; Pass      ; Inapplicable ; Inapplicable ; Inapplicable ; Inapplicable ; Pass         ; Inapplicable ; Inapplicable ; Pass         ; Inapplicable ; Inapplicable ; Inapplicable ; Inapplicable ; Inapplicable ; Inapplicable ; Inapplicable ; Inapplicable ; Inapplicable ; Pass      ; Inapplicable ; Inapplicable ;
; b[14]              ; Inapplicable ; Inapplicable ; Inapplicable ; Inapplicable ; Inapplicable ; Pass      ; Inapplicable ; Inapplicable ; Pass      ; Pass      ; Inapplicable ; Inapplicable ; Inapplicable ; Inapplicable ; Pass         ; Inapplicable ; Inapplicable ; Pass         ; Inapplicable ; Inapplicable ; Inapplicable ; Inapplicable ; Inapplicable ; Inapplicable ; Inapplicable ; Inapplicable ; Inapplicable ; Pass      ; Inapplicable ; Inapplicable ;
; a[23]              ; Inapplicable ; Inapplicable ; Inapplicable ; Inapplicable ; Inapplicable ; Pass      ; Inapplicable ; Inapplicable ; Pass      ; Pass      ; Inapplicable ; Inapplicable ; Inapplicable ; Inapplicable ; Pass         ; Inapplicable ; Inapplicable ; Pass         ; Inapplicable ; Inapplicable ; Inapplicable ; Inapplicable ; Inapplicable ; Inapplicable ; Inapplicable ; Inapplicable ; Inapplicable ; Pass      ; Inapplicable ; Inapplicable ;
; b[23]              ; Inapplicable ; Inapplicable ; Inapplicable ; Inapplicable ; Inapplicable ; Pass      ; Inapplicable ; Inapplicable ; Pass      ; Pass      ; Inapplicable ; Inapplicable ; Inapplicable ; Inapplicable ; Pass         ; Inapplicable ; Inapplicable ; Pass         ; Inapplicable ; Inapplicable ; Inapplicable ; Inapplicable ; Inapplicable ; Inapplicable ; Inapplicable ; Inapplicable ; Inapplicable ; Pass      ; Inapplicable ; Inapplicable ;
; a[27]              ; Inapplicable ; Inapplicable ; Inapplicable ; Inapplicable ; Inapplicable ; Pass      ; Inapplicable ; Inapplicable ; Pass      ; Pass      ; Inapplicable ; Inapplicable ; Inapplicable ; Inapplicable ; Pass         ; Inapplicable ; Inapplicable ; Pass         ; Inapplicable ; Inapplicable ; Inapplicable ; Inapplicable ; Inapplicable ; Inapplicable ; Inapplicable ; Inapplicable ; Inapplicable ; Pass      ; Inapplicable ; Inapplicable ;
; b[27]              ; Inapplicable ; Inapplicable ; Inapplicable ; Inapplicable ; Inapplicable ; Pass      ; Inapplicable ; Inapplicable ; Pass      ; Pass      ; Inapplicable ; Inapplicable ; Inapplicable ; Inapplicable ; Pass         ; Inapplicable ; Inapplicable ; Pass         ; Inapplicable ; Inapplicable ; Inapplicable ; Inapplicable ; Inapplicable ; Inapplicable ; Inapplicable ; Inapplicable ; Inapplicable ; Pass      ; Inapplicable ; Inapplicable ;
; a[19]              ; Inapplicable ; Inapplicable ; Inapplicable ; Inapplicable ; Inapplicable ; Pass      ; Inapplicable ; Inapplicable ; Pass      ; Pass      ; Inapplicable ; Inapplicable ; Inapplicable ; Inapplicable ; Pass         ; Inapplicable ; Inapplicable ; Pass         ; Inapplicable ; Inapplicable ; Inapplicable ; Inapplicable ; Inapplicable ; Inapplicable ; Inapplicable ; Inapplicable ; Inapplicable ; Pass      ; Inapplicable ; Inapplicable ;
; b[19]              ; Inapplicable ; Inapplicable ; Inapplicable ; Inapplicable ; Inapplicable ; Pass      ; Inapplicable ; Inapplicable ; Pass      ; Pass      ; Inapplicable ; Inapplicable ; Inapplicable ; Inapplicable ; Pass         ; Inapplicable ; Inapplicable ; Pass         ; Inapplicable ; Inapplicable ; Inapplicable ; Inapplicable ; Inapplicable ; Inapplicable ; Inapplicable ; Inapplicable ; Inapplicable ; Pass      ; Inapplicable ; Inapplicable ;
; a[31]              ; Inapplicable ; Inapplicable ; Inapplicable ; Inapplicable ; Inapplicable ; Pass      ; Inapplicable ; Inapplicable ; Pass      ; Pass      ; Inapplicable ; Inapplicable ; Inapplicable ; Inapplicable ; Pass         ; Inapplicable ; Inapplicable ; Pass         ; Inapplicable ; Inapplicable ; Inapplicable ; Inapplicable ; Inapplicable ; Inapplicable ; Inapplicable ; Inapplicable ; Inapplicable ; Pass      ; Inapplicable ; Inapplicable ;
; b[31]              ; Inapplicable ; Inapplicable ; Inapplicable ; Inapplicable ; Inapplicable ; Pass      ; Inapplicable ; Inapplicable ; Pass      ; Pass      ; Inapplicable ; Inapplicable ; Inapplicable ; Inapplicable ; Pass         ; Inapplicable ; Inapplicable ; Pass         ; Inapplicable ; Inapplicable ; Inapplicable ; Inapplicable ; Inapplicable ; Inapplicable ; Inapplicable ; Inapplicable ; Inapplicable ; Pass      ; Inapplicable ; Inapplicable ;
; a[55]              ; Inapplicable ; Inapplicable ; Inapplicable ; Inapplicable ; Inapplicable ; Pass      ; Inapplicable ; Inapplicable ; Pass      ; Pass      ; Inapplicable ; Inapplicable ; Inapplicable ; Inapplicable ; Pass         ; Inapplicable ; Inapplicable ; Pass         ; Inapplicable ; Inapplicable ; Inapplicable ; Inapplicable ; Inapplicable ; Inapplicable ; Inapplicable ; Inapplicable ; Inapplicable ; Pass      ; Inapplicable ; Inapplicable ;
; b[55]              ; Inapplicable ; Inapplicable ; Inapplicable ; Inapplicable ; Inapplicable ; Pass      ; Inapplicable ; Inapplicable ; Pass      ; Pass      ; Inapplicable ; Inapplicable ; Inapplicable ; Inapplicable ; Pass         ; Inapplicable ; Inapplicable ; Pass         ; Inapplicable ; Inapplicable ; Inapplicable ; Inapplicable ; Inapplicable ; Inapplicable ; Inapplicable ; Inapplicable ; Inapplicable ; Pass      ; Inapplicable ; Inapplicable ;
; a[59]              ; Inapplicable ; Inapplicable ; Inapplicable ; Inapplicable ; Inapplicable ; Pass      ; Inapplicable ; Inapplicable ; Pass      ; Pass      ; Inapplicable ; Inapplicable ; Inapplicable ; Inapplicable ; Pass         ; Inapplicable ; Inapplicable ; Pass         ; Inapplicable ; Inapplicable ; Inapplicable ; Inapplicable ; Inapplicable ; Inapplicable ; Inapplicable ; Inapplicable ; Inapplicable ; Pass      ; Inapplicable ; Inapplicable ;
; b[59]              ; Inapplicable ; Inapplicable ; Inapplicable ; Inapplicable ; Inapplicable ; Pass      ; Inapplicable ; Inapplicable ; Pass      ; Pass      ; Inapplicable ; Inapplicable ; Inapplicable ; Inapplicable ; Pass         ; Inapplicable ; Inapplicable ; Pass         ; Inapplicable ; Inapplicable ; Inapplicable ; Inapplicable ; Inapplicable ; Inapplicable ; Inapplicable ; Inapplicable ; Inapplicable ; Pass      ; Inapplicable ; Inapplicable ;
; a[39]              ; Inapplicable ; Inapplicable ; Inapplicable ; Inapplicable ; Inapplicable ; Pass      ; Inapplicable ; Inapplicable ; Pass      ; Pass      ; Inapplicable ; Inapplicable ; Inapplicable ; Inapplicable ; Pass         ; Inapplicable ; Inapplicable ; Pass         ; Inapplicable ; Inapplicable ; Inapplicable ; Inapplicable ; Inapplicable ; Inapplicable ; Inapplicable ; Inapplicable ; Inapplicable ; Pass      ; Inapplicable ; Inapplicable ;
; b[39]              ; Inapplicable ; Inapplicable ; Inapplicable ; Inapplicable ; Inapplicable ; Pass      ; Inapplicable ; Inapplicable ; Pass      ; Pass      ; Inapplicable ; Inapplicable ; Inapplicable ; Inapplicable ; Pass         ; Inapplicable ; Inapplicable ; Pass         ; Inapplicable ; Inapplicable ; Inapplicable ; Inapplicable ; Inapplicable ; Inapplicable ; Inapplicable ; Inapplicable ; Inapplicable ; Pass      ; Inapplicable ; Inapplicable ;
; a[43]              ; Inapplicable ; Inapplicable ; Inapplicable ; Inapplicable ; Inapplicable ; Pass      ; Inapplicable ; Inapplicable ; Pass      ; Pass      ; Inapplicable ; Inapplicable ; Inapplicable ; Inapplicable ; Pass         ; Inapplicable ; Inapplicable ; Pass         ; Inapplicable ; Inapplicable ; Inapplicable ; Inapplicable ; Inapplicable ; Inapplicable ; Inapplicable ; Inapplicable ; Inapplicable ; Pass      ; Inapplicable ; Inapplicable ;
; b[43]              ; Inapplicable ; Inapplicable ; Inapplicable ; Inapplicable ; Inapplicable ; Pass      ; Inapplicable ; Inapplicable ; Pass      ; Pass      ; Inapplicable ; Inapplicable ; Inapplicable ; Inapplicable ; Pass         ; Inapplicable ; Inapplicable ; Pass         ; Inapplicable ; Inapplicable ; Inapplicable ; Inapplicable ; Inapplicable ; Inapplicable ; Inapplicable ; Inapplicable ; Inapplicable ; Pass      ; Inapplicable ; Inapplicable ;
; a[35]              ; Inapplicable ; Inapplicable ; Inapplicable ; Inapplicable ; Inapplicable ; Pass      ; Inapplicable ; Inapplicable ; Pass      ; Pass      ; Inapplicable ; Inapplicable ; Inapplicable ; Inapplicable ; Pass         ; Inapplicable ; Inapplicable ; Pass         ; Inapplicable ; Inapplicable ; Inapplicable ; Inapplicable ; Inapplicable ; Inapplicable ; Inapplicable ; Inapplicable ; Inapplicable ; Pass      ; Inapplicable ; Inapplicable ;
; b[35]              ; Inapplicable ; Inapplicable ; Inapplicable ; Inapplicable ; Inapplicable ; Pass      ; Inapplicable ; Inapplicable ; Pass      ; Pass      ; Inapplicable ; Inapplicable ; Inapplicable ; Inapplicable ; Pass         ; Inapplicable ; Inapplicable ; Pass         ; Inapplicable ; Inapplicable ; Inapplicable ; Inapplicable ; Inapplicable ; Inapplicable ; Inapplicable ; Inapplicable ; Inapplicable ; Pass      ; Inapplicable ; Inapplicable ;
; a[47]              ; Inapplicable ; Inapplicable ; Inapplicable ; Inapplicable ; Inapplicable ; Pass      ; Inapplicable ; Inapplicable ; Pass      ; Pass      ; Inapplicable ; Inapplicable ; Inapplicable ; Inapplicable ; Pass         ; Inapplicable ; Inapplicable ; Pass         ; Inapplicable ; Inapplicable ; Inapplicable ; Inapplicable ; Inapplicable ; Inapplicable ; Inapplicable ; Inapplicable ; Inapplicable ; Pass      ; Inapplicable ; Inapplicable ;
; b[47]              ; Inapplicable ; Inapplicable ; Inapplicable ; Inapplicable ; Inapplicable ; Pass      ; Inapplicable ; Inapplicable ; Pass      ; Pass      ; Inapplicable ; Inapplicable ; Inapplicable ; Inapplicable ; Pass         ; Inapplicable ; Inapplicable ; Pass         ; Inapplicable ; Inapplicable ; Inapplicable ; Inapplicable ; Inapplicable ; Inapplicable ; Inapplicable ; Inapplicable ; Inapplicable ; Pass      ; Inapplicable ; Inapplicable ;
; a[51]              ; Inapplicable ; Inapplicable ; Inapplicable ; Inapplicable ; Inapplicable ; Pass      ; Inapplicable ; Inapplicable ; Pass      ; Pass      ; Inapplicable ; Inapplicable ; Inapplicable ; Inapplicable ; Pass         ; Inapplicable ; Inapplicable ; Pass         ; Inapplicable ; Inapplicable ; Inapplicable ; Inapplicable ; Inapplicable ; Inapplicable ; Inapplicable ; Inapplicable ; Inapplicable ; Pass      ; Inapplicable ; Inapplicable ;
; b[51]              ; Inapplicable ; Inapplicable ; Inapplicable ; Inapplicable ; Inapplicable ; Pass      ; Inapplicable ; Inapplicable ; Pass      ; Pass      ; Inapplicable ; Inapplicable ; Inapplicable ; Inapplicable ; Pass         ; Inapplicable ; Inapplicable ; Pass         ; Inapplicable ; Inapplicable ; Inapplicable ; Inapplicable ; Inapplicable ; Inapplicable ; Inapplicable ; Inapplicable ; Inapplicable ; Pass      ; Inapplicable ; Inapplicable ;
; a[63]              ; Inapplicable ; Inapplicable ; Inapplicable ; Inapplicable ; Inapplicable ; Pass      ; Inapplicable ; Inapplicable ; Pass      ; Pass      ; Inapplicable ; Inapplicable ; Inapplicable ; Inapplicable ; Pass         ; Inapplicable ; Inapplicable ; Pass         ; Inapplicable ; Inapplicable ; Inapplicable ; Inapplicable ; Inapplicable ; Inapplicable ; Inapplicable ; Inapplicable ; Inapplicable ; Pass      ; Inapplicable ; Inapplicable ;
; b[63]              ; Inapplicable ; Inapplicable ; Inapplicable ; Inapplicable ; Inapplicable ; Pass      ; Inapplicable ; Inapplicable ; Pass      ; Pass      ; Inapplicable ; Inapplicable ; Inapplicable ; Inapplicable ; Pass         ; Inapplicable ; Inapplicable ; Pass         ; Inapplicable ; Inapplicable ; Inapplicable ; Inapplicable ; Inapplicable ; Inapplicable ; Inapplicable ; Inapplicable ; Inapplicable ; Pass      ; Inapplicable ; Inapplicable ;
; a[16]              ; Inapplicable ; Inapplicable ; Inapplicable ; Inapplicable ; Inapplicable ; Pass      ; Inapplicable ; Inapplicable ; Pass      ; Pass      ; Inapplicable ; Inapplicable ; Inapplicable ; Inapplicable ; Pass         ; Inapplicable ; Inapplicable ; Pass         ; Inapplicable ; Inapplicable ; Inapplicable ; Inapplicable ; Inapplicable ; Inapplicable ; Inapplicable ; Inapplicable ; Inapplicable ; Pass      ; Inapplicable ; Inapplicable ;
; b[16]              ; Inapplicable ; Inapplicable ; Inapplicable ; Inapplicable ; Inapplicable ; Pass      ; Inapplicable ; Inapplicable ; Pass      ; Pass      ; Inapplicable ; Inapplicable ; Inapplicable ; Inapplicable ; Pass         ; Inapplicable ; Inapplicable ; Pass         ; Inapplicable ; Inapplicable ; Inapplicable ; Inapplicable ; Inapplicable ; Inapplicable ; Inapplicable ; Inapplicable ; Inapplicable ; Pass      ; Inapplicable ; Inapplicable ;
; a[17]              ; Inapplicable ; Inapplicable ; Inapplicable ; Inapplicable ; Inapplicable ; Pass      ; Inapplicable ; Inapplicable ; Pass      ; Pass      ; Inapplicable ; Inapplicable ; Inapplicable ; Inapplicable ; Pass         ; Inapplicable ; Inapplicable ; Pass         ; Inapplicable ; Inapplicable ; Inapplicable ; Inapplicable ; Inapplicable ; Inapplicable ; Inapplicable ; Inapplicable ; Inapplicable ; Pass      ; Inapplicable ; Inapplicable ;
; b[17]              ; Inapplicable ; Inapplicable ; Inapplicable ; Inapplicable ; Inapplicable ; Pass      ; Inapplicable ; Inapplicable ; Pass      ; Pass      ; Inapplicable ; Inapplicable ; Inapplicable ; Inapplicable ; Pass         ; Inapplicable ; Inapplicable ; Pass         ; Inapplicable ; Inapplicable ; Inapplicable ; Inapplicable ; Inapplicable ; Inapplicable ; Inapplicable ; Inapplicable ; Inapplicable ; Pass      ; Inapplicable ; Inapplicable ;
; a[18]              ; Inapplicable ; Inapplicable ; Inapplicable ; Inapplicable ; Inapplicable ; Pass      ; Inapplicable ; Inapplicable ; Pass      ; Pass      ; Inapplicable ; Inapplicable ; Inapplicable ; Inapplicable ; Pass         ; Inapplicable ; Inapplicable ; Pass         ; Inapplicable ; Inapplicable ; Inapplicable ; Inapplicable ; Inapplicable ; Inapplicable ; Inapplicable ; Inapplicable ; Inapplicable ; Pass      ; Inapplicable ; Inapplicable ;
; b[18]              ; Inapplicable ; Inapplicable ; Inapplicable ; Inapplicable ; Inapplicable ; Pass      ; Inapplicable ; Inapplicable ; Pass      ; Pass      ; Inapplicable ; Inapplicable ; Inapplicable ; Inapplicable ; Pass         ; Inapplicable ; Inapplicable ; Pass         ; Inapplicable ; Inapplicable ; Inapplicable ; Inapplicable ; Inapplicable ; Inapplicable ; Inapplicable ; Inapplicable ; Inapplicable ; Pass      ; Inapplicable ; Inapplicable ;
; a[20]              ; Inapplicable ; Inapplicable ; Inapplicable ; Inapplicable ; Inapplicable ; Pass      ; Inapplicable ; Inapplicable ; Pass      ; Pass      ; Inapplicable ; Inapplicable ; Inapplicable ; Inapplicable ; Pass         ; Inapplicable ; Inapplicable ; Pass         ; Inapplicable ; Inapplicable ; Inapplicable ; Inapplicable ; Inapplicable ; Inapplicable ; Inapplicable ; Inapplicable ; Inapplicable ; Pass      ; Inapplicable ; Inapplicable ;
; b[20]              ; Inapplicable ; Inapplicable ; Inapplicable ; Inapplicable ; Inapplicable ; Pass      ; Inapplicable ; Inapplicable ; Pass      ; Pass      ; Inapplicable ; Inapplicable ; Inapplicable ; Inapplicable ; Pass         ; Inapplicable ; Inapplicable ; Pass         ; Inapplicable ; Inapplicable ; Inapplicable ; Inapplicable ; Inapplicable ; Inapplicable ; Inapplicable ; Inapplicable ; Inapplicable ; Pass      ; Inapplicable ; Inapplicable ;
; a[21]              ; Inapplicable ; Inapplicable ; Inapplicable ; Inapplicable ; Inapplicable ; Pass      ; Inapplicable ; Inapplicable ; Pass      ; Pass      ; Inapplicable ; Inapplicable ; Inapplicable ; Inapplicable ; Pass         ; Inapplicable ; Inapplicable ; Pass         ; Inapplicable ; Inapplicable ; Inapplicable ; Inapplicable ; Inapplicable ; Inapplicable ; Inapplicable ; Inapplicable ; Inapplicable ; Pass      ; Inapplicable ; Inapplicable ;
; b[21]              ; Inapplicable ; Inapplicable ; Inapplicable ; Inapplicable ; Inapplicable ; Pass      ; Inapplicable ; Inapplicable ; Pass      ; Pass      ; Inapplicable ; Inapplicable ; Inapplicable ; Inapplicable ; Pass         ; Inapplicable ; Inapplicable ; Pass         ; Inapplicable ; Inapplicable ; Inapplicable ; Inapplicable ; Inapplicable ; Inapplicable ; Inapplicable ; Inapplicable ; Inapplicable ; Pass      ; Inapplicable ; Inapplicable ;
; a[22]              ; Inapplicable ; Inapplicable ; Inapplicable ; Inapplicable ; Inapplicable ; Pass      ; Inapplicable ; Inapplicable ; Pass      ; Pass      ; Inapplicable ; Inapplicable ; Inapplicable ; Inapplicable ; Pass         ; Inapplicable ; Inapplicable ; Pass         ; Inapplicable ; Inapplicable ; Inapplicable ; Inapplicable ; Inapplicable ; Inapplicable ; Inapplicable ; Inapplicable ; Inapplicable ; Pass      ; Inapplicable ; Inapplicable ;
; b[22]              ; Inapplicable ; Inapplicable ; Inapplicable ; Inapplicable ; Inapplicable ; Pass      ; Inapplicable ; Inapplicable ; Pass      ; Pass      ; Inapplicable ; Inapplicable ; Inapplicable ; Inapplicable ; Pass         ; Inapplicable ; Inapplicable ; Pass         ; Inapplicable ; Inapplicable ; Inapplicable ; Inapplicable ; Inapplicable ; Inapplicable ; Inapplicable ; Inapplicable ; Inapplicable ; Pass      ; Inapplicable ; Inapplicable ;
; a[24]              ; Inapplicable ; Inapplicable ; Inapplicable ; Inapplicable ; Inapplicable ; Pass      ; Inapplicable ; Inapplicable ; Pass      ; Pass      ; Inapplicable ; Inapplicable ; Inapplicable ; Inapplicable ; Pass         ; Inapplicable ; Inapplicable ; Pass         ; Inapplicable ; Inapplicable ; Inapplicable ; Inapplicable ; Inapplicable ; Inapplicable ; Inapplicable ; Inapplicable ; Inapplicable ; Pass      ; Inapplicable ; Inapplicable ;
; b[24]              ; Inapplicable ; Inapplicable ; Inapplicable ; Inapplicable ; Inapplicable ; Pass      ; Inapplicable ; Inapplicable ; Pass      ; Pass      ; Inapplicable ; Inapplicable ; Inapplicable ; Inapplicable ; Pass         ; Inapplicable ; Inapplicable ; Pass         ; Inapplicable ; Inapplicable ; Inapplicable ; Inapplicable ; Inapplicable ; Inapplicable ; Inapplicable ; Inapplicable ; Inapplicable ; Pass      ; Inapplicable ; Inapplicable ;
; a[25]              ; Inapplicable ; Inapplicable ; Inapplicable ; Inapplicable ; Inapplicable ; Pass      ; Inapplicable ; Inapplicable ; Pass      ; Pass      ; Inapplicable ; Inapplicable ; Inapplicable ; Inapplicable ; Pass         ; Inapplicable ; Inapplicable ; Pass         ; Inapplicable ; Inapplicable ; Inapplicable ; Inapplicable ; Inapplicable ; Inapplicable ; Inapplicable ; Inapplicable ; Inapplicable ; Pass      ; Inapplicable ; Inapplicable ;
; b[25]              ; Inapplicable ; Inapplicable ; Inapplicable ; Inapplicable ; Inapplicable ; Pass      ; Inapplicable ; Inapplicable ; Pass      ; Pass      ; Inapplicable ; Inapplicable ; Inapplicable ; Inapplicable ; Pass         ; Inapplicable ; Inapplicable ; Pass         ; Inapplicable ; Inapplicable ; Inapplicable ; Inapplicable ; Inapplicable ; Inapplicable ; Inapplicable ; Inapplicable ; Inapplicable ; Pass      ; Inapplicable ; Inapplicable ;
; a[26]              ; Inapplicable ; Inapplicable ; Inapplicable ; Inapplicable ; Inapplicable ; Pass      ; Inapplicable ; Inapplicable ; Pass      ; Pass      ; Inapplicable ; Inapplicable ; Inapplicable ; Inapplicable ; Pass         ; Inapplicable ; Inapplicable ; Pass         ; Inapplicable ; Inapplicable ; Inapplicable ; Inapplicable ; Inapplicable ; Inapplicable ; Inapplicable ; Inapplicable ; Inapplicable ; Pass      ; Inapplicable ; Inapplicable ;
; b[26]              ; Inapplicable ; Inapplicable ; Inapplicable ; Inapplicable ; Inapplicable ; Pass      ; Inapplicable ; Inapplicable ; Pass      ; Pass      ; Inapplicable ; Inapplicable ; Inapplicable ; Inapplicable ; Pass         ; Inapplicable ; Inapplicable ; Pass         ; Inapplicable ; Inapplicable ; Inapplicable ; Inapplicable ; Inapplicable ; Inapplicable ; Inapplicable ; Inapplicable ; Inapplicable ; Pass      ; Inapplicable ; Inapplicable ;
; a[28]              ; Inapplicable ; Inapplicable ; Inapplicable ; Inapplicable ; Inapplicable ; Pass      ; Inapplicable ; Inapplicable ; Pass      ; Pass      ; Inapplicable ; Inapplicable ; Inapplicable ; Inapplicable ; Pass         ; Inapplicable ; Inapplicable ; Pass         ; Inapplicable ; Inapplicable ; Inapplicable ; Inapplicable ; Inapplicable ; Inapplicable ; Inapplicable ; Inapplicable ; Inapplicable ; Pass      ; Inapplicable ; Inapplicable ;
; b[28]              ; Inapplicable ; Inapplicable ; Inapplicable ; Inapplicable ; Inapplicable ; Pass      ; Inapplicable ; Inapplicable ; Pass      ; Pass      ; Inapplicable ; Inapplicable ; Inapplicable ; Inapplicable ; Pass         ; Inapplicable ; Inapplicable ; Pass         ; Inapplicable ; Inapplicable ; Inapplicable ; Inapplicable ; Inapplicable ; Inapplicable ; Inapplicable ; Inapplicable ; Inapplicable ; Pass      ; Inapplicable ; Inapplicable ;
; a[29]              ; Inapplicable ; Inapplicable ; Inapplicable ; Inapplicable ; Inapplicable ; Pass      ; Inapplicable ; Inapplicable ; Pass      ; Pass      ; Inapplicable ; Inapplicable ; Inapplicable ; Inapplicable ; Pass         ; Inapplicable ; Inapplicable ; Pass         ; Inapplicable ; Inapplicable ; Inapplicable ; Inapplicable ; Inapplicable ; Inapplicable ; Inapplicable ; Inapplicable ; Inapplicable ; Pass      ; Inapplicable ; Inapplicable ;
; b[29]              ; Inapplicable ; Inapplicable ; Inapplicable ; Inapplicable ; Inapplicable ; Pass      ; Inapplicable ; Inapplicable ; Pass      ; Pass      ; Inapplicable ; Inapplicable ; Inapplicable ; Inapplicable ; Pass         ; Inapplicable ; Inapplicable ; Pass         ; Inapplicable ; Inapplicable ; Inapplicable ; Inapplicable ; Inapplicable ; Inapplicable ; Inapplicable ; Inapplicable ; Inapplicable ; Pass      ; Inapplicable ; Inapplicable ;
; a[30]              ; Inapplicable ; Inapplicable ; Inapplicable ; Inapplicable ; Inapplicable ; Pass      ; Inapplicable ; Inapplicable ; Pass      ; Pass      ; Inapplicable ; Inapplicable ; Inapplicable ; Inapplicable ; Pass         ; Inapplicable ; Inapplicable ; Pass         ; Inapplicable ; Inapplicable ; Inapplicable ; Inapplicable ; Inapplicable ; Inapplicable ; Inapplicable ; Inapplicable ; Inapplicable ; Pass      ; Inapplicable ; Inapplicable ;
; b[30]              ; Inapplicable ; Inapplicable ; Inapplicable ; Inapplicable ; Inapplicable ; Pass      ; Inapplicable ; Inapplicable ; Pass      ; Pass      ; Inapplicable ; Inapplicable ; Inapplicable ; Inapplicable ; Pass         ; Inapplicable ; Inapplicable ; Pass         ; Inapplicable ; Inapplicable ; Inapplicable ; Inapplicable ; Inapplicable ; Inapplicable ; Inapplicable ; Inapplicable ; Inapplicable ; Pass      ; Inapplicable ; Inapplicable ;
; a[32]              ; Inapplicable ; Inapplicable ; Inapplicable ; Inapplicable ; Inapplicable ; Pass      ; Inapplicable ; Inapplicable ; Pass      ; Pass      ; Inapplicable ; Inapplicable ; Inapplicable ; Inapplicable ; Pass         ; Inapplicable ; Inapplicable ; Pass         ; Inapplicable ; Inapplicable ; Inapplicable ; Inapplicable ; Inapplicable ; Inapplicable ; Inapplicable ; Inapplicable ; Inapplicable ; Pass      ; Inapplicable ; Inapplicable ;
; b[32]              ; Inapplicable ; Inapplicable ; Inapplicable ; Inapplicable ; Inapplicable ; Pass      ; Inapplicable ; Inapplicable ; Pass      ; Pass      ; Inapplicable ; Inapplicable ; Inapplicable ; Inapplicable ; Pass         ; Inapplicable ; Inapplicable ; Pass         ; Inapplicable ; Inapplicable ; Inapplicable ; Inapplicable ; Inapplicable ; Inapplicable ; Inapplicable ; Inapplicable ; Inapplicable ; Pass      ; Inapplicable ; Inapplicable ;
; a[33]              ; Inapplicable ; Inapplicable ; Inapplicable ; Inapplicable ; Inapplicable ; Pass      ; Inapplicable ; Inapplicable ; Pass      ; Pass      ; Inapplicable ; Inapplicable ; Inapplicable ; Inapplicable ; Pass         ; Inapplicable ; Inapplicable ; Pass         ; Inapplicable ; Inapplicable ; Inapplicable ; Inapplicable ; Inapplicable ; Inapplicable ; Inapplicable ; Inapplicable ; Inapplicable ; Pass      ; Inapplicable ; Inapplicable ;
; b[33]              ; Inapplicable ; Inapplicable ; Inapplicable ; Inapplicable ; Inapplicable ; Pass      ; Inapplicable ; Inapplicable ; Pass      ; Pass      ; Inapplicable ; Inapplicable ; Inapplicable ; Inapplicable ; Pass         ; Inapplicable ; Inapplicable ; Pass         ; Inapplicable ; Inapplicable ; Inapplicable ; Inapplicable ; Inapplicable ; Inapplicable ; Inapplicable ; Inapplicable ; Inapplicable ; Pass      ; Inapplicable ; Inapplicable ;
; a[34]              ; Inapplicable ; Inapplicable ; Inapplicable ; Inapplicable ; Inapplicable ; Pass      ; Inapplicable ; Inapplicable ; Pass      ; Pass      ; Inapplicable ; Inapplicable ; Inapplicable ; Inapplicable ; Pass         ; Inapplicable ; Inapplicable ; Pass         ; Inapplicable ; Inapplicable ; Inapplicable ; Inapplicable ; Inapplicable ; Inapplicable ; Inapplicable ; Inapplicable ; Inapplicable ; Pass      ; Inapplicable ; Inapplicable ;
; b[34]              ; Inapplicable ; Inapplicable ; Inapplicable ; Inapplicable ; Inapplicable ; Pass      ; Inapplicable ; Inapplicable ; Pass      ; Pass      ; Inapplicable ; Inapplicable ; Inapplicable ; Inapplicable ; Pass         ; Inapplicable ; Inapplicable ; Pass         ; Inapplicable ; Inapplicable ; Inapplicable ; Inapplicable ; Inapplicable ; Inapplicable ; Inapplicable ; Inapplicable ; Inapplicable ; Pass      ; Inapplicable ; Inapplicable ;
; a[36]              ; Inapplicable ; Inapplicable ; Inapplicable ; Inapplicable ; Inapplicable ; Pass      ; Inapplicable ; Inapplicable ; Pass      ; Pass      ; Inapplicable ; Inapplicable ; Inapplicable ; Inapplicable ; Pass         ; Inapplicable ; Inapplicable ; Pass         ; Inapplicable ; Inapplicable ; Inapplicable ; Inapplicable ; Inapplicable ; Inapplicable ; Inapplicable ; Inapplicable ; Inapplicable ; Pass      ; Inapplicable ; Inapplicable ;
; b[36]              ; Inapplicable ; Inapplicable ; Inapplicable ; Inapplicable ; Inapplicable ; Pass      ; Inapplicable ; Inapplicable ; Pass      ; Pass      ; Inapplicable ; Inapplicable ; Inapplicable ; Inapplicable ; Pass         ; Inapplicable ; Inapplicable ; Pass         ; Inapplicable ; Inapplicable ; Inapplicable ; Inapplicable ; Inapplicable ; Inapplicable ; Inapplicable ; Inapplicable ; Inapplicable ; Pass      ; Inapplicable ; Inapplicable ;
; a[37]              ; Inapplicable ; Inapplicable ; Inapplicable ; Inapplicable ; Inapplicable ; Pass      ; Inapplicable ; Inapplicable ; Pass      ; Pass      ; Inapplicable ; Inapplicable ; Inapplicable ; Inapplicable ; Pass         ; Inapplicable ; Inapplicable ; Pass         ; Inapplicable ; Inapplicable ; Inapplicable ; Inapplicable ; Inapplicable ; Inapplicable ; Inapplicable ; Inapplicable ; Inapplicable ; Pass      ; Inapplicable ; Inapplicable ;
; b[37]              ; Inapplicable ; Inapplicable ; Inapplicable ; Inapplicable ; Inapplicable ; Pass      ; Inapplicable ; Inapplicable ; Pass      ; Pass      ; Inapplicable ; Inapplicable ; Inapplicable ; Inapplicable ; Pass         ; Inapplicable ; Inapplicable ; Pass         ; Inapplicable ; Inapplicable ; Inapplicable ; Inapplicable ; Inapplicable ; Inapplicable ; Inapplicable ; Inapplicable ; Inapplicable ; Pass      ; Inapplicable ; Inapplicable ;
; a[38]              ; Inapplicable ; Inapplicable ; Inapplicable ; Inapplicable ; Inapplicable ; Pass      ; Inapplicable ; Inapplicable ; Pass      ; Pass      ; Inapplicable ; Inapplicable ; Inapplicable ; Inapplicable ; Pass         ; Inapplicable ; Inapplicable ; Pass         ; Inapplicable ; Inapplicable ; Inapplicable ; Inapplicable ; Inapplicable ; Inapplicable ; Inapplicable ; Inapplicable ; Inapplicable ; Pass      ; Inapplicable ; Inapplicable ;
; b[38]              ; Inapplicable ; Inapplicable ; Inapplicable ; Inapplicable ; Inapplicable ; Pass      ; Inapplicable ; Inapplicable ; Pass      ; Pass      ; Inapplicable ; Inapplicable ; Inapplicable ; Inapplicable ; Pass         ; Inapplicable ; Inapplicable ; Pass         ; Inapplicable ; Inapplicable ; Inapplicable ; Inapplicable ; Inapplicable ; Inapplicable ; Inapplicable ; Inapplicable ; Inapplicable ; Pass      ; Inapplicable ; Inapplicable ;
; a[40]              ; Inapplicable ; Inapplicable ; Inapplicable ; Inapplicable ; Inapplicable ; Pass      ; Inapplicable ; Inapplicable ; Pass      ; Pass      ; Inapplicable ; Inapplicable ; Inapplicable ; Inapplicable ; Pass         ; Inapplicable ; Inapplicable ; Pass         ; Inapplicable ; Inapplicable ; Inapplicable ; Inapplicable ; Inapplicable ; Inapplicable ; Inapplicable ; Inapplicable ; Inapplicable ; Pass      ; Inapplicable ; Inapplicable ;
; b[40]              ; Inapplicable ; Inapplicable ; Inapplicable ; Inapplicable ; Inapplicable ; Pass      ; Inapplicable ; Inapplicable ; Pass      ; Pass      ; Inapplicable ; Inapplicable ; Inapplicable ; Inapplicable ; Pass         ; Inapplicable ; Inapplicable ; Pass         ; Inapplicable ; Inapplicable ; Inapplicable ; Inapplicable ; Inapplicable ; Inapplicable ; Inapplicable ; Inapplicable ; Inapplicable ; Pass      ; Inapplicable ; Inapplicable ;
; a[41]              ; Inapplicable ; Inapplicable ; Inapplicable ; Inapplicable ; Inapplicable ; Pass      ; Inapplicable ; Inapplicable ; Pass      ; Pass      ; Inapplicable ; Inapplicable ; Inapplicable ; Inapplicable ; Pass         ; Inapplicable ; Inapplicable ; Pass         ; Inapplicable ; Inapplicable ; Inapplicable ; Inapplicable ; Inapplicable ; Inapplicable ; Inapplicable ; Inapplicable ; Inapplicable ; Pass      ; Inapplicable ; Inapplicable ;
; b[41]              ; Inapplicable ; Inapplicable ; Inapplicable ; Inapplicable ; Inapplicable ; Pass      ; Inapplicable ; Inapplicable ; Pass      ; Pass      ; Inapplicable ; Inapplicable ; Inapplicable ; Inapplicable ; Pass         ; Inapplicable ; Inapplicable ; Pass         ; Inapplicable ; Inapplicable ; Inapplicable ; Inapplicable ; Inapplicable ; Inapplicable ; Inapplicable ; Inapplicable ; Inapplicable ; Pass      ; Inapplicable ; Inapplicable ;
; a[42]              ; Inapplicable ; Inapplicable ; Inapplicable ; Inapplicable ; Inapplicable ; Pass      ; Inapplicable ; Inapplicable ; Pass      ; Pass      ; Inapplicable ; Inapplicable ; Inapplicable ; Inapplicable ; Pass         ; Inapplicable ; Inapplicable ; Pass         ; Inapplicable ; Inapplicable ; Inapplicable ; Inapplicable ; Inapplicable ; Inapplicable ; Inapplicable ; Inapplicable ; Inapplicable ; Pass      ; Inapplicable ; Inapplicable ;
; b[42]              ; Inapplicable ; Inapplicable ; Inapplicable ; Inapplicable ; Inapplicable ; Pass      ; Inapplicable ; Inapplicable ; Pass      ; Pass      ; Inapplicable ; Inapplicable ; Inapplicable ; Inapplicable ; Pass         ; Inapplicable ; Inapplicable ; Pass         ; Inapplicable ; Inapplicable ; Inapplicable ; Inapplicable ; Inapplicable ; Inapplicable ; Inapplicable ; Inapplicable ; Inapplicable ; Pass      ; Inapplicable ; Inapplicable ;
; a[44]              ; Inapplicable ; Inapplicable ; Inapplicable ; Inapplicable ; Inapplicable ; Pass      ; Inapplicable ; Inapplicable ; Pass      ; Pass      ; Inapplicable ; Inapplicable ; Inapplicable ; Inapplicable ; Pass         ; Inapplicable ; Inapplicable ; Pass         ; Inapplicable ; Inapplicable ; Inapplicable ; Inapplicable ; Inapplicable ; Inapplicable ; Inapplicable ; Inapplicable ; Inapplicable ; Pass      ; Inapplicable ; Inapplicable ;
; b[44]              ; Inapplicable ; Inapplicable ; Inapplicable ; Inapplicable ; Inapplicable ; Pass      ; Inapplicable ; Inapplicable ; Pass      ; Pass      ; Inapplicable ; Inapplicable ; Inapplicable ; Inapplicable ; Pass         ; Inapplicable ; Inapplicable ; Pass         ; Inapplicable ; Inapplicable ; Inapplicable ; Inapplicable ; Inapplicable ; Inapplicable ; Inapplicable ; Inapplicable ; Inapplicable ; Pass      ; Inapplicable ; Inapplicable ;
; a[45]              ; Inapplicable ; Inapplicable ; Inapplicable ; Inapplicable ; Inapplicable ; Pass      ; Inapplicable ; Inapplicable ; Pass      ; Pass      ; Inapplicable ; Inapplicable ; Inapplicable ; Inapplicable ; Pass         ; Inapplicable ; Inapplicable ; Pass         ; Inapplicable ; Inapplicable ; Inapplicable ; Inapplicable ; Inapplicable ; Inapplicable ; Inapplicable ; Inapplicable ; Inapplicable ; Pass      ; Inapplicable ; Inapplicable ;
; b[45]              ; Inapplicable ; Inapplicable ; Inapplicable ; Inapplicable ; Inapplicable ; Pass      ; Inapplicable ; Inapplicable ; Pass      ; Pass      ; Inapplicable ; Inapplicable ; Inapplicable ; Inapplicable ; Pass         ; Inapplicable ; Inapplicable ; Pass         ; Inapplicable ; Inapplicable ; Inapplicable ; Inapplicable ; Inapplicable ; Inapplicable ; Inapplicable ; Inapplicable ; Inapplicable ; Pass      ; Inapplicable ; Inapplicable ;
; a[46]              ; Inapplicable ; Inapplicable ; Inapplicable ; Inapplicable ; Inapplicable ; Pass      ; Inapplicable ; Inapplicable ; Pass      ; Pass      ; Inapplicable ; Inapplicable ; Inapplicable ; Inapplicable ; Pass         ; Inapplicable ; Inapplicable ; Pass         ; Inapplicable ; Inapplicable ; Inapplicable ; Inapplicable ; Inapplicable ; Inapplicable ; Inapplicable ; Inapplicable ; Inapplicable ; Pass      ; Inapplicable ; Inapplicable ;
; b[46]              ; Inapplicable ; Inapplicable ; Inapplicable ; Inapplicable ; Inapplicable ; Pass      ; Inapplicable ; Inapplicable ; Pass      ; Pass      ; Inapplicable ; Inapplicable ; Inapplicable ; Inapplicable ; Pass         ; Inapplicable ; Inapplicable ; Pass         ; Inapplicable ; Inapplicable ; Inapplicable ; Inapplicable ; Inapplicable ; Inapplicable ; Inapplicable ; Inapplicable ; Inapplicable ; Pass      ; Inapplicable ; Inapplicable ;
; a[48]              ; Inapplicable ; Inapplicable ; Inapplicable ; Inapplicable ; Inapplicable ; Pass      ; Inapplicable ; Inapplicable ; Pass      ; Pass      ; Inapplicable ; Inapplicable ; Inapplicable ; Inapplicable ; Pass         ; Inapplicable ; Inapplicable ; Pass         ; Inapplicable ; Inapplicable ; Inapplicable ; Inapplicable ; Inapplicable ; Inapplicable ; Inapplicable ; Inapplicable ; Inapplicable ; Pass      ; Inapplicable ; Inapplicable ;
; b[48]              ; Inapplicable ; Inapplicable ; Inapplicable ; Inapplicable ; Inapplicable ; Pass      ; Inapplicable ; Inapplicable ; Pass      ; Pass      ; Inapplicable ; Inapplicable ; Inapplicable ; Inapplicable ; Pass         ; Inapplicable ; Inapplicable ; Pass         ; Inapplicable ; Inapplicable ; Inapplicable ; Inapplicable ; Inapplicable ; Inapplicable ; Inapplicable ; Inapplicable ; Inapplicable ; Pass      ; Inapplicable ; Inapplicable ;
; a[49]              ; Inapplicable ; Inapplicable ; Inapplicable ; Inapplicable ; Inapplicable ; Pass      ; Inapplicable ; Inapplicable ; Pass      ; Pass      ; Inapplicable ; Inapplicable ; Inapplicable ; Inapplicable ; Pass         ; Inapplicable ; Inapplicable ; Pass         ; Inapplicable ; Inapplicable ; Inapplicable ; Inapplicable ; Inapplicable ; Inapplicable ; Inapplicable ; Inapplicable ; Inapplicable ; Pass      ; Inapplicable ; Inapplicable ;
; b[49]              ; Inapplicable ; Inapplicable ; Inapplicable ; Inapplicable ; Inapplicable ; Pass      ; Inapplicable ; Inapplicable ; Pass      ; Pass      ; Inapplicable ; Inapplicable ; Inapplicable ; Inapplicable ; Pass         ; Inapplicable ; Inapplicable ; Pass         ; Inapplicable ; Inapplicable ; Inapplicable ; Inapplicable ; Inapplicable ; Inapplicable ; Inapplicable ; Inapplicable ; Inapplicable ; Pass      ; Inapplicable ; Inapplicable ;
; a[50]              ; Inapplicable ; Inapplicable ; Inapplicable ; Inapplicable ; Inapplicable ; Pass      ; Inapplicable ; Inapplicable ; Pass      ; Pass      ; Inapplicable ; Inapplicable ; Inapplicable ; Inapplicable ; Pass         ; Inapplicable ; Inapplicable ; Pass         ; Inapplicable ; Inapplicable ; Inapplicable ; Inapplicable ; Inapplicable ; Inapplicable ; Inapplicable ; Inapplicable ; Inapplicable ; Pass      ; Inapplicable ; Inapplicable ;
; b[50]              ; Inapplicable ; Inapplicable ; Inapplicable ; Inapplicable ; Inapplicable ; Pass      ; Inapplicable ; Inapplicable ; Pass      ; Pass      ; Inapplicable ; Inapplicable ; Inapplicable ; Inapplicable ; Pass         ; Inapplicable ; Inapplicable ; Pass         ; Inapplicable ; Inapplicable ; Inapplicable ; Inapplicable ; Inapplicable ; Inapplicable ; Inapplicable ; Inapplicable ; Inapplicable ; Pass      ; Inapplicable ; Inapplicable ;
; a[52]              ; Inapplicable ; Inapplicable ; Inapplicable ; Inapplicable ; Inapplicable ; Pass      ; Inapplicable ; Inapplicable ; Pass      ; Pass      ; Inapplicable ; Inapplicable ; Inapplicable ; Inapplicable ; Pass         ; Inapplicable ; Inapplicable ; Pass         ; Inapplicable ; Inapplicable ; Inapplicable ; Inapplicable ; Inapplicable ; Inapplicable ; Inapplicable ; Inapplicable ; Inapplicable ; Pass      ; Inapplicable ; Inapplicable ;
; b[52]              ; Inapplicable ; Inapplicable ; Inapplicable ; Inapplicable ; Inapplicable ; Pass      ; Inapplicable ; Inapplicable ; Pass      ; Pass      ; Inapplicable ; Inapplicable ; Inapplicable ; Inapplicable ; Pass         ; Inapplicable ; Inapplicable ; Pass         ; Inapplicable ; Inapplicable ; Inapplicable ; Inapplicable ; Inapplicable ; Inapplicable ; Inapplicable ; Inapplicable ; Inapplicable ; Pass      ; Inapplicable ; Inapplicable ;
; a[53]              ; Inapplicable ; Inapplicable ; Inapplicable ; Inapplicable ; Inapplicable ; Pass      ; Inapplicable ; Inapplicable ; Pass      ; Pass      ; Inapplicable ; Inapplicable ; Inapplicable ; Inapplicable ; Pass         ; Inapplicable ; Inapplicable ; Pass         ; Inapplicable ; Inapplicable ; Inapplicable ; Inapplicable ; Inapplicable ; Inapplicable ; Inapplicable ; Inapplicable ; Inapplicable ; Pass      ; Inapplicable ; Inapplicable ;
; b[53]              ; Inapplicable ; Inapplicable ; Inapplicable ; Inapplicable ; Inapplicable ; Pass      ; Inapplicable ; Inapplicable ; Pass      ; Pass      ; Inapplicable ; Inapplicable ; Inapplicable ; Inapplicable ; Pass         ; Inapplicable ; Inapplicable ; Pass         ; Inapplicable ; Inapplicable ; Inapplicable ; Inapplicable ; Inapplicable ; Inapplicable ; Inapplicable ; Inapplicable ; Inapplicable ; Pass      ; Inapplicable ; Inapplicable ;
; a[54]              ; Inapplicable ; Inapplicable ; Inapplicable ; Inapplicable ; Inapplicable ; Pass      ; Inapplicable ; Inapplicable ; Pass      ; Pass      ; Inapplicable ; Inapplicable ; Inapplicable ; Inapplicable ; Pass         ; Inapplicable ; Inapplicable ; Pass         ; Inapplicable ; Inapplicable ; Inapplicable ; Inapplicable ; Inapplicable ; Inapplicable ; Inapplicable ; Inapplicable ; Inapplicable ; Pass      ; Inapplicable ; Inapplicable ;
; b[54]              ; Inapplicable ; Inapplicable ; Inapplicable ; Inapplicable ; Inapplicable ; Pass      ; Inapplicable ; Inapplicable ; Pass      ; Pass      ; Inapplicable ; Inapplicable ; Inapplicable ; Inapplicable ; Pass         ; Inapplicable ; Inapplicable ; Pass         ; Inapplicable ; Inapplicable ; Inapplicable ; Inapplicable ; Inapplicable ; Inapplicable ; Inapplicable ; Inapplicable ; Inapplicable ; Pass      ; Inapplicable ; Inapplicable ;
; a[56]              ; Inapplicable ; Inapplicable ; Inapplicable ; Inapplicable ; Inapplicable ; Pass      ; Inapplicable ; Inapplicable ; Pass      ; Pass      ; Inapplicable ; Inapplicable ; Inapplicable ; Inapplicable ; Pass         ; Inapplicable ; Inapplicable ; Pass         ; Inapplicable ; Inapplicable ; Inapplicable ; Inapplicable ; Inapplicable ; Inapplicable ; Inapplicable ; Inapplicable ; Inapplicable ; Pass      ; Inapplicable ; Inapplicable ;
; b[56]              ; Inapplicable ; Inapplicable ; Inapplicable ; Inapplicable ; Inapplicable ; Pass      ; Inapplicable ; Inapplicable ; Pass      ; Pass      ; Inapplicable ; Inapplicable ; Inapplicable ; Inapplicable ; Pass         ; Inapplicable ; Inapplicable ; Pass         ; Inapplicable ; Inapplicable ; Inapplicable ; Inapplicable ; Inapplicable ; Inapplicable ; Inapplicable ; Inapplicable ; Inapplicable ; Pass      ; Inapplicable ; Inapplicable ;
; a[57]              ; Inapplicable ; Inapplicable ; Inapplicable ; Inapplicable ; Inapplicable ; Pass      ; Inapplicable ; Inapplicable ; Pass      ; Pass      ; Inapplicable ; Inapplicable ; Inapplicable ; Inapplicable ; Pass         ; Inapplicable ; Inapplicable ; Pass         ; Inapplicable ; Inapplicable ; Inapplicable ; Inapplicable ; Inapplicable ; Inapplicable ; Inapplicable ; Inapplicable ; Inapplicable ; Pass      ; Inapplicable ; Inapplicable ;
; b[57]              ; Inapplicable ; Inapplicable ; Inapplicable ; Inapplicable ; Inapplicable ; Pass      ; Inapplicable ; Inapplicable ; Pass      ; Pass      ; Inapplicable ; Inapplicable ; Inapplicable ; Inapplicable ; Pass         ; Inapplicable ; Inapplicable ; Pass         ; Inapplicable ; Inapplicable ; Inapplicable ; Inapplicable ; Inapplicable ; Inapplicable ; Inapplicable ; Inapplicable ; Inapplicable ; Pass      ; Inapplicable ; Inapplicable ;
; a[58]              ; Inapplicable ; Inapplicable ; Inapplicable ; Inapplicable ; Inapplicable ; Pass      ; Inapplicable ; Inapplicable ; Pass      ; Pass      ; Inapplicable ; Inapplicable ; Inapplicable ; Inapplicable ; Pass         ; Inapplicable ; Inapplicable ; Pass         ; Inapplicable ; Inapplicable ; Inapplicable ; Inapplicable ; Inapplicable ; Inapplicable ; Inapplicable ; Inapplicable ; Inapplicable ; Pass      ; Inapplicable ; Inapplicable ;
; b[58]              ; Inapplicable ; Inapplicable ; Inapplicable ; Inapplicable ; Inapplicable ; Pass      ; Inapplicable ; Inapplicable ; Pass      ; Pass      ; Inapplicable ; Inapplicable ; Inapplicable ; Inapplicable ; Pass         ; Inapplicable ; Inapplicable ; Pass         ; Inapplicable ; Inapplicable ; Inapplicable ; Inapplicable ; Inapplicable ; Inapplicable ; Inapplicable ; Inapplicable ; Inapplicable ; Pass      ; Inapplicable ; Inapplicable ;
; a[60]              ; Inapplicable ; Inapplicable ; Inapplicable ; Inapplicable ; Inapplicable ; Pass      ; Inapplicable ; Inapplicable ; Pass      ; Pass      ; Inapplicable ; Inapplicable ; Inapplicable ; Inapplicable ; Pass         ; Inapplicable ; Inapplicable ; Pass         ; Inapplicable ; Inapplicable ; Inapplicable ; Inapplicable ; Inapplicable ; Inapplicable ; Inapplicable ; Inapplicable ; Inapplicable ; Pass      ; Inapplicable ; Inapplicable ;
; b[60]              ; Inapplicable ; Inapplicable ; Inapplicable ; Inapplicable ; Inapplicable ; Pass      ; Inapplicable ; Inapplicable ; Pass      ; Pass      ; Inapplicable ; Inapplicable ; Inapplicable ; Inapplicable ; Pass         ; Inapplicable ; Inapplicable ; Pass         ; Inapplicable ; Inapplicable ; Inapplicable ; Inapplicable ; Inapplicable ; Inapplicable ; Inapplicable ; Inapplicable ; Inapplicable ; Pass      ; Inapplicable ; Inapplicable ;
; a[61]              ; Inapplicable ; Inapplicable ; Inapplicable ; Inapplicable ; Inapplicable ; Pass      ; Inapplicable ; Inapplicable ; Pass      ; Pass      ; Inapplicable ; Inapplicable ; Inapplicable ; Inapplicable ; Pass         ; Inapplicable ; Inapplicable ; Pass         ; Inapplicable ; Inapplicable ; Inapplicable ; Inapplicable ; Inapplicable ; Inapplicable ; Inapplicable ; Inapplicable ; Inapplicable ; Pass      ; Inapplicable ; Inapplicable ;
; b[61]              ; Inapplicable ; Inapplicable ; Inapplicable ; Inapplicable ; Inapplicable ; Pass      ; Inapplicable ; Inapplicable ; Pass      ; Pass      ; Inapplicable ; Inapplicable ; Inapplicable ; Inapplicable ; Pass         ; Inapplicable ; Inapplicable ; Pass         ; Inapplicable ; Inapplicable ; Inapplicable ; Inapplicable ; Inapplicable ; Inapplicable ; Inapplicable ; Inapplicable ; Inapplicable ; Pass      ; Inapplicable ; Inapplicable ;
; a[62]              ; Inapplicable ; Inapplicable ; Inapplicable ; Inapplicable ; Inapplicable ; Pass      ; Inapplicable ; Inapplicable ; Pass      ; Pass      ; Inapplicable ; Inapplicable ; Inapplicable ; Inapplicable ; Pass         ; Inapplicable ; Inapplicable ; Pass         ; Inapplicable ; Inapplicable ; Inapplicable ; Inapplicable ; Inapplicable ; Inapplicable ; Inapplicable ; Inapplicable ; Inapplicable ; Pass      ; Inapplicable ; Inapplicable ;
; b[62]              ; Inapplicable ; Inapplicable ; Inapplicable ; Inapplicable ; Inapplicable ; Pass      ; Inapplicable ; Inapplicable ; Pass      ; Pass      ; Inapplicable ; Inapplicable ; Inapplicable ; Inapplicable ; Pass         ; Inapplicable ; Inapplicable ; Pass         ; Inapplicable ; Inapplicable ; Inapplicable ; Inapplicable ; Inapplicable ; Inapplicable ; Inapplicable ; Inapplicable ; Inapplicable ; Pass      ; Inapplicable ; Inapplicable ;
+--------------------+--------------+--------------+--------------+--------------+--------------+-----------+--------------+--------------+-----------+-----------+--------------+--------------+--------------+--------------+--------------+--------------+--------------+--------------+--------------+--------------+--------------+--------------+--------------+--------------+--------------+--------------+--------------+-----------+--------------+--------------+


+---------------------------------------------------------------------------------------------+
; Fitter Device Options                                                                       ;
+------------------------------------------------------------------+--------------------------+
; Option                                                           ; Setting                  ;
+------------------------------------------------------------------+--------------------------+
; Enable user-supplied start-up clock (CLKUSR)                     ; Off                      ;
; Enable device-wide reset (DEV_CLRn)                              ; Off                      ;
; Enable device-wide output enable (DEV_OE)                        ; Off                      ;
; Enable INIT_DONE output                                          ; Off                      ;
; Configuration scheme                                             ; Active Serial            ;
; Error detection CRC                                              ; Off                      ;
; Enable open drain on CRC_ERROR pin                               ; Off                      ;
; Enable input tri-state on active configuration pins in user mode ; Off                      ;
; Configuration Voltage Level                                      ; Auto                     ;
; Force Configuration Voltage Level                                ; Off                      ;
; nCEO                                                             ; As output driving ground ;
; Data[0]                                                          ; As input tri-stated      ;
; Data[1]/ASDO                                                     ; As input tri-stated      ;
; Data[7..2]                                                       ; Unreserved               ;
; FLASH_nCE/nCSO                                                   ; As input tri-stated      ;
; Other Active Parallel pins                                       ; Unreserved               ;
; DCLK                                                             ; As output driving ground ;
+------------------------------------------------------------------+--------------------------+


+------------------------------------+
; Operating Settings and Conditions  ;
+---------------------------+--------+
; Setting                   ; Value  ;
+---------------------------+--------+
; Nominal Core Voltage      ; 1.20 V ;
; Low Junction Temperature  ; 0 °C   ;
; High Junction Temperature ; 85 °C  ;
+---------------------------+--------+


+-----------------+
; Fitter Messages ;
+-----------------+
Info (11104): Parallel Compilation has detected 16 hyper-threaded processors. However, the extra hyper-threaded processors will not be used by default. Parallel Compilation will use 8 of the 8 physical processors detected instead.
Info (119004): Automatically selected device EP4CE15F23C6 for design ALU_64bit
Info (119005): Fitting design with smaller device may be possible, but smaller device must be specified
Info (21076): High junction temperature operating condition is not set. Assuming a default value of '85'.
Info (21076): Low junction temperature operating condition is not set. Assuming a default value of '0'.
Info (171003): Fitter is performing an Auto Fit compilation, which may decrease Fitter effort to reduce compilation time
Info (176444): Device migration not selected. If you intend to use device migration later, you may need to change the pin assignments as they may be incompatible with other devices
    Info (176445): Device EP4CE40F23C6 is compatible
    Info (176445): Device EP4CE30F23C6 is compatible
    Info (176445): Device EP4CE55F23C6 is compatible
    Info (176445): Device EP4CE75F23C6 is compatible
Info (169124): Fitter converted 5 user pins into dedicated programming pins
    Info (169125): Pin ~ALTERA_ASDO_DATA1~ is reserved at location D1
    Info (169125): Pin ~ALTERA_FLASH_nCE_nCSO~ is reserved at location E2
    Info (169125): Pin ~ALTERA_DCLK~ is reserved at location K2
    Info (169125): Pin ~ALTERA_DATA0~ is reserved at location K1
    Info (169125): Pin ~ALTERA_nCEO~ is reserved at location K22
Warning (15714): Some pins have incomplete I/O assignments. Refer to the I/O Assignment Warnings report for details
Critical Warning (169085): No exact pin location assignment(s) for 198 pins of 198 total pins. For the list of pins please refer to the I/O Assignment Warnings table in the fitter report.
Critical Warning (332012): Synopsys Design Constraints File file not found: 'ALU_64bit.sdc'. A Synopsys Design Constraints File is required by the TimeQuest Timing Analyzer to get proper timing constraints. Without it, the Compiler will not properly optimize the design.
Info (332144): No user constrained base clocks found in the design
Info (332096): The command derive_clocks did not find any clocks to derive.  No clocks were created or changed.
Warning (332068): No clocks defined in design.
Info (332143): No user constrained clock uncertainty found in the design. Calling "derive_clock_uncertainty"
Info (332154): The derive_clock_uncertainty command did not apply clock uncertainty to any clock-to-clock transfers.
Info (332130): Timing requirements not specified -- quality metrics such as performance may be sacrificed to reduce compilation time.
Info (176233): Starting register packing
Info (176235): Finished register packing
    Extra Info (176219): No registers were packed into other blocks
Info (176214): Statistics of I/O pins that need to be placed that use the same VCCIO and VREF, before I/O pin placement
    Info (176211): Number of I/O pins in group: 198 (unused VREF, 2.5V VCCIO, 134 input, 64 output, 0 bidirectional)
        Info (176212): I/O standards used: 2.5 V.
Info (176215): I/O bank details before I/O pin placement
    Info (176214): Statistics of I/O banks
        Info (176213): I/O bank number 1 does not use VREF pins and has undetermined VCCIO pins. 4 total pin(s) used --  28 pins available
        Info (176213): I/O bank number 2 does not use VREF pins and has undetermined VCCIO pins. 0 total pin(s) used --  47 pins available
        Info (176213): I/O bank number 3 does not use VREF pins and has undetermined VCCIO pins. 0 total pin(s) used --  46 pins available
        Info (176213): I/O bank number 4 does not use VREF pins and has undetermined VCCIO pins. 0 total pin(s) used --  41 pins available
        Info (176213): I/O bank number 5 does not use VREF pins and has undetermined VCCIO pins. 0 total pin(s) used --  45 pins available
        Info (176213): I/O bank number 6 does not use VREF pins and has undetermined VCCIO pins. 1 total pin(s) used --  42 pins available
        Info (176213): I/O bank number 7 does not use VREF pins and has undetermined VCCIO pins. 0 total pin(s) used --  47 pins available
        Info (176213): I/O bank number 8 does not use VREF pins and has undetermined VCCIO pins. 0 total pin(s) used --  43 pins available
Info (171121): Fitter preparation operations ending: elapsed time is 00:00:01
Info (14896): Fitter has disabled Advanced Physical Optimization because it is not supported for the current family.
Info (170189): Fitter placement preparation operations beginning
Info (170190): Fitter placement preparation operations ending: elapsed time is 00:00:00
Info (170191): Fitter placement operations beginning
Info (170137): Fitter placement was successful
Info (170192): Fitter placement operations ending: elapsed time is 00:00:01
Info (170193): Fitter routing operations beginning
Info (170195): Router estimated average interconnect usage is 1% of the available device resources
    Info (170196): Router estimated peak interconnect usage is 2% of the available device resources in the region that extends from location X31_Y0 to location X41_Y9
Info (170194): Fitter routing operations ending: elapsed time is 00:00:00
Info (170199): The Fitter performed an Auto Fit compilation.  Optimizations were skipped to reduce compilation time.
    Info (170201): Optimizations that may affect the design's routability were skipped
    Info (170200): Optimizations that may affect the design's timing were skipped
Info (11888): Total time spent on timing analysis during the Fitter is 0.07 seconds.
Info (334003): Started post-fitting delay annotation
Info (334004): Delay annotation completed successfully
Info (334003): Started post-fitting delay annotation
Info (334004): Delay annotation completed successfully
Info (11218): Fitter post-fit operations ending: elapsed time is 00:00:01
Info (144001): Generated suppressed messages file E:/quartus/work1/ALU_64bit/output_files/ALU_64bit.fit.smsg
Info: Quartus II 64-Bit Fitter was successful. 0 errors, 4 warnings
    Info: Peak virtual memory: 5944 megabytes
    Info: Processing ended: Tue Nov 07 18:29:55 2023
    Info: Elapsed time: 00:00:06
    Info: Total CPU time (on all processors): 00:00:07


+----------------------------+
; Fitter Suppressed Messages ;
+----------------------------+
The suppressed messages can be found in E:/quartus/work1/ALU_64bit/output_files/ALU_64bit.fit.smsg.


