TimeQuest Timing Analyzer report for ALU_64bit
Tue Nov 07 18:29:59 2023
Quartus II 64-Bit Version 15.0.0 Build 145 04/22/2015 SJ Full Version


---------------------
; Table of Contents ;
---------------------
  1. Legal Notice
  2. TimeQuest Timing Analyzer Summary
  3. Parallel Compilation
  4. Clocks
  5. Slow 1200mV 85C Model Fmax Summary
  6. Timing Closure Recommendations
  7. Slow 1200mV 85C Model Setup Summary
  8. Slow 1200mV 85C Model Hold Summary
  9. Slow 1200mV 85C Model Recovery Summary
 10. Slow 1200mV 85C Model Removal Summary
 11. Slow 1200mV 85C Model Minimum Pulse Width Summary
 12. Propagation Delay
 13. Minimum Propagation Delay
 14. Slow 1200mV 85C Model Metastability Summary
 15. Slow 1200mV 0C Model Fmax Summary
 16. Slow 1200mV 0C Model Setup Summary
 17. Slow 1200mV 0C Model Hold Summary
 18. Slow 1200mV 0C Model Recovery Summary
 19. Slow 1200mV 0C Model Removal Summary
 20. Slow 1200mV 0C Model Minimum Pulse Width Summary
 21. Propagation Delay
 22. Minimum Propagation Delay
 23. Slow 1200mV 0C Model Metastability Summary
 24. Fast 1200mV 0C Model Setup Summary
 25. Fast 1200mV 0C Model Hold Summary
 26. Fast 1200mV 0C Model Recovery Summary
 27. Fast 1200mV 0C Model Removal Summary
 28. Fast 1200mV 0C Model Minimum Pulse Width Summary
 29. Propagation Delay
 30. Minimum Propagation Delay
 31. Fast 1200mV 0C Model Metastability Summary
 32. Multicorner Timing Analysis Summary
 33. Propagation Delay
 34. Minimum Propagation Delay
 35. Board Trace Model Assignments
 36. Input Transition Times
 37. Signal Integrity Metrics (Slow 1200mv 0c Model)
 38. Signal Integrity Metrics (Slow 1200mv 85c Model)
 39. Signal Integrity Metrics (Fast 1200mv 0c Model)
 40. Clock Transfers
 41. Report TCCS
 42. Report RSKM
 43. Unconstrained Paths
 44. TimeQuest Timing Analyzer Messages



----------------
; Legal Notice ;
----------------
Copyright (C) 1991-2015 Altera Corporation. All rights reserved.
Your use of Altera Corporation's design tools, logic functions 
and other software and tools, and its AMPP partner logic 
functions, and any output files from any of the foregoing 
(including device programming or simulation files), and any 
associated documentation or information are expressly subject 
to the terms and conditions of the Altera Program License 
Subscription Agreement, the Altera Quartus II License Agreement,
the Altera MegaCore Function License Agreement, or other 
applicable license agreement, including, without limitation, 
that your use is for the sole purpose of programming logic 
devices manufactured by Altera and sold by Altera or its 
authorized distributors.  Please refer to the applicable 
agreement for further details.



+--------------------------------------------------------------------------+
; TimeQuest Timing Analyzer Summary                                        ;
+--------------------+-----------------------------------------------------+
; Quartus II Version ; Version 15.0.0 Build 145 04/22/2015 SJ Full Version ;
; Revision Name      ; ALU_64bit                                           ;
; Device Family      ; Cyclone IV E                                        ;
; Device Name        ; EP4CE15F23C6                                        ;
; Timing Models      ; Final                                               ;
; Delay Model        ; Combined                                            ;
; Rise/Fall Delays   ; Enabled                                             ;
+--------------------+-----------------------------------------------------+


+------------------------------------------+
; Parallel Compilation                     ;
+----------------------------+-------------+
; Processors                 ; Number      ;
+----------------------------+-------------+
; Number detected on machine ; 16          ;
; Maximum allowed            ; 8           ;
;                            ;             ;
; Average used               ; 1.00        ;
; Maximum used               ; 8           ;
;                            ;             ;
; Usage by Processor         ; % Time Used ;
;     Processor 1            ; 100.0%      ;
;     Processors 2-8         ; < 0.1%      ;
;     Processors 9-16        ;   0.0%      ;
+----------------------------+-------------+


----------
; Clocks ;
----------
No clocks to report.


--------------------------------------
; Slow 1200mV 85C Model Fmax Summary ;
--------------------------------------
No paths to report.


----------------------------------
; Timing Closure Recommendations ;
----------------------------------
HTML report is unavailable in plain text report export.


---------------------------------------
; Slow 1200mV 85C Model Setup Summary ;
---------------------------------------
No paths to report.


--------------------------------------
; Slow 1200mV 85C Model Hold Summary ;
--------------------------------------
No paths to report.


------------------------------------------
; Slow 1200mV 85C Model Recovery Summary ;
------------------------------------------
No paths to report.


-----------------------------------------
; Slow 1200mV 85C Model Removal Summary ;
-----------------------------------------
No paths to report.


-----------------------------------------------------
; Slow 1200mV 85C Model Minimum Pulse Width Summary ;
-----------------------------------------------------
No paths to report.


+--------------------------------------------------------------+
; Propagation Delay                                            ;
+------------+-------------+--------+--------+--------+--------+
; Input Port ; Output Port ; RR     ; RF     ; FR     ; FF     ;
+------------+-------------+--------+--------+--------+--------+
; M          ; f[0]        ; 8.855  ; 8.806  ; 9.472  ; 9.379  ;
; M          ; f[1]        ; 9.069  ; 9.159  ; 9.650  ; 9.731  ;
; M          ; f[2]        ; 9.619  ; 9.684  ; 10.168 ; 10.230 ;
; M          ; f[3]        ; 9.866  ; 9.815  ; 10.482 ; 10.417 ;
; M          ; f[4]        ; 8.743  ; 8.767  ; 9.261  ; 9.286  ;
; M          ; f[5]        ; 9.194  ; 9.275  ; 9.665  ; 9.765  ;
; M          ; f[6]        ; 9.477  ; 9.528  ; 9.921  ; 9.963  ;
; M          ; f[7]        ; 10.824 ; 10.823 ; 11.277 ; 11.273 ;
; M          ; f[8]        ; 10.953 ; 11.028 ; 11.353 ; 11.460 ;
; M          ; f[9]        ; 11.265 ; 11.329 ; 11.592 ; 11.688 ;
; M          ; f[10]       ; 11.255 ; 11.338 ; 11.627 ; 11.696 ;
; M          ; f[11]       ; 14.667 ; 14.641 ; 15.145 ; 15.062 ;
; M          ; f[12]       ; 9.383  ; 9.388  ; 9.888  ; 9.925  ;
; M          ; f[13]       ; 10.148 ; 10.161 ; 10.667 ; 10.671 ;
; M          ; f[14]       ; 10.738 ; 10.680 ; 11.241 ; 11.174 ;
; M          ; f[15]       ; 11.406 ; 11.415 ; 11.949 ; 11.901 ;
; M          ; f[16]       ; 9.546  ; 9.603  ; 10.148 ; 10.148 ;
; M          ; f[17]       ; 9.123  ; 9.165  ; 9.726  ; 9.736  ;
; M          ; f[18]       ; 10.092 ; 10.161 ; 10.618 ; 10.643 ;
; M          ; f[19]       ; 12.243 ; 12.314 ; 12.914 ; 12.990 ;
; M          ; f[20]       ; 8.598  ; 8.589  ; 9.097  ; 9.176  ;
; M          ; f[21]       ; 8.793  ; 8.845  ; 9.282  ; 9.366  ;
; M          ; f[22]       ; 9.803  ; 9.891  ; 10.308 ; 10.382 ;
; M          ; f[23]       ; 11.259 ; 11.245 ; 11.820 ; 11.749 ;
; M          ; f[24]       ; 11.589 ; 11.687 ; 12.002 ; 12.091 ;
; M          ; f[25]       ; 12.031 ; 12.092 ; 12.407 ; 12.500 ;
; M          ; f[26]       ; 13.406 ; 13.346 ; 13.782 ; 13.754 ;
; M          ; f[27]       ; 15.241 ; 15.162 ; 15.726 ; 15.679 ;
; M          ; f[28]       ; 9.195  ; 9.284  ; 9.756  ; 9.788  ;
; M          ; f[29]       ; 9.694  ; 9.759  ; 10.179 ; 10.235 ;
; M          ; f[30]       ; 11.146 ; 11.105 ; 11.663 ; 11.613 ;
; M          ; f[31]       ; 10.214 ; 10.169 ; 10.736 ; 10.682 ;
; M          ; f[32]       ; 10.260 ; 10.274 ; 10.847 ; 10.893 ;
; M          ; f[33]       ; 8.519  ; 8.521  ; 9.120  ; 9.131  ;
; M          ; f[34]       ; 10.572 ; 10.594 ; 11.120 ; 11.128 ;
; M          ; f[35]       ; 11.217 ; 11.277 ; 11.727 ; 11.730 ;
; M          ; f[36]       ; 7.968  ; 8.011  ; 8.524  ; 8.579  ;
; M          ; f[37]       ; 8.517  ; 8.532  ; 9.029  ; 9.078  ;
; M          ; f[38]       ; 9.294  ; 9.358  ; 9.783  ; 9.803  ;
; M          ; f[39]       ; 10.564 ; 10.530 ; 11.079 ; 11.001 ;
; M          ; f[40]       ; 9.805  ; 9.860  ; 10.281 ; 10.368 ;
; M          ; f[41]       ; 10.296 ; 10.308 ; 10.743 ; 10.787 ;
; M          ; f[42]       ; 10.406 ; 10.433 ; 10.861 ; 10.874 ;
; M          ; f[43]       ; 10.733 ; 10.717 ; 11.247 ; 11.187 ;
; M          ; f[44]       ; 9.978  ; 10.040 ; 10.353 ; 10.447 ;
; M          ; f[45]       ; 10.590 ; 10.693 ; 10.961 ; 11.020 ;
; M          ; f[46]       ; 10.480 ; 10.544 ; 10.822 ; 10.918 ;
; M          ; f[47]       ; 11.276 ; 11.207 ; 11.701 ; 11.588 ;
; M          ; f[48]       ; 10.457 ; 10.528 ; 10.820 ; 10.923 ;
; M          ; f[49]       ; 8.520  ; 8.580  ; 9.078  ; 9.196  ;
; M          ; f[50]       ; 10.765 ; 10.878 ; 11.119 ; 11.223 ;
; M          ; f[51]       ; 11.793 ; 11.870 ; 12.055 ; 12.118 ;
; M          ; f[52]       ; 8.047  ; 8.148  ; 8.603  ; 8.713  ;
; M          ; f[53]       ; 8.968  ; 9.076  ; 9.525  ; 9.576  ;
; M          ; f[54]       ; 9.539  ; 9.549  ; 10.005 ; 10.047 ;
; M          ; f[55]       ; 10.234 ; 10.198 ; 10.725 ; 10.721 ;
; M          ; f[56]       ; 9.454  ; 9.539  ; 9.987  ; 10.069 ;
; M          ; f[57]       ; 9.680  ; 9.731  ; 10.241 ; 10.301 ;
; M          ; f[58]       ; 9.862  ; 9.937  ; 10.348 ; 10.455 ;
; M          ; f[59]       ; 11.571 ; 11.554 ; 12.101 ; 12.075 ;
; M          ; f[60]       ; 9.038  ; 9.140  ; 9.615  ; 9.708  ;
; M          ; f[61]       ; 9.526  ; 9.590  ; 10.067 ; 10.163 ;
; M          ; f[62]       ; 9.669  ; 9.771  ; 10.190 ; 10.283 ;
; M          ; f[63]       ; 10.702 ; 10.641 ; 11.236 ; 11.131 ;
; a[0]       ; f[0]        ; 6.483  ; 6.437  ; 6.595  ; 6.492  ;
; a[0]       ; f[1]        ; 6.668  ; 6.758  ; 6.730  ; 6.811  ;
; a[0]       ; f[2]        ; 7.897  ; 7.962  ; 7.914  ; 7.976  ;
; a[0]       ; f[3]        ; 8.144  ; 8.093  ; 8.228  ; 8.163  ;
; a[1]       ; f[1]        ; 7.940  ; 7.993  ; 8.492  ; 8.559  ;
; a[1]       ; f[2]        ; 9.363  ; 9.428  ; 9.856  ; 9.918  ;
; a[1]       ; f[3]        ; 9.610  ; 9.559  ; 10.170 ; 10.105 ;
; a[2]       ; f[2]        ; 7.557  ; 7.645  ; 8.036  ; 8.092  ;
; a[2]       ; f[3]        ; 8.140  ; 8.089  ; 8.675  ; 8.610  ;
; a[3]       ; f[3]        ; 7.690  ; 7.609  ; 8.120  ; 8.071  ;
; a[3]       ; f[4]        ; 9.701  ; 9.716  ; 10.148 ; 10.195 ;
; a[3]       ; f[5]        ; 10.346 ; 10.427 ; 10.744 ; 10.853 ;
; a[3]       ; f[6]        ; 10.629 ; 10.680 ; 11.021 ; 11.063 ;
; a[3]       ; f[7]        ; 11.976 ; 11.975 ; 12.377 ; 12.373 ;
; a[3]       ; f[8]        ; 11.616 ; 11.691 ; 11.935 ; 12.042 ;
; a[3]       ; f[9]        ; 11.928 ; 11.992 ; 12.174 ; 12.270 ;
; a[3]       ; f[10]       ; 11.918 ; 12.001 ; 12.209 ; 12.278 ;
; a[3]       ; f[11]       ; 15.330 ; 15.304 ; 15.727 ; 15.644 ;
; a[3]       ; f[12]       ; 9.739  ; 9.744  ; 10.169 ; 10.206 ;
; a[3]       ; f[13]       ; 10.504 ; 10.517 ; 10.948 ; 10.952 ;
; a[3]       ; f[14]       ; 11.094 ; 11.036 ; 11.522 ; 11.455 ;
; a[3]       ; f[15]       ; 11.762 ; 11.771 ; 12.230 ; 12.182 ;
; a[3]       ; f[16]       ; 13.051 ; 13.108 ; 13.703 ; 13.703 ;
; a[3]       ; f[17]       ; 12.895 ; 12.901 ; 13.609 ; 13.620 ;
; a[3]       ; f[18]       ; 13.431 ; 13.500 ; 14.038 ; 14.063 ;
; a[3]       ; f[19]       ; 15.582 ; 15.653 ; 16.334 ; 16.410 ;
; a[3]       ; f[32]       ; 11.984 ; 11.998 ; 12.371 ; 12.417 ;
; a[3]       ; f[33]       ; 11.375 ; 11.340 ; 11.845 ; 11.826 ;
; a[3]       ; f[34]       ; 12.296 ; 12.318 ; 12.644 ; 12.652 ;
; a[3]       ; f[35]       ; 12.941 ; 13.001 ; 13.251 ; 13.254 ;
; a[3]       ; f[48]       ; 11.688 ; 11.759 ; 12.049 ; 12.152 ;
; a[3]       ; f[49]       ; 11.808 ; 11.869 ; 12.468 ; 12.585 ;
; a[3]       ; f[50]       ; 11.996 ; 12.109 ; 12.348 ; 12.452 ;
; a[3]       ; f[51]       ; 13.024 ; 13.101 ; 13.284 ; 13.347 ;
; a[4]       ; f[4]        ; 7.626  ; 7.668  ; 8.130  ; 8.133  ;
; a[4]       ; f[5]        ; 7.995  ; 8.076  ; 8.433  ; 8.533  ;
; a[4]       ; f[6]        ; 8.562  ; 8.613  ; 8.991  ; 9.033  ;
; a[4]       ; f[7]        ; 9.909  ; 9.908  ; 10.347 ; 10.343 ;
; a[5]       ; f[5]        ; 7.303  ; 7.406  ; 7.749  ; 7.861  ;
; a[5]       ; f[6]        ; 8.461  ; 8.512  ; 8.873  ; 8.915  ;
; a[5]       ; f[7]        ; 9.808  ; 9.807  ; 10.229 ; 10.225 ;
; a[6]       ; f[6]        ; 7.366  ; 7.410  ; 7.838  ; 7.850  ;
; a[6]       ; f[7]        ; 8.423  ; 8.422  ; 8.914  ; 8.910  ;
; a[7]       ; f[4]        ; 9.497  ; 9.512  ; 9.925  ; 9.972  ;
; a[7]       ; f[5]        ; 10.142 ; 10.223 ; 10.521 ; 10.630 ;
; a[7]       ; f[6]        ; 10.425 ; 10.476 ; 10.798 ; 10.840 ;
; a[7]       ; f[7]        ; 11.772 ; 11.771 ; 12.154 ; 12.150 ;
; a[7]       ; f[8]        ; 12.009 ; 12.084 ; 12.364 ; 12.471 ;
; a[7]       ; f[9]        ; 12.321 ; 12.385 ; 12.603 ; 12.699 ;
; a[7]       ; f[10]       ; 12.311 ; 12.394 ; 12.638 ; 12.707 ;
; a[7]       ; f[11]       ; 15.723 ; 15.697 ; 16.156 ; 16.073 ;
; a[7]       ; f[12]       ; 9.955  ; 9.960  ; 10.384 ; 10.421 ;
; a[7]       ; f[13]       ; 10.720 ; 10.733 ; 11.163 ; 11.167 ;
; a[7]       ; f[14]       ; 11.310 ; 11.252 ; 11.737 ; 11.670 ;
; a[7]       ; f[15]       ; 11.978 ; 11.987 ; 12.445 ; 12.397 ;
; a[7]       ; f[16]       ; 13.103 ; 13.160 ; 13.783 ; 13.783 ;
; a[7]       ; f[17]       ; 12.947 ; 12.953 ; 13.689 ; 13.700 ;
; a[7]       ; f[18]       ; 13.483 ; 13.552 ; 14.118 ; 14.143 ;
; a[7]       ; f[19]       ; 15.634 ; 15.705 ; 16.414 ; 16.490 ;
; a[7]       ; f[32]       ; 12.077 ; 12.091 ; 12.480 ; 12.526 ;
; a[7]       ; f[33]       ; 11.468 ; 11.433 ; 11.954 ; 11.935 ;
; a[7]       ; f[34]       ; 12.389 ; 12.411 ; 12.753 ; 12.761 ;
; a[7]       ; f[35]       ; 13.034 ; 13.094 ; 13.360 ; 13.363 ;
; a[7]       ; f[48]       ; 11.694 ; 11.765 ; 12.041 ; 12.144 ;
; a[7]       ; f[49]       ; 11.860 ; 11.921 ; 12.548 ; 12.665 ;
; a[7]       ; f[50]       ; 12.002 ; 12.115 ; 12.340 ; 12.444 ;
; a[7]       ; f[51]       ; 13.030 ; 13.107 ; 13.276 ; 13.339 ;
; a[8]       ; f[8]        ; 8.067  ; 8.140  ; 8.557  ; 8.674  ;
; a[8]       ; f[9]        ; 8.220  ; 8.284  ; 8.674  ; 8.770  ;
; a[8]       ; f[10]       ; 8.809  ; 8.892  ; 9.215  ; 9.284  ;
; a[8]       ; f[11]       ; 12.221 ; 12.195 ; 12.733 ; 12.650 ;
; a[9]       ; f[9]        ; 7.596  ; 7.662  ; 8.076  ; 8.156  ;
; a[9]       ; f[10]       ; 8.771  ; 8.854  ; 9.147  ; 9.216  ;
; a[9]       ; f[11]       ; 12.183 ; 12.157 ; 12.665 ; 12.582 ;
; a[10]      ; f[10]       ; 7.631  ; 7.730  ; 8.141  ; 8.208  ;
; a[10]      ; f[11]       ; 11.186 ; 11.160 ; 11.796 ; 11.713 ;
; a[11]      ; f[4]        ; 9.711  ; 9.726  ; 10.117 ; 10.164 ;
; a[11]      ; f[5]        ; 10.356 ; 10.437 ; 10.713 ; 10.822 ;
; a[11]      ; f[6]        ; 10.639 ; 10.690 ; 10.990 ; 11.032 ;
; a[11]      ; f[7]        ; 11.986 ; 11.985 ; 12.346 ; 12.342 ;
; a[11]      ; f[8]        ; 11.768 ; 11.843 ; 12.070 ; 12.177 ;
; a[11]      ; f[9]        ; 12.080 ; 12.144 ; 12.309 ; 12.405 ;
; a[11]      ; f[10]       ; 12.070 ; 12.153 ; 12.344 ; 12.413 ;
; a[11]      ; f[11]       ; 15.482 ; 15.456 ; 15.862 ; 15.779 ;
; a[11]      ; f[12]       ; 9.874  ; 9.879  ; 10.297 ; 10.334 ;
; a[11]      ; f[13]       ; 10.639 ; 10.652 ; 11.076 ; 11.080 ;
; a[11]      ; f[14]       ; 11.229 ; 11.171 ; 11.650 ; 11.583 ;
; a[11]      ; f[15]       ; 11.897 ; 11.906 ; 12.358 ; 12.310 ;
; a[11]      ; f[16]       ; 12.862 ; 12.919 ; 13.489 ; 13.489 ;
; a[11]      ; f[17]       ; 12.706 ; 12.712 ; 13.395 ; 13.406 ;
; a[11]      ; f[18]       ; 13.242 ; 13.311 ; 13.824 ; 13.849 ;
; a[11]      ; f[19]       ; 15.393 ; 15.464 ; 16.120 ; 16.196 ;
; a[11]      ; f[32]       ; 11.974 ; 11.988 ; 12.364 ; 12.410 ;
; a[11]      ; f[33]       ; 11.365 ; 11.330 ; 11.838 ; 11.819 ;
; a[11]      ; f[34]       ; 12.286 ; 12.308 ; 12.637 ; 12.645 ;
; a[11]      ; f[35]       ; 12.931 ; 12.991 ; 13.244 ; 13.247 ;
; a[11]      ; f[48]       ; 11.471 ; 11.542 ; 11.758 ; 11.861 ;
; a[11]      ; f[49]       ; 11.619 ; 11.680 ; 12.254 ; 12.371 ;
; a[11]      ; f[50]       ; 11.779 ; 11.892 ; 12.057 ; 12.161 ;
; a[11]      ; f[51]       ; 12.807 ; 12.884 ; 12.993 ; 13.056 ;
; a[12]      ; f[12]       ; 8.087  ; 8.094  ; 8.568  ; 8.589  ;
; a[12]      ; f[13]       ; 8.733  ; 8.746  ; 9.194  ; 9.198  ;
; a[12]      ; f[14]       ; 9.419  ; 9.361  ; 9.872  ; 9.805  ;
; a[12]      ; f[15]       ; 10.087 ; 10.096 ; 10.580 ; 10.532 ;
; a[13]      ; f[13]       ; 7.827  ; 7.803  ; 8.251  ; 8.241  ;
; a[13]      ; f[14]       ; 9.170  ; 9.112  ; 9.579  ; 9.512  ;
; a[13]      ; f[15]       ; 9.838  ; 9.847  ; 10.287 ; 10.239 ;
; a[14]      ; f[14]       ; 8.887  ; 8.822  ; 9.404  ; 9.307  ;
; a[14]      ; f[15]       ; 9.640  ; 9.649  ; 10.214 ; 10.166 ;
; a[15]      ; f[4]        ; 9.393  ; 9.408  ; 9.774  ; 9.821  ;
; a[15]      ; f[5]        ; 10.038 ; 10.119 ; 10.370 ; 10.479 ;
; a[15]      ; f[6]        ; 10.321 ; 10.372 ; 10.647 ; 10.689 ;
; a[15]      ; f[7]        ; 11.668 ; 11.667 ; 12.003 ; 11.999 ;
; a[15]      ; f[8]        ; 11.586 ; 11.661 ; 11.864 ; 11.971 ;
; a[15]      ; f[9]        ; 11.898 ; 11.962 ; 12.103 ; 12.199 ;
; a[15]      ; f[10]       ; 11.888 ; 11.971 ; 12.138 ; 12.207 ;
; a[15]      ; f[11]       ; 15.300 ; 15.274 ; 15.656 ; 15.573 ;
; a[15]      ; f[15]       ; 8.652  ; 8.658  ; 9.100  ; 9.062  ;
; a[15]      ; f[16]       ; 12.740 ; 12.797 ; 13.332 ; 13.332 ;
; a[15]      ; f[17]       ; 12.584 ; 12.590 ; 13.238 ; 13.249 ;
; a[15]      ; f[18]       ; 13.120 ; 13.189 ; 13.667 ; 13.692 ;
; a[15]      ; f[19]       ; 15.271 ; 15.342 ; 15.963 ; 16.039 ;
; a[15]      ; f[32]       ; 11.662 ; 11.676 ; 12.003 ; 12.049 ;
; a[15]      ; f[33]       ; 11.053 ; 11.018 ; 11.477 ; 11.458 ;
; a[15]      ; f[34]       ; 11.974 ; 11.996 ; 12.276 ; 12.284 ;
; a[15]      ; f[35]       ; 12.619 ; 12.679 ; 12.883 ; 12.886 ;
; a[15]      ; f[48]       ; 11.377 ; 11.448 ; 11.678 ; 11.781 ;
; a[15]      ; f[49]       ; 11.497 ; 11.558 ; 12.097 ; 12.214 ;
; a[15]      ; f[50]       ; 11.685 ; 11.798 ; 11.977 ; 12.081 ;
; a[15]      ; f[51]       ; 12.713 ; 12.790 ; 12.913 ; 12.976 ;
; a[16]      ; f[16]       ; 8.842  ; 8.845  ; 9.329  ; 9.376  ;
; a[16]      ; f[17]       ; 9.062  ; 9.068  ; 9.597  ; 9.608  ;
; a[16]      ; f[18]       ; 9.675  ; 9.744  ; 10.129 ; 10.154 ;
; a[16]      ; f[19]       ; 11.826 ; 11.897 ; 12.425 ; 12.501 ;
; a[17]      ; f[17]       ; 8.652  ; 8.657  ; 9.192  ; 9.205  ;
; a[17]      ; f[18]       ; 9.386  ; 9.455  ; 9.823  ; 9.848  ;
; a[17]      ; f[19]       ; 11.537 ; 11.608 ; 12.119 ; 12.195 ;
; a[18]      ; f[18]       ; 8.441  ; 8.463  ; 8.892  ; 8.971  ;
; a[18]      ; f[19]       ; 10.403 ; 10.474 ; 11.050 ; 11.126 ;
; a[19]      ; f[16]       ; 14.461 ; 14.518 ; 15.179 ; 15.179 ;
; a[19]      ; f[17]       ; 14.305 ; 14.311 ; 15.085 ; 15.096 ;
; a[19]      ; f[18]       ; 14.841 ; 14.910 ; 15.514 ; 15.539 ;
; a[19]      ; f[19]       ; 16.992 ; 17.063 ; 17.810 ; 17.886 ;
; a[19]      ; f[20]       ; 11.708 ; 11.736 ; 12.317 ; 12.373 ;
; a[19]      ; f[21]       ; 11.596 ; 11.648 ; 12.213 ; 12.297 ;
; a[19]      ; f[22]       ; 12.588 ; 12.676 ; 13.181 ; 13.255 ;
; a[19]      ; f[23]       ; 14.044 ; 14.030 ; 14.693 ; 14.622 ;
; a[19]      ; f[24]       ; 14.103 ; 14.201 ; 14.642 ; 14.731 ;
; a[19]      ; f[25]       ; 14.545 ; 14.606 ; 15.047 ; 15.140 ;
; a[19]      ; f[26]       ; 15.920 ; 15.860 ; 16.422 ; 16.394 ;
; a[19]      ; f[27]       ; 17.755 ; 17.676 ; 18.366 ; 18.319 ;
; a[19]      ; f[28]       ; 11.713 ; 11.802 ; 12.395 ; 12.427 ;
; a[19]      ; f[29]       ; 12.212 ; 12.277 ; 12.818 ; 12.874 ;
; a[19]      ; f[30]       ; 13.664 ; 13.623 ; 14.302 ; 14.252 ;
; a[19]      ; f[31]       ; 12.732 ; 12.687 ; 13.375 ; 13.321 ;
; a[19]      ; f[48]       ; 13.098 ; 13.169 ; 13.525 ; 13.628 ;
; a[19]      ; f[49]       ; 13.218 ; 13.279 ; 13.944 ; 14.061 ;
; a[19]      ; f[50]       ; 13.406 ; 13.519 ; 13.824 ; 13.928 ;
; a[19]      ; f[51]       ; 14.434 ; 14.511 ; 14.760 ; 14.823 ;
; a[20]      ; f[20]       ; 7.798  ; 7.850  ; 8.222  ; 8.242  ;
; a[20]      ; f[21]       ; 8.657  ; 8.751  ; 9.031  ; 9.081  ;
; a[20]      ; f[22]       ; 9.484  ; 9.572  ; 9.805  ; 9.879  ;
; a[20]      ; f[23]       ; 10.940 ; 10.926 ; 11.317 ; 11.246 ;
; a[21]      ; f[21]       ; 7.333  ; 7.380  ; 7.773  ; 7.877  ;
; a[21]      ; f[22]       ; 8.869  ; 8.957  ; 9.237  ; 9.311  ;
; a[21]      ; f[23]       ; 10.325 ; 10.311 ; 10.749 ; 10.678 ;
; a[22]      ; f[22]       ; 7.599  ; 7.703  ; 8.078  ; 8.150  ;
; a[22]      ; f[23]       ; 9.061  ; 9.047  ; 9.588  ; 9.517  ;
; a[23]      ; f[16]       ; 12.379 ; 12.436 ; 13.022 ; 13.022 ;
; a[23]      ; f[17]       ; 12.223 ; 12.229 ; 12.928 ; 12.939 ;
; a[23]      ; f[18]       ; 12.759 ; 12.828 ; 13.357 ; 13.382 ;
; a[23]      ; f[19]       ; 14.910 ; 14.981 ; 15.653 ; 15.729 ;
; a[23]      ; f[20]       ; 8.720  ; 8.748  ; 9.129  ; 9.185  ;
; a[23]      ; f[21]       ; 9.038  ; 9.090  ; 9.495  ; 9.579  ;
; a[23]      ; f[22]       ; 10.030 ; 10.118 ; 10.463 ; 10.537 ;
; a[23]      ; f[23]       ; 11.486 ; 11.472 ; 11.975 ; 11.904 ;
; a[23]      ; f[24]       ; 11.547 ; 11.645 ; 11.924 ; 12.013 ;
; a[23]      ; f[25]       ; 11.989 ; 12.050 ; 12.329 ; 12.422 ;
; a[23]      ; f[26]       ; 13.364 ; 13.304 ; 13.704 ; 13.676 ;
; a[23]      ; f[27]       ; 15.199 ; 15.120 ; 15.648 ; 15.601 ;
; a[23]      ; f[28]       ; 9.024  ; 9.113  ; 9.517  ; 9.549  ;
; a[23]      ; f[29]       ; 9.523  ; 9.588  ; 9.940  ; 9.996  ;
; a[23]      ; f[30]       ; 10.975 ; 10.934 ; 11.424 ; 11.374 ;
; a[23]      ; f[31]       ; 10.043 ; 9.998  ; 10.497 ; 10.443 ;
; a[23]      ; f[48]       ; 11.489 ; 11.560 ; 11.845 ; 11.948 ;
; a[23]      ; f[49]       ; 11.136 ; 11.197 ; 11.787 ; 11.904 ;
; a[23]      ; f[50]       ; 11.797 ; 11.910 ; 12.144 ; 12.248 ;
; a[23]      ; f[51]       ; 12.825 ; 12.902 ; 13.080 ; 13.143 ;
; a[24]      ; f[24]       ; 7.451  ; 7.512  ; 7.933  ; 8.008  ;
; a[24]      ; f[25]       ; 7.984  ; 8.045  ; 8.403  ; 8.496  ;
; a[24]      ; f[26]       ; 9.728  ; 9.668  ; 10.134 ; 10.106 ;
; a[24]      ; f[27]       ; 11.563 ; 11.484 ; 12.078 ; 12.031 ;
; a[25]      ; f[25]       ; 7.322  ; 7.385  ; 7.756  ; 7.850  ;
; a[25]      ; f[26]       ; 9.852  ; 9.792  ; 10.253 ; 10.225 ;
; a[25]      ; f[27]       ; 11.687 ; 11.608 ; 12.197 ; 12.150 ;
; a[26]      ; f[26]       ; 8.914  ; 8.849  ; 9.365  ; 9.357  ;
; a[26]      ; f[27]       ; 10.741 ; 10.662 ; 11.326 ; 11.279 ;
; a[27]      ; f[16]       ; 12.239 ; 12.296 ; 12.841 ; 12.841 ;
; a[27]      ; f[17]       ; 12.083 ; 12.089 ; 12.747 ; 12.758 ;
; a[27]      ; f[18]       ; 12.619 ; 12.688 ; 13.176 ; 13.201 ;
; a[27]      ; f[19]       ; 14.770 ; 14.841 ; 15.472 ; 15.548 ;
; a[27]      ; f[20]       ; 8.709  ; 8.737  ; 9.104  ; 9.160  ;
; a[27]      ; f[21]       ; 9.120  ; 9.172  ; 9.565  ; 9.649  ;
; a[27]      ; f[22]       ; 10.112 ; 10.200 ; 10.533 ; 10.607 ;
; a[27]      ; f[23]       ; 11.568 ; 11.554 ; 12.045 ; 11.974 ;
; a[27]      ; f[24]       ; 11.629 ; 11.727 ; 11.994 ; 12.083 ;
; a[27]      ; f[25]       ; 12.071 ; 12.132 ; 12.399 ; 12.492 ;
; a[27]      ; f[26]       ; 13.446 ; 13.386 ; 13.774 ; 13.746 ;
; a[27]      ; f[27]       ; 15.281 ; 15.202 ; 15.718 ; 15.671 ;
; a[27]      ; f[28]       ; 8.631  ; 8.720  ; 9.117  ; 9.149  ;
; a[27]      ; f[29]       ; 9.130  ; 9.195  ; 9.540  ; 9.596  ;
; a[27]      ; f[30]       ; 10.582 ; 10.541 ; 11.024 ; 10.974 ;
; a[27]      ; f[31]       ; 9.650  ; 9.605  ; 10.097 ; 10.043 ;
; a[27]      ; f[48]       ; 11.350 ; 11.421 ; 11.665 ; 11.768 ;
; a[27]      ; f[49]       ; 10.996 ; 11.057 ; 11.606 ; 11.723 ;
; a[27]      ; f[50]       ; 11.658 ; 11.771 ; 11.964 ; 12.068 ;
; a[27]      ; f[51]       ; 12.686 ; 12.763 ; 12.900 ; 12.963 ;
; a[28]      ; f[28]       ; 7.747  ; 7.782  ; 8.170  ; 8.249  ;
; a[28]      ; f[29]       ; 8.214  ; 8.279  ; 8.632  ; 8.688  ;
; a[28]      ; f[30]       ; 9.502  ; 9.461  ; 9.925  ; 9.875  ;
; a[28]      ; f[31]       ; 8.570  ; 8.525  ; 8.998  ; 8.944  ;
; a[29]      ; f[29]       ; 7.969  ; 7.997  ; 8.423  ; 8.465  ;
; a[29]      ; f[30]       ; 9.863  ; 9.822  ; 10.297 ; 10.247 ;
; a[29]      ; f[31]       ; 8.931  ; 8.886  ; 9.370  ; 9.316  ;
; a[30]      ; f[30]       ; 9.368  ; 9.290  ; 9.842  ; 9.778  ;
; a[30]      ; f[31]       ; 8.349  ; 8.304  ; 8.859  ; 8.805  ;
; a[31]      ; f[16]       ; 12.474 ; 12.531 ; 13.057 ; 13.057 ;
; a[31]      ; f[17]       ; 12.318 ; 12.324 ; 12.963 ; 12.974 ;
; a[31]      ; f[18]       ; 12.854 ; 12.923 ; 13.392 ; 13.417 ;
; a[31]      ; f[19]       ; 15.005 ; 15.076 ; 15.688 ; 15.764 ;
; a[31]      ; f[20]       ; 8.264  ; 8.292  ; 8.618  ; 8.674  ;
; a[31]      ; f[21]       ; 8.712  ; 8.764  ; 9.091  ; 9.175  ;
; a[31]      ; f[22]       ; 9.704  ; 9.792  ; 10.059 ; 10.133 ;
; a[31]      ; f[23]       ; 11.160 ; 11.146 ; 11.571 ; 11.500 ;
; a[31]      ; f[24]       ; 11.221 ; 11.319 ; 11.520 ; 11.609 ;
; a[31]      ; f[25]       ; 11.663 ; 11.724 ; 11.925 ; 12.018 ;
; a[31]      ; f[26]       ; 13.038 ; 12.978 ; 13.300 ; 13.272 ;
; a[31]      ; f[27]       ; 14.873 ; 14.794 ; 15.244 ; 15.197 ;
; a[31]      ; f[31]       ; 8.065  ; 8.052  ; 8.481  ; 8.424  ;
; a[31]      ; f[48]       ; 11.111 ; 11.182 ; 11.403 ; 11.506 ;
; a[31]      ; f[49]       ; 11.231 ; 11.292 ; 11.822 ; 11.939 ;
; a[31]      ; f[50]       ; 11.419 ; 11.532 ; 11.702 ; 11.806 ;
; a[31]      ; f[51]       ; 12.447 ; 12.524 ; 12.638 ; 12.701 ;
; a[32]      ; f[32]       ; 8.875  ; 8.910  ; 9.346  ; 9.398  ;
; a[32]      ; f[33]       ; 8.826  ; 8.791  ; 9.336  ; 9.317  ;
; a[32]      ; f[34]       ; 9.903  ; 9.925  ; 10.338 ; 10.346 ;
; a[32]      ; f[35]       ; 10.548 ; 10.608 ; 10.945 ; 10.948 ;
; a[33]      ; f[33]       ; 8.694  ; 8.664  ; 9.278  ; 9.266  ;
; a[33]      ; f[34]       ; 10.260 ; 10.282 ; 10.779 ; 10.787 ;
; a[33]      ; f[35]       ; 10.905 ; 10.965 ; 11.386 ; 11.389 ;
; a[34]      ; f[34]       ; 6.621  ; 6.659  ; 6.822  ; 6.828  ;
; a[34]      ; f[35]       ; 7.267  ; 7.327  ; 7.440  ; 7.443  ;
; a[35]      ; f[16]       ; 10.532 ; 10.589 ; 11.071 ; 11.071 ;
; a[35]      ; f[17]       ; 10.859 ; 10.865 ; 11.481 ; 11.492 ;
; a[35]      ; f[18]       ; 10.912 ; 10.981 ; 11.406 ; 11.431 ;
; a[35]      ; f[19]       ; 13.063 ; 13.134 ; 13.702 ; 13.778 ;
; a[35]      ; f[32]       ; 11.076 ; 11.090 ; 11.590 ; 11.636 ;
; a[35]      ; f[33]       ; 10.837 ; 10.802 ; 11.467 ; 11.448 ;
; a[35]      ; f[34]       ; 11.388 ; 11.410 ; 11.863 ; 11.871 ;
; a[35]      ; f[35]       ; 12.033 ; 12.093 ; 12.470 ; 12.473 ;
; a[35]      ; f[36]       ; 8.850  ; 8.890  ; 9.296  ; 9.368  ;
; a[35]      ; f[37]       ; 8.785  ; 8.838  ; 9.261  ; 9.305  ;
; a[35]      ; f[38]       ; 9.621  ; 9.685  ; 10.040 ; 10.060 ;
; a[35]      ; f[39]       ; 10.891 ; 10.857 ; 11.336 ; 11.258 ;
; a[35]      ; f[40]       ; 10.189 ; 10.244 ; 10.625 ; 10.712 ;
; a[35]      ; f[41]       ; 10.680 ; 10.692 ; 11.087 ; 11.131 ;
; a[35]      ; f[42]       ; 10.790 ; 10.817 ; 11.205 ; 11.218 ;
; a[35]      ; f[43]       ; 11.117 ; 11.101 ; 11.591 ; 11.531 ;
; a[35]      ; f[44]       ; 10.724 ; 10.786 ; 11.050 ; 11.144 ;
; a[35]      ; f[45]       ; 11.336 ; 11.439 ; 11.658 ; 11.717 ;
; a[35]      ; f[46]       ; 11.226 ; 11.290 ; 11.519 ; 11.615 ;
; a[35]      ; f[47]       ; 12.022 ; 11.953 ; 12.398 ; 12.285 ;
; a[36]      ; f[36]       ; 7.932  ; 8.008  ; 8.450  ; 8.480  ;
; a[36]      ; f[37]       ; 8.351  ; 8.404  ; 8.814  ; 8.858  ;
; a[36]      ; f[38]       ; 9.187  ; 9.251  ; 9.593  ; 9.613  ;
; a[36]      ; f[39]       ; 10.457 ; 10.423 ; 10.889 ; 10.811 ;
; a[37]      ; f[37]       ; 6.204  ; 6.216  ; 6.428  ; 6.484  ;
; a[37]      ; f[38]       ; 7.038  ; 7.102  ; 7.245  ; 7.265  ;
; a[37]      ; f[39]       ; 8.308  ; 8.274  ; 8.541  ; 8.463  ;
; a[38]      ; f[38]       ; 7.524  ; 7.550  ; 7.969  ; 8.006  ;
; a[38]      ; f[39]       ; 8.754  ; 8.720  ; 9.266  ; 9.188  ;
; a[39]      ; f[16]       ; 11.289 ; 11.346 ; 11.794 ; 11.794 ;
; a[39]      ; f[17]       ; 11.318 ; 11.324 ; 11.899 ; 11.910 ;
; a[39]      ; f[18]       ; 11.669 ; 11.738 ; 12.129 ; 12.154 ;
; a[39]      ; f[19]       ; 13.820 ; 13.891 ; 14.425 ; 14.501 ;
; a[39]      ; f[32]       ; 11.647 ; 11.661 ; 12.114 ; 12.160 ;
; a[39]      ; f[33]       ; 11.296 ; 11.261 ; 11.885 ; 11.866 ;
; a[39]      ; f[34]       ; 11.959 ; 11.981 ; 12.387 ; 12.395 ;
; a[39]      ; f[35]       ; 12.604 ; 12.664 ; 12.994 ; 12.997 ;
; a[39]      ; f[36]       ; 8.970  ; 9.010  ; 9.410  ; 9.482  ;
; a[39]      ; f[37]       ; 9.242  ; 9.295  ; 9.717  ; 9.761  ;
; a[39]      ; f[38]       ; 10.078 ; 10.142 ; 10.496 ; 10.516 ;
; a[39]      ; f[39]       ; 11.348 ; 11.314 ; 11.792 ; 11.714 ;
; a[39]      ; f[40]       ; 11.444 ; 11.499 ; 11.878 ; 11.965 ;
; a[39]      ; f[41]       ; 11.935 ; 11.947 ; 12.340 ; 12.384 ;
; a[39]      ; f[42]       ; 12.045 ; 12.072 ; 12.458 ; 12.471 ;
; a[39]      ; f[43]       ; 12.372 ; 12.356 ; 12.844 ; 12.784 ;
; a[39]      ; f[44]       ; 10.036 ; 10.098 ; 10.375 ; 10.469 ;
; a[39]      ; f[45]       ; 10.648 ; 10.751 ; 10.983 ; 11.042 ;
; a[39]      ; f[46]       ; 10.538 ; 10.602 ; 10.844 ; 10.940 ;
; a[39]      ; f[47]       ; 11.334 ; 11.265 ; 11.723 ; 11.610 ;
; a[40]      ; f[40]       ; 7.745  ; 7.806  ; 8.222  ; 8.286  ;
; a[40]      ; f[41]       ; 8.240  ; 8.252  ; 8.660  ; 8.704  ;
; a[40]      ; f[42]       ; 8.999  ; 9.026  ; 9.371  ; 9.384  ;
; a[40]      ; f[43]       ; 9.326  ; 9.310  ; 9.757  ; 9.697  ;
; a[41]      ; f[41]       ; 7.625  ; 7.639  ; 8.115  ; 8.143  ;
; a[41]      ; f[42]       ; 8.807  ; 8.834  ; 9.210  ; 9.223  ;
; a[41]      ; f[43]       ; 9.134  ; 9.118  ; 9.596  ; 9.536  ;
; a[42]      ; f[42]       ; 7.306  ; 7.349  ; 7.779  ; 7.790  ;
; a[42]      ; f[43]       ; 8.062  ; 8.046  ; 8.609  ; 8.549  ;
; a[43]      ; f[16]       ; 11.653 ; 11.710 ; 12.136 ; 12.136 ;
; a[43]      ; f[17]       ; 11.682 ; 11.688 ; 12.241 ; 12.252 ;
; a[43]      ; f[18]       ; 12.033 ; 12.102 ; 12.471 ; 12.496 ;
; a[43]      ; f[19]       ; 14.184 ; 14.255 ; 14.767 ; 14.843 ;
; a[43]      ; f[32]       ; 12.011 ; 12.025 ; 12.456 ; 12.502 ;
; a[43]      ; f[33]       ; 11.660 ; 11.625 ; 12.227 ; 12.208 ;
; a[43]      ; f[34]       ; 12.323 ; 12.345 ; 12.729 ; 12.737 ;
; a[43]      ; f[35]       ; 12.968 ; 13.028 ; 13.336 ; 13.339 ;
; a[43]      ; f[36]       ; 9.955  ; 9.995  ; 10.409 ; 10.481 ;
; a[43]      ; f[37]       ; 10.683 ; 10.736 ; 11.204 ; 11.248 ;
; a[43]      ; f[38]       ; 11.519 ; 11.583 ; 11.983 ; 12.003 ;
; a[43]      ; f[39]       ; 12.789 ; 12.755 ; 13.279 ; 13.201 ;
; a[43]      ; f[40]       ; 12.885 ; 12.940 ; 13.365 ; 13.452 ;
; a[43]      ; f[41]       ; 13.376 ; 13.388 ; 13.827 ; 13.871 ;
; a[43]      ; f[42]       ; 13.486 ; 13.513 ; 13.945 ; 13.958 ;
; a[43]      ; f[43]       ; 13.813 ; 13.797 ; 14.331 ; 14.271 ;
; a[43]      ; f[44]       ; 11.594 ; 11.656 ; 11.979 ; 12.073 ;
; a[43]      ; f[45]       ; 12.206 ; 12.309 ; 12.587 ; 12.646 ;
; a[43]      ; f[46]       ; 12.096 ; 12.160 ; 12.448 ; 12.544 ;
; a[43]      ; f[47]       ; 12.892 ; 12.823 ; 13.327 ; 13.214 ;
; a[44]      ; f[44]       ; 7.587  ; 7.647  ; 8.053  ; 8.157  ;
; a[44]      ; f[45]       ; 8.200  ; 8.303  ; 8.671  ; 8.730  ;
; a[44]      ; f[46]       ; 8.668  ; 8.732  ; 9.054  ; 9.150  ;
; a[44]      ; f[47]       ; 9.464  ; 9.395  ; 9.933  ; 9.820  ;
; a[45]      ; f[45]       ; 7.262  ; 7.320  ; 7.712  ; 7.812  ;
; a[45]      ; f[46]       ; 8.337  ; 8.401  ; 8.696  ; 8.792  ;
; a[45]      ; f[47]       ; 9.133  ; 9.064  ; 9.575  ; 9.462  ;
; a[46]      ; f[46]       ; 7.263  ; 7.333  ; 7.732  ; 7.805  ;
; a[46]      ; f[47]       ; 8.041  ; 7.972  ; 8.593  ; 8.480  ;
; a[47]      ; f[16]       ; 11.777 ; 11.834 ; 12.304 ; 12.304 ;
; a[47]      ; f[17]       ; 12.104 ; 12.110 ; 12.714 ; 12.725 ;
; a[47]      ; f[18]       ; 12.157 ; 12.226 ; 12.639 ; 12.664 ;
; a[47]      ; f[19]       ; 14.308 ; 14.379 ; 14.935 ; 15.011 ;
; a[47]      ; f[32]       ; 12.321 ; 12.335 ; 12.823 ; 12.869 ;
; a[47]      ; f[33]       ; 12.082 ; 12.047 ; 12.700 ; 12.681 ;
; a[47]      ; f[34]       ; 12.633 ; 12.655 ; 13.096 ; 13.104 ;
; a[47]      ; f[35]       ; 13.278 ; 13.338 ; 13.703 ; 13.706 ;
; a[47]      ; f[36]       ; 10.275 ; 10.315 ; 10.737 ; 10.809 ;
; a[47]      ; f[37]       ; 10.651 ; 10.704 ; 11.183 ; 11.227 ;
; a[47]      ; f[38]       ; 11.487 ; 11.551 ; 11.962 ; 11.982 ;
; a[47]      ; f[39]       ; 12.757 ; 12.723 ; 13.258 ; 13.180 ;
; a[47]      ; f[40]       ; 12.853 ; 12.908 ; 13.344 ; 13.431 ;
; a[47]      ; f[41]       ; 13.344 ; 13.356 ; 13.806 ; 13.850 ;
; a[47]      ; f[42]       ; 13.454 ; 13.481 ; 13.924 ; 13.937 ;
; a[47]      ; f[43]       ; 13.781 ; 13.765 ; 14.310 ; 14.250 ;
; a[47]      ; f[47]       ; 7.632  ; 7.566  ; 8.149  ; 8.026  ;
; a[48]      ; f[48]       ; 7.760  ; 7.833  ; 8.267  ; 8.354  ;
; a[48]      ; f[49]       ; 8.381  ; 8.442  ; 8.914  ; 9.031  ;
; a[48]      ; f[50]       ; 8.510  ; 8.623  ; 8.934  ; 9.038  ;
; a[48]      ; f[51]       ; 9.538  ; 9.615  ; 9.870  ; 9.933  ;
; a[49]      ; f[49]       ; 7.472  ; 7.570  ; 7.959  ; 8.025  ;
; a[49]      ; f[50]       ; 8.461  ; 8.574  ; 8.856  ; 8.960  ;
; a[49]      ; f[51]       ; 9.489  ; 9.566  ; 9.792  ; 9.855  ;
; a[50]      ; f[50]       ; 7.341  ; 7.417  ; 7.800  ; 7.890  ;
; a[50]      ; f[51]       ; 8.021  ; 8.098  ; 8.449  ; 8.512  ;
; a[51]      ; f[16]       ; 11.610 ; 11.667 ; 12.160 ; 12.160 ;
; a[51]      ; f[17]       ; 11.937 ; 11.943 ; 12.570 ; 12.581 ;
; a[51]      ; f[18]       ; 11.990 ; 12.059 ; 12.495 ; 12.520 ;
; a[51]      ; f[19]       ; 14.141 ; 14.212 ; 14.791 ; 14.867 ;
; a[51]      ; f[32]       ; 12.154 ; 12.168 ; 12.679 ; 12.725 ;
; a[51]      ; f[33]       ; 11.915 ; 11.880 ; 12.556 ; 12.537 ;
; a[51]      ; f[34]       ; 12.466 ; 12.488 ; 12.952 ; 12.960 ;
; a[51]      ; f[35]       ; 13.111 ; 13.171 ; 13.559 ; 13.562 ;
; a[51]      ; f[48]       ; 12.920 ; 12.991 ; 13.306 ; 13.409 ;
; a[51]      ; f[49]       ; 13.049 ; 13.110 ; 13.476 ; 13.593 ;
; a[51]      ; f[50]       ; 13.228 ; 13.341 ; 13.605 ; 13.709 ;
; a[51]      ; f[51]       ; 14.256 ; 14.333 ; 14.541 ; 14.604 ;
; a[51]      ; f[52]       ; 9.347  ; 9.419  ; 9.826  ; 9.932  ;
; a[51]      ; f[53]       ; 9.988  ; 10.096 ; 10.470 ; 10.521 ;
; a[51]      ; f[54]       ; 10.208 ; 10.218 ; 10.619 ; 10.661 ;
; a[51]      ; f[55]       ; 10.903 ; 10.867 ; 11.339 ; 11.335 ;
; a[51]      ; f[56]       ; 11.843 ; 11.928 ; 12.350 ; 12.432 ;
; a[51]      ; f[57]       ; 13.015 ; 13.027 ; 13.596 ; 13.633 ;
; a[51]      ; f[58]       ; 12.251 ; 12.326 ; 12.711 ; 12.818 ;
; a[51]      ; f[59]       ; 13.960 ; 13.943 ; 14.464 ; 14.438 ;
; a[51]      ; f[60]       ; 10.460 ; 10.562 ; 11.058 ; 11.151 ;
; a[51]      ; f[61]       ; 10.948 ; 11.012 ; 11.510 ; 11.606 ;
; a[51]      ; f[62]       ; 10.809 ; 10.911 ; 11.398 ; 11.491 ;
; a[51]      ; f[63]       ; 11.842 ; 11.781 ; 12.444 ; 12.339 ;
; a[52]      ; f[52]       ; 7.813  ; 7.882  ; 8.294  ; 8.407  ;
; a[52]      ; f[53]       ; 8.012  ; 8.068  ; 8.469  ; 8.557  ;
; a[52]      ; f[54]       ; 8.827  ; 8.837  ; 9.226  ; 9.268  ;
; a[52]      ; f[55]       ; 9.522  ; 9.486  ; 9.946  ; 9.942  ;
; a[53]      ; f[53]       ; 7.694  ; 7.748  ; 8.150  ; 8.248  ;
; a[53]      ; f[54]       ; 8.671  ; 8.681  ; 9.041  ; 9.083  ;
; a[53]      ; f[55]       ; 9.366  ; 9.330  ; 9.761  ; 9.757  ;
; a[54]      ; f[54]       ; 7.843  ; 7.855  ; 8.335  ; 8.361  ;
; a[54]      ; f[55]       ; 8.542  ; 8.506  ; 9.041  ; 9.037  ;
; a[55]      ; f[16]       ; 11.773 ; 11.830 ; 12.286 ; 12.286 ;
; a[55]      ; f[17]       ; 11.802 ; 11.808 ; 12.391 ; 12.402 ;
; a[55]      ; f[18]       ; 12.153 ; 12.222 ; 12.621 ; 12.646 ;
; a[55]      ; f[19]       ; 14.304 ; 14.375 ; 14.917 ; 14.993 ;
; a[55]      ; f[32]       ; 12.131 ; 12.145 ; 12.606 ; 12.652 ;
; a[55]      ; f[33]       ; 11.780 ; 11.745 ; 12.377 ; 12.358 ;
; a[55]      ; f[34]       ; 12.443 ; 12.465 ; 12.879 ; 12.887 ;
; a[55]      ; f[35]       ; 13.088 ; 13.148 ; 13.486 ; 13.489 ;
; a[55]      ; f[48]       ; 11.831 ; 11.902 ; 12.226 ; 12.329 ;
; a[55]      ; f[49]       ; 11.960 ; 12.021 ; 12.396 ; 12.513 ;
; a[55]      ; f[50]       ; 12.139 ; 12.252 ; 12.525 ; 12.629 ;
; a[55]      ; f[51]       ; 13.167 ; 13.244 ; 13.461 ; 13.524 ;
; a[55]      ; f[52]       ; 8.789  ; 8.861  ; 9.288  ; 9.394  ;
; a[55]      ; f[53]       ; 9.430  ; 9.538  ; 9.932  ; 9.983  ;
; a[55]      ; f[54]       ; 9.650  ; 9.660  ; 10.081 ; 10.123 ;
; a[55]      ; f[55]       ; 10.345 ; 10.309 ; 10.801 ; 10.797 ;
; a[55]      ; f[56]       ; 10.762 ; 10.847 ; 11.270 ; 11.352 ;
; a[55]      ; f[57]       ; 11.934 ; 11.946 ; 12.516 ; 12.553 ;
; a[55]      ; f[58]       ; 11.170 ; 11.245 ; 11.631 ; 11.738 ;
; a[55]      ; f[59]       ; 12.879 ; 12.862 ; 13.384 ; 13.358 ;
; a[55]      ; f[60]       ; 9.801  ; 9.903  ; 10.329 ; 10.422 ;
; a[55]      ; f[61]       ; 10.289 ; 10.353 ; 10.781 ; 10.877 ;
; a[55]      ; f[62]       ; 10.150 ; 10.252 ; 10.669 ; 10.762 ;
; a[55]      ; f[63]       ; 11.183 ; 11.122 ; 11.715 ; 11.610 ;
; a[56]      ; f[56]       ; 7.850  ; 7.958  ; 8.328  ; 8.404  ;
; a[56]      ; f[57]       ; 9.589  ; 9.601  ; 10.093 ; 10.130 ;
; a[56]      ; f[58]       ; 8.720  ; 8.795  ; 9.099  ; 9.206  ;
; a[56]      ; f[59]       ; 10.429 ; 10.412 ; 10.852 ; 10.826 ;
; a[57]      ; f[57]       ; 8.926  ; 8.940  ; 9.385  ; 9.415  ;
; a[57]      ; f[58]       ; 8.476  ; 8.551  ; 8.880  ; 8.987  ;
; a[57]      ; f[59]       ; 10.185 ; 10.168 ; 10.633 ; 10.607 ;
; a[58]      ; f[58]       ; 7.578  ; 7.655  ; 8.070  ; 8.161  ;
; a[58]      ; f[59]       ; 9.268  ; 9.251  ; 9.796  ; 9.770  ;
; a[59]      ; f[16]       ; 10.673 ; 10.730 ; 11.193 ; 11.193 ;
; a[59]      ; f[17]       ; 10.702 ; 10.708 ; 11.298 ; 11.309 ;
; a[59]      ; f[18]       ; 11.053 ; 11.122 ; 11.528 ; 11.553 ;
; a[59]      ; f[19]       ; 13.204 ; 13.275 ; 13.824 ; 13.900 ;
; a[59]      ; f[32]       ; 11.031 ; 11.045 ; 11.513 ; 11.559 ;
; a[59]      ; f[33]       ; 10.680 ; 10.645 ; 11.284 ; 11.265 ;
; a[59]      ; f[34]       ; 11.343 ; 11.365 ; 11.786 ; 11.794 ;
; a[59]      ; f[35]       ; 11.988 ; 12.048 ; 12.393 ; 12.396 ;
; a[59]      ; f[48]       ; 11.530 ; 11.601 ; 11.794 ; 11.897 ;
; a[59]      ; f[49]       ; 11.659 ; 11.720 ; 11.964 ; 12.081 ;
; a[59]      ; f[50]       ; 11.838 ; 11.951 ; 12.093 ; 12.197 ;
; a[59]      ; f[51]       ; 12.866 ; 12.943 ; 13.029 ; 13.092 ;
; a[59]      ; f[52]       ; 10.636 ; 10.708 ; 11.140 ; 11.246 ;
; a[59]      ; f[53]       ; 11.277 ; 11.385 ; 11.784 ; 11.835 ;
; a[59]      ; f[54]       ; 11.497 ; 11.507 ; 11.933 ; 11.975 ;
; a[59]      ; f[55]       ; 12.192 ; 12.156 ; 12.653 ; 12.649 ;
; a[59]      ; f[56]       ; 10.461 ; 10.546 ; 10.835 ; 10.917 ;
; a[59]      ; f[57]       ; 11.633 ; 11.645 ; 12.081 ; 12.118 ;
; a[59]      ; f[58]       ; 10.869 ; 10.944 ; 11.196 ; 11.303 ;
; a[59]      ; f[59]       ; 12.578 ; 12.561 ; 12.949 ; 12.923 ;
; a[59]      ; f[60]       ; 7.616  ; 7.718  ; 8.077  ; 8.170  ;
; a[59]      ; f[61]       ; 8.104  ; 8.168  ; 8.529  ; 8.625  ;
; a[59]      ; f[62]       ; 7.965  ; 8.067  ; 8.417  ; 8.510  ;
; a[59]      ; f[63]       ; 8.998  ; 8.937  ; 9.463  ; 9.358  ;
; a[60]      ; f[60]       ; 7.592  ; 7.657  ; 8.038  ; 8.117  ;
; a[60]      ; f[61]       ; 8.090  ; 8.154  ; 8.497  ; 8.593  ;
; a[60]      ; f[62]       ; 8.277  ; 8.379  ; 8.651  ; 8.744  ;
; a[60]      ; f[63]       ; 9.310  ; 9.249  ; 9.697  ; 9.592  ;
; a[61]      ; f[61]       ; 7.563  ; 7.622  ; 8.012  ; 8.128  ;
; a[61]      ; f[62]       ; 8.487  ; 8.589  ; 8.894  ; 8.987  ;
; a[61]      ; f[63]       ; 9.520  ; 9.459  ; 9.940  ; 9.835  ;
; a[62]      ; f[62]       ; 7.193  ; 7.262  ; 7.662  ; 7.734  ;
; a[62]      ; f[63]       ; 8.274  ; 8.213  ; 8.806  ; 8.701  ;
; a[63]      ; f[16]       ; 11.391 ; 11.448 ; 11.912 ; 11.912 ;
; a[63]      ; f[17]       ; 11.718 ; 11.724 ; 12.322 ; 12.333 ;
; a[63]      ; f[18]       ; 11.771 ; 11.840 ; 12.247 ; 12.272 ;
; a[63]      ; f[19]       ; 13.922 ; 13.993 ; 14.543 ; 14.619 ;
; a[63]      ; f[32]       ; 11.935 ; 11.949 ; 12.431 ; 12.477 ;
; a[63]      ; f[33]       ; 11.696 ; 11.661 ; 12.308 ; 12.289 ;
; a[63]      ; f[34]       ; 12.247 ; 12.269 ; 12.704 ; 12.712 ;
; a[63]      ; f[35]       ; 12.892 ; 12.952 ; 13.311 ; 13.314 ;
; a[63]      ; f[48]       ; 11.642 ; 11.713 ; 12.005 ; 12.108 ;
; a[63]      ; f[49]       ; 11.771 ; 11.832 ; 12.175 ; 12.292 ;
; a[63]      ; f[50]       ; 11.950 ; 12.063 ; 12.304 ; 12.408 ;
; a[63]      ; f[51]       ; 12.978 ; 13.055 ; 13.240 ; 13.303 ;
; a[63]      ; f[52]       ; 10.355 ; 10.427 ; 10.883 ; 10.989 ;
; a[63]      ; f[53]       ; 10.996 ; 11.104 ; 11.527 ; 11.578 ;
; a[63]      ; f[54]       ; 11.216 ; 11.226 ; 11.676 ; 11.718 ;
; a[63]      ; f[55]       ; 11.911 ; 11.875 ; 12.396 ; 12.392 ;
; a[63]      ; f[56]       ; 10.573 ; 10.658 ; 11.047 ; 11.129 ;
; a[63]      ; f[57]       ; 11.745 ; 11.757 ; 12.293 ; 12.330 ;
; a[63]      ; f[58]       ; 10.981 ; 11.056 ; 11.408 ; 11.515 ;
; a[63]      ; f[59]       ; 12.690 ; 12.673 ; 13.161 ; 13.135 ;
; a[63]      ; f[63]       ; 7.997  ; 7.939  ; 8.511  ; 8.396  ;
; b[0]       ; f[0]        ; 7.907  ; 7.826  ; 8.394  ; 8.291  ;
; b[0]       ; f[1]        ; 8.057  ; 8.147  ; 8.529  ; 8.610  ;
; b[0]       ; f[2]        ; 9.286  ; 9.351  ; 9.713  ; 9.775  ;
; b[0]       ; f[3]        ; 9.540  ; 9.482  ; 10.027 ; 9.962  ;
; b[1]       ; f[1]        ; 7.521  ; 7.588  ; 8.007  ; 8.058  ;
; b[1]       ; f[2]        ; 8.845  ; 8.910  ; 9.269  ; 9.334  ;
; b[1]       ; f[3]        ; 9.130  ; 9.065  ; 9.545  ; 9.480  ;
; b[2]       ; f[2]        ; 7.560  ; 7.616  ; 7.927  ; 8.015  ;
; b[2]       ; f[3]        ; 8.185  ; 8.120  ; 8.627  ; 8.562  ;
; b[3]       ; f[3]        ; 7.881  ; 7.832  ; 8.291  ; 8.210  ;
; b[3]       ; f[4]        ; 9.909  ; 9.956  ; 10.302 ; 10.317 ;
; b[3]       ; f[5]        ; 10.505 ; 10.614 ; 10.947 ; 11.028 ;
; b[3]       ; f[6]        ; 10.782 ; 10.824 ; 11.230 ; 11.281 ;
; b[3]       ; f[7]        ; 12.138 ; 12.134 ; 12.577 ; 12.576 ;
; b[3]       ; f[8]        ; 11.740 ; 11.815 ; 12.217 ; 12.292 ;
; b[3]       ; f[9]        ; 12.052 ; 12.116 ; 12.529 ; 12.593 ;
; b[3]       ; f[10]       ; 12.042 ; 12.125 ; 12.519 ; 12.602 ;
; b[3]       ; f[11]       ; 15.488 ; 15.428 ; 15.931 ; 15.905 ;
; b[3]       ; f[12]       ; 9.930  ; 9.967  ; 10.340 ; 10.345 ;
; b[3]       ; f[13]       ; 10.709 ; 10.713 ; 11.105 ; 11.118 ;
; b[3]       ; f[14]       ; 11.283 ; 11.216 ; 11.695 ; 11.637 ;
; b[3]       ; f[15]       ; 11.991 ; 11.943 ; 12.363 ; 12.372 ;
; b[3]       ; f[16]       ; 13.464 ; 13.464 ; 13.801 ; 13.801 ;
; b[3]       ; f[17]       ; 13.370 ; 13.381 ; 13.707 ; 13.718 ;
; b[3]       ; f[18]       ; 13.799 ; 13.824 ; 14.136 ; 14.161 ;
; b[3]       ; f[19]       ; 16.095 ; 16.171 ; 16.432 ; 16.508 ;
; b[3]       ; f[32]       ; 12.144 ; 12.158 ; 12.558 ; 12.604 ;
; b[3]       ; f[33]       ; 11.545 ; 11.526 ; 12.032 ; 12.013 ;
; b[3]       ; f[34]       ; 12.456 ; 12.478 ; 12.844 ; 12.866 ;
; b[3]       ; f[35]       ; 13.101 ; 13.161 ; 13.489 ; 13.549 ;
; b[3]       ; f[48]       ; 11.812 ; 11.913 ; 12.289 ; 12.360 ;
; b[3]       ; f[49]       ; 12.229 ; 12.346 ; 12.566 ; 12.683 ;
; b[3]       ; f[50]       ; 12.120 ; 12.233 ; 12.597 ; 12.710 ;
; b[3]       ; f[51]       ; 13.148 ; 13.225 ; 13.625 ; 13.702 ;
; b[4]       ; f[4]        ; 7.386  ; 7.389  ; 7.796  ; 7.799  ;
; b[4]       ; f[5]        ; 7.711  ; 7.792  ; 8.131  ; 8.212  ;
; b[4]       ; f[6]        ; 8.266  ; 8.317  ; 8.685  ; 8.736  ;
; b[4]       ; f[7]        ; 9.613  ; 9.612  ; 10.032 ; 10.031 ;
; b[5]       ; f[5]        ; 7.477  ; 7.558  ; 7.955  ; 8.028  ;
; b[5]       ; f[6]        ; 8.489  ; 8.531  ; 8.934  ; 8.985  ;
; b[5]       ; f[7]        ; 9.845  ; 9.841  ; 10.281 ; 10.280 ;
; b[6]       ; f[6]        ; 7.847  ; 7.875  ; 8.283  ; 8.311  ;
; b[6]       ; f[7]        ; 8.896  ; 8.892  ; 9.332  ; 9.328  ;
; b[7]       ; f[4]        ; 9.228  ; 9.263  ; 9.646  ; 9.672  ;
; b[7]       ; f[5]        ; 9.873  ; 9.954  ; 10.291 ; 10.372 ;
; b[7]       ; f[6]        ; 10.156 ; 10.207 ; 10.574 ; 10.625 ;
; b[7]       ; f[7]        ; 11.503 ; 11.502 ; 11.921 ; 11.920 ;
; b[7]       ; f[8]        ; 11.740 ; 11.815 ; 12.158 ; 12.233 ;
; b[7]       ; f[9]        ; 12.052 ; 12.116 ; 12.470 ; 12.534 ;
; b[7]       ; f[10]       ; 12.042 ; 12.125 ; 12.460 ; 12.543 ;
; b[7]       ; f[11]       ; 15.454 ; 15.428 ; 15.872 ; 15.846 ;
; b[7]       ; f[12]       ; 9.670  ; 9.683  ; 10.090 ; 10.095 ;
; b[7]       ; f[13]       ; 10.435 ; 10.448 ; 10.855 ; 10.868 ;
; b[7]       ; f[14]       ; 11.025 ; 10.967 ; 11.445 ; 11.387 ;
; b[7]       ; f[15]       ; 11.707 ; 11.702 ; 12.118 ; 12.122 ;
; b[7]       ; f[16]       ; 13.074 ; 13.074 ; 13.483 ; 13.483 ;
; b[7]       ; f[17]       ; 12.980 ; 12.991 ; 13.389 ; 13.400 ;
; b[7]       ; f[18]       ; 13.409 ; 13.434 ; 13.818 ; 13.843 ;
; b[7]       ; f[19]       ; 15.705 ; 15.781 ; 16.114 ; 16.190 ;
; b[7]       ; f[32]       ; 11.792 ; 11.806 ; 12.212 ; 12.226 ;
; b[7]       ; f[33]       ; 11.216 ; 11.197 ; 11.627 ; 11.608 ;
; b[7]       ; f[34]       ; 12.104 ; 12.126 ; 12.524 ; 12.546 ;
; b[7]       ; f[35]       ; 12.749 ; 12.809 ; 13.169 ; 13.229 ;
; b[7]       ; f[48]       ; 11.425 ; 11.496 ; 11.843 ; 11.914 ;
; b[7]       ; f[49]       ; 11.839 ; 11.956 ; 12.248 ; 12.365 ;
; b[7]       ; f[50]       ; 11.733 ; 11.846 ; 12.151 ; 12.264 ;
; b[7]       ; f[51]       ; 12.761 ; 12.838 ; 13.179 ; 13.256 ;
; b[8]       ; f[8]        ; 8.163  ; 8.290  ; 8.573  ; 8.659  ;
; b[8]       ; f[9]        ; 8.157  ; 8.230  ; 8.549  ; 8.645  ;
; b[8]       ; f[10]       ; 8.746  ; 8.829  ; 9.129  ; 9.212  ;
; b[8]       ; f[11]       ; 12.193 ; 12.132 ; 12.608 ; 12.525 ;
; b[9]       ; f[9]        ; 7.654  ; 7.734  ; 8.106  ; 8.186  ;
; b[9]       ; f[10]       ; 8.802  ; 8.885  ; 9.222  ; 9.305  ;
; b[9]       ; f[11]       ; 12.243 ; 12.188 ; 12.695 ; 12.612 ;
; b[10]      ; f[10]       ; 7.629  ; 7.704  ; 8.058  ; 8.125  ;
; b[10]      ; f[11]       ; 11.284 ; 11.201 ; 11.713 ; 11.630 ;
; b[11]      ; f[4]        ; 9.683  ; 9.698  ; 10.097 ; 10.112 ;
; b[11]      ; f[5]        ; 10.328 ; 10.409 ; 10.742 ; 10.823 ;
; b[11]      ; f[6]        ; 10.611 ; 10.662 ; 11.025 ; 11.076 ;
; b[11]      ; f[7]        ; 11.958 ; 11.957 ; 12.372 ; 12.371 ;
; b[11]      ; f[8]        ; 11.740 ; 11.815 ; 12.154 ; 12.229 ;
; b[11]      ; f[9]        ; 12.052 ; 12.116 ; 12.466 ; 12.530 ;
; b[11]      ; f[10]       ; 12.042 ; 12.125 ; 12.456 ; 12.539 ;
; b[11]      ; f[11]       ; 15.454 ; 15.428 ; 15.868 ; 15.842 ;
; b[11]      ; f[12]       ; 9.579  ; 9.600  ; 9.986  ; 9.998  ;
; b[11]      ; f[13]       ; 10.344 ; 10.357 ; 10.751 ; 10.764 ;
; b[11]      ; f[14]       ; 10.934 ; 10.876 ; 11.341 ; 11.283 ;
; b[11]      ; f[15]       ; 11.624 ; 11.611 ; 12.022 ; 12.018 ;
; b[11]      ; f[16]       ; 13.023 ; 13.023 ; 13.428 ; 13.428 ;
; b[11]      ; f[17]       ; 12.929 ; 12.940 ; 13.334 ; 13.345 ;
; b[11]      ; f[18]       ; 13.358 ; 13.383 ; 13.763 ; 13.788 ;
; b[11]      ; f[19]       ; 15.654 ; 15.730 ; 16.059 ; 16.135 ;
; b[11]      ; f[32]       ; 11.679 ; 11.693 ; 12.086 ; 12.100 ;
; b[11]      ; f[33]       ; 11.104 ; 11.085 ; 11.502 ; 11.483 ;
; b[11]      ; f[34]       ; 11.991 ; 12.013 ; 12.398 ; 12.420 ;
; b[11]      ; f[35]       ; 12.636 ; 12.696 ; 13.043 ; 13.103 ;
; b[11]      ; f[48]       ; 11.443 ; 11.514 ; 11.857 ; 11.928 ;
; b[11]      ; f[49]       ; 11.788 ; 11.905 ; 12.193 ; 12.310 ;
; b[11]      ; f[50]       ; 11.751 ; 11.864 ; 12.165 ; 12.278 ;
; b[11]      ; f[51]       ; 12.779 ; 12.856 ; 13.193 ; 13.270 ;
; b[12]      ; f[12]       ; 7.629  ; 7.650  ; 8.066  ; 8.087  ;
; b[12]      ; f[13]       ; 8.255  ; 8.259  ; 8.692  ; 8.696  ;
; b[12]      ; f[14]       ; 9.143  ; 9.076  ; 9.589  ; 9.522  ;
; b[12]      ; f[15]       ; 9.851  ; 9.803  ; 10.297 ; 10.249 ;
; b[13]      ; f[13]       ; 8.385  ; 8.375  ; 8.809  ; 8.799  ;
; b[13]      ; f[14]       ; 9.708  ; 9.641  ; 10.132 ; 10.065 ;
; b[13]      ; f[15]       ; 10.416 ; 10.368 ; 10.840 ; 10.792 ;
; b[14]      ; f[14]       ; 9.041  ; 8.953  ; 9.482  ; 9.394  ;
; b[14]      ; f[15]       ; 9.749  ; 9.701  ; 10.190 ; 10.142 ;
; b[15]      ; f[4]        ; 9.617  ; 9.632  ; 10.038 ; 10.053 ;
; b[15]      ; f[5]        ; 10.262 ; 10.343 ; 10.683 ; 10.764 ;
; b[15]      ; f[6]        ; 10.545 ; 10.596 ; 10.966 ; 11.017 ;
; b[15]      ; f[7]        ; 11.892 ; 11.891 ; 12.313 ; 12.312 ;
; b[15]      ; f[8]        ; 11.813 ; 11.888 ; 12.232 ; 12.307 ;
; b[15]      ; f[9]        ; 12.125 ; 12.189 ; 12.544 ; 12.608 ;
; b[15]      ; f[10]       ; 12.115 ; 12.198 ; 12.534 ; 12.617 ;
; b[15]      ; f[11]       ; 15.527 ; 15.501 ; 15.946 ; 15.920 ;
; b[15]      ; f[15]       ; 8.912  ; 8.885  ; 9.322  ; 9.304  ;
; b[15]      ; f[16]       ; 13.144 ; 13.144 ; 13.554 ; 13.554 ;
; b[15]      ; f[17]       ; 13.050 ; 13.061 ; 13.460 ; 13.471 ;
; b[15]      ; f[18]       ; 13.479 ; 13.504 ; 13.889 ; 13.914 ;
; b[15]      ; f[19]       ; 15.775 ; 15.851 ; 16.185 ; 16.261 ;
; b[15]      ; f[32]       ; 11.886 ; 11.900 ; 12.307 ; 12.321 ;
; b[15]      ; f[33]       ; 11.285 ; 11.266 ; 11.698 ; 11.678 ;
; b[15]      ; f[34]       ; 12.198 ; 12.220 ; 12.619 ; 12.641 ;
; b[15]      ; f[35]       ; 12.843 ; 12.903 ; 13.264 ; 13.324 ;
; b[15]      ; f[48]       ; 11.604 ; 11.675 ; 12.023 ; 12.094 ;
; b[15]      ; f[49]       ; 11.909 ; 12.026 ; 12.319 ; 12.436 ;
; b[15]      ; f[50]       ; 11.912 ; 12.025 ; 12.331 ; 12.444 ;
; b[15]      ; f[51]       ; 12.940 ; 13.017 ; 13.359 ; 13.436 ;
; b[16]      ; f[16]       ; 8.700  ; 8.747  ; 9.141  ; 9.188  ;
; b[16]      ; f[17]       ; 9.228  ; 9.239  ; 9.716  ; 9.727  ;
; b[16]      ; f[18]       ; 9.522  ; 9.591  ; 9.941  ; 10.000 ;
; b[16]      ; f[19]       ; 11.796 ; 11.872 ; 12.237 ; 12.313 ;
; b[17]      ; f[17]       ; 8.529  ; 8.542  ; 8.971  ; 9.012  ;
; b[17]      ; f[18]       ; 9.701  ; 9.770  ; 10.185 ; 10.235 ;
; b[17]      ; f[19]       ; 11.985 ; 12.061 ; 12.481 ; 12.557 ;
; b[18]      ; f[18]       ; 8.403  ; 8.446  ; 8.906  ; 8.933  ;
; b[18]      ; f[19]       ; 10.699 ; 10.775 ; 11.202 ; 11.278 ;
; b[19]      ; f[16]       ; 14.524 ; 14.524 ; 14.981 ; 14.981 ;
; b[19]      ; f[17]       ; 14.430 ; 14.441 ; 14.887 ; 14.898 ;
; b[19]      ; f[18]       ; 14.859 ; 14.884 ; 15.316 ; 15.341 ;
; b[19]      ; f[19]       ; 17.155 ; 17.231 ; 17.612 ; 17.688 ;
; b[19]      ; f[20]       ; 11.835 ; 11.891 ; 12.254 ; 12.310 ;
; b[19]      ; f[21]       ; 11.731 ; 11.815 ; 12.150 ; 12.234 ;
; b[19]      ; f[22]       ; 12.699 ; 12.773 ; 13.118 ; 13.192 ;
; b[19]      ; f[23]       ; 14.211 ; 14.140 ; 14.630 ; 14.559 ;
; b[19]      ; f[24]       ; 14.160 ; 14.249 ; 14.579 ; 14.668 ;
; b[19]      ; f[25]       ; 14.565 ; 14.658 ; 14.984 ; 15.077 ;
; b[19]      ; f[26]       ; 15.940 ; 15.912 ; 16.359 ; 16.331 ;
; b[19]      ; f[27]       ; 17.884 ; 17.837 ; 18.303 ; 18.256 ;
; b[19]      ; f[28]       ; 11.913 ; 11.945 ; 12.332 ; 12.364 ;
; b[19]      ; f[29]       ; 12.336 ; 12.392 ; 12.755 ; 12.811 ;
; b[19]      ; f[30]       ; 13.820 ; 13.770 ; 14.239 ; 14.189 ;
; b[19]      ; f[31]       ; 12.893 ; 12.839 ; 13.312 ; 13.258 ;
; b[19]      ; f[48]       ; 12.922 ; 12.993 ; 13.347 ; 13.430 ;
; b[19]      ; f[49]       ; 13.289 ; 13.406 ; 13.746 ; 13.863 ;
; b[19]      ; f[50]       ; 13.230 ; 13.343 ; 13.655 ; 13.768 ;
; b[19]      ; f[51]       ; 14.258 ; 14.335 ; 14.683 ; 14.760 ;
; b[20]      ; f[20]       ; 8.174  ; 8.233  ; 8.644  ; 8.703  ;
; b[20]      ; f[21]       ; 9.113  ; 9.207  ; 9.580  ; 9.646  ;
; b[20]      ; f[22]       ; 9.940  ; 10.028 ; 10.379 ; 10.467 ;
; b[20]      ; f[23]       ; 11.396 ; 11.382 ; 11.835 ; 11.821 ;
; b[21]      ; f[21]       ; 7.508  ; 7.612  ; 7.904  ; 8.004  ;
; b[21]      ; f[22]       ; 9.039  ; 9.127  ; 9.440  ; 9.528  ;
; b[21]      ; f[23]       ; 10.495 ; 10.481 ; 10.896 ; 10.882 ;
; b[22]      ; f[22]       ; 7.537  ; 7.639  ; 8.006  ; 8.117  ;
; b[22]      ; f[23]       ; 9.030  ; 8.982  ; 9.516  ; 9.445  ;
; b[23]      ; f[16]       ; 12.460 ; 12.460 ; 12.888 ; 12.888 ;
; b[23]      ; f[17]       ; 12.366 ; 12.377 ; 12.794 ; 12.805 ;
; b[23]      ; f[18]       ; 12.795 ; 12.820 ; 13.223 ; 13.248 ;
; b[23]      ; f[19]       ; 15.091 ; 15.167 ; 15.519 ; 15.595 ;
; b[23]      ; f[20]       ; 8.749  ; 8.787  ; 9.186  ; 9.215  ;
; b[23]      ; f[21]       ; 9.097  ; 9.181  ; 9.525  ; 9.609  ;
; b[23]      ; f[22]       ; 10.065 ; 10.147 ; 10.496 ; 10.584 ;
; b[23]      ; f[23]       ; 11.577 ; 11.506 ; 12.005 ; 11.938 ;
; b[23]      ; f[24]       ; 11.576 ; 11.674 ; 12.013 ; 12.111 ;
; b[23]      ; f[25]       ; 12.018 ; 12.079 ; 12.455 ; 12.516 ;
; b[23]      ; f[26]       ; 13.393 ; 13.333 ; 13.830 ; 13.770 ;
; b[23]      ; f[27]       ; 15.250 ; 15.203 ; 15.678 ; 15.631 ;
; b[23]      ; f[28]       ; 8.955  ; 9.000  ; 9.383  ; 9.437  ;
; b[23]      ; f[29]       ; 9.410  ; 9.475  ; 9.847  ; 9.912  ;
; b[23]      ; f[30]       ; 10.862 ; 10.821 ; 11.299 ; 11.258 ;
; b[23]      ; f[31]       ; 9.935  ; 9.885  ; 10.367 ; 10.322 ;
; b[23]      ; f[48]       ; 11.376 ; 11.447 ; 11.813 ; 11.884 ;
; b[23]      ; f[49]       ; 11.225 ; 11.342 ; 11.653 ; 11.770 ;
; b[23]      ; f[50]       ; 11.684 ; 11.797 ; 12.121 ; 12.234 ;
; b[23]      ; f[51]       ; 12.712 ; 12.789 ; 13.149 ; 13.226 ;
; b[24]      ; f[24]       ; 7.456  ; 7.531  ; 7.827  ; 7.892  ;
; b[24]      ; f[25]       ; 7.867  ; 7.960  ; 8.279  ; 8.340  ;
; b[24]      ; f[26]       ; 9.657  ; 9.629  ; 10.104 ; 10.044 ;
; b[24]      ; f[27]       ; 11.601 ; 11.554 ; 11.962 ; 11.915 ;
; b[25]      ; f[25]       ; 7.587  ; 7.664  ; 8.010  ; 8.087  ;
; b[25]      ; f[26]       ; 9.931  ; 9.903  ; 10.371 ; 10.311 ;
; b[25]      ; f[27]       ; 11.875 ; 11.828 ; 12.226 ; 12.179 ;
; b[26]      ; f[26]       ; 8.810  ; 8.802  ; 9.208  ; 9.161  ;
; b[26]      ; f[27]       ; 10.771 ; 10.724 ; 11.130 ; 11.083 ;
; b[27]      ; f[16]       ; 12.070 ; 12.070 ; 12.477 ; 12.477 ;
; b[27]      ; f[17]       ; 11.976 ; 11.987 ; 12.383 ; 12.394 ;
; b[27]      ; f[18]       ; 12.405 ; 12.430 ; 12.812 ; 12.837 ;
; b[27]      ; f[19]       ; 14.701 ; 14.777 ; 15.108 ; 15.184 ;
; b[27]      ; f[20]       ; 8.517  ; 8.555  ; 8.936  ; 8.965  ;
; b[27]      ; f[21]       ; 8.960  ; 9.044  ; 9.370  ; 9.454  ;
; b[27]      ; f[22]       ; 9.928  ; 10.008 ; 10.339 ; 10.427 ;
; b[27]      ; f[23]       ; 11.440 ; 11.369 ; 11.850 ; 11.781 ;
; b[27]      ; f[24]       ; 11.437 ; 11.535 ; 11.856 ; 11.954 ;
; b[27]      ; f[25]       ; 11.879 ; 11.940 ; 12.298 ; 12.359 ;
; b[27]      ; f[26]       ; 13.254 ; 13.194 ; 13.673 ; 13.613 ;
; b[27]      ; f[27]       ; 15.113 ; 15.066 ; 15.523 ; 15.476 ;
; b[27]      ; f[28]       ; 8.346  ; 8.384  ; 8.753  ; 8.800  ;
; b[27]      ; f[29]       ; 8.794  ; 8.859  ; 9.210  ; 9.275  ;
; b[27]      ; f[30]       ; 10.253 ; 10.205 ; 10.662 ; 10.621 ;
; b[27]      ; f[31]       ; 9.326  ; 9.272  ; 9.733  ; 9.685  ;
; b[27]      ; f[48]       ; 11.014 ; 11.085 ; 11.430 ; 11.501 ;
; b[27]      ; f[49]       ; 10.835 ; 10.952 ; 11.242 ; 11.359 ;
; b[27]      ; f[50]       ; 11.322 ; 11.435 ; 11.738 ; 11.851 ;
; b[27]      ; f[51]       ; 12.350 ; 12.427 ; 12.766 ; 12.843 ;
; b[28]      ; f[28]       ; 8.320  ; 8.387  ; 8.834  ; 8.913  ;
; b[28]      ; f[29]       ; 8.787  ; 8.852  ; 9.296  ; 9.352  ;
; b[28]      ; f[30]       ; 10.107 ; 10.057 ; 10.589 ; 10.539 ;
; b[28]      ; f[31]       ; 9.180  ; 9.126  ; 9.662  ; 9.608  ;
; b[29]      ; f[29]       ; 8.085  ; 8.127  ; 8.558  ; 8.600  ;
; b[29]      ; f[30]       ; 9.966  ; 9.925  ; 10.425 ; 10.375 ;
; b[29]      ; f[31]       ; 9.034  ; 8.989  ; 9.498  ; 9.444  ;
; b[30]      ; f[30]       ; 9.151  ; 9.087  ; 9.653  ; 9.573  ;
; b[30]      ; f[31]       ; 8.389  ; 8.335  ; 8.891  ; 8.837  ;
; b[31]      ; f[16]       ; 13.117 ; 13.117 ; 13.468 ; 13.468 ;
; b[31]      ; f[17]       ; 13.023 ; 13.034 ; 13.374 ; 13.385 ;
; b[31]      ; f[18]       ; 13.452 ; 13.477 ; 13.803 ; 13.828 ;
; b[31]      ; f[19]       ; 15.748 ; 15.824 ; 16.099 ; 16.175 ;
; b[31]      ; f[20]       ; 8.678  ; 8.734  ; 9.109  ; 9.137  ;
; b[31]      ; f[21]       ; 9.151  ; 9.235  ; 9.557  ; 9.609  ;
; b[31]      ; f[22]       ; 10.119 ; 10.193 ; 10.549 ; 10.637 ;
; b[31]      ; f[23]       ; 11.631 ; 11.560 ; 12.005 ; 11.991 ;
; b[31]      ; f[24]       ; 11.614 ; 11.712 ; 12.066 ; 12.164 ;
; b[31]      ; f[25]       ; 12.056 ; 12.117 ; 12.508 ; 12.569 ;
; b[31]      ; f[26]       ; 13.431 ; 13.371 ; 13.883 ; 13.823 ;
; b[31]      ; f[27]       ; 15.304 ; 15.257 ; 15.718 ; 15.639 ;
; b[31]      ; f[31]       ; 8.541  ; 8.484  ; 8.910  ; 8.897  ;
; b[31]      ; f[48]       ; 11.504 ; 11.575 ; 11.956 ; 12.027 ;
; b[31]      ; f[49]       ; 11.882 ; 11.999 ; 12.233 ; 12.350 ;
; b[31]      ; f[50]       ; 11.812 ; 11.925 ; 12.264 ; 12.377 ;
; b[31]      ; f[51]       ; 12.840 ; 12.917 ; 13.292 ; 13.369 ;
; b[32]      ; f[32]       ; 9.145  ; 9.168  ; 9.593  ; 9.616  ;
; b[32]      ; f[33]       ; 9.076  ; 9.057  ; 9.524  ; 9.505  ;
; b[32]      ; f[34]       ; 9.891  ; 9.913  ; 10.291 ; 10.313 ;
; b[32]      ; f[35]       ; 10.536 ; 10.596 ; 10.936 ; 10.996 ;
; b[33]      ; f[33]       ; 6.293  ; 6.281  ; 6.372  ; 6.335  ;
; b[33]      ; f[34]       ; 7.785  ; 7.793  ; 7.938  ; 7.960  ;
; b[33]      ; f[35]       ; 8.398  ; 8.458  ; 8.583  ; 8.643  ;
; b[34]      ; f[34]       ; 8.633  ; 8.669  ; 9.075  ; 9.120  ;
; b[34]      ; f[35]       ; 9.281  ; 9.341  ; 9.733  ; 9.745  ;
; b[35]      ; f[16]       ; 10.977 ; 10.977 ; 11.466 ; 11.466 ;
; b[35]      ; f[17]       ; 11.387 ; 11.398 ; 11.876 ; 11.887 ;
; b[35]      ; f[18]       ; 11.312 ; 11.337 ; 11.801 ; 11.826 ;
; b[35]      ; f[19]       ; 13.608 ; 13.684 ; 14.097 ; 14.173 ;
; b[35]      ; f[32]       ; 11.496 ; 11.542 ; 11.985 ; 12.031 ;
; b[35]      ; f[33]       ; 11.373 ; 11.354 ; 11.862 ; 11.843 ;
; b[35]      ; f[34]       ; 11.769 ; 11.777 ; 12.258 ; 12.266 ;
; b[35]      ; f[35]       ; 12.382 ; 12.442 ; 12.876 ; 12.936 ;
; b[35]      ; f[36]       ; 9.202  ; 9.274  ; 9.693  ; 9.763  ;
; b[35]      ; f[37]       ; 9.167  ; 9.211  ; 9.656  ; 9.700  ;
; b[35]      ; f[38]       ; 9.970  ; 10.034 ; 10.464 ; 10.528 ;
; b[35]      ; f[39]       ; 11.242 ; 11.206 ; 11.734 ; 11.700 ;
; b[35]      ; f[40]       ; 10.538 ; 10.618 ; 11.032 ; 11.107 ;
; b[35]      ; f[41]       ; 11.029 ; 11.041 ; 11.523 ; 11.535 ;
; b[35]      ; f[42]       ; 11.139 ; 11.166 ; 11.633 ; 11.660 ;
; b[35]      ; f[43]       ; 11.497 ; 11.450 ; 11.986 ; 11.944 ;
; b[35]      ; f[44]       ; 11.073 ; 11.135 ; 11.567 ; 11.629 ;
; b[35]      ; f[45]       ; 11.685 ; 11.788 ; 12.179 ; 12.282 ;
; b[35]      ; f[46]       ; 11.575 ; 11.639 ; 12.069 ; 12.133 ;
; b[35]      ; f[47]       ; 12.371 ; 12.302 ; 12.865 ; 12.796 ;
; b[36]      ; f[36]       ; 6.125  ; 6.156  ; 6.375  ; 6.405  ;
; b[36]      ; f[37]       ; 6.555  ; 6.599  ; 6.714  ; 6.767  ;
; b[36]      ; f[38]       ; 7.334  ; 7.364  ; 7.550  ; 7.614  ;
; b[36]      ; f[39]       ; 8.630  ; 8.552  ; 8.820  ; 8.786  ;
; b[37]      ; f[37]       ; 7.866  ; 7.932  ; 8.291  ; 8.315  ;
; b[37]      ; f[38]       ; 8.902  ; 8.949  ; 9.343  ; 9.407  ;
; b[37]      ; f[39]       ; 10.198 ; 10.121 ; 10.613 ; 10.579 ;
; b[38]      ; f[38]       ; 8.065  ; 8.139  ; 8.522  ; 8.550  ;
; b[38]      ; f[39]       ; 9.207  ; 9.129  ; 9.722  ; 9.644  ;
; b[39]      ; f[16]       ; 11.213 ; 11.229 ; 11.667 ; 11.667 ;
; b[39]      ; f[17]       ; 11.318 ; 11.329 ; 11.772 ; 11.783 ;
; b[39]      ; f[18]       ; 11.552 ; 11.621 ; 12.002 ; 12.044 ;
; b[39]      ; f[19]       ; 13.844 ; 13.920 ; 14.298 ; 14.374 ;
; b[39]      ; f[32]       ; 11.533 ; 11.579 ; 11.987 ; 12.033 ;
; b[39]      ; f[33]       ; 11.304 ; 11.285 ; 11.758 ; 11.739 ;
; b[39]      ; f[34]       ; 11.842 ; 11.864 ; 12.265 ; 12.287 ;
; b[39]      ; f[35]       ; 12.487 ; 12.547 ; 12.910 ; 12.970 ;
; b[39]      ; f[36]       ; 8.853  ; 8.901  ; 9.283  ; 9.355  ;
; b[39]      ; f[37]       ; 9.136  ; 9.180  ; 9.590  ; 9.634  ;
; b[39]      ; f[38]       ; 9.961  ; 10.025 ; 10.384 ; 10.448 ;
; b[39]      ; f[39]       ; 11.231 ; 11.197 ; 11.665 ; 11.620 ;
; b[39]      ; f[40]       ; 11.327 ; 11.384 ; 11.751 ; 11.838 ;
; b[39]      ; f[41]       ; 11.818 ; 11.830 ; 12.241 ; 12.257 ;
; b[39]      ; f[42]       ; 11.928 ; 11.955 ; 12.351 ; 12.378 ;
; b[39]      ; f[43]       ; 12.263 ; 12.239 ; 12.717 ; 12.662 ;
; b[39]      ; f[44]       ; 10.053 ; 10.115 ; 10.498 ; 10.560 ;
; b[39]      ; f[45]       ; 10.665 ; 10.768 ; 11.110 ; 11.213 ;
; b[39]      ; f[46]       ; 10.555 ; 10.619 ; 11.000 ; 11.064 ;
; b[39]      ; f[47]       ; 11.351 ; 11.282 ; 11.796 ; 11.727 ;
; b[40]      ; f[40]       ; 7.684  ; 7.748  ; 8.112  ; 8.176  ;
; b[40]      ; f[41]       ; 8.139  ; 8.166  ; 8.550  ; 8.594  ;
; b[40]      ; f[42]       ; 8.993  ; 9.020  ; 9.375  ; 9.402  ;
; b[40]      ; f[43]       ; 9.320  ; 9.304  ; 9.731  ; 9.686  ;
; b[41]      ; f[41]       ; 7.746  ; 7.774  ; 8.168  ; 8.196  ;
; b[41]      ; f[42]       ; 8.903  ; 8.930  ; 9.293  ; 9.320  ;
; b[41]      ; f[43]       ; 9.230  ; 9.214  ; 9.649  ; 9.604  ;
; b[42]      ; f[42]       ; 7.480  ; 7.521  ; 7.957  ; 8.007  ;
; b[42]      ; f[43]       ; 8.436  ; 8.376  ; 8.925  ; 8.865  ;
; b[43]      ; f[16]       ; 12.031 ; 12.059 ; 12.514 ; 12.514 ;
; b[43]      ; f[17]       ; 12.136 ; 12.147 ; 12.619 ; 12.630 ;
; b[43]      ; f[18]       ; 12.382 ; 12.451 ; 12.849 ; 12.874 ;
; b[43]      ; f[19]       ; 14.662 ; 14.738 ; 15.145 ; 15.221 ;
; b[43]      ; f[32]       ; 12.360 ; 12.397 ; 12.834 ; 12.880 ;
; b[43]      ; f[33]       ; 12.122 ; 12.103 ; 12.605 ; 12.586 ;
; b[43]      ; f[34]       ; 12.672 ; 12.694 ; 13.107 ; 13.115 ;
; b[43]      ; f[35]       ; 13.317 ; 13.377 ; 13.726 ; 13.786 ;
; b[43]      ; f[36]       ; 10.304 ; 10.376 ; 10.787 ; 10.859 ;
; b[43]      ; f[37]       ; 11.099 ; 11.143 ; 11.582 ; 11.626 ;
; b[43]      ; f[38]       ; 11.878 ; 11.932 ; 12.361 ; 12.381 ;
; b[43]      ; f[39]       ; 13.174 ; 13.104 ; 13.657 ; 13.579 ;
; b[43]      ; f[40]       ; 13.260 ; 13.347 ; 13.743 ; 13.830 ;
; b[43]      ; f[41]       ; 13.725 ; 13.766 ; 14.205 ; 14.249 ;
; b[43]      ; f[42]       ; 13.840 ; 13.862 ; 14.323 ; 14.336 ;
; b[43]      ; f[43]       ; 14.226 ; 14.166 ; 14.709 ; 14.649 ;
; b[43]      ; f[44]       ; 11.953 ; 12.015 ; 12.376 ; 12.470 ;
; b[43]      ; f[45]       ; 12.565 ; 12.668 ; 12.984 ; 13.064 ;
; b[43]      ; f[46]       ; 12.455 ; 12.519 ; 12.851 ; 12.941 ;
; b[43]      ; f[47]       ; 13.251 ; 13.182 ; 13.724 ; 13.611 ;
; b[44]      ; f[44]       ; 7.335  ; 7.434  ; 7.759  ; 7.863  ;
; b[44]      ; f[45]       ; 7.948  ; 8.051  ; 8.377  ; 8.436  ;
; b[44]      ; f[46]       ; 8.416  ; 8.480  ; 8.795  ; 8.859  ;
; b[44]      ; f[47]       ; 9.212  ; 9.143  ; 9.639  ; 9.526  ;
; b[45]      ; f[45]       ; 7.335  ; 7.438  ; 7.796  ; 7.909  ;
; b[45]      ; f[46]       ; 8.410  ; 8.474  ; 8.816  ; 8.884  ;
; b[45]      ; f[47]       ; 9.206  ; 9.137  ; 9.667  ; 9.554  ;
; b[46]      ; f[46]       ; 7.192  ; 7.265  ; 7.605  ; 7.678  ;
; b[46]      ; f[47]       ; 8.053  ; 7.940  ; 8.466  ; 8.353  ;
; b[47]      ; f[16]       ; 12.050 ; 12.050 ; 12.499 ; 12.499 ;
; b[47]      ; f[17]       ; 12.460 ; 12.471 ; 12.909 ; 12.920 ;
; b[47]      ; f[18]       ; 12.385 ; 12.431 ; 12.834 ; 12.859 ;
; b[47]      ; f[19]       ; 14.681 ; 14.757 ; 15.130 ; 15.206 ;
; b[47]      ; f[32]       ; 12.569 ; 12.615 ; 13.018 ; 13.064 ;
; b[47]      ; f[33]       ; 12.446 ; 12.427 ; 12.895 ; 12.876 ;
; b[47]      ; f[34]       ; 12.842 ; 12.860 ; 13.291 ; 13.299 ;
; b[47]      ; f[35]       ; 13.483 ; 13.543 ; 13.900 ; 13.960 ;
; b[47]      ; f[36]       ; 10.585 ; 10.635 ; 11.022 ; 11.094 ;
; b[47]      ; f[37]       ; 11.009 ; 11.053 ; 11.468 ; 11.512 ;
; b[47]      ; f[38]       ; 11.797 ; 11.861 ; 12.247 ; 12.267 ;
; b[47]      ; f[39]       ; 13.084 ; 13.033 ; 13.543 ; 13.465 ;
; b[47]      ; f[40]       ; 13.170 ; 13.257 ; 13.629 ; 13.716 ;
; b[47]      ; f[41]       ; 13.654 ; 13.676 ; 14.091 ; 14.135 ;
; b[47]      ; f[42]       ; 13.764 ; 13.791 ; 14.209 ; 14.222 ;
; b[47]      ; f[43]       ; 14.136 ; 14.076 ; 14.595 ; 14.535 ;
; b[47]      ; f[47]       ; 7.975  ; 7.876  ; 8.434  ; 8.311  ;
; b[48]      ; f[48]       ; 7.429  ; 7.516  ; 7.862  ; 7.949  ;
; b[48]      ; f[49]       ; 8.076  ; 8.193  ; 8.509  ; 8.626  ;
; b[48]      ; f[50]       ; 8.150  ; 8.263  ; 8.551  ; 8.664  ;
; b[48]      ; f[51]       ; 9.178  ; 9.255  ; 9.579  ; 9.656  ;
; b[49]      ; f[49]       ; 7.301  ; 7.376  ; 7.741  ; 7.827  ;
; b[49]      ; f[50]       ; 8.254  ; 8.367  ; 8.662  ; 8.775  ;
; b[49]      ; f[51]       ; 9.282  ; 9.359  ; 9.690  ; 9.767  ;
; b[50]      ; f[50]       ; 7.798  ; 7.888  ; 8.289  ; 8.379  ;
; b[50]      ; f[51]       ; 8.238  ; 8.315  ; 8.697  ; 8.760  ;
; b[51]      ; f[16]       ; 11.571 ; 11.571 ; 12.059 ; 12.059 ;
; b[51]      ; f[17]       ; 11.981 ; 11.992 ; 12.469 ; 12.480 ;
; b[51]      ; f[18]       ; 11.906 ; 11.943 ; 12.394 ; 12.419 ;
; b[51]      ; f[19]       ; 14.202 ; 14.278 ; 14.690 ; 14.766 ;
; b[51]      ; f[32]       ; 12.090 ; 12.136 ; 12.578 ; 12.624 ;
; b[51]      ; f[33]       ; 11.967 ; 11.948 ; 12.455 ; 12.436 ;
; b[51]      ; f[34]       ; 12.363 ; 12.372 ; 12.851 ; 12.859 ;
; b[51]      ; f[35]       ; 12.995 ; 13.055 ; 13.458 ; 13.461 ;
; b[51]      ; f[48]       ; 12.428 ; 12.499 ; 12.844 ; 12.915 ;
; b[51]      ; f[49]       ; 12.557 ; 12.643 ; 12.973 ; 13.050 ;
; b[51]      ; f[50]       ; 12.736 ; 12.849 ; 13.152 ; 13.265 ;
; b[51]      ; f[51]       ; 13.764 ; 13.841 ; 14.180 ; 14.257 ;
; b[51]      ; f[52]       ; 8.876  ; 8.982  ; 9.283  ; 9.389  ;
; b[51]      ; f[53]       ; 9.520  ; 9.604  ; 9.927  ; 10.020 ;
; b[51]      ; f[54]       ; 9.716  ; 9.726  ; 10.132 ; 10.142 ;
; b[51]      ; f[55]       ; 10.411 ; 10.385 ; 10.827 ; 10.792 ;
; b[51]      ; f[56]       ; 11.400 ; 11.482 ; 11.807 ; 11.889 ;
; b[51]      ; f[57]       ; 12.646 ; 12.683 ; 13.053 ; 13.090 ;
; b[51]      ; f[58]       ; 11.761 ; 11.868 ; 12.175 ; 12.275 ;
; b[51]      ; f[59]       ; 13.514 ; 13.488 ; 13.921 ; 13.895 ;
; b[51]      ; f[60]       ; 10.108 ; 10.201 ; 10.515 ; 10.608 ;
; b[51]      ; f[61]       ; 10.560 ; 10.656 ; 10.967 ; 11.063 ;
; b[51]      ; f[62]       ; 10.448 ; 10.541 ; 10.855 ; 10.948 ;
; b[51]      ; f[63]       ; 11.494 ; 11.389 ; 11.901 ; 11.796 ;
; b[52]      ; f[52]       ; 7.682  ; 7.793  ; 8.143  ; 8.266  ;
; b[52]      ; f[53]       ; 8.039  ; 8.144  ; 8.512  ; 8.563  ;
; b[52]      ; f[54]       ; 8.586  ; 8.596  ; 8.995  ; 9.005  ;
; b[52]      ; f[55]       ; 9.281  ; 9.245  ; 9.690  ; 9.673  ;
; b[53]      ; f[53]       ; 7.782  ; 7.880  ; 8.193  ; 8.247  ;
; b[53]      ; f[54]       ; 8.704  ; 8.714  ; 9.113  ; 9.155  ;
; b[53]      ; f[55]       ; 9.399  ; 9.363  ; 9.833  ; 9.829  ;
; b[54]      ; f[54]       ; 7.537  ; 7.563  ; 7.972  ; 7.998  ;
; b[54]      ; f[55]       ; 8.243  ; 8.239  ; 8.678  ; 8.674  ;
; b[55]      ; f[16]       ; 12.070 ; 12.078 ; 12.555 ; 12.555 ;
; b[55]      ; f[17]       ; 12.175 ; 12.186 ; 12.660 ; 12.671 ;
; b[55]      ; f[18]       ; 12.405 ; 12.470 ; 12.890 ; 12.915 ;
; b[55]      ; f[19]       ; 14.701 ; 14.777 ; 15.186 ; 15.262 ;
; b[55]      ; f[32]       ; 12.390 ; 12.436 ; 12.875 ; 12.921 ;
; b[55]      ; f[33]       ; 12.161 ; 12.142 ; 12.646 ; 12.627 ;
; b[55]      ; f[34]       ; 12.691 ; 12.713 ; 13.148 ; 13.156 ;
; b[55]      ; f[35]       ; 13.336 ; 13.396 ; 13.755 ; 13.782 ;
; b[55]      ; f[48]       ; 11.693 ; 11.764 ; 12.111 ; 12.182 ;
; b[55]      ; f[49]       ; 11.822 ; 11.894 ; 12.240 ; 12.303 ;
; b[55]      ; f[50]       ; 12.001 ; 12.114 ; 12.419 ; 12.532 ;
; b[55]      ; f[51]       ; 13.029 ; 13.106 ; 13.447 ; 13.524 ;
; b[55]      ; f[52]       ; 8.669  ; 8.775  ; 9.078  ; 9.184  ;
; b[55]      ; f[53]       ; 9.313  ; 9.400  ; 9.722  ; 9.818  ;
; b[55]      ; f[54]       ; 9.512  ; 9.522  ; 9.930  ; 9.940  ;
; b[55]      ; f[55]       ; 10.207 ; 10.178 ; 10.625 ; 10.589 ;
; b[55]      ; f[56]       ; 10.651 ; 10.733 ; 11.060 ; 11.142 ;
; b[55]      ; f[57]       ; 11.897 ; 11.934 ; 12.306 ; 12.343 ;
; b[55]      ; f[58]       ; 11.032 ; 11.119 ; 11.450 ; 11.528 ;
; b[55]      ; f[59]       ; 12.765 ; 12.739 ; 13.174 ; 13.148 ;
; b[55]      ; f[60]       ; 10.113 ; 10.206 ; 10.598 ; 10.691 ;
; b[55]      ; f[61]       ; 10.565 ; 10.661 ; 11.050 ; 11.146 ;
; b[55]      ; f[62]       ; 10.453 ; 10.546 ; 10.938 ; 11.031 ;
; b[55]      ; f[63]       ; 11.499 ; 11.394 ; 11.984 ; 11.879 ;
; b[56]      ; f[56]       ; 7.442  ; 7.534  ; 7.891  ; 7.967  ;
; b[56]      ; f[57]       ; 9.207  ; 9.244  ; 9.656  ; 9.693  ;
; b[56]      ; f[58]       ; 8.296  ; 8.371  ; 8.692  ; 8.769  ;
; b[56]      ; f[59]       ; 10.005 ; 9.988  ; 10.415 ; 10.389 ;
; b[57]      ; f[57]       ; 8.861  ; 8.891  ; 9.266  ; 9.296  ;
; b[57]      ; f[58]       ; 8.618  ; 8.693  ; 9.001  ; 9.091  ;
; b[57]      ; f[59]       ; 10.327 ; 10.310 ; 10.737 ; 10.711 ;
; b[58]      ; f[58]       ; 7.496  ; 7.587  ; 7.936  ; 8.027  ;
; b[58]      ; f[59]       ; 9.222  ; 9.196  ; 9.662  ; 9.636  ;
; b[59]      ; f[16]       ; 11.044 ; 11.044 ; 11.461 ; 11.461 ;
; b[59]      ; f[17]       ; 11.149 ; 11.160 ; 11.566 ; 11.577 ;
; b[59]      ; f[18]       ; 11.379 ; 11.417 ; 11.796 ; 11.821 ;
; b[59]      ; f[19]       ; 13.675 ; 13.751 ; 14.092 ; 14.168 ;
; b[59]      ; f[32]       ; 11.364 ; 11.410 ; 11.781 ; 11.827 ;
; b[59]      ; f[33]       ; 11.135 ; 11.116 ; 11.552 ; 11.533 ;
; b[59]      ; f[34]       ; 11.638 ; 11.660 ; 12.054 ; 12.062 ;
; b[59]      ; f[35]       ; 12.283 ; 12.343 ; 12.667 ; 12.727 ;
; b[59]      ; f[48]       ; 11.997 ; 12.068 ; 12.436 ; 12.507 ;
; b[59]      ; f[49]       ; 12.126 ; 12.187 ; 12.565 ; 12.626 ;
; b[59]      ; f[50]       ; 12.305 ; 12.418 ; 12.744 ; 12.857 ;
; b[59]      ; f[51]       ; 13.333 ; 13.410 ; 13.772 ; 13.849 ;
; b[59]      ; f[52]       ; 11.225 ; 11.331 ; 11.603 ; 11.709 ;
; b[59]      ; f[53]       ; 11.869 ; 11.920 ; 12.247 ; 12.298 ;
; b[59]      ; f[54]       ; 12.018 ; 12.060 ; 12.403 ; 12.438 ;
; b[59]      ; f[55]       ; 12.738 ; 12.734 ; 13.116 ; 13.112 ;
; b[59]      ; f[56]       ; 10.928 ; 11.013 ; 11.367 ; 11.452 ;
; b[59]      ; f[57]       ; 12.166 ; 12.203 ; 12.544 ; 12.581 ;
; b[59]      ; f[58]       ; 11.336 ; 11.411 ; 11.775 ; 11.850 ;
; b[59]      ; f[59]       ; 13.045 ; 13.028 ; 13.484 ; 13.467 ;
; b[59]      ; f[60]       ; 7.928  ; 8.021  ; 8.345  ; 8.438  ;
; b[59]      ; f[61]       ; 8.399  ; 8.476  ; 8.797  ; 8.893  ;
; b[59]      ; f[62]       ; 8.268  ; 8.362  ; 8.685  ; 8.778  ;
; b[59]      ; f[63]       ; 9.314  ; 9.232  ; 9.731  ; 9.626  ;
; b[60]      ; f[60]       ; 7.505  ; 7.584  ; 8.012  ; 8.091  ;
; b[60]      ; f[61]       ; 7.997  ; 8.061  ; 8.471  ; 8.567  ;
; b[60]      ; f[62]       ; 8.184  ; 8.286  ; 8.625  ; 8.718  ;
; b[60]      ; f[63]       ; 9.217  ; 9.156  ; 9.671  ; 9.566  ;
; b[61]      ; f[61]       ; 7.623  ; 7.729  ; 8.025  ; 8.112  ;
; b[61]      ; f[62]       ; 8.506  ; 8.608  ; 8.950  ; 9.052  ;
; b[61]      ; f[63]       ; 9.541  ; 9.478  ; 9.983  ; 9.922  ;
; b[62]      ; f[62]       ; 7.571  ; 7.643  ; 8.062  ; 8.134  ;
; b[62]      ; f[63]       ; 8.616  ; 8.511  ; 9.107  ; 9.002  ;
; b[63]      ; f[16]       ; 11.654 ; 11.663 ; 12.078 ; 12.078 ;
; b[63]      ; f[17]       ; 12.064 ; 12.075 ; 12.488 ; 12.499 ;
; b[63]      ; f[18]       ; 11.989 ; 12.055 ; 12.413 ; 12.438 ;
; b[63]      ; f[19]       ; 14.285 ; 14.361 ; 14.709 ; 14.785 ;
; b[63]      ; f[32]       ; 12.173 ; 12.219 ; 12.597 ; 12.643 ;
; b[63]      ; f[33]       ; 12.050 ; 12.031 ; 12.474 ; 12.455 ;
; b[63]      ; f[34]       ; 12.462 ; 12.484 ; 12.870 ; 12.878 ;
; b[63]      ; f[35]       ; 13.107 ; 13.167 ; 13.481 ; 13.541 ;
; b[63]      ; f[48]       ; 11.750 ; 11.821 ; 12.146 ; 12.217 ;
; b[63]      ; f[49]       ; 11.879 ; 11.940 ; 12.275 ; 12.366 ;
; b[63]      ; f[50]       ; 12.058 ; 12.171 ; 12.454 ; 12.567 ;
; b[63]      ; f[51]       ; 13.086 ; 13.163 ; 13.482 ; 13.559 ;
; b[63]      ; f[52]       ; 10.625 ; 10.731 ; 11.049 ; 11.155 ;
; b[63]      ; f[53]       ; 11.269 ; 11.320 ; 11.693 ; 11.744 ;
; b[63]      ; f[54]       ; 11.431 ; 11.460 ; 11.842 ; 11.884 ;
; b[63]      ; f[55]       ; 12.138 ; 12.134 ; 12.562 ; 12.558 ;
; b[63]      ; f[56]       ; 10.693 ; 10.775 ; 11.121 ; 11.203 ;
; b[63]      ; f[57]       ; 11.939 ; 11.976 ; 12.367 ; 12.404 ;
; b[63]      ; f[58]       ; 11.089 ; 11.164 ; 11.485 ; 11.589 ;
; b[63]      ; f[59]       ; 12.807 ; 12.781 ; 13.235 ; 13.209 ;
; b[63]      ; f[63]       ; 8.157  ; 8.047  ; 8.585  ; 8.470  ;
; c          ; f[0]        ; 6.874  ; 6.791  ; 7.272  ; 7.221  ;
; c          ; f[1]        ; 7.047  ; 7.137  ; 7.450  ; 7.531  ;
; c          ; f[2]        ; 8.158  ; 8.223  ; 8.508  ; 8.570  ;
; c          ; f[3]        ; 8.405  ; 8.354  ; 8.822  ; 8.757  ;
; s[0]       ; f[0]        ; 8.828  ; 8.782  ; 9.477  ; 9.374  ;
; s[0]       ; f[1]        ; 9.013  ; 9.103  ; 9.612  ; 9.693  ;
; s[0]       ; f[2]        ; 10.242 ; 10.307 ; 10.796 ; 10.858 ;
; s[0]       ; f[3]        ; 10.489 ; 10.438 ; 11.110 ; 11.045 ;
; s[0]       ; f[4]        ; 10.136 ; 10.151 ; 10.611 ; 10.658 ;
; s[0]       ; f[5]        ; 10.781 ; 10.862 ; 11.207 ; 11.316 ;
; s[0]       ; f[6]        ; 11.064 ; 11.115 ; 11.484 ; 11.526 ;
; s[0]       ; f[7]        ; 12.411 ; 12.410 ; 12.840 ; 12.836 ;
; s[0]       ; f[8]        ; 11.876 ; 11.951 ; 12.239 ; 12.346 ;
; s[0]       ; f[9]        ; 12.188 ; 12.252 ; 12.478 ; 12.574 ;
; s[0]       ; f[10]       ; 12.178 ; 12.261 ; 12.513 ; 12.582 ;
; s[0]       ; f[11]       ; 15.590 ; 15.564 ; 16.031 ; 15.948 ;
; s[0]       ; f[12]       ; 10.450 ; 10.455 ; 10.947 ; 10.984 ;
; s[0]       ; f[13]       ; 11.215 ; 11.228 ; 11.726 ; 11.730 ;
; s[0]       ; f[14]       ; 11.805 ; 11.747 ; 12.300 ; 12.233 ;
; s[0]       ; f[15]       ; 12.473 ; 12.482 ; 13.008 ; 12.960 ;
; s[0]       ; f[16]       ; 14.992 ; 15.049 ; 15.744 ; 15.744 ;
; s[0]       ; f[17]       ; 14.836 ; 14.842 ; 15.650 ; 15.661 ;
; s[0]       ; f[18]       ; 15.372 ; 15.441 ; 16.079 ; 16.104 ;
; s[0]       ; f[19]       ; 17.523 ; 17.594 ; 18.375 ; 18.451 ;
; s[0]       ; f[20]       ; 9.091  ; 9.119  ; 9.542  ; 9.598  ;
; s[0]       ; f[21]       ; 9.570  ; 9.664  ; 10.068 ; 10.118 ;
; s[0]       ; f[22]       ; 10.531 ; 10.619 ; 10.983 ; 11.057 ;
; s[0]       ; f[23]       ; 11.987 ; 11.973 ; 12.495 ; 12.424 ;
; s[0]       ; f[24]       ; 12.048 ; 12.146 ; 12.444 ; 12.533 ;
; s[0]       ; f[25]       ; 12.490 ; 12.551 ; 12.849 ; 12.942 ;
; s[0]       ; f[26]       ; 13.865 ; 13.805 ; 14.224 ; 14.196 ;
; s[0]       ; f[27]       ; 15.700 ; 15.621 ; 16.168 ; 16.121 ;
; s[0]       ; f[28]       ; 9.567  ; 9.656  ; 10.074 ; 10.106 ;
; s[0]       ; f[29]       ; 10.066 ; 10.131 ; 10.497 ; 10.553 ;
; s[0]       ; f[30]       ; 11.518 ; 11.477 ; 11.981 ; 11.931 ;
; s[0]       ; f[31]       ; 10.586 ; 10.541 ; 11.054 ; 11.000 ;
; s[0]       ; f[32]       ; 13.094 ; 13.108 ; 13.634 ; 13.680 ;
; s[0]       ; f[33]       ; 12.580 ; 12.545 ; 13.277 ; 13.258 ;
; s[0]       ; f[34]       ; 13.406 ; 13.428 ; 13.907 ; 13.915 ;
; s[0]       ; f[35]       ; 14.051 ; 14.111 ; 14.514 ; 14.517 ;
; s[0]       ; f[36]       ; 10.867 ; 10.907 ; 11.406 ; 11.478 ;
; s[0]       ; f[37]       ; 11.243 ; 11.296 ; 11.852 ; 11.896 ;
; s[0]       ; f[38]       ; 12.079 ; 12.143 ; 12.631 ; 12.651 ;
; s[0]       ; f[39]       ; 13.349 ; 13.315 ; 13.927 ; 13.849 ;
; s[0]       ; f[40]       ; 13.445 ; 13.500 ; 14.013 ; 14.100 ;
; s[0]       ; f[41]       ; 13.936 ; 13.948 ; 14.475 ; 14.519 ;
; s[0]       ; f[42]       ; 14.046 ; 14.073 ; 14.593 ; 14.606 ;
; s[0]       ; f[43]       ; 14.373 ; 14.357 ; 14.979 ; 14.919 ;
; s[0]       ; f[44]       ; 12.701 ; 12.763 ; 13.209 ; 13.303 ;
; s[0]       ; f[45]       ; 13.313 ; 13.416 ; 13.817 ; 13.876 ;
; s[0]       ; f[46]       ; 13.203 ; 13.267 ; 13.678 ; 13.774 ;
; s[0]       ; f[47]       ; 13.999 ; 13.930 ; 14.557 ; 14.444 ;
; s[0]       ; f[48]       ; 13.629 ; 13.700 ; 14.090 ; 14.193 ;
; s[0]       ; f[49]       ; 13.749 ; 13.810 ; 14.509 ; 14.626 ;
; s[0]       ; f[50]       ; 13.937 ; 14.050 ; 14.389 ; 14.493 ;
; s[0]       ; f[51]       ; 14.965 ; 15.042 ; 15.325 ; 15.388 ;
; s[0]       ; f[52]       ; 10.864 ; 10.936 ; 11.477 ; 11.583 ;
; s[0]       ; f[53]       ; 11.505 ; 11.613 ; 12.121 ; 12.172 ;
; s[0]       ; f[54]       ; 11.725 ; 11.735 ; 12.270 ; 12.312 ;
; s[0]       ; f[55]       ; 12.420 ; 12.384 ; 12.990 ; 12.986 ;
; s[0]       ; f[56]       ; 8.480  ; 8.565  ; 8.998  ; 9.080  ;
; s[0]       ; f[57]       ; 9.828  ; 9.840  ; 10.407 ; 10.444 ;
; s[0]       ; f[58]       ; 8.951  ; 9.026  ; 9.443  ; 9.550  ;
; s[0]       ; f[59]       ; 10.660 ; 10.643 ; 11.196 ; 11.170 ;
; s[0]       ; f[60]       ; 10.601 ; 10.703 ; 11.229 ; 11.322 ;
; s[0]       ; f[61]       ; 11.089 ; 11.153 ; 11.681 ; 11.777 ;
; s[0]       ; f[62]       ; 10.950 ; 11.052 ; 11.569 ; 11.662 ;
; s[0]       ; f[63]       ; 11.983 ; 11.922 ; 12.615 ; 12.510 ;
; s[1]       ; f[0]        ; 8.551  ; 8.505  ; 9.121  ; 9.018  ;
; s[1]       ; f[1]        ; 8.736  ; 8.826  ; 9.256  ; 9.337  ;
; s[1]       ; f[2]        ; 9.965  ; 10.030 ; 10.440 ; 10.502 ;
; s[1]       ; f[3]        ; 10.212 ; 10.161 ; 10.754 ; 10.689 ;
; s[1]       ; f[4]        ; 10.242 ; 10.257 ; 10.698 ; 10.745 ;
; s[1]       ; f[5]        ; 10.887 ; 10.968 ; 11.294 ; 11.403 ;
; s[1]       ; f[6]        ; 11.170 ; 11.221 ; 11.571 ; 11.613 ;
; s[1]       ; f[7]        ; 12.517 ; 12.516 ; 12.927 ; 12.923 ;
; s[1]       ; f[8]        ; 11.982 ; 12.057 ; 12.326 ; 12.433 ;
; s[1]       ; f[9]        ; 12.294 ; 12.358 ; 12.565 ; 12.661 ;
; s[1]       ; f[10]       ; 12.284 ; 12.367 ; 12.600 ; 12.669 ;
; s[1]       ; f[11]       ; 15.696 ; 15.670 ; 16.118 ; 16.035 ;
; s[1]       ; f[12]       ; 10.850 ; 10.855 ; 11.286 ; 11.323 ;
; s[1]       ; f[13]       ; 11.615 ; 11.628 ; 12.065 ; 12.069 ;
; s[1]       ; f[14]       ; 12.205 ; 12.147 ; 12.639 ; 12.572 ;
; s[1]       ; f[15]       ; 12.873 ; 12.882 ; 13.347 ; 13.299 ;
; s[1]       ; f[16]       ; 14.754 ; 14.811 ; 15.480 ; 15.480 ;
; s[1]       ; f[17]       ; 14.598 ; 14.604 ; 15.386 ; 15.397 ;
; s[1]       ; f[18]       ; 15.134 ; 15.203 ; 15.815 ; 15.840 ;
; s[1]       ; f[19]       ; 17.285 ; 17.356 ; 18.111 ; 18.187 ;
; s[1]       ; f[20]       ; 9.484  ; 9.512  ; 9.962  ; 10.018 ;
; s[1]       ; f[21]       ; 9.932  ; 9.984  ; 10.435 ; 10.519 ;
; s[1]       ; f[22]       ; 10.924 ; 11.012 ; 11.403 ; 11.477 ;
; s[1]       ; f[23]       ; 12.380 ; 12.366 ; 12.915 ; 12.844 ;
; s[1]       ; f[24]       ; 12.441 ; 12.539 ; 12.864 ; 12.953 ;
; s[1]       ; f[25]       ; 12.883 ; 12.944 ; 13.269 ; 13.362 ;
; s[1]       ; f[26]       ; 14.258 ; 14.198 ; 14.644 ; 14.616 ;
; s[1]       ; f[27]       ; 16.093 ; 16.014 ; 16.588 ; 16.541 ;
; s[1]       ; f[28]       ; 9.247  ; 9.336  ; 9.765  ; 9.797  ;
; s[1]       ; f[29]       ; 9.746  ; 9.811  ; 10.188 ; 10.244 ;
; s[1]       ; f[30]       ; 11.198 ; 11.157 ; 11.672 ; 11.622 ;
; s[1]       ; f[31]       ; 10.266 ; 10.221 ; 10.745 ; 10.691 ;
; s[1]       ; f[32]       ; 12.972 ; 12.986 ; 13.382 ; 13.428 ;
; s[1]       ; f[33]       ; 12.363 ; 12.328 ; 12.859 ; 12.840 ;
; s[1]       ; f[34]       ; 13.284 ; 13.306 ; 13.655 ; 13.663 ;
; s[1]       ; f[35]       ; 13.929 ; 13.989 ; 14.262 ; 14.265 ;
; s[1]       ; f[36]       ; 11.387 ; 11.427 ; 11.849 ; 11.921 ;
; s[1]       ; f[37]       ; 11.763 ; 11.816 ; 12.295 ; 12.339 ;
; s[1]       ; f[38]       ; 12.599 ; 12.663 ; 13.074 ; 13.094 ;
; s[1]       ; f[39]       ; 13.869 ; 13.835 ; 14.370 ; 14.292 ;
; s[1]       ; f[40]       ; 13.965 ; 14.020 ; 14.456 ; 14.543 ;
; s[1]       ; f[41]       ; 14.456 ; 14.468 ; 14.918 ; 14.962 ;
; s[1]       ; f[42]       ; 14.566 ; 14.593 ; 15.036 ; 15.049 ;
; s[1]       ; f[43]       ; 14.893 ; 14.877 ; 15.422 ; 15.362 ;
; s[1]       ; f[44]       ; 12.250 ; 12.312 ; 12.690 ; 12.784 ;
; s[1]       ; f[45]       ; 12.862 ; 12.965 ; 13.298 ; 13.357 ;
; s[1]       ; f[46]       ; 12.752 ; 12.816 ; 13.159 ; 13.255 ;
; s[1]       ; f[47]       ; 13.548 ; 13.479 ; 14.038 ; 13.925 ;
; s[1]       ; f[48]       ; 13.391 ; 13.462 ; 13.826 ; 13.929 ;
; s[1]       ; f[49]       ; 13.511 ; 13.572 ; 14.245 ; 14.362 ;
; s[1]       ; f[50]       ; 13.699 ; 13.812 ; 14.125 ; 14.229 ;
; s[1]       ; f[51]       ; 14.727 ; 14.804 ; 15.061 ; 15.124 ;
; s[1]       ; f[52]       ; 10.915 ; 10.987 ; 11.434 ; 11.540 ;
; s[1]       ; f[53]       ; 11.556 ; 11.664 ; 12.078 ; 12.129 ;
; s[1]       ; f[54]       ; 11.776 ; 11.786 ; 12.227 ; 12.269 ;
; s[1]       ; f[55]       ; 12.471 ; 12.435 ; 12.947 ; 12.943 ;
; s[1]       ; f[56]       ; 8.531  ; 8.616  ; 8.955  ; 9.037  ;
; s[1]       ; f[57]       ; 9.879  ; 9.891  ; 10.364 ; 10.401 ;
; s[1]       ; f[58]       ; 9.000  ; 9.075  ; 9.403  ; 9.510  ;
; s[1]       ; f[59]       ; 10.709 ; 10.692 ; 11.273 ; 11.286 ;
; s[1]       ; f[60]       ; 9.877  ; 9.979  ; 10.398 ; 10.491 ;
; s[1]       ; f[61]       ; 10.365 ; 10.429 ; 10.850 ; 10.946 ;
; s[1]       ; f[62]       ; 10.226 ; 10.328 ; 10.738 ; 10.831 ;
; s[1]       ; f[63]       ; 11.259 ; 11.198 ; 11.784 ; 11.679 ;
; s[2]       ; f[0]        ; 9.045  ; 8.964  ; 9.658  ; 9.568  ;
; s[2]       ; f[1]        ; 9.227  ; 9.317  ; 9.837  ; 9.918  ;
; s[2]       ; f[2]        ; 10.614 ; 10.679 ; 11.180 ; 11.242 ;
; s[2]       ; f[3]        ; 10.861 ; 10.810 ; 11.494 ; 11.429 ;
; s[2]       ; f[4]        ; 11.297 ; 11.312 ; 11.874 ; 11.921 ;
; s[2]       ; f[5]        ; 11.942 ; 12.023 ; 12.470 ; 12.579 ;
; s[2]       ; f[6]        ; 12.225 ; 12.276 ; 12.747 ; 12.789 ;
; s[2]       ; f[7]        ; 13.572 ; 13.571 ; 14.103 ; 14.099 ;
; s[2]       ; f[8]        ; 13.319 ; 13.394 ; 13.756 ; 13.863 ;
; s[2]       ; f[9]        ; 13.631 ; 13.695 ; 13.995 ; 14.091 ;
; s[2]       ; f[10]       ; 13.621 ; 13.704 ; 14.030 ; 14.099 ;
; s[2]       ; f[11]       ; 17.033 ; 17.007 ; 17.548 ; 17.465 ;
; s[2]       ; f[12]       ; 11.335 ; 11.340 ; 11.895 ; 11.932 ;
; s[2]       ; f[13]       ; 12.100 ; 12.113 ; 12.674 ; 12.678 ;
; s[2]       ; f[14]       ; 12.690 ; 12.632 ; 13.248 ; 13.181 ;
; s[2]       ; f[15]       ; 13.358 ; 13.367 ; 13.956 ; 13.908 ;
; s[2]       ; f[16]       ; 14.647 ; 14.704 ; 15.429 ; 15.429 ;
; s[2]       ; f[17]       ; 14.491 ; 14.497 ; 15.335 ; 15.346 ;
; s[2]       ; f[18]       ; 15.027 ; 15.096 ; 15.764 ; 15.789 ;
; s[2]       ; f[19]       ; 17.178 ; 17.249 ; 18.060 ; 18.136 ;
; s[2]       ; f[20]       ; 12.263 ; 12.291 ; 12.937 ; 12.993 ;
; s[2]       ; f[21]       ; 12.151 ; 12.203 ; 12.833 ; 12.917 ;
; s[2]       ; f[22]       ; 13.143 ; 13.231 ; 13.801 ; 13.875 ;
; s[2]       ; f[23]       ; 14.599 ; 14.585 ; 15.313 ; 15.242 ;
; s[2]       ; f[24]       ; 14.658 ; 14.756 ; 15.262 ; 15.351 ;
; s[2]       ; f[25]       ; 15.100 ; 15.161 ; 15.667 ; 15.760 ;
; s[2]       ; f[26]       ; 16.475 ; 16.415 ; 17.042 ; 17.014 ;
; s[2]       ; f[27]       ; 18.310 ; 18.231 ; 18.986 ; 18.939 ;
; s[2]       ; f[28]       ; 12.268 ; 12.357 ; 13.015 ; 13.047 ;
; s[2]       ; f[29]       ; 12.767 ; 12.832 ; 13.438 ; 13.494 ;
; s[2]       ; f[30]       ; 14.219 ; 14.178 ; 14.922 ; 14.872 ;
; s[2]       ; f[31]       ; 13.287 ; 13.242 ; 13.995 ; 13.941 ;
; s[2]       ; f[32]       ; 12.449 ; 12.463 ; 13.033 ; 13.079 ;
; s[2]       ; f[33]       ; 12.098 ; 12.063 ; 12.804 ; 12.785 ;
; s[2]       ; f[34]       ; 12.761 ; 12.783 ; 13.306 ; 13.314 ;
; s[2]       ; f[35]       ; 13.406 ; 13.466 ; 13.913 ; 13.916 ;
; s[2]       ; f[36]       ; 10.125 ; 10.165 ; 10.554 ; 10.626 ;
; s[2]       ; f[37]       ; 10.853 ; 10.906 ; 11.349 ; 11.393 ;
; s[2]       ; f[38]       ; 11.689 ; 11.753 ; 12.128 ; 12.148 ;
; s[2]       ; f[39]       ; 12.959 ; 12.925 ; 13.424 ; 13.346 ;
; s[2]       ; f[40]       ; 13.055 ; 13.110 ; 13.510 ; 13.597 ;
; s[2]       ; f[41]       ; 13.546 ; 13.558 ; 13.972 ; 14.016 ;
; s[2]       ; f[42]       ; 13.656 ; 13.683 ; 14.090 ; 14.103 ;
; s[2]       ; f[43]       ; 13.983 ; 13.967 ; 14.476 ; 14.416 ;
; s[2]       ; f[44]       ; 11.722 ; 11.784 ; 12.145 ; 12.239 ;
; s[2]       ; f[45]       ; 12.334 ; 12.437 ; 12.753 ; 12.812 ;
; s[2]       ; f[46]       ; 12.224 ; 12.288 ; 12.614 ; 12.710 ;
; s[2]       ; f[47]       ; 13.020 ; 12.951 ; 13.493 ; 13.380 ;
; s[2]       ; f[48]       ; 13.472 ; 13.543 ; 13.960 ; 14.063 ;
; s[2]       ; f[49]       ; 13.601 ; 13.662 ; 14.194 ; 14.311 ;
; s[2]       ; f[50]       ; 13.780 ; 13.893 ; 14.259 ; 14.363 ;
; s[2]       ; f[51]       ; 14.808 ; 14.885 ; 15.195 ; 15.258 ;
; s[2]       ; f[52]       ; 11.851 ; 11.923 ; 12.512 ; 12.618 ;
; s[2]       ; f[53]       ; 12.492 ; 12.600 ; 13.156 ; 13.207 ;
; s[2]       ; f[54]       ; 12.712 ; 12.722 ; 13.305 ; 13.347 ;
; s[2]       ; f[55]       ; 13.407 ; 13.371 ; 14.025 ; 14.021 ;
; s[2]       ; f[56]       ; 12.395 ; 12.480 ; 13.004 ; 13.086 ;
; s[2]       ; f[57]       ; 13.567 ; 13.579 ; 14.250 ; 14.287 ;
; s[2]       ; f[58]       ; 12.803 ; 12.878 ; 13.365 ; 13.472 ;
; s[2]       ; f[59]       ; 14.512 ; 14.495 ; 15.118 ; 15.092 ;
; s[2]       ; f[60]       ; 11.012 ; 11.114 ; 11.712 ; 11.805 ;
; s[2]       ; f[61]       ; 11.500 ; 11.564 ; 12.164 ; 12.260 ;
; s[2]       ; f[62]       ; 11.361 ; 11.463 ; 12.052 ; 12.145 ;
; s[2]       ; f[63]       ; 12.394 ; 12.333 ; 13.098 ; 12.993 ;
; s[3]       ; f[0]        ; 6.932  ; 6.851  ; 7.022  ; 6.932  ;
; s[3]       ; f[1]        ; 7.114  ; 7.204  ; 7.201  ; 7.282  ;
; s[3]       ; f[2]        ; 8.504  ; 8.569  ; 8.543  ; 8.605  ;
; s[3]       ; f[3]        ; 8.751  ; 8.700  ; 8.857  ; 8.792  ;
; s[3]       ; f[4]        ; 8.959  ; 8.974  ; 9.034  ; 9.081  ;
; s[3]       ; f[5]        ; 9.604  ; 9.685  ; 9.630  ; 9.739  ;
; s[3]       ; f[6]        ; 9.887  ; 9.938  ; 9.907  ; 9.949  ;
; s[3]       ; f[7]        ; 11.234 ; 11.233 ; 11.263 ; 11.259 ;
; s[3]       ; f[8]        ; 11.557 ; 11.632 ; 11.491 ; 11.598 ;
; s[3]       ; f[9]        ; 11.869 ; 11.933 ; 11.730 ; 11.826 ;
; s[3]       ; f[10]       ; 11.859 ; 11.942 ; 11.765 ; 11.834 ;
; s[3]       ; f[11]       ; 15.271 ; 15.245 ; 15.283 ; 15.200 ;
; s[3]       ; f[12]       ; 8.997  ; 9.002  ; 9.055  ; 9.092  ;
; s[3]       ; f[13]       ; 9.762  ; 9.775  ; 9.834  ; 9.838  ;
; s[3]       ; f[14]       ; 10.352 ; 10.294 ; 10.408 ; 10.341 ;
; s[3]       ; f[15]       ; 11.020 ; 11.029 ; 11.116 ; 11.068 ;
; s[3]       ; f[16]       ; 12.711 ; 12.768 ; 12.959 ; 12.959 ;
; s[3]       ; f[17]       ; 12.555 ; 12.561 ; 12.865 ; 12.876 ;
; s[3]       ; f[18]       ; 13.091 ; 13.160 ; 13.294 ; 13.319 ;
; s[3]       ; f[19]       ; 15.242 ; 15.313 ; 15.590 ; 15.666 ;
; s[3]       ; f[20]       ; 10.425 ; 10.453 ; 10.664 ; 10.720 ;
; s[3]       ; f[21]       ; 10.313 ; 10.365 ; 10.560 ; 10.644 ;
; s[3]       ; f[22]       ; 11.305 ; 11.393 ; 11.528 ; 11.602 ;
; s[3]       ; f[23]       ; 12.761 ; 12.747 ; 13.040 ; 12.969 ;
; s[3]       ; f[24]       ; 12.820 ; 12.918 ; 12.989 ; 13.078 ;
; s[3]       ; f[25]       ; 13.262 ; 13.323 ; 13.394 ; 13.487 ;
; s[3]       ; f[26]       ; 14.637 ; 14.577 ; 14.769 ; 14.741 ;
; s[3]       ; f[27]       ; 16.472 ; 16.393 ; 16.713 ; 16.666 ;
; s[3]       ; f[28]       ; 10.430 ; 10.519 ; 10.742 ; 10.774 ;
; s[3]       ; f[29]       ; 10.929 ; 10.994 ; 11.165 ; 11.221 ;
; s[3]       ; f[30]       ; 12.381 ; 12.340 ; 12.649 ; 12.599 ;
; s[3]       ; f[31]       ; 11.449 ; 11.404 ; 11.722 ; 11.668 ;
; s[3]       ; f[32]       ; 10.950 ; 10.964 ; 11.104 ; 11.150 ;
; s[3]       ; f[33]       ; 10.599 ; 10.564 ; 10.875 ; 10.856 ;
; s[3]       ; f[34]       ; 11.262 ; 11.284 ; 11.377 ; 11.385 ;
; s[3]       ; f[35]       ; 11.907 ; 11.967 ; 11.984 ; 11.987 ;
; s[3]       ; f[36]       ; 8.894  ; 8.934  ; 9.057  ; 9.129  ;
; s[3]       ; f[37]       ; 9.622  ; 9.675  ; 9.852  ; 9.896  ;
; s[3]       ; f[38]       ; 10.458 ; 10.522 ; 10.631 ; 10.651 ;
; s[3]       ; f[39]       ; 11.728 ; 11.694 ; 11.927 ; 11.849 ;
; s[3]       ; f[40]       ; 11.824 ; 11.879 ; 12.013 ; 12.100 ;
; s[3]       ; f[41]       ; 12.315 ; 12.327 ; 12.475 ; 12.519 ;
; s[3]       ; f[42]       ; 12.425 ; 12.452 ; 12.593 ; 12.606 ;
; s[3]       ; f[43]       ; 12.752 ; 12.736 ; 12.979 ; 12.919 ;
; s[3]       ; f[44]       ; 9.070  ; 9.132  ; 9.081  ; 9.175  ;
; s[3]       ; f[45]       ; 9.682  ; 9.785  ; 9.689  ; 9.748  ;
; s[3]       ; f[46]       ; 9.572  ; 9.636  ; 9.550  ; 9.646  ;
; s[3]       ; f[47]       ; 10.368 ; 10.299 ; 10.429 ; 10.316 ;
; s[3]       ; f[48]       ; 11.530 ; 11.601 ; 11.557 ; 11.660 ;
; s[3]       ; f[49]       ; 11.659 ; 11.720 ; 11.727 ; 11.844 ;
; s[3]       ; f[50]       ; 11.838 ; 11.951 ; 11.856 ; 11.960 ;
; s[3]       ; f[51]       ; 12.866 ; 12.943 ; 12.792 ; 12.855 ;
; s[3]       ; f[52]       ; 9.665  ; 9.737  ; 9.856  ; 9.962  ;
; s[3]       ; f[53]       ; 10.306 ; 10.414 ; 10.500 ; 10.551 ;
; s[3]       ; f[54]       ; 10.526 ; 10.536 ; 10.649 ; 10.691 ;
; s[3]       ; f[55]       ; 11.221 ; 11.185 ; 11.369 ; 11.365 ;
; s[3]       ; f[56]       ; 10.453 ; 10.538 ; 10.601 ; 10.683 ;
; s[3]       ; f[57]       ; 11.625 ; 11.637 ; 11.847 ; 11.884 ;
; s[3]       ; f[58]       ; 10.861 ; 10.936 ; 10.962 ; 11.069 ;
; s[3]       ; f[59]       ; 12.570 ; 12.553 ; 12.715 ; 12.689 ;
; s[3]       ; f[60]       ; 9.070  ; 9.172  ; 9.309  ; 9.402  ;
; s[3]       ; f[61]       ; 9.558  ; 9.622  ; 9.761  ; 9.857  ;
; s[3]       ; f[62]       ; 9.419  ; 9.521  ; 9.649  ; 9.742  ;
; s[3]       ; f[63]       ; 10.452 ; 10.391 ; 10.695 ; 10.590 ;
+------------+-------------+--------+--------+--------+--------+


+--------------------------------------------------------------+
; Minimum Propagation Delay                                    ;
+------------+-------------+--------+--------+--------+--------+
; Input Port ; Output Port ; RR     ; RF     ; FR     ; FF     ;
+------------+-------------+--------+--------+--------+--------+
; M          ; f[0]        ; 8.489  ; 8.436  ; 9.086  ; 9.021  ;
; M          ; f[1]        ; 8.680  ; 8.770  ; 9.252  ; 9.333  ;
; M          ; f[2]        ; 9.132  ; 9.227  ; 9.691  ; 9.749  ;
; M          ; f[3]        ; 8.776  ; 8.722  ; 9.369  ; 9.280  ;
; M          ; f[4]        ; 8.440  ; 8.451  ; 8.890  ; 8.967  ;
; M          ; f[5]        ; 8.765  ; 8.878  ; 9.254  ; 9.343  ;
; M          ; f[6]        ; 8.798  ; 8.849  ; 9.257  ; 9.299  ;
; M          ; f[7]        ; 8.938  ; 8.939  ; 9.452  ; 9.416  ;
; M          ; f[8]        ; 10.489 ; 10.563 ; 10.885 ; 10.990 ;
; M          ; f[9]        ; 8.325  ; 8.389  ; 8.864  ; 8.959  ;
; M          ; f[10]       ; 8.994  ; 9.100  ; 9.538  ; 9.609  ;
; M          ; f[11]       ; 11.093 ; 11.058 ; 11.772 ; 11.725 ;
; M          ; f[12]       ; 8.987  ; 8.993  ; 9.485  ; 9.522  ;
; M          ; f[13]       ; 8.398  ; 8.412  ; 8.885  ; 8.890  ;
; M          ; f[14]       ; 9.433  ; 9.375  ; 9.914  ; 9.847  ;
; M          ; f[15]       ; 9.350  ; 9.345  ; 9.893  ; 9.860  ;
; M          ; f[16]       ; 9.173  ; 9.195  ; 9.734  ; 9.744  ;
; M          ; f[17]       ; 8.811  ; 8.854  ; 9.399  ; 9.411  ;
; M          ; f[18]       ; 9.517  ; 9.579  ; 10.046 ; 10.082 ;
; M          ; f[19]       ; 10.609 ; 10.682 ; 11.319 ; 11.464 ;
; M          ; f[20]       ; 8.264  ; 8.265  ; 8.766  ; 8.828  ;
; M          ; f[21]       ; 8.268  ; 8.334  ; 8.802  ; 8.856  ;
; M          ; f[22]       ; 9.222  ; 9.334  ; 9.762  ; 9.839  ;
; M          ; f[23]       ; 9.568  ; 9.542  ; 10.185 ; 10.131 ;
; M          ; f[24]       ; 11.105 ; 11.203 ; 11.502 ; 11.591 ;
; M          ; f[25]       ; 7.481  ; 7.543  ; 7.937  ; 8.030  ;
; M          ; f[26]       ; 9.286  ; 9.226  ; 9.709  ; 9.680  ;
; M          ; f[27]       ; 10.262 ; 10.183 ; 10.794 ; 10.746 ;
; M          ; f[28]       ; 8.761  ; 8.816  ; 9.272  ; 9.315  ;
; M          ; f[29]       ; 8.154  ; 8.218  ; 8.637  ; 8.692  ;
; M          ; f[30]       ; 9.704  ; 9.663  ; 10.179 ; 10.129 ;
; M          ; f[31]       ; 8.144  ; 8.099  ; 8.673  ; 8.619  ;
; M          ; f[32]       ; 9.835  ; 9.849  ; 10.398 ; 10.443 ;
; M          ; f[33]       ; 8.233  ; 8.236  ; 8.818  ; 8.830  ;
; M          ; f[34]       ; 9.676  ; 9.722  ; 10.233 ; 10.244 ;
; M          ; f[35]       ; 9.512  ; 9.538  ; 10.047 ; 10.061 ;
; M          ; f[36]       ; 7.682  ; 7.715  ; 8.179  ; 8.289  ;
; M          ; f[37]       ; 7.817  ; 7.872  ; 8.353  ; 8.399  ;
; M          ; f[38]       ; 8.538  ; 8.596  ; 9.015  ; 9.047  ;
; M          ; f[39]       ; 8.778  ; 8.735  ; 9.361  ; 9.311  ;
; M          ; f[40]       ; 9.389  ; 9.445  ; 9.845  ; 9.932  ;
; M          ; f[41]       ; 7.944  ; 7.956  ; 8.362  ; 8.405  ;
; M          ; f[42]       ; 8.304  ; 8.355  ; 8.739  ; 8.755  ;
; M          ; f[43]       ; 7.818  ; 7.792  ; 8.354  ; 8.321  ;
; M          ; f[44]       ; 9.621  ; 9.684  ; 9.989  ; 10.083 ;
; M          ; f[45]       ; 8.001  ; 8.096  ; 8.532  ; 8.601  ;
; M          ; f[46]       ; 8.466  ; 8.531  ; 8.948  ; 9.044  ;
; M          ; f[47]       ; 8.482  ; 8.403  ; 9.106  ; 9.020  ;
; M          ; f[48]       ; 10.082 ; 10.153 ; 10.439 ; 10.541 ;
; M          ; f[49]       ; 8.168  ; 8.249  ; 8.738  ; 8.838  ;
; M          ; f[50]       ; 8.821  ; 8.933  ; 9.362  ; 9.465  ;
; M          ; f[51]       ; 8.724  ; 8.825  ; 9.295  ; 9.361  ;
; M          ; f[52]       ; 7.773  ; 7.874  ; 8.314  ; 8.424  ;
; M          ; f[53]       ; 8.482  ; 8.538  ; 8.990  ; 9.077  ;
; M          ; f[54]       ; 8.841  ; 8.854  ; 9.311  ; 9.355  ;
; M          ; f[55]       ; 8.954  ; 8.917  ; 9.512  ; 9.506  ;
; M          ; f[56]       ; 8.988  ; 9.103  ; 9.539  ; 9.617  ;
; M          ; f[57]       ; 9.340  ; 9.393  ; 9.886  ; 9.948  ;
; M          ; f[58]       ; 9.293  ; 9.368  ; 9.764  ; 9.870  ;
; M          ; f[59]       ; 10.110 ; 10.090 ; 10.703 ; 10.674 ;
; M          ; f[60]       ; 8.720  ; 8.822  ; 9.283  ; 9.376  ;
; M          ; f[61]       ; 8.875  ; 8.940  ; 9.408  ; 9.504  ;
; M          ; f[62]       ; 9.056  ; 9.157  ; 9.611  ; 9.703  ;
; M          ; f[63]       ; 9.358  ; 9.288  ; 9.970  ; 9.893  ;
; a[0]       ; f[0]        ; 6.024  ; 5.943  ; 6.105  ; 6.015  ;
; a[0]       ; f[1]        ; 6.193  ; 6.283  ; 6.272  ; 6.353  ;
; a[0]       ; f[2]        ; 7.139  ; 7.234  ; 7.194  ; 7.252  ;
; a[0]       ; f[3]        ; 7.402  ; 7.348  ; 7.493  ; 7.404  ;
; a[1]       ; f[1]        ; 7.502  ; 7.585  ; 8.048  ; 8.100  ;
; a[1]       ; f[2]        ; 8.240  ; 8.335  ; 8.745  ; 8.803  ;
; a[1]       ; f[3]        ; 8.503  ; 8.449  ; 9.044  ; 8.955  ;
; a[2]       ; f[2]        ; 7.194  ; 7.279  ; 7.633  ; 7.727  ;
; a[2]       ; f[3]        ; 7.742  ; 7.688  ; 8.243  ; 8.154  ;
; a[3]       ; f[3]        ; 7.194  ; 7.115  ; 7.638  ; 7.550  ;
; a[3]       ; f[4]        ; 9.364  ; 9.380  ; 9.799  ; 9.846  ;
; a[3]       ; f[5]        ; 9.909  ; 10.022 ; 10.336 ; 10.426 ;
; a[3]       ; f[6]        ; 10.193 ; 10.244 ; 10.591 ; 10.633 ;
; a[3]       ; f[7]        ; 11.358 ; 11.359 ; 11.775 ; 11.739 ;
; a[3]       ; f[8]        ; 11.191 ; 11.265 ; 11.507 ; 11.612 ;
; a[3]       ; f[9]        ; 11.441 ; 11.505 ; 11.722 ; 11.817 ;
; a[3]       ; f[10]       ; 11.394 ; 11.500 ; 11.709 ; 11.780 ;
; a[3]       ; f[11]       ; 14.661 ; 14.626 ; 15.049 ; 15.002 ;
; a[3]       ; f[12]       ; 9.399  ; 9.405  ; 9.818  ; 9.855  ;
; a[3]       ; f[13]       ; 10.097 ; 10.111 ; 10.533 ; 10.538 ;
; a[3]       ; f[14]       ; 10.754 ; 10.696 ; 11.172 ; 11.105 ;
; a[3]       ; f[15]       ; 11.282 ; 11.277 ; 11.720 ; 11.687 ;
; a[3]       ; f[16]       ; 12.538 ; 12.560 ; 13.141 ; 13.151 ;
; a[3]       ; f[17]       ; 12.391 ; 12.401 ; 13.041 ; 13.121 ;
; a[3]       ; f[18]       ; 12.882 ; 12.944 ; 13.453 ; 13.489 ;
; a[3]       ; f[19]       ; 14.933 ; 15.006 ; 15.609 ; 15.754 ;
; a[3]       ; f[32]       ; 11.556 ; 11.570 ; 11.934 ; 11.979 ;
; a[3]       ; f[33]       ; 10.972 ; 10.938 ; 11.385 ; 11.408 ;
; a[3]       ; f[34]       ; 11.770 ; 11.816 ; 12.136 ; 12.147 ;
; a[3]       ; f[35]       ; 12.345 ; 12.371 ; 12.655 ; 12.669 ;
; a[3]       ; f[48]       ; 11.264 ; 11.335 ; 11.616 ; 11.718 ;
; a[3]       ; f[49]       ; 11.317 ; 11.405 ; 11.987 ; 12.087 ;
; a[3]       ; f[50]       ; 11.561 ; 11.673 ; 11.904 ; 12.007 ;
; a[3]       ; f[51]       ; 12.386 ; 12.487 ; 12.694 ; 12.760 ;
; a[4]       ; f[4]        ; 7.064  ; 7.109  ; 7.509  ; 7.563  ;
; a[4]       ; f[5]        ; 7.604  ; 7.717  ; 8.029  ; 8.118  ;
; a[4]       ; f[6]        ; 7.893  ; 7.944  ; 8.307  ; 8.349  ;
; a[4]       ; f[7]        ; 9.058  ; 9.059  ; 9.491  ; 9.455  ;
; a[5]       ; f[5]        ; 7.009  ; 7.112  ; 7.413  ; 7.525  ;
; a[5]       ; f[6]        ; 7.305  ; 7.356  ; 7.717  ; 7.759  ;
; a[5]       ; f[7]        ; 8.470  ; 8.471  ; 8.901  ; 8.865  ;
; a[6]       ; f[6]        ; 7.006  ; 7.023  ; 7.391  ; 7.443  ;
; a[6]       ; f[7]        ; 7.964  ; 7.965  ; 8.402  ; 8.366  ;
; a[7]       ; f[4]        ; 9.124  ; 9.140  ; 9.553  ; 9.600  ;
; a[7]       ; f[5]        ; 9.669  ; 9.782  ; 10.090 ; 10.180 ;
; a[7]       ; f[6]        ; 9.953  ; 10.004 ; 10.345 ; 10.387 ;
; a[7]       ; f[7]        ; 7.720  ; 7.694  ; 8.124  ; 8.089  ;
; a[7]       ; f[8]        ; 11.514 ; 11.588 ; 11.855 ; 11.960 ;
; a[7]       ; f[9]        ; 11.764 ; 11.828 ; 12.070 ; 12.165 ;
; a[7]       ; f[10]       ; 11.717 ; 11.823 ; 12.057 ; 12.128 ;
; a[7]       ; f[11]       ; 14.984 ; 14.949 ; 15.397 ; 15.350 ;
; a[7]       ; f[12]       ; 9.558  ; 9.564  ; 9.945  ; 9.982  ;
; a[7]       ; f[13]       ; 10.256 ; 10.270 ; 10.660 ; 10.665 ;
; a[7]       ; f[14]       ; 10.913 ; 10.855 ; 11.299 ; 11.232 ;
; a[7]       ; f[15]       ; 11.441 ; 11.436 ; 11.847 ; 11.814 ;
; a[7]       ; f[16]       ; 12.528 ; 12.550 ; 13.155 ; 13.165 ;
; a[7]       ; f[17]       ; 12.381 ; 12.391 ; 13.055 ; 13.135 ;
; a[7]       ; f[18]       ; 12.872 ; 12.934 ; 13.467 ; 13.503 ;
; a[7]       ; f[19]       ; 14.923 ; 14.996 ; 15.623 ; 15.768 ;
; a[7]       ; f[32]       ; 11.599 ; 11.613 ; 11.958 ; 12.003 ;
; a[7]       ; f[33]       ; 11.015 ; 10.981 ; 11.409 ; 11.432 ;
; a[7]       ; f[34]       ; 11.813 ; 11.859 ; 12.160 ; 12.171 ;
; a[7]       ; f[35]       ; 12.388 ; 12.414 ; 12.679 ; 12.693 ;
; a[7]       ; f[48]       ; 11.225 ; 11.296 ; 11.576 ; 11.678 ;
; a[7]       ; f[49]       ; 11.307 ; 11.395 ; 12.001 ; 12.101 ;
; a[7]       ; f[50]       ; 11.522 ; 11.634 ; 11.864 ; 11.967 ;
; a[7]       ; f[51]       ; 12.347 ; 12.448 ; 12.654 ; 12.720 ;
; a[8]       ; f[8]        ; 7.473  ; 7.553  ; 7.913  ; 8.021  ;
; a[8]       ; f[9]        ; 7.428  ; 7.492  ; 7.842  ; 7.937  ;
; a[8]       ; f[10]       ; 7.478  ; 7.584  ; 7.924  ; 7.995  ;
; a[8]       ; f[11]       ; 10.745 ; 10.710 ; 11.264 ; 11.217 ;
; a[9]       ; f[9]        ; 7.011  ; 7.104  ; 7.436  ; 7.538  ;
; a[9]       ; f[10]       ; 7.734  ; 7.840  ; 8.156  ; 8.227  ;
; a[9]       ; f[11]       ; 11.001 ; 10.966 ; 11.496 ; 11.449 ;
; a[10]      ; f[10]       ; 6.885  ; 6.981  ; 7.319  ; 7.424  ;
; a[10]      ; f[11]       ; 10.108 ; 10.073 ; 10.620 ; 10.573 ;
; a[11]      ; f[4]        ; 9.329  ; 9.345  ; 9.733  ; 9.780  ;
; a[11]      ; f[5]        ; 9.874  ; 9.987  ; 10.270 ; 10.360 ;
; a[11]      ; f[6]        ; 10.158 ; 10.209 ; 10.525 ; 10.567 ;
; a[11]      ; f[7]        ; 11.323 ; 11.324 ; 11.709 ; 11.673 ;
; a[11]      ; f[8]        ; 11.296 ; 11.370 ; 11.599 ; 11.704 ;
; a[11]      ; f[9]        ; 11.546 ; 11.610 ; 11.814 ; 11.909 ;
; a[11]      ; f[10]       ; 11.499 ; 11.605 ; 11.801 ; 11.872 ;
; a[11]      ; f[11]       ; 8.436  ; 8.398  ; 8.879  ; 8.810  ;
; a[11]      ; f[12]       ; 9.483  ; 9.489  ; 9.860  ; 9.897  ;
; a[11]      ; f[13]       ; 10.181 ; 10.195 ; 10.575 ; 10.580 ;
; a[11]      ; f[14]       ; 10.838 ; 10.780 ; 11.214 ; 11.147 ;
; a[11]      ; f[15]       ; 11.366 ; 11.361 ; 11.762 ; 11.729 ;
; a[11]      ; f[16]       ; 12.310 ; 12.332 ; 12.899 ; 12.909 ;
; a[11]      ; f[17]       ; 12.163 ; 12.173 ; 12.799 ; 12.879 ;
; a[11]      ; f[18]       ; 12.654 ; 12.716 ; 13.211 ; 13.247 ;
; a[11]      ; f[19]       ; 14.705 ; 14.778 ; 15.367 ; 15.512 ;
; a[11]      ; f[32]       ; 11.501 ; 11.515 ; 11.846 ; 11.891 ;
; a[11]      ; f[33]       ; 10.917 ; 10.883 ; 11.297 ; 11.320 ;
; a[11]      ; f[34]       ; 11.715 ; 11.761 ; 12.048 ; 12.059 ;
; a[11]      ; f[35]       ; 12.290 ; 12.316 ; 12.567 ; 12.581 ;
; a[11]      ; f[48]       ; 11.010 ; 11.081 ; 11.301 ; 11.403 ;
; a[11]      ; f[49]       ; 11.089 ; 11.177 ; 11.745 ; 11.845 ;
; a[11]      ; f[50]       ; 11.307 ; 11.419 ; 11.589 ; 11.692 ;
; a[11]      ; f[51]       ; 12.132 ; 12.233 ; 12.379 ; 12.445 ;
; a[12]      ; f[12]       ; 7.309  ; 7.344  ; 7.702  ; 7.746  ;
; a[12]      ; f[13]       ; 7.929  ; 7.943  ; 8.326  ; 8.331  ;
; a[12]      ; f[14]       ; 8.963  ; 8.905  ; 9.354  ; 9.287  ;
; a[12]      ; f[15]       ; 9.491  ; 9.486  ; 9.902  ; 9.869  ;
; a[13]      ; f[13]       ; 7.412  ; 7.419  ; 7.841  ; 7.817  ;
; a[13]      ; f[14]       ; 8.578  ; 8.520  ; 8.984  ; 8.917  ;
; a[13]      ; f[15]       ; 9.106  ; 9.101  ; 9.532  ; 9.499  ;
; a[14]      ; f[14]       ; 8.501  ; 8.407  ; 8.926  ; 8.869  ;
; a[14]      ; f[15]       ; 8.991  ; 8.986  ; 9.499  ; 9.466  ;
; a[15]      ; f[4]        ; 9.071  ; 9.087  ; 9.440  ; 9.487  ;
; a[15]      ; f[5]        ; 9.616  ; 9.729  ; 9.977  ; 10.067 ;
; a[15]      ; f[6]        ; 9.900  ; 9.951  ; 10.232 ; 10.274 ;
; a[15]      ; f[7]        ; 11.065 ; 11.066 ; 11.416 ; 11.380 ;
; a[15]      ; f[8]        ; 10.734 ; 10.808 ; 10.996 ; 11.101 ;
; a[15]      ; f[9]        ; 10.984 ; 11.048 ; 11.211 ; 11.306 ;
; a[15]      ; f[10]       ; 10.937 ; 11.043 ; 11.198 ; 11.269 ;
; a[15]      ; f[11]       ; 14.204 ; 14.169 ; 14.538 ; 14.491 ;
; a[15]      ; f[15]       ; 8.255  ; 8.225  ; 8.647  ; 8.648  ;
; a[15]      ; f[16]       ; 12.241 ; 12.263 ; 12.787 ; 12.797 ;
; a[15]      ; f[17]       ; 12.094 ; 12.104 ; 12.687 ; 12.767 ;
; a[15]      ; f[18]       ; 12.585 ; 12.647 ; 13.099 ; 13.135 ;
; a[15]      ; f[19]       ; 14.636 ; 14.709 ; 15.255 ; 15.400 ;
; a[15]      ; f[32]       ; 11.249 ; 11.263 ; 11.580 ; 11.625 ;
; a[15]      ; f[33]       ; 10.665 ; 10.631 ; 11.031 ; 11.054 ;
; a[15]      ; f[34]       ; 11.463 ; 11.509 ; 11.782 ; 11.793 ;
; a[15]      ; f[35]       ; 12.038 ; 12.064 ; 12.301 ; 12.315 ;
; a[15]      ; f[48]       ; 10.967 ; 11.038 ; 11.262 ; 11.364 ;
; a[15]      ; f[49]       ; 11.020 ; 11.108 ; 11.633 ; 11.733 ;
; a[15]      ; f[50]       ; 11.264 ; 11.376 ; 11.550 ; 11.653 ;
; a[15]      ; f[51]       ; 12.089 ; 12.190 ; 12.340 ; 12.406 ;
; a[16]      ; f[16]       ; 8.133  ; 8.168  ; 8.586  ; 8.630  ;
; a[16]      ; f[17]       ; 8.611  ; 8.621  ; 9.043  ; 9.123  ;
; a[16]      ; f[18]       ; 8.432  ; 8.494  ; 8.869  ; 8.905  ;
; a[16]      ; f[19]       ; 10.483 ; 10.556 ; 11.025 ; 11.170 ;
; a[17]      ; f[17]       ; 7.862  ; 7.903  ; 8.317  ; 8.367  ;
; a[17]      ; f[18]       ; 8.749  ; 8.811  ; 9.246  ; 9.282  ;
; a[17]      ; f[19]       ; 10.800 ; 10.873 ; 11.402 ; 11.547 ;
; a[18]      ; f[18]       ; 7.976  ; 8.035  ; 8.456  ; 8.484  ;
; a[18]      ; f[19]       ; 9.888  ; 9.961  ; 10.441 ; 10.586 ;
; a[19]      ; f[16]       ; 13.844 ; 13.866 ; 14.475 ; 14.485 ;
; a[19]      ; f[17]       ; 13.697 ; 13.707 ; 14.375 ; 14.455 ;
; a[19]      ; f[18]       ; 14.188 ; 14.250 ; 14.787 ; 14.823 ;
; a[19]      ; f[19]       ; 7.457  ; 7.561  ; 7.926  ; 8.039  ;
; a[19]      ; f[20]       ; 11.179 ; 11.239 ; 11.817 ; 11.854 ;
; a[19]      ; f[21]       ; 11.127 ; 11.180 ; 11.737 ; 11.821 ;
; a[19]      ; f[22]       ; 11.997 ; 12.109 ; 12.609 ; 12.686 ;
; a[19]      ; f[23]       ; 13.355 ; 13.329 ; 13.987 ; 13.933 ;
; a[19]      ; f[24]       ; 13.538 ; 13.636 ; 14.074 ; 14.163 ;
; a[19]      ; f[25]       ; 13.962 ; 14.024 ; 14.461 ; 14.554 ;
; a[19]      ; f[26]       ; 15.337 ; 15.277 ; 15.836 ; 15.807 ;
; a[19]      ; f[27]       ; 17.043 ; 16.964 ; 17.649 ; 17.601 ;
; a[19]      ; f[28]       ; 11.198 ; 11.253 ; 11.844 ; 11.887 ;
; a[19]      ; f[29]       ; 11.680 ; 11.744 ; 12.318 ; 12.373 ;
; a[19]      ; f[30]       ; 13.174 ; 13.133 ; 13.805 ; 13.755 ;
; a[19]      ; f[31]       ; 12.230 ; 12.185 ; 12.865 ; 12.811 ;
; a[19]      ; f[48]       ; 12.570 ; 12.641 ; 12.950 ; 13.052 ;
; a[19]      ; f[49]       ; 12.623 ; 12.711 ; 13.321 ; 13.421 ;
; a[19]      ; f[50]       ; 12.867 ; 12.979 ; 13.238 ; 13.341 ;
; a[19]      ; f[51]       ; 13.692 ; 13.793 ; 14.028 ; 14.094 ;
; a[20]      ; f[20]       ; 7.453  ; 7.503  ; 7.833  ; 7.892  ;
; a[20]      ; f[21]       ; 8.142  ; 8.195  ; 8.491  ; 8.575  ;
; a[20]      ; f[22]       ; 8.984  ; 9.096  ; 9.313  ; 9.390  ;
; a[20]      ; f[23]       ; 10.342 ; 10.316 ; 10.691 ; 10.637 ;
; a[21]      ; f[21]       ; 6.880  ; 6.962  ; 7.339  ; 7.430  ;
; a[21]      ; f[22]       ; 7.677  ; 7.789  ; 8.121  ; 8.198  ;
; a[21]      ; f[23]       ; 9.035  ; 9.009  ; 9.499  ; 9.445  ;
; a[22]      ; f[22]       ; 7.231  ; 7.333  ; 7.671  ; 7.782  ;
; a[22]      ; f[23]       ; 8.585  ; 8.559  ; 9.054  ; 9.000  ;
; a[23]      ; f[16]       ; 11.850 ; 11.872 ; 12.410 ; 12.420 ;
; a[23]      ; f[17]       ; 11.703 ; 11.713 ; 12.310 ; 12.390 ;
; a[23]      ; f[18]       ; 12.194 ; 12.256 ; 12.722 ; 12.758 ;
; a[23]      ; f[19]       ; 14.245 ; 14.318 ; 14.878 ; 15.023 ;
; a[23]      ; f[20]       ; 8.361  ; 8.421  ; 8.795  ; 8.832  ;
; a[23]      ; f[21]       ; 8.720  ; 8.773  ; 9.165  ; 9.249  ;
; a[23]      ; f[22]       ; 9.590  ; 9.702  ; 10.037 ; 10.114 ;
; a[23]      ; f[23]       ; 7.775  ; 7.724  ; 8.203  ; 8.183  ;
; a[23]      ; f[24]       ; 11.097 ; 11.195 ; 11.468 ; 11.557 ;
; a[23]      ; f[25]       ; 11.521 ; 11.583 ; 11.855 ; 11.948 ;
; a[23]      ; f[26]       ; 12.896 ; 12.836 ; 13.230 ; 13.201 ;
; a[23]      ; f[27]       ; 14.602 ; 14.523 ; 15.043 ; 14.995 ;
; a[23]      ; f[28]       ; 8.622  ; 8.677  ; 9.039  ; 9.082  ;
; a[23]      ; f[29]       ; 9.104  ; 9.168  ; 9.513  ; 9.568  ;
; a[23]      ; f[30]       ; 10.598 ; 10.557 ; 11.000 ; 10.950 ;
; a[23]      ; f[31]       ; 9.654  ; 9.609  ; 10.060 ; 10.006 ;
; a[23]      ; f[48]       ; 11.031 ; 11.102 ; 11.341 ; 11.443 ;
; a[23]      ; f[49]       ; 10.629 ; 10.717 ; 11.256 ; 11.356 ;
; a[23]      ; f[50]       ; 11.328 ; 11.440 ; 11.629 ; 11.732 ;
; a[23]      ; f[51]       ; 12.153 ; 12.254 ; 12.419 ; 12.485 ;
; a[24]      ; f[24]       ; 7.092  ; 7.156  ; 7.509  ; 7.608  ;
; a[24]      ; f[25]       ; 7.533  ; 7.595  ; 7.943  ; 8.036  ;
; a[24]      ; f[26]       ; 9.014  ; 8.954  ; 9.429  ; 9.400  ;
; a[24]      ; f[27]       ; 10.720 ; 10.641 ; 11.242 ; 11.194 ;
; a[25]      ; f[25]       ; 6.999  ; 7.082  ; 7.415  ; 7.516  ;
; a[25]      ; f[26]       ; 8.820  ; 8.760  ; 9.191  ; 9.162  ;
; a[25]      ; f[27]       ; 10.526 ; 10.447 ; 11.004 ; 10.956 ;
; a[26]      ; f[26]       ; 8.445  ; 8.393  ; 8.888  ; 8.862  ;
; a[26]      ; f[27]       ; 10.157 ; 10.078 ; 10.692 ; 10.644 ;
; a[27]      ; f[16]       ; 11.714 ; 11.736 ; 12.236 ; 12.246 ;
; a[27]      ; f[17]       ; 11.567 ; 11.577 ; 12.136 ; 12.216 ;
; a[27]      ; f[18]       ; 12.058 ; 12.120 ; 12.548 ; 12.584 ;
; a[27]      ; f[19]       ; 14.109 ; 14.182 ; 14.704 ; 14.849 ;
; a[27]      ; f[20]       ; 8.351  ; 8.411  ; 8.772  ; 8.809  ;
; a[27]      ; f[21]       ; 8.788  ; 8.841  ; 9.209  ; 9.293  ;
; a[27]      ; f[22]       ; 9.658  ; 9.770  ; 10.081 ; 10.158 ;
; a[27]      ; f[23]       ; 11.016 ; 10.990 ; 11.459 ; 11.405 ;
; a[27]      ; f[24]       ; 11.165 ; 11.263 ; 11.512 ; 11.601 ;
; a[27]      ; f[25]       ; 11.589 ; 11.651 ; 11.899 ; 11.992 ;
; a[27]      ; f[26]       ; 12.964 ; 12.904 ; 13.274 ; 13.245 ;
; a[27]      ; f[27]       ; 7.948  ; 7.871  ; 8.355  ; 8.269  ;
; a[27]      ; f[28]       ; 8.243  ; 8.298  ; 8.653  ; 8.696  ;
; a[27]      ; f[29]       ; 8.725  ; 8.789  ; 9.127  ; 9.182  ;
; a[27]      ; f[30]       ; 10.219 ; 10.178 ; 10.614 ; 10.564 ;
; a[27]      ; f[31]       ; 9.275  ; 9.230  ; 9.674  ; 9.620  ;
; a[27]      ; f[48]       ; 10.896 ; 10.967 ; 11.169 ; 11.271 ;
; a[27]      ; f[49]       ; 10.493 ; 10.581 ; 11.082 ; 11.182 ;
; a[27]      ; f[50]       ; 11.193 ; 11.305 ; 11.457 ; 11.560 ;
; a[27]      ; f[51]       ; 12.018 ; 12.119 ; 12.247 ; 12.313 ;
; a[28]      ; f[28]       ; 7.211  ; 7.279  ; 7.621  ; 7.698  ;
; a[28]      ; f[29]       ; 7.677  ; 7.741  ; 8.090  ; 8.145  ;
; a[28]      ; f[30]       ; 9.206  ; 9.165  ; 9.623  ; 9.573  ;
; a[28]      ; f[31]       ; 8.262  ; 8.217  ; 8.683  ; 8.629  ;
; a[29]      ; f[29]       ; 7.550  ; 7.607  ; 8.004  ; 8.030  ;
; a[29]      ; f[30]       ; 9.106  ; 9.065  ; 9.524  ; 9.474  ;
; a[29]      ; f[31]       ; 8.162  ; 8.117  ; 8.584  ; 8.530  ;
; a[30]      ; f[30]       ; 8.804  ; 8.756  ; 9.266  ; 9.187  ;
; a[30]      ; f[31]       ; 7.926  ; 7.881  ; 8.429  ; 8.375  ;
; a[31]      ; f[16]       ; 11.988 ; 12.010 ; 12.523 ; 12.533 ;
; a[31]      ; f[17]       ; 11.841 ; 11.851 ; 12.423 ; 12.503 ;
; a[31]      ; f[18]       ; 12.332 ; 12.394 ; 12.835 ; 12.871 ;
; a[31]      ; f[19]       ; 14.383 ; 14.456 ; 14.991 ; 15.136 ;
; a[31]      ; f[20]       ; 7.924  ; 7.984  ; 8.304  ; 8.341  ;
; a[31]      ; f[21]       ; 8.409  ; 8.462  ; 8.777  ; 8.861  ;
; a[31]      ; f[22]       ; 9.279  ; 9.391  ; 9.649  ; 9.726  ;
; a[31]      ; f[23]       ; 10.637 ; 10.611 ; 11.027 ; 10.973 ;
; a[31]      ; f[24]       ; 10.274 ; 10.372 ; 10.545 ; 10.634 ;
; a[31]      ; f[25]       ; 10.698 ; 10.760 ; 10.932 ; 11.025 ;
; a[31]      ; f[26]       ; 12.073 ; 12.013 ; 12.307 ; 12.278 ;
; a[31]      ; f[27]       ; 13.779 ; 13.700 ; 14.120 ; 14.072 ;
; a[31]      ; f[31]       ; 7.733  ; 7.713  ; 8.123  ; 8.091  ;
; a[31]      ; f[48]       ; 10.714 ; 10.785 ; 10.998 ; 11.100 ;
; a[31]      ; f[49]       ; 10.767 ; 10.855 ; 11.369 ; 11.469 ;
; a[31]      ; f[50]       ; 11.011 ; 11.123 ; 11.286 ; 11.389 ;
; a[31]      ; f[51]       ; 11.836 ; 11.937 ; 12.076 ; 12.142 ;
; a[32]      ; f[32]       ; 8.505  ; 8.536  ; 8.951  ; 9.004  ;
; a[32]      ; f[33]       ; 8.452  ; 8.418  ; 8.900  ; 8.923  ;
; a[32]      ; f[34]       ; 8.555  ; 8.601  ; 8.993  ; 9.004  ;
; a[32]      ; f[35]       ; 9.130  ; 9.156  ; 9.512  ; 9.526  ;
; a[33]      ; f[33]       ; 8.300  ; 8.305  ; 8.886  ; 8.879  ;
; a[33]      ; f[34]       ; 9.416  ; 9.462  ; 9.980  ; 9.991  ;
; a[33]      ; f[35]       ; 9.991  ; 10.017 ; 10.499 ; 10.513 ;
; a[34]      ; f[34]       ; 6.263  ; 6.299  ; 6.425  ; 6.470  ;
; a[34]      ; f[35]       ; 6.836  ; 6.862  ; 6.982  ; 6.996  ;
; a[35]      ; f[16]       ; 10.119 ; 10.141 ; 10.618 ; 10.628 ;
; a[35]      ; f[17]       ; 10.390 ; 10.400 ; 10.943 ; 11.023 ;
; a[35]      ; f[18]       ; 10.463 ; 10.525 ; 10.930 ; 10.966 ;
; a[35]      ; f[19]       ; 12.514 ; 12.587 ; 13.086 ; 13.231 ;
; a[35]      ; f[32]       ; 10.686 ; 10.700 ; 11.186 ; 11.231 ;
; a[35]      ; f[33]       ; 10.410 ; 10.376 ; 10.962 ; 10.985 ;
; a[35]      ; f[34]       ; 10.900 ; 10.946 ; 11.388 ; 11.399 ;
; a[35]      ; f[35]       ; 8.752  ; 8.791  ; 9.221  ; 9.269  ;
; a[35]      ; f[36]       ; 8.541  ; 8.581  ; 8.975  ; 9.046  ;
; a[35]      ; f[37]       ; 8.481  ; 8.536  ; 8.946  ; 8.992  ;
; a[35]      ; f[38]       ; 9.202  ; 9.260  ; 9.608  ; 9.640  ;
; a[35]      ; f[39]       ; 10.388 ; 10.345 ; 10.823 ; 10.773 ;
; a[35]      ; f[40]       ; 9.825  ; 9.881  ; 10.251 ; 10.338 ;
; a[35]      ; f[41]       ; 10.305 ; 10.317 ; 10.702 ; 10.745 ;
; a[35]      ; f[42]       ; 10.326 ; 10.377 ; 10.758 ; 10.774 ;
; a[35]      ; f[43]       ; 10.662 ; 10.636 ; 11.123 ; 11.090 ;
; a[35]      ; f[44]       ; 10.338 ; 10.401 ; 10.657 ; 10.751 ;
; a[35]      ; f[45]       ; 10.865 ; 10.960 ; 11.169 ; 11.238 ;
; a[35]      ; f[46]       ; 10.821 ; 10.886 ; 11.110 ; 11.206 ;
; a[35]      ; f[47]       ; 11.524 ; 11.445 ; 11.889 ; 11.803 ;
; a[36]      ; f[36]       ; 7.415  ; 7.484  ; 7.862  ; 7.940  ;
; a[36]      ; f[37]       ; 7.913  ; 7.931  ; 8.342  ; 8.392  ;
; a[36]      ; f[38]       ; 8.703  ; 8.761  ; 9.128  ; 9.160  ;
; a[36]      ; f[39]       ; 9.889  ; 9.846  ; 10.343 ; 10.293 ;
; a[37]      ; f[37]       ; 5.697  ; 5.718  ; 5.912  ; 5.945  ;
; a[37]      ; f[38]       ; 5.953  ; 6.011  ; 6.136  ; 6.168  ;
; a[37]      ; f[39]       ; 7.139  ; 7.096  ; 7.351  ; 7.301  ;
; a[38]      ; f[38]       ; 7.199  ; 7.229  ; 7.606  ; 7.664  ;
; a[38]      ; f[39]       ; 8.139  ; 8.096  ; 8.580  ; 8.530  ;
; a[39]      ; f[16]       ; 10.848 ; 10.870 ; 11.313 ; 11.323 ;
; a[39]      ; f[17]       ; 10.876 ; 10.886 ; 11.404 ; 11.484 ;
; a[39]      ; f[18]       ; 11.192 ; 11.254 ; 11.625 ; 11.661 ;
; a[39]      ; f[19]       ; 13.243 ; 13.316 ; 13.781 ; 13.926 ;
; a[39]      ; f[32]       ; 11.236 ; 11.250 ; 11.690 ; 11.735 ;
; a[39]      ; f[33]       ; 10.896 ; 10.862 ; 11.423 ; 11.446 ;
; a[39]      ; f[34]       ; 11.450 ; 11.496 ; 11.892 ; 11.903 ;
; a[39]      ; f[35]       ; 12.025 ; 12.051 ; 12.411 ; 12.425 ;
; a[39]      ; f[36]       ; 8.658  ; 8.698  ; 9.087  ; 9.158  ;
; a[39]      ; f[37]       ; 8.922  ; 8.977  ; 9.385  ; 9.431  ;
; a[39]      ; f[38]       ; 9.643  ; 9.701  ; 10.047 ; 10.079 ;
; a[39]      ; f[39]       ; 7.827  ; 7.762  ; 8.298  ; 8.224  ;
; a[39]      ; f[40]       ; 10.996 ; 11.052 ; 11.419 ; 11.506 ;
; a[39]      ; f[41]       ; 11.476 ; 11.488 ; 11.870 ; 11.913 ;
; a[39]      ; f[42]       ; 11.497 ; 11.548 ; 11.926 ; 11.942 ;
; a[39]      ; f[43]       ; 11.833 ; 11.807 ; 12.291 ; 12.258 ;
; a[39]      ; f[44]       ; 9.680  ; 9.743  ; 10.009 ; 10.103 ;
; a[39]      ; f[45]       ; 10.207 ; 10.302 ; 10.521 ; 10.590 ;
; a[39]      ; f[46]       ; 10.163 ; 10.228 ; 10.462 ; 10.558 ;
; a[39]      ; f[47]       ; 10.866 ; 10.787 ; 11.241 ; 11.155 ;
; a[40]      ; f[40]       ; 7.184  ; 7.269  ; 7.622  ; 7.716  ;
; a[40]      ; f[41]       ; 7.666  ; 7.678  ; 8.076  ; 8.119  ;
; a[40]      ; f[42]       ; 7.925  ; 7.976  ; 8.358  ; 8.374  ;
; a[40]      ; f[43]       ; 8.261  ; 8.235  ; 8.723  ; 8.690  ;
; a[41]      ; f[41]       ; 7.047  ; 7.088  ; 7.496  ; 7.546  ;
; a[41]      ; f[42]       ; 7.501  ; 7.552  ; 7.958  ; 7.974  ;
; a[41]      ; f[43]       ; 7.837  ; 7.811  ; 8.323  ; 8.290  ;
; a[42]      ; f[42]       ; 6.961  ; 7.002  ; 7.397  ; 7.447  ;
; a[42]      ; f[43]       ; 7.666  ; 7.640  ; 8.172  ; 8.139  ;
; a[43]      ; f[16]       ; 11.193 ; 11.215 ; 11.638 ; 11.648 ;
; a[43]      ; f[17]       ; 11.221 ; 11.231 ; 11.729 ; 11.809 ;
; a[43]      ; f[18]       ; 11.537 ; 11.599 ; 11.950 ; 11.986 ;
; a[43]      ; f[19]       ; 13.588 ; 13.661 ; 14.106 ; 14.251 ;
; a[43]      ; f[32]       ; 11.581 ; 11.595 ; 12.015 ; 12.060 ;
; a[43]      ; f[33]       ; 11.241 ; 11.207 ; 11.748 ; 11.771 ;
; a[43]      ; f[34]       ; 11.795 ; 11.841 ; 12.217 ; 12.228 ;
; a[43]      ; f[35]       ; 12.370 ; 12.396 ; 12.736 ; 12.750 ;
; a[43]      ; f[36]       ; 9.599  ; 9.639  ; 10.042 ; 10.113 ;
; a[43]      ; f[37]       ; 10.285 ; 10.340 ; 10.784 ; 10.830 ;
; a[43]      ; f[38]       ; 11.006 ; 11.064 ; 11.446 ; 11.478 ;
; a[43]      ; f[39]       ; 12.192 ; 12.149 ; 12.661 ; 12.611 ;
; a[43]      ; f[40]       ; 12.359 ; 12.415 ; 12.818 ; 12.905 ;
; a[43]      ; f[41]       ; 12.839 ; 12.851 ; 13.269 ; 13.312 ;
; a[43]      ; f[42]       ; 12.860 ; 12.911 ; 13.325 ; 13.341 ;
; a[43]      ; f[43]       ; 6.958  ; 6.910  ; 7.399  ; 7.342  ;
; a[43]      ; f[44]       ; 11.170 ; 11.233 ; 11.548 ; 11.642 ;
; a[43]      ; f[45]       ; 11.697 ; 11.792 ; 12.060 ; 12.129 ;
; a[43]      ; f[46]       ; 11.653 ; 11.718 ; 12.001 ; 12.097 ;
; a[43]      ; f[47]       ; 12.356 ; 12.277 ; 12.780 ; 12.694 ;
; a[44]      ; f[44]       ; 7.110  ; 7.179  ; 7.549  ; 7.646  ;
; a[44]      ; f[45]       ; 7.636  ; 7.731  ; 8.058  ; 8.127  ;
; a[44]      ; f[46]       ; 7.634  ; 7.699  ; 8.035  ; 8.131  ;
; a[44]      ; f[47]       ; 8.337  ; 8.258  ; 8.814  ; 8.728  ;
; a[45]      ; f[45]       ; 6.917  ; 7.009  ; 7.381  ; 7.460  ;
; a[45]      ; f[46]       ; 7.211  ; 7.276  ; 7.619  ; 7.715  ;
; a[45]      ; f[47]       ; 7.914  ; 7.835  ; 8.398  ; 8.312  ;
; a[46]      ; f[46]       ; 6.831  ; 6.925  ; 7.284  ; 7.387  ;
; a[46]      ; f[47]       ; 7.566  ; 7.487  ; 8.065  ; 7.979  ;
; a[47]      ; f[16]       ; 11.277 ; 11.299 ; 11.748 ; 11.758 ;
; a[47]      ; f[17]       ; 11.548 ; 11.558 ; 12.073 ; 12.153 ;
; a[47]      ; f[18]       ; 11.621 ; 11.683 ; 12.060 ; 12.096 ;
; a[47]      ; f[19]       ; 13.672 ; 13.745 ; 14.216 ; 14.361 ;
; a[47]      ; f[32]       ; 11.844 ; 11.858 ; 12.316 ; 12.361 ;
; a[47]      ; f[33]       ; 11.568 ; 11.534 ; 12.092 ; 12.115 ;
; a[47]      ; f[34]       ; 12.058 ; 12.104 ; 12.518 ; 12.529 ;
; a[47]      ; f[35]       ; 12.633 ; 12.659 ; 13.037 ; 13.051 ;
; a[47]      ; f[36]       ; 9.850  ; 9.890  ; 10.303 ; 10.374 ;
; a[47]      ; f[37]       ; 10.212 ; 10.267 ; 10.736 ; 10.782 ;
; a[47]      ; f[38]       ; 10.933 ; 10.991 ; 11.398 ; 11.430 ;
; a[47]      ; f[39]       ; 12.119 ; 12.076 ; 12.613 ; 12.563 ;
; a[47]      ; f[40]       ; 10.571 ; 10.627 ; 10.959 ; 11.046 ;
; a[47]      ; f[41]       ; 11.051 ; 11.063 ; 11.410 ; 11.453 ;
; a[47]      ; f[42]       ; 11.072 ; 11.123 ; 11.466 ; 11.482 ;
; a[47]      ; f[43]       ; 11.408 ; 11.382 ; 11.831 ; 11.798 ;
; a[47]      ; f[47]       ; 7.075  ; 6.974  ; 7.520  ; 7.410  ;
; a[48]      ; f[48]       ; 6.983  ; 7.083  ; 7.413  ; 7.522  ;
; a[48]      ; f[49]       ; 7.551  ; 7.639  ; 8.002  ; 8.102  ;
; a[48]      ; f[50]       ; 7.523  ; 7.635  ; 7.946  ; 8.049  ;
; a[48]      ; f[51]       ; 8.348  ; 8.449  ; 8.736  ; 8.802  ;
; a[49]      ; f[49]       ; 6.868  ; 6.963  ; 7.283  ; 7.387  ;
; a[49]      ; f[50]       ; 7.086  ; 7.198  ; 7.502  ; 7.605  ;
; a[49]      ; f[51]       ; 7.911  ; 8.012  ; 8.292  ; 8.358  ;
; a[50]      ; f[50]       ; 6.999  ; 7.104  ; 7.454  ; 7.559  ;
; a[50]      ; f[51]       ; 7.432  ; 7.533  ; 7.871  ; 7.937  ;
; a[51]      ; f[16]       ; 11.151 ; 11.173 ; 11.662 ; 11.672 ;
; a[51]      ; f[17]       ; 11.422 ; 11.432 ; 11.987 ; 12.067 ;
; a[51]      ; f[18]       ; 11.495 ; 11.557 ; 11.974 ; 12.010 ;
; a[51]      ; f[19]       ; 13.546 ; 13.619 ; 14.130 ; 14.275 ;
; a[51]      ; f[32]       ; 11.718 ; 11.732 ; 12.230 ; 12.275 ;
; a[51]      ; f[33]       ; 11.442 ; 11.408 ; 12.006 ; 12.029 ;
; a[51]      ; f[34]       ; 11.932 ; 11.978 ; 12.432 ; 12.443 ;
; a[51]      ; f[35]       ; 12.507 ; 12.533 ; 12.951 ; 12.965 ;
; a[51]      ; f[48]       ; 12.395 ; 12.466 ; 12.786 ; 12.888 ;
; a[51]      ; f[49]       ; 12.457 ; 12.545 ; 12.920 ; 13.020 ;
; a[51]      ; f[50]       ; 12.692 ; 12.804 ; 13.074 ; 13.177 ;
; a[51]      ; f[51]       ; 7.242  ; 7.333  ; 7.687  ; 7.787  ;
; a[51]      ; f[52]       ; 8.968  ; 9.041  ; 9.448  ; 9.553  ;
; a[51]      ; f[53]       ; 9.547  ; 9.613  ; 9.999  ; 10.057 ;
; a[51]      ; f[54]       ; 9.791  ; 9.804  ; 10.205 ; 10.249 ;
; a[51]      ; f[55]       ; 10.460 ; 10.423 ; 10.901 ; 10.895 ;
; a[51]      ; f[56]       ; 11.276 ; 11.391 ; 11.810 ; 11.888 ;
; a[51]      ; f[57]       ; 12.485 ; 12.502 ; 13.018 ; 13.092 ;
; a[51]      ; f[58]       ; 11.749 ; 11.824 ; 12.215 ; 12.321 ;
; a[51]      ; f[59]       ; 13.394 ; 13.374 ; 13.900 ; 13.871 ;
; a[51]      ; f[60]       ; 10.034 ; 10.136 ; 10.628 ; 10.721 ;
; a[51]      ; f[61]       ; 10.501 ; 10.566 ; 11.061 ; 11.157 ;
; a[51]      ; f[62]       ; 10.370 ; 10.471 ; 10.956 ; 11.048 ;
; a[51]      ; f[63]       ; 11.302 ; 11.232 ; 11.894 ; 11.817 ;
; a[52]      ; f[52]       ; 7.253  ; 7.323  ; 7.664  ; 7.806  ;
; a[52]      ; f[53]       ; 7.610  ; 7.676  ; 8.018  ; 8.076  ;
; a[52]      ; f[54]       ; 7.854  ; 7.867  ; 8.224  ; 8.268  ;
; a[52]      ; f[55]       ; 8.523  ; 8.486  ; 8.920  ; 8.914  ;
; a[53]      ; f[53]       ; 7.151  ; 7.236  ; 7.593  ; 7.687  ;
; a[53]      ; f[54]       ; 7.503  ; 7.516  ; 7.921  ; 7.965  ;
; a[53]      ; f[55]       ; 8.172  ; 8.135  ; 8.617  ; 8.611  ;
; a[54]      ; f[54]       ; 7.064  ; 7.106  ; 7.478  ; 7.529  ;
; a[54]      ; f[55]       ; 7.763  ; 7.726  ; 8.176  ; 8.170  ;
; a[55]      ; f[16]       ; 11.310 ; 11.332 ; 11.784 ; 11.794 ;
; a[55]      ; f[17]       ; 11.338 ; 11.348 ; 11.875 ; 11.955 ;
; a[55]      ; f[18]       ; 11.654 ; 11.716 ; 12.096 ; 12.132 ;
; a[55]      ; f[19]       ; 13.705 ; 13.778 ; 14.252 ; 14.397 ;
; a[55]      ; f[32]       ; 11.698 ; 11.712 ; 12.161 ; 12.206 ;
; a[55]      ; f[33]       ; 11.358 ; 11.324 ; 11.894 ; 11.917 ;
; a[55]      ; f[34]       ; 11.912 ; 11.958 ; 12.363 ; 12.374 ;
; a[55]      ; f[35]       ; 12.487 ; 12.513 ; 12.882 ; 12.896 ;
; a[55]      ; f[48]       ; 11.354 ; 11.425 ; 11.707 ; 11.809 ;
; a[55]      ; f[49]       ; 11.416 ; 11.504 ; 11.841 ; 11.941 ;
; a[55]      ; f[50]       ; 11.651 ; 11.763 ; 11.995 ; 12.098 ;
; a[55]      ; f[51]       ; 12.476 ; 12.577 ; 12.785 ; 12.851 ;
; a[55]      ; f[52]       ; 8.436  ; 8.509  ; 8.889  ; 8.994  ;
; a[55]      ; f[53]       ; 9.015  ; 9.081  ; 9.440  ; 9.498  ;
; a[55]      ; f[54]       ; 9.259  ; 9.272  ; 9.646  ; 9.690  ;
; a[55]      ; f[55]       ; 7.605  ; 7.570  ; 8.043  ; 7.999  ;
; a[55]      ; f[56]       ; 10.219 ; 10.334 ; 10.698 ; 10.776 ;
; a[55]      ; f[57]       ; 11.428 ; 11.445 ; 11.906 ; 11.980 ;
; a[55]      ; f[58]       ; 10.692 ; 10.767 ; 11.103 ; 11.209 ;
; a[55]      ; f[59]       ; 12.337 ; 12.317 ; 12.788 ; 12.759 ;
; a[55]      ; f[60]       ; 9.453  ; 9.555  ; 9.968  ; 10.061 ;
; a[55]      ; f[61]       ; 9.920  ; 9.985  ; 10.401 ; 10.497 ;
; a[55]      ; f[62]       ; 9.789  ; 9.890  ; 10.296 ; 10.388 ;
; a[55]      ; f[63]       ; 10.721 ; 10.651 ; 11.234 ; 11.157 ;
; a[56]      ; f[56]       ; 7.233  ; 7.338  ; 7.625  ; 7.739  ;
; a[56]      ; f[57]       ; 8.897  ; 8.914  ; 9.270  ; 9.344  ;
; a[56]      ; f[58]       ; 7.640  ; 7.715  ; 8.005  ; 8.111  ;
; a[56]      ; f[59]       ; 9.285  ; 9.265  ; 9.690  ; 9.661  ;
; a[57]      ; f[57]       ; 8.250  ; 8.305  ; 8.733  ; 8.757  ;
; a[57]      ; f[58]       ; 7.745  ; 7.820  ; 8.174  ; 8.280  ;
; a[57]      ; f[59]       ; 9.390  ; 9.370  ; 9.859  ; 9.830  ;
; a[58]      ; f[58]       ; 7.004  ; 7.108  ; 7.457  ; 7.570  ;
; a[58]      ; f[59]       ; 8.680  ; 8.660  ; 9.143  ; 9.114  ;
; a[59]      ; f[16]       ; 10.206 ; 10.228 ; 10.675 ; 10.685 ;
; a[59]      ; f[17]       ; 10.234 ; 10.244 ; 10.766 ; 10.846 ;
; a[59]      ; f[18]       ; 10.550 ; 10.612 ; 10.987 ; 11.023 ;
; a[59]      ; f[19]       ; 12.601 ; 12.674 ; 13.143 ; 13.288 ;
; a[59]      ; f[32]       ; 10.594 ; 10.608 ; 11.052 ; 11.097 ;
; a[59]      ; f[33]       ; 10.254 ; 10.220 ; 10.785 ; 10.808 ;
; a[59]      ; f[34]       ; 10.808 ; 10.854 ; 11.254 ; 11.265 ;
; a[59]      ; f[35]       ; 11.383 ; 11.409 ; 11.773 ; 11.787 ;
; a[59]      ; f[48]       ; 11.112 ; 11.183 ; 11.373 ; 11.475 ;
; a[59]      ; f[49]       ; 11.174 ; 11.262 ; 11.507 ; 11.607 ;
; a[59]      ; f[50]       ; 11.409 ; 11.521 ; 11.661 ; 11.764 ;
; a[59]      ; f[51]       ; 12.234 ; 12.335 ; 12.451 ; 12.517 ;
; a[59]      ; f[52]       ; 10.257 ; 10.330 ; 10.748 ; 10.853 ;
; a[59]      ; f[53]       ; 10.836 ; 10.902 ; 11.299 ; 11.357 ;
; a[59]      ; f[54]       ; 11.080 ; 11.093 ; 11.505 ; 11.549 ;
; a[59]      ; f[55]       ; 11.749 ; 11.712 ; 12.201 ; 12.195 ;
; a[59]      ; f[56]       ; 10.001 ; 10.116 ; 10.395 ; 10.473 ;
; a[59]      ; f[57]       ; 11.210 ; 11.227 ; 11.603 ; 11.677 ;
; a[59]      ; f[58]       ; 10.474 ; 10.549 ; 10.800 ; 10.906 ;
; a[59]      ; f[59]       ; 8.812  ; 8.819  ; 9.256  ; 9.226  ;
; a[59]      ; f[60]       ; 7.307  ; 7.409  ; 7.747  ; 7.840  ;
; a[59]      ; f[61]       ; 7.774  ; 7.839  ; 8.180  ; 8.276  ;
; a[59]      ; f[62]       ; 7.643  ; 7.744  ; 8.075  ; 8.167  ;
; a[59]      ; f[63]       ; 8.575  ; 8.505  ; 9.013  ; 8.936  ;
; a[60]      ; f[60]       ; 7.032  ; 7.127  ; 7.495  ; 7.559  ;
; a[60]      ; f[61]       ; 7.602  ; 7.667  ; 8.021  ; 8.117  ;
; a[60]      ; f[62]       ; 7.477  ; 7.578  ; 7.915  ; 8.007  ;
; a[60]      ; f[63]       ; 8.409  ; 8.339  ; 8.853  ; 8.776  ;
; a[61]      ; f[61]       ; 6.980  ; 7.053  ; 7.407  ; 7.506  ;
; a[61]      ; f[62]       ; 7.183  ; 7.284  ; 7.586  ; 7.678  ;
; a[61]      ; f[63]       ; 8.115  ; 8.045  ; 8.524  ; 8.447  ;
; a[62]      ; f[62]       ; 6.863  ; 6.955  ; 7.320  ; 7.383  ;
; a[62]      ; f[63]       ; 7.784  ; 7.714  ; 8.288  ; 8.211  ;
; a[63]      ; f[16]       ; 10.879 ; 10.901 ; 11.368 ; 11.378 ;
; a[63]      ; f[17]       ; 11.150 ; 11.160 ; 11.693 ; 11.773 ;
; a[63]      ; f[18]       ; 11.223 ; 11.285 ; 11.680 ; 11.716 ;
; a[63]      ; f[19]       ; 13.274 ; 13.347 ; 13.836 ; 13.981 ;
; a[63]      ; f[32]       ; 11.446 ; 11.460 ; 11.936 ; 11.981 ;
; a[63]      ; f[33]       ; 11.170 ; 11.136 ; 11.712 ; 11.735 ;
; a[63]      ; f[34]       ; 11.660 ; 11.706 ; 12.138 ; 12.149 ;
; a[63]      ; f[35]       ; 12.235 ; 12.261 ; 12.657 ; 12.671 ;
; a[63]      ; f[48]       ; 11.182 ; 11.253 ; 11.518 ; 11.620 ;
; a[63]      ; f[49]       ; 11.244 ; 11.332 ; 11.652 ; 11.752 ;
; a[63]      ; f[50]       ; 11.479 ; 11.591 ; 11.806 ; 11.909 ;
; a[63]      ; f[51]       ; 12.304 ; 12.405 ; 12.596 ; 12.662 ;
; a[63]      ; f[52]       ; 9.923  ; 9.996  ; 10.445 ; 10.550 ;
; a[63]      ; f[53]       ; 10.502 ; 10.568 ; 10.996 ; 11.054 ;
; a[63]      ; f[54]       ; 10.746 ; 10.759 ; 11.202 ; 11.246 ;
; a[63]      ; f[55]       ; 11.415 ; 11.378 ; 11.898 ; 11.892 ;
; a[63]      ; f[56]       ; 7.551  ; 7.666  ; 8.006  ; 8.084  ;
; a[63]      ; f[57]       ; 8.923  ; 8.940  ; 9.367  ; 9.441  ;
; a[63]      ; f[58]       ; 8.024  ; 8.099  ; 8.411  ; 8.517  ;
; a[63]      ; f[59]       ; 9.669  ; 9.649  ; 10.096 ; 10.067 ;
; a[63]      ; f[63]       ; 7.490  ; 7.398  ; 7.924  ; 7.823  ;
; b[0]       ; f[0]        ; 7.123  ; 7.042  ; 7.523  ; 7.442  ;
; b[0]       ; f[1]        ; 7.292  ; 7.382  ; 7.692  ; 7.781  ;
; b[0]       ; f[2]        ; 8.231  ; 8.289  ; 8.622  ; 8.680  ;
; b[0]       ; f[3]        ; 8.501  ; 8.441  ; 8.901  ; 8.832  ;
; b[1]       ; f[1]        ; 7.110  ; 7.166  ; 7.520  ; 7.581  ;
; b[1]       ; f[2]        ; 7.961  ; 8.019  ; 8.366  ; 8.461  ;
; b[1]       ; f[3]        ; 8.248  ; 8.171  ; 8.629  ; 8.575  ;
; b[2]       ; f[2]        ; 7.110  ; 7.204  ; 7.506  ; 7.591  ;
; b[2]       ; f[3]        ; 7.636  ; 7.582  ; 8.092  ; 8.027  ;
; b[3]       ; f[3]        ; 7.343  ; 7.255  ; 7.732  ; 7.653  ;
; b[3]       ; f[4]        ; 9.485  ; 9.501  ; 9.896  ; 9.943  ;
; b[3]       ; f[5]        ; 10.030 ; 10.143 ; 10.433 ; 10.523 ;
; b[3]       ; f[6]        ; 10.314 ; 10.365 ; 10.688 ; 10.730 ;
; b[3]       ; f[7]        ; 11.479 ; 11.480 ; 11.872 ; 11.836 ;
; b[3]       ; f[8]        ; 11.273 ; 11.378 ; 11.604 ; 11.709 ;
; b[3]       ; f[9]        ; 11.488 ; 11.583 ; 11.819 ; 11.914 ;
; b[3]       ; f[10]       ; 11.475 ; 11.546 ; 11.806 ; 11.877 ;
; b[3]       ; f[11]       ; 14.782 ; 14.747 ; 15.146 ; 15.099 ;
; b[3]       ; f[12]       ; 9.520  ; 9.526  ; 9.915  ; 9.952  ;
; b[3]       ; f[13]       ; 10.218 ; 10.232 ; 10.630 ; 10.635 ;
; b[3]       ; f[14]       ; 10.875 ; 10.817 ; 11.269 ; 11.202 ;
; b[3]       ; f[15]       ; 11.403 ; 11.398 ; 11.817 ; 11.784 ;
; b[3]       ; f[16]       ; 12.659 ; 12.681 ; 13.126 ; 13.148 ;
; b[3]       ; f[17]       ; 12.512 ; 12.522 ; 12.979 ; 12.989 ;
; b[3]       ; f[18]       ; 13.003 ; 13.065 ; 13.470 ; 13.532 ;
; b[3]       ; f[19]       ; 15.054 ; 15.127 ; 15.521 ; 15.594 ;
; b[3]       ; f[32]       ; 11.639 ; 11.684 ; 12.094 ; 12.108 ;
; b[3]       ; f[33]       ; 11.090 ; 11.094 ; 11.510 ; 11.476 ;
; b[3]       ; f[34]       ; 11.841 ; 11.852 ; 12.308 ; 12.329 ;
; b[3]       ; f[35]       ; 12.360 ; 12.374 ; 12.837 ; 12.851 ;
; b[3]       ; f[48]       ; 11.382 ; 11.456 ; 11.713 ; 11.815 ;
; b[3]       ; f[49]       ; 11.438 ; 11.526 ; 11.905 ; 11.993 ;
; b[3]       ; f[50]       ; 11.670 ; 11.773 ; 12.001 ; 12.104 ;
; b[3]       ; f[51]       ; 12.460 ; 12.526 ; 12.791 ; 12.857 ;
; b[4]       ; f[4]        ; 6.838  ; 6.883  ; 7.247  ; 7.294  ;
; b[4]       ; f[5]        ; 7.369  ; 7.478  ; 7.779  ; 7.880  ;
; b[4]       ; f[6]        ; 7.643  ; 7.685  ; 8.045  ; 8.087  ;
; b[4]       ; f[7]        ; 8.827  ; 8.791  ; 9.229  ; 9.193  ;
; b[5]       ; f[5]        ; 7.063  ; 7.166  ; 7.490  ; 7.602  ;
; b[5]       ; f[6]        ; 7.462  ; 7.504  ; 7.872  ; 7.923  ;
; b[5]       ; f[7]        ; 8.641  ; 8.610  ; 9.037  ; 9.038  ;
; b[6]       ; f[6]        ; 7.145  ; 7.189  ; 7.537  ; 7.577  ;
; b[6]       ; f[7]        ; 8.098  ; 8.099  ; 8.490  ; 8.491  ;
; b[7]       ; f[4]        ; 8.901  ; 8.930  ; 9.301  ; 9.339  ;
; b[7]       ; f[5]        ; 9.438  ; 9.528  ; 9.838  ; 9.928  ;
; b[7]       ; f[6]        ; 9.693  ; 9.735  ; 10.093 ; 10.135 ;
; b[7]       ; f[7]        ; 7.492  ; 7.457  ; 7.894  ; 7.859  ;
; b[7]       ; f[8]        ; 11.203 ; 11.308 ; 11.603 ; 11.708 ;
; b[7]       ; f[9]        ; 11.418 ; 11.513 ; 11.818 ; 11.913 ;
; b[7]       ; f[10]       ; 11.405 ; 11.476 ; 11.805 ; 11.876 ;
; b[7]       ; f[11]       ; 14.745 ; 14.698 ; 15.145 ; 15.098 ;
; b[7]       ; f[12]       ; 9.313  ; 9.341  ; 9.715  ; 9.752  ;
; b[7]       ; f[13]       ; 10.028 ; 10.033 ; 10.430 ; 10.435 ;
; b[7]       ; f[14]       ; 10.667 ; 10.600 ; 11.069 ; 11.002 ;
; b[7]       ; f[15]       ; 11.215 ; 11.182 ; 11.617 ; 11.584 ;
; b[7]       ; f[16]       ; 12.318 ; 12.340 ; 12.727 ; 12.749 ;
; b[7]       ; f[17]       ; 12.171 ; 12.181 ; 12.580 ; 12.590 ;
; b[7]       ; f[18]       ; 12.662 ; 12.724 ; 13.071 ; 13.133 ;
; b[7]       ; f[19]       ; 14.713 ; 14.786 ; 15.122 ; 15.195 ;
; b[7]       ; f[32]       ; 11.326 ; 11.371 ; 11.728 ; 11.773 ;
; b[7]       ; f[33]       ; 10.777 ; 10.758 ; 11.179 ; 11.169 ;
; b[7]       ; f[34]       ; 11.528 ; 11.539 ; 11.930 ; 11.941 ;
; b[7]       ; f[35]       ; 12.047 ; 12.061 ; 12.449 ; 12.463 ;
; b[7]       ; f[48]       ; 10.924 ; 11.026 ; 11.324 ; 11.426 ;
; b[7]       ; f[49]       ; 11.097 ; 11.185 ; 11.506 ; 11.594 ;
; b[7]       ; f[50]       ; 11.212 ; 11.315 ; 11.612 ; 11.715 ;
; b[7]       ; f[51]       ; 12.002 ; 12.068 ; 12.402 ; 12.468 ;
; b[8]       ; f[8]        ; 7.658  ; 7.740  ; 8.034  ; 8.116  ;
; b[8]       ; f[9]        ; 7.737  ; 7.801  ; 8.114  ; 8.209  ;
; b[8]       ; f[10]       ; 7.787  ; 7.893  ; 8.196  ; 8.267  ;
; b[8]       ; f[11]       ; 11.054 ; 11.019 ; 11.489 ; 11.454 ;
; b[9]       ; f[9]        ; 7.018  ; 7.111  ; 7.424  ; 7.517  ;
; b[9]       ; f[10]       ; 7.741  ; 7.819  ; 8.145  ; 8.216  ;
; b[9]       ; f[11]       ; 11.008 ; 10.973 ; 11.414 ; 11.379 ;
; b[10]      ; f[10]       ; 7.182  ; 7.278  ; 7.606  ; 7.702  ;
; b[10]      ; f[11]       ; 10.405 ; 10.370 ; 10.829 ; 10.794 ;
; b[11]      ; f[4]        ; 9.317  ; 9.364  ; 9.711  ; 9.758  ;
; b[11]      ; f[5]        ; 9.854  ; 9.944  ; 10.248 ; 10.338 ;
; b[11]      ; f[6]        ; 10.109 ; 10.151 ; 10.503 ; 10.545 ;
; b[11]      ; f[7]        ; 11.293 ; 11.257 ; 11.687 ; 11.651 ;
; b[11]      ; f[8]        ; 11.183 ; 11.288 ; 11.577 ; 11.682 ;
; b[11]      ; f[9]        ; 11.398 ; 11.493 ; 11.792 ; 11.887 ;
; b[11]      ; f[10]       ; 11.385 ; 11.456 ; 11.779 ; 11.850 ;
; b[11]      ; f[11]       ; 8.241  ; 8.181  ; 8.638  ; 8.570  ;
; b[11]      ; f[12]       ; 9.232  ; 9.254  ; 9.620  ; 9.651  ;
; b[11]      ; f[13]       ; 9.946  ; 9.952  ; 10.335 ; 10.340 ;
; b[11]      ; f[14]       ; 10.586 ; 10.519 ; 10.974 ; 10.907 ;
; b[11]      ; f[15]       ; 11.131 ; 11.101 ; 11.522 ; 11.489 ;
; b[11]      ; f[16]       ; 12.332 ; 12.354 ; 12.735 ; 12.757 ;
; b[11]      ; f[17]       ; 12.185 ; 12.195 ; 12.588 ; 12.598 ;
; b[11]      ; f[18]       ; 12.676 ; 12.738 ; 13.079 ; 13.141 ;
; b[11]      ; f[19]       ; 14.727 ; 14.800 ; 15.130 ; 15.203 ;
; b[11]      ; f[32]       ; 11.218 ; 11.263 ; 11.606 ; 11.651 ;
; b[11]      ; f[33]       ; 10.669 ; 10.648 ; 11.057 ; 11.045 ;
; b[11]      ; f[34]       ; 11.420 ; 11.431 ; 11.808 ; 11.819 ;
; b[11]      ; f[35]       ; 11.939 ; 11.953 ; 12.327 ; 12.341 ;
; b[11]      ; f[48]       ; 10.885 ; 10.987 ; 11.279 ; 11.381 ;
; b[11]      ; f[49]       ; 11.111 ; 11.199 ; 11.514 ; 11.602 ;
; b[11]      ; f[50]       ; 11.173 ; 11.276 ; 11.567 ; 11.670 ;
; b[11]      ; f[51]       ; 11.963 ; 12.029 ; 12.357 ; 12.423 ;
; b[12]      ; f[12]       ; 7.209  ; 7.244  ; 7.615  ; 7.650  ;
; b[12]      ; f[13]       ; 7.829  ; 7.843  ; 8.235  ; 8.249  ;
; b[12]      ; f[14]       ; 8.682  ; 8.618  ; 9.075  ; 9.017  ;
; b[12]      ; f[15]       ; 9.210  ; 9.200  ; 9.603  ; 9.598  ;
; b[13]      ; f[13]       ; 7.868  ; 7.875  ; 8.291  ; 8.268  ;
; b[13]      ; f[14]       ; 9.034  ; 8.976  ; 9.435  ; 9.368  ;
; b[13]      ; f[15]       ; 9.562  ; 9.557  ; 9.983  ; 9.950  ;
; b[14]      ; f[14]       ; 8.345  ; 8.280  ; 8.737  ; 8.669  ;
; b[14]      ; f[15]       ; 8.942  ; 8.937  ; 9.334  ; 9.329  ;
; b[15]      ; f[4]        ; 9.253  ; 9.300  ; 9.653  ; 9.700  ;
; b[15]      ; f[5]        ; 9.790  ; 9.880  ; 10.190 ; 10.280 ;
; b[15]      ; f[6]        ; 10.045 ; 10.087 ; 10.445 ; 10.487 ;
; b[15]      ; f[7]        ; 11.229 ; 11.193 ; 11.629 ; 11.593 ;
; b[15]      ; f[8]        ; 10.809 ; 10.914 ; 11.209 ; 11.314 ;
; b[15]      ; f[9]        ; 11.024 ; 11.119 ; 11.424 ; 11.519 ;
; b[15]      ; f[10]       ; 11.011 ; 11.082 ; 11.411 ; 11.482 ;
; b[15]      ; f[11]       ; 14.351 ; 14.304 ; 14.751 ; 14.704 ;
; b[15]      ; f[15]       ; 8.460  ; 8.443  ; 8.860  ; 8.852  ;
; b[15]      ; f[16]       ; 12.462 ; 12.484 ; 12.869 ; 12.891 ;
; b[15]      ; f[17]       ; 12.315 ; 12.325 ; 12.722 ; 12.732 ;
; b[15]      ; f[18]       ; 12.806 ; 12.868 ; 13.213 ; 13.275 ;
; b[15]      ; f[19]       ; 14.857 ; 14.930 ; 15.264 ; 15.337 ;
; b[15]      ; f[32]       ; 11.393 ; 11.438 ; 11.793 ; 11.838 ;
; b[15]      ; f[33]       ; 10.844 ; 10.849 ; 11.244 ; 11.258 ;
; b[15]      ; f[34]       ; 11.595 ; 11.606 ; 11.995 ; 12.006 ;
; b[15]      ; f[35]       ; 12.114 ; 12.128 ; 12.514 ; 12.528 ;
; b[15]      ; f[48]       ; 11.078 ; 11.180 ; 11.476 ; 11.578 ;
; b[15]      ; f[49]       ; 11.241 ; 11.329 ; 11.648 ; 11.736 ;
; b[15]      ; f[50]       ; 11.366 ; 11.469 ; 11.764 ; 11.867 ;
; b[15]      ; f[51]       ; 12.156 ; 12.222 ; 12.554 ; 12.620 ;
; b[16]      ; f[16]       ; 8.228  ; 8.267  ; 8.636  ; 8.671  ;
; b[16]      ; f[17]       ; 8.512  ; 8.522  ; 8.909  ; 8.919  ;
; b[16]      ; f[18]       ; 8.511  ; 8.547  ; 8.935  ; 8.997  ;
; b[16]      ; f[19]       ; 10.582 ; 10.655 ; 10.986 ; 11.059 ;
; b[17]      ; f[17]       ; 8.143  ; 8.177  ; 8.581  ; 8.615  ;
; b[17]      ; f[18]       ; 8.644  ; 8.680  ; 9.073  ; 9.109  ;
; b[17]      ; f[19]       ; 10.697 ; 10.770 ; 11.135 ; 11.208 ;
; b[18]      ; f[18]       ; 7.958  ; 7.992  ; 8.379  ; 8.413  ;
; b[18]      ; f[19]       ; 9.766  ; 9.839  ; 10.187 ; 10.260 ;
; b[19]      ; f[16]       ; 13.723 ; 13.745 ; 14.139 ; 14.161 ;
; b[19]      ; f[17]       ; 13.576 ; 13.586 ; 13.992 ; 14.002 ;
; b[19]      ; f[18]       ; 14.067 ; 14.129 ; 14.483 ; 14.545 ;
; b[19]      ; f[19]       ; 7.487  ; 7.591  ; 7.901  ; 8.010  ;
; b[19]      ; f[20]       ; 11.209 ; 11.269 ; 11.628 ; 11.688 ;
; b[19]      ; f[21]       ; 11.157 ; 11.210 ; 11.576 ; 11.629 ;
; b[19]      ; f[22]       ; 12.027 ; 12.139 ; 12.446 ; 12.558 ;
; b[19]      ; f[23]       ; 13.385 ; 13.359 ; 13.804 ; 13.778 ;
; b[19]      ; f[24]       ; 13.568 ; 13.666 ; 13.987 ; 14.085 ;
; b[19]      ; f[25]       ; 13.992 ; 14.054 ; 14.411 ; 14.473 ;
; b[19]      ; f[26]       ; 15.367 ; 15.307 ; 15.786 ; 15.726 ;
; b[19]      ; f[27]       ; 17.073 ; 16.994 ; 17.492 ; 17.413 ;
; b[19]      ; f[28]       ; 11.228 ; 11.283 ; 11.647 ; 11.702 ;
; b[19]      ; f[29]       ; 11.710 ; 11.774 ; 12.129 ; 12.193 ;
; b[19]      ; f[30]       ; 13.204 ; 13.163 ; 13.623 ; 13.582 ;
; b[19]      ; f[31]       ; 12.260 ; 12.215 ; 12.679 ; 12.634 ;
; b[19]      ; f[48]       ; 12.398 ; 12.500 ; 12.844 ; 12.936 ;
; b[19]      ; f[49]       ; 12.502 ; 12.590 ; 12.918 ; 13.006 ;
; b[19]      ; f[50]       ; 12.686 ; 12.789 ; 13.132 ; 13.235 ;
; b[19]      ; f[51]       ; 13.476 ; 13.542 ; 13.922 ; 13.988 ;
; b[20]      ; f[20]       ; 7.849  ; 7.901  ; 8.256  ; 8.308  ;
; b[20]      ; f[21]       ; 8.424  ; 8.502  ; 8.856  ; 8.909  ;
; b[20]      ; f[22]       ; 9.296  ; 9.373  ; 9.726  ; 9.809  ;
; b[20]      ; f[23]       ; 10.674 ; 10.620 ; 11.084 ; 11.056 ;
; b[21]      ; f[21]       ; 7.168  ; 7.237  ; 7.537  ; 7.619  ;
; b[21]      ; f[22]       ; 7.845  ; 7.940  ; 8.238  ; 8.324  ;
; b[21]      ; f[23]       ; 9.203  ; 9.177  ; 9.596  ; 9.570  ;
; b[22]      ; f[22]       ; 7.143  ; 7.247  ; 7.556  ; 7.656  ;
; b[22]      ; f[23]       ; 8.499  ; 8.473  ; 8.912  ; 8.886  ;
; b[23]      ; f[16]       ; 11.789 ; 11.811 ; 12.215 ; 12.237 ;
; b[23]      ; f[17]       ; 11.642 ; 11.652 ; 12.068 ; 12.078 ;
; b[23]      ; f[18]       ; 12.133 ; 12.195 ; 12.559 ; 12.621 ;
; b[23]      ; f[19]       ; 14.184 ; 14.257 ; 14.610 ; 14.683 ;
; b[23]      ; f[20]       ; 8.391  ; 8.446  ; 8.816  ; 8.862  ;
; b[23]      ; f[21]       ; 8.750  ; 8.803  ; 9.175  ; 9.228  ;
; b[23]      ; f[22]       ; 9.620  ; 9.728  ; 10.045 ; 10.144 ;
; b[23]      ; f[23]       ; 7.805  ; 7.754  ; 8.230  ; 8.179  ;
; b[23]      ; f[24]       ; 11.082 ; 11.171 ; 11.498 ; 11.587 ;
; b[23]      ; f[25]       ; 11.469 ; 11.562 ; 11.885 ; 11.978 ;
; b[23]      ; f[26]       ; 12.844 ; 12.815 ; 13.260 ; 13.231 ;
; b[23]      ; f[27]       ; 14.632 ; 14.553 ; 15.057 ; 14.978 ;
; b[23]      ; f[28]       ; 8.561  ; 8.616  ; 8.987  ; 9.036  ;
; b[23]      ; f[29]       ; 9.043  ; 9.105  ; 9.467  ; 9.522  ;
; b[23]      ; f[30]       ; 10.537 ; 10.487 ; 10.954 ; 10.904 ;
; b[23]      ; f[31]       ; 9.593  ; 9.543  ; 10.014 ; 9.960  ;
; b[23]      ; f[48]       ; 10.878 ; 10.980 ; 11.295 ; 11.397 ;
; b[23]      ; f[49]       ; 10.568 ; 10.656 ; 10.994 ; 11.082 ;
; b[23]      ; f[50]       ; 11.166 ; 11.269 ; 11.583 ; 11.686 ;
; b[23]      ; f[51]       ; 11.956 ; 12.022 ; 12.373 ; 12.439 ;
; b[24]      ; f[24]       ; 6.892  ; 6.979  ; 7.303  ; 7.381  ;
; b[24]      ; f[25]       ; 7.396  ; 7.479  ; 7.798  ; 7.890  ;
; b[24]      ; f[26]       ; 8.766  ; 8.736  ; 9.168  ; 9.139  ;
; b[24]      ; f[27]       ; 10.502 ; 10.423 ; 10.913 ; 10.834 ;
; b[25]      ; f[25]       ; 7.117  ; 7.208  ; 7.525  ; 7.625  ;
; b[25]      ; f[26]       ; 9.024  ; 8.985  ; 9.428  ; 9.368  ;
; b[25]      ; f[27]       ; 10.751 ; 10.672 ; 11.134 ; 11.055 ;
; b[26]      ; f[26]       ; 8.228  ; 8.176  ; 8.637  ; 8.585  ;
; b[26]      ; f[27]       ; 9.940  ; 9.861  ; 10.349 ; 10.270 ;
; b[27]      ; f[16]       ; 11.440 ; 11.462 ; 11.844 ; 11.866 ;
; b[27]      ; f[17]       ; 11.293 ; 11.303 ; 11.697 ; 11.707 ;
; b[27]      ; f[18]       ; 11.784 ; 11.846 ; 12.188 ; 12.250 ;
; b[27]      ; f[19]       ; 13.835 ; 13.908 ; 14.239 ; 14.312 ;
; b[27]      ; f[20]       ; 8.168  ; 8.223  ; 8.575  ; 8.621  ;
; b[27]      ; f[21]       ; 8.605  ; 8.658  ; 9.012  ; 9.065  ;
; b[27]      ; f[22]       ; 9.475  ; 9.572  ; 9.882  ; 9.970  ;
; b[27]      ; f[23]       ; 10.833 ; 10.807 ; 11.240 ; 11.214 ;
; b[27]      ; f[24]       ; 10.926 ; 11.015 ; 11.324 ; 11.413 ;
; b[27]      ; f[25]       ; 11.313 ; 11.406 ; 11.711 ; 11.804 ;
; b[27]      ; f[26]       ; 12.688 ; 12.659 ; 13.086 ; 13.057 ;
; b[27]      ; f[27]       ; 7.674  ; 7.597  ; 8.078  ; 8.001  ;
; b[27]      ; f[28]       ; 7.969  ; 8.024  ; 8.373  ; 8.428  ;
; b[27]      ; f[29]       ; 8.451  ; 8.515  ; 8.855  ; 8.914  ;
; b[27]      ; f[30]       ; 9.945  ; 9.901  ; 10.346 ; 10.296 ;
; b[27]      ; f[31]       ; 9.001  ; 8.956  ; 9.405  ; 9.352  ;
; b[27]      ; f[48]       ; 10.506 ; 10.608 ; 10.901 ; 11.003 ;
; b[27]      ; f[49]       ; 10.219 ; 10.307 ; 10.623 ; 10.711 ;
; b[27]      ; f[50]       ; 10.794 ; 10.897 ; 11.189 ; 11.292 ;
; b[27]      ; f[51]       ; 11.584 ; 11.650 ; 11.979 ; 12.045 ;
; b[28]      ; f[28]       ; 7.724  ; 7.792  ; 8.170  ; 8.247  ;
; b[28]      ; f[29]       ; 8.190  ; 8.254  ; 8.639  ; 8.694  ;
; b[28]      ; f[30]       ; 9.719  ; 9.678  ; 10.172 ; 10.122 ;
; b[28]      ; f[31]       ; 8.775  ; 8.730  ; 9.232  ; 9.178  ;
; b[29]      ; f[29]       ; 7.414  ; 7.471  ; 7.812  ; 7.869  ;
; b[29]      ; f[30]       ; 8.970  ; 8.926  ; 9.365  ; 9.315  ;
; b[29]      ; f[31]       ; 8.026  ; 7.981  ; 8.424  ; 8.371  ;
; b[30]      ; f[30]       ; 8.738  ; 8.663  ; 9.160  ; 9.092  ;
; b[30]      ; f[31]       ; 7.757  ; 7.712  ; 8.186  ; 8.141  ;
; b[31]      ; f[16]       ; 12.365 ; 12.387 ; 12.805 ; 12.827 ;
; b[31]      ; f[17]       ; 12.218 ; 12.228 ; 12.658 ; 12.668 ;
; b[31]      ; f[18]       ; 12.709 ; 12.771 ; 13.149 ; 13.211 ;
; b[31]      ; f[19]       ; 14.760 ; 14.833 ; 15.200 ; 15.273 ;
; b[31]      ; f[20]       ; 8.301  ; 8.361  ; 8.699  ; 8.736  ;
; b[31]      ; f[21]       ; 8.786  ; 8.839  ; 9.172  ; 9.256  ;
; b[31]      ; f[22]       ; 9.656  ; 9.768  ; 10.044 ; 10.121 ;
; b[31]      ; f[23]       ; 11.014 ; 10.988 ; 11.422 ; 11.368 ;
; b[31]      ; f[24]       ; 10.433 ; 10.522 ; 10.840 ; 10.929 ;
; b[31]      ; f[25]       ; 10.820 ; 10.913 ; 11.227 ; 11.320 ;
; b[31]      ; f[26]       ; 12.195 ; 12.166 ; 12.602 ; 12.573 ;
; b[31]      ; f[27]       ; 14.008 ; 13.958 ; 14.415 ; 14.336 ;
; b[31]      ; f[31]       ; 7.991  ; 7.971  ; 8.369  ; 8.349  ;
; b[31]      ; f[48]       ; 11.051 ; 11.153 ; 11.393 ; 11.495 ;
; b[31]      ; f[49]       ; 11.144 ; 11.232 ; 11.584 ; 11.672 ;
; b[31]      ; f[50]       ; 11.339 ; 11.442 ; 11.681 ; 11.784 ;
; b[31]      ; f[51]       ; 12.129 ; 12.195 ; 12.471 ; 12.537 ;
; b[32]      ; f[32]       ; 8.549  ; 8.600  ; 8.947  ; 8.990  ;
; b[32]      ; f[33]       ; 8.492  ; 8.484  ; 8.908  ; 8.874  ;
; b[32]      ; f[34]       ; 8.750  ; 8.796  ; 9.192  ; 9.238  ;
; b[32]      ; f[35]       ; 9.314  ; 9.328  ; 9.750  ; 9.764  ;
; b[33]      ; f[33]       ; 5.860  ; 5.850  ; 5.952  ; 5.957  ;
; b[33]      ; f[34]       ; 7.022  ; 7.068  ; 7.157  ; 7.168  ;
; b[33]      ; f[35]       ; 7.597  ; 7.623  ; 7.676  ; 7.690  ;
; b[34]      ; f[34]       ; 8.186  ; 8.224  ; 8.612  ; 8.648  ;
; b[34]      ; f[35]       ; 8.742  ; 8.756  ; 9.159  ; 9.173  ;
; b[35]      ; f[16]       ; 10.455 ; 10.477 ; 10.937 ; 10.959 ;
; b[35]      ; f[17]       ; 10.726 ; 10.736 ; 11.208 ; 11.218 ;
; b[35]      ; f[18]       ; 10.799 ; 10.861 ; 11.281 ; 11.343 ;
; b[35]      ; f[19]       ; 12.850 ; 12.923 ; 13.332 ; 13.405 ;
; b[35]      ; f[32]       ; 11.022 ; 11.036 ; 11.504 ; 11.518 ;
; b[35]      ; f[33]       ; 10.746 ; 10.712 ; 11.228 ; 11.194 ;
; b[35]      ; f[34]       ; 11.236 ; 11.282 ; 11.718 ; 11.764 ;
; b[35]      ; f[35]       ; 9.088  ; 9.127  ; 9.570  ; 9.609  ;
; b[35]      ; f[36]       ; 8.877  ; 8.917  ; 9.353  ; 9.399  ;
; b[35]      ; f[37]       ; 8.817  ; 8.872  ; 9.299  ; 9.354  ;
; b[35]      ; f[38]       ; 9.511  ; 9.543  ; 9.986  ; 10.018 ;
; b[35]      ; f[39]       ; 10.724 ; 10.676 ; 11.201 ; 11.151 ;
; b[35]      ; f[40]       ; 10.154 ; 10.217 ; 10.629 ; 10.699 ;
; b[35]      ; f[41]       ; 10.605 ; 10.648 ; 11.080 ; 11.123 ;
; b[35]      ; f[42]       ; 10.661 ; 10.677 ; 11.136 ; 11.152 ;
; b[35]      ; f[43]       ; 10.998 ; 10.972 ; 11.480 ; 11.454 ;
; b[35]      ; f[44]       ; 10.560 ; 10.654 ; 11.035 ; 11.129 ;
; b[35]      ; f[45]       ; 11.072 ; 11.141 ; 11.547 ; 11.616 ;
; b[35]      ; f[46]       ; 11.013 ; 11.109 ; 11.488 ; 11.584 ;
; b[35]      ; f[47]       ; 11.792 ; 11.706 ; 12.267 ; 12.181 ;
; b[36]      ; f[36]       ; 5.613  ; 5.682  ; 5.796  ; 5.874  ;
; b[36]      ; f[37]       ; 6.111  ; 6.161  ; 6.295  ; 6.313  ;
; b[36]      ; f[38]       ; 6.897  ; 6.929  ; 7.070  ; 7.102  ;
; b[36]      ; f[39]       ; 8.112  ; 8.062  ; 8.271  ; 8.228  ;
; b[37]      ; f[37]       ; 7.391  ; 7.415  ; 7.792  ; 7.816  ;
; b[37]      ; f[38]       ; 7.751  ; 7.809  ; 8.156  ; 8.188  ;
; b[37]      ; f[39]       ; 8.937  ; 8.894  ; 9.371  ; 9.321  ;
; b[38]      ; f[38]       ; 7.624  ; 7.661  ; 8.029  ; 8.084  ;
; b[38]      ; f[39]       ; 8.630  ; 8.587  ; 9.104  ; 9.054  ;
; b[39]      ; f[16]       ; 10.737 ; 10.759 ; 11.148 ; 11.170 ;
; b[39]      ; f[17]       ; 10.765 ; 10.775 ; 11.176 ; 11.186 ;
; b[39]      ; f[18]       ; 11.062 ; 11.098 ; 11.492 ; 11.538 ;
; b[39]      ; f[19]       ; 13.132 ; 13.205 ; 13.543 ; 13.616 ;
; b[39]      ; f[32]       ; 11.125 ; 11.139 ; 11.536 ; 11.550 ;
; b[39]      ; f[33]       ; 10.785 ; 10.751 ; 11.196 ; 11.162 ;
; b[39]      ; f[34]       ; 11.329 ; 11.340 ; 11.750 ; 11.780 ;
; b[39]      ; f[35]       ; 11.848 ; 11.862 ; 12.288 ; 12.302 ;
; b[39]      ; f[36]       ; 8.524  ; 8.587  ; 8.958  ; 8.998  ;
; b[39]      ; f[37]       ; 8.811  ; 8.866  ; 9.222  ; 9.277  ;
; b[39]      ; f[38]       ; 9.484  ; 9.516  ; 9.924  ; 9.956  ;
; b[39]      ; f[39]       ; 7.844  ; 7.779  ; 8.276  ; 8.211  ;
; b[39]      ; f[40]       ; 10.856 ; 10.941 ; 11.296 ; 11.352 ;
; b[39]      ; f[41]       ; 11.307 ; 11.350 ; 11.747 ; 11.788 ;
; b[39]      ; f[42]       ; 11.363 ; 11.379 ; 11.797 ; 11.819 ;
; b[39]      ; f[43]       ; 11.722 ; 11.695 ; 12.133 ; 12.107 ;
; b[39]      ; f[44]       ; 9.582  ; 9.676  ; 10.045 ; 10.139 ;
; b[39]      ; f[45]       ; 10.094 ; 10.163 ; 10.557 ; 10.626 ;
; b[39]      ; f[46]       ; 10.035 ; 10.131 ; 10.498 ; 10.594 ;
; b[39]      ; f[47]       ; 10.814 ; 10.728 ; 11.277 ; 11.191 ;
; b[40]      ; f[40]       ; 7.230  ; 7.323  ; 7.613  ; 7.698  ;
; b[40]      ; f[41]       ; 7.684  ; 7.727  ; 8.095  ; 8.107  ;
; b[40]      ; f[42]       ; 7.862  ; 7.906  ; 8.250  ; 8.301  ;
; b[40]      ; f[43]       ; 8.198  ; 8.172  ; 8.586  ; 8.560  ;
; b[41]      ; f[41]       ; 7.204  ; 7.245  ; 7.586  ; 7.627  ;
; b[41]      ; f[42]       ; 7.658  ; 7.690  ; 8.040  ; 8.091  ;
; b[41]      ; f[43]       ; 7.994  ; 7.968  ; 8.376  ; 8.350  ;
; b[42]      ; f[42]       ; 7.111  ; 7.154  ; 7.514  ; 7.554  ;
; b[42]      ; f[43]       ; 7.716  ; 7.690  ; 8.119  ; 8.093  ;
; b[43]      ; f[16]       ; 11.532 ; 11.543 ; 11.933 ; 11.955 ;
; b[43]      ; f[17]       ; 11.560 ; 11.570 ; 11.961 ; 11.971 ;
; b[43]      ; f[18]       ; 11.845 ; 11.881 ; 12.277 ; 12.339 ;
; b[43]      ; f[19]       ; 13.927 ; 14.000 ; 14.328 ; 14.401 ;
; b[43]      ; f[32]       ; 11.910 ; 11.934 ; 12.321 ; 12.335 ;
; b[43]      ; f[33]       ; 11.580 ; 11.546 ; 11.981 ; 11.947 ;
; b[43]      ; f[34]       ; 12.112 ; 12.123 ; 12.535 ; 12.581 ;
; b[43]      ; f[35]       ; 12.631 ; 12.645 ; 13.101 ; 13.115 ;
; b[43]      ; f[36]       ; 9.937  ; 9.978  ; 10.339 ; 10.379 ;
; b[43]      ; f[37]       ; 10.624 ; 10.679 ; 11.025 ; 11.080 ;
; b[43]      ; f[38]       ; 11.341 ; 11.373 ; 11.746 ; 11.804 ;
; b[43]      ; f[39]       ; 12.531 ; 12.488 ; 12.932 ; 12.889 ;
; b[43]      ; f[40]       ; 12.698 ; 12.754 ; 13.099 ; 13.155 ;
; b[43]      ; f[41]       ; 13.164 ; 13.190 ; 13.579 ; 13.591 ;
; b[43]      ; f[42]       ; 13.199 ; 13.236 ; 13.600 ; 13.651 ;
; b[43]      ; f[43]       ; 7.298  ; 7.241  ; 7.695  ; 7.647  ;
; b[43]      ; f[44]       ; 11.447 ; 11.541 ; 11.907 ; 11.970 ;
; b[43]      ; f[45]       ; 11.959 ; 12.028 ; 12.434 ; 12.512 ;
; b[43]      ; f[46]       ; 11.900 ; 11.996 ; 12.384 ; 12.455 ;
; b[43]      ; f[47]       ; 12.679 ; 12.593 ; 13.093 ; 13.014 ;
; b[44]      ; f[44]       ; 6.775  ; 6.844  ; 7.183  ; 7.252  ;
; b[44]      ; f[45]       ; 7.298  ; 7.367  ; 7.697  ; 7.766  ;
; b[44]      ; f[46]       ; 7.275  ; 7.364  ; 7.674  ; 7.770  ;
; b[44]      ; f[47]       ; 8.002  ; 7.923  ; 8.410  ; 8.331  ;
; b[45]      ; f[45]       ; 6.916  ; 6.992  ; 7.305  ; 7.397  ;
; b[45]      ; f[46]       ; 7.253  ; 7.348  ; 7.682  ; 7.747  ;
; b[45]      ; f[47]       ; 7.986  ; 7.907  ; 8.385  ; 8.306  ;
; b[46]      ; f[46]       ; 6.855  ; 6.922  ; 7.266  ; 7.336  ;
; b[46]      ; f[47]       ; 7.563  ; 7.484  ; 7.977  ; 7.898  ;
; b[47]      ; f[16]       ; 11.512 ; 11.534 ; 11.920 ; 11.942 ;
; b[47]      ; f[17]       ; 11.783 ; 11.793 ; 12.191 ; 12.201 ;
; b[47]      ; f[18]       ; 11.856 ; 11.899 ; 12.264 ; 12.326 ;
; b[47]      ; f[19]       ; 13.907 ; 13.980 ; 14.315 ; 14.388 ;
; b[47]      ; f[32]       ; 12.079 ; 12.093 ; 12.487 ; 12.501 ;
; b[47]      ; f[33]       ; 11.803 ; 11.769 ; 12.211 ; 12.177 ;
; b[47]      ; f[34]       ; 12.293 ; 12.332 ; 12.701 ; 12.747 ;
; b[47]      ; f[35]       ; 12.840 ; 12.854 ; 13.276 ; 13.292 ;
; b[47]      ; f[36]       ; 10.184 ; 10.248 ; 10.607 ; 10.647 ;
; b[47]      ; f[37]       ; 10.570 ; 10.625 ; 10.969 ; 11.024 ;
; b[47]      ; f[38]       ; 11.279 ; 11.311 ; 11.690 ; 11.748 ;
; b[47]      ; f[39]       ; 12.477 ; 12.434 ; 12.876 ; 12.833 ;
; b[47]      ; f[40]       ; 10.762 ; 10.849 ; 11.200 ; 11.270 ;
; b[47]      ; f[41]       ; 11.213 ; 11.256 ; 11.651 ; 11.694 ;
; b[47]      ; f[42]       ; 11.269 ; 11.285 ; 11.707 ; 11.723 ;
; b[47]      ; f[43]       ; 11.634 ; 11.601 ; 12.051 ; 12.025 ;
; b[47]      ; f[47]       ; 7.310  ; 7.209  ; 7.718  ; 7.617  ;
; b[48]      ; f[48]       ; 6.957  ; 7.057  ; 7.386  ; 7.486  ;
; b[48]      ; f[49]       ; 7.525  ; 7.613  ; 7.954  ; 8.042  ;
; b[48]      ; f[50]       ; 7.497  ; 7.609  ; 7.926  ; 8.038  ;
; b[48]      ; f[51]       ; 8.313  ; 8.379  ; 8.735  ; 8.801  ;
; b[49]      ; f[49]       ; 6.993  ; 7.088  ; 7.416  ; 7.513  ;
; b[49]      ; f[50]       ; 7.211  ; 7.323  ; 7.657  ; 7.769  ;
; b[49]      ; f[51]       ; 8.035  ; 8.101  ; 8.474  ; 8.540  ;
; b[50]      ; f[50]       ; 7.132  ; 7.237  ; 7.541  ; 7.644  ;
; b[50]      ; f[51]       ; 7.739  ; 7.814  ; 8.148  ; 8.214  ;
; b[51]      ; f[16]       ; 11.044 ; 11.066 ; 11.422 ; 11.444 ;
; b[51]      ; f[17]       ; 11.315 ; 11.325 ; 11.693 ; 11.703 ;
; b[51]      ; f[18]       ; 11.388 ; 11.440 ; 11.766 ; 11.828 ;
; b[51]      ; f[19]       ; 13.439 ; 13.512 ; 13.817 ; 13.890 ;
; b[51]      ; f[32]       ; 11.611 ; 11.625 ; 11.989 ; 12.003 ;
; b[51]      ; f[33]       ; 11.335 ; 11.301 ; 11.713 ; 11.679 ;
; b[51]      ; f[34]       ; 11.825 ; 11.871 ; 12.203 ; 12.249 ;
; b[51]      ; f[35]       ; 12.381 ; 12.395 ; 12.778 ; 12.804 ;
; b[51]      ; f[48]       ; 11.906 ; 12.008 ; 12.304 ; 12.406 ;
; b[51]      ; f[49]       ; 12.037 ; 12.125 ; 12.438 ; 12.532 ;
; b[51]      ; f[50]       ; 12.194 ; 12.297 ; 12.592 ; 12.695 ;
; b[51]      ; f[51]       ; 7.007  ; 7.100  ; 7.414  ; 7.502  ;
; b[51]      ; f[52]       ; 8.548  ; 8.621  ; 8.955  ; 9.028  ;
; b[51]      ; f[53]       ; 9.119  ; 9.177  ; 9.517  ; 9.575  ;
; b[51]      ; f[54]       ; 9.325  ; 9.369  ; 9.723  ; 9.767  ;
; b[51]      ; f[55]       ; 10.021 ; 10.003 ; 10.419 ; 10.410 ;
; b[51]      ; f[56]       ; 10.856 ; 10.971 ; 11.263 ; 11.378 ;
; b[51]      ; f[57]       ; 12.065 ; 12.082 ; 12.472 ; 12.489 ;
; b[51]      ; f[58]       ; 11.329 ; 11.404 ; 11.733 ; 11.811 ;
; b[51]      ; f[59]       ; 12.974 ; 12.954 ; 13.381 ; 13.361 ;
; b[51]      ; f[60]       ; 9.614  ; 9.716  ; 10.021 ; 10.123 ;
; b[51]      ; f[61]       ; 10.081 ; 10.146 ; 10.488 ; 10.553 ;
; b[51]      ; f[62]       ; 9.950  ; 10.051 ; 10.357 ; 10.458 ;
; b[51]      ; f[63]       ; 10.882 ; 10.812 ; 11.289 ; 11.219 ;
; b[52]      ; f[52]       ; 7.263  ; 7.338  ; 7.664  ; 7.739  ;
; b[52]      ; f[53]       ; 7.495  ; 7.564  ; 7.909  ; 7.965  ;
; b[52]      ; f[54]       ; 7.904  ; 7.948  ; 8.366  ; 8.384  ;
; b[52]      ; f[55]       ; 8.600  ; 8.594  ; 9.040  ; 9.003  ;
; b[53]      ; f[53]       ; 7.173  ; 7.267  ; 7.583  ; 7.668  ;
; b[53]      ; f[54]       ; 7.506  ; 7.519  ; 7.915  ; 7.959  ;
; b[53]      ; f[55]       ; 8.175  ; 8.138  ; 8.611  ; 8.605  ;
; b[54]      ; f[54]       ; 6.983  ; 7.025  ; 7.380  ; 7.422  ;
; b[54]      ; f[55]       ; 7.682  ; 7.645  ; 8.079  ; 8.042  ;
; b[55]      ; f[16]       ; 11.549 ; 11.571 ; 11.928 ; 11.950 ;
; b[55]      ; f[17]       ; 11.577 ; 11.587 ; 11.956 ; 11.966 ;
; b[55]      ; f[18]       ; 11.882 ; 11.918 ; 12.272 ; 12.334 ;
; b[55]      ; f[19]       ; 13.944 ; 14.017 ; 14.323 ; 14.396 ;
; b[55]      ; f[32]       ; 11.937 ; 11.951 ; 12.316 ; 12.330 ;
; b[55]      ; f[33]       ; 11.597 ; 11.563 ; 11.976 ; 11.942 ;
; b[55]      ; f[34]       ; 12.149 ; 12.160 ; 12.530 ; 12.576 ;
; b[55]      ; f[35]       ; 12.668 ; 12.682 ; 13.105 ; 13.131 ;
; b[55]      ; f[48]       ; 11.188 ; 11.290 ; 11.588 ; 11.690 ;
; b[55]      ; f[49]       ; 11.322 ; 11.421 ; 11.722 ; 11.822 ;
; b[55]      ; f[50]       ; 11.476 ; 11.579 ; 11.876 ; 11.979 ;
; b[55]      ; f[51]       ; 12.266 ; 12.332 ; 12.666 ; 12.732 ;
; b[55]      ; f[52]       ; 8.353  ; 8.426  ; 8.762  ; 8.835  ;
; b[55]      ; f[53]       ; 8.921  ; 8.979  ; 9.321  ; 9.379  ;
; b[55]      ; f[54]       ; 9.127  ; 9.171  ; 9.527  ; 9.571  ;
; b[55]      ; f[55]       ; 7.813  ; 7.785  ; 8.222  ; 8.188  ;
; b[55]      ; f[56]       ; 10.136 ; 10.251 ; 10.545 ; 10.657 ;
; b[55]      ; f[57]       ; 11.345 ; 11.362 ; 11.754 ; 11.771 ;
; b[55]      ; f[58]       ; 10.584 ; 10.684 ; 10.984 ; 11.090 ;
; b[55]      ; f[59]       ; 12.254 ; 12.234 ; 12.663 ; 12.640 ;
; b[55]      ; f[60]       ; 9.692  ; 9.794  ; 10.071 ; 10.173 ;
; b[55]      ; f[61]       ; 10.159 ; 10.224 ; 10.538 ; 10.603 ;
; b[55]      ; f[62]       ; 10.028 ; 10.129 ; 10.407 ; 10.508 ;
; b[55]      ; f[63]       ; 10.960 ; 10.890 ; 11.339 ; 11.269 ;
; b[56]      ; f[56]       ; 7.017  ; 7.122  ; 7.457  ; 7.562  ;
; b[56]      ; f[57]       ; 8.681  ; 8.698  ; 9.121  ; 9.138  ;
; b[56]      ; f[58]       ; 7.424  ; 7.499  ; 7.861  ; 7.939  ;
; b[56]      ; f[59]       ; 9.069  ; 9.049  ; 9.509  ; 9.489  ;
; b[57]      ; f[57]       ; 8.450  ; 8.490  ; 8.826  ; 8.881  ;
; b[57]      ; f[58]       ; 7.702  ; 7.793  ; 8.098  ; 8.198  ;
; b[57]      ; f[59]       ; 9.363  ; 9.343  ; 9.768  ; 9.748  ;
; b[58]      ; f[58]       ; 7.059  ; 7.172  ; 7.455  ; 7.559  ;
; b[58]      ; f[59]       ; 8.745  ; 8.716  ; 9.131  ; 9.111  ;
; b[59]      ; f[16]       ; 10.539 ; 10.561 ; 10.915 ; 10.937 ;
; b[59]      ; f[17]       ; 10.567 ; 10.577 ; 10.943 ; 10.953 ;
; b[59]      ; f[18]       ; 10.883 ; 10.934 ; 11.259 ; 11.321 ;
; b[59]      ; f[19]       ; 12.934 ; 13.007 ; 13.310 ; 13.383 ;
; b[59]      ; f[32]       ; 10.927 ; 10.941 ; 11.303 ; 11.317 ;
; b[59]      ; f[33]       ; 10.587 ; 10.553 ; 10.963 ; 10.929 ;
; b[59]      ; f[34]       ; 11.141 ; 11.176 ; 11.517 ; 11.563 ;
; b[59]      ; f[35]       ; 11.684 ; 11.698 ; 12.091 ; 12.105 ;
; b[59]      ; f[48]       ; 11.448 ; 11.550 ; 11.819 ; 11.921 ;
; b[59]      ; f[49]       ; 11.582 ; 11.682 ; 11.953 ; 12.053 ;
; b[59]      ; f[50]       ; 11.736 ; 11.839 ; 12.107 ; 12.210 ;
; b[59]      ; f[51]       ; 12.526 ; 12.592 ; 12.897 ; 12.963 ;
; b[59]      ; f[52]       ; 10.705 ; 10.778 ; 11.135 ; 11.208 ;
; b[59]      ; f[53]       ; 11.284 ; 11.350 ; 11.714 ; 11.780 ;
; b[59]      ; f[54]       ; 11.528 ; 11.541 ; 11.951 ; 11.971 ;
; b[59]      ; f[55]       ; 12.197 ; 12.160 ; 12.627 ; 12.590 ;
; b[59]      ; f[56]       ; 10.449 ; 10.548 ; 10.841 ; 10.919 ;
; b[59]      ; f[57]       ; 11.658 ; 11.675 ; 12.049 ; 12.105 ;
; b[59]      ; f[58]       ; 10.875 ; 10.981 ; 11.246 ; 11.352 ;
; b[59]      ; f[59]       ; 9.260  ; 9.250  ; 9.648  ; 9.626  ;
; b[59]      ; f[60]       ; 7.640  ; 7.742  ; 8.016  ; 8.118  ;
; b[59]      ; f[61]       ; 8.091  ; 8.172  ; 8.483  ; 8.548  ;
; b[59]      ; f[62]       ; 7.976  ; 8.077  ; 8.352  ; 8.453  ;
; b[59]      ; f[63]       ; 8.908  ; 8.838  ; 9.284  ; 9.214  ;
; b[60]      ; f[60]       ; 6.949  ; 7.044  ; 7.369  ; 7.464  ;
; b[60]      ; f[61]       ; 7.516  ; 7.584  ; 7.939  ; 8.004  ;
; b[60]      ; f[62]       ; 7.394  ; 7.495  ; 7.814  ; 7.915  ;
; b[60]      ; f[63]       ; 8.326  ; 8.256  ; 8.746  ; 8.676  ;
; b[61]      ; f[61]       ; 7.127  ; 7.198  ; 7.511  ; 7.582  ;
; b[61]      ; f[62]       ; 7.454  ; 7.555  ; 7.859  ; 7.951  ;
; b[61]      ; f[63]       ; 8.386  ; 8.316  ; 8.797  ; 8.720  ;
; b[62]      ; f[62]       ; 6.909  ; 7.003  ; 7.314  ; 7.407  ;
; b[62]      ; f[63]       ; 7.910  ; 7.840  ; 8.315  ; 8.245  ;
; b[63]      ; f[16]       ; 11.149 ; 11.171 ; 11.517 ; 11.539 ;
; b[63]      ; f[17]       ; 11.420 ; 11.430 ; 11.788 ; 11.798 ;
; b[63]      ; f[18]       ; 11.481 ; 11.517 ; 11.861 ; 11.923 ;
; b[63]      ; f[19]       ; 13.544 ; 13.617 ; 13.912 ; 13.985 ;
; b[63]      ; f[32]       ; 11.716 ; 11.730 ; 12.084 ; 12.098 ;
; b[63]      ; f[33]       ; 11.440 ; 11.406 ; 11.808 ; 11.774 ;
; b[63]      ; f[34]       ; 11.930 ; 11.950 ; 12.298 ; 12.344 ;
; b[63]      ; f[35]       ; 12.458 ; 12.472 ; 12.873 ; 12.887 ;
; b[63]      ; f[48]       ; 11.228 ; 11.330 ; 11.647 ; 11.749 ;
; b[63]      ; f[49]       ; 11.362 ; 11.462 ; 11.774 ; 11.862 ;
; b[63]      ; f[50]       ; 11.516 ; 11.619 ; 11.935 ; 12.038 ;
; b[63]      ; f[51]       ; 12.306 ; 12.372 ; 12.725 ; 12.791 ;
; b[63]      ; f[52]       ; 10.193 ; 10.266 ; 10.561 ; 10.634 ;
; b[63]      ; f[53]       ; 10.772 ; 10.838 ; 11.140 ; 11.206 ;
; b[63]      ; f[54]       ; 11.003 ; 11.029 ; 11.384 ; 11.397 ;
; b[63]      ; f[55]       ; 11.685 ; 11.648 ; 12.053 ; 12.016 ;
; b[63]      ; f[56]       ; 7.807  ; 7.885  ; 8.189  ; 8.300  ;
; b[63]      ; f[57]       ; 9.168  ; 9.210  ; 9.561  ; 9.578  ;
; b[63]      ; f[58]       ; 8.212  ; 8.318  ; 8.627  ; 8.733  ;
; b[63]      ; f[59]       ; 9.897  ; 9.868  ; 10.307 ; 10.283 ;
; b[63]      ; f[63]       ; 7.725  ; 7.624  ; 8.128  ; 8.036  ;
; c          ; f[0]        ; 6.647  ; 6.564  ; 7.038  ; 6.986  ;
; c          ; f[1]        ; 6.810  ; 6.900  ; 7.205  ; 7.286  ;
; c          ; f[2]        ; 7.760  ; 7.855  ; 8.128  ; 8.186  ;
; c          ; f[3]        ; 8.023  ; 7.969  ; 8.427  ; 8.338  ;
; s[0]       ; f[0]        ; 8.414  ; 8.360  ; 9.023  ; 8.932  ;
; s[0]       ; f[1]        ; 8.186  ; 8.269  ; 8.792  ; 8.844  ;
; s[0]       ; f[2]        ; 8.304  ; 8.389  ; 8.879  ; 8.973  ;
; s[0]       ; f[3]        ; 8.212  ; 8.133  ; 8.796  ; 8.708  ;
; s[0]       ; f[4]        ; 7.824  ; 7.855  ; 8.333  ; 8.388  ;
; s[0]       ; f[5]        ; 7.435  ; 7.538  ; 7.935  ; 8.047  ;
; s[0]       ; f[6]        ; 7.830  ; 7.847  ; 8.375  ; 8.427  ;
; s[0]       ; f[7]        ; 8.244  ; 8.218  ; 8.742  ; 8.707  ;
; s[0]       ; f[8]        ; 8.177  ; 8.259  ; 8.703  ; 8.811  ;
; s[0]       ; f[9]        ; 7.900  ; 7.968  ; 8.401  ; 8.504  ;
; s[0]       ; f[10]       ; 7.902  ; 8.000  ; 8.427  ; 8.494  ;
; s[0]       ; f[11]       ; 8.786  ; 8.726  ; 9.264  ; 9.195  ;
; s[0]       ; f[12]       ; 7.793  ; 7.828  ; 8.313  ; 8.357  ;
; s[0]       ; f[13]       ; 8.317  ; 8.297  ; 8.832  ; 8.847  ;
; s[0]       ; f[14]       ; 9.041  ; 8.947  ; 9.566  ; 9.509  ;
; s[0]       ; f[15]       ; 8.953  ; 8.923  ; 9.432  ; 9.433  ;
; s[0]       ; f[16]       ; 9.400  ; 9.413  ; 9.982  ; 10.002 ;
; s[0]       ; f[17]       ; 9.090  ; 9.131  ; 9.674  ; 9.724  ;
; s[0]       ; f[18]       ; 9.058  ; 9.117  ; 9.676  ; 9.704  ;
; s[0]       ; f[19]       ; 8.212  ; 8.290  ; 8.704  ; 8.840  ;
; s[0]       ; f[20]       ; 8.314  ; 8.364  ; 8.801  ; 8.860  ;
; s[0]       ; f[21]       ; 8.159  ; 8.241  ; 8.704  ; 8.795  ;
; s[0]       ; f[22]       ; 8.593  ; 8.695  ; 9.158  ; 9.269  ;
; s[0]       ; f[23]       ; 8.682  ; 8.654  ; 9.166  ; 9.112  ;
; s[0]       ; f[24]       ; 7.747  ; 7.811  ; 8.270  ; 8.369  ;
; s[0]       ; f[25]       ; 7.528  ; 7.619  ; 8.052  ; 8.152  ;
; s[0]       ; f[26]       ; 9.096  ; 9.042  ; 9.622  ; 9.596  ;
; s[0]       ; f[27]       ; 8.524  ; 8.447  ; 8.993  ; 8.907  ;
; s[0]       ; f[28]       ; 8.130  ; 8.176  ; 8.717  ; 8.770  ;
; s[0]       ; f[29]       ; 8.296  ; 8.326  ; 8.840  ; 8.905  ;
; s[0]       ; f[30]       ; 9.435  ; 9.387  ; 10.015 ; 9.936  ;
; s[0]       ; f[31]       ; 8.526  ; 8.503  ; 9.024  ; 8.994  ;
; s[0]       ; f[32]       ; 9.353  ; 9.396  ; 9.915  ; 9.967  ;
; s[0]       ; f[33]       ; 8.677  ; 8.682  ; 9.263  ; 9.237  ;
; s[0]       ; f[34]       ; 9.075  ; 9.111  ; 9.633  ; 9.678  ;
; s[0]       ; f[35]       ; 9.648  ; 9.674  ; 10.190 ; 10.204 ;
; s[0]       ; f[36]       ; 8.461  ; 8.517  ; 9.064  ; 9.143  ;
; s[0]       ; f[37]       ; 8.524  ; 8.548  ; 9.113  ; 9.144  ;
; s[0]       ; f[38]       ; 8.348  ; 8.403  ; 8.973  ; 8.997  ;
; s[0]       ; f[39]       ; 8.707  ; 8.642  ; 9.274  ; 9.200  ;
; s[0]       ; f[40]       ; 7.834  ; 7.919  ; 8.369  ; 8.463  ;
; s[0]       ; f[41]       ; 8.179  ; 8.195  ; 8.681  ; 8.732  ;
; s[0]       ; f[42]       ; 7.901  ; 7.942  ; 8.448  ; 8.498  ;
; s[0]       ; f[43]       ; 7.974  ; 7.926  ; 8.525  ; 8.468  ;
; s[0]       ; f[44]       ; 7.590  ; 7.661  ; 8.144  ; 8.241  ;
; s[0]       ; f[45]       ; 7.499  ; 7.591  ; 8.061  ; 8.122  ;
; s[0]       ; f[46]       ; 7.427  ; 7.521  ; 7.961  ; 8.064  ;
; s[0]       ; f[47]       ; 7.881  ; 7.805  ; 8.444  ; 8.356  ;
; s[0]       ; f[48]       ; 7.846  ; 7.921  ; 8.354  ; 8.464  ;
; s[0]       ; f[49]       ; 7.805  ; 7.902  ; 8.345  ; 8.411  ;
; s[0]       ; f[50]       ; 7.809  ; 7.887  ; 8.358  ; 8.471  ;
; s[0]       ; f[51]       ; 7.725  ; 7.816  ; 8.276  ; 8.376  ;
; s[0]       ; f[52]       ; 8.118  ; 8.193  ; 8.596  ; 8.729  ;
; s[0]       ; f[53]       ; 7.905  ; 7.990  ; 8.434  ; 8.528  ;
; s[0]       ; f[54]       ; 8.038  ; 8.055  ; 8.522  ; 8.574  ;
; s[0]       ; f[55]       ; 8.323  ; 8.288  ; 8.852  ; 8.808  ;
; s[0]       ; f[56]       ; 7.670  ; 7.777  ; 8.235  ; 8.311  ;
; s[0]       ; f[57]       ; 8.768  ; 8.823  ; 9.330  ; 9.354  ;
; s[0]       ; f[58]       ; 7.523  ; 7.627  ; 8.057  ; 8.170  ;
; s[0]       ; f[59]       ; 9.199  ; 9.179  ; 9.743  ; 9.714  ;
; s[0]       ; f[60]       ; 8.241  ; 8.309  ; 8.807  ; 8.910  ;
; s[0]       ; f[61]       ; 8.285  ; 8.356  ; 8.815  ; 8.914  ;
; s[0]       ; f[62]       ; 8.260  ; 8.325  ; 8.836  ; 8.938  ;
; s[0]       ; f[63]       ; 8.041  ; 7.949  ; 8.550  ; 8.449  ;
; s[1]       ; f[0]        ; 8.201  ; 8.147  ; 8.738  ; 8.647  ;
; s[1]       ; f[1]        ; 7.973  ; 8.056  ; 8.507  ; 8.559  ;
; s[1]       ; f[2]        ; 8.091  ; 8.176  ; 8.594  ; 8.688  ;
; s[1]       ; f[3]        ; 7.999  ; 7.920  ; 8.511  ; 8.423  ;
; s[1]       ; f[4]        ; 8.213  ; 8.244  ; 8.666  ; 8.721  ;
; s[1]       ; f[5]        ; 8.014  ; 8.117  ; 8.473  ; 8.585  ;
; s[1]       ; f[6]        ; 8.192  ; 8.209  ; 8.641  ; 8.693  ;
; s[1]       ; f[7]        ; 8.631  ; 8.605  ; 9.073  ; 9.038  ;
; s[1]       ; f[8]        ; 7.983  ; 8.065  ; 8.477  ; 8.585  ;
; s[1]       ; f[9]        ; 7.714  ; 7.782  ; 8.186  ; 8.289  ;
; s[1]       ; f[10]       ; 7.709  ; 7.807  ; 8.205  ; 8.272  ;
; s[1]       ; f[11]       ; 8.756  ; 8.696  ; 9.231  ; 9.162  ;
; s[1]       ; f[12]       ; 7.740  ; 7.775  ; 8.217  ; 8.261  ;
; s[1]       ; f[13]       ; 8.264  ; 8.244  ; 8.732  ; 8.747  ;
; s[1]       ; f[14]       ; 8.985  ; 8.891  ; 9.460  ; 9.403  ;
; s[1]       ; f[15]       ; 9.062  ; 9.032  ; 9.518  ; 9.519  ;
; s[1]       ; f[16]       ; 8.899  ; 8.912  ; 9.445  ; 9.465  ;
; s[1]       ; f[17]       ; 8.657  ; 8.698  ; 9.180  ; 9.230  ;
; s[1]       ; f[18]       ; 8.575  ; 8.634  ; 9.116  ; 9.144  ;
; s[1]       ; f[19]       ; 8.022  ; 8.100  ; 8.487  ; 8.623  ;
; s[1]       ; f[20]       ; 7.986  ; 8.036  ; 8.450  ; 8.509  ;
; s[1]       ; f[21]       ; 8.047  ; 8.129  ; 8.548  ; 8.639  ;
; s[1]       ; f[22]       ; 8.406  ; 8.508  ; 8.901  ; 9.012  ;
; s[1]       ; f[23]       ; 8.381  ; 8.353  ; 8.873  ; 8.819  ;
; s[1]       ; f[24]       ; 7.863  ; 7.927  ; 8.358  ; 8.457  ;
; s[1]       ; f[25]       ; 7.641  ; 7.732  ; 8.139  ; 8.239  ;
; s[1]       ; f[26]       ; 9.214  ; 9.160  ; 9.714  ; 9.688  ;
; s[1]       ; f[27]       ; 8.223  ; 8.146  ; 8.701  ; 8.615  ;
; s[1]       ; f[28]       ; 7.921  ; 7.967  ; 8.387  ; 8.440  ;
; s[1]       ; f[29]       ; 8.089  ; 8.119  ; 8.515  ; 8.580  ;
; s[1]       ; f[30]       ; 9.228  ; 9.180  ; 9.690  ; 9.611  ;
; s[1]       ; f[31]       ; 8.350  ; 8.305  ; 8.853  ; 8.799  ;
; s[1]       ; f[32]       ; 9.010  ; 9.053  ; 9.501  ; 9.553  ;
; s[1]       ; f[33]       ; 8.335  ; 8.340  ; 8.849  ; 8.823  ;
; s[1]       ; f[34]       ; 8.730  ; 8.766  ; 9.219  ; 9.264  ;
; s[1]       ; f[35]       ; 9.303  ; 9.329  ; 9.776  ; 9.790  ;
; s[1]       ; f[36]       ; 8.244  ; 8.300  ; 8.772  ; 8.851  ;
; s[1]       ; f[37]       ; 8.293  ; 8.317  ; 8.847  ; 8.878  ;
; s[1]       ; f[38]       ; 8.126  ; 8.181  ; 8.674  ; 8.698  ;
; s[1]       ; f[39]       ; 8.381  ; 8.316  ; 8.904  ; 8.830  ;
; s[1]       ; f[40]       ; 7.539  ; 7.624  ; 8.031  ; 8.125  ;
; s[1]       ; f[41]       ; 7.789  ; 7.805  ; 8.271  ; 8.322  ;
; s[1]       ; f[42]       ; 7.528  ; 7.569  ; 8.011  ; 8.061  ;
; s[1]       ; f[43]       ; 7.594  ; 7.546  ; 8.082  ; 8.025  ;
; s[1]       ; f[44]       ; 8.093  ; 8.164  ; 8.569  ; 8.666  ;
; s[1]       ; f[45]       ; 8.002  ; 8.094  ; 8.487  ; 8.548  ;
; s[1]       ; f[46]       ; 7.930  ; 8.024  ; 8.383  ; 8.486  ;
; s[1]       ; f[47]       ; 8.385  ; 8.309  ; 8.870  ; 8.782  ;
; s[1]       ; f[48]       ; 7.466  ; 7.541  ; 7.876  ; 7.986  ;
; s[1]       ; f[49]       ; 7.425  ; 7.522  ; 7.867  ; 7.933  ;
; s[1]       ; f[50]       ; 7.444  ; 7.522  ; 7.853  ; 7.966  ;
; s[1]       ; f[51]       ; 7.360  ; 7.451  ; 7.771  ; 7.871  ;
; s[1]       ; f[52]       ; 7.463  ; 7.538  ; 7.883  ; 8.016  ;
; s[1]       ; f[53]       ; 7.264  ; 7.349  ; 7.694  ; 7.788  ;
; s[1]       ; f[54]       ; 7.383  ; 7.400  ; 7.808  ; 7.860  ;
; s[1]       ; f[55]       ; 7.681  ; 7.646  ; 8.110  ; 8.066  ;
; s[1]       ; f[56]       ; 7.723  ; 7.830  ; 8.195  ; 8.271  ;
; s[1]       ; f[57]       ; 8.820  ; 8.875  ; 9.292  ; 9.316  ;
; s[1]       ; f[58]       ; 7.575  ; 7.679  ; 8.019  ; 8.132  ;
; s[1]       ; f[59]       ; 9.251  ; 9.231  ; 9.705  ; 9.676  ;
; s[1]       ; f[60]       ; 8.022  ; 8.090  ; 8.522  ; 8.625  ;
; s[1]       ; f[61]       ; 8.057  ; 8.128  ; 8.566  ; 8.665  ;
; s[1]       ; f[62]       ; 8.045  ; 8.110  ; 8.557  ; 8.659  ;
; s[1]       ; f[63]       ; 8.096  ; 8.004  ; 8.511  ; 8.410  ;
; s[2]       ; f[0]        ; 8.723  ; 8.642  ; 9.307  ; 9.217  ;
; s[2]       ; f[1]        ; 8.798  ; 8.854  ; 9.368  ; 9.459  ;
; s[2]       ; f[2]        ; 8.887  ; 8.974  ; 9.477  ; 9.533  ;
; s[2]       ; f[3]        ; 8.926  ; 8.845  ; 9.471  ; 9.421  ;
; s[2]       ; f[4]        ; 8.180  ; 8.225  ; 8.762  ; 8.816  ;
; s[2]       ; f[5]        ; 8.414  ; 8.519  ; 8.964  ; 9.038  ;
; s[2]       ; f[6]        ; 8.269  ; 8.313  ; 8.879  ; 8.892  ;
; s[2]       ; f[7]        ; 8.899  ; 8.871  ; 9.451  ; 9.454  ;
; s[2]       ; f[8]        ; 8.313  ; 8.393  ; 8.822  ; 8.930  ;
; s[2]       ; f[9]        ; 7.863  ; 7.956  ; 8.412  ; 8.514  ;
; s[2]       ; f[10]       ; 7.703  ; 7.799  ; 8.229  ; 8.334  ;
; s[2]       ; f[11]       ; 9.287  ; 9.249  ; 9.841  ; 9.796  ;
; s[2]       ; f[12]       ; 8.883  ; 8.893  ; 9.466  ; 9.511  ;
; s[2]       ; f[13]       ; 8.761  ; 8.768  ; 9.321  ; 9.297  ;
; s[2]       ; f[14]       ; 9.856  ; 9.791  ; 10.460 ; 10.364 ;
; s[2]       ; f[15]       ; 9.946  ; 9.939  ; 10.521 ; 10.488 ;
; s[2]       ; f[16]       ; 9.163  ; 9.198  ; 9.734  ; 9.778  ;
; s[2]       ; f[17]       ; 9.092  ; 9.126  ; 9.715  ; 9.761  ;
; s[2]       ; f[18]       ; 9.104  ; 9.138  ; 9.713  ; 9.775  ;
; s[2]       ; f[19]       ; 8.038  ; 8.142  ; 8.558  ; 8.671  ;
; s[2]       ; f[20]       ; 8.705  ; 8.757  ; 9.300  ; 9.321  ;
; s[2]       ; f[21]       ; 8.556  ; 8.611  ; 9.118  ; 9.210  ;
; s[2]       ; f[22]       ; 8.803  ; 8.907  ; 9.394  ; 9.467  ;
; s[2]       ; f[23]       ; 8.796  ; 8.745  ; 9.361  ; 9.341  ;
; s[2]       ; f[24]       ; 7.204  ; 7.295  ; 7.652  ; 7.712  ;
; s[2]       ; f[25]       ; 7.241  ; 7.307  ; 7.676  ; 7.777  ;
; s[2]       ; f[26]       ; 8.625  ; 8.573  ; 9.070  ; 9.044  ;
; s[2]       ; f[27]       ; 9.061  ; 9.009  ; 9.657  ; 9.570  ;
; s[2]       ; f[28]       ; 8.302  ; 8.370  ; 8.843  ; 8.920  ;
; s[2]       ; f[29]       ; 8.590  ; 8.647  ; 9.176  ; 9.202  ;
; s[2]       ; f[30]       ; 9.821  ; 9.746  ; 10.369 ; 10.329 ;
; s[2]       ; f[31]       ; 8.840  ; 8.795  ; 9.431  ; 9.377  ;
; s[2]       ; f[32]       ; 9.586  ; 9.602  ; 10.180 ; 10.233 ;
; s[2]       ; f[33]       ; 8.903  ; 8.881  ; 9.480  ; 9.488  ;
; s[2]       ; f[34]       ; 9.314  ; 9.352  ; 9.957  ; 9.964  ;
; s[2]       ; f[35]       ; 9.710  ; 9.749  ; 10.272 ; 10.320 ;
; s[2]       ; f[36]       ; 8.356  ; 8.425  ; 8.907  ; 8.985  ;
; s[2]       ; f[37]       ; 8.632  ; 8.653  ; 9.206  ; 9.239  ;
; s[2]       ; f[38]       ; 8.554  ; 8.584  ; 9.107  ; 9.165  ;
; s[2]       ; f[39]       ; 8.795  ; 8.755  ; 9.393  ; 9.341  ;
; s[2]       ; f[40]       ; 7.275  ; 7.333  ; 7.692  ; 7.787  ;
; s[2]       ; f[41]       ; 7.117  ; 7.158  ; 7.529  ; 7.579  ;
; s[2]       ; f[42]       ; 7.387  ; 7.430  ; 7.840  ; 7.852  ;
; s[2]       ; f[43]       ; 7.303  ; 7.280  ; 7.740  ; 7.705  ;
; s[2]       ; f[44]       ; 7.257  ; 7.326  ; 7.684  ; 7.781  ;
; s[2]       ; f[45]       ; 7.033  ; 7.100  ; 7.443  ; 7.538  ;
; s[2]       ; f[46]       ; 7.293  ; 7.360  ; 7.681  ; 7.777  ;
; s[2]       ; f[47]       ; 7.126  ; 7.025  ; 7.536  ; 7.426  ;
; s[2]       ; f[48]       ; 7.803  ; 7.903  ; 8.363  ; 8.472  ;
; s[2]       ; f[49]       ; 7.876  ; 7.971  ; 8.439  ; 8.543  ;
; s[2]       ; f[50]       ; 7.888  ; 7.993  ; 8.472  ; 8.546  ;
; s[2]       ; f[51]       ; 8.008  ; 8.101  ; 8.589  ; 8.651  ;
; s[2]       ; f[52]       ; 8.057  ; 8.127  ; 8.538  ; 8.680  ;
; s[2]       ; f[53]       ; 8.280  ; 8.337  ; 8.796  ; 8.891  ;
; s[2]       ; f[54]       ; 7.959  ; 8.001  ; 8.486  ; 8.537  ;
; s[2]       ; f[55]       ; 8.658  ; 8.621  ; 9.184  ; 9.178  ;
; s[2]       ; f[56]       ; 8.132  ; 8.237  ; 8.715  ; 8.829  ;
; s[2]       ; f[57]       ; 9.582  ; 9.613  ; 10.161 ; 10.219 ;
; s[2]       ; f[58]       ; 8.167  ; 8.246  ; 8.788  ; 8.902  ;
; s[2]       ; f[59]       ; 9.818  ; 9.798  ; 10.474 ; 10.445 ;
; s[2]       ; f[60]       ; 7.636  ; 7.731  ; 8.216  ; 8.280  ;
; s[2]       ; f[61]       ; 7.968  ; 8.041  ; 8.541  ; 8.640  ;
; s[2]       ; f[62]       ; 7.881  ; 7.975  ; 8.498  ; 8.561  ;
; s[2]       ; f[63]       ; 8.429  ; 8.362  ; 9.028  ; 8.949  ;
; s[3]       ; f[0]        ; 6.701  ; 6.620  ; 6.783  ; 6.693  ;
; s[3]       ; f[1]        ; 6.778  ; 6.834  ; 6.843  ; 6.934  ;
; s[3]       ; f[2]        ; 6.698  ; 6.785  ; 6.803  ; 6.859  ;
; s[3]       ; f[3]        ; 6.728  ; 6.647  ; 6.790  ; 6.740  ;
; s[3]       ; f[4]        ; 5.998  ; 6.043  ; 6.101  ; 6.155  ;
; s[3]       ; f[5]        ; 6.154  ; 6.259  ; 6.292  ; 6.366  ;
; s[3]       ; f[6]        ; 6.108  ; 6.152  ; 6.241  ; 6.254  ;
; s[3]       ; f[7]        ; 6.715  ; 6.687  ; 6.789  ; 6.792  ;
; s[3]       ; f[8]        ; 6.385  ; 6.465  ; 6.484  ; 6.592  ;
; s[3]       ; f[9]        ; 5.905  ; 5.998  ; 6.002  ; 6.104  ;
; s[3]       ; f[10]       ; 5.948  ; 6.044  ; 6.052  ; 6.157  ;
; s[3]       ; f[11]       ; 7.760  ; 7.722  ; 7.840  ; 7.795  ;
; s[3]       ; f[12]       ; 6.782  ; 6.792  ; 6.839  ; 6.884  ;
; s[3]       ; f[13]       ; 7.367  ; 7.374  ; 7.493  ; 7.469  ;
; s[3]       ; f[14]       ; 8.083  ; 8.018  ; 8.201  ; 8.105  ;
; s[3]       ; f[15]       ; 8.260  ; 8.253  ; 8.354  ; 8.321  ;
; s[3]       ; f[16]       ; 6.413  ; 6.448  ; 6.559  ; 6.603  ;
; s[3]       ; f[17]       ; 6.485  ; 6.519  ; 6.642  ; 6.688  ;
; s[3]       ; f[18]       ; 6.386  ; 6.420  ; 6.508  ; 6.570  ;
; s[3]       ; f[19]       ; 6.284  ; 6.388  ; 6.384  ; 6.497  ;
; s[3]       ; f[20]       ; 6.554  ; 6.606  ; 6.656  ; 6.677  ;
; s[3]       ; f[21]       ; 6.562  ; 6.617  ; 6.624  ; 6.716  ;
; s[3]       ; f[22]       ; 6.801  ; 6.905  ; 6.894  ; 6.967  ;
; s[3]       ; f[23]       ; 6.610  ; 6.559  ; 6.688  ; 6.668  ;
; s[3]       ; f[24]       ; 5.604  ; 5.695  ; 5.781  ; 5.841  ;
; s[3]       ; f[25]       ; 5.564  ; 5.630  ; 5.697  ; 5.798  ;
; s[3]       ; f[26]       ; 6.919  ; 6.867  ; 7.069  ; 7.043  ;
; s[3]       ; f[27]       ; 6.876  ; 6.824  ; 6.979  ; 6.892  ;
; s[3]       ; f[28]       ; 6.492  ; 6.560  ; 6.550  ; 6.627  ;
; s[3]       ; f[29]       ; 6.949  ; 7.006  ; 7.019  ; 7.062  ;
; s[3]       ; f[30]       ; 8.295  ; 8.220  ; 8.363  ; 8.323  ;
; s[3]       ; f[31]       ; 6.792  ; 6.772  ; 6.877  ; 6.845  ;
; s[3]       ; f[32]       ; 6.985  ; 7.001  ; 7.146  ; 7.199  ;
; s[3]       ; f[33]       ; 6.204  ; 6.182  ; 6.337  ; 6.345  ;
; s[3]       ; f[34]       ; 6.514  ; 6.552  ; 6.686  ; 6.693  ;
; s[3]       ; f[35]       ; 7.086  ; 7.112  ; 7.204  ; 7.218  ;
; s[3]       ; f[36]       ; 5.887  ; 5.956  ; 6.012  ; 6.090  ;
; s[3]       ; f[37]       ; 6.041  ; 6.062  ; 6.190  ; 6.223  ;
; s[3]       ; f[38]       ; 5.964  ; 5.994  ; 6.091  ; 6.149  ;
; s[3]       ; f[39]       ; 6.291  ; 6.251  ; 6.455  ; 6.403  ;
; s[3]       ; f[40]       ; 6.063  ; 6.121  ; 6.227  ; 6.322  ;
; s[3]       ; f[41]       ; 5.910  ; 5.951  ; 6.064  ; 6.114  ;
; s[3]       ; f[42]       ; 5.948  ; 5.991  ; 6.112  ; 6.124  ;
; s[3]       ; f[43]       ; 6.096  ; 6.073  ; 6.277  ; 6.242  ;
; s[3]       ; f[44]       ; 5.481  ; 5.550  ; 5.623  ; 5.720  ;
; s[3]       ; f[45]       ; 5.494  ; 5.561  ; 5.658  ; 5.753  ;
; s[3]       ; f[46]       ; 5.512  ; 5.579  ; 5.657  ; 5.761  ;
; s[3]       ; f[47]       ; 5.579  ; 5.478  ; 5.749  ; 5.639  ;
; s[3]       ; f[48]       ; 5.949  ; 6.049  ; 6.058  ; 6.167  ;
; s[3]       ; f[49]       ; 6.025  ; 6.120  ; 6.131  ; 6.235  ;
; s[3]       ; f[50]       ; 6.033  ; 6.138  ; 6.168  ; 6.242  ;
; s[3]       ; f[51]       ; 6.153  ; 6.246  ; 6.285  ; 6.347  ;
; s[3]       ; f[52]       ; 6.433  ; 6.503  ; 6.507  ; 6.649  ;
; s[3]       ; f[53]       ; 6.157  ; 6.214  ; 6.233  ; 6.328  ;
; s[3]       ; f[54]       ; 6.151  ; 6.193  ; 6.223  ; 6.274  ;
; s[3]       ; f[55]       ; 6.785  ; 6.777  ; 6.917  ; 6.872  ;
; s[3]       ; f[56]       ; 6.268  ; 6.373  ; 6.377  ; 6.491  ;
; s[3]       ; f[57]       ; 7.717  ; 7.748  ; 7.819  ; 7.877  ;
; s[3]       ; f[58]       ; 6.247  ; 6.326  ; 6.317  ; 6.431  ;
; s[3]       ; f[59]       ; 7.890  ; 7.878  ; 8.003  ; 7.974  ;
; s[3]       ; f[60]       ; 5.834  ; 5.929  ; 5.978  ; 6.042  ;
; s[3]       ; f[61]       ; 5.886  ; 5.959  ; 6.013  ; 6.112  ;
; s[3]       ; f[62]       ; 5.769  ; 5.863  ; 5.906  ; 5.969  ;
; s[3]       ; f[63]       ; 6.770  ; 6.700  ; 6.915  ; 6.838  ;
+------------+-------------+--------+--------+--------+--------+


-----------------------------------------------
; Slow 1200mV 85C Model Metastability Summary ;
-----------------------------------------------
No synchronizer chains to report.


-------------------------------------
; Slow 1200mV 0C Model Fmax Summary ;
-------------------------------------
No paths to report.


--------------------------------------
; Slow 1200mV 0C Model Setup Summary ;
--------------------------------------
No paths to report.


-------------------------------------
; Slow 1200mV 0C Model Hold Summary ;
-------------------------------------
No paths to report.


-----------------------------------------
; Slow 1200mV 0C Model Recovery Summary ;
-----------------------------------------
No paths to report.


----------------------------------------
; Slow 1200mV 0C Model Removal Summary ;
----------------------------------------
No paths to report.


----------------------------------------------------
; Slow 1200mV 0C Model Minimum Pulse Width Summary ;
----------------------------------------------------
No paths to report.


+--------------------------------------------------------------+
; Propagation Delay                                            ;
+------------+-------------+--------+--------+--------+--------+
; Input Port ; Output Port ; RR     ; RF     ; FR     ; FF     ;
+------------+-------------+--------+--------+--------+--------+
; M          ; f[0]        ; 7.899  ; 7.867  ; 8.388  ; 8.320  ;
; M          ; f[1]        ; 8.094  ; 8.157  ; 8.562  ; 8.617  ;
; M          ; f[2]        ; 8.586  ; 8.638  ; 9.026  ; 9.074  ;
; M          ; f[3]        ; 8.808  ; 8.777  ; 9.292  ; 9.247  ;
; M          ; f[4]        ; 7.787  ; 7.847  ; 8.166  ; 8.233  ;
; M          ; f[5]        ; 8.188  ; 8.265  ; 8.562  ; 8.654  ;
; M          ; f[6]        ; 8.422  ; 8.513  ; 8.780  ; 8.863  ;
; M          ; f[7]        ; 9.696  ; 9.635  ; 10.035 ; 9.970  ;
; M          ; f[8]        ; 9.696  ; 9.785  ; 10.125 ; 10.243 ;
; M          ; f[9]        ; 9.971  ; 10.040 ; 10.339 ; 10.437 ;
; M          ; f[10]       ; 9.961  ; 10.045 ; 10.375 ; 10.445 ;
; M          ; f[11]       ; 13.140 ; 13.054 ; 13.563 ; 13.430 ;
; M          ; f[12]       ; 8.324  ; 8.384  ; 8.748  ; 8.837  ;
; M          ; f[13]       ; 8.983  ; 9.068  ; 9.442  ; 9.519  ;
; M          ; f[14]       ; 9.503  ; 9.485  ; 9.934  ; 9.908  ;
; M          ; f[15]       ; 10.218 ; 10.213 ; 10.623 ; 10.571 ;
; M          ; f[16]       ; 8.481  ; 8.627  ; 8.965  ; 9.064  ;
; M          ; f[17]       ; 8.134  ; 8.230  ; 8.589  ; 8.656  ;
; M          ; f[18]       ; 9.002  ; 9.097  ; 9.396  ; 9.455  ;
; M          ; f[19]       ; 10.988 ; 11.065 ; 11.485 ; 11.569 ;
; M          ; f[20]       ; 7.632  ; 7.676  ; 8.030  ; 8.152  ;
; M          ; f[21]       ; 7.824  ; 7.856  ; 8.256  ; 8.317  ;
; M          ; f[22]       ; 8.729  ; 8.811  ; 9.133  ; 9.201  ;
; M          ; f[23]       ; 10.102 ; 10.036 ; 10.502 ; 10.389 ;
; M          ; f[24]       ; 10.327 ; 10.416 ; 10.761 ; 10.842 ;
; M          ; f[25]       ; 10.728 ; 10.780 ; 11.130 ; 11.211 ;
; M          ; f[26]       ; 11.898 ; 11.888 ; 12.300 ; 12.319 ;
; M          ; f[27]       ; 13.730 ; 13.608 ; 14.165 ; 14.072 ;
; M          ; f[28]       ; 8.188  ; 8.262  ; 8.654  ; 8.681  ;
; M          ; f[29]       ; 8.615  ; 8.721  ; 9.023  ; 9.121  ;
; M          ; f[30]       ; 9.849  ; 9.853  ; 10.316 ; 10.312 ;
; M          ; f[31]       ; 9.110  ; 9.017  ; 9.572  ; 9.471  ;
; M          ; f[32]       ; 9.137  ; 9.250  ; 9.606  ; 9.748  ;
; M          ; f[33]       ; 7.570  ; 7.631  ; 8.043  ; 8.112  ;
; M          ; f[34]       ; 9.407  ; 9.522  ; 9.844  ; 9.945  ;
; M          ; f[35]       ; 9.996  ; 10.112 ; 10.405 ; 10.474 ;
; M          ; f[36]       ; 7.099  ; 7.126  ; 7.518  ; 7.562  ;
; M          ; f[37]       ; 7.577  ; 7.607  ; 7.959  ; 8.019  ;
; M          ; f[38]       ; 8.260  ; 8.330  ; 8.656  ; 8.690  ;
; M          ; f[39]       ; 9.436  ; 9.379  ; 9.841  ; 9.748  ;
; M          ; f[40]       ; 8.731  ; 8.788  ; 9.115  ; 9.201  ;
; M          ; f[41]       ; 9.164  ; 9.220  ; 9.524  ; 9.609  ;
; M          ; f[42]       ; 9.252  ; 9.320  ; 9.629  ; 9.683  ;
; M          ; f[43]       ; 9.597  ; 9.536  ; 10.010 ; 9.913  ;
; M          ; f[44]       ; 8.852  ; 8.907  ; 9.217  ; 9.301  ;
; M          ; f[45]       ; 9.395  ; 9.486  ; 9.765  ; 9.820  ;
; M          ; f[46]       ; 9.303  ; 9.363  ; 9.644  ; 9.733  ;
; M          ; f[47]       ; 10.035 ; 9.966  ; 10.439 ; 10.334 ;
; M          ; f[48]       ; 9.271  ; 9.345  ; 9.667  ; 9.770  ;
; M          ; f[49]       ; 7.593  ; 7.655  ; 8.018  ; 8.128  ;
; M          ; f[50]       ; 9.544  ; 9.653  ; 9.939  ; 10.040 ;
; M          ; f[51]       ; 10.457 ; 10.541 ; 10.779 ; 10.849 ;
; M          ; f[52]       ; 7.159  ; 7.257  ; 7.591  ; 7.697  ;
; M          ; f[53]       ; 8.006  ; 8.078  ; 8.445  ; 8.470  ;
; M          ; f[54]       ; 8.506  ; 8.510  ; 8.866  ; 8.899  ;
; M          ; f[55]       ; 9.138  ; 9.111  ; 9.506  ; 9.508  ;
; M          ; f[56]       ; 8.436  ; 8.521  ; 8.866  ; 8.947  ;
; M          ; f[57]       ; 8.628  ; 8.734  ; 9.085  ; 9.199  ;
; M          ; f[58]       ; 8.805  ; 8.879  ; 9.195  ; 9.298  ;
; M          ; f[59]       ; 10.377 ; 10.372 ; 10.775 ; 10.762 ;
; M          ; f[60]       ; 8.059  ; 8.150  ; 8.524  ; 8.607  ;
; M          ; f[61]       ; 8.497  ; 8.558  ; 8.933  ; 9.023  ;
; M          ; f[62]       ; 8.621  ; 8.711  ; 9.049  ; 9.131  ;
; M          ; f[63]       ; 9.564  ; 9.508  ; 9.982  ; 9.890  ;
; a[0]       ; f[0]        ; 5.814  ; 5.786  ; 5.971  ; 5.896  ;
; a[0]       ; f[1]        ; 5.989  ; 6.052  ; 6.108  ; 6.163  ;
; a[0]       ; f[2]        ; 7.106  ; 7.158  ; 7.172  ; 7.220  ;
; a[0]       ; f[3]        ; 7.328  ; 7.297  ; 7.438  ; 7.393  ;
; a[1]       ; f[1]        ; 7.066  ; 7.095  ; 7.498  ; 7.541  ;
; a[1]       ; f[2]        ; 8.335  ; 8.387  ; 8.729  ; 8.777  ;
; a[1]       ; f[3]        ; 8.557  ; 8.526  ; 8.995  ; 8.950  ;
; a[2]       ; f[2]        ; 6.713  ; 6.785  ; 7.085  ; 7.128  ;
; a[2]       ; f[3]        ; 7.229  ; 7.198  ; 7.633  ; 7.588  ;
; a[3]       ; f[3]        ; 6.824  ; 6.765  ; 7.151  ; 7.121  ;
; a[3]       ; f[4]        ; 8.628  ; 8.688  ; 8.966  ; 9.055  ;
; a[3]       ; f[5]        ; 9.216  ; 9.293  ; 9.524  ; 9.623  ;
; a[3]       ; f[6]        ; 9.450  ; 9.541  ; 9.756  ; 9.839  ;
; a[3]       ; f[7]        ; 10.724 ; 10.663 ; 11.011 ; 10.946 ;
; a[3]       ; f[8]        ; 10.300 ; 10.389 ; 10.644 ; 10.762 ;
; a[3]       ; f[9]        ; 10.575 ; 10.644 ; 10.858 ; 10.956 ;
; a[3]       ; f[10]       ; 10.565 ; 10.649 ; 10.894 ; 10.964 ;
; a[3]       ; f[11]       ; 13.744 ; 13.658 ; 14.082 ; 13.949 ;
; a[3]       ; f[12]       ; 8.654  ; 8.714  ; 8.990  ; 9.079  ;
; a[3]       ; f[13]       ; 9.313  ; 9.398  ; 9.684  ; 9.761  ;
; a[3]       ; f[14]       ; 9.833  ; 9.815  ; 10.176 ; 10.150 ;
; a[3]       ; f[15]       ; 10.548 ; 10.543 ; 10.865 ; 10.813 ;
; a[3]       ; f[16]       ; 11.710 ; 11.856 ; 12.115 ; 12.214 ;
; a[3]       ; f[17]       ; 11.599 ; 11.658 ; 12.041 ; 12.107 ;
; a[3]       ; f[18]       ; 12.067 ; 12.162 ; 12.438 ; 12.497 ;
; a[3]       ; f[19]       ; 14.053 ; 14.130 ; 14.527 ; 14.611 ;
; a[3]       ; f[32]       ; 10.688 ; 10.801 ; 11.002 ; 11.144 ;
; a[3]       ; f[33]       ; 10.144 ; 10.172 ; 10.505 ; 10.548 ;
; a[3]       ; f[34]       ; 10.958 ; 11.073 ; 11.240 ; 11.341 ;
; a[3]       ; f[35]       ; 11.547 ; 11.663 ; 11.801 ; 11.870 ;
; a[3]       ; f[48]       ; 10.382 ; 10.456 ; 10.738 ; 10.841 ;
; a[3]       ; f[49]       ; 10.609 ; 10.672 ; 11.003 ; 11.114 ;
; a[3]       ; f[50]       ; 10.655 ; 10.764 ; 11.010 ; 11.111 ;
; a[3]       ; f[51]       ; 11.568 ; 11.652 ; 11.850 ; 11.920 ;
; a[4]       ; f[4]        ; 6.737  ; 6.818  ; 7.135  ; 7.185  ;
; a[4]       ; f[5]        ; 7.080  ; 7.157  ; 7.431  ; 7.523  ;
; a[4]       ; f[6]        ; 7.562  ; 7.653  ; 7.910  ; 7.993  ;
; a[4]       ; f[7]        ; 8.836  ; 8.775  ; 9.165  ; 9.100  ;
; a[5]       ; f[5]        ; 6.464  ; 6.562  ; 6.800  ; 6.906  ;
; a[5]       ; f[6]        ; 7.474  ; 7.565  ; 7.794  ; 7.877  ;
; a[5]       ; f[7]        ; 8.748  ; 8.687  ; 9.049  ; 8.984  ;
; a[6]       ; f[6]        ; 6.500  ; 6.585  ; 6.877  ; 6.933  ;
; a[6]       ; f[7]        ; 7.520  ; 7.459  ; 7.886  ; 7.821  ;
; a[7]       ; f[4]        ; 8.466  ; 8.526  ; 8.769  ; 8.858  ;
; a[7]       ; f[5]        ; 9.054  ; 9.131  ; 9.327  ; 9.426  ;
; a[7]       ; f[6]        ; 9.288  ; 9.379  ; 9.559  ; 9.642  ;
; a[7]       ; f[7]        ; 10.562 ; 10.501 ; 10.814 ; 10.749 ;
; a[7]       ; f[8]        ; 10.679 ; 10.768 ; 11.008 ; 11.126 ;
; a[7]       ; f[9]        ; 10.954 ; 11.023 ; 11.222 ; 11.320 ;
; a[7]       ; f[10]       ; 10.944 ; 11.028 ; 11.258 ; 11.328 ;
; a[7]       ; f[11]       ; 14.123 ; 14.037 ; 14.446 ; 14.313 ;
; a[7]       ; f[12]       ; 8.859  ; 8.919  ; 9.165  ; 9.254  ;
; a[7]       ; f[13]       ; 9.518  ; 9.603  ; 9.859  ; 9.936  ;
; a[7]       ; f[14]       ; 10.038 ; 10.020 ; 10.351 ; 10.325 ;
; a[7]       ; f[15]       ; 10.753 ; 10.748 ; 11.040 ; 10.988 ;
; a[7]       ; f[16]       ; 11.768 ; 11.914 ; 12.183 ; 12.282 ;
; a[7]       ; f[17]       ; 11.657 ; 11.716 ; 12.109 ; 12.175 ;
; a[7]       ; f[18]       ; 12.125 ; 12.220 ; 12.506 ; 12.565 ;
; a[7]       ; f[19]       ; 14.111 ; 14.188 ; 14.595 ; 14.679 ;
; a[7]       ; f[32]       ; 10.787 ; 10.900 ; 11.087 ; 11.229 ;
; a[7]       ; f[33]       ; 10.243 ; 10.271 ; 10.590 ; 10.633 ;
; a[7]       ; f[34]       ; 11.057 ; 11.172 ; 11.325 ; 11.426 ;
; a[7]       ; f[35]       ; 11.646 ; 11.762 ; 11.886 ; 11.955 ;
; a[7]       ; f[48]       ; 10.409 ; 10.483 ; 10.729 ; 10.832 ;
; a[7]       ; f[49]       ; 10.667 ; 10.730 ; 11.071 ; 11.182 ;
; a[7]       ; f[50]       ; 10.682 ; 10.791 ; 11.001 ; 11.102 ;
; a[7]       ; f[51]       ; 11.595 ; 11.679 ; 11.841 ; 11.911 ;
; a[8]       ; f[8]        ; 7.144  ; 7.233  ; 7.527  ; 7.652  ;
; a[8]       ; f[9]        ; 7.284  ; 7.353  ; 7.631  ; 7.729  ;
; a[8]       ; f[10]       ; 7.802  ; 7.886  ; 8.133  ; 8.203  ;
; a[8]       ; f[11]       ; 10.981 ; 10.895 ; 11.321 ; 11.188 ;
; a[9]       ; f[9]        ; 6.704  ; 6.774  ; 7.083  ; 7.167  ;
; a[9]       ; f[10]       ; 7.751  ; 7.835  ; 8.054  ; 8.124  ;
; a[9]       ; f[11]       ; 10.930 ; 10.844 ; 11.242 ; 11.109 ;
; a[10]      ; f[10]       ; 6.758  ; 6.856  ; 7.154  ; 7.223  ;
; a[10]      ; f[11]       ; 10.065 ; 9.979  ; 10.456 ; 10.323 ;
; a[11]      ; f[4]        ; 8.658  ; 8.718  ; 8.960  ; 9.049  ;
; a[11]      ; f[5]        ; 9.246  ; 9.323  ; 9.518  ; 9.617  ;
; a[11]      ; f[6]        ; 9.480  ; 9.571  ; 9.750  ; 9.833  ;
; a[11]      ; f[7]        ; 10.754 ; 10.693 ; 11.005 ; 10.940 ;
; a[11]      ; f[8]        ; 10.458 ; 10.547 ; 10.772 ; 10.890 ;
; a[11]      ; f[9]        ; 10.733 ; 10.802 ; 10.986 ; 11.084 ;
; a[11]      ; f[10]       ; 10.723 ; 10.807 ; 11.022 ; 11.092 ;
; a[11]      ; f[11]       ; 13.902 ; 13.816 ; 14.210 ; 14.077 ;
; a[11]      ; f[12]       ; 8.790  ; 8.850  ; 9.095  ; 9.184  ;
; a[11]      ; f[13]       ; 9.449  ; 9.534  ; 9.789  ; 9.866  ;
; a[11]      ; f[14]       ; 9.969  ; 9.951  ; 10.281 ; 10.255 ;
; a[11]      ; f[15]       ; 10.684 ; 10.679 ; 10.970 ; 10.918 ;
; a[11]      ; f[16]       ; 11.547 ; 11.693 ; 11.947 ; 12.046 ;
; a[11]      ; f[17]       ; 11.436 ; 11.495 ; 11.873 ; 11.939 ;
; a[11]      ; f[18]       ; 11.904 ; 11.999 ; 12.270 ; 12.329 ;
; a[11]      ; f[19]       ; 13.890 ; 13.967 ; 14.359 ; 14.443 ;
; a[11]      ; f[32]       ; 10.701 ; 10.814 ; 10.994 ; 11.136 ;
; a[11]      ; f[33]       ; 10.157 ; 10.185 ; 10.497 ; 10.540 ;
; a[11]      ; f[34]       ; 10.971 ; 11.086 ; 11.232 ; 11.333 ;
; a[11]      ; f[35]       ; 11.560 ; 11.676 ; 11.793 ; 11.862 ;
; a[11]      ; f[48]       ; 10.205 ; 10.279 ; 10.499 ; 10.602 ;
; a[11]      ; f[49]       ; 10.446 ; 10.509 ; 10.835 ; 10.946 ;
; a[11]      ; f[50]       ; 10.478 ; 10.587 ; 10.771 ; 10.872 ;
; a[11]      ; f[51]       ; 11.391 ; 11.475 ; 11.611 ; 11.681 ;
; a[12]      ; f[12]       ; 7.153  ; 7.214  ; 7.511  ; 7.586  ;
; a[12]      ; f[13]       ; 7.715  ; 7.800  ; 8.065  ; 8.142  ;
; a[12]      ; f[14]       ; 8.313  ; 8.295  ; 8.654  ; 8.628  ;
; a[12]      ; f[15]       ; 9.028  ; 9.023  ; 9.343  ; 9.291  ;
; a[13]      ; f[13]       ; 6.902  ; 6.953  ; 7.223  ; 7.288  ;
; a[13]      ; f[14]       ; 8.081  ; 8.063  ; 8.403  ; 8.377  ;
; a[13]      ; f[15]       ; 8.796  ; 8.791  ; 9.092  ; 9.040  ;
; a[14]      ; f[14]       ; 7.830  ; 7.806  ; 8.224  ; 8.171  ;
; a[14]      ; f[15]       ; 8.622  ; 8.617  ; 8.996  ; 8.944  ;
; a[15]      ; f[4]        ; 8.363  ; 8.423  ; 8.651  ; 8.740  ;
; a[15]      ; f[5]        ; 8.951  ; 9.028  ; 9.209  ; 9.308  ;
; a[15]      ; f[6]        ; 9.185  ; 9.276  ; 9.441  ; 9.524  ;
; a[15]      ; f[7]        ; 10.459 ; 10.398 ; 10.696 ; 10.631 ;
; a[15]      ; f[8]        ; 10.277 ; 10.366 ; 10.578 ; 10.696 ;
; a[15]      ; f[9]        ; 10.552 ; 10.621 ; 10.792 ; 10.890 ;
; a[15]      ; f[10]       ; 10.542 ; 10.626 ; 10.828 ; 10.898 ;
; a[15]      ; f[11]       ; 13.721 ; 13.635 ; 14.016 ; 13.883 ;
; a[15]      ; f[15]       ; 7.722  ; 7.713  ; 8.033  ; 7.988  ;
; a[15]      ; f[16]       ; 11.438 ; 11.584 ; 11.793 ; 11.892 ;
; a[15]      ; f[17]       ; 11.327 ; 11.386 ; 11.719 ; 11.785 ;
; a[15]      ; f[18]       ; 11.795 ; 11.890 ; 12.116 ; 12.175 ;
; a[15]      ; f[19]       ; 13.781 ; 13.858 ; 14.205 ; 14.289 ;
; a[15]      ; f[32]       ; 10.415 ; 10.528 ; 10.692 ; 10.834 ;
; a[15]      ; f[33]       ; 9.871  ; 9.899  ; 10.195 ; 10.238 ;
; a[15]      ; f[34]       ; 10.685 ; 10.800 ; 10.930 ; 11.031 ;
; a[15]      ; f[35]       ; 11.274 ; 11.390 ; 11.491 ; 11.560 ;
; a[15]      ; f[48]       ; 10.110 ; 10.184 ; 10.416 ; 10.519 ;
; a[15]      ; f[49]       ; 10.337 ; 10.400 ; 10.681 ; 10.792 ;
; a[15]      ; f[50]       ; 10.383 ; 10.492 ; 10.688 ; 10.789 ;
; a[15]      ; f[51]       ; 11.296 ; 11.380 ; 11.528 ; 11.598 ;
; a[16]      ; f[16]       ; 7.828  ; 7.931  ; 8.197  ; 8.336  ;
; a[16]      ; f[17]       ; 8.054  ; 8.113  ; 8.459  ; 8.525  ;
; a[16]      ; f[18]       ; 8.593  ; 8.688  ; 8.942  ; 9.001  ;
; a[16]      ; f[19]       ; 10.579 ; 10.656 ; 11.031 ; 11.115 ;
; a[17]      ; f[17]       ; 7.677  ; 7.739  ; 8.101  ; 8.168  ;
; a[17]      ; f[18]       ; 8.336  ; 8.431  ; 8.679  ; 8.738  ;
; a[17]      ; f[19]       ; 10.322 ; 10.399 ; 10.768 ; 10.852 ;
; a[18]      ; f[18]       ; 7.484  ; 7.539  ; 7.827  ; 7.929  ;
; a[18]      ; f[19]       ; 9.303  ; 9.380  ; 9.799  ; 9.883  ;
; a[19]      ; f[16]       ; 13.018 ; 13.164 ; 13.406 ; 13.505 ;
; a[19]      ; f[17]       ; 12.907 ; 12.966 ; 13.332 ; 13.398 ;
; a[19]      ; f[18]       ; 13.375 ; 13.470 ; 13.729 ; 13.788 ;
; a[19]      ; f[19]       ; 15.361 ; 15.438 ; 15.818 ; 15.902 ;
; a[19]      ; f[20]       ; 10.475 ; 10.553 ; 10.962 ; 11.062 ;
; a[19]      ; f[21]       ; 10.397 ; 10.429 ; 10.918 ; 10.979 ;
; a[19]      ; f[22]       ; 11.278 ; 11.360 ; 11.785 ; 11.853 ;
; a[19]      ; f[23]       ; 12.651 ; 12.585 ; 13.154 ; 13.041 ;
; a[19]      ; f[24]       ; 12.641 ; 12.730 ; 13.167 ; 13.248 ;
; a[19]      ; f[25]       ; 13.042 ; 13.094 ; 13.536 ; 13.617 ;
; a[19]      ; f[26]       ; 14.212 ; 14.202 ; 14.706 ; 14.725 ;
; a[19]      ; f[27]       ; 16.044 ; 15.922 ; 16.571 ; 16.478 ;
; a[19]      ; f[28]       ; 10.505 ; 10.579 ; 11.059 ; 11.086 ;
; a[19]      ; f[29]       ; 10.932 ; 11.038 ; 11.428 ; 11.526 ;
; a[19]      ; f[30]       ; 12.166 ; 12.170 ; 12.721 ; 12.717 ;
; a[19]      ; f[31]       ; 11.427 ; 11.334 ; 11.977 ; 11.876 ;
; a[19]      ; f[48]       ; 11.690 ; 11.764 ; 12.029 ; 12.132 ;
; a[19]      ; f[49]       ; 11.917 ; 11.980 ; 12.294 ; 12.405 ;
; a[19]      ; f[50]       ; 11.963 ; 12.072 ; 12.301 ; 12.402 ;
; a[19]      ; f[51]       ; 12.876 ; 12.960 ; 13.141 ; 13.211 ;
; a[20]      ; f[20]       ; 6.910  ; 7.011  ; 7.233  ; 7.305  ;
; a[20]      ; f[21]       ; 7.735  ; 7.803  ; 7.983  ; 8.015  ;
; a[20]      ; f[22]       ; 8.469  ; 8.551  ; 8.698  ; 8.766  ;
; a[20]      ; f[23]       ; 9.842  ; 9.776  ; 10.067 ; 9.954  ;
; a[21]      ; f[21]       ; 6.492  ; 6.520  ; 6.846  ; 6.921  ;
; a[21]      ; f[22]       ; 7.856  ; 7.938  ; 8.161  ; 8.229  ;
; a[21]      ; f[23]       ; 9.229  ; 9.163  ; 9.530  ; 9.417  ;
; a[22]      ; f[22]       ; 6.728  ; 6.824  ; 7.119  ; 7.186  ;
; a[22]      ; f[23]       ; 8.110  ; 8.044  ; 8.489  ; 8.376  ;
; a[23]      ; f[16]       ; 11.091 ; 11.237 ; 11.508 ; 11.607 ;
; a[23]      ; f[17]       ; 10.980 ; 11.039 ; 11.434 ; 11.500 ;
; a[23]      ; f[18]       ; 11.448 ; 11.543 ; 11.831 ; 11.890 ;
; a[23]      ; f[19]       ; 13.434 ; 13.511 ; 13.920 ; 14.004 ;
; a[23]      ; f[20]       ; 7.723  ; 7.801  ; 8.050  ; 8.150  ;
; a[23]      ; f[21]       ; 8.042  ; 8.074  ; 8.431  ; 8.492  ;
; a[23]      ; f[22]       ; 8.923  ; 9.005  ; 9.298  ; 9.366  ;
; a[23]      ; f[23]       ; 10.296 ; 10.230 ; 10.667 ; 10.554 ;
; a[23]      ; f[24]       ; 10.287 ; 10.376 ; 10.680 ; 10.761 ;
; a[23]      ; f[25]       ; 10.688 ; 10.740 ; 11.049 ; 11.130 ;
; a[23]      ; f[26]       ; 11.858 ; 11.848 ; 12.219 ; 12.238 ;
; a[23]      ; f[27]       ; 13.690 ; 13.568 ; 14.084 ; 13.991 ;
; a[23]      ; f[28]       ; 8.033  ; 8.107  ; 8.415  ; 8.442  ;
; a[23]      ; f[29]       ; 8.460  ; 8.566  ; 8.784  ; 8.882  ;
; a[23]      ; f[30]       ; 9.694  ; 9.698  ; 10.077 ; 10.073 ;
; a[23]      ; f[31]       ; 8.955  ; 8.862  ; 9.333  ; 9.232  ;
; a[23]      ; f[48]       ; 10.200 ; 10.274 ; 10.551 ; 10.654 ;
; a[23]      ; f[49]       ; 9.990  ; 10.053 ; 10.396 ; 10.507 ;
; a[23]      ; f[50]       ; 10.473 ; 10.582 ; 10.823 ; 10.924 ;
; a[23]      ; f[51]       ; 11.386 ; 11.470 ; 11.663 ; 11.733 ;
; a[24]      ; f[24]       ; 6.589  ; 6.647  ; 6.971  ; 7.040  ;
; a[24]      ; f[25]       ; 7.080  ; 7.132  ; 7.391  ; 7.472  ;
; a[24]      ; f[26]       ; 8.573  ; 8.563  ; 8.889  ; 8.908  ;
; a[24]      ; f[27]       ; 10.405 ; 10.283 ; 10.754 ; 10.661 ;
; a[25]      ; f[25]       ; 6.483  ; 6.537  ; 6.815  ; 6.895  ;
; a[25]      ; f[26]       ; 8.692  ; 8.682  ; 8.992  ; 9.011  ;
; a[25]      ; f[27]       ; 10.524 ; 10.402 ; 10.857 ; 10.764 ;
; a[26]      ; f[26]       ; 7.847  ; 7.833  ; 8.191  ; 8.224  ;
; a[26]      ; f[27]       ; 9.672  ; 9.550  ; 10.070 ; 9.977  ;
; a[27]      ; f[16]       ; 10.979 ; 11.125 ; 11.347 ; 11.446 ;
; a[27]      ; f[17]       ; 10.868 ; 10.927 ; 11.273 ; 11.339 ;
; a[27]      ; f[18]       ; 11.336 ; 11.431 ; 11.670 ; 11.729 ;
; a[27]      ; f[19]       ; 13.322 ; 13.399 ; 13.759 ; 13.843 ;
; a[27]      ; f[20]       ; 7.712  ; 7.790  ; 8.022  ; 8.122  ;
; a[27]      ; f[21]       ; 8.112  ; 8.144  ; 8.479  ; 8.540  ;
; a[27]      ; f[22]       ; 8.993  ; 9.075  ; 9.346  ; 9.414  ;
; a[27]      ; f[23]       ; 10.366 ; 10.300 ; 10.715 ; 10.602 ;
; a[27]      ; f[24]       ; 10.357 ; 10.446 ; 10.728 ; 10.809 ;
; a[27]      ; f[25]       ; 10.758 ; 10.810 ; 11.097 ; 11.178 ;
; a[27]      ; f[26]       ; 11.928 ; 11.918 ; 12.267 ; 12.286 ;
; a[27]      ; f[27]       ; 13.760 ; 13.638 ; 14.132 ; 14.039 ;
; a[27]      ; f[28]       ; 7.671  ; 7.745  ; 8.056  ; 8.083  ;
; a[27]      ; f[29]       ; 8.098  ; 8.204  ; 8.425  ; 8.523  ;
; a[27]      ; f[30]       ; 9.332  ; 9.336  ; 9.718  ; 9.714  ;
; a[27]      ; f[31]       ; 8.593  ; 8.500  ; 8.974  ; 8.873  ;
; a[27]      ; f[48]       ; 10.089 ; 10.163 ; 10.390 ; 10.493 ;
; a[27]      ; f[49]       ; 9.878  ; 9.941  ; 10.235 ; 10.346 ;
; a[27]      ; f[50]       ; 10.362 ; 10.471 ; 10.662 ; 10.763 ;
; a[27]      ; f[51]       ; 11.275 ; 11.359 ; 11.502 ; 11.572 ;
; a[28]      ; f[28]       ; 6.870  ; 6.901  ; 7.186  ; 7.253  ;
; a[28]      ; f[29]       ; 7.272  ; 7.378  ; 7.586  ; 7.684  ;
; a[28]      ; f[30]       ; 8.383  ; 8.387  ; 8.715  ; 8.711  ;
; a[28]      ; f[31]       ; 7.644  ; 7.551  ; 7.971  ; 7.870  ;
; a[29]      ; f[29]       ; 7.064  ; 7.136  ; 7.407  ; 7.493  ;
; a[29]      ; f[30]       ; 8.711  ; 8.715  ; 9.053  ; 9.049  ;
; a[29]      ; f[31]       ; 7.972  ; 7.879  ; 8.309  ; 8.208  ;
; a[30]      ; f[30]       ; 8.270  ; 8.240  ; 8.620  ; 8.604  ;
; a[30]      ; f[31]       ; 7.452  ; 7.359  ; 7.826  ; 7.725  ;
; a[31]      ; f[16]       ; 11.197 ; 11.343 ; 11.544 ; 11.643 ;
; a[31]      ; f[17]       ; 11.086 ; 11.145 ; 11.470 ; 11.536 ;
; a[31]      ; f[18]       ; 11.554 ; 11.649 ; 11.867 ; 11.926 ;
; a[31]      ; f[19]       ; 13.540 ; 13.617 ; 13.956 ; 14.040 ;
; a[31]      ; f[20]       ; 7.323  ; 7.401  ; 7.598  ; 7.698  ;
; a[31]      ; f[21]       ; 7.756  ; 7.788  ; 8.066  ; 8.127  ;
; a[31]      ; f[22]       ; 8.637  ; 8.719  ; 8.933  ; 9.001  ;
; a[31]      ; f[23]       ; 10.010 ; 9.944  ; 10.302 ; 10.189 ;
; a[31]      ; f[24]       ; 10.001 ; 10.090 ; 10.315 ; 10.396 ;
; a[31]      ; f[25]       ; 10.402 ; 10.454 ; 10.684 ; 10.765 ;
; a[31]      ; f[26]       ; 11.572 ; 11.562 ; 11.854 ; 11.873 ;
; a[31]      ; f[27]       ; 13.404 ; 13.282 ; 13.719 ; 13.626 ;
; a[31]      ; f[31]       ; 7.211  ; 7.145  ; 7.507  ; 7.405  ;
; a[31]      ; f[48]       ; 9.869  ; 9.943  ; 10.167 ; 10.270 ;
; a[31]      ; f[49]       ; 10.096 ; 10.159 ; 10.432 ; 10.543 ;
; a[31]      ; f[50]       ; 10.142 ; 10.251 ; 10.439 ; 10.540 ;
; a[31]      ; f[51]       ; 11.055 ; 11.139 ; 11.279 ; 11.349 ;
; a[32]      ; f[32]       ; 7.866  ; 8.004  ; 8.230  ; 8.378  ;
; a[32]      ; f[33]       ; 7.837  ; 7.865  ; 8.206  ; 8.249  ;
; a[32]      ; f[34]       ; 8.794  ; 8.909  ; 9.121  ; 9.222  ;
; a[32]      ; f[35]       ; 9.383  ; 9.499  ; 9.682  ; 9.751  ;
; a[33]      ; f[33]       ; 7.700  ; 7.732  ; 8.175  ; 8.224  ;
; a[33]      ; f[34]       ; 9.112  ; 9.227  ; 9.533  ; 9.634  ;
; a[33]      ; f[35]       ; 9.701  ; 9.817  ; 10.094 ; 10.163 ;
; a[34]      ; f[34]       ; 5.931  ; 6.060  ; 6.137  ; 6.237  ;
; a[34]      ; f[35]       ; 6.522  ; 6.638  ; 6.711  ; 6.780  ;
; a[35]      ; f[16]       ; 9.361  ; 9.507  ; 9.749  ; 9.848  ;
; a[35]      ; f[17]       ; 9.687  ; 9.746  ; 10.122 ; 10.188 ;
; a[35]      ; f[18]       ; 9.718  ; 9.813  ; 10.072 ; 10.131 ;
; a[35]      ; f[19]       ; 11.704 ; 11.781 ; 12.161 ; 12.245 ;
; a[35]      ; f[32]       ; 9.882  ; 9.995  ; 10.234 ; 10.376 ;
; a[35]      ; f[33]       ; 9.672  ; 9.700  ; 10.097 ; 10.140 ;
; a[35]      ; f[34]       ; 10.152 ; 10.267 ; 10.472 ; 10.573 ;
; a[35]      ; f[35]       ; 10.741 ; 10.857 ; 11.033 ; 11.102 ;
; a[35]      ; f[36]       ; 7.903  ; 7.933  ; 8.212  ; 8.271  ;
; a[35]      ; f[37]       ; 7.828  ; 7.892  ; 8.169  ; 8.225  ;
; a[35]      ; f[38]       ; 8.564  ; 8.634  ; 8.865  ; 8.899  ;
; a[35]      ; f[39]       ; 9.740  ; 9.683  ; 10.050 ; 9.957  ;
; a[35]      ; f[40]       ; 9.082  ; 9.139  ; 9.422  ; 9.508  ;
; a[35]      ; f[41]       ; 9.515  ; 9.571  ; 9.831  ; 9.916  ;
; a[35]      ; f[42]       ; 9.603  ; 9.671  ; 9.936  ; 9.990  ;
; a[35]      ; f[43]       ; 9.948  ; 9.887  ; 10.317 ; 10.220 ;
; a[35]      ; f[44]       ; 9.531  ; 9.586  ; 9.838  ; 9.922  ;
; a[35]      ; f[45]       ; 10.074 ; 10.165 ; 10.386 ; 10.441 ;
; a[35]      ; f[46]       ; 9.982  ; 10.042 ; 10.265 ; 10.354 ;
; a[35]      ; f[47]       ; 10.714 ; 10.645 ; 11.060 ; 10.955 ;
; a[36]      ; f[36]       ; 7.056  ; 7.114  ; 7.460  ; 7.480  ;
; a[36]      ; f[37]       ; 7.413  ; 7.477  ; 7.773  ; 7.829  ;
; a[36]      ; f[38]       ; 8.149  ; 8.219  ; 8.469  ; 8.503  ;
; a[36]      ; f[39]       ; 9.325  ; 9.268  ; 9.654  ; 9.561  ;
; a[37]      ; f[37]       ; 5.582  ; 5.611  ; 5.807  ; 5.872  ;
; a[37]      ; f[38]       ; 6.321  ; 6.391  ; 6.554  ; 6.588  ;
; a[37]      ; f[39]       ; 7.497  ; 7.440  ; 7.739  ; 7.646  ;
; a[38]      ; f[38]       ; 6.655  ; 6.689  ; 7.017  ; 7.051  ;
; a[38]      ; f[39]       ; 7.794  ; 7.737  ; 8.203  ; 8.110  ;
; a[39]      ; f[16]       ; 10.074 ; 10.220 ; 10.394 ; 10.493 ;
; a[39]      ; f[17]       ; 10.128 ; 10.187 ; 10.501 ; 10.567 ;
; a[39]      ; f[18]       ; 10.431 ; 10.526 ; 10.717 ; 10.776 ;
; a[39]      ; f[19]       ; 12.417 ; 12.494 ; 12.806 ; 12.890 ;
; a[39]      ; f[32]       ; 10.429 ; 10.542 ; 10.703 ; 10.845 ;
; a[39]      ; f[33]       ; 10.113 ; 10.141 ; 10.476 ; 10.519 ;
; a[39]      ; f[34]       ; 10.699 ; 10.814 ; 10.941 ; 11.042 ;
; a[39]      ; f[35]       ; 11.288 ; 11.404 ; 11.502 ; 11.571 ;
; a[39]      ; f[36]       ; 8.015  ; 8.045  ; 8.321  ; 8.380  ;
; a[39]      ; f[37]       ; 8.249  ; 8.313  ; 8.583  ; 8.639  ;
; a[39]      ; f[38]       ; 8.985  ; 9.055  ; 9.279  ; 9.313  ;
; a[39]      ; f[39]       ; 10.161 ; 10.104 ; 10.464 ; 10.371 ;
; a[39]      ; f[40]       ; 10.261 ; 10.318 ; 10.536 ; 10.622 ;
; a[39]      ; f[41]       ; 10.694 ; 10.750 ; 10.945 ; 11.030 ;
; a[39]      ; f[42]       ; 10.782 ; 10.850 ; 11.050 ; 11.104 ;
; a[39]      ; f[43]       ; 11.127 ; 11.066 ; 11.431 ; 11.334 ;
; a[39]      ; f[44]       ; 8.911  ; 8.966  ; 9.228  ; 9.312  ;
; a[39]      ; f[45]       ; 9.454  ; 9.545  ; 9.776  ; 9.831  ;
; a[39]      ; f[46]       ; 9.362  ; 9.422  ; 9.655  ; 9.744  ;
; a[39]      ; f[47]       ; 10.094 ; 10.025 ; 10.450 ; 10.345 ;
; a[40]      ; f[40]       ; 6.869  ; 6.931  ; 7.228  ; 7.294  ;
; a[40]      ; f[41]       ; 7.305  ; 7.361  ; 7.617  ; 7.702  ;
; a[40]      ; f[42]       ; 7.970  ; 8.038  ; 8.251  ; 8.305  ;
; a[40]      ; f[43]       ; 8.315  ; 8.254  ; 8.632  ; 8.535  ;
; a[41]      ; f[41]       ; 6.733  ; 6.790  ; 7.126  ; 7.197  ;
; a[41]      ; f[42]       ; 7.776  ; 7.844  ; 8.111  ; 8.165  ;
; a[41]      ; f[43]       ; 8.121  ; 8.060  ; 8.492  ; 8.395  ;
; a[42]      ; f[42]       ; 6.449  ; 6.531  ; 6.835  ; 6.888  ;
; a[42]      ; f[43]       ; 7.177  ; 7.116  ; 7.609  ; 7.512  ;
; a[43]      ; f[16]       ; 10.398 ; 10.544 ; 10.706 ; 10.805 ;
; a[43]      ; f[17]       ; 10.452 ; 10.511 ; 10.813 ; 10.879 ;
; a[43]      ; f[18]       ; 10.755 ; 10.850 ; 11.029 ; 11.088 ;
; a[43]      ; f[19]       ; 12.741 ; 12.818 ; 13.118 ; 13.202 ;
; a[43]      ; f[32]       ; 10.753 ; 10.866 ; 11.015 ; 11.157 ;
; a[43]      ; f[33]       ; 10.437 ; 10.465 ; 10.788 ; 10.831 ;
; a[43]      ; f[34]       ; 11.023 ; 11.138 ; 11.253 ; 11.354 ;
; a[43]      ; f[35]       ; 11.612 ; 11.728 ; 11.814 ; 11.883 ;
; a[43]      ; f[36]       ; 8.911  ; 8.941  ; 9.225  ; 9.284  ;
; a[43]      ; f[37]       ; 9.561  ; 9.625  ; 9.918  ; 9.974  ;
; a[43]      ; f[38]       ; 10.297 ; 10.367 ; 10.614 ; 10.648 ;
; a[43]      ; f[39]       ; 11.473 ; 11.416 ; 11.799 ; 11.706 ;
; a[43]      ; f[40]       ; 11.573 ; 11.630 ; 11.871 ; 11.957 ;
; a[43]      ; f[41]       ; 12.006 ; 12.062 ; 12.280 ; 12.365 ;
; a[43]      ; f[42]       ; 12.094 ; 12.162 ; 12.385 ; 12.439 ;
; a[43]      ; f[43]       ; 12.439 ; 12.378 ; 12.766 ; 12.669 ;
; a[43]      ; f[44]       ; 10.340 ; 10.395 ; 10.668 ; 10.752 ;
; a[43]      ; f[45]       ; 10.883 ; 10.974 ; 11.216 ; 11.271 ;
; a[43]      ; f[46]       ; 10.791 ; 10.851 ; 11.095 ; 11.184 ;
; a[43]      ; f[47]       ; 11.523 ; 11.454 ; 11.890 ; 11.785 ;
; a[44]      ; f[44]       ; 6.708  ; 6.763  ; 7.065  ; 7.156  ;
; a[44]      ; f[45]       ; 7.253  ; 7.344  ; 7.620  ; 7.675  ;
; a[44]      ; f[46]       ; 7.680  ; 7.740  ; 7.971  ; 8.060  ;
; a[44]      ; f[47]       ; 8.412  ; 8.343  ; 8.766  ; 8.661  ;
; a[45]      ; f[45]       ; 6.412  ; 6.468  ; 6.772  ; 6.860  ;
; a[45]      ; f[46]       ; 7.375  ; 7.435  ; 7.663  ; 7.752  ;
; a[45]      ; f[47]       ; 8.107  ; 8.038  ; 8.458  ; 8.353  ;
; a[46]      ; f[46]       ; 6.412  ; 6.477  ; 6.791  ; 6.860  ;
; a[46]      ; f[47]       ; 7.124  ; 7.055  ; 7.572  ; 7.467  ;
; a[47]      ; f[16]       ; 10.508 ; 10.654 ; 10.876 ; 10.975 ;
; a[47]      ; f[17]       ; 10.834 ; 10.893 ; 11.249 ; 11.315 ;
; a[47]      ; f[18]       ; 10.865 ; 10.960 ; 11.199 ; 11.258 ;
; a[47]      ; f[19]       ; 12.851 ; 12.928 ; 13.288 ; 13.372 ;
; a[47]      ; f[32]       ; 11.029 ; 11.142 ; 11.361 ; 11.503 ;
; a[47]      ; f[33]       ; 10.819 ; 10.847 ; 11.224 ; 11.267 ;
; a[47]      ; f[34]       ; 11.299 ; 11.414 ; 11.599 ; 11.700 ;
; a[47]      ; f[35]       ; 11.888 ; 12.004 ; 12.160 ; 12.229 ;
; a[47]      ; f[36]       ; 9.205  ; 9.235  ; 9.565  ; 9.624  ;
; a[47]      ; f[37]       ; 9.531  ; 9.595  ; 9.954  ; 10.010 ;
; a[47]      ; f[38]       ; 10.267 ; 10.337 ; 10.650 ; 10.684 ;
; a[47]      ; f[39]       ; 11.443 ; 11.386 ; 11.835 ; 11.742 ;
; a[47]      ; f[40]       ; 11.543 ; 11.600 ; 11.907 ; 11.993 ;
; a[47]      ; f[41]       ; 11.976 ; 12.032 ; 12.316 ; 12.401 ;
; a[47]      ; f[42]       ; 12.064 ; 12.132 ; 12.421 ; 12.475 ;
; a[47]      ; f[43]       ; 12.409 ; 12.348 ; 12.802 ; 12.705 ;
; a[47]      ; f[47]       ; 6.767  ; 6.702  ; 7.172  ; 7.060  ;
; a[48]      ; f[48]       ; 6.876  ; 6.951  ; 7.252  ; 7.341  ;
; a[48]      ; f[49]       ; 7.436  ; 7.499  ; 7.830  ; 7.941  ;
; a[48]      ; f[50]       ; 7.539  ; 7.648  ; 7.867  ; 7.968  ;
; a[48]      ; f[51]       ; 8.452  ; 8.536  ; 8.707  ; 8.777  ;
; a[49]      ; f[49]       ; 6.613  ; 6.710  ; 6.997  ; 7.065  ;
; a[49]      ; f[50]       ; 7.495  ; 7.604  ; 7.801  ; 7.902  ;
; a[49]      ; f[51]       ; 8.408  ; 8.492  ; 8.641  ; 8.711  ;
; a[50]      ; f[50]       ; 6.487  ; 6.562  ; 6.850  ; 6.939  ;
; a[50]      ; f[51]       ; 7.090  ; 7.174  ; 7.438  ; 7.508  ;
; a[51]      ; f[16]       ; 10.349 ; 10.495 ; 10.699 ; 10.798 ;
; a[51]      ; f[17]       ; 10.675 ; 10.734 ; 11.072 ; 11.138 ;
; a[51]      ; f[18]       ; 10.706 ; 10.801 ; 11.022 ; 11.081 ;
; a[51]      ; f[19]       ; 12.692 ; 12.769 ; 13.111 ; 13.195 ;
; a[51]      ; f[32]       ; 10.870 ; 10.983 ; 11.184 ; 11.326 ;
; a[51]      ; f[33]       ; 10.660 ; 10.688 ; 11.047 ; 11.090 ;
; a[51]      ; f[34]       ; 11.140 ; 11.255 ; 11.422 ; 11.523 ;
; a[51]      ; f[35]       ; 11.729 ; 11.845 ; 11.983 ; 12.052 ;
; a[51]      ; f[48]       ; 11.516 ; 11.590 ; 11.829 ; 11.932 ;
; a[51]      ; f[49]       ; 11.638 ; 11.701 ; 11.952 ; 12.063 ;
; a[51]      ; f[50]       ; 11.789 ; 11.898 ; 12.101 ; 12.202 ;
; a[51]      ; f[51]       ; 12.702 ; 12.786 ; 12.941 ; 13.011 ;
; a[51]      ; f[52]       ; 8.318  ; 8.390  ; 8.672  ; 8.774  ;
; a[51]      ; f[53]       ; 8.914  ; 8.986  ; 9.280  ; 9.305  ;
; a[51]      ; f[54]       ; 9.095  ; 9.099  ; 9.392  ; 9.425  ;
; a[51]      ; f[55]       ; 9.727  ; 9.700  ; 10.032 ; 10.034 ;
; a[51]      ; f[56]       ; 10.586 ; 10.671 ; 10.923 ; 11.004 ;
; a[51]      ; f[57]       ; 11.635 ; 11.704 ; 12.021 ; 12.115 ;
; a[51]      ; f[58]       ; 10.955 ; 11.029 ; 11.252 ; 11.355 ;
; a[51]      ; f[59]       ; 12.527 ; 12.522 ; 12.832 ; 12.819 ;
; a[51]      ; f[60]       ; 9.366  ; 9.457  ; 9.700  ; 9.783  ;
; a[51]      ; f[61]       ; 9.804  ; 9.865  ; 10.109 ; 10.199 ;
; a[51]      ; f[62]       ; 9.679  ; 9.769  ; 10.014 ; 10.096 ;
; a[51]      ; f[63]       ; 10.622 ; 10.566 ; 10.947 ; 10.855 ;
; a[52]      ; f[52]       ; 6.919  ; 6.990  ; 7.299  ; 7.406  ;
; a[52]      ; f[53]       ; 7.131  ; 7.160  ; 7.490  ; 7.548  ;
; a[52]      ; f[54]       ; 7.826  ; 7.830  ; 8.141  ; 8.174  ;
; a[52]      ; f[55]       ; 8.458  ; 8.431  ; 8.781  ; 8.783  ;
; a[53]      ; f[53]       ; 6.834  ; 6.863  ; 7.198  ; 7.263  ;
; a[53]      ; f[54]       ; 7.682  ; 7.686  ; 7.978  ; 8.011  ;
; a[53]      ; f[55]       ; 8.314  ; 8.287  ; 8.618  ; 8.620  ;
; a[54]      ; f[54]       ; 6.953  ; 6.958  ; 7.331  ; 7.350  ;
; a[54]      ; f[55]       ; 7.587  ; 7.560  ; 7.959  ; 7.961  ;
; a[55]      ; f[16]       ; 10.516 ; 10.662 ; 10.867 ; 10.966 ;
; a[55]      ; f[17]       ; 10.570 ; 10.629 ; 10.974 ; 11.040 ;
; a[55]      ; f[18]       ; 10.873 ; 10.968 ; 11.190 ; 11.249 ;
; a[55]      ; f[19]       ; 12.859 ; 12.936 ; 13.279 ; 13.363 ;
; a[55]      ; f[32]       ; 10.871 ; 10.984 ; 11.176 ; 11.318 ;
; a[55]      ; f[33]       ; 10.555 ; 10.583 ; 10.949 ; 10.992 ;
; a[55]      ; f[34]       ; 11.141 ; 11.256 ; 11.414 ; 11.515 ;
; a[55]      ; f[35]       ; 11.730 ; 11.846 ; 11.975 ; 12.044 ;
; a[55]      ; f[48]       ; 10.511 ; 10.585 ; 10.909 ; 11.012 ;
; a[55]      ; f[49]       ; 10.633 ; 10.696 ; 11.032 ; 11.143 ;
; a[55]      ; f[50]       ; 10.784 ; 10.893 ; 11.181 ; 11.282 ;
; a[55]      ; f[51]       ; 11.697 ; 11.781 ; 12.021 ; 12.091 ;
; a[55]      ; f[52]       ; 7.804  ; 7.876  ; 8.216  ; 8.318  ;
; a[55]      ; f[53]       ; 8.400  ; 8.472  ; 8.824  ; 8.849  ;
; a[55]      ; f[54]       ; 8.581  ; 8.585  ; 8.936  ; 8.969  ;
; a[55]      ; f[55]       ; 9.213  ; 9.186  ; 9.576  ; 9.578  ;
; a[55]      ; f[56]       ; 9.591  ; 9.676  ; 10.003 ; 10.084 ;
; a[55]      ; f[57]       ; 10.640 ; 10.709 ; 11.101 ; 11.195 ;
; a[55]      ; f[58]       ; 9.960  ; 10.034 ; 10.332 ; 10.435 ;
; a[55]      ; f[59]       ; 11.532 ; 11.527 ; 11.912 ; 11.899 ;
; a[55]      ; f[60]       ; 8.769  ; 8.860  ; 9.130  ; 9.213  ;
; a[55]      ; f[61]       ; 9.207  ; 9.268  ; 9.539  ; 9.629  ;
; a[55]      ; f[62]       ; 9.082  ; 9.172  ; 9.444  ; 9.526  ;
; a[55]      ; f[63]       ; 10.025 ; 9.969  ; 10.377 ; 10.285 ;
; a[56]      ; f[56]       ; 6.963  ; 7.068  ; 7.327  ; 7.403  ;
; a[56]      ; f[57]       ; 8.517  ; 8.586  ; 8.891  ; 8.985  ;
; a[56]      ; f[58]       ; 7.749  ; 7.823  ; 8.028  ; 8.131  ;
; a[56]      ; f[59]       ; 9.321  ; 9.316  ; 9.608  ; 9.595  ;
; a[57]      ; f[57]       ; 7.907  ; 7.980  ; 8.254  ; 8.342  ;
; a[57]      ; f[58]       ; 7.514  ; 7.588  ; 7.827  ; 7.930  ;
; a[57]      ; f[59]       ; 9.086  ; 9.081  ; 9.407  ; 9.394  ;
; a[58]      ; f[58]       ; 6.711  ; 6.786  ; 7.094  ; 7.183  ;
; a[58]      ; f[59]       ; 8.261  ; 8.256  ; 8.649  ; 8.636  ;
; a[59]      ; f[16]       ; 9.480  ; 9.626  ; 9.857  ; 9.956  ;
; a[59]      ; f[17]       ; 9.534  ; 9.593  ; 9.964  ; 10.030 ;
; a[59]      ; f[18]       ; 9.837  ; 9.932  ; 10.180 ; 10.239 ;
; a[59]      ; f[19]       ; 11.823 ; 11.900 ; 12.269 ; 12.353 ;
; a[59]      ; f[32]       ; 9.835  ; 9.948  ; 10.166 ; 10.308 ;
; a[59]      ; f[33]       ; 9.519  ; 9.547  ; 9.939  ; 9.982  ;
; a[59]      ; f[34]       ; 10.105 ; 10.220 ; 10.404 ; 10.505 ;
; a[59]      ; f[35]       ; 10.694 ; 10.810 ; 10.965 ; 11.034 ;
; a[59]      ; f[48]       ; 10.245 ; 10.319 ; 10.535 ; 10.638 ;
; a[59]      ; f[49]       ; 10.367 ; 10.430 ; 10.658 ; 10.769 ;
; a[59]      ; f[50]       ; 10.518 ; 10.627 ; 10.807 ; 10.908 ;
; a[59]      ; f[51]       ; 11.431 ; 11.515 ; 11.647 ; 11.717 ;
; a[59]      ; f[52]       ; 9.504  ; 9.576  ; 9.841  ; 9.943  ;
; a[59]      ; f[53]       ; 10.100 ; 10.172 ; 10.449 ; 10.474 ;
; a[59]      ; f[54]       ; 10.281 ; 10.285 ; 10.561 ; 10.594 ;
; a[59]      ; f[55]       ; 10.913 ; 10.886 ; 11.201 ; 11.203 ;
; a[59]      ; f[56]       ; 9.324  ; 9.409  ; 9.627  ; 9.708  ;
; a[59]      ; f[57]       ; 10.373 ; 10.442 ; 10.725 ; 10.819 ;
; a[59]      ; f[58]       ; 9.693  ; 9.767  ; 9.956  ; 10.059 ;
; a[59]      ; f[59]       ; 11.265 ; 11.260 ; 11.536 ; 11.523 ;
; a[59]      ; f[60]       ; 6.721  ; 6.812  ; 7.095  ; 7.178  ;
; a[59]      ; f[61]       ; 7.159  ; 7.220  ; 7.504  ; 7.594  ;
; a[59]      ; f[62]       ; 7.034  ; 7.124  ; 7.409  ; 7.491  ;
; a[59]      ; f[63]       ; 7.977  ; 7.921  ; 8.342  ; 8.250  ;
; a[60]      ; f[60]       ; 6.719  ; 6.776  ; 7.052  ; 7.123  ;
; a[60]      ; f[61]       ; 7.166  ; 7.227  ; 7.465  ; 7.555  ;
; a[60]      ; f[62]       ; 7.326  ; 7.416  ; 7.620  ; 7.702  ;
; a[60]      ; f[63]       ; 8.269  ; 8.213  ; 8.553  ; 8.461  ;
; a[61]      ; f[61]       ; 6.696  ; 6.753  ; 7.030  ; 7.134  ;
; a[61]      ; f[62]       ; 7.519  ; 7.609  ; 7.831  ; 7.913  ;
; a[61]      ; f[63]       ; 8.462  ; 8.406  ; 8.764  ; 8.672  ;
; a[62]      ; f[62]       ; 6.351  ; 6.411  ; 6.731  ; 6.795  ;
; a[62]      ; f[63]       ; 7.328  ; 7.272  ; 7.740  ; 7.648  ;
; a[63]      ; f[16]       ; 10.160 ; 10.306 ; 10.503 ; 10.602 ;
; a[63]      ; f[17]       ; 10.486 ; 10.545 ; 10.876 ; 10.942 ;
; a[63]      ; f[18]       ; 10.517 ; 10.612 ; 10.826 ; 10.885 ;
; a[63]      ; f[19]       ; 12.503 ; 12.580 ; 12.915 ; 12.999 ;
; a[63]      ; f[32]       ; 10.681 ; 10.794 ; 10.988 ; 11.130 ;
; a[63]      ; f[33]       ; 10.471 ; 10.499 ; 10.851 ; 10.894 ;
; a[63]      ; f[34]       ; 10.951 ; 11.066 ; 11.226 ; 11.327 ;
; a[63]      ; f[35]       ; 11.540 ; 11.656 ; 11.787 ; 11.856 ;
; a[63]      ; f[48]       ; 10.333 ; 10.407 ; 10.691 ; 10.794 ;
; a[63]      ; f[49]       ; 10.455 ; 10.518 ; 10.814 ; 10.925 ;
; a[63]      ; f[50]       ; 10.606 ; 10.715 ; 10.963 ; 11.064 ;
; a[63]      ; f[51]       ; 11.519 ; 11.603 ; 11.803 ; 11.873 ;
; a[63]      ; f[52]       ; 9.242  ; 9.314  ; 9.594  ; 9.696  ;
; a[63]      ; f[53]       ; 9.838  ; 9.910  ; 10.202 ; 10.227 ;
; a[63]      ; f[54]       ; 10.019 ; 10.023 ; 10.314 ; 10.347 ;
; a[63]      ; f[55]       ; 10.651 ; 10.624 ; 10.954 ; 10.956 ;
; a[63]      ; f[56]       ; 9.413  ; 9.498  ; 9.786  ; 9.867  ;
; a[63]      ; f[57]       ; 10.462 ; 10.531 ; 10.884 ; 10.978 ;
; a[63]      ; f[58]       ; 9.782  ; 9.856  ; 10.115 ; 10.218 ;
; a[63]      ; f[59]       ; 11.354 ; 11.349 ; 11.695 ; 11.682 ;
; a[63]      ; f[63]       ; 7.096  ; 7.044  ; 7.478  ; 7.379  ;
; b[0]       ; f[0]        ; 6.998  ; 6.942  ; 7.390  ; 7.315  ;
; b[0]       ; f[1]        ; 7.145  ; 7.208  ; 7.527  ; 7.582  ;
; b[0]       ; f[2]        ; 8.262  ; 8.314  ; 8.591  ; 8.639  ;
; b[0]       ; f[3]        ; 8.484  ; 8.453  ; 8.857  ; 8.812  ;
; b[1]       ; f[1]        ; 6.678  ; 6.717  ; 7.053  ; 7.081  ;
; b[1]       ; f[2]        ; 7.854  ; 7.906  ; 8.183  ; 8.235  ;
; b[1]       ; f[3]        ; 8.099  ; 8.054  ; 8.420  ; 8.375  ;
; b[2]       ; f[2]        ; 6.696  ; 6.739  ; 6.988  ; 7.060  ;
; b[2]       ; f[3]        ; 7.232  ; 7.187  ; 7.589  ; 7.544  ;
; b[3]       ; f[3]        ; 6.980  ; 6.950  ; 7.316  ; 7.257  ;
; b[3]       ; f[4]        ; 8.795  ; 8.884  ; 9.120  ; 9.180  ;
; b[3]       ; f[5]        ; 9.353  ; 9.452  ; 9.708  ; 9.785  ;
; b[3]       ; f[6]        ; 9.585  ; 9.668  ; 9.942  ; 10.033 ;
; b[3]       ; f[7]        ; 10.840 ; 10.775 ; 11.216 ; 11.155 ;
; b[3]       ; f[8]        ; 10.473 ; 10.591 ; 10.792 ; 10.881 ;
; b[3]       ; f[9]        ; 10.687 ; 10.785 ; 11.067 ; 11.136 ;
; b[3]       ; f[10]       ; 10.723 ; 10.793 ; 11.057 ; 11.141 ;
; b[3]       ; f[11]       ; 13.911 ; 13.778 ; 14.236 ; 14.150 ;
; b[3]       ; f[12]       ; 8.819  ; 8.908  ; 9.146  ; 9.206  ;
; b[3]       ; f[13]       ; 9.513  ; 9.590  ; 9.805  ; 9.890  ;
; b[3]       ; f[14]       ; 10.005 ; 9.979  ; 10.325 ; 10.307 ;
; b[3]       ; f[15]       ; 10.694 ; 10.654 ; 11.040 ; 11.035 ;
; b[3]       ; f[16]       ; 11.944 ; 12.043 ; 12.202 ; 12.348 ;
; b[3]       ; f[17]       ; 11.870 ; 11.936 ; 12.124 ; 12.190 ;
; b[3]       ; f[18]       ; 12.267 ; 12.326 ; 12.559 ; 12.654 ;
; b[3]       ; f[19]       ; 14.356 ; 14.440 ; 14.610 ; 14.694 ;
; b[3]       ; f[32]       ; 10.828 ; 10.941 ; 11.164 ; 11.306 ;
; b[3]       ; f[33]       ; 10.284 ; 10.323 ; 10.667 ; 10.710 ;
; b[3]       ; f[34]       ; 11.098 ; 11.213 ; 11.402 ; 11.515 ;
; b[3]       ; f[35]       ; 11.687 ; 11.803 ; 11.989 ; 12.105 ;
; b[3]       ; f[48]       ; 10.567 ; 10.670 ; 10.874 ; 10.948 ;
; b[3]       ; f[49]       ; 10.832 ; 10.943 ; 11.101 ; 11.197 ;
; b[3]       ; f[50]       ; 10.839 ; 10.940 ; 11.147 ; 11.256 ;
; b[3]       ; f[51]       ; 11.679 ; 11.763 ; 12.060 ; 12.144 ;
; b[4]       ; f[4]        ; 6.509  ; 6.559  ; 6.838  ; 6.888  ;
; b[4]       ; f[5]        ; 6.821  ; 6.898  ; 7.160  ; 7.237  ;
; b[4]       ; f[6]        ; 7.295  ; 7.386  ; 7.632  ; 7.723  ;
; b[4]       ; f[7]        ; 8.569  ; 8.508  ; 8.906  ; 8.845  ;
; b[5]       ; f[5]        ; 6.611  ; 6.684  ; 6.998  ; 7.069  ;
; b[5]       ; f[6]        ; 7.503  ; 7.586  ; 7.852  ; 7.943  ;
; b[5]       ; f[7]        ; 8.758  ; 8.693  ; 9.126  ; 9.065  ;
; b[6]       ; f[6]        ; 6.940  ; 7.011  ; 7.260  ; 7.331  ;
; b[6]       ; f[7]        ; 7.925  ; 7.860  ; 8.245  ; 8.180  ;
; b[7]       ; f[4]        ; 8.218  ; 8.278  ; 8.554  ; 8.614  ;
; b[7]       ; f[5]        ; 8.806  ; 8.883  ; 9.142  ; 9.219  ;
; b[7]       ; f[6]        ; 9.040  ; 9.131  ; 9.376  ; 9.467  ;
; b[7]       ; f[7]        ; 10.314 ; 10.253 ; 10.650 ; 10.589 ;
; b[7]       ; f[8]        ; 10.431 ; 10.536 ; 10.767 ; 10.864 ;
; b[7]       ; f[9]        ; 10.706 ; 10.775 ; 11.042 ; 11.111 ;
; b[7]       ; f[10]       ; 10.696 ; 10.780 ; 11.032 ; 11.116 ;
; b[7]       ; f[11]       ; 13.875 ; 13.789 ; 14.211 ; 14.125 ;
; b[7]       ; f[12]       ; 8.598  ; 8.658  ; 8.934  ; 8.994  ;
; b[7]       ; f[13]       ; 9.257  ; 9.342  ; 9.593  ; 9.678  ;
; b[7]       ; f[14]       ; 9.777  ; 9.759  ; 10.113 ; 10.095 ;
; b[7]       ; f[15]       ; 10.492 ; 10.487 ; 10.828 ; 10.823 ;
; b[7]       ; f[16]       ; 11.593 ; 11.692 ; 11.921 ; 12.020 ;
; b[7]       ; f[17]       ; 11.519 ; 11.585 ; 11.847 ; 11.913 ;
; b[7]       ; f[18]       ; 11.916 ; 11.975 ; 12.244 ; 12.308 ;
; b[7]       ; f[19]       ; 14.005 ; 14.089 ; 14.333 ; 14.417 ;
; b[7]       ; f[32]       ; 10.526 ; 10.639 ; 10.862 ; 10.975 ;
; b[7]       ; f[33]       ; 9.982  ; 10.016 ; 10.318 ; 10.346 ;
; b[7]       ; f[34]       ; 10.796 ; 10.911 ; 11.132 ; 11.247 ;
; b[7]       ; f[35]       ; 11.385 ; 11.501 ; 11.721 ; 11.837 ;
; b[7]       ; f[48]       ; 10.161 ; 10.242 ; 10.497 ; 10.571 ;
; b[7]       ; f[49]       ; 10.481 ; 10.592 ; 10.809 ; 10.920 ;
; b[7]       ; f[50]       ; 10.434 ; 10.543 ; 10.770 ; 10.879 ;
; b[7]       ; f[51]       ; 11.347 ; 11.431 ; 11.683 ; 11.767 ;
; b[8]       ; f[8]        ; 7.217  ; 7.349  ; 7.544  ; 7.635  ;
; b[8]       ; f[9]        ; 7.221  ; 7.290  ; 7.524  ; 7.621  ;
; b[8]       ; f[10]       ; 7.739  ; 7.823  ; 8.042  ; 8.126  ;
; b[8]       ; f[11]       ; 10.918 ; 10.832 ; 11.221 ; 11.135 ;
; b[9]       ; f[9]        ; 6.762  ; 6.846  ; 7.130  ; 7.214  ;
; b[9]       ; f[10]       ; 7.794  ; 7.878  ; 8.132  ; 8.216  ;
; b[9]       ; f[11]       ; 10.973 ; 10.887 ; 11.311 ; 11.225 ;
; b[10]      ; f[10]       ; 6.744  ; 6.836  ; 7.090  ; 7.159  ;
; b[10]      ; f[11]       ; 10.046 ; 9.959  ; 10.392 ; 10.275 ;
; b[11]      ; f[4]        ; 8.635  ; 8.695  ; 8.951  ; 9.011  ;
; b[11]      ; f[5]        ; 9.223  ; 9.300  ; 9.539  ; 9.616  ;
; b[11]      ; f[6]        ; 9.457  ; 9.548  ; 9.773  ; 9.864  ;
; b[11]      ; f[7]        ; 10.731 ; 10.670 ; 11.047 ; 10.986 ;
; b[11]      ; f[8]        ; 10.435 ; 10.524 ; 10.751 ; 10.840 ;
; b[11]      ; f[9]        ; 10.710 ; 10.779 ; 11.026 ; 11.095 ;
; b[11]      ; f[10]       ; 10.700 ; 10.784 ; 11.016 ; 11.100 ;
; b[11]      ; f[11]       ; 13.879 ; 13.793 ; 14.195 ; 14.109 ;
; b[11]      ; f[12]       ; 8.525  ; 8.585  ; 8.850  ; 8.910  ;
; b[11]      ; f[13]       ; 9.189  ; 9.269  ; 9.509  ; 9.594  ;
; b[11]      ; f[14]       ; 9.704  ; 9.686  ; 10.029 ; 10.011 ;
; b[11]      ; f[15]       ; 10.419 ; 10.414 ; 10.744 ; 10.739 ;
; b[11]      ; f[16]       ; 11.576 ; 11.675 ; 11.884 ; 11.986 ;
; b[11]      ; f[17]       ; 11.502 ; 11.568 ; 11.810 ; 11.876 ;
; b[11]      ; f[18]       ; 11.899 ; 11.976 ; 12.207 ; 12.292 ;
; b[11]      ; f[19]       ; 13.988 ; 14.072 ; 14.296 ; 14.380 ;
; b[11]      ; f[32]       ; 10.436 ; 10.549 ; 10.761 ; 10.874 ;
; b[11]      ; f[33]       ; 9.897  ; 9.940  ; 10.217 ; 10.257 ;
; b[11]      ; f[34]       ; 10.706 ; 10.821 ; 11.031 ; 11.146 ;
; b[11]      ; f[35]       ; 11.295 ; 11.411 ; 11.620 ; 11.736 ;
; b[11]      ; f[48]       ; 10.182 ; 10.256 ; 10.498 ; 10.572 ;
; b[11]      ; f[49]       ; 10.464 ; 10.575 ; 10.772 ; 10.883 ;
; b[11]      ; f[50]       ; 10.455 ; 10.564 ; 10.771 ; 10.880 ;
; b[11]      ; f[51]       ; 11.368 ; 11.452 ; 11.684 ; 11.768 ;
; b[12]      ; f[12]       ; 6.726  ; 6.801  ; 7.072  ; 7.147  ;
; b[12]      ; f[13]       ; 7.280  ; 7.357  ; 7.626  ; 7.703  ;
; b[12]      ; f[14]       ; 8.068  ; 8.042  ; 8.412  ; 8.386  ;
; b[12]      ; f[15]       ; 8.757  ; 8.744  ; 9.101  ; 9.070  ;
; b[13]      ; f[13]       ; 7.398  ; 7.463  ; 7.725  ; 7.790  ;
; b[13]      ; f[14]       ; 8.573  ; 8.547  ; 8.900  ; 8.874  ;
; b[13]      ; f[15]       ; 9.262  ; 9.249  ; 9.589  ; 9.558  ;
; b[14]      ; f[14]       ; 7.970  ; 7.926  ; 8.306  ; 8.262  ;
; b[14]      ; f[15]       ; 8.659  ; 8.607  ; 8.995  ; 8.943  ;
; b[15]      ; f[4]        ; 8.571  ; 8.631  ; 8.886  ; 8.946  ;
; b[15]      ; f[5]        ; 9.159  ; 9.236  ; 9.474  ; 9.551  ;
; b[15]      ; f[6]        ; 9.393  ; 9.484  ; 9.708  ; 9.799  ;
; b[15]      ; f[7]        ; 10.667 ; 10.606 ; 10.982 ; 10.921 ;
; b[15]      ; f[8]        ; 10.487 ; 10.583 ; 10.801 ; 10.890 ;
; b[15]      ; f[9]        ; 10.762 ; 10.831 ; 11.076 ; 11.145 ;
; b[15]      ; f[10]       ; 10.752 ; 10.836 ; 11.066 ; 11.150 ;
; b[15]      ; f[11]       ; 13.931 ; 13.845 ; 14.245 ; 14.159 ;
; b[15]      ; f[15]       ; 7.932  ; 7.923  ; 8.246  ; 8.237  ;
; b[15]      ; f[16]       ; 11.680 ; 11.794 ; 11.986 ; 12.108 ;
; b[15]      ; f[17]       ; 11.606 ; 11.672 ; 11.912 ; 11.978 ;
; b[15]      ; f[18]       ; 12.005 ; 12.100 ; 12.319 ; 12.414 ;
; b[15]      ; f[19]       ; 14.092 ; 14.176 ; 14.398 ; 14.482 ;
; b[15]      ; f[32]       ; 10.623 ; 10.736 ; 10.938 ; 11.051 ;
; b[15]      ; f[33]       ; 10.079 ; 10.122 ; 10.394 ; 10.429 ;
; b[15]      ; f[34]       ; 10.893 ; 11.008 ; 11.208 ; 11.323 ;
; b[15]      ; f[35]       ; 11.482 ; 11.598 ; 11.797 ; 11.913 ;
; b[15]      ; f[48]       ; 10.320 ; 10.406 ; 10.634 ; 10.712 ;
; b[15]      ; f[49]       ; 10.568 ; 10.679 ; 10.874 ; 10.985 ;
; b[15]      ; f[50]       ; 10.593 ; 10.702 ; 10.907 ; 11.016 ;
; b[15]      ; f[51]       ; 11.506 ; 11.590 ; 11.820 ; 11.904 ;
; b[16]      ; f[16]       ; 7.690  ; 7.829  ; 8.035  ; 8.174  ;
; b[16]      ; f[17]       ; 8.179  ; 8.245  ; 8.555  ; 8.621  ;
; b[16]      ; f[18]       ; 8.454  ; 8.549  ; 8.780  ; 8.864  ;
; b[16]      ; f[19]       ; 10.524 ; 10.608 ; 10.869 ; 10.953 ;
; b[17]      ; f[17]       ; 7.562  ; 7.629  ; 7.917  ; 8.011  ;
; b[17]      ; f[18]       ; 8.614  ; 8.709  ; 9.006  ; 9.087  ;
; b[17]      ; f[19]       ; 10.697 ; 10.781 ; 11.095 ; 11.179 ;
; b[18]      ; f[18]       ; 7.450  ; 7.520  ; 7.842  ; 7.901  ;
; b[18]      ; f[19]       ; 9.539  ; 9.623  ; 9.931  ; 10.015 ;
; b[19]      ; f[16]       ; 12.869 ; 13.004 ; 13.239 ; 13.344 ;
; b[19]      ; f[17]       ; 12.795 ; 12.861 ; 13.165 ; 13.231 ;
; b[19]      ; f[18]       ; 13.215 ; 13.310 ; 13.562 ; 13.650 ;
; b[19]      ; f[19]       ; 15.281 ; 15.365 ; 15.651 ; 15.735 ;
; b[19]      ; f[20]       ; 10.588 ; 10.688 ; 10.922 ; 11.022 ;
; b[19]      ; f[21]       ; 10.544 ; 10.605 ; 10.878 ; 10.939 ;
; b[19]      ; f[22]       ; 11.411 ; 11.479 ; 11.745 ; 11.813 ;
; b[19]      ; f[23]       ; 12.780 ; 12.667 ; 13.114 ; 13.001 ;
; b[19]      ; f[24]       ; 12.793 ; 12.874 ; 13.127 ; 13.208 ;
; b[19]      ; f[25]       ; 13.162 ; 13.243 ; 13.496 ; 13.577 ;
; b[19]      ; f[26]       ; 14.332 ; 14.351 ; 14.666 ; 14.685 ;
; b[19]      ; f[27]       ; 16.197 ; 16.104 ; 16.531 ; 16.438 ;
; b[19]      ; f[28]       ; 10.685 ; 10.712 ; 11.019 ; 11.046 ;
; b[19]      ; f[29]       ; 11.054 ; 11.152 ; 11.388 ; 11.486 ;
; b[19]      ; f[30]       ; 12.347 ; 12.343 ; 12.681 ; 12.677 ;
; b[19]      ; f[31]       ; 11.603 ; 11.502 ; 11.937 ; 11.836 ;
; b[19]      ; f[48]       ; 11.530 ; 11.604 ; 11.870 ; 11.965 ;
; b[19]      ; f[49]       ; 11.757 ; 11.868 ; 12.127 ; 12.238 ;
; b[19]      ; f[50]       ; 11.803 ; 11.912 ; 12.143 ; 12.252 ;
; b[19]      ; f[51]       ; 12.716 ; 12.800 ; 13.056 ; 13.140 ;
; b[20]      ; f[20]       ; 7.242  ; 7.349  ; 7.595  ; 7.702  ;
; b[20]      ; f[21]       ; 8.134  ; 8.202  ; 8.467  ; 8.535  ;
; b[20]      ; f[22]       ; 8.868  ; 8.950  ; 9.201  ; 9.283  ;
; b[20]      ; f[23]       ; 10.241 ; 10.175 ; 10.574 ; 10.508 ;
; b[21]      ; f[21]       ; 6.653  ; 6.725  ; 6.970  ; 7.034  ;
; b[21]      ; f[22]       ; 8.021  ; 8.103  ; 8.334  ; 8.416  ;
; b[21]      ; f[23]       ; 9.394  ; 9.328  ; 9.707  ; 9.641  ;
; b[22]      ; f[22]       ; 6.682  ; 6.776  ; 7.046  ; 7.148  ;
; b[22]      ; f[23]       ; 8.062  ; 7.996  ; 8.415  ; 8.302  ;
; b[23]      ; f[16]       ; 11.053 ; 11.152 ; 11.395 ; 11.494 ;
; b[23]      ; f[17]       ; 10.979 ; 11.045 ; 11.321 ; 11.387 ;
; b[23]      ; f[18]       ; 11.376 ; 11.439 ; 11.718 ; 11.789 ;
; b[23]      ; f[19]       ; 13.465 ; 13.549 ; 13.807 ; 13.891 ;
; b[23]      ; f[20]       ; 7.745  ; 7.834  ; 8.096  ; 8.177  ;
; b[23]      ; f[21]       ; 8.115  ; 8.176  ; 8.458  ; 8.519  ;
; b[23]      ; f[22]       ; 8.982  ; 9.050  ; 9.325  ; 9.393  ;
; b[23]      ; f[23]       ; 10.351 ; 10.252 ; 10.694 ; 10.603 ;
; b[23]      ; f[24]       ; 10.364 ; 10.445 ; 10.707 ; 10.788 ;
; b[23]      ; f[25]       ; 10.733 ; 10.814 ; 11.076 ; 11.157 ;
; b[23]      ; f[26]       ; 11.903 ; 11.922 ; 12.246 ; 12.265 ;
; b[23]      ; f[27]       ; 13.768 ; 13.675 ; 14.111 ; 14.018 ;
; b[23]      ; f[28]       ; 7.960  ; 8.003  ; 8.302  ; 8.353  ;
; b[23]      ; f[29]       ; 8.356  ; 8.462  ; 8.706  ; 8.812  ;
; b[23]      ; f[30]       ; 9.622  ; 9.618  ; 9.964  ; 9.960  ;
; b[23]      ; f[31]       ; 8.878  ; 8.777  ; 9.220  ; 9.119  ;
; b[23]      ; f[48]       ; 10.096 ; 10.199 ; 10.446 ; 10.541 ;
; b[23]      ; f[49]       ; 9.941  ; 10.052 ; 10.283 ; 10.394 ;
; b[23]      ; f[50]       ; 10.369 ; 10.478 ; 10.719 ; 10.828 ;
; b[23]      ; f[51]       ; 11.282 ; 11.366 ; 11.632 ; 11.716 ;
; b[24]      ; f[24]       ; 6.590  ; 6.659  ; 6.884  ; 6.939  ;
; b[24]      ; f[25]       ; 6.962  ; 7.043  ; 7.292  ; 7.344  ;
; b[24]      ; f[26]       ; 8.508  ; 8.527  ; 8.868  ; 8.858  ;
; b[24]      ; f[27]       ; 10.373 ; 10.280 ; 10.700 ; 10.578 ;
; b[25]      ; f[25]       ; 6.716  ; 6.783  ; 7.049  ; 7.116  ;
; b[25]      ; f[26]       ; 8.764  ; 8.783  ; 9.110  ; 9.100  ;
; b[25]      ; f[27]       ; 10.629 ; 10.536 ; 10.942 ; 10.820 ;
; b[26]      ; f[26]       ; 7.748  ; 7.781  ; 8.065  ; 8.056  ;
; b[26]      ; f[27]       ; 9.627  ; 9.534  ; 9.902  ; 9.809  ;
; b[27]      ; f[16]       ; 10.723 ; 10.833 ; 11.019 ; 11.137 ;
; b[27]      ; f[17]       ; 10.649 ; 10.715 ; 10.945 ; 11.011 ;
; b[27]      ; f[18]       ; 11.046 ; 11.139 ; 11.348 ; 11.443 ;
; b[27]      ; f[19]       ; 13.135 ; 13.219 ; 13.431 ; 13.515 ;
; b[27]      ; f[20]       ; 7.547  ; 7.638  ; 7.853  ; 7.936  ;
; b[27]      ; f[21]       ; 7.995  ; 8.056  ; 8.293  ; 8.354  ;
; b[27]      ; f[22]       ; 8.862  ; 8.930  ; 9.160  ; 9.228  ;
; b[27]      ; f[23]       ; 10.231 ; 10.135 ; 10.529 ; 10.441 ;
; b[27]      ; f[24]       ; 10.244 ; 10.325 ; 10.542 ; 10.623 ;
; b[27]      ; f[25]       ; 10.613 ; 10.694 ; 10.911 ; 10.992 ;
; b[27]      ; f[26]       ; 11.783 ; 11.802 ; 12.081 ; 12.100 ;
; b[27]      ; f[27]       ; 13.648 ; 13.555 ; 13.946 ; 13.853 ;
; b[27]      ; f[28]       ; 7.432  ; 7.459  ; 7.728  ; 7.757  ;
; b[27]      ; f[29]       ; 7.806  ; 7.912  ; 8.110  ; 8.216  ;
; b[27]      ; f[30]       ; 9.094  ; 9.090  ; 9.390  ; 9.386  ;
; b[27]      ; f[31]       ; 8.350  ; 8.249  ; 8.646  ; 8.545  ;
; b[27]      ; f[48]       ; 9.797  ; 9.871  ; 10.101 ; 10.175 ;
; b[27]      ; f[49]       ; 9.611  ; 9.722  ; 9.907  ; 10.018 ;
; b[27]      ; f[50]       ; 10.070 ; 10.179 ; 10.374 ; 10.483 ;
; b[27]      ; f[51]       ; 10.983 ; 11.067 ; 11.287 ; 11.371 ;
; b[28]      ; f[28]       ; 7.394  ; 7.447  ; 7.778  ; 7.845  ;
; b[28]      ; f[29]       ; 7.796  ; 7.902  ; 8.178  ; 8.276  ;
; b[28]      ; f[30]       ; 8.936  ; 8.932  ; 9.307  ; 9.303  ;
; b[28]      ; f[31]       ; 8.192  ; 8.091  ; 8.563  ; 8.462  ;
; b[29]      ; f[29]       ; 7.159  ; 7.243  ; 7.499  ; 7.585  ;
; b[29]      ; f[30]       ; 8.801  ; 8.805  ; 9.139  ; 9.135  ;
; b[29]      ; f[31]       ; 8.062  ; 7.969  ; 8.395  ; 8.294  ;
; b[30]      ; f[30]       ; 8.069  ; 8.051  ; 8.469  ; 8.438  ;
; b[30]      ; f[31]       ; 7.465  ; 7.364  ; 7.865  ; 7.764  ;
; b[31]      ; f[16]       ; 11.634 ; 11.733 ; 11.911 ; 12.045 ;
; b[31]      ; f[17]       ; 11.560 ; 11.626 ; 11.837 ; 11.903 ;
; b[31]      ; f[18]       ; 11.957 ; 12.016 ; 12.256 ; 12.351 ;
; b[31]      ; f[19]       ; 14.046 ; 14.130 ; 14.323 ; 14.407 ;
; b[31]      ; f[20]       ; 7.688  ; 7.788  ; 8.025  ; 8.103  ;
; b[31]      ; f[21]       ; 8.156  ; 8.217  ; 8.458  ; 8.494  ;
; b[31]      ; f[22]       ; 9.023  ; 9.091  ; 9.339  ; 9.421  ;
; b[31]      ; f[23]       ; 10.392 ; 10.285 ; 10.712 ; 10.646 ;
; b[31]      ; f[24]       ; 10.405 ; 10.486 ; 10.703 ; 10.792 ;
; b[31]      ; f[25]       ; 10.774 ; 10.855 ; 11.104 ; 11.156 ;
; b[31]      ; f[26]       ; 11.944 ; 11.963 ; 12.274 ; 12.264 ;
; b[31]      ; f[27]       ; 13.809 ; 13.716 ; 14.106 ; 13.993 ;
; b[31]      ; f[31]       ; 7.597  ; 7.495  ; 7.913  ; 7.847  ;
; b[31]      ; f[48]       ; 10.257 ; 10.360 ; 10.571 ; 10.645 ;
; b[31]      ; f[49]       ; 10.522 ; 10.633 ; 10.799 ; 10.910 ;
; b[31]      ; f[50]       ; 10.529 ; 10.630 ; 10.844 ; 10.953 ;
; b[31]      ; f[51]       ; 11.396 ; 11.480 ; 11.757 ; 11.841 ;
; b[32]      ; f[32]       ; 8.098  ; 8.220  ; 8.447  ; 8.569  ;
; b[32]      ; f[33]       ; 8.020  ; 8.063  ; 8.369  ; 8.412  ;
; b[32]      ; f[34]       ; 8.777  ; 8.892  ; 9.083  ; 9.198  ;
; b[32]      ; f[35]       ; 9.366  ; 9.482  ; 9.672  ; 9.788  ;
; b[33]      ; f[33]       ; 5.641  ; 5.690  ; 5.730  ; 5.754  ;
; b[33]      ; f[34]       ; 6.993  ; 7.094  ; 7.142  ; 7.257  ;
; b[33]      ; f[35]       ; 7.554  ; 7.669  ; 7.731  ; 7.847  ;
; b[34]      ; f[34]       ; 7.660  ; 7.787  ; 7.973  ; 8.108  ;
; b[34]      ; f[35]       ; 8.252  ; 8.368  ; 8.583  ; 8.653  ;
; b[35]      ; f[16]       ; 9.731  ; 9.832  ; 10.091 ; 10.203 ;
; b[35]      ; f[17]       ; 10.104 ; 10.170 ; 10.464 ; 10.530 ;
; b[35]      ; f[18]       ; 10.054 ; 10.138 ; 10.414 ; 10.509 ;
; b[35]      ; f[19]       ; 12.143 ; 12.227 ; 12.503 ; 12.587 ;
; b[35]      ; f[32]       ; 10.216 ; 10.358 ; 10.578 ; 10.718 ;
; b[35]      ; f[33]       ; 10.079 ; 10.122 ; 10.439 ; 10.482 ;
; b[35]      ; f[34]       ; 10.477 ; 10.592 ; 10.848 ; 10.963 ;
; b[35]      ; f[35]       ; 11.066 ; 11.182 ; 11.437 ; 11.553 ;
; b[35]      ; f[36]       ; 8.228  ; 8.258  ; 8.599  ; 8.629  ;
; b[35]      ; f[37]       ; 8.153  ; 8.217  ; 8.524  ; 8.588  ;
; b[35]      ; f[38]       ; 8.889  ; 8.959  ; 9.260  ; 9.330  ;
; b[35]      ; f[39]       ; 10.065 ; 10.008 ; 10.436 ; 10.379 ;
; b[35]      ; f[40]       ; 9.407  ; 9.490  ; 9.778  ; 9.850  ;
; b[35]      ; f[41]       ; 9.840  ; 9.898  ; 10.211 ; 10.267 ;
; b[35]      ; f[42]       ; 9.928  ; 9.996  ; 10.299 ; 10.367 ;
; b[35]      ; f[43]       ; 10.299 ; 10.212 ; 10.659 ; 10.583 ;
; b[35]      ; f[44]       ; 9.856  ; 9.911  ; 10.227 ; 10.282 ;
; b[35]      ; f[45]       ; 10.399 ; 10.490 ; 10.770 ; 10.861 ;
; b[35]      ; f[46]       ; 10.307 ; 10.367 ; 10.678 ; 10.738 ;
; b[35]      ; f[47]       ; 11.042 ; 10.970 ; 11.410 ; 11.341 ;
; b[36]      ; f[36]       ; 5.518  ; 5.545  ; 5.765  ; 5.785  ;
; b[36]      ; f[37]       ; 5.892  ; 5.948  ; 6.062  ; 6.126  ;
; b[36]      ; f[38]       ; 6.588  ; 6.622  ; 6.798  ; 6.868  ;
; b[36]      ; f[39]       ; 7.773  ; 7.680  ; 7.974  ; 7.917  ;
; b[37]      ; f[37]       ; 6.957  ; 7.029  ; 7.294  ; 7.326  ;
; b[37]      ; f[38]       ; 7.895  ; 7.939  ; 8.225  ; 8.295  ;
; b[37]      ; f[39]       ; 9.080  ; 8.988  ; 9.401  ; 9.344  ;
; b[38]      ; f[38]       ; 7.134  ; 7.211  ; 7.501  ; 7.533  ;
; b[38]      ; f[39]       ; 8.189  ; 8.101  ; 8.600  ; 8.507  ;
; b[39]      ; f[16]       ; 9.951  ; 10.097 ; 10.277 ; 10.422 ;
; b[39]      ; f[17]       ; 10.030 ; 10.096 ; 10.384 ; 10.450 ;
; b[39]      ; f[18]       ; 10.308 ; 10.403 ; 10.633 ; 10.728 ;
; b[39]      ; f[19]       ; 12.335 ; 12.419 ; 12.689 ; 12.773 ;
; b[39]      ; f[32]       ; 10.306 ; 10.419 ; 10.631 ; 10.744 ;
; b[39]      ; f[33]       ; 10.005 ; 10.048 ; 10.359 ; 10.402 ;
; b[39]      ; f[34]       ; 10.576 ; 10.691 ; 10.901 ; 11.016 ;
; b[39]      ; f[35]       ; 11.165 ; 11.281 ; 11.490 ; 11.606 ;
; b[39]      ; f[36]       ; 7.892  ; 7.922  ; 8.217  ; 8.263  ;
; b[39]      ; f[37]       ; 8.126  ; 8.190  ; 8.466  ; 8.522  ;
; b[39]      ; f[38]       ; 8.862  ; 8.932  ; 9.187  ; 9.257  ;
; b[39]      ; f[39]       ; 10.038 ; 9.981  ; 10.363 ; 10.306 ;
; b[39]      ; f[40]       ; 10.138 ; 10.195 ; 10.463 ; 10.520 ;
; b[39]      ; f[41]       ; 10.571 ; 10.627 ; 10.896 ; 10.952 ;
; b[39]      ; f[42]       ; 10.659 ; 10.727 ; 10.984 ; 11.052 ;
; b[39]      ; f[43]       ; 11.004 ; 10.943 ; 11.329 ; 11.268 ;
; b[39]      ; f[44]       ; 8.906  ; 8.973  ; 9.250  ; 9.334  ;
; b[39]      ; f[45]       ; 9.449  ; 9.540  ; 9.798  ; 9.881  ;
; b[39]      ; f[46]       ; 9.357  ; 9.417  ; 9.698  ; 9.766  ;
; b[39]      ; f[47]       ; 10.111 ; 10.020 ; 10.472 ; 10.367 ;
; b[40]      ; f[40]       ; 6.802  ; 6.868  ; 7.140  ; 7.206  ;
; b[40]      ; f[41]       ; 7.211  ; 7.276  ; 7.529  ; 7.614  ;
; b[40]      ; f[42]       ; 7.958  ; 8.026  ; 8.244  ; 8.312  ;
; b[40]      ; f[43]       ; 8.303  ; 8.242  ; 8.614  ; 8.528  ;
; b[41]      ; f[41]       ; 6.837  ; 6.908  ; 7.174  ; 7.245  ;
; b[41]      ; f[42]       ; 7.866  ; 7.934  ; 8.173  ; 8.241  ;
; b[41]      ; f[43]       ; 8.211  ; 8.150  ; 8.540  ; 8.457  ;
; b[42]      ; f[42]       ; 6.609  ; 6.689  ; 6.982  ; 7.070  ;
; b[42]      ; f[43]       ; 7.497  ; 7.400  ; 7.882  ; 7.785  ;
; b[43]      ; f[16]       ; 10.717 ; 10.863 ; 11.040 ; 11.184 ;
; b[43]      ; f[17]       ; 10.771 ; 10.832 ; 11.147 ; 11.213 ;
; b[43]      ; f[18]       ; 11.074 ; 11.169 ; 11.395 ; 11.490 ;
; b[43]      ; f[19]       ; 13.071 ; 13.155 ; 13.452 ; 13.536 ;
; b[43]      ; f[32]       ; 11.072 ; 11.185 ; 11.393 ; 11.506 ;
; b[43]      ; f[33]       ; 10.756 ; 10.784 ; 11.122 ; 11.165 ;
; b[43]      ; f[34]       ; 11.342 ; 11.457 ; 11.663 ; 11.778 ;
; b[43]      ; f[35]       ; 11.931 ; 12.047 ; 12.252 ; 12.368 ;
; b[43]      ; f[36]       ; 9.230  ; 9.260  ; 9.559  ; 9.618  ;
; b[43]      ; f[37]       ; 9.880  ; 9.944  ; 10.252 ; 10.308 ;
; b[43]      ; f[38]       ; 10.616 ; 10.686 ; 10.948 ; 11.007 ;
; b[43]      ; f[39]       ; 11.792 ; 11.735 ; 12.133 ; 12.056 ;
; b[43]      ; f[40]       ; 11.892 ; 11.949 ; 12.213 ; 12.291 ;
; b[43]      ; f[41]       ; 12.325 ; 12.381 ; 12.646 ; 12.702 ;
; b[43]      ; f[42]       ; 12.413 ; 12.481 ; 12.734 ; 12.802 ;
; b[43]      ; f[43]       ; 12.758 ; 12.697 ; 13.100 ; 13.018 ;
; b[43]      ; f[44]       ; 10.668 ; 10.723 ; 11.018 ; 11.102 ;
; b[43]      ; f[45]       ; 11.211 ; 11.302 ; 11.566 ; 11.621 ;
; b[43]      ; f[46]       ; 11.119 ; 11.179 ; 11.445 ; 11.534 ;
; b[43]      ; f[47]       ; 11.851 ; 11.782 ; 12.240 ; 12.135 ;
; b[44]      ; f[44]       ; 6.476  ; 6.556  ; 6.808  ; 6.899  ;
; b[44]      ; f[45]       ; 7.021  ; 7.112  ; 7.363  ; 7.418  ;
; b[44]      ; f[46]       ; 7.448  ; 7.508  ; 7.742  ; 7.803  ;
; b[44]      ; f[47]       ; 8.180  ; 8.111  ; 8.509  ; 8.405  ;
; b[45]      ; f[45]       ; 6.480  ; 6.566  ; 6.842  ; 6.940  ;
; b[45]      ; f[46]       ; 7.443  ; 7.503  ; 7.764  ; 7.829  ;
; b[45]      ; f[47]       ; 8.175  ; 8.106  ; 8.535  ; 8.430  ;
; b[46]      ; f[46]       ; 6.351  ; 6.420  ; 6.676  ; 6.745  ;
; b[46]      ; f[47]       ; 7.132  ; 7.027  ; 7.457  ; 7.352  ;
; b[47]      ; f[16]       ; 10.704 ; 10.850 ; 11.064 ; 11.180 ;
; b[47]      ; f[17]       ; 11.077 ; 11.143 ; 11.437 ; 11.503 ;
; b[47]      ; f[18]       ; 11.061 ; 11.156 ; 11.391 ; 11.486 ;
; b[47]      ; f[19]       ; 13.116 ; 13.200 ; 13.476 ; 13.560 ;
; b[47]      ; f[32]       ; 11.225 ; 11.338 ; 11.555 ; 11.691 ;
; b[47]      ; f[33]       ; 11.052 ; 11.095 ; 11.412 ; 11.455 ;
; b[47]      ; f[34]       ; 11.495 ; 11.610 ; 11.825 ; 11.940 ;
; b[47]      ; f[35]       ; 12.084 ; 12.200 ; 12.414 ; 12.530 ;
; b[47]      ; f[36]       ; 9.491  ; 9.523  ; 9.825  ; 9.884  ;
; b[47]      ; f[37]       ; 9.853  ; 9.909  ; 10.214 ; 10.270 ;
; b[47]      ; f[38]       ; 10.553 ; 10.623 ; 10.910 ; 10.944 ;
; b[47]      ; f[39]       ; 11.734 ; 11.672 ; 12.095 ; 12.002 ;
; b[47]      ; f[40]       ; 11.829 ; 11.892 ; 12.167 ; 12.253 ;
; b[47]      ; f[41]       ; 12.262 ; 12.318 ; 12.576 ; 12.661 ;
; b[47]      ; f[42]       ; 12.350 ; 12.418 ; 12.681 ; 12.735 ;
; b[47]      ; f[43]       ; 12.701 ; 12.634 ; 13.062 ; 12.965 ;
; b[47]      ; f[47]       ; 7.071  ; 6.988  ; 7.432  ; 7.320  ;
; b[48]      ; f[48]       ; 6.552  ; 6.641  ; 6.906  ; 6.995  ;
; b[48]      ; f[49]       ; 7.130  ; 7.241  ; 7.484  ; 7.595  ;
; b[48]      ; f[50]       ; 7.199  ; 7.308  ; 7.523  ; 7.632  ;
; b[48]      ; f[51]       ; 8.112  ; 8.196  ; 8.436  ; 8.520  ;
; b[49]      ; f[49]       ; 6.453  ; 6.528  ; 6.807  ; 6.879  ;
; b[49]      ; f[50]       ; 7.304  ; 7.413  ; 7.628  ; 7.737  ;
; b[49]      ; f[51]       ; 8.217  ; 8.301  ; 8.541  ; 8.625  ;
; b[50]      ; f[50]       ; 6.898  ; 6.984  ; 7.288  ; 7.377  ;
; b[50]      ; f[51]       ; 7.292  ; 7.376  ; 7.665  ; 7.735  ;
; b[51]      ; f[16]       ; 10.240 ; 10.386 ; 10.620 ; 10.719 ;
; b[51]      ; f[17]       ; 10.596 ; 10.662 ; 10.993 ; 11.059 ;
; b[51]      ; f[18]       ; 10.597 ; 10.692 ; 10.943 ; 11.002 ;
; b[51]      ; f[19]       ; 12.635 ; 12.719 ; 13.032 ; 13.116 ;
; b[51]      ; f[32]       ; 10.761 ; 10.874 ; 11.105 ; 11.247 ;
; b[51]      ; f[33]       ; 10.571 ; 10.614 ; 10.968 ; 11.011 ;
; b[51]      ; f[34]       ; 11.031 ; 11.146 ; 11.343 ; 11.453 ;
; b[51]      ; f[35]       ; 11.620 ; 11.736 ; 11.927 ; 12.043 ;
; b[51]      ; f[48]       ; 11.069 ; 11.143 ; 11.406 ; 11.480 ;
; b[51]      ; f[49]       ; 11.191 ; 11.268 ; 11.528 ; 11.597 ;
; b[51]      ; f[50]       ; 11.342 ; 11.451 ; 11.679 ; 11.788 ;
; b[51]      ; f[51]       ; 12.255 ; 12.339 ; 12.592 ; 12.676 ;
; b[51]      ; f[52]       ; 7.877  ; 7.979  ; 8.208  ; 8.308  ;
; b[51]      ; f[53]       ; 8.485  ; 8.539  ; 8.814  ; 8.876  ;
; b[51]      ; f[54]       ; 8.648  ; 8.652  ; 8.985  ; 8.989  ;
; b[51]      ; f[55]       ; 9.280  ; 9.253  ; 9.617  ; 9.590  ;
; b[51]      ; f[56]       ; 10.139 ; 10.224 ; 10.476 ; 10.561 ;
; b[51]      ; f[57]       ; 11.226 ; 11.320 ; 11.555 ; 11.649 ;
; b[51]      ; f[58]       ; 10.508 ; 10.582 ; 10.845 ; 10.919 ;
; b[51]      ; f[59]       ; 12.080 ; 12.075 ; 12.417 ; 12.412 ;
; b[51]      ; f[60]       ; 8.919  ; 9.010  ; 9.256  ; 9.347  ;
; b[51]      ; f[61]       ; 9.357  ; 9.418  ; 9.694  ; 9.755  ;
; b[51]      ; f[62]       ; 9.232  ; 9.322  ; 9.569  ; 9.659  ;
; b[51]      ; f[63]       ; 10.175 ; 10.119 ; 10.512 ; 10.456 ;
; b[52]      ; f[52]       ; 6.804  ; 6.902  ; 7.162  ; 7.276  ;
; b[52]      ; f[53]       ; 7.152  ; 7.215  ; 7.526  ; 7.551  ;
; b[52]      ; f[54]       ; 7.611  ; 7.615  ; 7.937  ; 7.941  ;
; b[52]      ; f[55]       ; 8.243  ; 8.216  ; 8.569  ; 8.548  ;
; b[53]      ; f[53]       ; 6.913  ; 6.978  ; 7.243  ; 7.272  ;
; b[53]      ; f[54]       ; 7.715  ; 7.719  ; 8.039  ; 8.072  ;
; b[53]      ; f[55]       ; 8.347  ; 8.320  ; 8.679  ; 8.681  ;
; b[54]      ; f[54]       ; 6.661  ; 6.680  ; 7.016  ; 7.035  ;
; b[54]      ; f[55]       ; 7.289  ; 7.291  ; 7.644  ; 7.646  ;
; b[55]      ; f[16]       ; 10.745 ; 10.891 ; 11.103 ; 11.202 ;
; b[55]      ; f[17]       ; 10.828 ; 10.894 ; 11.210 ; 11.276 ;
; b[55]      ; f[18]       ; 11.102 ; 11.197 ; 11.426 ; 11.494 ;
; b[55]      ; f[19]       ; 13.133 ; 13.217 ; 13.515 ; 13.599 ;
; b[55]      ; f[32]       ; 11.100 ; 11.213 ; 11.412 ; 11.554 ;
; b[55]      ; f[33]       ; 10.803 ; 10.846 ; 11.185 ; 11.228 ;
; b[55]      ; f[34]       ; 11.370 ; 11.485 ; 11.667 ; 11.782 ;
; b[55]      ; f[35]       ; 11.959 ; 12.075 ; 12.256 ; 12.372 ;
; b[55]      ; f[48]       ; 10.400 ; 10.503 ; 10.729 ; 10.828 ;
; b[55]      ; f[49]       ; 10.523 ; 10.634 ; 10.851 ; 10.959 ;
; b[55]      ; f[50]       ; 10.672 ; 10.778 ; 11.002 ; 11.111 ;
; b[55]      ; f[51]       ; 11.582 ; 11.666 ; 11.915 ; 11.999 ;
; b[55]      ; f[52]       ; 7.707  ; 7.809  ; 8.032  ; 8.134  ;
; b[55]      ; f[53]       ; 8.315  ; 8.357  ; 8.640  ; 8.690  ;
; b[55]      ; f[54]       ; 8.466  ; 8.470  ; 8.799  ; 8.803  ;
; b[55]      ; f[55]       ; 9.098  ; 9.071  ; 9.431  ; 9.404  ;
; b[55]      ; f[56]       ; 9.494  ; 9.575  ; 9.819  ; 9.900  ;
; b[55]      ; f[57]       ; 10.592 ; 10.686 ; 10.917 ; 11.011 ;
; b[55]      ; f[58]       ; 9.845  ; 9.926  ; 10.178 ; 10.252 ;
; b[55]      ; f[59]       ; 11.417 ; 11.412 ; 11.750 ; 11.745 ;
; b[55]      ; f[60]       ; 8.998  ; 9.089  ; 9.366  ; 9.449  ;
; b[55]      ; f[61]       ; 9.436  ; 9.497  ; 9.775  ; 9.865  ;
; b[55]      ; f[62]       ; 9.311  ; 9.401  ; 9.680  ; 9.762  ;
; b[55]      ; f[63]       ; 10.254 ; 10.198 ; 10.613 ; 10.521 ;
; b[56]      ; f[56]       ; 6.574  ; 6.666  ; 6.939  ; 7.015  ;
; b[56]      ; f[57]       ; 8.138  ; 8.232  ; 8.503  ; 8.597  ;
; b[56]      ; f[58]       ; 7.347  ; 7.421  ; 7.663  ; 7.743  ;
; b[56]      ; f[59]       ; 8.919  ; 8.914  ; 9.235  ; 9.230  ;
; b[57]      ; f[57]       ; 7.843  ; 7.921  ; 8.166  ; 8.239  ;
; b[57]      ; f[58]       ; 7.652  ; 7.726  ; 7.942  ; 8.024  ;
; b[57]      ; f[59]       ; 9.224  ; 9.219  ; 9.514  ; 9.509  ;
; b[58]      ; f[58]       ; 6.624  ; 6.713  ; 6.985  ; 7.074  ;
; b[58]      ; f[59]       ; 8.179  ; 8.166  ; 8.540  ; 8.527  ;
; b[59]      ; f[16]       ; 9.779  ; 9.907  ; 10.111 ; 10.210 ;
; b[59]      ; f[17]       ; 9.886  ; 9.952  ; 10.218 ; 10.284 ;
; b[59]      ; f[18]       ; 10.118 ; 10.213 ; 10.434 ; 10.516 ;
; b[59]      ; f[19]       ; 12.191 ; 12.275 ; 12.523 ; 12.607 ;
; b[59]      ; f[32]       ; 10.116 ; 10.230 ; 10.420 ; 10.562 ;
; b[59]      ; f[33]       ; 9.861  ; 9.904  ; 10.193 ; 10.236 ;
; b[59]      ; f[34]       ; 10.386 ; 10.501 ; 10.689 ; 10.804 ;
; b[59]      ; f[35]       ; 10.975 ; 11.091 ; 11.278 ; 11.394 ;
; b[59]      ; f[48]       ; 10.676 ; 10.760 ; 11.020 ; 11.094 ;
; b[59]      ; f[49]       ; 10.798 ; 10.891 ; 11.142 ; 11.205 ;
; b[59]      ; f[50]       ; 10.949 ; 11.058 ; 11.293 ; 11.402 ;
; b[59]      ; f[51]       ; 11.862 ; 11.946 ; 12.206 ; 12.290 ;
; b[59]      ; f[52]       ; 9.963  ; 10.065 ; 10.279 ; 10.360 ;
; b[59]      ; f[53]       ; 10.571 ; 10.603 ; 10.875 ; 10.947 ;
; b[59]      ; f[54]       ; 10.712 ; 10.716 ; 11.056 ; 11.060 ;
; b[59]      ; f[55]       ; 11.344 ; 11.325 ; 11.688 ; 11.661 ;
; b[59]      ; f[56]       ; 9.755  ; 9.840  ; 10.099 ; 10.184 ;
; b[59]      ; f[57]       ; 10.847 ; 10.941 ; 11.148 ; 11.236 ;
; b[59]      ; f[58]       ; 10.124 ; 10.198 ; 10.468 ; 10.542 ;
; b[59]      ; f[59]       ; 11.696 ; 11.691 ; 12.040 ; 12.035 ;
; b[59]      ; f[60]       ; 7.017  ; 7.100  ; 7.349  ; 7.432  ;
; b[59]      ; f[61]       ; 7.440  ; 7.516  ; 7.758  ; 7.848  ;
; b[59]      ; f[62]       ; 7.331  ; 7.413  ; 7.663  ; 7.745  ;
; b[59]      ; f[63]       ; 8.264  ; 8.202  ; 8.596  ; 8.505  ;
; b[60]      ; f[60]       ; 6.632  ; 6.702  ; 7.038  ; 7.109  ;
; b[60]      ; f[61]       ; 7.079  ; 7.140  ; 7.451  ; 7.541  ;
; b[60]      ; f[62]       ; 7.239  ; 7.329  ; 7.606  ; 7.688  ;
; b[60]      ; f[63]       ; 8.182  ; 8.126  ; 8.539  ; 8.447  ;
; b[61]      ; f[61]       ; 6.742  ; 6.839  ; 7.049  ; 7.125  ;
; b[61]      ; f[62]       ; 7.538  ; 7.628  ; 7.873  ; 7.963  ;
; b[61]      ; f[63]       ; 8.481  ; 8.425  ; 8.816  ; 8.760  ;
; b[62]      ; f[62]       ; 6.699  ; 6.763  ; 7.081  ; 7.145  ;
; b[62]      ; f[63]       ; 7.632  ; 7.548  ; 8.014  ; 7.922  ;
; b[63]      ; f[16]       ; 10.367 ; 10.513 ; 10.658 ; 10.797 ;
; b[63]      ; f[17]       ; 10.698 ; 10.764 ; 11.031 ; 11.097 ;
; b[63]      ; f[18]       ; 10.724 ; 10.819 ; 11.008 ; 11.103 ;
; b[63]      ; f[19]       ; 12.737 ; 12.821 ; 13.070 ; 13.154 ;
; b[63]      ; f[32]       ; 10.888 ; 11.001 ; 11.172 ; 11.285 ;
; b[63]      ; f[33]       ; 10.678 ; 10.716 ; 11.006 ; 11.049 ;
; b[63]      ; f[34]       ; 11.158 ; 11.273 ; 11.442 ; 11.557 ;
; b[63]      ; f[35]       ; 11.747 ; 11.863 ; 12.031 ; 12.147 ;
; b[63]      ; f[48]       ; 10.448 ; 10.528 ; 10.766 ; 10.869 ;
; b[63]      ; f[49]       ; 10.570 ; 10.659 ; 10.889 ; 11.000 ;
; b[63]      ; f[50]       ; 10.721 ; 10.830 ; 11.038 ; 11.141 ;
; b[63]      ; f[51]       ; 11.634 ; 11.718 ; 11.945 ; 12.029 ;
; b[63]      ; f[52]       ; 9.449  ; 9.521  ; 9.749  ; 9.851  ;
; b[63]      ; f[53]       ; 10.045 ; 10.117 ; 10.357 ; 10.401 ;
; b[63]      ; f[54]       ; 10.226 ; 10.230 ; 10.510 ; 10.514 ;
; b[63]      ; f[55]       ; 10.858 ; 10.831 ; 11.142 ; 11.115 ;
; b[63]      ; f[56]       ; 9.528  ; 9.613  ; 9.861  ; 9.942  ;
; b[63]      ; f[57]       ; 10.618 ; 10.712 ; 10.959 ; 11.053 ;
; b[63]      ; f[58]       ; 9.897  ; 9.971  ; 10.208 ; 10.293 ;
; b[63]      ; f[59]       ; 11.469 ; 11.464 ; 11.780 ; 11.775 ;
; b[63]      ; f[63]       ; 7.212  ; 7.159  ; 7.553  ; 7.470  ;
; c          ; f[0]        ; 6.067  ; 6.006  ; 6.393  ; 6.361  ;
; c          ; f[1]        ; 6.228  ; 6.291  ; 6.566  ; 6.621  ;
; c          ; f[2]        ; 7.221  ; 7.273  ; 7.520  ; 7.568  ;
; c          ; f[3]        ; 7.443  ; 7.412  ; 7.786  ; 7.741  ;
; s[0]       ; f[0]        ; 7.863  ; 7.835  ; 8.351  ; 8.276  ;
; s[0]       ; f[1]        ; 8.038  ; 8.101  ; 8.488  ; 8.543  ;
; s[0]       ; f[2]        ; 9.155  ; 9.207  ; 9.552  ; 9.600  ;
; s[0]       ; f[3]        ; 9.377  ; 9.346  ; 9.818  ; 9.773  ;
; s[0]       ; f[4]        ; 9.036  ; 9.096  ; 9.405  ; 9.494  ;
; s[0]       ; f[5]        ; 9.624  ; 9.701  ; 9.963  ; 10.062 ;
; s[0]       ; f[6]        ; 9.858  ; 9.949  ; 10.195 ; 10.278 ;
; s[0]       ; f[7]        ; 11.132 ; 11.071 ; 11.450 ; 11.385 ;
; s[0]       ; f[8]        ; 10.552 ; 10.641 ; 10.928 ; 11.046 ;
; s[0]       ; f[9]        ; 10.827 ; 10.896 ; 11.142 ; 11.240 ;
; s[0]       ; f[10]       ; 10.817 ; 10.901 ; 11.178 ; 11.248 ;
; s[0]       ; f[11]       ; 13.996 ; 13.910 ; 14.366 ; 14.233 ;
; s[0]       ; f[12]       ; 9.324  ; 9.384  ; 9.673  ; 9.762  ;
; s[0]       ; f[13]       ; 9.983  ; 10.068 ; 10.367 ; 10.444 ;
; s[0]       ; f[14]       ; 10.503 ; 10.485 ; 10.859 ; 10.833 ;
; s[0]       ; f[15]       ; 11.218 ; 11.213 ; 11.548 ; 11.496 ;
; s[0]       ; f[16]       ; 13.498 ; 13.644 ; 13.907 ; 14.006 ;
; s[0]       ; f[17]       ; 13.387 ; 13.446 ; 13.833 ; 13.899 ;
; s[0]       ; f[18]       ; 13.855 ; 13.950 ; 14.230 ; 14.289 ;
; s[0]       ; f[19]       ; 15.841 ; 15.918 ; 16.319 ; 16.403 ;
; s[0]       ; f[20]       ; 8.060  ; 8.138  ; 8.433  ; 8.533  ;
; s[0]       ; f[21]       ; 8.544  ; 8.612  ; 8.918  ; 8.962  ;
; s[0]       ; f[22]       ; 9.374  ; 9.456  ; 9.768  ; 9.836  ;
; s[0]       ; f[23]       ; 10.747 ; 10.681 ; 11.137 ; 11.024 ;
; s[0]       ; f[24]       ; 10.738 ; 10.827 ; 11.150 ; 11.231 ;
; s[0]       ; f[25]       ; 11.139 ; 11.191 ; 11.519 ; 11.600 ;
; s[0]       ; f[26]       ; 12.309 ; 12.299 ; 12.689 ; 12.708 ;
; s[0]       ; f[27]       ; 14.141 ; 14.019 ; 14.554 ; 14.461 ;
; s[0]       ; f[28]       ; 8.521  ; 8.595  ; 8.923  ; 8.950  ;
; s[0]       ; f[29]       ; 8.948  ; 9.054  ; 9.292  ; 9.390  ;
; s[0]       ; f[30]       ; 10.182 ; 10.186 ; 10.585 ; 10.581 ;
; s[0]       ; f[31]       ; 9.443  ; 9.350  ; 9.841  ; 9.740  ;
; s[0]       ; f[32]       ; 11.712 ; 11.825 ; 12.121 ; 12.263 ;
; s[0]       ; f[33]       ; 11.283 ; 11.311 ; 11.753 ; 11.796 ;
; s[0]       ; f[34]       ; 11.982 ; 12.097 ; 12.359 ; 12.460 ;
; s[0]       ; f[35]       ; 12.571 ; 12.687 ; 12.920 ; 12.989 ;
; s[0]       ; f[36]       ; 9.748  ; 9.778  ; 10.162 ; 10.221 ;
; s[0]       ; f[37]       ; 10.074 ; 10.138 ; 10.551 ; 10.607 ;
; s[0]       ; f[38]       ; 10.810 ; 10.880 ; 11.247 ; 11.281 ;
; s[0]       ; f[39]       ; 11.986 ; 11.929 ; 12.432 ; 12.339 ;
; s[0]       ; f[40]       ; 12.086 ; 12.143 ; 12.504 ; 12.590 ;
; s[0]       ; f[41]       ; 12.519 ; 12.575 ; 12.913 ; 12.998 ;
; s[0]       ; f[42]       ; 12.607 ; 12.675 ; 13.018 ; 13.072 ;
; s[0]       ; f[43]       ; 12.952 ; 12.891 ; 13.399 ; 13.302 ;
; s[0]       ; f[44]       ; 11.371 ; 11.426 ; 11.777 ; 11.861 ;
; s[0]       ; f[45]       ; 11.914 ; 12.005 ; 12.325 ; 12.380 ;
; s[0]       ; f[46]       ; 11.822 ; 11.882 ; 12.204 ; 12.293 ;
; s[0]       ; f[47]       ; 12.554 ; 12.485 ; 12.999 ; 12.894 ;
; s[0]       ; f[48]       ; 12.170 ; 12.244 ; 12.530 ; 12.633 ;
; s[0]       ; f[49]       ; 12.397 ; 12.460 ; 12.795 ; 12.906 ;
; s[0]       ; f[50]       ; 12.443 ; 12.552 ; 12.802 ; 12.903 ;
; s[0]       ; f[51]       ; 13.356 ; 13.440 ; 13.642 ; 13.712 ;
; s[0]       ; f[52]       ; 9.729  ; 9.801  ; 10.136 ; 10.238 ;
; s[0]       ; f[53]       ; 10.325 ; 10.397 ; 10.744 ; 10.769 ;
; s[0]       ; f[54]       ; 10.506 ; 10.510 ; 10.856 ; 10.889 ;
; s[0]       ; f[55]       ; 11.138 ; 11.111 ; 11.496 ; 11.498 ;
; s[0]       ; f[56]       ; 7.536  ; 7.621  ; 7.943  ; 8.024  ;
; s[0]       ; f[57]       ; 8.743  ; 8.812  ; 9.184  ; 9.278  ;
; s[0]       ; f[58]       ; 7.972  ; 8.046  ; 8.343  ; 8.446  ;
; s[0]       ; f[59]       ; 9.544  ; 9.539  ; 9.923  ; 9.910  ;
; s[0]       ; f[60]       ; 9.497  ; 9.588  ; 9.934  ; 10.017 ;
; s[0]       ; f[61]       ; 9.935  ; 9.996  ; 10.343 ; 10.433 ;
; s[0]       ; f[62]       ; 9.810  ; 9.900  ; 10.248 ; 10.330 ;
; s[0]       ; f[63]       ; 10.753 ; 10.697 ; 11.181 ; 11.089 ;
; s[1]       ; f[0]        ; 7.612  ; 7.584  ; 8.033  ; 7.958  ;
; s[1]       ; f[1]        ; 7.787  ; 7.850  ; 8.170  ; 8.225  ;
; s[1]       ; f[2]        ; 8.904  ; 8.956  ; 9.234  ; 9.282  ;
; s[1]       ; f[3]        ; 9.126  ; 9.095  ; 9.500  ; 9.455  ;
; s[1]       ; f[4]        ; 9.127  ; 9.187  ; 9.463  ; 9.552  ;
; s[1]       ; f[5]        ; 9.715  ; 9.792  ; 10.021 ; 10.120 ;
; s[1]       ; f[6]        ; 9.949  ; 10.040 ; 10.253 ; 10.336 ;
; s[1]       ; f[7]        ; 11.223 ; 11.162 ; 11.508 ; 11.443 ;
; s[1]       ; f[8]        ; 10.643 ; 10.732 ; 10.986 ; 11.104 ;
; s[1]       ; f[9]        ; 10.918 ; 10.987 ; 11.200 ; 11.298 ;
; s[1]       ; f[10]       ; 10.908 ; 10.992 ; 11.236 ; 11.306 ;
; s[1]       ; f[11]       ; 14.087 ; 14.001 ; 14.424 ; 14.291 ;
; s[1]       ; f[12]       ; 9.674  ; 9.734  ; 9.982  ; 10.071 ;
; s[1]       ; f[13]       ; 10.333 ; 10.418 ; 10.676 ; 10.753 ;
; s[1]       ; f[14]       ; 10.853 ; 10.835 ; 11.168 ; 11.142 ;
; s[1]       ; f[15]       ; 11.568 ; 11.563 ; 11.857 ; 11.805 ;
; s[1]       ; f[16]       ; 13.293 ; 13.439 ; 13.671 ; 13.770 ;
; s[1]       ; f[17]       ; 13.182 ; 13.241 ; 13.597 ; 13.663 ;
; s[1]       ; f[18]       ; 13.650 ; 13.745 ; 13.994 ; 14.053 ;
; s[1]       ; f[19]       ; 15.636 ; 15.713 ; 16.083 ; 16.167 ;
; s[1]       ; f[20]       ; 8.433  ; 8.511  ; 8.799  ; 8.899  ;
; s[1]       ; f[21]       ; 8.866  ; 8.898  ; 9.267  ; 9.328  ;
; s[1]       ; f[22]       ; 9.747  ; 9.829  ; 10.134 ; 10.202 ;
; s[1]       ; f[23]       ; 11.120 ; 11.054 ; 11.503 ; 11.390 ;
; s[1]       ; f[24]       ; 11.111 ; 11.200 ; 11.516 ; 11.597 ;
; s[1]       ; f[25]       ; 11.512 ; 11.564 ; 11.885 ; 11.966 ;
; s[1]       ; f[26]       ; 12.682 ; 12.672 ; 13.055 ; 13.074 ;
; s[1]       ; f[27]       ; 14.514 ; 14.392 ; 14.920 ; 14.827 ;
; s[1]       ; f[28]       ; 8.236  ; 8.310  ; 8.630  ; 8.657  ;
; s[1]       ; f[29]       ; 8.663  ; 8.769  ; 8.999  ; 9.097  ;
; s[1]       ; f[30]       ; 9.897  ; 9.901  ; 10.292 ; 10.288 ;
; s[1]       ; f[31]       ; 9.158  ; 9.065  ; 9.548  ; 9.447  ;
; s[1]       ; f[32]       ; 11.602 ; 11.715 ; 11.904 ; 12.046 ;
; s[1]       ; f[33]       ; 11.058 ; 11.086 ; 11.407 ; 11.450 ;
; s[1]       ; f[34]       ; 11.872 ; 11.987 ; 12.142 ; 12.243 ;
; s[1]       ; f[35]       ; 12.461 ; 12.577 ; 12.703 ; 12.772 ;
; s[1]       ; f[36]       ; 10.244 ; 10.274 ; 10.546 ; 10.605 ;
; s[1]       ; f[37]       ; 10.570 ; 10.634 ; 10.935 ; 10.991 ;
; s[1]       ; f[38]       ; 11.306 ; 11.376 ; 11.631 ; 11.665 ;
; s[1]       ; f[39]       ; 12.482 ; 12.425 ; 12.816 ; 12.723 ;
; s[1]       ; f[40]       ; 12.582 ; 12.639 ; 12.888 ; 12.974 ;
; s[1]       ; f[41]       ; 13.015 ; 13.071 ; 13.297 ; 13.382 ;
; s[1]       ; f[42]       ; 13.103 ; 13.171 ; 13.402 ; 13.456 ;
; s[1]       ; f[43]       ; 13.448 ; 13.387 ; 13.783 ; 13.686 ;
; s[1]       ; f[44]       ; 10.954 ; 11.009 ; 11.292 ; 11.376 ;
; s[1]       ; f[45]       ; 11.497 ; 11.588 ; 11.840 ; 11.895 ;
; s[1]       ; f[46]       ; 11.405 ; 11.465 ; 11.719 ; 11.808 ;
; s[1]       ; f[47]       ; 12.137 ; 12.068 ; 12.514 ; 12.409 ;
; s[1]       ; f[48]       ; 11.965 ; 12.039 ; 12.294 ; 12.397 ;
; s[1]       ; f[49]       ; 12.192 ; 12.255 ; 12.559 ; 12.670 ;
; s[1]       ; f[50]       ; 12.238 ; 12.347 ; 12.566 ; 12.667 ;
; s[1]       ; f[51]       ; 13.151 ; 13.235 ; 13.406 ; 13.476 ;
; s[1]       ; f[52]       ; 9.778  ; 9.850  ; 10.084 ; 10.186 ;
; s[1]       ; f[53]       ; 10.374 ; 10.446 ; 10.692 ; 10.717 ;
; s[1]       ; f[54]       ; 10.555 ; 10.559 ; 10.804 ; 10.837 ;
; s[1]       ; f[55]       ; 11.187 ; 11.160 ; 11.444 ; 11.446 ;
; s[1]       ; f[56]       ; 7.585  ; 7.670  ; 7.891  ; 7.972  ;
; s[1]       ; f[57]       ; 8.792  ; 8.861  ; 9.132  ; 9.226  ;
; s[1]       ; f[58]       ; 8.018  ; 8.092  ; 8.294  ; 8.397  ;
; s[1]       ; f[59]       ; 9.590  ; 9.585  ; 9.960  ; 9.982  ;
; s[1]       ; f[60]       ; 8.848  ; 8.939  ; 9.176  ; 9.259  ;
; s[1]       ; f[61]       ; 9.286  ; 9.347  ; 9.585  ; 9.675  ;
; s[1]       ; f[62]       ; 9.161  ; 9.251  ; 9.490  ; 9.572  ;
; s[1]       ; f[63]       ; 10.104 ; 10.048 ; 10.423 ; 10.331 ;
; s[2]       ; f[0]        ; 8.096  ; 8.037  ; 8.509  ; 8.442  ;
; s[2]       ; f[1]        ; 8.265  ; 8.328  ; 8.683  ; 8.738  ;
; s[2]       ; f[2]        ; 9.502  ; 9.554  ; 9.887  ; 9.935  ;
; s[2]       ; f[3]        ; 9.724  ; 9.693  ; 10.153 ; 10.108 ;
; s[2]       ; f[4]        ; 10.121 ; 10.181 ; 10.493 ; 10.582 ;
; s[2]       ; f[5]        ; 10.709 ; 10.786 ; 11.051 ; 11.150 ;
; s[2]       ; f[6]        ; 10.943 ; 11.034 ; 11.283 ; 11.366 ;
; s[2]       ; f[7]        ; 12.217 ; 12.156 ; 12.538 ; 12.473 ;
; s[2]       ; f[8]        ; 11.881 ; 11.970 ; 12.260 ; 12.378 ;
; s[2]       ; f[9]        ; 12.156 ; 12.225 ; 12.474 ; 12.572 ;
; s[2]       ; f[10]       ; 12.146 ; 12.230 ; 12.510 ; 12.580 ;
; s[2]       ; f[11]       ; 15.325 ; 15.239 ; 15.698 ; 15.565 ;
; s[2]       ; f[12]       ; 10.147 ; 10.207 ; 10.517 ; 10.606 ;
; s[2]       ; f[13]       ; 10.806 ; 10.891 ; 11.211 ; 11.288 ;
; s[2]       ; f[14]       ; 11.326 ; 11.308 ; 11.703 ; 11.677 ;
; s[2]       ; f[15]       ; 12.041 ; 12.036 ; 12.392 ; 12.340 ;
; s[2]       ; f[16]       ; 13.203 ; 13.349 ; 13.642 ; 13.741 ;
; s[2]       ; f[17]       ; 13.092 ; 13.151 ; 13.568 ; 13.634 ;
; s[2]       ; f[18]       ; 13.560 ; 13.655 ; 13.965 ; 14.024 ;
; s[2]       ; f[19]       ; 15.546 ; 15.623 ; 16.054 ; 16.138 ;
; s[2]       ; f[20]       ; 10.987 ; 11.065 ; 11.521 ; 11.621 ;
; s[2]       ; f[21]       ; 10.909 ; 10.941 ; 11.477 ; 11.538 ;
; s[2]       ; f[22]       ; 11.790 ; 11.872 ; 12.344 ; 12.412 ;
; s[2]       ; f[23]       ; 13.163 ; 13.097 ; 13.713 ; 13.600 ;
; s[2]       ; f[24]       ; 13.153 ; 13.242 ; 13.726 ; 13.807 ;
; s[2]       ; f[25]       ; 13.554 ; 13.606 ; 14.095 ; 14.176 ;
; s[2]       ; f[26]       ; 14.724 ; 14.714 ; 15.265 ; 15.284 ;
; s[2]       ; f[27]       ; 16.556 ; 16.434 ; 17.130 ; 17.037 ;
; s[2]       ; f[28]       ; 11.017 ; 11.091 ; 11.618 ; 11.645 ;
; s[2]       ; f[29]       ; 11.444 ; 11.550 ; 11.987 ; 12.085 ;
; s[2]       ; f[30]       ; 12.678 ; 12.682 ; 13.280 ; 13.276 ;
; s[2]       ; f[31]       ; 11.939 ; 11.846 ; 12.536 ; 12.435 ;
; s[2]       ; f[32]       ; 11.158 ; 11.271 ; 11.527 ; 11.669 ;
; s[2]       ; f[33]       ; 10.842 ; 10.870 ; 11.300 ; 11.343 ;
; s[2]       ; f[34]       ; 11.428 ; 11.543 ; 11.765 ; 11.866 ;
; s[2]       ; f[35]       ; 12.017 ; 12.133 ; 12.326 ; 12.395 ;
; s[2]       ; f[36]       ; 9.074  ; 9.104  ; 9.350  ; 9.409  ;
; s[2]       ; f[37]       ; 9.724  ; 9.788  ; 10.043 ; 10.099 ;
; s[2]       ; f[38]       ; 10.460 ; 10.530 ; 10.739 ; 10.773 ;
; s[2]       ; f[39]       ; 11.636 ; 11.579 ; 11.924 ; 11.831 ;
; s[2]       ; f[40]       ; 11.736 ; 11.793 ; 11.996 ; 12.082 ;
; s[2]       ; f[41]       ; 12.169 ; 12.225 ; 12.405 ; 12.490 ;
; s[2]       ; f[42]       ; 12.257 ; 12.325 ; 12.510 ; 12.564 ;
; s[2]       ; f[43]       ; 12.602 ; 12.541 ; 12.891 ; 12.794 ;
; s[2]       ; f[44]       ; 10.468 ; 10.523 ; 10.836 ; 10.920 ;
; s[2]       ; f[45]       ; 11.011 ; 11.102 ; 11.384 ; 11.439 ;
; s[2]       ; f[46]       ; 10.919 ; 10.979 ; 11.263 ; 11.352 ;
; s[2]       ; f[47]       ; 11.651 ; 11.582 ; 12.058 ; 11.953 ;
; s[2]       ; f[48]       ; 12.031 ; 12.105 ; 12.419 ; 12.522 ;
; s[2]       ; f[49]       ; 12.153 ; 12.216 ; 12.542 ; 12.653 ;
; s[2]       ; f[50]       ; 12.304 ; 12.413 ; 12.691 ; 12.792 ;
; s[2]       ; f[51]       ; 13.217 ; 13.301 ; 13.531 ; 13.601 ;
; s[2]       ; f[52]       ; 10.620 ; 10.692 ; 11.061 ; 11.163 ;
; s[2]       ; f[53]       ; 11.216 ; 11.288 ; 11.669 ; 11.694 ;
; s[2]       ; f[54]       ; 11.397 ; 11.401 ; 11.781 ; 11.814 ;
; s[2]       ; f[55]       ; 12.029 ; 12.002 ; 12.421 ; 12.423 ;
; s[2]       ; f[56]       ; 11.101 ; 11.186 ; 11.513 ; 11.594 ;
; s[2]       ; f[57]       ; 12.150 ; 12.219 ; 12.611 ; 12.705 ;
; s[2]       ; f[58]       ; 11.470 ; 11.544 ; 11.842 ; 11.945 ;
; s[2]       ; f[59]       ; 13.042 ; 13.037 ; 13.422 ; 13.409 ;
; s[2]       ; f[60]       ; 9.881  ; 9.972  ; 10.290 ; 10.373 ;
; s[2]       ; f[61]       ; 10.319 ; 10.380 ; 10.699 ; 10.789 ;
; s[2]       ; f[62]       ; 10.194 ; 10.284 ; 10.604 ; 10.686 ;
; s[2]       ; f[63]       ; 11.137 ; 11.081 ; 11.537 ; 11.445 ;
; s[3]       ; f[0]        ; 6.252  ; 6.193  ; 6.384  ; 6.317  ;
; s[3]       ; f[1]        ; 6.421  ; 6.484  ; 6.558  ; 6.613  ;
; s[3]       ; f[2]        ; 7.660  ; 7.712  ; 7.761  ; 7.809  ;
; s[3]       ; f[3]        ; 7.882  ; 7.851  ; 8.027  ; 7.982  ;
; s[3]       ; f[4]        ; 8.078  ; 8.138  ; 8.186  ; 8.275  ;
; s[3]       ; f[5]        ; 8.666  ; 8.743  ; 8.744  ; 8.843  ;
; s[3]       ; f[6]        ; 8.900  ; 8.991  ; 8.976  ; 9.059  ;
; s[3]       ; f[7]        ; 10.174 ; 10.113 ; 10.231 ; 10.166 ;
; s[3]       ; f[8]        ; 10.347 ; 10.436 ; 10.464 ; 10.582 ;
; s[3]       ; f[9]        ; 10.622 ; 10.691 ; 10.678 ; 10.776 ;
; s[3]       ; f[10]       ; 10.612 ; 10.696 ; 10.714 ; 10.784 ;
; s[3]       ; f[11]       ; 13.791 ; 13.705 ; 13.902 ; 13.769 ;
; s[3]       ; f[12]       ; 8.104  ; 8.164  ; 8.210  ; 8.299  ;
; s[3]       ; f[13]       ; 8.763  ; 8.848  ; 8.904  ; 8.981  ;
; s[3]       ; f[14]       ; 9.283  ; 9.265  ; 9.396  ; 9.370  ;
; s[3]       ; f[15]       ; 9.998  ; 9.993  ; 10.085 ; 10.033 ;
; s[3]       ; f[16]       ; 11.508 ; 11.654 ; 11.679 ; 11.778 ;
; s[3]       ; f[17]       ; 11.397 ; 11.456 ; 11.605 ; 11.671 ;
; s[3]       ; f[18]       ; 11.865 ; 11.960 ; 12.002 ; 12.061 ;
; s[3]       ; f[19]       ; 13.851 ; 13.928 ; 14.091 ; 14.175 ;
; s[3]       ; f[20]       ; 9.411  ; 9.489  ; 9.676  ; 9.776  ;
; s[3]       ; f[21]       ; 9.333  ; 9.365  ; 9.632  ; 9.693  ;
; s[3]       ; f[22]       ; 10.214 ; 10.296 ; 10.499 ; 10.567 ;
; s[3]       ; f[23]       ; 11.587 ; 11.521 ; 11.868 ; 11.755 ;
; s[3]       ; f[24]       ; 11.577 ; 11.666 ; 11.881 ; 11.962 ;
; s[3]       ; f[25]       ; 11.978 ; 12.030 ; 12.250 ; 12.331 ;
; s[3]       ; f[26]       ; 13.148 ; 13.138 ; 13.420 ; 13.439 ;
; s[3]       ; f[27]       ; 14.980 ; 14.858 ; 15.285 ; 15.192 ;
; s[3]       ; f[28]       ; 9.441  ; 9.515  ; 9.773  ; 9.800  ;
; s[3]       ; f[29]       ; 9.868  ; 9.974  ; 10.142 ; 10.240 ;
; s[3]       ; f[30]       ; 11.102 ; 11.106 ; 11.435 ; 11.431 ;
; s[3]       ; f[31]       ; 10.363 ; 10.270 ; 10.691 ; 10.590 ;
; s[3]       ; f[32]       ; 9.884  ; 9.997  ; 9.989  ; 10.131 ;
; s[3]       ; f[33]       ; 9.568  ; 9.596  ; 9.762  ; 9.805  ;
; s[3]       ; f[34]       ; 10.154 ; 10.269 ; 10.227 ; 10.328 ;
; s[3]       ; f[35]       ; 10.743 ; 10.859 ; 10.788 ; 10.857 ;
; s[3]       ; f[36]       ; 8.042  ; 8.072  ; 8.199  ; 8.258  ;
; s[3]       ; f[37]       ; 8.692  ; 8.756  ; 8.892  ; 8.948  ;
; s[3]       ; f[38]       ; 9.428  ; 9.498  ; 9.588  ; 9.622  ;
; s[3]       ; f[39]       ; 10.604 ; 10.547 ; 10.773 ; 10.680 ;
; s[3]       ; f[40]       ; 10.704 ; 10.761 ; 10.845 ; 10.931 ;
; s[3]       ; f[41]       ; 11.137 ; 11.193 ; 11.254 ; 11.339 ;
; s[3]       ; f[42]       ; 11.225 ; 11.293 ; 11.359 ; 11.413 ;
; s[3]       ; f[43]       ; 11.570 ; 11.509 ; 11.740 ; 11.643 ;
; s[3]       ; f[44]       ; 8.137  ; 8.192  ; 8.246  ; 8.330  ;
; s[3]       ; f[45]       ; 8.680  ; 8.771  ; 8.794  ; 8.849  ;
; s[3]       ; f[46]       ; 8.588  ; 8.648  ; 8.673  ; 8.762  ;
; s[3]       ; f[47]       ; 9.320  ; 9.251  ; 9.468  ; 9.363  ;
; s[3]       ; f[48]       ; 10.355 ; 10.429 ; 10.474 ; 10.577 ;
; s[3]       ; f[49]       ; 10.477 ; 10.540 ; 10.597 ; 10.708 ;
; s[3]       ; f[50]       ; 10.628 ; 10.737 ; 10.746 ; 10.847 ;
; s[3]       ; f[51]       ; 11.541 ; 11.625 ; 11.586 ; 11.656 ;
; s[3]       ; f[52]       ; 8.748  ; 8.820  ; 8.883  ; 8.985  ;
; s[3]       ; f[53]       ; 9.344  ; 9.416  ; 9.491  ; 9.516  ;
; s[3]       ; f[54]       ; 9.525  ; 9.529  ; 9.603  ; 9.636  ;
; s[3]       ; f[55]       ; 10.157 ; 10.130 ; 10.243 ; 10.245 ;
; s[3]       ; f[56]       ; 9.425  ; 9.510  ; 9.568  ; 9.649  ;
; s[3]       ; f[57]       ; 10.474 ; 10.543 ; 10.666 ; 10.760 ;
; s[3]       ; f[58]       ; 9.794  ; 9.868  ; 9.897  ; 10.000 ;
; s[3]       ; f[59]       ; 11.366 ; 11.361 ; 11.477 ; 11.464 ;
; s[3]       ; f[60]       ; 8.205  ; 8.296  ; 8.345  ; 8.428  ;
; s[3]       ; f[61]       ; 8.643  ; 8.704  ; 8.754  ; 8.844  ;
; s[3]       ; f[62]       ; 8.518  ; 8.608  ; 8.659  ; 8.741  ;
; s[3]       ; f[63]       ; 9.461  ; 9.405  ; 9.592  ; 9.500  ;
+------------+-------------+--------+--------+--------+--------+


+--------------------------------------------------------------+
; Minimum Propagation Delay                                    ;
+------------+-------------+--------+--------+--------+--------+
; Input Port ; Output Port ; RR     ; RF     ; FR     ; FF     ;
+------------+-------------+--------+--------+--------+--------+
; M          ; f[0]        ; 7.561  ; 7.532  ; 8.035  ; 7.993  ;
; M          ; f[1]        ; 7.746  ; 7.807  ; 8.198  ; 8.253  ;
; M          ; f[2]        ; 8.146  ; 8.222  ; 8.594  ; 8.635  ;
; M          ; f[3]        ; 7.824  ; 7.792  ; 8.290  ; 8.227  ;
; M          ; f[4]        ; 7.503  ; 7.560  ; 7.828  ; 7.942  ;
; M          ; f[5]        ; 7.802  ; 7.904  ; 8.192  ; 8.275  ;
; M          ; f[6]        ; 7.809  ; 7.897  ; 8.182  ; 8.264  ;
; M          ; f[7]        ; 8.007  ; 7.953  ; 8.387  ; 8.298  ;
; M          ; f[8]        ; 9.282  ; 9.369  ; 9.698  ; 9.813  ;
; M          ; f[9]        ; 7.406  ; 7.474  ; 7.819  ; 7.915  ;
; M          ; f[10]       ; 8.002  ; 8.103  ; 8.419  ; 8.489  ;
; M          ; f[11]       ; 10.002 ; 9.914  ; 10.458 ; 10.358 ;
; M          ; f[12]       ; 7.968  ; 8.028  ; 8.379  ; 8.467  ;
; M          ; f[13]       ; 7.433  ; 7.515  ; 7.815  ; 7.891  ;
; M          ; f[14]       ; 8.340  ; 8.320  ; 8.722  ; 8.696  ;
; M          ; f[15]       ; 8.378  ; 8.367  ; 8.749  ; 8.709  ;
; M          ; f[16]       ; 8.142  ; 8.255  ; 8.591  ; 8.692  ;
; M          ; f[17]       ; 7.847  ; 7.941  ; 8.290  ; 8.356  ;
; M          ; f[18]       ; 8.464  ; 8.552  ; 8.897  ; 8.957  ;
; M          ; f[19]       ; 9.503  ; 9.588  ; 10.054 ; 10.199 ;
; M          ; f[20]       ; 7.328  ; 7.380  ; 7.728  ; 7.837  ;
; M          ; f[21]       ; 7.354  ; 7.397  ; 7.786  ; 7.816  ;
; M          ; f[22]       ; 8.208  ; 8.307  ; 8.636  ; 8.704  ;
; M          ; f[23]       ; 8.587  ; 8.517  ; 9.029  ; 8.930  ;
; M          ; f[24]       ; 9.892  ; 9.978  ; 10.304 ; 10.384 ;
; M          ; f[25]       ; 6.635  ; 6.688  ; 6.989  ; 7.070  ;
; M          ; f[26]       ; 8.194  ; 8.184  ; 8.519  ; 8.537  ;
; M          ; f[27]       ; 9.259  ; 9.139  ; 9.628  ; 9.536  ;
; M          ; f[28]       ; 7.797  ; 7.840  ; 8.220  ; 8.251  ;
; M          ; f[29]       ; 7.228  ; 7.331  ; 7.607  ; 7.704  ;
; M          ; f[30]       ; 8.574  ; 8.573  ; 8.954  ; 8.947  ;
; M          ; f[31]       ; 7.270  ; 7.178  ; 7.677  ; 7.579  ;
; M          ; f[32]       ; 8.752  ; 8.863  ; 9.199  ; 9.338  ;
; M          ; f[33]       ; 7.307  ; 7.368  ; 7.769  ; 7.836  ;
; M          ; f[34]       ; 8.606  ; 8.737  ; 9.051  ; 9.151  ;
; M          ; f[35]       ; 8.476  ; 8.560  ; 8.890  ; 8.962  ;
; M          ; f[36]       ; 6.833  ; 6.858  ; 7.204  ; 7.296  ;
; M          ; f[37]       ; 6.938  ; 7.000  ; 7.353  ; 7.409  ;
; M          ; f[38]       ; 7.570  ; 7.635  ; 7.946  ; 7.983  ;
; M          ; f[39]       ; 7.832  ; 7.774  ; 8.270  ; 8.203  ;
; M          ; f[40]       ; 8.356  ; 8.412  ; 8.720  ; 8.804  ;
; M          ; f[41]       ; 7.037  ; 7.093  ; 7.366  ; 7.450  ;
; M          ; f[42]       ; 7.346  ; 7.432  ; 7.715  ; 7.770  ;
; M          ; f[43]       ; 6.963  ; 6.901  ; 7.398  ; 7.327  ;
; M          ; f[44]       ; 8.527  ; 8.582  ; 8.883  ; 8.966  ;
; M          ; f[45]       ; 7.109  ; 7.193  ; 7.506  ; 7.562  ;
; M          ; f[46]       ; 7.527  ; 7.587  ; 7.878  ; 7.966  ;
; M          ; f[47]       ; 7.563  ; 7.494  ; 8.018  ; 7.940  ;
; M          ; f[48]       ; 8.930  ; 9.003  ; 9.316  ; 9.417  ;
; M          ; f[49]       ; 7.273  ; 7.351  ; 7.708  ; 7.805  ;
; M          ; f[50]       ; 7.850  ; 7.955  ; 8.268  ; 8.367  ;
; M          ; f[51]       ; 7.767  ; 7.866  ; 8.213  ; 8.281  ;
; M          ; f[52]       ; 6.908  ; 7.004  ; 7.330  ; 7.432  ;
; M          ; f[53]       ; 7.573  ; 7.603  ; 7.962  ; 8.020  ;
; M          ; f[54]       ; 7.874  ; 7.880  ; 8.231  ; 8.265  ;
; M          ; f[55]       ; 7.987  ; 7.959  ; 8.398  ; 8.398  ;
; M          ; f[56]       ; 8.010  ; 8.118  ; 8.463  ; 8.536  ;
; M          ; f[57]       ; 8.317  ; 8.422  ; 8.762  ; 8.873  ;
; M          ; f[58]       ; 8.298  ; 8.371  ; 8.668  ; 8.769  ;
; M          ; f[59]       ; 9.051  ; 9.044  ; 9.513  ; 9.500  ;
; M          ; f[60]       ; 7.769  ; 7.857  ; 8.221  ; 8.303  ;
; M          ; f[61]       ; 7.911  ; 7.971  ; 8.332  ; 8.420  ;
; M          ; f[62]       ; 8.072  ; 8.159  ; 8.523  ; 8.604  ;
; M          ; f[63]       ; 8.356  ; 8.299  ; 8.826  ; 8.760  ;
; a[0]       ; f[0]        ; 5.395  ; 5.337  ; 5.521  ; 5.457  ;
; a[0]       ; f[1]        ; 5.555  ; 5.616  ; 5.685  ; 5.740  ;
; a[0]       ; f[2]        ; 6.395  ; 6.471  ; 6.517  ; 6.558  ;
; a[0]       ; f[3]        ; 6.631  ; 6.599  ; 6.766  ; 6.703  ;
; a[1]       ; f[1]        ; 6.666  ; 6.723  ; 7.101  ; 7.130  ;
; a[1]       ; f[2]        ; 7.323  ; 7.399  ; 7.732  ; 7.773  ;
; a[1]       ; f[3]        ; 7.559  ; 7.527  ; 7.981  ; 7.918  ;
; a[2]       ; f[2]        ; 6.382  ; 6.451  ; 6.715  ; 6.790  ;
; a[2]       ; f[3]        ; 6.862  ; 6.830  ; 7.240  ; 7.177  ;
; a[3]       ; f[3]        ; 6.365  ; 6.308  ; 6.713  ; 6.650  ;
; a[3]       ; f[4]        ; 8.320  ; 8.380  ; 8.650  ; 8.738  ;
; a[3]       ; f[5]        ; 8.820  ; 8.923  ; 9.152  ; 9.235  ;
; a[3]       ; f[6]        ; 9.055  ; 9.143  ; 9.365  ; 9.447  ;
; a[3]       ; f[7]        ; 10.160 ; 10.106 ; 10.466 ; 10.377 ;
; a[3]       ; f[8]        ; 9.916  ; 10.003 ; 10.253 ; 10.368 ;
; a[3]       ; f[9]        ; 10.139 ; 10.207 ; 10.446 ; 10.542 ;
; a[3]       ; f[10]       ; 10.095 ; 10.196 ; 10.440 ; 10.510 ;
; a[3]       ; f[11]       ; 13.140 ; 13.052 ; 13.470 ; 13.370 ;
; a[3]       ; f[12]       ; 8.341  ; 8.401  ; 8.671  ; 8.759  ;
; a[3]       ; f[13]       ; 8.944  ; 9.026  ; 9.307  ; 9.383  ;
; a[3]       ; f[14]       ; 9.520  ; 9.500  ; 9.857  ; 9.831  ;
; a[3]       ; f[15]       ; 10.103 ; 10.092 ; 10.405 ; 10.365 ;
; a[3]       ; f[16]       ; 11.239 ; 11.352 ; 11.613 ; 11.714 ;
; a[3]       ; f[17]       ; 11.132 ; 11.199 ; 11.532 ; 11.655 ;
; a[3]       ; f[18]       ; 11.561 ; 11.649 ; 11.919 ; 11.979 ;
; a[3]       ; f[19]       ; 13.452 ; 13.537 ; 13.882 ; 14.027 ;
; a[3]       ; f[32]       ; 10.297 ; 10.408 ; 10.604 ; 10.743 ;
; a[3]       ; f[33]       ; 9.776  ; 9.800  ; 10.087 ; 10.162 ;
; a[3]       ; f[34]       ; 10.481 ; 10.612 ; 10.779 ; 10.879 ;
; a[3]       ; f[35]       ; 11.009 ; 11.093 ; 11.265 ; 11.337 ;
; a[3]       ; f[48]       ; 9.996  ; 10.069 ; 10.342 ; 10.443 ;
; a[3]       ; f[49]       ; 10.162 ; 10.245 ; 10.571 ; 10.668 ;
; a[3]       ; f[50]       ; 10.260 ; 10.365 ; 10.605 ; 10.704 ;
; a[3]       ; f[51]       ; 10.992 ; 11.091 ; 11.317 ; 11.385 ;
; a[4]       ; f[4]        ; 6.226  ; 6.312  ; 6.580  ; 6.672  ;
; a[4]       ; f[5]        ; 6.722  ; 6.824  ; 7.064  ; 7.147  ;
; a[4]       ; f[6]        ; 6.961  ; 7.049  ; 7.298  ; 7.380  ;
; a[4]       ; f[7]        ; 8.066  ; 8.012  ; 8.399  ; 8.310  ;
; a[5]       ; f[5]        ; 6.197  ; 6.293  ; 6.496  ; 6.598  ;
; a[5]       ; f[6]        ; 6.439  ; 6.527  ; 6.762  ; 6.844  ;
; a[5]       ; f[7]        ; 7.544  ; 7.490  ; 7.863  ; 7.774  ;
; a[6]       ; f[6]        ; 6.174  ; 6.231  ; 6.473  ; 6.561  ;
; a[6]       ; f[7]        ; 7.098  ; 7.044  ; 7.420  ; 7.331  ;
; a[7]       ; f[4]        ; 8.122  ; 8.182  ; 8.432  ; 8.520  ;
; a[7]       ; f[5]        ; 8.622  ; 8.725  ; 8.934  ; 9.017  ;
; a[7]       ; f[6]        ; 8.857  ; 8.945  ; 9.147  ; 9.229  ;
; a[7]       ; f[7]        ; 6.887  ; 6.805  ; 7.178  ; 7.090  ;
; a[7]       ; f[8]        ; 10.226 ; 10.313 ; 10.552 ; 10.667 ;
; a[7]       ; f[9]        ; 10.449 ; 10.517 ; 10.745 ; 10.841 ;
; a[7]       ; f[10]       ; 10.405 ; 10.506 ; 10.739 ; 10.809 ;
; a[7]       ; f[11]       ; 13.450 ; 13.362 ; 13.769 ; 13.669 ;
; a[7]       ; f[12]       ; 8.499  ; 8.559  ; 8.766  ; 8.854  ;
; a[7]       ; f[13]       ; 9.102  ; 9.184  ; 9.402  ; 9.478  ;
; a[7]       ; f[14]       ; 9.678  ; 9.658  ; 9.952  ; 9.926  ;
; a[7]       ; f[15]       ; 10.261 ; 10.250 ; 10.500 ; 10.460 ;
; a[7]       ; f[16]       ; 11.240 ; 11.353 ; 11.626 ; 11.727 ;
; a[7]       ; f[17]       ; 11.133 ; 11.200 ; 11.545 ; 11.668 ;
; a[7]       ; f[18]       ; 11.562 ; 11.650 ; 11.932 ; 11.992 ;
; a[7]       ; f[19]       ; 13.453 ; 13.538 ; 13.895 ; 14.040 ;
; a[7]       ; f[32]       ; 10.352 ; 10.463 ; 10.613 ; 10.752 ;
; a[7]       ; f[33]       ; 9.831  ; 9.855  ; 10.096 ; 10.171 ;
; a[7]       ; f[34]       ; 10.536 ; 10.667 ; 10.788 ; 10.888 ;
; a[7]       ; f[35]       ; 11.064 ; 11.148 ; 11.274 ; 11.346 ;
; a[7]       ; f[48]       ; 9.980  ; 10.053 ; 10.306 ; 10.407 ;
; a[7]       ; f[49]       ; 10.163 ; 10.246 ; 10.584 ; 10.681 ;
; a[7]       ; f[50]       ; 10.244 ; 10.349 ; 10.569 ; 10.668 ;
; a[7]       ; f[51]       ; 10.976 ; 11.075 ; 11.281 ; 11.349 ;
; a[8]       ; f[8]        ; 6.609  ; 6.697  ; 6.951  ; 7.068  ;
; a[8]       ; f[9]        ; 6.567  ; 6.635  ; 6.893  ; 6.989  ;
; a[8]       ; f[10]       ; 6.608  ; 6.709  ; 6.968  ; 7.038  ;
; a[8]       ; f[11]       ; 9.653  ; 9.565  ; 9.998  ; 9.898  ;
; a[9]       ; f[9]        ; 6.177  ; 6.271  ; 6.512  ; 6.612  ;
; a[9]       ; f[10]       ; 6.825  ; 6.926  ; 7.160  ; 7.230  ;
; a[9]       ; f[11]       ; 9.870  ; 9.782  ; 10.190 ; 10.090 ;
; a[10]      ; f[10]       ; 6.077  ; 6.172  ; 6.420  ; 6.521  ;
; a[10]      ; f[11]       ; 9.082  ; 8.994  ; 9.414  ; 9.314  ;
; a[11]      ; f[4]        ; 8.305  ; 8.365  ; 8.610  ; 8.698  ;
; a[11]      ; f[5]        ; 8.805  ; 8.908  ; 9.112  ; 9.195  ;
; a[11]      ; f[6]        ; 9.040  ; 9.128  ; 9.325  ; 9.407  ;
; a[11]      ; f[7]        ; 10.145 ; 10.091 ; 10.426 ; 10.337 ;
; a[11]      ; f[8]        ; 10.025 ; 10.112 ; 10.345 ; 10.460 ;
; a[11]      ; f[9]        ; 10.248 ; 10.316 ; 10.538 ; 10.634 ;
; a[11]      ; f[10]       ; 10.204 ; 10.305 ; 10.532 ; 10.602 ;
; a[11]      ; f[11]       ; 7.558  ; 7.468  ; 7.852  ; 7.731  ;
; a[11]      ; f[12]       ; 8.433  ; 8.493  ; 8.698  ; 8.786  ;
; a[11]      ; f[13]       ; 9.036  ; 9.118  ; 9.334  ; 9.410  ;
; a[11]      ; f[14]       ; 9.612  ; 9.592  ; 9.884  ; 9.858  ;
; a[11]      ; f[15]       ; 10.195 ; 10.184 ; 10.432 ; 10.392 ;
; a[11]      ; f[16]       ; 11.039 ; 11.152 ; 11.419 ; 11.520 ;
; a[11]      ; f[17]       ; 10.932 ; 10.999 ; 11.338 ; 11.461 ;
; a[11]      ; f[18]       ; 11.361 ; 11.449 ; 11.725 ; 11.785 ;
; a[11]      ; f[19]       ; 13.252 ; 13.337 ; 13.688 ; 13.833 ;
; a[11]      ; f[32]       ; 10.269 ; 10.380 ; 10.522 ; 10.661 ;
; a[11]      ; f[33]       ; 9.748  ; 9.772  ; 10.005 ; 10.080 ;
; a[11]      ; f[34]       ; 10.453 ; 10.584 ; 10.697 ; 10.797 ;
; a[11]      ; f[35]       ; 10.981 ; 11.065 ; 11.183 ; 11.255 ;
; a[11]      ; f[48]       ; 9.782  ; 9.855  ; 10.080 ; 10.181 ;
; a[11]      ; f[49]       ; 9.962  ; 10.045 ; 10.377 ; 10.474 ;
; a[11]      ; f[50]       ; 10.046 ; 10.151 ; 10.343 ; 10.442 ;
; a[11]      ; f[51]       ; 10.778 ; 10.877 ; 11.055 ; 11.123 ;
; a[12]      ; f[12]       ; 6.449  ; 6.535  ; 6.739  ; 6.831  ;
; a[12]      ; f[13]       ; 6.992  ; 7.074  ; 7.290  ; 7.366  ;
; a[12]      ; f[14]       ; 7.897  ; 7.877  ; 8.195  ; 8.169  ;
; a[12]      ; f[15]       ; 8.480  ; 8.469  ; 8.743  ; 8.703  ;
; a[13]      ; f[13]       ; 6.526  ; 6.604  ; 6.863  ; 6.913  ;
; a[13]      ; f[14]       ; 7.553  ; 7.533  ; 7.864  ; 7.838  ;
; a[13]      ; f[15]       ; 8.136  ; 8.125  ; 8.412  ; 8.372  ;
; a[14]      ; f[14]       ; 7.478  ; 7.424  ; 7.789  ; 7.770  ;
; a[14]      ; f[15]       ; 8.026  ; 8.015  ; 8.359  ; 8.319  ;
; a[15]      ; f[4]        ; 8.066  ; 8.126  ; 8.348  ; 8.436  ;
; a[15]      ; f[5]        ; 8.566  ; 8.669  ; 8.850  ; 8.933  ;
; a[15]      ; f[6]        ; 8.801  ; 8.889  ; 9.063  ; 9.145  ;
; a[15]      ; f[7]        ; 9.906  ; 9.852  ; 10.164 ; 10.075 ;
; a[15]      ; f[8]        ; 9.514  ; 9.601  ; 9.803  ; 9.918  ;
; a[15]      ; f[9]        ; 9.737  ; 9.805  ; 9.996  ; 10.092 ;
; a[15]      ; f[10]       ; 9.693  ; 9.794  ; 9.990  ; 10.060 ;
; a[15]      ; f[11]       ; 12.738 ; 12.650 ; 13.020 ; 12.920 ;
; a[15]      ; f[15]       ; 7.361  ; 7.323  ; 7.639  ; 7.629  ;
; a[15]      ; f[16]       ; 10.980 ; 11.093 ; 11.304 ; 11.405 ;
; a[15]      ; f[17]       ; 10.873 ; 10.940 ; 11.223 ; 11.346 ;
; a[15]      ; f[18]       ; 11.302 ; 11.390 ; 11.610 ; 11.670 ;
; a[15]      ; f[19]       ; 13.193 ; 13.278 ; 13.573 ; 13.718 ;
; a[15]      ; f[32]       ; 10.035 ; 10.146 ; 10.307 ; 10.446 ;
; a[15]      ; f[33]       ; 9.514  ; 9.538  ; 9.790  ; 9.865  ;
; a[15]      ; f[34]       ; 10.219 ; 10.350 ; 10.482 ; 10.582 ;
; a[15]      ; f[35]       ; 10.747 ; 10.831 ; 10.968 ; 11.040 ;
; a[15]      ; f[48]       ; 9.737  ; 9.810  ; 10.033 ; 10.134 ;
; a[15]      ; f[49]       ; 9.903  ; 9.986  ; 10.262 ; 10.359 ;
; a[15]      ; f[50]       ; 10.001 ; 10.106 ; 10.296 ; 10.395 ;
; a[15]      ; f[51]       ; 10.733 ; 10.832 ; 11.008 ; 11.076 ;
; a[16]      ; f[16]       ; 7.191  ; 7.319  ; 7.540  ; 7.674  ;
; a[16]      ; f[17]       ; 7.639  ; 7.706  ; 7.955  ; 8.078  ;
; a[16]      ; f[18]       ; 7.475  ; 7.563  ; 7.820  ; 7.880  ;
; a[16]      ; f[19]       ; 9.366  ; 9.451  ; 9.783  ; 9.928  ;
; a[17]      ; f[17]       ; 6.963  ; 7.055  ; 7.319  ; 7.417  ;
; a[17]      ; f[18]       ; 7.751  ; 7.839  ; 8.153  ; 8.213  ;
; a[17]      ; f[19]       ; 9.642  ; 9.727  ; 10.116 ; 10.261 ;
; a[18]      ; f[18]       ; 7.062  ; 7.148  ; 7.438  ; 7.496  ;
; a[18]      ; f[19]       ; 8.828  ; 8.913  ; 9.246  ; 9.391  ;
; a[19]      ; f[16]       ; 12.454 ; 12.567 ; 12.780 ; 12.881 ;
; a[19]      ; f[17]       ; 12.347 ; 12.414 ; 12.699 ; 12.822 ;
; a[19]      ; f[18]       ; 12.776 ; 12.864 ; 13.086 ; 13.146 ;
; a[19]      ; f[19]       ; 6.592  ; 6.702  ; 6.956  ; 7.072  ;
; a[19]      ; f[20]       ; 9.989  ; 10.094 ; 10.509 ; 10.594 ;
; a[19]      ; f[21]       ; 9.966  ; 9.999  ; 10.485 ; 10.546 ;
; a[19]      ; f[22]       ; 10.738 ; 10.837 ; 11.266 ; 11.334 ;
; a[19]      ; f[23]       ; 12.018 ; 11.948 ; 12.519 ; 12.420 ;
; a[19]      ; f[24]       ; 12.124 ; 12.210 ; 12.649 ; 12.729 ;
; a[19]      ; f[25]       ; 12.507 ; 12.560 ; 13.000 ; 13.081 ;
; a[19]      ; f[26]       ; 13.677 ; 13.667 ; 14.171 ; 14.189 ;
; a[19]      ; f[27]       ; 15.390 ; 15.270 ; 15.917 ; 15.825 ;
; a[19]      ; f[28]       ; 10.033 ; 10.076 ; 10.565 ; 10.596 ;
; a[19]      ; f[29]       ; 10.448 ; 10.551 ; 10.973 ; 11.070 ;
; a[19]      ; f[30]       ; 11.718 ; 11.717 ; 12.271 ; 12.264 ;
; a[19]      ; f[31]       ; 10.963 ; 10.871 ; 11.513 ; 11.415 ;
; a[19]      ; f[48]       ; 11.211 ; 11.284 ; 11.509 ; 11.610 ;
; a[19]      ; f[49]       ; 11.377 ; 11.460 ; 11.738 ; 11.835 ;
; a[19]      ; f[50]       ; 11.475 ; 11.580 ; 11.772 ; 11.871 ;
; a[19]      ; f[51]       ; 12.207 ; 12.306 ; 12.484 ; 12.552 ;
; a[20]      ; f[20]       ; 6.597  ; 6.695  ; 6.879  ; 6.983  ;
; a[20]      ; f[21]       ; 7.235  ; 7.268  ; 7.521  ; 7.582  ;
; a[20]      ; f[22]       ; 8.007  ; 8.106  ; 8.244  ; 8.312  ;
; a[20]      ; f[23]       ; 9.287  ; 9.217  ; 9.497  ; 9.398  ;
; a[21]      ; f[21]       ; 6.085  ; 6.144  ; 6.450  ; 6.515  ;
; a[21]      ; f[22]       ; 6.788  ; 6.887  ; 7.155  ; 7.223  ;
; a[21]      ; f[23]       ; 8.068  ; 7.998  ; 8.408  ; 8.309  ;
; a[22]      ; f[22]       ; 6.397  ; 6.490  ; 6.748  ; 6.847  ;
; a[22]      ; f[23]       ; 7.676  ; 7.606  ; 8.006  ; 7.907  ;
; a[23]      ; f[16]       ; 10.606 ; 10.719 ; 10.958 ; 11.059 ;
; a[23]      ; f[17]       ; 10.499 ; 10.566 ; 10.877 ; 11.000 ;
; a[23]      ; f[18]       ; 10.928 ; 11.016 ; 11.264 ; 11.324 ;
; a[23]      ; f[19]       ; 12.819 ; 12.904 ; 13.227 ; 13.372 ;
; a[23]      ; f[20]       ; 7.396  ; 7.501  ; 7.744  ; 7.829  ;
; a[23]      ; f[21]       ; 7.752  ; 7.785  ; 8.130  ; 8.191  ;
; a[23]      ; f[22]       ; 8.524  ; 8.623  ; 8.911  ; 8.979  ;
; a[23]      ; f[23]       ; 6.934  ; 6.837  ; 7.272  ; 7.203  ;
; a[23]      ; f[24]       ; 9.879  ; 9.965  ; 10.261 ; 10.341 ;
; a[23]      ; f[25]       ; 10.262 ; 10.315 ; 10.612 ; 10.693 ;
; a[23]      ; f[26]       ; 11.432 ; 11.422 ; 11.783 ; 11.801 ;
; a[23]      ; f[27]       ; 13.145 ; 13.025 ; 13.529 ; 13.437 ;
; a[23]      ; f[28]       ; 7.666  ; 7.709  ; 7.985  ; 8.016  ;
; a[23]      ; f[29]       ; 8.081  ; 8.184  ; 8.393  ; 8.490  ;
; a[23]      ; f[30]       ; 9.351  ; 9.350  ; 9.691  ; 9.684  ;
; a[23]      ; f[31]       ; 8.596  ; 8.504  ; 8.933  ; 8.835  ;
; a[23]      ; f[48]       ; 9.782  ; 9.855  ; 10.091 ; 10.192 ;
; a[23]      ; f[49]       ; 9.529  ; 9.612  ; 9.916  ; 10.013 ;
; a[23]      ; f[50]       ; 10.046 ; 10.151 ; 10.354 ; 10.453 ;
; a[23]      ; f[51]       ; 10.778 ; 10.877 ; 11.066 ; 11.134 ;
; a[24]      ; f[24]       ; 6.261  ; 6.316  ; 6.588  ; 6.674  ;
; a[24]      ; f[25]       ; 6.657  ; 6.710  ; 6.978  ; 7.059  ;
; a[24]      ; f[26]       ; 7.934  ; 7.924  ; 8.245  ; 8.263  ;
; a[24]      ; f[27]       ; 9.647  ; 9.527  ; 9.991  ; 9.899  ;
; a[25]      ; f[25]       ; 6.189  ; 6.256  ; 6.506  ; 6.591  ;
; a[25]      ; f[26]       ; 7.758  ; 7.748  ; 8.039  ; 8.057  ;
; a[25]      ; f[27]       ; 9.471  ; 9.351  ; 9.785  ; 9.693  ;
; a[26]      ; f[26]       ; 7.429  ; 7.421  ; 7.768  ; 7.788  ;
; a[26]      ; f[27]       ; 9.141  ; 9.021  ; 9.506  ; 9.414  ;
; a[27]      ; f[16]       ; 10.499 ; 10.612 ; 10.803 ; 10.904 ;
; a[27]      ; f[17]       ; 10.392 ; 10.459 ; 10.722 ; 10.845 ;
; a[27]      ; f[18]       ; 10.821 ; 10.909 ; 11.109 ; 11.169 ;
; a[27]      ; f[19]       ; 12.712 ; 12.797 ; 13.072 ; 13.217 ;
; a[27]      ; f[20]       ; 7.386  ; 7.491  ; 7.718  ; 7.803  ;
; a[27]      ; f[21]       ; 7.808  ; 7.841  ; 8.157  ; 8.218  ;
; a[27]      ; f[22]       ; 8.580  ; 8.679  ; 8.938  ; 9.006  ;
; a[27]      ; f[23]       ; 9.860  ; 9.790  ; 10.191 ; 10.092 ;
; a[27]      ; f[24]       ; 9.935  ; 10.021 ; 10.288 ; 10.368 ;
; a[27]      ; f[25]       ; 10.318 ; 10.371 ; 10.639 ; 10.720 ;
; a[27]      ; f[26]       ; 11.488 ; 11.478 ; 11.810 ; 11.828 ;
; a[27]      ; f[27]       ; 7.093  ; 6.975  ; 7.393  ; 7.269  ;
; a[27]      ; f[28]       ; 7.318  ; 7.361  ; 7.640  ; 7.671  ;
; a[27]      ; f[29]       ; 7.733  ; 7.836  ; 8.048  ; 8.145  ;
; a[27]      ; f[30]       ; 9.003  ; 9.002  ; 9.346  ; 9.339  ;
; a[27]      ; f[31]       ; 8.248  ; 8.156  ; 8.588  ; 8.490  ;
; a[27]      ; f[48]       ; 9.676  ; 9.749  ; 9.937  ; 10.038 ;
; a[27]      ; f[49]       ; 9.422  ; 9.505  ; 9.761  ; 9.858  ;
; a[27]      ; f[50]       ; 9.940  ; 10.045 ; 10.200 ; 10.299 ;
; a[27]      ; f[51]       ; 10.672 ; 10.771 ; 10.912 ; 10.980 ;
; a[28]      ; f[28]       ; 6.386  ; 6.444  ; 6.694  ; 6.758  ;
; a[28]      ; f[29]       ; 6.785  ; 6.888  ; 7.099  ; 7.196  ;
; a[28]      ; f[30]       ; 8.113  ; 8.112  ; 8.427  ; 8.420  ;
; a[28]      ; f[31]       ; 7.358  ; 7.266  ; 7.669  ; 7.571  ;
; a[29]      ; f[29]       ; 6.681  ; 6.780  ; 7.035  ; 7.106  ;
; a[29]      ; f[30]       ; 8.032  ; 8.031  ; 8.362  ; 8.355  ;
; a[29]      ; f[31]       ; 7.277  ; 7.185  ; 7.604  ; 7.506  ;
; a[30]      ; f[30]       ; 7.758  ; 7.753  ; 8.113  ; 8.080  ;
; a[30]      ; f[31]       ; 7.061  ; 6.969  ; 7.438  ; 7.340  ;
; a[31]      ; f[16]       ; 10.751 ; 10.864 ; 11.068 ; 11.169 ;
; a[31]      ; f[17]       ; 10.644 ; 10.711 ; 10.987 ; 11.110 ;
; a[31]      ; f[18]       ; 11.073 ; 11.161 ; 11.374 ; 11.434 ;
; a[31]      ; f[19]       ; 12.964 ; 13.049 ; 13.337 ; 13.482 ;
; a[31]      ; f[20]       ; 7.010  ; 7.115  ; 7.311  ; 7.396  ;
; a[31]      ; f[21]       ; 7.478  ; 7.511  ; 7.781  ; 7.842  ;
; a[31]      ; f[22]       ; 8.250  ; 8.349  ; 8.562  ; 8.630  ;
; a[31]      ; f[23]       ; 9.530  ; 9.460  ; 9.815  ; 9.716  ;
; a[31]      ; f[24]       ; 9.138  ; 9.224  ; 9.437  ; 9.517  ;
; a[31]      ; f[25]       ; 9.521  ; 9.574  ; 9.788  ; 9.869  ;
; a[31]      ; f[26]       ; 10.691 ; 10.681 ; 10.959 ; 10.977 ;
; a[31]      ; f[27]       ; 12.404 ; 12.284 ; 12.705 ; 12.613 ;
; a[31]      ; f[31]       ; 6.904  ; 6.839  ; 7.184  ; 7.107  ;
; a[31]      ; f[48]       ; 9.508  ; 9.581  ; 9.797  ; 9.898  ;
; a[31]      ; f[49]       ; 9.674  ; 9.757  ; 10.026 ; 10.123 ;
; a[31]      ; f[50]       ; 9.772  ; 9.877  ; 10.060 ; 10.159 ;
; a[31]      ; f[51]       ; 10.504 ; 10.603 ; 10.772 ; 10.840 ;
; a[32]      ; f[32]       ; 7.533  ; 7.651  ; 7.870  ; 8.014  ;
; a[32]      ; f[33]       ; 7.485  ; 7.509  ; 7.809  ; 7.884  ;
; a[32]      ; f[34]       ; 7.569  ; 7.700  ; 7.914  ; 8.014  ;
; a[32]      ; f[35]       ; 8.097  ; 8.181  ; 8.400  ; 8.472  ;
; a[33]      ; f[33]       ; 7.339  ; 7.402  ; 7.819  ; 7.868  ;
; a[33]      ; f[34]       ; 8.345  ; 8.476  ; 8.807  ; 8.907  ;
; a[33]      ; f[35]       ; 8.873  ; 8.957  ; 9.293  ; 9.365  ;
; a[34]      ; f[34]       ; 5.602  ; 5.727  ; 5.766  ; 5.897  ;
; a[34]      ; f[35]       ; 6.129  ; 6.213  ; 6.287  ; 6.359  ;
; a[35]      ; f[16]       ; 8.988  ; 9.101  ; 9.343  ; 9.444  ;
; a[35]      ; f[17]       ; 9.256  ; 9.323  ; 9.639  ; 9.762  ;
; a[35]      ; f[18]       ; 9.310  ; 9.398  ; 9.649  ; 9.709  ;
; a[35]      ; f[19]       ; 11.201 ; 11.286 ; 11.612 ; 11.757 ;
; a[35]      ; f[32]       ; 9.526  ; 9.637  ; 9.869  ; 10.008 ;
; a[35]      ; f[33]       ; 9.281  ; 9.305  ; 9.644  ; 9.719  ;
; a[35]      ; f[34]       ; 9.710  ; 9.841  ; 10.044 ; 10.144 ;
; a[35]      ; f[35]       ; 7.781  ; 7.880  ; 8.124  ; 8.229  ;
; a[35]      ; f[36]       ; 7.616  ; 7.647  ; 7.920  ; 7.979  ;
; a[35]      ; f[37]       ; 7.549  ; 7.611  ; 7.882  ; 7.938  ;
; a[35]      ; f[38]       ; 8.181  ; 8.246  ; 8.475  ; 8.512  ;
; a[35]      ; f[39]       ; 9.281  ; 9.223  ; 9.588  ; 9.521  ;
; a[35]      ; f[40]       ; 8.749  ; 8.805  ; 9.081  ; 9.165  ;
; a[35]      ; f[41]       ; 9.173  ; 9.229  ; 9.479  ; 9.563  ;
; a[35]      ; f[42]       ; 9.181  ; 9.267  ; 9.528  ; 9.583  ;
; a[35]      ; f[43]       ; 9.530  ; 9.468  ; 9.891  ; 9.820  ;
; a[35]      ; f[44]       ; 9.180  ; 9.235  ; 9.480  ; 9.563  ;
; a[35]      ; f[45]       ; 9.648  ; 9.732  ; 9.949  ; 10.005 ;
; a[35]      ; f[46]       ; 9.615  ; 9.675  ; 9.891  ; 9.979  ;
; a[35]      ; f[47]       ; 10.261 ; 10.192 ; 10.595 ; 10.517 ;
; a[36]      ; f[36]       ; 6.582  ; 6.639  ; 6.929  ; 6.992  ;
; a[36]      ; f[37]       ; 7.019  ; 7.050  ; 7.351  ; 7.411  ;
; a[36]      ; f[38]       ; 7.713  ; 7.778  ; 8.060  ; 8.097  ;
; a[36]      ; f[39]       ; 8.813  ; 8.755  ; 9.173  ; 9.106  ;
; a[37]      ; f[37]       ; 5.120  ; 5.149  ; 5.334  ; 5.375  ;
; a[37]      ; f[38]       ; 5.336  ; 5.401  ; 5.538  ; 5.575  ;
; a[37]      ; f[39]       ; 6.436  ; 6.378  ; 6.651  ; 6.584  ;
; a[38]      ; f[38]       ; 6.362  ; 6.398  ; 6.678  ; 6.743  ;
; a[38]      ; f[39]       ; 7.237  ; 7.179  ; 7.577  ; 7.510  ;
; a[39]      ; f[16]       ; 9.673  ; 9.786  ; 9.964  ; 10.065 ;
; a[39]      ; f[17]       ; 9.722  ; 9.789  ; 10.056 ; 10.179 ;
; a[39]      ; f[18]       ; 9.995  ; 10.083 ; 10.270 ; 10.330 ;
; a[39]      ; f[19]       ; 11.886 ; 11.971 ; 12.233 ; 12.378 ;
; a[39]      ; f[32]       ; 10.051 ; 10.162 ; 10.321 ; 10.460 ;
; a[39]      ; f[33]       ; 9.747  ; 9.771  ; 10.061 ; 10.136 ;
; a[39]      ; f[34]       ; 10.235 ; 10.366 ; 10.496 ; 10.596 ;
; a[39]      ; f[35]       ; 10.763 ; 10.847 ; 10.982 ; 11.054 ;
; a[39]      ; f[36]       ; 7.726  ; 7.757  ; 8.027  ; 8.086  ;
; a[39]      ; f[37]       ; 7.955  ; 8.017  ; 8.283  ; 8.339  ;
; a[39]      ; f[38]       ; 8.587  ; 8.652  ; 8.876  ; 8.913  ;
; a[39]      ; f[39]       ; 6.970  ; 6.887  ; 7.321  ; 7.232  ;
; a[39]      ; f[40]       ; 9.849  ; 9.905  ; 10.121 ; 10.205 ;
; a[39]      ; f[41]       ; 10.273 ; 10.329 ; 10.519 ; 10.603 ;
; a[39]      ; f[42]       ; 10.281 ; 10.367 ; 10.568 ; 10.623 ;
; a[39]      ; f[43]       ; 10.630 ; 10.568 ; 10.931 ; 10.860 ;
; a[39]      ; f[44]       ; 8.585  ; 8.640  ; 8.896  ; 8.979  ;
; a[39]      ; f[45]       ; 9.053  ; 9.137  ; 9.365  ; 9.421  ;
; a[39]      ; f[46]       ; 9.020  ; 9.080  ; 9.307  ; 9.395  ;
; a[39]      ; f[47]       ; 9.666  ; 9.597  ; 10.011 ; 9.933  ;
; a[40]      ; f[40]       ; 6.363  ; 6.445  ; 6.688  ; 6.776  ;
; a[40]      ; f[41]       ; 6.788  ; 6.844  ; 7.087  ; 7.171  ;
; a[40]      ; f[42]       ; 7.012  ; 7.098  ; 7.337  ; 7.392  ;
; a[40]      ; f[43]       ; 7.361  ; 7.299  ; 7.700  ; 7.629  ;
; a[41]      ; f[41]       ; 6.210  ; 6.292  ; 6.570  ; 6.658  ;
; a[41]      ; f[42]       ; 6.609  ; 6.695  ; 6.984  ; 7.039  ;
; a[41]      ; f[43]       ; 6.958  ; 6.896  ; 7.347  ; 7.276  ;
; a[42]      ; f[42]       ; 6.138  ; 6.218  ; 6.485  ; 6.571  ;
; a[42]      ; f[43]       ; 6.812  ; 6.750  ; 7.212  ; 7.141  ;
; a[43]      ; f[16]       ; 9.980  ; 10.093 ; 10.258 ; 10.359 ;
; a[43]      ; f[17]       ; 10.029 ; 10.096 ; 10.350 ; 10.473 ;
; a[43]      ; f[18]       ; 10.302 ; 10.390 ; 10.564 ; 10.624 ;
; a[43]      ; f[19]       ; 12.193 ; 12.278 ; 12.527 ; 12.672 ;
; a[43]      ; f[32]       ; 10.358 ; 10.469 ; 10.615 ; 10.754 ;
; a[43]      ; f[33]       ; 10.054 ; 10.078 ; 10.355 ; 10.430 ;
; a[43]      ; f[34]       ; 10.542 ; 10.673 ; 10.790 ; 10.890 ;
; a[43]      ; f[35]       ; 11.070 ; 11.154 ; 11.276 ; 11.348 ;
; a[43]      ; f[36]       ; 8.582  ; 8.613  ; 8.889  ; 8.948  ;
; a[43]      ; f[37]       ; 9.195  ; 9.257  ; 9.536  ; 9.592  ;
; a[43]      ; f[38]       ; 9.827  ; 9.892  ; 10.129 ; 10.166 ;
; a[43]      ; f[39]       ; 10.927 ; 10.869 ; 11.242 ; 11.175 ;
; a[43]      ; f[40]       ; 11.089 ; 11.145 ; 11.374 ; 11.458 ;
; a[43]      ; f[41]       ; 11.513 ; 11.569 ; 11.772 ; 11.856 ;
; a[43]      ; f[42]       ; 11.521 ; 11.607 ; 11.821 ; 11.876 ;
; a[43]      ; f[43]       ; 6.170  ; 6.083  ; 6.526  ; 6.433  ;
; a[43]      ; f[44]       ; 9.954  ; 10.009 ; 10.274 ; 10.357 ;
; a[43]      ; f[45]       ; 10.422 ; 10.506 ; 10.743 ; 10.799 ;
; a[43]      ; f[46]       ; 10.389 ; 10.449 ; 10.685 ; 10.773 ;
; a[43]      ; f[47]       ; 11.035 ; 10.966 ; 11.389 ; 11.311 ;
; a[44]      ; f[44]       ; 6.275  ; 6.331  ; 6.613  ; 6.698  ;
; a[44]      ; f[45]       ; 6.742  ; 6.826  ; 7.077  ; 7.133  ;
; a[44]      ; f[46]       ; 6.748  ; 6.808  ; 7.054  ; 7.142  ;
; a[44]      ; f[47]       ; 7.394  ; 7.325  ; 7.758  ; 7.680  ;
; a[45]      ; f[45]       ; 6.100  ; 6.182  ; 6.474  ; 6.541  ;
; a[45]      ; f[46]       ; 6.364  ; 6.424  ; 6.692  ; 6.780  ;
; a[45]      ; f[47]       ; 7.010  ; 6.941  ; 7.396  ; 7.318  ;
; a[46]      ; f[46]       ; 6.021  ; 6.107  ; 6.381  ; 6.473  ;
; a[46]      ; f[47]       ; 6.696  ; 6.627  ; 7.088  ; 7.010  ;
; a[47]      ; f[16]       ; 10.057 ; 10.170 ; 10.379 ; 10.480 ;
; a[47]      ; f[17]       ; 10.325 ; 10.392 ; 10.675 ; 10.798 ;
; a[47]      ; f[18]       ; 10.379 ; 10.467 ; 10.685 ; 10.745 ;
; a[47]      ; f[19]       ; 12.270 ; 12.355 ; 12.648 ; 12.793 ;
; a[47]      ; f[32]       ; 10.595 ; 10.706 ; 10.905 ; 11.044 ;
; a[47]      ; f[33]       ; 10.350 ; 10.374 ; 10.680 ; 10.755 ;
; a[47]      ; f[34]       ; 10.779 ; 10.910 ; 11.080 ; 11.180 ;
; a[47]      ; f[35]       ; 11.307 ; 11.391 ; 11.566 ; 11.638 ;
; a[47]      ; f[36]       ; 8.813  ; 8.844  ; 9.169  ; 9.228  ;
; a[47]      ; f[37]       ; 9.129  ; 9.191  ; 9.546  ; 9.602  ;
; a[47]      ; f[38]       ; 9.761  ; 9.826  ; 10.139 ; 10.176 ;
; a[47]      ; f[39]       ; 10.861 ; 10.803 ; 11.252 ; 11.185 ;
; a[47]      ; f[40]       ; 9.438  ; 9.494  ; 9.761  ; 9.845  ;
; a[47]      ; f[41]       ; 9.862  ; 9.918  ; 10.159 ; 10.243 ;
; a[47]      ; f[42]       ; 9.870  ; 9.956  ; 10.208 ; 10.263 ;
; a[47]      ; f[43]       ; 10.219 ; 10.157 ; 10.571 ; 10.500 ;
; a[47]      ; f[47]       ; 6.260  ; 6.166  ; 6.609  ; 6.509  ;
; a[48]      ; f[48]       ; 6.175  ; 6.274  ; 6.492  ; 6.597  ;
; a[48]      ; f[49]       ; 6.693  ; 6.776  ; 7.016  ; 7.113  ;
; a[48]      ; f[50]       ; 6.660  ; 6.765  ; 6.971  ; 7.070  ;
; a[48]      ; f[51]       ; 7.392  ; 7.491  ; 7.683  ; 7.751  ;
; a[49]      ; f[49]       ; 6.067  ; 6.160  ; 6.389  ; 6.488  ;
; a[49]      ; f[50]       ; 6.259  ; 6.364  ; 6.586  ; 6.685  ;
; a[49]      ; f[51]       ; 6.991  ; 7.090  ; 7.298  ; 7.366  ;
; a[50]      ; f[50]       ; 6.171  ; 6.272  ; 6.538  ; 6.637  ;
; a[50]      ; f[51]       ; 6.561  ; 6.660  ; 6.921  ; 6.989  ;
; a[51]      ; f[16]       ; 9.934  ; 10.047 ; 10.254 ; 10.355 ;
; a[51]      ; f[17]       ; 10.202 ; 10.269 ; 10.550 ; 10.673 ;
; a[51]      ; f[18]       ; 10.256 ; 10.344 ; 10.560 ; 10.620 ;
; a[51]      ; f[19]       ; 12.147 ; 12.232 ; 12.523 ; 12.668 ;
; a[51]      ; f[32]       ; 10.472 ; 10.583 ; 10.780 ; 10.919 ;
; a[51]      ; f[33]       ; 10.227 ; 10.251 ; 10.555 ; 10.630 ;
; a[51]      ; f[34]       ; 10.656 ; 10.787 ; 10.955 ; 11.055 ;
; a[51]      ; f[35]       ; 11.184 ; 11.268 ; 11.441 ; 11.513 ;
; a[51]      ; f[48]       ; 11.040 ; 11.113 ; 11.354 ; 11.455 ;
; a[51]      ; f[49]       ; 11.102 ; 11.185 ; 11.447 ; 11.544 ;
; a[51]      ; f[50]       ; 11.304 ; 11.409 ; 11.617 ; 11.716 ;
; a[51]      ; f[51]       ; 6.400  ; 6.493  ; 6.740  ; 6.839  ;
; a[51]      ; f[52]       ; 7.971  ; 8.042  ; 8.329  ; 8.429  ;
; a[51]      ; f[53]       ; 8.509  ; 8.547  ; 8.853  ; 8.882  ;
; a[51]      ; f[54]       ; 8.715  ; 8.721  ; 9.018  ; 9.052  ;
; a[51]      ; f[55]       ; 9.322  ; 9.294  ; 9.635  ; 9.635  ;
; a[51]      ; f[56]       ; 10.069 ; 10.177 ; 10.438 ; 10.511 ;
; a[51]      ; f[57]       ; 11.150 ; 11.220 ; 11.503 ; 11.621 ;
; a[51]      ; f[58]       ; 10.496 ; 10.569 ; 10.803 ; 10.904 ;
; a[51]      ; f[59]       ; 12.006 ; 11.999 ; 12.319 ; 12.306 ;
; a[51]      ; f[60]       ; 8.977  ; 9.065  ; 9.313  ; 9.395  ;
; a[51]      ; f[61]       ; 9.397  ; 9.457  ; 9.706  ; 9.794  ;
; a[51]      ; f[62]       ; 9.280  ; 9.367  ; 9.615  ; 9.696  ;
; a[51]      ; f[63]       ; 10.124 ; 10.067 ; 10.451 ; 10.385 ;
; a[52]      ; f[52]       ; 6.408  ; 6.479  ; 6.735  ; 6.866  ;
; a[52]      ; f[53]       ; 6.748  ; 6.786  ; 7.083  ; 7.112  ;
; a[52]      ; f[54]       ; 6.954  ; 6.960  ; 7.248  ; 7.282  ;
; a[52]      ; f[55]       ; 7.561  ; 7.533  ; 7.865  ; 7.865  ;
; a[53]      ; f[53]       ; 6.343  ; 6.399  ; 6.697  ; 6.759  ;
; a[53]      ; f[54]       ; 6.639  ; 6.645  ; 6.973  ; 7.007  ;
; a[53]      ; f[55]       ; 7.246  ; 7.218  ; 7.590  ; 7.590  ;
; a[54]      ; f[54]       ; 6.255  ; 6.287  ; 6.570  ; 6.608  ;
; a[54]      ; f[55]       ; 6.889  ; 6.861  ; 7.190  ; 7.190  ;
; a[55]      ; f[16]       ; 10.095 ; 10.208 ; 10.414 ; 10.515 ;
; a[55]      ; f[17]       ; 10.144 ; 10.211 ; 10.506 ; 10.629 ;
; a[55]      ; f[18]       ; 10.417 ; 10.505 ; 10.720 ; 10.780 ;
; a[55]      ; f[19]       ; 12.308 ; 12.393 ; 12.683 ; 12.828 ;
; a[55]      ; f[32]       ; 10.473 ; 10.584 ; 10.771 ; 10.910 ;
; a[55]      ; f[33]       ; 10.169 ; 10.193 ; 10.511 ; 10.586 ;
; a[55]      ; f[34]       ; 10.657 ; 10.788 ; 10.946 ; 11.046 ;
; a[55]      ; f[35]       ; 11.185 ; 11.269 ; 11.432 ; 11.504 ;
; a[55]      ; f[48]       ; 10.085 ; 10.158 ; 10.434 ; 10.535 ;
; a[55]      ; f[49]       ; 10.147 ; 10.230 ; 10.527 ; 10.624 ;
; a[55]      ; f[50]       ; 10.349 ; 10.454 ; 10.697 ; 10.796 ;
; a[55]      ; f[51]       ; 11.081 ; 11.180 ; 11.409 ; 11.477 ;
; a[55]      ; f[52]       ; 7.485  ; 7.556  ; 7.853  ; 7.953  ;
; a[55]      ; f[53]       ; 8.023  ; 8.061  ; 8.377  ; 8.406  ;
; a[55]      ; f[54]       ; 8.229  ; 8.235  ; 8.542  ; 8.576  ;
; a[55]      ; f[55]       ; 6.746  ; 6.720  ; 7.074  ; 7.042  ;
; a[55]      ; f[56]       ; 9.104  ; 9.212  ; 9.490  ; 9.563  ;
; a[55]      ; f[57]       ; 10.185 ; 10.255 ; 10.555 ; 10.673 ;
; a[55]      ; f[58]       ; 9.531  ; 9.604  ; 9.855  ; 9.956  ;
; a[55]      ; f[59]       ; 11.041 ; 11.034 ; 11.371 ; 11.358 ;
; a[55]      ; f[60]       ; 8.450  ; 8.538  ; 8.801  ; 8.883  ;
; a[55]      ; f[61]       ; 8.870  ; 8.930  ; 9.194  ; 9.282  ;
; a[55]      ; f[62]       ; 8.753  ; 8.840  ; 9.103  ; 9.184  ;
; a[55]      ; f[63]       ; 9.597  ; 9.540  ; 9.939  ; 9.873  ;
; a[56]      ; f[56]       ; 6.409  ; 6.510  ; 6.698  ; 6.805  ;
; a[56]      ; f[57]       ; 7.894  ; 7.964  ; 8.159  ; 8.277  ;
; a[56]      ; f[58]       ; 6.777  ; 6.850  ; 7.041  ; 7.142  ;
; a[56]      ; f[59]       ; 8.287  ; 8.280  ; 8.557  ; 8.544  ;
; a[57]      ; f[57]       ; 7.284  ; 7.391  ; 7.678  ; 7.757  ;
; a[57]      ; f[58]       ; 6.846  ; 6.919  ; 7.184  ; 7.285  ;
; a[57]      ; f[59]       ; 8.356  ; 8.349  ; 8.700  ; 8.687  ;
; a[58]      ; f[58]       ; 6.195  ; 6.294  ; 6.544  ; 6.649  ;
; a[58]      ; f[59]       ; 7.733  ; 7.726  ; 8.061  ; 8.048  ;
; a[59]      ; f[16]       ; 9.057  ; 9.170  ; 9.392  ; 9.493  ;
; a[59]      ; f[17]       ; 9.106  ; 9.173  ; 9.484  ; 9.607  ;
; a[59]      ; f[18]       ; 9.379  ; 9.467  ; 9.698  ; 9.758  ;
; a[59]      ; f[19]       ; 11.270 ; 11.355 ; 11.661 ; 11.806 ;
; a[59]      ; f[32]       ; 9.435  ; 9.546  ; 9.749  ; 9.888  ;
; a[59]      ; f[33]       ; 9.131  ; 9.155  ; 9.489  ; 9.564  ;
; a[59]      ; f[34]       ; 9.619  ; 9.750  ; 9.924  ; 10.024 ;
; a[59]      ; f[35]       ; 10.147 ; 10.231 ; 10.410 ; 10.482 ;
; a[59]      ; f[48]       ; 9.866  ; 9.939  ; 10.147 ; 10.248 ;
; a[59]      ; f[49]       ; 9.928  ; 10.011 ; 10.240 ; 10.337 ;
; a[59]      ; f[50]       ; 10.130 ; 10.235 ; 10.410 ; 10.509 ;
; a[59]      ; f[51]       ; 10.862 ; 10.961 ; 11.122 ; 11.190 ;
; a[59]      ; f[52]       ; 9.157  ; 9.228  ; 9.487  ; 9.587  ;
; a[59]      ; f[53]       ; 9.695  ; 9.733  ; 10.011 ; 10.040 ;
; a[59]      ; f[54]       ; 9.901  ; 9.907  ; 10.176 ; 10.210 ;
; a[59]      ; f[55]       ; 10.508 ; 10.480 ; 10.793 ; 10.793 ;
; a[59]      ; f[56]       ; 8.904  ; 9.012  ; 9.230  ; 9.303  ;
; a[59]      ; f[57]       ; 9.985  ; 10.055 ; 10.295 ; 10.413 ;
; a[59]      ; f[58]       ; 9.331  ; 9.404  ; 9.595  ; 9.696  ;
; a[59]      ; f[59]       ; 7.845  ; 7.866  ; 8.166  ; 8.152  ;
; a[59]      ; f[60]       ; 6.441  ; 6.529  ; 6.794  ; 6.876  ;
; a[59]      ; f[61]       ; 6.861  ; 6.921  ; 7.187  ; 7.275  ;
; a[59]      ; f[62]       ; 6.744  ; 6.831  ; 7.096  ; 7.177  ;
; a[59]      ; f[63]       ; 7.588  ; 7.531  ; 7.932  ; 7.866  ;
; a[60]      ; f[60]       ; 6.209  ; 6.293  ; 6.577  ; 6.633  ;
; a[60]      ; f[61]       ; 6.725  ; 6.785  ; 7.045  ; 7.133  ;
; a[60]      ; f[62]       ; 6.611  ; 6.698  ; 6.952  ; 7.033  ;
; a[60]      ; f[63]       ; 7.455  ; 7.398  ; 7.788  ; 7.722  ;
; a[61]      ; f[61]       ; 6.168  ; 6.230  ; 6.489  ; 6.579  ;
; a[61]      ; f[62]       ; 6.350  ; 6.437  ; 6.666  ; 6.747  ;
; a[61]      ; f[63]       ; 7.194  ; 7.137  ; 7.502  ; 7.436  ;
; a[62]      ; f[62]       ; 6.046  ; 6.129  ; 6.416  ; 6.471  ;
; a[62]      ; f[63]       ; 6.886  ; 6.829  ; 7.282  ; 7.216  ;
; a[63]      ; f[16]       ; 9.695  ; 9.808  ; 10.014 ; 10.115 ;
; a[63]      ; f[17]       ; 9.963  ; 10.030 ; 10.310 ; 10.433 ;
; a[63]      ; f[18]       ; 10.017 ; 10.105 ; 10.320 ; 10.380 ;
; a[63]      ; f[19]       ; 11.908 ; 11.993 ; 12.283 ; 12.428 ;
; a[63]      ; f[32]       ; 10.233 ; 10.344 ; 10.540 ; 10.679 ;
; a[63]      ; f[33]       ; 9.988  ; 10.012 ; 10.315 ; 10.390 ;
; a[63]      ; f[34]       ; 10.417 ; 10.548 ; 10.715 ; 10.815 ;
; a[63]      ; f[35]       ; 10.945 ; 11.029 ; 11.201 ; 11.273 ;
; a[63]      ; f[48]       ; 9.919  ; 9.992  ; 10.244 ; 10.345 ;
; a[63]      ; f[49]       ; 9.981  ; 10.064 ; 10.337 ; 10.434 ;
; a[63]      ; f[50]       ; 10.183 ; 10.288 ; 10.507 ; 10.606 ;
; a[63]      ; f[51]       ; 10.915 ; 11.014 ; 11.219 ; 11.287 ;
; a[63]      ; f[52]       ; 8.846  ; 8.917  ; 9.199  ; 9.299  ;
; a[63]      ; f[53]       ; 9.384  ; 9.422  ; 9.723  ; 9.752  ;
; a[63]      ; f[54]       ; 9.590  ; 9.596  ; 9.888  ; 9.922  ;
; a[63]      ; f[55]       ; 10.197 ; 10.169 ; 10.505 ; 10.505 ;
; a[63]      ; f[56]       ; 6.666  ; 6.774  ; 7.041  ; 7.114  ;
; a[63]      ; f[57]       ; 7.895  ; 7.965  ; 8.243  ; 8.361  ;
; a[63]      ; f[58]       ; 7.093  ; 7.166  ; 7.406  ; 7.507  ;
; a[63]      ; f[59]       ; 8.603  ; 8.596  ; 8.922  ; 8.909  ;
; a[63]      ; f[63]       ; 6.636  ; 6.554  ; 6.961  ; 6.873  ;
; b[0]       ; f[0]        ; 6.303  ; 6.245  ; 6.619  ; 6.557  ;
; b[0]       ; f[1]        ; 6.463  ; 6.524  ; 6.779  ; 6.840  ;
; b[0]       ; f[2]        ; 7.303  ; 7.348  ; 7.617  ; 7.658  ;
; b[0]       ; f[3]        ; 7.539  ; 7.493  ; 7.855  ; 7.803  ;
; b[1]       ; f[1]        ; 6.295  ; 6.329  ; 6.610  ; 6.650  ;
; b[1]       ; f[2]        ; 7.074  ; 7.115  ; 7.365  ; 7.441  ;
; b[1]       ; f[3]        ; 7.318  ; 7.260  ; 7.601  ; 7.569  ;
; b[2]       ; f[2]        ; 6.286  ; 6.361  ; 6.603  ; 6.672  ;
; b[2]       ; f[3]        ; 6.750  ; 6.718  ; 7.119  ; 7.061  ;
; b[3]       ; f[3]        ; 6.494  ; 6.431  ; 6.797  ; 6.740  ;
; b[3]       ; f[4]        ; 8.430  ; 8.490  ; 8.731  ; 8.819  ;
; b[3]       ; f[5]        ; 8.930  ; 9.033  ; 9.233  ; 9.316  ;
; b[3]       ; f[6]        ; 9.165  ; 9.253  ; 9.446  ; 9.528  ;
; b[3]       ; f[7]        ; 10.270 ; 10.210 ; 10.547 ; 10.458 ;
; b[3]       ; f[8]        ; 10.026 ; 10.113 ; 10.334 ; 10.449 ;
; b[3]       ; f[9]        ; 10.249 ; 10.317 ; 10.527 ; 10.623 ;
; b[3]       ; f[10]       ; 10.205 ; 10.306 ; 10.521 ; 10.591 ;
; b[3]       ; f[11]       ; 13.250 ; 13.162 ; 13.551 ; 13.451 ;
; b[3]       ; f[12]       ; 8.451  ; 8.511  ; 8.752  ; 8.840  ;
; b[3]       ; f[13]       ; 9.054  ; 9.136  ; 9.388  ; 9.464  ;
; b[3]       ; f[14]       ; 9.630  ; 9.610  ; 9.938  ; 9.912  ;
; b[3]       ; f[15]       ; 10.213 ; 10.198 ; 10.486 ; 10.446 ;
; b[3]       ; f[16]       ; 11.349 ; 11.462 ; 11.694 ; 11.795 ;
; b[3]       ; f[17]       ; 11.242 ; 11.309 ; 11.612 ; 11.679 ;
; b[3]       ; f[18]       ; 11.671 ; 11.759 ; 12.000 ; 12.060 ;
; b[3]       ; f[19]       ; 13.562 ; 13.647 ; 13.932 ; 14.017 ;
; b[3]       ; f[32]       ; 10.385 ; 10.524 ; 10.729 ; 10.840 ;
; b[3]       ; f[33]       ; 9.868  ; 9.938  ; 10.208 ; 10.232 ;
; b[3]       ; f[34]       ; 10.560 ; 10.660 ; 10.913 ; 11.036 ;
; b[3]       ; f[35]       ; 11.046 ; 11.118 ; 11.422 ; 11.494 ;
; b[3]       ; f[48]       ; 10.106 ; 10.179 ; 10.423 ; 10.524 ;
; b[3]       ; f[49]       ; 10.272 ; 10.355 ; 10.642 ; 10.725 ;
; b[3]       ; f[50]       ; 10.370 ; 10.475 ; 10.686 ; 10.785 ;
; b[3]       ; f[51]       ; 11.102 ; 11.201 ; 11.398 ; 11.466 ;
; b[4]       ; f[4]        ; 6.022  ; 6.108  ; 6.347  ; 6.438  ;
; b[4]       ; f[5]        ; 6.507  ; 6.609  ; 6.837  ; 6.935  ;
; b[4]       ; f[6]        ; 6.741  ; 6.823  ; 7.065  ; 7.147  ;
; b[4]       ; f[7]        ; 7.842  ; 7.753  ; 8.166  ; 8.077  ;
; b[5]       ; f[5]        ; 6.237  ; 6.333  ; 6.577  ; 6.679  ;
; b[5]       ; f[6]        ; 6.579  ; 6.661  ; 6.900  ; 6.988  ;
; b[5]       ; f[7]        ; 7.680  ; 7.591  ; 8.005  ; 7.951  ;
; b[6]       ; f[6]        ; 6.310  ; 6.394  ; 6.598  ; 6.678  ;
; b[6]       ; f[7]        ; 7.233  ; 7.171  ; 7.521  ; 7.453  ;
; b[7]       ; f[4]        ; 7.891  ; 7.979  ; 8.213  ; 8.301  ;
; b[7]       ; f[5]        ; 8.393  ; 8.476  ; 8.715  ; 8.798  ;
; b[7]       ; f[6]        ; 8.606  ; 8.688  ; 8.928  ; 9.010  ;
; b[7]       ; f[7]        ; 6.656  ; 6.568  ; 6.977  ; 6.889  ;
; b[7]       ; f[8]        ; 10.011 ; 10.121 ; 10.333 ; 10.448 ;
; b[7]       ; f[9]        ; 10.204 ; 10.300 ; 10.526 ; 10.622 ;
; b[7]       ; f[10]       ; 10.198 ; 10.268 ; 10.520 ; 10.590 ;
; b[7]       ; f[11]       ; 13.228 ; 13.128 ; 13.550 ; 13.450 ;
; b[7]       ; f[12]       ; 8.244  ; 8.332  ; 8.565  ; 8.653  ;
; b[7]       ; f[13]       ; 8.880  ; 8.956  ; 9.201  ; 9.277  ;
; b[7]       ; f[14]       ; 9.430  ; 9.404  ; 9.751  ; 9.725  ;
; b[7]       ; f[15]       ; 9.978  ; 9.938  ; 10.299 ; 10.259 ;
; b[7]       ; f[16]       ; 11.048 ; 11.161 ; 11.376 ; 11.489 ;
; b[7]       ; f[17]       ; 10.941 ; 11.008 ; 11.269 ; 11.336 ;
; b[7]       ; f[18]       ; 11.370 ; 11.451 ; 11.698 ; 11.773 ;
; b[7]       ; f[19]       ; 13.261 ; 13.346 ; 13.589 ; 13.674 ;
; b[7]       ; f[32]       ; 10.091 ; 10.230 ; 10.412 ; 10.551 ;
; b[7]       ; f[33]       ; 9.574  ; 9.649  ; 9.895  ; 9.970  ;
; b[7]       ; f[34]       ; 10.266 ; 10.366 ; 10.587 ; 10.687 ;
; b[7]       ; f[35]       ; 10.752 ; 10.824 ; 11.073 ; 11.145 ;
; b[7]       ; f[48]       ; 9.765  ; 9.861  ; 10.087 ; 10.188 ;
; b[7]       ; f[49]       ; 9.971  ; 10.054 ; 10.299 ; 10.382 ;
; b[7]       ; f[50]       ; 10.028 ; 10.127 ; 10.350 ; 10.449 ;
; b[7]       ; f[51]       ; 10.740 ; 10.808 ; 11.062 ; 11.130 ;
; b[8]       ; f[8]        ; 6.771  ; 6.860  ; 7.069  ; 7.158  ;
; b[8]       ; f[9]        ; 6.844  ; 6.912  ; 7.129  ; 7.225  ;
; b[8]       ; f[10]       ; 6.885  ; 6.986  ; 7.204  ; 7.274  ;
; b[8]       ; f[11]       ; 9.930  ; 9.842  ; 10.234 ; 10.134 ;
; b[9]       ; f[9]        ; 6.199  ; 6.293  ; 6.515  ; 6.612  ;
; b[9]       ; f[10]       ; 6.847  ; 6.920  ; 7.163  ; 7.233  ;
; b[9]       ; f[11]       ; 9.880  ; 9.780  ; 10.193 ; 10.093 ;
; b[10]      ; f[10]       ; 6.344  ; 6.439  ; 6.684  ; 6.779  ;
; b[10]      ; f[11]       ; 9.349  ; 9.261  ; 9.689  ; 9.595  ;
; b[11]      ; f[4]        ; 8.284  ; 8.372  ; 8.585  ; 8.673  ;
; b[11]      ; f[5]        ; 8.786  ; 8.869  ; 9.087  ; 9.170  ;
; b[11]      ; f[6]        ; 8.999  ; 9.081  ; 9.300  ; 9.382  ;
; b[11]      ; f[7]        ; 10.100 ; 10.011 ; 10.401 ; 10.312 ;
; b[11]      ; f[8]        ; 10.019 ; 10.134 ; 10.320 ; 10.435 ;
; b[11]      ; f[9]        ; 10.212 ; 10.308 ; 10.513 ; 10.609 ;
; b[11]      ; f[10]       ; 10.206 ; 10.276 ; 10.507 ; 10.577 ;
; b[11]      ; f[11]       ; 7.344  ; 7.223  ; 7.654  ; 7.533  ;
; b[11]      ; f[12]       ; 8.190  ; 8.278  ; 8.500  ; 8.588  ;
; b[11]      ; f[13]       ; 8.823  ; 8.902  ; 9.136  ; 9.212  ;
; b[11]      ; f[14]       ; 9.376  ; 9.350  ; 9.686  ; 9.660  ;
; b[11]      ; f[15]       ; 9.924  ; 9.884  ; 10.234 ; 10.194 ;
; b[11]      ; f[16]       ; 11.064 ; 11.177 ; 11.371 ; 11.484 ;
; b[11]      ; f[17]       ; 10.957 ; 11.024 ; 11.264 ; 11.331 ;
; b[11]      ; f[18]       ; 11.386 ; 11.459 ; 11.693 ; 11.760 ;
; b[11]      ; f[19]       ; 13.277 ; 13.362 ; 13.584 ; 13.669 ;
; b[11]      ; f[32]       ; 10.014 ; 10.153 ; 10.324 ; 10.463 ;
; b[11]      ; f[33]       ; 9.497  ; 9.559  ; 9.807  ; 9.875  ;
; b[11]      ; f[34]       ; 10.189 ; 10.289 ; 10.499 ; 10.599 ;
; b[11]      ; f[35]       ; 10.675 ; 10.747 ; 10.985 ; 11.057 ;
; b[11]      ; f[48]       ; 9.754  ; 9.855  ; 10.055 ; 10.156 ;
; b[11]      ; f[49]       ; 9.987  ; 10.070 ; 10.294 ; 10.377 ;
; b[11]      ; f[50]       ; 10.017 ; 10.116 ; 10.318 ; 10.417 ;
; b[11]      ; f[51]       ; 10.729 ; 10.797 ; 11.030 ; 11.098 ;
; b[12]      ; f[12]       ; 6.352  ; 6.438  ; 6.670  ; 6.756  ;
; b[12]      ; f[13]       ; 6.895  ; 6.977  ; 7.213  ; 7.295  ;
; b[12]      ; f[14]       ; 7.640  ; 7.615  ; 7.948  ; 7.928  ;
; b[12]      ; f[15]       ; 8.189  ; 8.149  ; 8.525  ; 8.485  ;
; b[13]      ; f[13]       ; 6.937  ; 7.015  ; 7.263  ; 7.318  ;
; b[13]      ; f[14]       ; 7.964  ; 7.944  ; 8.269  ; 8.243  ;
; b[13]      ; f[15]       ; 8.547  ; 8.509  ; 8.817  ; 8.777  ;
; b[14]      ; f[14]       ; 7.344  ; 7.320  ; 7.643  ; 7.617  ;
; b[14]      ; f[15]       ; 7.981  ; 7.941  ; 8.274  ; 8.234  ;
; b[15]      ; f[4]        ; 8.234  ; 8.322  ; 8.534  ; 8.622  ;
; b[15]      ; f[5]        ; 8.736  ; 8.819  ; 9.036  ; 9.119  ;
; b[15]      ; f[6]        ; 8.949  ; 9.031  ; 9.249  ; 9.331  ;
; b[15]      ; f[7]        ; 10.050 ; 9.961  ; 10.350 ; 10.261 ;
; b[15]      ; f[8]        ; 9.689  ; 9.804  ; 9.989  ; 10.104 ;
; b[15]      ; f[9]        ; 9.882  ; 9.978  ; 10.182 ; 10.278 ;
; b[15]      ; f[10]       ; 9.876  ; 9.946  ; 10.176 ; 10.246 ;
; b[15]      ; f[11]       ; 12.906 ; 12.806 ; 13.206 ; 13.106 ;
; b[15]      ; f[15]       ; 7.525  ; 7.515  ; 7.825  ; 7.815  ;
; b[15]      ; f[16]       ; 11.185 ; 11.295 ; 11.489 ; 11.593 ;
; b[15]      ; f[17]       ; 11.078 ; 11.145 ; 11.382 ; 11.449 ;
; b[15]      ; f[18]       ; 11.500 ; 11.560 ; 11.798 ; 11.858 ;
; b[15]      ; f[19]       ; 13.398 ; 13.483 ; 13.702 ; 13.787 ;
; b[15]      ; f[32]       ; 10.193 ; 10.332 ; 10.493 ; 10.632 ;
; b[15]      ; f[33]       ; 9.676  ; 9.741  ; 9.976  ; 10.047 ;
; b[15]      ; f[34]       ; 10.368 ; 10.468 ; 10.668 ; 10.768 ;
; b[15]      ; f[35]       ; 10.854 ; 10.926 ; 11.154 ; 11.226 ;
; b[15]      ; f[48]       ; 9.923  ; 10.015 ; 10.221 ; 10.319 ;
; b[15]      ; f[49]       ; 10.108 ; 10.191 ; 10.412 ; 10.495 ;
; b[15]      ; f[50]       ; 10.186 ; 10.285 ; 10.484 ; 10.583 ;
; b[15]      ; f[51]       ; 10.898 ; 10.966 ; 11.196 ; 11.264 ;
; b[16]      ; f[16]       ; 7.269  ; 7.400  ; 7.579  ; 7.707  ;
; b[16]      ; f[17]       ; 7.539  ; 7.616  ; 7.856  ; 7.923  ;
; b[16]      ; f[18]       ; 7.549  ; 7.609  ; 7.863  ; 7.951  ;
; b[16]      ; f[19]       ; 9.447  ; 9.532  ; 9.754  ; 9.839  ;
; b[17]      ; f[17]       ; 7.220  ; 7.302  ; 7.573  ; 7.655  ;
; b[17]      ; f[18]       ; 7.665  ; 7.727  ; 8.014  ; 8.074  ;
; b[17]      ; f[19]       ; 9.556  ; 9.641  ; 9.909  ; 9.994  ;
; b[18]      ; f[18]       ; 7.042  ; 7.103  ; 7.366  ; 7.433  ;
; b[18]      ; f[19]       ; 8.713  ; 8.798  ; 9.043  ; 9.128  ;
; b[19]      ; f[16]       ; 12.333 ; 12.434 ; 12.675 ; 12.788 ;
; b[19]      ; f[17]       ; 12.235 ; 12.302 ; 12.568 ; 12.635 ;
; b[19]      ; f[18]       ; 12.639 ; 12.699 ; 12.997 ; 13.060 ;
; b[19]      ; f[19]       ; 6.621  ; 6.733  ; 6.949  ; 7.065  ;
; b[19]      ; f[20]       ; 10.020 ; 10.125 ; 10.354 ; 10.459 ;
; b[19]      ; f[21]       ; 9.997  ; 10.030 ; 10.331 ; 10.364 ;
; b[19]      ; f[22]       ; 10.769 ; 10.868 ; 11.103 ; 11.202 ;
; b[19]      ; f[23]       ; 12.049 ; 11.979 ; 12.383 ; 12.313 ;
; b[19]      ; f[24]       ; 12.155 ; 12.241 ; 12.489 ; 12.575 ;
; b[19]      ; f[25]       ; 12.538 ; 12.591 ; 12.872 ; 12.925 ;
; b[19]      ; f[26]       ; 13.708 ; 13.698 ; 14.042 ; 14.032 ;
; b[19]      ; f[27]       ; 15.421 ; 15.301 ; 15.755 ; 15.635 ;
; b[19]      ; f[28]       ; 10.064 ; 10.107 ; 10.398 ; 10.441 ;
; b[19]      ; f[29]       ; 10.479 ; 10.582 ; 10.813 ; 10.916 ;
; b[19]      ; f[30]       ; 11.749 ; 11.748 ; 12.083 ; 12.082 ;
; b[19]      ; f[31]       ; 10.994 ; 10.902 ; 11.328 ; 11.236 ;
; b[19]      ; f[48]       ; 11.062 ; 11.163 ; 11.423 ; 11.505 ;
; b[19]      ; f[49]       ; 11.265 ; 11.348 ; 11.598 ; 11.681 ;
; b[19]      ; f[50]       ; 11.325 ; 11.424 ; 11.686 ; 11.785 ;
; b[19]      ; f[51]       ; 12.037 ; 12.105 ; 12.398 ; 12.466 ;
; b[20]      ; f[20]       ; 6.942  ; 7.042  ; 7.252  ; 7.352  ;
; b[20]      ; f[21]       ; 7.503  ; 7.536  ; 7.813  ; 7.846  ;
; b[20]      ; f[22]       ; 8.275  ; 8.356  ; 8.585  ; 8.684  ;
; b[20]      ; f[23]       ; 9.541  ; 9.442  ; 9.865  ; 9.779  ;
; b[21]      ; f[21]       ; 6.346  ; 6.392  ; 6.637  ; 6.696  ;
; b[21]      ; f[22]       ; 6.946  ; 7.032  ; 7.256  ; 7.336  ;
; b[21]      ; f[23]       ; 8.217  ; 8.118  ; 8.521  ; 8.422  ;
; b[22]      ; f[22]       ; 6.321  ; 6.416  ; 6.646  ; 6.737  ;
; b[22]      ; f[23]       ; 7.603  ; 7.510  ; 7.928  ; 7.829  ;
; b[23]      ; f[16]       ; 10.549 ; 10.662 ; 10.890 ; 11.003 ;
; b[23]      ; f[17]       ; 10.442 ; 10.509 ; 10.783 ; 10.850 ;
; b[23]      ; f[18]       ; 10.871 ; 10.957 ; 11.212 ; 11.292 ;
; b[23]      ; f[19]       ; 12.762 ; 12.847 ; 13.103 ; 13.188 ;
; b[23]      ; f[20]       ; 7.419  ; 7.523  ; 7.759  ; 7.857  ;
; b[23]      ; f[21]       ; 7.775  ; 7.808  ; 8.115  ; 8.148  ;
; b[23]      ; f[22]       ; 8.547  ; 8.646  ; 8.887  ; 8.986  ;
; b[23]      ; f[23]       ; 6.957  ; 6.860  ; 7.297  ; 7.200  ;
; b[23]      ; f[24]       ; 9.902  ; 9.988  ; 10.242 ; 10.328 ;
; b[23]      ; f[25]       ; 10.285 ; 10.338 ; 10.625 ; 10.678 ;
; b[23]      ; f[26]       ; 11.455 ; 11.445 ; 11.795 ; 11.785 ;
; b[23]      ; f[27]       ; 13.168 ; 13.048 ; 13.508 ; 13.388 ;
; b[23]      ; f[28]       ; 7.609  ; 7.649  ; 7.950  ; 7.984  ;
; b[23]      ; f[29]       ; 8.024  ; 8.123  ; 8.361  ; 8.458  ;
; b[23]      ; f[30]       ; 9.294  ; 9.293  ; 9.635  ; 9.634  ;
; b[23]      ; f[31]       ; 8.539  ; 8.447  ; 8.880  ; 8.788  ;
; b[23]      ; f[48]       ; 9.724  ; 9.798  ; 10.059 ; 10.139 ;
; b[23]      ; f[49]       ; 9.472  ; 9.555  ; 9.813  ; 9.896  ;
; b[23]      ; f[50]       ; 9.987  ; 10.086 ; 10.322 ; 10.421 ;
; b[23]      ; f[51]       ; 10.699 ; 10.767 ; 11.034 ; 11.102 ;
; b[24]      ; f[24]       ; 6.091  ; 6.155  ; 6.421  ; 6.479  ;
; b[24]      ; f[25]       ; 6.524  ; 6.605  ; 6.848  ; 6.929  ;
; b[24]      ; f[26]       ; 7.690  ; 7.708  ; 8.014  ; 8.032  ;
; b[24]      ; f[27]       ; 9.436  ; 9.332  ; 9.760  ; 9.662  ;
; b[25]      ; f[25]       ; 6.300  ; 6.379  ; 6.609  ; 6.694  ;
; b[25]      ; f[26]       ; 7.939  ; 7.956  ; 8.264  ; 8.254  ;
; b[25]      ; f[27]       ; 9.679  ; 9.559  ; 9.977  ; 9.857  ;
; b[26]      ; f[26]       ; 7.227  ; 7.219  ; 7.556  ; 7.548  ;
; b[26]      ; f[27]       ; 8.939  ; 8.819  ; 9.268  ; 9.148  ;
; b[27]      ; f[16]       ; 10.261 ; 10.374 ; 10.557 ; 10.664 ;
; b[27]      ; f[17]       ; 10.154 ; 10.221 ; 10.450 ; 10.517 ;
; b[27]      ; f[18]       ; 10.579 ; 10.639 ; 10.869 ; 10.929 ;
; b[27]      ; f[19]       ; 12.474 ; 12.559 ; 12.770 ; 12.855 ;
; b[27]      ; f[20]       ; 7.228  ; 7.333  ; 7.526  ; 7.626  ;
; b[27]      ; f[21]       ; 7.650  ; 7.683  ; 7.948  ; 7.981  ;
; b[27]      ; f[22]       ; 8.422  ; 8.521  ; 8.720  ; 8.819  ;
; b[27]      ; f[23]       ; 9.702  ; 9.623  ; 10.000 ; 9.915  ;
; b[27]      ; f[24]       ; 9.777  ; 9.863  ; 10.075 ; 10.161 ;
; b[27]      ; f[25]       ; 10.160 ; 10.213 ; 10.458 ; 10.511 ;
; b[27]      ; f[26]       ; 11.330 ; 11.320 ; 11.628 ; 11.618 ;
; b[27]      ; f[27]       ; 6.855  ; 6.737  ; 7.151  ; 7.029  ;
; b[27]      ; f[28]       ; 7.080  ; 7.123  ; 7.376  ; 7.419  ;
; b[27]      ; f[29]       ; 7.495  ; 7.598  ; 7.791  ; 7.894  ;
; b[27]      ; f[30]       ; 8.765  ; 8.764  ; 9.061  ; 9.060  ;
; b[27]      ; f[31]       ; 8.010  ; 7.918  ; 8.306  ; 8.214  ;
; b[27]      ; f[48]       ; 9.407  ; 9.508  ; 9.697  ; 9.798  ;
; b[27]      ; f[49]       ; 9.184  ; 9.267  ; 9.480  ; 9.563  ;
; b[27]      ; f[50]       ; 9.670  ; 9.769  ; 9.960  ; 10.059 ;
; b[27]      ; f[51]       ; 10.382 ; 10.450 ; 10.672 ; 10.740 ;
; b[28]      ; f[28]       ; 6.859  ; 6.917  ; 7.186  ; 7.250  ;
; b[28]      ; f[29]       ; 7.258  ; 7.361  ; 7.591  ; 7.688  ;
; b[28]      ; f[30]       ; 8.586  ; 8.585  ; 8.919  ; 8.912  ;
; b[28]      ; f[31]       ; 7.831  ; 7.739  ; 8.161  ; 8.063  ;
; b[29]      ; f[29]       ; 6.555  ; 6.654  ; 6.839  ; 6.938  ;
; b[29]      ; f[30]       ; 7.906  ; 7.905  ; 8.190  ; 8.189  ;
; b[29]      ; f[31]       ; 7.151  ; 7.059  ; 7.435  ; 7.340  ;
; b[30]      ; f[30]       ; 7.687  ; 7.661  ; 8.023  ; 8.003  ;
; b[30]      ; f[31]       ; 6.903  ; 6.811  ; 7.245  ; 7.153  ;
; b[31]      ; f[16]       ; 11.079 ; 11.192 ; 11.420 ; 11.521 ;
; b[31]      ; f[17]       ; 10.972 ; 11.039 ; 11.323 ; 11.390 ;
; b[31]      ; f[18]       ; 11.401 ; 11.489 ; 11.726 ; 11.786 ;
; b[31]      ; f[19]       ; 13.292 ; 13.377 ; 13.643 ; 13.728 ;
; b[31]      ; f[20]       ; 7.338  ; 7.443  ; 7.663  ; 7.748  ;
; b[31]      ; f[21]       ; 7.806  ; 7.839  ; 8.133  ; 8.190  ;
; b[31]      ; f[22]       ; 8.578  ; 8.677  ; 8.914  ; 8.982  ;
; b[31]      ; f[23]       ; 9.858  ; 9.788  ; 10.167 ; 10.068 ;
; b[31]      ; f[24]       ; 9.357  ; 9.443  ; 9.664  ; 9.750  ;
; b[31]      ; f[25]       ; 9.721  ; 9.793  ; 10.047 ; 10.100 ;
; b[31]      ; f[26]       ; 10.892 ; 10.900 ; 11.217 ; 11.207 ;
; b[31]      ; f[27]       ; 12.623 ; 12.503 ; 12.930 ; 12.810 ;
; b[31]      ; f[31]       ; 7.117  ; 7.040  ; 7.430  ; 7.365  ;
; b[31]      ; f[48]       ; 9.836  ; 9.909  ; 10.149 ; 10.250 ;
; b[31]      ; f[49]       ; 10.002 ; 10.085 ; 10.353 ; 10.436 ;
; b[31]      ; f[50]       ; 10.100 ; 10.205 ; 10.412 ; 10.511 ;
; b[31]      ; f[51]       ; 10.832 ; 10.922 ; 11.124 ; 11.192 ;
; b[32]      ; f[32]       ; 7.562  ; 7.705  ; 7.873  ; 8.010  ;
; b[32]      ; f[33]       ; 7.496  ; 7.571  ; 7.841  ; 7.870  ;
; b[32]      ; f[34]       ; 7.741  ; 7.872  ; 8.090  ; 8.221  ;
; b[32]      ; f[35]       ; 8.269  ; 8.344  ; 8.610  ; 8.682  ;
; b[33]      ; f[33]       ; 5.248  ; 5.296  ; 5.339  ; 5.402  ;
; b[33]      ; f[34]       ; 6.292  ; 6.423  ; 6.422  ; 6.522  ;
; b[33]      ; f[35]       ; 6.820  ; 6.904  ; 6.908  ; 6.980  ;
; b[34]      ; f[34]       ; 7.252  ; 7.379  ; 7.559  ; 7.684  ;
; b[34]      ; f[35]       ; 7.772  ; 7.844  ; 8.073  ; 8.145  ;
; b[35]      ; f[16]       ; 9.301  ; 9.414  ; 9.662  ; 9.771  ;
; b[35]      ; f[17]       ; 9.569  ; 9.636  ; 9.930  ; 9.997  ;
; b[35]      ; f[18]       ; 9.623  ; 9.686  ; 9.976  ; 10.036 ;
; b[35]      ; f[19]       ; 11.514 ; 11.599 ; 11.875 ; 11.960 ;
; b[35]      ; f[32]       ; 9.839  ; 9.950  ; 10.196 ; 10.311 ;
; b[35]      ; f[33]       ; 9.594  ; 9.618  ; 9.955  ; 9.979  ;
; b[35]      ; f[34]       ; 10.021 ; 10.121 ; 10.371 ; 10.471 ;
; b[35]      ; f[35]       ; 8.094  ; 8.193  ; 8.451  ; 8.554  ;
; b[35]      ; f[36]       ; 7.897  ; 7.956  ; 8.247  ; 8.306  ;
; b[35]      ; f[37]       ; 7.859  ; 7.915  ; 8.209  ; 8.265  ;
; b[35]      ; f[38]       ; 8.452  ; 8.489  ; 8.802  ; 8.839  ;
; b[35]      ; f[39]       ; 9.565  ; 9.498  ; 9.915  ; 9.848  ;
; b[35]      ; f[40]       ; 9.058  ; 9.118  ; 9.408  ; 9.479  ;
; b[35]      ; f[41]       ; 9.456  ; 9.540  ; 9.806  ; 9.890  ;
; b[35]      ; f[42]       ; 9.494  ; 9.560  ; 9.855  ; 9.910  ;
; b[35]      ; f[43]       ; 9.843  ; 9.781  ; 10.204 ; 10.142 ;
; b[35]      ; f[44]       ; 9.457  ; 9.540  ; 9.807  ; 9.890  ;
; b[35]      ; f[45]       ; 9.926  ; 9.982  ; 10.276 ; 10.332 ;
; b[35]      ; f[46]       ; 9.868  ; 9.956  ; 10.218 ; 10.306 ;
; b[35]      ; f[47]       ; 10.572 ; 10.494 ; 10.922 ; 10.844 ;
; b[36]      ; f[36]       ; 5.054  ; 5.111  ; 5.236  ; 5.299  ;
; b[36]      ; f[37]       ; 5.488  ; 5.548  ; 5.676  ; 5.707  ;
; b[36]      ; f[38]       ; 6.199  ; 6.236  ; 6.367  ; 6.404  ;
; b[36]      ; f[39]       ; 7.312  ; 7.245  ; 7.470  ; 7.412  ;
; b[37]      ; f[37]       ; 6.544  ; 6.575  ; 6.860  ; 6.891  ;
; b[37]      ; f[38]       ; 6.851  ; 6.916  ; 7.170  ; 7.207  ;
; b[37]      ; f[39]       ; 7.951  ; 7.893  ; 8.283  ; 8.216  ;
; b[38]      ; f[38]       ; 6.741  ; 6.790  ; 7.056  ; 7.119  ;
; b[38]      ; f[39]       ; 7.684  ; 7.626  ; 8.041  ; 7.974  ;
; b[39]      ; f[16]       ; 9.506  ; 9.607  ; 9.850  ; 9.951  ;
; b[39]      ; f[17]       ; 9.598  ; 9.673  ; 9.923  ; 9.990  ;
; b[39]      ; f[18]       ; 9.812  ; 9.872  ; 10.156 ; 10.216 ;
; b[39]      ; f[19]       ; 11.770 ; 11.855 ; 12.087 ; 12.172 ;
; b[39]      ; f[32]       ; 9.863  ; 10.002 ; 10.207 ; 10.346 ;
; b[39]      ; f[33]       ; 9.603  ; 9.655  ; 9.947  ; 9.972  ;
; b[39]      ; f[34]       ; 10.038 ; 10.138 ; 10.382 ; 10.482 ;
; b[39]      ; f[35]       ; 10.524 ; 10.596 ; 10.868 ; 10.940 ;
; b[39]      ; f[36]       ; 7.569  ; 7.628  ; 7.913  ; 7.958  ;
; b[39]      ; f[37]       ; 7.825  ; 7.881  ; 8.156  ; 8.218  ;
; b[39]      ; f[38]       ; 8.418  ; 8.455  ; 8.762  ; 8.799  ;
; b[39]      ; f[39]       ; 6.967  ; 6.884  ; 7.298  ; 7.215  ;
; b[39]      ; f[40]       ; 9.663  ; 9.747  ; 10.007 ; 10.091 ;
; b[39]      ; f[41]       ; 10.061 ; 10.145 ; 10.405 ; 10.489 ;
; b[39]      ; f[42]       ; 10.110 ; 10.165 ; 10.454 ; 10.509 ;
; b[39]      ; f[43]       ; 10.473 ; 10.402 ; 10.817 ; 10.746 ;
; b[39]      ; f[44]       ; 8.564  ; 8.637  ; 8.913  ; 8.968  ;
; b[39]      ; f[45]       ; 9.033  ; 9.089  ; 9.381  ; 9.440  ;
; b[39]      ; f[46]       ; 8.975  ; 9.063  ; 9.326  ; 9.408  ;
; b[39]      ; f[47]       ; 9.663  ; 9.594  ; 9.994  ; 9.925  ;
; b[40]      ; f[40]       ; 6.395  ; 6.483  ; 6.688  ; 6.770  ;
; b[40]      ; f[41]       ; 6.794  ; 6.878  ; 7.113  ; 7.169  ;
; b[40]      ; f[42]       ; 6.951  ; 7.029  ; 7.253  ; 7.339  ;
; b[40]      ; f[43]       ; 7.300  ; 7.238  ; 7.602  ; 7.540  ;
; b[41]      ; f[41]       ; 6.356  ; 6.438  ; 6.658  ; 6.740  ;
; b[41]      ; f[42]       ; 6.755  ; 6.825  ; 7.057  ; 7.143  ;
; b[41]      ; f[43]       ; 7.104  ; 7.042  ; 7.406  ; 7.344  ;
; b[42]      ; f[42]       ; 6.274  ; 6.356  ; 6.586  ; 6.667  ;
; b[42]      ; f[43]       ; 6.863  ; 6.801  ; 7.175  ; 7.113  ;
; b[43]      ; f[16]       ; 10.210 ; 10.311 ; 10.580 ; 10.681 ;
; b[43]      ; f[17]       ; 10.302 ; 10.406 ; 10.652 ; 10.719 ;
; b[43]      ; f[18]       ; 10.516 ; 10.576 ; 10.886 ; 10.946 ;
; b[43]      ; f[19]       ; 12.479 ; 12.588 ; 12.816 ; 12.901 ;
; b[43]      ; f[32]       ; 10.567 ; 10.706 ; 10.937 ; 11.076 ;
; b[43]      ; f[33]       ; 10.307 ; 10.382 ; 10.677 ; 10.701 ;
; b[43]      ; f[34]       ; 10.742 ; 10.842 ; 11.112 ; 11.212 ;
; b[43]      ; f[35]       ; 11.228 ; 11.300 ; 11.598 ; 11.670 ;
; b[43]      ; f[36]       ; 8.841  ; 8.900  ; 9.205  ; 9.236  ;
; b[43]      ; f[37]       ; 9.488  ; 9.544  ; 9.818  ; 9.880  ;
; b[43]      ; f[38]       ; 10.081 ; 10.118 ; 10.450 ; 10.488 ;
; b[43]      ; f[39]       ; 11.194 ; 11.127 ; 11.550 ; 11.492 ;
; b[43]      ; f[40]       ; 11.326 ; 11.410 ; 11.696 ; 11.768 ;
; b[43]      ; f[41]       ; 11.724 ; 11.808 ; 12.094 ; 12.178 ;
; b[43]      ; f[42]       ; 11.773 ; 11.828 ; 12.143 ; 12.198 ;
; b[43]      ; f[43]       ; 6.479  ; 6.386  ; 6.791  ; 6.704  ;
; b[43]      ; f[44]       ; 10.227 ; 10.310 ; 10.575 ; 10.630 ;
; b[43]      ; f[45]       ; 10.696 ; 10.752 ; 11.043 ; 11.127 ;
; b[43]      ; f[46]       ; 10.638 ; 10.726 ; 11.010 ; 11.070 ;
; b[43]      ; f[47]       ; 11.342 ; 11.264 ; 11.656 ; 11.587 ;
; b[44]      ; f[44]       ; 5.967  ; 6.023  ; 6.293  ; 6.351  ;
; b[44]      ; f[45]       ; 6.434  ; 6.491  ; 6.757  ; 6.813  ;
; b[44]      ; f[46]       ; 6.412  ; 6.500  ; 6.734  ; 6.822  ;
; b[44]      ; f[47]       ; 7.086  ; 7.017  ; 7.414  ; 7.345  ;
; b[45]      ; f[45]       ; 6.104  ; 6.170  ; 6.404  ; 6.486  ;
; b[45]      ; f[46]       ; 6.406  ; 6.492  ; 6.746  ; 6.806  ;
; b[45]      ; f[47]       ; 7.078  ; 7.009  ; 7.392  ; 7.323  ;
; b[46]      ; f[46]       ; 6.055  ; 6.113  ; 6.372  ; 6.438  ;
; b[46]      ; f[47]       ; 6.701  ; 6.632  ; 7.026  ; 6.957  ;
; b[47]      ; f[16]       ; 10.255 ; 10.356 ; 10.602 ; 10.708 ;
; b[47]      ; f[17]       ; 10.546 ; 10.613 ; 10.870 ; 10.937 ;
; b[47]      ; f[18]       ; 10.561 ; 10.621 ; 10.913 ; 10.973 ;
; b[47]      ; f[19]       ; 12.491 ; 12.576 ; 12.815 ; 12.900 ;
; b[47]      ; f[32]       ; 10.781 ; 10.920 ; 11.133 ; 11.251 ;
; b[47]      ; f[33]       ; 10.556 ; 10.595 ; 10.895 ; 10.919 ;
; b[47]      ; f[34]       ; 10.956 ; 11.056 ; 11.308 ; 11.408 ;
; b[47]      ; f[35]       ; 11.442 ; 11.514 ; 11.794 ; 11.866 ;
; b[47]      ; f[36]       ; 9.117  ; 9.174  ; 9.450  ; 9.481  ;
; b[47]      ; f[37]       ; 9.459  ; 9.521  ; 9.766  ; 9.828  ;
; b[47]      ; f[38]       ; 10.087 ; 10.124 ; 10.398 ; 10.463 ;
; b[47]      ; f[39]       ; 11.191 ; 11.133 ; 11.498 ; 11.440 ;
; b[47]      ; f[40]       ; 9.637  ; 9.715  ; 9.983  ; 10.039 ;
; b[47]      ; f[41]       ; 10.035 ; 10.119 ; 10.387 ; 10.463 ;
; b[47]      ; f[42]       ; 10.084 ; 10.139 ; 10.415 ; 10.491 ;
; b[47]      ; f[43]       ; 10.440 ; 10.376 ; 10.764 ; 10.702 ;
; b[47]      ; f[47]       ; 6.481  ; 6.385  ; 6.805  ; 6.711  ;
; b[48]      ; f[48]       ; 6.136  ; 6.235  ; 6.479  ; 6.578  ;
; b[48]      ; f[49]       ; 6.654  ; 6.737  ; 6.997  ; 7.080  ;
; b[48]      ; f[50]       ; 6.621  ; 6.726  ; 6.964  ; 7.069  ;
; b[48]      ; f[51]       ; 7.353  ; 7.425  ; 7.689  ; 7.757  ;
; b[49]      ; f[49]       ; 6.174  ; 6.267  ; 6.512  ; 6.607  ;
; b[49]      ; f[50]       ; 6.366  ; 6.471  ; 6.718  ; 6.823  ;
; b[49]      ; f[51]       ; 7.098  ; 7.179  ; 7.450  ; 7.520  ;
; b[50]      ; f[50]       ; 6.300  ; 6.401  ; 6.624  ; 6.724  ;
; b[50]      ; f[51]       ; 6.843  ; 6.926  ; 7.167  ; 7.244  ;
; b[51]      ; f[16]       ; 9.795  ; 9.896  ; 10.133 ; 10.246 ;
; b[51]      ; f[17]       ; 10.091 ; 10.167 ; 10.401 ; 10.468 ;
; b[51]      ; f[18]       ; 10.101 ; 10.161 ; 10.455 ; 10.543 ;
; b[51]      ; f[19]       ; 12.045 ; 12.130 ; 12.346 ; 12.431 ;
; b[51]      ; f[32]       ; 10.321 ; 10.460 ; 10.671 ; 10.782 ;
; b[51]      ; f[33]       ; 10.096 ; 10.149 ; 10.426 ; 10.450 ;
; b[51]      ; f[34]       ; 10.496 ; 10.596 ; 10.855 ; 10.982 ;
; b[51]      ; f[35]       ; 10.982 ; 11.054 ; 11.368 ; 11.440 ;
; b[51]      ; f[48]       ; 10.622 ; 10.723 ; 10.945 ; 11.046 ;
; b[51]      ; f[49]       ; 10.715 ; 10.805 ; 11.038 ; 11.134 ;
; b[51]      ; f[50]       ; 10.885 ; 10.984 ; 11.208 ; 11.307 ;
; b[51]      ; f[51]       ; 6.185  ; 6.280  ; 6.514  ; 6.605  ;
; b[51]      ; f[52]       ; 7.591  ; 7.662  ; 7.920  ; 7.991  ;
; b[51]      ; f[53]       ; 8.121  ; 8.150  ; 8.444  ; 8.473  ;
; b[51]      ; f[54]       ; 8.286  ; 8.320  ; 8.609  ; 8.643  ;
; b[51]      ; f[55]       ; 8.903  ; 8.903  ; 9.226  ; 9.226  ;
; b[51]      ; f[56]       ; 9.689  ; 9.779  ; 10.018 ; 10.102 ;
; b[51]      ; f[57]       ; 10.770 ; 10.840 ; 11.094 ; 11.169 ;
; b[51]      ; f[58]       ; 10.071 ; 10.172 ; 10.394 ; 10.495 ;
; b[51]      ; f[59]       ; 11.587 ; 11.574 ; 11.910 ; 11.897 ;
; b[51]      ; f[60]       ; 8.581  ; 8.663  ; 8.904  ; 8.986  ;
; b[51]      ; f[61]       ; 8.974  ; 9.062  ; 9.297  ; 9.385  ;
; b[51]      ; f[62]       ; 8.883  ; 8.964  ; 9.206  ; 9.287  ;
; b[51]      ; f[63]       ; 9.719  ; 9.653  ; 10.042 ; 9.976  ;
; b[52]      ; f[52]       ; 6.415  ; 6.497  ; 6.741  ; 6.816  ;
; b[52]      ; f[53]       ; 6.656  ; 6.703  ; 6.992  ; 7.022  ;
; b[52]      ; f[54]       ; 7.006  ; 7.040  ; 7.372  ; 7.384  ;
; b[52]      ; f[55]       ; 7.623  ; 7.623  ; 7.985  ; 7.957  ;
; b[53]      ; f[53]       ; 6.366  ; 6.428  ; 6.688  ; 6.744  ;
; b[53]      ; f[54]       ; 6.650  ; 6.656  ; 6.964  ; 6.998  ;
; b[53]      ; f[55]       ; 7.257  ; 7.229  ; 7.581  ; 7.581  ;
; b[54]      ; f[54]       ; 6.171  ; 6.203  ; 6.492  ; 6.524  ;
; b[54]      ; f[55]       ; 6.792  ; 6.777  ; 7.126  ; 7.098  ;
; b[55]      ; f[16]       ; 10.271 ; 10.372 ; 10.608 ; 10.721 ;
; b[55]      ; f[17]       ; 10.363 ; 10.435 ; 10.657 ; 10.724 ;
; b[55]      ; f[18]       ; 10.577 ; 10.637 ; 10.930 ; 11.008 ;
; b[55]      ; f[19]       ; 12.532 ; 12.617 ; 12.821 ; 12.906 ;
; b[55]      ; f[32]       ; 10.628 ; 10.767 ; 10.986 ; 11.097 ;
; b[55]      ; f[33]       ; 10.368 ; 10.417 ; 10.682 ; 10.706 ;
; b[55]      ; f[34]       ; 10.803 ; 10.903 ; 11.170 ; 11.274 ;
; b[55]      ; f[35]       ; 11.289 ; 11.361 ; 11.660 ; 11.732 ;
; b[55]      ; f[48]       ; 10.014 ; 10.088 ; 10.333 ; 10.413 ;
; b[55]      ; f[49]       ; 10.077 ; 10.160 ; 10.402 ; 10.485 ;
; b[55]      ; f[50]       ; 10.277 ; 10.376 ; 10.596 ; 10.695 ;
; b[55]      ; f[51]       ; 10.989 ; 11.057 ; 11.308 ; 11.376 ;
; b[55]      ; f[52]       ; 7.415  ; 7.486  ; 7.740  ; 7.811  ;
; b[55]      ; f[53]       ; 7.953  ; 7.986  ; 8.276  ; 8.305  ;
; b[55]      ; f[54]       ; 8.122  ; 8.156  ; 8.441  ; 8.475  ;
; b[55]      ; f[55]       ; 6.931  ; 6.899  ; 7.256  ; 7.233  ;
; b[55]      ; f[56]       ; 9.034  ; 9.142  ; 9.359  ; 9.462  ;
; b[55]      ; f[57]       ; 10.115 ; 10.185 ; 10.440 ; 10.510 ;
; b[55]      ; f[58]       ; 9.435  ; 9.534  ; 9.754  ; 9.855  ;
; b[55]      ; f[59]       ; 10.951 ; 10.938 ; 11.270 ; 11.257 ;
; b[55]      ; f[60]       ; 8.658  ; 8.740  ; 8.963  ; 9.051  ;
; b[55]      ; f[61]       ; 9.051  ; 9.139  ; 9.383  ; 9.443  ;
; b[55]      ; f[62]       ; 8.960  ; 9.041  ; 9.266  ; 9.353  ;
; b[55]      ; f[63]       ; 9.796  ; 9.730  ; 10.110 ; 10.053 ;
; b[56]      ; f[56]       ; 6.192  ; 6.293  ; 6.550  ; 6.651  ;
; b[56]      ; f[57]       ; 7.677  ; 7.747  ; 8.027  ; 8.105  ;
; b[56]      ; f[58]       ; 6.560  ; 6.633  ; 6.909  ; 6.991  ;
; b[56]      ; f[59]       ; 8.070  ; 8.063  ; 8.425  ; 8.412  ;
; b[57]      ; f[57]       ; 7.475  ; 7.568  ; 7.760  ; 7.867  ;
; b[57]      ; f[58]       ; 6.809  ; 6.906  ; 7.119  ; 7.220  ;
; b[57]      ; f[59]       ; 8.325  ; 8.312  ; 8.635  ; 8.622  ;
; b[58]      ; f[58]       ; 6.235  ; 6.340  ; 6.551  ; 6.650  ;
; b[58]      ; f[59]       ; 7.752  ; 7.739  ; 8.089  ; 8.081  ;
; b[59]      ; f[16]       ; 9.367  ; 9.468  ; 9.668  ; 9.781  ;
; b[59]      ; f[17]       ; 9.422  ; 9.489  ; 9.717  ; 9.784  ;
; b[59]      ; f[18]       ; 9.673  ; 9.733  ; 9.990  ; 10.056 ;
; b[59]      ; f[19]       ; 11.586 ; 11.671 ; 11.881 ; 11.966 ;
; b[59]      ; f[32]       ; 9.724  ; 9.862  ; 10.046 ; 10.157 ;
; b[59]      ; f[33]       ; 9.447  ; 9.471  ; 9.742  ; 9.766  ;
; b[59]      ; f[34]       ; 9.899  ; 9.999  ; 10.222 ; 10.322 ;
; b[59]      ; f[35]       ; 10.385 ; 10.457 ; 10.708 ; 10.780 ;
; b[59]      ; f[48]       ; 10.259 ; 10.354 ; 10.548 ; 10.649 ;
; b[59]      ; f[49]       ; 10.343 ; 10.426 ; 10.641 ; 10.738 ;
; b[59]      ; f[50]       ; 10.522 ; 10.621 ; 10.811 ; 10.910 ;
; b[59]      ; f[51]       ; 11.234 ; 11.302 ; 11.523 ; 11.591 ;
; b[59]      ; f[52]       ; 9.572  ; 9.643  ; 9.888  ; 9.980  ;
; b[59]      ; f[53]       ; 10.110 ; 10.148 ; 10.412 ; 10.441 ;
; b[59]      ; f[54]       ; 10.288 ; 10.322 ; 10.577 ; 10.611 ;
; b[59]      ; f[55]       ; 10.905 ; 10.895 ; 11.194 ; 11.194 ;
; b[59]      ; f[56]       ; 9.319  ; 9.415  ; 9.631  ; 9.704  ;
; b[59]      ; f[57]       ; 10.400 ; 10.470 ; 10.696 ; 10.807 ;
; b[59]      ; f[58]       ; 9.707  ; 9.808  ; 9.996  ; 10.097 ;
; b[59]      ; f[59]       ; 8.260  ; 8.264  ; 8.567  ; 8.553  ;
; b[59]      ; f[60]       ; 6.757  ; 6.845  ; 7.052  ; 7.140  ;
; b[59]      ; f[61]       ; 7.162  ; 7.237  ; 7.472  ; 7.532  ;
; b[59]      ; f[62]       ; 7.060  ; 7.147  ; 7.355  ; 7.442  ;
; b[59]      ; f[63]       ; 7.904  ; 7.841  ; 8.199  ; 8.142  ;
; b[60]      ; f[60]       ; 6.140  ; 6.224  ; 6.474  ; 6.558  ;
; b[60]      ; f[61]       ; 6.642  ; 6.716  ; 6.990  ; 7.050  ;
; b[60]      ; f[62]       ; 6.542  ; 6.629  ; 6.876  ; 6.963  ;
; b[60]      ; f[63]       ; 7.385  ; 7.319  ; 7.720  ; 7.663  ;
; b[61]      ; f[61]       ; 6.300  ; 6.363  ; 6.599  ; 6.660  ;
; b[61]      ; f[62]       ; 6.602  ; 6.689  ; 6.909  ; 6.990  ;
; b[61]      ; f[63]       ; 7.446  ; 7.389  ; 7.745  ; 7.679  ;
; b[62]      ; f[62]       ; 6.107  ; 6.190  ; 6.417  ; 6.499  ;
; b[62]      ; f[63]       ; 7.015  ; 6.958  ; 7.325  ; 7.268  ;
; b[63]      ; f[16]       ; 9.889  ; 9.990  ; 10.214 ; 10.315 ;
; b[63]      ; f[17]       ; 10.185 ; 10.287 ; 10.499 ; 10.566 ;
; b[63]      ; f[18]       ; 10.195 ; 10.255 ; 10.520 ; 10.580 ;
; b[63]      ; f[19]       ; 12.158 ; 12.250 ; 12.444 ; 12.529 ;
; b[63]      ; f[32]       ; 10.415 ; 10.554 ; 10.740 ; 10.879 ;
; b[63]      ; f[33]       ; 10.190 ; 10.265 ; 10.515 ; 10.548 ;
; b[63]      ; f[34]       ; 10.590 ; 10.690 ; 10.915 ; 11.015 ;
; b[63]      ; f[35]       ; 11.076 ; 11.148 ; 11.401 ; 11.473 ;
; b[63]      ; f[48]       ; 10.036 ; 10.134 ; 10.367 ; 10.440 ;
; b[63]      ; f[49]       ; 10.123 ; 10.206 ; 10.429 ; 10.512 ;
; b[63]      ; f[50]       ; 10.299 ; 10.398 ; 10.631 ; 10.732 ;
; b[63]      ; f[51]       ; 11.011 ; 11.079 ; 11.345 ; 11.413 ;
; b[63]      ; f[52]       ; 9.074  ; 9.174  ; 9.382  ; 9.453  ;
; b[63]      ; f[53]       ; 9.598  ; 9.627  ; 9.920  ; 9.952  ;
; b[63]      ; f[54]       ; 9.763  ; 9.797  ; 10.088 ; 10.122 ;
; b[63]      ; f[55]       ; 10.380 ; 10.380 ; 10.705 ; 10.705 ;
; b[63]      ; f[56]       ; 6.916  ; 6.989  ; 7.202  ; 7.310  ;
; b[63]      ; f[57]       ; 8.118  ; 8.222  ; 8.431  ; 8.501  ;
; b[63]      ; f[58]       ; 7.281  ; 7.382  ; 7.606  ; 7.702  ;
; b[63]      ; f[59]       ; 8.797  ; 8.784  ; 9.122  ; 9.109  ;
; b[63]      ; f[63]       ; 6.836  ; 6.748  ; 7.161  ; 7.073  ;
; c          ; f[0]        ; 5.858  ; 5.798  ; 6.177  ; 6.145  ;
; c          ; f[1]        ; 6.013  ; 6.074  ; 6.341  ; 6.396  ;
; c          ; f[2]        ; 6.856  ; 6.932  ; 7.175  ; 7.216  ;
; c          ; f[3]        ; 7.092  ; 7.060  ; 7.424  ; 7.361  ;
; s[0]       ; f[0]        ; 7.486  ; 7.455  ; 7.940  ; 7.876  ;
; s[0]       ; f[1]        ; 7.291  ; 7.348  ; 7.748  ; 7.777  ;
; s[0]       ; f[2]        ; 7.400  ; 7.469  ; 7.825  ; 7.900  ;
; s[0]       ; f[3]        ; 7.306  ; 7.249  ; 7.738  ; 7.675  ;
; s[0]       ; f[4]        ; 6.937  ; 7.010  ; 7.316  ; 7.408  ;
; s[0]       ; f[5]        ; 6.605  ; 6.701  ; 6.984  ; 7.086  ;
; s[0]       ; f[6]        ; 6.932  ; 6.989  ; 7.349  ; 7.437  ;
; s[0]       ; f[7]        ; 7.375  ; 7.293  ; 7.735  ; 7.647  ;
; s[0]       ; f[8]        ; 7.241  ; 7.330  ; 7.641  ; 7.758  ;
; s[0]       ; f[9]        ; 6.990  ; 7.059  ; 7.372  ; 7.472  ;
; s[0]       ; f[10]       ; 7.000  ; 7.097  ; 7.396  ; 7.465  ;
; s[0]       ; f[11]       ; 7.875  ; 7.760  ; 8.205  ; 8.084  ;
; s[0]       ; f[12]       ; 6.884  ; 6.970  ; 7.295  ; 7.387  ;
; s[0]       ; f[13]       ; 7.339  ; 7.390  ; 7.745  ; 7.827  ;
; s[0]       ; f[14]       ; 7.969  ; 7.915  ; 8.382  ; 8.363  ;
; s[0]       ; f[15]       ; 7.994  ; 7.956  ; 8.346  ; 8.336  ;
; s[0]       ; f[16]       ; 8.349  ; 8.452  ; 8.780  ; 8.892  ;
; s[0]       ; f[17]       ; 8.083  ; 8.175  ; 8.528  ; 8.626  ;
; s[0]       ; f[18]       ; 8.056  ; 8.142  ; 8.531  ; 8.589  ;
; s[0]       ; f[19]       ; 7.270  ; 7.359  ; 7.643  ; 7.781  ;
; s[0]       ; f[20]       ; 7.361  ; 7.459  ; 7.752  ; 7.856  ;
; s[0]       ; f[21]       ; 7.280  ; 7.339  ; 7.674  ; 7.739  ;
; s[0]       ; f[22]       ; 7.661  ; 7.754  ; 8.068  ; 8.167  ;
; s[0]       ; f[23]       ; 7.752  ; 7.681  ; 8.123  ; 8.024  ;
; s[0]       ; f[24]       ; 6.890  ; 6.945  ; 7.273  ; 7.359  ;
; s[0]       ; f[25]       ; 6.697  ; 6.776  ; 7.084  ; 7.169  ;
; s[0]       ; f[26]       ; 8.043  ; 8.034  ; 8.425  ; 8.445  ;
; s[0]       ; f[27]       ; 7.613  ; 7.495  ; 7.982  ; 7.858  ;
; s[0]       ; f[28]       ; 7.232  ; 7.265  ; 7.692  ; 7.734  ;
; s[0]       ; f[29]       ; 7.364  ; 7.436  ; 7.788  ; 7.891  ;
; s[0]       ; f[30]       ; 8.343  ; 8.338  ; 8.807  ; 8.774  ;
; s[0]       ; f[31]       ; 7.613  ; 7.546  ; 7.994  ; 7.918  ;
; s[0]       ; f[32]       ; 8.318  ; 8.455  ; 8.731  ; 8.874  ;
; s[0]       ; f[33]       ; 7.703  ; 7.766  ; 8.141  ; 8.176  ;
; s[0]       ; f[34]       ; 8.068  ; 8.193  ; 8.477  ; 8.608  ;
; s[0]       ; f[35]       ; 8.595  ; 8.679  ; 8.998  ; 9.070  ;
; s[0]       ; f[36]       ; 7.531  ; 7.575  ; 7.991  ; 8.055  ;
; s[0]       ; f[37]       ; 7.581  ; 7.612  ; 8.025  ; 8.065  ;
; s[0]       ; f[38]       ; 7.410  ; 7.473  ; 7.900  ; 7.935  ;
; s[0]       ; f[39]       ; 7.775  ; 7.692  ; 8.202  ; 8.113  ;
; s[0]       ; f[40]       ; 6.967  ; 7.049  ; 7.380  ; 7.468  ;
; s[0]       ; f[41]       ; 7.265  ; 7.322  ; 7.643  ; 7.731  ;
; s[0]       ; f[42]       ; 7.011  ; 7.091  ; 7.430  ; 7.516  ;
; s[0]       ; f[43]       ; 7.120  ; 7.033  ; 7.542  ; 7.449  ;
; s[0]       ; f[44]       ; 6.724  ; 6.781  ; 7.148  ; 7.233  ;
; s[0]       ; f[45]       ; 6.639  ; 6.721  ; 7.081  ; 7.135  ;
; s[0]       ; f[46]       ; 6.577  ; 6.663  ; 6.990  ; 7.082  ;
; s[0]       ; f[47]       ; 6.994  ; 6.927  ; 7.430  ; 7.351  ;
; s[0]       ; f[48]       ; 6.940  ; 7.014  ; 7.333  ; 7.438  ;
; s[0]       ; f[49]       ; 6.905  ; 7.000  ; 7.331  ; 7.398  ;
; s[0]       ; f[50]       ; 6.907  ; 6.981  ; 7.334  ; 7.439  ;
; s[0]       ; f[51]       ; 6.832  ; 6.925  ; 7.266  ; 7.365  ;
; s[0]       ; f[52]       ; 7.200  ; 7.275  ; 7.573  ; 7.697  ;
; s[0]       ; f[53]       ; 7.034  ; 7.090  ; 7.454  ; 7.516  ;
; s[0]       ; f[54]       ; 7.134  ; 7.141  ; 7.511  ; 7.549  ;
; s[0]       ; f[55]       ; 7.402  ; 7.376  ; 7.796  ; 7.764  ;
; s[0]       ; f[56]       ; 6.807  ; 6.910  ; 7.252  ; 7.327  ;
; s[0]       ; f[57]       ; 7.781  ; 7.888  ; 8.224  ; 8.303  ;
; s[0]       ; f[58]       ; 6.681  ; 6.780  ; 7.094  ; 7.199  ;
; s[0]       ; f[59]       ; 8.219  ; 8.212  ; 8.611  ; 8.598  ;
; s[0]       ; f[60]       ; 7.318  ; 7.375  ; 7.775  ; 7.863  ;
; s[0]       ; f[61]       ; 7.362  ; 7.423  ; 7.783  ; 7.873  ;
; s[0]       ; f[62]       ; 7.340  ; 7.393  ; 7.804  ; 7.892  ;
; s[0]       ; f[63]       ; 7.161  ; 7.079  ; 7.532  ; 7.444  ;
; s[1]       ; f[0]        ; 7.289  ; 7.258  ; 7.686  ; 7.622  ;
; s[1]       ; f[1]        ; 7.096  ; 7.153  ; 7.494  ; 7.523  ;
; s[1]       ; f[2]        ; 7.204  ; 7.273  ; 7.573  ; 7.648  ;
; s[1]       ; f[3]        ; 7.110  ; 7.053  ; 7.484  ; 7.421  ;
; s[1]       ; f[4]        ; 7.276  ; 7.349  ; 7.620  ; 7.712  ;
; s[1]       ; f[5]        ; 7.114  ; 7.210  ; 7.466  ; 7.568  ;
; s[1]       ; f[6]        ; 7.252  ; 7.309  ; 7.593  ; 7.681  ;
; s[1]       ; f[7]        ; 7.715  ; 7.633  ; 8.037  ; 7.949  ;
; s[1]       ; f[8]        ; 7.075  ; 7.164  ; 7.440  ; 7.557  ;
; s[1]       ; f[9]        ; 6.832  ; 6.901  ; 7.181  ; 7.281  ;
; s[1]       ; f[10]       ; 6.834  ; 6.931  ; 7.200  ; 7.269  ;
; s[1]       ; f[11]       ; 7.846  ; 7.731  ; 8.164  ; 8.043  ;
; s[1]       ; f[12]       ; 6.836  ; 6.922  ; 7.197  ; 7.289  ;
; s[1]       ; f[13]       ; 7.292  ; 7.343  ; 7.643  ; 7.725  ;
; s[1]       ; f[14]       ; 7.919  ; 7.865  ; 8.274  ; 8.255  ;
; s[1]       ; f[15]       ; 8.085  ; 8.047  ; 8.404  ; 8.394  ;
; s[1]       ; f[16]       ; 7.887  ; 7.990  ; 8.283  ; 8.395  ;
; s[1]       ; f[17]       ; 7.692  ; 7.784  ; 8.085  ; 8.183  ;
; s[1]       ; f[18]       ; 7.613  ; 7.699  ; 8.016  ; 8.074  ;
; s[1]       ; f[19]       ; 7.107  ; 7.196  ; 7.451  ; 7.589  ;
; s[1]       ; f[20]       ; 7.070  ; 7.168  ; 7.422  ; 7.526  ;
; s[1]       ; f[21]       ; 7.180  ; 7.239  ; 7.526  ; 7.591  ;
; s[1]       ; f[22]       ; 7.498  ; 7.591  ; 7.838  ; 7.937  ;
; s[1]       ; f[23]       ; 7.482  ; 7.411  ; 7.846  ; 7.747  ;
; s[1]       ; f[24]       ; 6.979  ; 7.034  ; 7.340  ; 7.426  ;
; s[1]       ; f[25]       ; 6.783  ; 6.862  ; 7.149  ; 7.234  ;
; s[1]       ; f[26]       ; 8.136  ; 8.127  ; 8.496  ; 8.516  ;
; s[1]       ; f[27]       ; 7.345  ; 7.227  ; 7.705  ; 7.581  ;
; s[1]       ; f[28]       ; 7.038  ; 7.071  ; 7.378  ; 7.420  ;
; s[1]       ; f[29]       ; 7.168  ; 7.240  ; 7.476  ; 7.579  ;
; s[1]       ; f[30]       ; 8.147  ; 8.142  ; 8.494  ; 8.461  ;
; s[1]       ; f[31]       ; 7.450  ; 7.358  ; 7.819  ; 7.721  ;
; s[1]       ; f[32]       ; 8.001  ; 8.138  ; 8.354  ; 8.497  ;
; s[1]       ; f[33]       ; 7.386  ; 7.449  ; 7.763  ; 7.798  ;
; s[1]       ; f[34]       ; 7.749  ; 7.874  ; 8.100  ; 8.231  ;
; s[1]       ; f[35]       ; 8.276  ; 8.360  ; 8.621  ; 8.693  ;
; s[1]       ; f[36]       ; 7.344  ; 7.388  ; 7.730  ; 7.794  ;
; s[1]       ; f[37]       ; 7.378  ; 7.409  ; 7.786  ; 7.826  ;
; s[1]       ; f[38]       ; 7.219  ; 7.282  ; 7.631  ; 7.666  ;
; s[1]       ; f[39]       ; 7.476  ; 7.393  ; 7.859  ; 7.770  ;
; s[1]       ; f[40]       ; 6.685  ; 6.767  ; 7.053  ; 7.141  ;
; s[1]       ; f[41]       ; 6.898  ; 6.955  ; 7.257  ; 7.345  ;
; s[1]       ; f[42]       ; 6.662  ; 6.742  ; 7.022  ; 7.108  ;
; s[1]       ; f[43]       ; 6.764  ; 6.677  ; 7.128  ; 7.035  ;
; s[1]       ; f[44]       ; 7.203  ; 7.260  ; 7.518  ; 7.603  ;
; s[1]       ; f[45]       ; 7.118  ; 7.200  ; 7.452  ; 7.506  ;
; s[1]       ; f[46]       ; 7.056  ; 7.142  ; 7.356  ; 7.448  ;
; s[1]       ; f[47]       ; 7.474  ; 7.407  ; 7.801  ; 7.722  ;
; s[1]       ; f[48]       ; 6.612  ; 6.686  ; 6.906  ; 7.011  ;
; s[1]       ; f[49]       ; 6.576  ; 6.671  ; 6.905  ; 6.972  ;
; s[1]       ; f[50]       ; 6.595  ; 6.669  ; 6.885  ; 6.990  ;
; s[1]       ; f[51]       ; 6.520  ; 6.613  ; 6.816  ; 6.915  ;
; s[1]       ; f[52]       ; 6.608  ; 6.683  ; 6.919  ; 7.043  ;
; s[1]       ; f[53]       ; 6.458  ; 6.514  ; 6.778  ; 6.840  ;
; s[1]       ; f[54]       ; 6.543  ; 6.550  ; 6.857  ; 6.895  ;
; s[1]       ; f[55]       ; 6.825  ; 6.799  ; 7.120  ; 7.088  ;
; s[1]       ; f[56]       ; 6.857  ; 6.960  ; 7.204  ; 7.279  ;
; s[1]       ; f[57]       ; 7.829  ; 7.936  ; 8.179  ; 8.258  ;
; s[1]       ; f[58]       ; 6.729  ; 6.828  ; 7.047  ; 7.152  ;
; s[1]       ; f[59]       ; 8.267  ; 8.260  ; 8.564  ; 8.551  ;
; s[1]       ; f[60]       ; 7.125  ; 7.182  ; 7.494  ; 7.582  ;
; s[1]       ; f[61]       ; 7.160  ; 7.221  ; 7.535  ; 7.625  ;
; s[1]       ; f[62]       ; 7.150  ; 7.203  ; 7.528  ; 7.616  ;
; s[1]       ; f[63]       ; 7.212  ; 7.130  ; 7.484  ; 7.396  ;
; s[2]       ; f[0]        ; 7.797  ; 7.739  ; 8.192  ; 8.128  ;
; s[2]       ; f[1]        ; 7.870  ; 7.900  ; 8.255  ; 8.316  ;
; s[2]       ; f[2]        ; 7.954  ; 8.025  ; 8.359  ; 8.402  ;
; s[2]       ; f[3]        ; 7.986  ; 7.927  ; 8.338  ; 8.307  ;
; s[2]       ; f[4]        ; 7.268  ; 7.354  ; 7.696  ; 7.788  ;
; s[2]       ; f[5]        ; 7.493  ; 7.591  ; 7.914  ; 7.984  ;
; s[2]       ; f[6]        ; 7.341  ; 7.425  ; 7.798  ; 7.854  ;
; s[2]       ; f[7]        ; 7.982  ; 7.898  ; 8.367  ; 8.311  ;
; s[2]       ; f[8]        ; 7.378  ; 7.466  ; 7.748  ; 7.865  ;
; s[2]       ; f[9]        ; 6.969  ; 7.063  ; 7.385  ; 7.485  ;
; s[2]       ; f[10]       ; 6.827  ; 6.922  ; 7.227  ; 7.328  ;
; s[2]       ; f[11]       ; 8.353  ; 8.263  ; 8.730  ; 8.631  ;
; s[2]       ; f[12]       ; 7.899  ; 7.960  ; 8.308  ; 8.400  ;
; s[2]       ; f[13]       ; 7.770  ; 7.848  ; 8.185  ; 8.235  ;
; s[2]       ; f[14]       ; 8.738  ; 8.714  ; 9.172  ; 9.120  ;
; s[2]       ; f[15]       ; 8.919  ; 8.907  ; 9.291  ; 9.251  ;
; s[2]       ; f[16]       ; 8.139  ; 8.267  ; 8.537  ; 8.671  ;
; s[2]       ; f[17]       ; 8.095  ; 8.177  ; 8.549  ; 8.645  ;
; s[2]       ; f[18]       ; 8.104  ; 8.163  ; 8.542  ; 8.630  ;
; s[2]       ; f[19]       ; 7.130  ; 7.240  ; 7.524  ; 7.640  ;
; s[2]       ; f[20]       ; 7.730  ; 7.830  ; 8.184  ; 8.256  ;
; s[2]       ; f[21]       ; 7.643  ; 7.675  ; 8.037  ; 8.102  ;
; s[2]       ; f[22]       ; 7.860  ; 7.955  ; 8.284  ; 8.351  ;
; s[2]       ; f[23]       ; 7.869  ; 7.772  ; 8.297  ; 8.228  ;
; s[2]       ; f[24]       ; 6.381  ; 6.463  ; 6.725  ; 6.779  ;
; s[2]       ; f[25]       ; 6.404  ; 6.458  ; 6.737  ; 6.822  ;
; s[2]       ; f[26]       ; 7.587  ; 7.579  ; 7.926  ; 7.946  ;
; s[2]       ; f[27]       ; 8.108  ; 8.015  ; 8.559  ; 8.435  ;
; s[2]       ; f[28]       ; 7.395  ; 7.453  ; 7.790  ; 7.854  ;
; s[2]       ; f[29]       ; 7.632  ; 7.731  ; 8.072  ; 8.143  ;
; s[2]       ; f[30]       ; 8.699  ; 8.667  ; 9.103  ; 9.102  ;
; s[2]       ; f[31]       ; 7.909  ; 7.817  ; 8.346  ; 8.248  ;
; s[2]       ; f[32]       ; 8.532  ; 8.641  ; 8.988  ; 9.132  ;
; s[2]       ; f[33]       ; 7.910  ; 7.944  ; 8.345  ; 8.410  ;
; s[2]       ; f[34]       ; 8.281  ; 8.408  ; 8.785  ; 8.884  ;
; s[2]       ; f[35]       ; 8.681  ; 8.780  ; 9.081  ; 9.186  ;
; s[2]       ; f[36]       ; 7.452  ; 7.509  ; 7.861  ; 7.924  ;
; s[2]       ; f[37]       ; 7.688  ; 7.717  ; 8.116  ; 8.157  ;
; s[2]       ; f[38]       ; 7.616  ; 7.652  ; 8.020  ; 8.085  ;
; s[2]       ; f[39]       ; 7.843  ; 7.787  ; 8.296  ; 8.228  ;
; s[2]       ; f[40]       ; 6.435  ; 6.489  ; 6.755  ; 6.844  ;
; s[2]       ; f[41]       ; 6.283  ; 6.365  ; 6.601  ; 6.689  ;
; s[2]       ; f[42]       ; 6.521  ; 6.603  ; 6.874  ; 6.928  ;
; s[2]       ; f[43]       ; 6.487  ; 6.427  ; 6.825  ; 6.753  ;
; s[2]       ; f[44]       ; 6.413  ; 6.469  ; 6.735  ; 6.820  ;
; s[2]       ; f[45]       ; 6.213  ; 6.268  ; 6.526  ; 6.610  ;
; s[2]       ; f[46]       ; 6.449  ; 6.508  ; 6.744  ; 6.832  ;
; s[2]       ; f[47]       ; 6.309  ; 6.215  ; 6.626  ; 6.526  ;
; s[2]       ; f[48]       ; 6.924  ; 7.023  ; 7.344  ; 7.449  ;
; s[2]       ; f[49]       ; 6.995  ; 7.088  ; 7.413  ; 7.512  ;
; s[2]       ; f[50]       ; 6.998  ; 7.099  ; 7.442  ; 7.515  ;
; s[2]       ; f[51]       ; 7.107  ; 7.202  ; 7.549  ; 7.616  ;
; s[2]       ; f[52]       ; 7.159  ; 7.230  ; 7.516  ; 7.647  ;
; s[2]       ; f[53]       ; 7.388  ; 7.415  ; 7.768  ; 7.831  ;
; s[2]       ; f[54]       ; 7.075  ; 7.107  ; 7.472  ; 7.510  ;
; s[2]       ; f[55]       ; 7.709  ; 7.681  ; 8.092  ; 8.092  ;
; s[2]       ; f[56]       ; 7.248  ; 7.349  ; 7.672  ; 7.779  ;
; s[2]       ; f[57]       ; 8.547  ; 8.627  ; 8.945  ; 9.054  ;
; s[2]       ; f[58]       ; 7.271  ; 7.345  ; 7.732  ; 7.837  ;
; s[2]       ; f[59]       ; 8.784  ; 8.777  ; 9.249  ; 9.236  ;
; s[2]       ; f[60]       ; 6.768  ; 6.852  ; 7.216  ; 7.272  ;
; s[2]       ; f[61]       ; 7.068  ; 7.130  ; 7.498  ; 7.588  ;
; s[2]       ; f[62]       ; 6.987  ; 7.070  ; 7.467  ; 7.522  ;
; s[2]       ; f[63]       ; 7.526  ; 7.471  ; 7.940  ; 7.873  ;
; s[3]       ; f[0]        ; 6.029  ; 5.971  ; 6.154  ; 6.090  ;
; s[3]       ; f[1]        ; 6.105  ; 6.135  ; 6.216  ; 6.277  ;
; s[3]       ; f[2]        ; 6.038  ; 6.109  ; 6.193  ; 6.236  ;
; s[3]       ; f[3]        ; 6.063  ; 6.004  ; 6.165  ; 6.134  ;
; s[3]       ; f[4]        ; 5.362  ; 5.448  ; 5.506  ; 5.598  ;
; s[3]       ; f[5]        ; 5.513  ; 5.611  ; 5.692  ; 5.762  ;
; s[3]       ; f[6]        ; 5.453  ; 5.537  ; 5.626  ; 5.682  ;
; s[3]       ; f[7]        ; 6.073  ; 5.989  ; 6.177  ; 6.121  ;
; s[3]       ; f[8]        ; 5.720  ; 5.808  ; 5.848  ; 5.965  ;
; s[3]       ; f[9]        ; 5.287  ; 5.381  ; 5.419  ; 5.519  ;
; s[3]       ; f[10]       ; 5.320  ; 5.415  ; 5.460  ; 5.561  ;
; s[3]       ; f[11]       ; 7.021  ; 6.931  ; 7.127  ; 7.028  ;
; s[3]       ; f[12]       ; 6.063  ; 6.124  ; 6.173  ; 6.265  ;
; s[3]       ; f[13]       ; 6.577  ; 6.655  ; 6.753  ; 6.812  ;
; s[3]       ; f[14]       ; 7.196  ; 7.172  ; 7.373  ; 7.321  ;
; s[3]       ; f[15]       ; 7.450  ; 7.438  ; 7.568  ; 7.528  ;
; s[3]       ; f[16]       ; 5.735  ; 5.863  ; 5.874  ; 6.008  ;
; s[3]       ; f[17]       ; 5.818  ; 5.900  ; 5.963  ; 6.059  ;
; s[3]       ; f[18]       ; 5.733  ; 5.792  ; 5.845  ; 5.933  ;
; s[3]       ; f[19]       ; 5.622  ; 5.732  ; 5.759  ; 5.875  ;
; s[3]       ; f[20]       ; 5.849  ; 5.949  ; 5.997  ; 6.069  ;
; s[3]       ; f[21]       ; 5.914  ; 5.946  ; 6.016  ; 6.081  ;
; s[3]       ; f[22]       ; 6.124  ; 6.219  ; 6.259  ; 6.326  ;
; s[3]       ; f[23]       ; 5.958  ; 5.861  ; 6.082  ; 6.013  ;
; s[3]       ; f[24]       ; 5.028  ; 5.110  ; 5.204  ; 5.258  ;
; s[3]       ; f[25]       ; 4.988  ; 5.042  ; 5.128  ; 5.213  ;
; s[3]       ; f[26]       ; 6.146  ; 6.138  ; 6.297  ; 6.317  ;
; s[3]       ; f[27]       ; 6.198  ; 6.105  ; 6.341  ; 6.217  ;
; s[3]       ; f[28]       ; 5.817  ; 5.875  ; 5.934  ; 5.998  ;
; s[3]       ; f[29]       ; 6.202  ; 6.301  ; 6.339  ; 6.423  ;
; s[3]       ; f[30]       ; 7.367  ; 7.335  ; 7.495  ; 7.494  ;
; s[3]       ; f[31]       ; 6.125  ; 6.060  ; 6.234  ; 6.157  ;
; s[3]       ; f[32]       ; 6.261  ; 6.370  ; 6.417  ; 6.561  ;
; s[3]       ; f[33]       ; 5.554  ; 5.588  ; 5.696  ; 5.761  ;
; s[3]       ; f[34]       ; 5.840  ; 5.967  ; 6.009  ; 6.108  ;
; s[3]       ; f[35]       ; 6.366  ; 6.450  ; 6.497  ; 6.569  ;
; s[3]       ; f[36]       ; 5.285  ; 5.342  ; 5.437  ; 5.500  ;
; s[3]       ; f[37]       ; 5.415  ; 5.444  ; 5.580  ; 5.621  ;
; s[3]       ; f[38]       ; 5.343  ; 5.379  ; 5.485  ; 5.550  ;
; s[3]       ; f[39]       ; 5.669  ; 5.613  ; 5.825  ; 5.757  ;
; s[3]       ; f[40]       ; 5.415  ; 5.469  ; 5.622  ; 5.711  ;
; s[3]       ; f[41]       ; 5.268  ; 5.350  ; 5.469  ; 5.557  ;
; s[3]       ; f[42]       ; 5.294  ; 5.376  ; 5.509  ; 5.563  ;
; s[3]       ; f[43]       ; 5.472  ; 5.412  ; 5.694  ; 5.622  ;
; s[3]       ; f[44]       ; 4.908  ; 4.964  ; 5.063  ; 5.148  ;
; s[3]       ; f[45]       ; 4.922  ; 4.977  ; 5.096  ; 5.180  ;
; s[3]       ; f[46]       ; 4.939  ; 4.997  ; 5.094  ; 5.187  ;
; s[3]       ; f[47]       ; 5.010  ; 4.916  ; 5.192  ; 5.092  ;
; s[3]       ; f[48]       ; 5.322  ; 5.421  ; 5.480  ; 5.585  ;
; s[3]       ; f[49]       ; 5.392  ; 5.485  ; 5.546  ; 5.645  ;
; s[3]       ; f[50]       ; 5.394  ; 5.495  ; 5.579  ; 5.652  ;
; s[3]       ; f[51]       ; 5.504  ; 5.599  ; 5.686  ; 5.753  ;
; s[3]       ; f[52]       ; 5.764  ; 5.835  ; 5.870  ; 6.001  ;
; s[3]       ; f[53]       ; 5.545  ; 5.572  ; 5.649  ; 5.712  ;
; s[3]       ; f[54]       ; 5.516  ; 5.548  ; 5.620  ; 5.658  ;
; s[3]       ; f[55]       ; 6.100  ; 6.102  ; 6.238  ; 6.205  ;
; s[3]       ; f[56]       ; 5.631  ; 5.732  ; 5.776  ; 5.883  ;
; s[3]       ; f[57]       ; 6.930  ; 7.010  ; 7.045  ; 7.154  ;
; s[3]       ; f[58]       ; 5.616  ; 5.690  ; 5.719  ; 5.824  ;
; s[3]       ; f[59]       ; 7.126  ; 7.122  ; 7.236  ; 7.223  ;
; s[3]       ; f[60]       ; 5.229  ; 5.313  ; 5.400  ; 5.456  ;
; s[3]       ; f[61]       ; 5.282  ; 5.344  ; 5.425  ; 5.515  ;
; s[3]       ; f[62]       ; 5.177  ; 5.260  ; 5.338  ; 5.393  ;
; s[3]       ; f[63]       ; 6.085  ; 6.028  ; 6.231  ; 6.165  ;
+------------+-------------+--------+--------+--------+--------+


----------------------------------------------
; Slow 1200mV 0C Model Metastability Summary ;
----------------------------------------------
No synchronizer chains to report.


--------------------------------------
; Fast 1200mV 0C Model Setup Summary ;
--------------------------------------
No paths to report.


-------------------------------------
; Fast 1200mV 0C Model Hold Summary ;
-------------------------------------
No paths to report.


-----------------------------------------
; Fast 1200mV 0C Model Recovery Summary ;
-----------------------------------------
No paths to report.


----------------------------------------
; Fast 1200mV 0C Model Removal Summary ;
----------------------------------------
No paths to report.


----------------------------------------------------
; Fast 1200mV 0C Model Minimum Pulse Width Summary ;
----------------------------------------------------
No paths to report.


+--------------------------------------------------------------+
; Propagation Delay                                            ;
+------------+-------------+--------+--------+--------+--------+
; Input Port ; Output Port ; RR     ; RF     ; FR     ; FF     ;
+------------+-------------+--------+--------+--------+--------+
; M          ; f[0]        ; 5.233  ; 5.261  ; 6.062  ; 6.058  ;
; M          ; f[1]        ; 5.388  ; 5.383  ; 6.190  ; 6.178  ;
; M          ; f[2]        ; 5.717  ; 5.698  ; 6.499  ; 6.471  ;
; M          ; f[3]        ; 5.779  ; 5.803  ; 6.622  ; 6.633  ;
; M          ; f[4]        ; 5.194  ; 5.196  ; 5.956  ; 5.960  ;
; M          ; f[5]        ; 5.417  ; 5.396  ; 6.121  ; 6.109  ;
; M          ; f[6]        ; 5.599  ; 5.608  ; 6.290  ; 6.292  ;
; M          ; f[7]        ; 6.318  ; 6.352  ; 7.037  ; 7.062  ;
; M          ; f[8]        ; 6.586  ; 6.534  ; 7.095  ; 7.061  ;
; M          ; f[9]        ; 6.747  ; 6.717  ; 7.209  ; 7.197  ;
; M          ; f[10]       ; 6.733  ; 6.722  ; 7.215  ; 7.191  ;
; M          ; f[11]       ; 8.691  ; 8.719  ; 9.388  ; 9.376  ;
; M          ; f[12]       ; 5.624  ; 5.597  ; 6.244  ; 6.235  ;
; M          ; f[13]       ; 6.076  ; 6.042  ; 6.697  ; 6.656  ;
; M          ; f[14]       ; 6.588  ; 6.458  ; 7.197  ; 7.060  ;
; M          ; f[15]       ; 6.694  ; 6.774  ; 7.402  ; 7.443  ;
; M          ; f[16]       ; 5.742  ; 5.699  ; 6.476  ; 6.393  ;
; M          ; f[17]       ; 5.488  ; 5.442  ; 6.253  ; 6.189  ;
; M          ; f[18]       ; 5.984  ; 5.930  ; 6.689  ; 6.603  ;
; M          ; f[19]       ; 7.268  ; 7.222  ; 8.194  ; 8.144  ;
; M          ; f[20]       ; 5.166  ; 5.104  ; 5.876  ; 5.867  ;
; M          ; f[21]       ; 5.234  ; 5.204  ; 5.878  ; 5.866  ;
; M          ; f[22]       ; 5.826  ; 5.800  ; 6.513  ; 6.474  ;
; M          ; f[23]       ; 6.631  ; 6.668  ; 7.399  ; 7.397  ;
; M          ; f[24]       ; 7.011  ; 7.016  ; 7.472  ; 7.470  ;
; M          ; f[25]       ; 7.252  ; 7.236  ; 7.686  ; 7.688  ;
; M          ; f[26]       ; 8.257  ; 8.137  ; 8.690  ; 8.588  ;
; M          ; f[27]       ; 9.000  ; 9.078  ; 9.618  ; 9.714  ;
; M          ; f[28]       ; 5.458  ; 5.453  ; 6.161  ; 6.116  ;
; M          ; f[29]       ; 5.777  ; 5.774  ; 6.431  ; 6.421  ;
; M          ; f[30]       ; 6.793  ; 6.648  ; 7.451  ; 7.299  ;
; M          ; f[31]       ; 6.010  ; 6.023  ; 6.682  ; 6.688  ;
; M          ; f[32]       ; 6.205  ; 6.099  ; 6.938  ; 6.850  ;
; M          ; f[33]       ; 5.153  ; 5.104  ; 5.902  ; 5.860  ;
; M          ; f[34]       ; 6.338  ; 6.271  ; 7.048  ; 6.968  ;
; M          ; f[35]       ; 6.684  ; 6.579  ; 7.367  ; 7.222  ;
; M          ; f[36]       ; 4.755  ; 4.703  ; 5.446  ; 5.398  ;
; M          ; f[37]       ; 5.081  ; 5.024  ; 5.746  ; 5.708  ;
; M          ; f[38]       ; 5.485  ; 5.465  ; 6.132  ; 6.080  ;
; M          ; f[39]       ; 6.128  ; 6.184  ; 6.837  ; 6.861  ;
; M          ; f[40]       ; 5.884  ; 5.851  ; 6.404  ; 6.389  ;
; M          ; f[41]       ; 6.201  ; 6.182  ; 6.696  ; 6.695  ;
; M          ; f[42]       ; 6.252  ; 6.251  ; 6.745  ; 6.731  ;
; M          ; f[43]       ; 6.397  ; 6.413  ; 6.946  ; 6.930  ;
; M          ; f[44]       ; 5.988  ; 5.973  ; 6.459  ; 6.462  ;
; M          ; f[45]       ; 6.327  ; 6.345  ; 6.786  ; 6.772  ;
; M          ; f[46]       ; 6.273  ; 6.258  ; 6.717  ; 6.720  ;
; M          ; f[47]       ; 6.651  ; 6.679  ; 7.159  ; 7.155  ;
; M          ; f[48]       ; 6.278  ; 6.260  ; 6.731  ; 6.731  ;
; M          ; f[49]       ; 5.069  ; 5.036  ; 5.809  ; 5.804  ;
; M          ; f[50]       ; 6.451  ; 6.454  ; 6.893  ; 6.889  ;
; M          ; f[51]       ; 7.040  ; 7.025  ; 7.418  ; 7.390  ;
; M          ; f[52]       ; 4.824  ; 4.801  ; 5.544  ; 5.528  ;
; M          ; f[53]       ; 5.354  ; 5.355  ; 6.079  ; 6.040  ;
; M          ; f[54]       ; 5.665  ; 5.620  ; 6.335  ; 6.308  ;
; M          ; f[55]       ; 5.995  ; 6.035  ; 6.703  ; 6.761  ;
; M          ; f[56]       ; 5.608  ; 5.600  ; 6.375  ; 6.358  ;
; M          ; f[57]       ; 5.807  ; 5.697  ; 6.588  ; 6.485  ;
; M          ; f[58]       ; 5.833  ; 5.814  ; 6.570  ; 6.569  ;
; M          ; f[59]       ; 6.774  ; 6.846  ; 7.617  ; 7.682  ;
; M          ; f[60]       ; 5.349  ; 5.358  ; 6.150  ; 6.152  ;
; M          ; f[61]       ; 5.620  ; 5.605  ; 6.394  ; 6.397  ;
; M          ; f[62]       ; 5.709  ; 5.717  ; 6.471  ; 6.472  ;
; M          ; f[63]       ; 6.208  ; 6.220  ; 7.029  ; 7.009  ;
; a[0]       ; f[0]        ; 3.864  ; 3.893  ; 4.156  ; 4.145  ;
; a[0]       ; f[1]        ; 3.998  ; 3.993  ; 4.256  ; 4.244  ;
; a[0]       ; f[2]        ; 4.699  ; 4.680  ; 4.931  ; 4.903  ;
; a[0]       ; f[3]        ; 4.761  ; 4.785  ; 5.054  ; 5.065  ;
; a[1]       ; f[1]        ; 4.694  ; 4.671  ; 5.385  ; 5.375  ;
; a[1]       ; f[2]        ; 5.506  ; 5.487  ; 6.151  ; 6.123  ;
; a[1]       ; f[3]        ; 5.568  ; 5.592  ; 6.274  ; 6.285  ;
; a[2]       ; f[2]        ; 4.461  ; 4.446  ; 5.071  ; 5.038  ;
; a[2]       ; f[3]        ; 4.717  ; 4.741  ; 5.380  ; 5.391  ;
; a[3]       ; f[3]        ; 4.473  ; 4.483  ; 5.084  ; 5.112  ;
; a[3]       ; f[4]        ; 5.743  ; 5.735  ; 6.340  ; 6.350  ;
; a[3]       ; f[5]        ; 6.072  ; 6.051  ; 6.629  ; 6.620  ;
; a[3]       ; f[6]        ; 6.254  ; 6.263  ; 6.805  ; 6.807  ;
; a[3]       ; f[7]        ; 6.973  ; 7.007  ; 7.552  ; 7.577  ;
; a[3]       ; f[8]        ; 6.888  ; 6.836  ; 7.342  ; 7.308  ;
; a[3]       ; f[9]        ; 7.049  ; 7.019  ; 7.456  ; 7.444  ;
; a[3]       ; f[10]       ; 7.035  ; 7.024  ; 7.462  ; 7.438  ;
; a[3]       ; f[11]       ; 8.993  ; 9.021  ; 9.635  ; 9.623  ;
; a[3]       ; f[12]       ; 5.760  ; 5.733  ; 6.337  ; 6.328  ;
; a[3]       ; f[13]       ; 6.212  ; 6.178  ; 6.790  ; 6.749  ;
; a[3]       ; f[14]       ; 6.724  ; 6.594  ; 7.290  ; 7.153  ;
; a[3]       ; f[15]       ; 6.830  ; 6.910  ; 7.495  ; 7.536  ;
; a[3]       ; f[16]       ; 7.618  ; 7.575  ; 8.547  ; 8.464  ;
; a[3]       ; f[17]       ; 7.527  ; 7.469  ; 8.516  ; 8.454  ;
; a[3]       ; f[18]       ; 7.800  ; 7.746  ; 8.695  ; 8.609  ;
; a[3]       ; f[19]       ; 9.084  ; 9.038  ; 10.200 ; 10.150 ;
; a[3]       ; f[32]       ; 7.165  ; 7.059  ; 7.674  ; 7.586  ;
; a[3]       ; f[33]       ; 6.736  ; 6.670  ; 7.324  ; 7.274  ;
; a[3]       ; f[34]       ; 7.298  ; 7.231  ; 7.784  ; 7.704  ;
; a[3]       ; f[35]       ; 7.644  ; 7.539  ; 8.103  ; 7.958  ;
; a[3]       ; f[48]       ; 6.894  ; 6.876  ; 7.382  ; 7.382  ;
; a[3]       ; f[49]       ; 6.804  ; 6.772  ; 7.733  ; 7.728  ;
; a[3]       ; f[50]       ; 7.067  ; 7.070  ; 7.544  ; 7.540  ;
; a[3]       ; f[51]       ; 7.656  ; 7.641  ; 8.069  ; 8.041  ;
; a[4]       ; f[4]        ; 4.535  ; 4.548  ; 5.166  ; 5.156  ;
; a[4]       ; f[5]        ; 4.715  ; 4.694  ; 5.282  ; 5.270  ;
; a[4]       ; f[6]        ; 5.045  ; 5.054  ; 5.624  ; 5.626  ;
; a[4]       ; f[7]        ; 5.764  ; 5.798  ; 6.371  ; 6.396  ;
; a[5]       ; f[5]        ; 4.276  ; 4.258  ; 4.870  ; 4.859  ;
; a[5]       ; f[6]        ; 4.937  ; 4.946  ; 5.509  ; 5.511  ;
; a[5]       ; f[7]        ; 5.656  ; 5.690  ; 6.256  ; 6.281  ;
; a[6]       ; f[6]        ; 4.363  ; 4.368  ; 4.967  ; 4.954  ;
; a[6]       ; f[7]        ; 4.915  ; 4.949  ; 5.565  ; 5.590  ;
; a[7]       ; f[4]        ; 5.643  ; 5.635  ; 6.218  ; 6.228  ;
; a[7]       ; f[5]        ; 5.972  ; 5.951  ; 6.507  ; 6.498  ;
; a[7]       ; f[6]        ; 6.154  ; 6.163  ; 6.683  ; 6.685  ;
; a[7]       ; f[7]        ; 6.873  ; 6.907  ; 7.430  ; 7.455  ;
; a[7]       ; f[8]        ; 7.105  ; 7.053  ; 7.613  ; 7.579  ;
; a[7]       ; f[9]        ; 7.266  ; 7.236  ; 7.727  ; 7.715  ;
; a[7]       ; f[10]       ; 7.252  ; 7.241  ; 7.733  ; 7.709  ;
; a[7]       ; f[11]       ; 9.210  ; 9.238  ; 9.906  ; 9.894  ;
; a[7]       ; f[12]       ; 5.875  ; 5.848  ; 6.461  ; 6.452  ;
; a[7]       ; f[13]       ; 6.327  ; 6.293  ; 6.914  ; 6.873  ;
; a[7]       ; f[14]       ; 6.839  ; 6.709  ; 7.414  ; 7.277  ;
; a[7]       ; f[15]       ; 6.945  ; 7.025  ; 7.619  ; 7.660  ;
; a[7]       ; f[16]       ; 7.655  ; 7.612  ; 8.592  ; 8.509  ;
; a[7]       ; f[17]       ; 7.564  ; 7.506  ; 8.561  ; 8.499  ;
; a[7]       ; f[18]       ; 7.837  ; 7.783  ; 8.740  ; 8.654  ;
; a[7]       ; f[19]       ; 9.121  ; 9.075  ; 10.245 ; 10.195 ;
; a[7]       ; f[32]       ; 7.220  ; 7.114  ; 7.740  ; 7.652  ;
; a[7]       ; f[33]       ; 6.791  ; 6.725  ; 7.390  ; 7.340  ;
; a[7]       ; f[34]       ; 7.353  ; 7.286  ; 7.850  ; 7.770  ;
; a[7]       ; f[35]       ; 7.699  ; 7.594  ; 8.169  ; 8.024  ;
; a[7]       ; f[48]       ; 6.901  ; 6.883  ; 7.379  ; 7.379  ;
; a[7]       ; f[49]       ; 6.841  ; 6.809  ; 7.778  ; 7.773  ;
; a[7]       ; f[50]       ; 7.074  ; 7.077  ; 7.541  ; 7.537  ;
; a[7]       ; f[51]       ; 7.663  ; 7.648  ; 8.066  ; 8.038  ;
; a[8]       ; f[8]        ; 4.773  ; 4.722  ; 5.398  ; 5.379  ;
; a[8]       ; f[9]        ; 4.831  ; 4.801  ; 5.441  ; 5.429  ;
; a[8]       ; f[10]       ; 5.169  ; 5.158  ; 5.720  ; 5.696  ;
; a[8]       ; f[11]       ; 7.127  ; 7.155  ; 7.893  ; 7.881  ;
; a[9]       ; f[9]        ; 4.446  ; 4.420  ; 5.063  ; 5.050  ;
; a[9]       ; f[10]       ; 5.089  ; 5.078  ; 5.633  ; 5.609  ;
; a[9]       ; f[11]       ; 7.047  ; 7.075  ; 7.806  ; 7.794  ;
; a[10]      ; f[10]       ; 4.484  ; 4.474  ; 5.124  ; 5.096  ;
; a[10]      ; f[11]       ; 6.514  ; 6.542  ; 7.377  ; 7.365  ;
; a[11]      ; f[4]        ; 5.710  ; 5.702  ; 6.302  ; 6.312  ;
; a[11]      ; f[5]        ; 6.039  ; 6.018  ; 6.591  ; 6.582  ;
; a[11]      ; f[6]        ; 6.221  ; 6.230  ; 6.767  ; 6.769  ;
; a[11]      ; f[7]        ; 6.940  ; 6.974  ; 7.514  ; 7.539  ;
; a[11]      ; f[8]        ; 6.920  ; 6.868  ; 7.415  ; 7.381  ;
; a[11]      ; f[9]        ; 7.081  ; 7.051  ; 7.529  ; 7.517  ;
; a[11]      ; f[10]       ; 7.067  ; 7.056  ; 7.535  ; 7.511  ;
; a[11]      ; f[11]       ; 9.025  ; 9.053  ; 9.708  ; 9.696  ;
; a[11]      ; f[12]       ; 5.804  ; 5.777  ; 6.399  ; 6.390  ;
; a[11]      ; f[13]       ; 6.256  ; 6.222  ; 6.852  ; 6.811  ;
; a[11]      ; f[14]       ; 6.768  ; 6.638  ; 7.352  ; 7.215  ;
; a[11]      ; f[15]       ; 6.874  ; 6.954  ; 7.557  ; 7.598  ;
; a[11]      ; f[16]       ; 7.470  ; 7.427  ; 8.394  ; 8.311  ;
; a[11]      ; f[17]       ; 7.379  ; 7.321  ; 8.363  ; 8.301  ;
; a[11]      ; f[18]       ; 7.652  ; 7.598  ; 8.542  ; 8.456  ;
; a[11]      ; f[19]       ; 8.936  ; 8.890  ; 10.047 ; 9.997  ;
; a[11]      ; f[32]       ; 7.138  ; 7.032  ; 7.659  ; 7.571  ;
; a[11]      ; f[33]       ; 6.709  ; 6.643  ; 7.309  ; 7.259  ;
; a[11]      ; f[34]       ; 7.271  ; 7.204  ; 7.769  ; 7.689  ;
; a[11]      ; f[35]       ; 7.617  ; 7.512  ; 8.088  ; 7.943  ;
; a[11]      ; f[48]       ; 6.726  ; 6.708  ; 7.189  ; 7.189  ;
; a[11]      ; f[49]       ; 6.656  ; 6.624  ; 7.580  ; 7.575  ;
; a[11]      ; f[50]       ; 6.899  ; 6.902  ; 7.351  ; 7.347  ;
; a[11]      ; f[51]       ; 7.488  ; 7.473  ; 7.876  ; 7.848  ;
; a[12]      ; f[12]       ; 4.758  ; 4.735  ; 5.401  ; 5.391  ;
; a[12]      ; f[13]       ; 5.139  ; 5.105  ; 5.771  ; 5.730  ;
; a[12]      ; f[14]       ; 5.705  ; 5.575  ; 6.332  ; 6.195  ;
; a[12]      ; f[15]       ; 5.811  ; 5.891  ; 6.537  ; 6.578  ;
; a[13]      ; f[13]       ; 4.651  ; 4.599  ; 5.229  ; 5.190  ;
; a[13]      ; f[14]       ; 5.582  ; 5.452  ; 6.140  ; 6.003  ;
; a[13]      ; f[15]       ; 5.688  ; 5.768  ; 6.345  ; 6.386  ;
; a[14]      ; f[14]       ; 5.418  ; 5.284  ; 6.051  ; 5.899  ;
; a[14]      ; f[15]       ; 5.570  ; 5.650  ; 6.321  ; 6.362  ;
; a[15]      ; f[4]        ; 5.531  ; 5.523  ; 6.086  ; 6.096  ;
; a[15]      ; f[5]        ; 5.860  ; 5.839  ; 6.375  ; 6.366  ;
; a[15]      ; f[6]        ; 6.042  ; 6.051  ; 6.551  ; 6.553  ;
; a[15]      ; f[7]        ; 6.761  ; 6.795  ; 7.298  ; 7.323  ;
; a[15]      ; f[8]        ; 6.833  ; 6.781  ; 7.275  ; 7.241  ;
; a[15]      ; f[9]        ; 6.994  ; 6.964  ; 7.389  ; 7.377  ;
; a[15]      ; f[10]       ; 6.980  ; 6.969  ; 7.395  ; 7.371  ;
; a[15]      ; f[11]       ; 8.938  ; 8.966  ; 9.568  ; 9.556  ;
; a[15]      ; f[15]       ; 5.020  ; 5.099  ; 5.681  ; 5.728  ;
; a[15]      ; f[16]       ; 7.395  ; 7.352  ; 8.286  ; 8.203  ;
; a[15]      ; f[17]       ; 7.304  ; 7.246  ; 8.255  ; 8.193  ;
; a[15]      ; f[18]       ; 7.577  ; 7.523  ; 8.434  ; 8.348  ;
; a[15]      ; f[19]       ; 8.861  ; 8.815  ; 9.939  ; 9.889  ;
; a[15]      ; f[32]       ; 6.951  ; 6.845  ; 7.429  ; 7.341  ;
; a[15]      ; f[33]       ; 6.522  ; 6.456  ; 7.079  ; 7.029  ;
; a[15]      ; f[34]       ; 7.084  ; 7.017  ; 7.539  ; 7.459  ;
; a[15]      ; f[35]       ; 7.430  ; 7.325  ; 7.858  ; 7.713  ;
; a[15]      ; f[48]       ; 6.671  ; 6.653  ; 7.121  ; 7.121  ;
; a[15]      ; f[49]       ; 6.581  ; 6.549  ; 7.472  ; 7.467  ;
; a[15]      ; f[50]       ; 6.844  ; 6.847  ; 7.283  ; 7.279  ;
; a[15]      ; f[51]       ; 7.433  ; 7.418  ; 7.808  ; 7.780  ;
; a[16]      ; f[16]       ; 5.237  ; 5.155  ; 5.873  ; 5.823  ;
; a[16]      ; f[17]       ; 5.352  ; 5.294  ; 6.033  ; 5.971  ;
; a[16]      ; f[18]       ; 5.669  ; 5.615  ; 6.279  ; 6.193  ;
; a[16]      ; f[19]       ; 6.953  ; 6.907  ; 7.784  ; 7.734  ;
; a[17]      ; f[17]       ; 5.146  ; 5.087  ; 5.817  ; 5.760  ;
; a[17]      ; f[18]       ; 5.519  ; 5.465  ; 6.118  ; 6.032  ;
; a[17]      ; f[19]       ; 6.803  ; 6.757  ; 7.623  ; 7.573  ;
; a[18]      ; f[18]       ; 4.973  ; 4.886  ; 5.591  ; 5.543  ;
; a[18]      ; f[19]       ; 6.145  ; 6.099  ; 7.016  ; 6.966  ;
; a[19]      ; f[16]       ; 8.467  ; 8.424  ; 9.488  ; 9.405  ;
; a[19]      ; f[17]       ; 8.376  ; 8.318  ; 9.457  ; 9.395  ;
; a[19]      ; f[18]       ; 8.649  ; 8.595  ; 9.636  ; 9.550  ;
; a[19]      ; f[19]       ; 9.933  ; 9.887  ; 11.141 ; 11.091 ;
; a[19]      ; f[20]       ; 7.026  ; 6.990  ; 7.891  ; 7.867  ;
; a[19]      ; f[21]       ; 6.925  ; 6.895  ; 7.754  ; 7.742  ;
; a[19]      ; f[22]       ; 7.507  ; 7.481  ; 8.309  ; 8.270  ;
; a[19]      ; f[23]       ; 8.312  ; 8.349  ; 9.195  ; 9.193  ;
; a[19]      ; f[24]       ; 8.543  ; 8.548  ; 9.176  ; 9.174  ;
; a[19]      ; f[25]       ; 8.784  ; 8.768  ; 9.390  ; 9.392  ;
; a[19]      ; f[26]       ; 9.789  ; 9.669  ; 10.394 ; 10.292 ;
; a[19]      ; f[27]       ; 10.532 ; 10.610 ; 11.322 ; 11.418 ;
; a[19]      ; f[28]       ; 6.993  ; 6.988  ; 7.866  ; 7.821  ;
; a[19]      ; f[29]       ; 7.312  ; 7.309  ; 8.136  ; 8.126  ;
; a[19]      ; f[30]       ; 8.328  ; 8.183  ; 9.156  ; 9.004  ;
; a[19]      ; f[31]       ; 7.545  ; 7.558  ; 8.387  ; 8.393  ;
; a[19]      ; f[48]       ; 7.743  ; 7.725  ; 8.323  ; 8.323  ;
; a[19]      ; f[49]       ; 7.653  ; 7.621  ; 8.674  ; 8.669  ;
; a[19]      ; f[50]       ; 7.916  ; 7.919  ; 8.485  ; 8.481  ;
; a[19]      ; f[51]       ; 8.505  ; 8.490  ; 9.010  ; 8.982  ;
; a[20]      ; f[20]       ; 4.639  ; 4.609  ; 5.232  ; 5.184  ;
; a[20]      ; f[21]       ; 5.032  ; 5.035  ; 5.657  ; 5.628  ;
; a[20]      ; f[22]       ; 5.551  ; 5.525  ; 6.078  ; 6.039  ;
; a[20]      ; f[23]       ; 6.356  ; 6.393  ; 6.964  ; 6.962  ;
; a[21]      ; f[21]       ; 4.296  ; 4.266  ; 4.889  ; 4.899  ;
; a[21]      ; f[22]       ; 5.176  ; 5.150  ; 5.715  ; 5.676  ;
; a[21]      ; f[23]       ; 5.981  ; 6.018  ; 6.601  ; 6.599  ;
; a[22]      ; f[22]       ; 4.499  ; 4.474  ; 5.110  ; 5.067  ;
; a[22]      ; f[23]       ; 5.304  ; 5.341  ; 5.998  ; 5.996  ;
; a[23]      ; f[16]       ; 7.231  ; 7.188  ; 8.121  ; 8.038  ;
; a[23]      ; f[17]       ; 7.140  ; 7.082  ; 8.090  ; 8.028  ;
; a[23]      ; f[18]       ; 7.413  ; 7.359  ; 8.269  ; 8.183  ;
; a[23]      ; f[19]       ; 8.697  ; 8.651  ; 9.774  ; 9.724  ;
; a[23]      ; f[20]       ; 5.166  ; 5.130  ; 5.749  ; 5.725  ;
; a[23]      ; f[21]       ; 5.292  ; 5.262  ; 5.865  ; 5.853  ;
; a[23]      ; f[22]       ; 5.874  ; 5.848  ; 6.420  ; 6.381  ;
; a[23]      ; f[23]       ; 6.679  ; 6.716  ; 7.306  ; 7.304  ;
; a[23]      ; f[24]       ; 6.911  ; 6.916  ; 7.288  ; 7.286  ;
; a[23]      ; f[25]       ; 7.152  ; 7.136  ; 7.502  ; 7.504  ;
; a[23]      ; f[26]       ; 8.157  ; 8.037  ; 8.506  ; 8.404  ;
; a[23]      ; f[27]       ; 8.900  ; 8.978  ; 9.434  ; 9.530  ;
; a[23]      ; f[28]       ; 5.289  ; 5.284  ; 5.907  ; 5.862  ;
; a[23]      ; f[29]       ; 5.608  ; 5.605  ; 6.177  ; 6.167  ;
; a[23]      ; f[30]       ; 6.624  ; 6.479  ; 7.197  ; 7.045  ;
; a[23]      ; f[31]       ; 5.841  ; 5.854  ; 6.428  ; 6.434  ;
; a[23]      ; f[48]       ; 6.755  ; 6.737  ; 7.228  ; 7.228  ;
; a[23]      ; f[49]       ; 6.417  ; 6.385  ; 7.307  ; 7.302  ;
; a[23]      ; f[50]       ; 6.928  ; 6.931  ; 7.390  ; 7.386  ;
; a[23]      ; f[51]       ; 7.517  ; 7.502  ; 7.915  ; 7.887  ;
; a[24]      ; f[24]       ; 4.389  ; 4.376  ; 5.002  ; 5.002  ;
; a[24]      ; f[25]       ; 4.674  ; 4.658  ; 5.265  ; 5.267  ;
; a[24]      ; f[26]       ; 5.887  ; 5.767  ; 6.451  ; 6.349  ;
; a[24]      ; f[27]       ; 6.630  ; 6.708  ; 7.379  ; 7.475  ;
; a[25]      ; f[25]       ; 4.308  ; 4.296  ; 4.904  ; 4.905  ;
; a[25]      ; f[26]       ; 5.943  ; 5.823  ; 6.513  ; 6.411  ;
; a[25]      ; f[27]       ; 6.686  ; 6.764  ; 7.441  ; 7.537  ;
; a[26]      ; f[26]       ; 5.433  ; 5.313  ; 6.031  ; 5.950  ;
; a[26]      ; f[27]       ; 6.170  ; 6.248  ; 6.967  ; 7.063  ;
; a[27]      ; f[16]       ; 7.154  ; 7.111  ; 8.009  ; 7.926  ;
; a[27]      ; f[17]       ; 7.063  ; 7.005  ; 7.978  ; 7.916  ;
; a[27]      ; f[18]       ; 7.336  ; 7.282  ; 8.157  ; 8.071  ;
; a[27]      ; f[19]       ; 8.620  ; 8.574  ; 9.662  ; 9.612  ;
; a[27]      ; f[20]       ; 5.151  ; 5.115  ; 5.728  ; 5.704  ;
; a[27]      ; f[21]       ; 5.330  ; 5.300  ; 5.908  ; 5.896  ;
; a[27]      ; f[22]       ; 5.912  ; 5.886  ; 6.463  ; 6.424  ;
; a[27]      ; f[23]       ; 6.717  ; 6.754  ; 7.349  ; 7.347  ;
; a[27]      ; f[24]       ; 6.949  ; 6.954  ; 7.331  ; 7.329  ;
; a[27]      ; f[25]       ; 7.190  ; 7.174  ; 7.545  ; 7.547  ;
; a[27]      ; f[26]       ; 8.195  ; 8.075  ; 8.549  ; 8.447  ;
; a[27]      ; f[27]       ; 8.938  ; 9.016  ; 9.477  ; 9.573  ;
; a[27]      ; f[28]       ; 5.082  ; 5.077  ; 5.667  ; 5.622  ;
; a[27]      ; f[29]       ; 5.401  ; 5.398  ; 5.937  ; 5.927  ;
; a[27]      ; f[30]       ; 6.417  ; 6.272  ; 6.957  ; 6.805  ;
; a[27]      ; f[31]       ; 5.634  ; 5.647  ; 6.188  ; 6.194  ;
; a[27]      ; f[48]       ; 6.678  ; 6.660  ; 7.116  ; 7.116  ;
; a[27]      ; f[49]       ; 6.340  ; 6.308  ; 7.195  ; 7.190  ;
; a[27]      ; f[50]       ; 6.851  ; 6.854  ; 7.278  ; 7.274  ;
; a[27]      ; f[51]       ; 7.440  ; 7.425  ; 7.803  ; 7.775  ;
; a[28]      ; f[28]       ; 4.543  ; 4.499  ; 5.135  ; 5.123  ;
; a[28]      ; f[29]       ; 4.834  ; 4.831  ; 5.428  ; 5.418  ;
; a[28]      ; f[30]       ; 5.770  ; 5.625  ; 6.351  ; 6.199  ;
; a[28]      ; f[31]       ; 4.987  ; 5.000  ; 5.582  ; 5.588  ;
; a[29]      ; f[29]       ; 4.725  ; 4.704  ; 5.341  ; 5.333  ;
; a[29]      ; f[30]       ; 5.987  ; 5.842  ; 6.582  ; 6.430  ;
; a[29]      ; f[31]       ; 5.204  ; 5.217  ; 5.813  ; 5.819  ;
; a[30]      ; f[30]       ; 5.726  ; 5.563  ; 6.348  ; 6.198  ;
; a[30]      ; f[31]       ; 4.897  ; 4.910  ; 5.548  ; 5.554  ;
; a[31]      ; f[16]       ; 7.248  ; 7.205  ; 8.120  ; 8.037  ;
; a[31]      ; f[17]       ; 7.157  ; 7.099  ; 8.089  ; 8.027  ;
; a[31]      ; f[18]       ; 7.430  ; 7.376  ; 8.268  ; 8.182  ;
; a[31]      ; f[19]       ; 8.714  ; 8.668  ; 9.773  ; 9.723  ;
; a[31]      ; f[20]       ; 4.887  ; 4.851  ; 5.429  ; 5.405  ;
; a[31]      ; f[21]       ; 5.083  ; 5.053  ; 5.619  ; 5.607  ;
; a[31]      ; f[22]       ; 5.665  ; 5.639  ; 6.174  ; 6.135  ;
; a[31]      ; f[23]       ; 6.470  ; 6.507  ; 7.060  ; 7.058  ;
; a[31]      ; f[24]       ; 6.702  ; 6.707  ; 7.042  ; 7.040  ;
; a[31]      ; f[25]       ; 6.943  ; 6.927  ; 7.256  ; 7.258  ;
; a[31]      ; f[26]       ; 7.948  ; 7.828  ; 8.260  ; 8.158  ;
; a[31]      ; f[27]       ; 8.691  ; 8.769  ; 9.188  ; 9.284  ;
; a[31]      ; f[31]       ; 4.709  ; 4.736  ; 5.334  ; 5.329  ;
; a[31]      ; f[48]       ; 6.524  ; 6.506  ; 6.955  ; 6.955  ;
; a[31]      ; f[49]       ; 6.434  ; 6.402  ; 7.306  ; 7.301  ;
; a[31]      ; f[50]       ; 6.697  ; 6.700  ; 7.117  ; 7.113  ;
; a[31]      ; f[51]       ; 7.286  ; 7.271  ; 7.642  ; 7.614  ;
; a[32]      ; f[32]       ; 5.316  ; 5.223  ; 5.934  ; 5.850  ;
; a[32]      ; f[33]       ; 5.197  ; 5.131  ; 5.860  ; 5.810  ;
; a[32]      ; f[34]       ; 5.848  ; 5.781  ; 6.435  ; 6.355  ;
; a[32]      ; f[35]       ; 6.194  ; 6.089  ; 6.754  ; 6.609  ;
; a[33]      ; f[33]       ; 5.168  ; 5.108  ; 5.880  ; 5.833  ;
; a[33]      ; f[34]       ; 6.081  ; 6.014  ; 6.736  ; 6.656  ;
; a[33]      ; f[35]       ; 6.427  ; 6.322  ; 7.055  ; 6.910  ;
; a[34]      ; f[34]       ; 4.043  ; 3.977  ; 4.381  ; 4.297  ;
; a[34]      ; f[35]       ; 4.389  ; 4.284  ; 4.701  ; 4.556  ;
; a[35]      ; f[16]       ; 6.185  ; 6.142  ; 6.918  ; 6.835  ;
; a[35]      ; f[17]       ; 6.354  ; 6.296  ; 7.162  ; 7.100  ;
; a[35]      ; f[18]       ; 6.367  ; 6.313  ; 7.066  ; 6.980  ;
; a[35]      ; f[19]       ; 7.651  ; 7.605  ; 8.571  ; 8.521  ;
; a[35]      ; f[32]       ; 6.554  ; 6.448  ; 7.278  ; 7.190  ;
; a[35]      ; f[33]       ; 6.313  ; 6.247  ; 7.144  ; 7.094  ;
; a[35]      ; f[34]       ; 6.687  ; 6.620  ; 7.388  ; 7.308  ;
; a[35]      ; f[35]       ; 7.033  ; 6.928  ; 7.707  ; 7.562  ;
; a[35]      ; f[36]       ; 5.201  ; 5.142  ; 5.848  ; 5.807  ;
; a[35]      ; f[37]       ; 5.191  ; 5.156  ; 5.853  ; 5.811  ;
; a[35]      ; f[38]       ; 5.634  ; 5.614  ; 6.252  ; 6.200  ;
; a[35]      ; f[39]       ; 6.277  ; 6.333  ; 6.957  ; 6.981  ;
; a[35]      ; f[40]       ; 6.061  ; 6.028  ; 6.587  ; 6.572  ;
; a[35]      ; f[41]       ; 6.378  ; 6.359  ; 6.879  ; 6.878  ;
; a[35]      ; f[42]       ; 6.429  ; 6.428  ; 6.928  ; 6.914  ;
; a[35]      ; f[43]       ; 6.574  ; 6.590  ; 7.129  ; 7.113  ;
; a[35]      ; f[44]       ; 6.354  ; 6.339  ; 6.858  ; 6.861  ;
; a[35]      ; f[45]       ; 6.693  ; 6.711  ; 7.185  ; 7.171  ;
; a[35]      ; f[46]       ; 6.639  ; 6.624  ; 7.116  ; 7.119  ;
; a[35]      ; f[47]       ; 7.017  ; 7.045  ; 7.558  ; 7.554  ;
; a[36]      ; f[36]       ; 4.708  ; 4.673  ; 5.345  ; 5.287  ;
; a[36]      ; f[37]       ; 4.961  ; 4.926  ; 5.565  ; 5.523  ;
; a[36]      ; f[38]       ; 5.404  ; 5.384  ; 5.964  ; 5.912  ;
; a[36]      ; f[39]       ; 6.047  ; 6.103  ; 6.669  ; 6.693  ;
; a[37]      ; f[37]       ; 3.750  ; 3.694  ; 4.090  ; 4.066  ;
; a[37]      ; f[38]       ; 4.194  ; 4.174  ; 4.492  ; 4.440  ;
; a[37]      ; f[39]       ; 4.837  ; 4.893  ; 5.197  ; 5.221  ;
; a[38]      ; f[38]       ; 4.454  ; 4.401  ; 5.036  ; 5.005  ;
; a[38]      ; f[39]       ; 5.059  ; 5.115  ; 5.740  ; 5.764  ;
; a[39]      ; f[16]       ; 6.611  ; 6.568  ; 7.365  ; 7.282  ;
; a[39]      ; f[17]       ; 6.616  ; 6.558  ; 7.423  ; 7.361  ;
; a[39]      ; f[18]       ; 6.793  ; 6.739  ; 7.513  ; 7.427  ;
; a[39]      ; f[19]       ; 8.077  ; 8.031  ; 9.018  ; 8.968  ;
; a[39]      ; f[32]       ; 6.877  ; 6.771  ; 7.612  ; 7.524  ;
; a[39]      ; f[33]       ; 6.575  ; 6.509  ; 7.405  ; 7.355  ;
; a[39]      ; f[34]       ; 7.010  ; 6.943  ; 7.722  ; 7.642  ;
; a[39]      ; f[35]       ; 7.356  ; 7.251  ; 8.041  ; 7.896  ;
; a[39]      ; f[36]       ; 5.270  ; 5.211  ; 5.927  ; 5.886  ;
; a[39]      ; f[37]       ; 5.437  ; 5.402  ; 6.121  ; 6.079  ;
; a[39]      ; f[38]       ; 5.880  ; 5.860  ; 6.520  ; 6.468  ;
; a[39]      ; f[39]       ; 6.523  ; 6.579  ; 7.225  ; 7.249  ;
; a[39]      ; f[40]       ; 6.760  ; 6.727  ; 7.342  ; 7.327  ;
; a[39]      ; f[41]       ; 7.077  ; 7.058  ; 7.634  ; 7.633  ;
; a[39]      ; f[42]       ; 7.128  ; 7.127  ; 7.683  ; 7.669  ;
; a[39]      ; f[43]       ; 7.273  ; 7.289  ; 7.884  ; 7.868  ;
; a[39]      ; f[44]       ; 5.988  ; 5.973  ; 6.437  ; 6.440  ;
; a[39]      ; f[45]       ; 6.327  ; 6.345  ; 6.764  ; 6.750  ;
; a[39]      ; f[46]       ; 6.273  ; 6.258  ; 6.695  ; 6.698  ;
; a[39]      ; f[47]       ; 6.651  ; 6.679  ; 7.137  ; 7.133  ;
; a[40]      ; f[40]       ; 4.544  ; 4.516  ; 5.163  ; 5.144  ;
; a[40]      ; f[41]       ; 4.863  ; 4.844  ; 5.453  ; 5.452  ;
; a[40]      ; f[42]       ; 5.274  ; 5.273  ; 5.820  ; 5.806  ;
; a[40]      ; f[43]       ; 5.419  ; 5.435  ; 6.021  ; 6.005  ;
; a[41]      ; f[41]       ; 4.520  ; 4.505  ; 5.139  ; 5.137  ;
; a[41]      ; f[42]       ; 5.166  ; 5.165  ; 5.719  ; 5.705  ;
; a[41]      ; f[43]       ; 5.311  ; 5.327  ; 5.920  ; 5.904  ;
; a[42]      ; f[42]       ; 4.354  ; 4.354  ; 4.953  ; 4.935  ;
; a[42]      ; f[43]       ; 4.740  ; 4.756  ; 5.400  ; 5.384  ;
; a[43]      ; f[16]       ; 6.817  ; 6.774  ; 7.575  ; 7.492  ;
; a[43]      ; f[17]       ; 6.822  ; 6.764  ; 7.633  ; 7.571  ;
; a[43]      ; f[18]       ; 6.999  ; 6.945  ; 7.723  ; 7.637  ;
; a[43]      ; f[19]       ; 8.283  ; 8.237  ; 9.228  ; 9.178  ;
; a[43]      ; f[32]       ; 7.083  ; 6.977  ; 7.822  ; 7.734  ;
; a[43]      ; f[33]       ; 6.781  ; 6.715  ; 7.615  ; 7.565  ;
; a[43]      ; f[34]       ; 7.216  ; 7.149  ; 7.932  ; 7.852  ;
; a[43]      ; f[35]       ; 7.562  ; 7.457  ; 8.251  ; 8.106  ;
; a[43]      ; f[36]       ; 5.858  ; 5.799  ; 6.564  ; 6.523  ;
; a[43]      ; f[37]       ; 6.273  ; 6.238  ; 7.039  ; 6.997  ;
; a[43]      ; f[38]       ; 6.716  ; 6.696  ; 7.438  ; 7.386  ;
; a[43]      ; f[39]       ; 7.359  ; 7.415  ; 8.143  ; 8.167  ;
; a[43]      ; f[40]       ; 7.596  ; 7.563  ; 8.260  ; 8.245  ;
; a[43]      ; f[41]       ; 7.913  ; 7.894  ; 8.552  ; 8.551  ;
; a[43]      ; f[42]       ; 7.964  ; 7.963  ; 8.601  ; 8.587  ;
; a[43]      ; f[43]       ; 8.109  ; 8.125  ; 8.802  ; 8.786  ;
; a[43]      ; f[44]       ; 6.839  ; 6.824  ; 7.409  ; 7.412  ;
; a[43]      ; f[45]       ; 7.178  ; 7.196  ; 7.736  ; 7.722  ;
; a[43]      ; f[46]       ; 7.124  ; 7.109  ; 7.667  ; 7.670  ;
; a[43]      ; f[47]       ; 7.502  ; 7.530  ; 8.109  ; 8.105  ;
; a[44]      ; f[44]       ; 4.424  ; 4.410  ; 5.037  ; 5.055  ;
; a[44]      ; f[45]       ; 4.764  ; 4.782  ; 5.380  ; 5.366  ;
; a[44]      ; f[46]       ; 5.025  ; 5.010  ; 5.587  ; 5.590  ;
; a[44]      ; f[47]       ; 5.403  ; 5.431  ; 6.029  ; 6.025  ;
; a[45]      ; f[45]       ; 4.259  ; 4.246  ; 4.851  ; 4.869  ;
; a[45]      ; f[46]       ; 4.861  ; 4.846  ; 5.389  ; 5.392  ;
; a[45]      ; f[47]       ; 5.239  ; 5.267  ; 5.831  ; 5.827  ;
; a[46]      ; f[46]       ; 4.253  ; 4.243  ; 4.861  ; 4.860  ;
; a[46]      ; f[47]       ; 4.625  ; 4.653  ; 5.296  ; 5.292  ;
; a[47]      ; f[16]       ; 6.909  ; 6.866  ; 7.707  ; 7.624  ;
; a[47]      ; f[17]       ; 7.078  ; 7.020  ; 7.951  ; 7.889  ;
; a[47]      ; f[18]       ; 7.091  ; 7.037  ; 7.855  ; 7.769  ;
; a[47]      ; f[19]       ; 8.375  ; 8.329  ; 9.360  ; 9.310  ;
; a[47]      ; f[32]       ; 7.278  ; 7.172  ; 8.067  ; 7.979  ;
; a[47]      ; f[33]       ; 7.037  ; 6.971  ; 7.933  ; 7.883  ;
; a[47]      ; f[34]       ; 7.411  ; 7.344  ; 8.177  ; 8.097  ;
; a[47]      ; f[35]       ; 7.757  ; 7.652  ; 8.496  ; 8.351  ;
; a[47]      ; f[36]       ; 6.058  ; 5.999  ; 6.795  ; 6.754  ;
; a[47]      ; f[37]       ; 6.278  ; 6.243  ; 7.064  ; 7.022  ;
; a[47]      ; f[38]       ; 6.721  ; 6.701  ; 7.463  ; 7.411  ;
; a[47]      ; f[39]       ; 7.364  ; 7.420  ; 8.168  ; 8.192  ;
; a[47]      ; f[40]       ; 7.601  ; 7.568  ; 8.285  ; 8.270  ;
; a[47]      ; f[41]       ; 7.918  ; 7.899  ; 8.577  ; 8.576  ;
; a[47]      ; f[42]       ; 7.969  ; 7.968  ; 8.626  ; 8.612  ;
; a[47]      ; f[43]       ; 8.114  ; 8.130  ; 8.827  ; 8.811  ;
; a[47]      ; f[47]       ; 4.430  ; 4.459  ; 5.064  ; 5.053  ;
; a[48]      ; f[48]       ; 4.548  ; 4.534  ; 5.174  ; 5.173  ;
; a[48]      ; f[49]       ; 4.895  ; 4.863  ; 5.553  ; 5.548  ;
; a[48]      ; f[50]       ; 4.965  ; 4.968  ; 5.523  ; 5.519  ;
; a[48]      ; f[51]       ; 5.554  ; 5.539  ; 6.048  ; 6.020  ;
; a[49]      ; f[49]       ; 4.402  ; 4.383  ; 5.012  ; 4.975  ;
; a[49]      ; f[50]       ; 4.934  ; 4.937  ; 5.491  ; 5.487  ;
; a[49]      ; f[51]       ; 5.523  ; 5.508  ; 6.016  ; 5.988  ;
; a[50]      ; f[50]       ; 4.303  ; 4.288  ; 4.897  ; 4.895  ;
; a[50]      ; f[51]       ; 4.699  ; 4.684  ; 5.261  ; 5.233  ;
; a[51]      ; f[16]       ; 6.797  ; 6.754  ; 7.583  ; 7.500  ;
; a[51]      ; f[17]       ; 6.966  ; 6.908  ; 7.827  ; 7.765  ;
; a[51]      ; f[18]       ; 6.979  ; 6.925  ; 7.731  ; 7.645  ;
; a[51]      ; f[19]       ; 8.263  ; 8.217  ; 9.236  ; 9.186  ;
; a[51]      ; f[32]       ; 7.166  ; 7.060  ; 7.943  ; 7.855  ;
; a[51]      ; f[33]       ; 6.925  ; 6.859  ; 7.809  ; 7.759  ;
; a[51]      ; f[34]       ; 7.299  ; 7.232  ; 8.053  ; 7.973  ;
; a[51]      ; f[35]       ; 7.645  ; 7.540  ; 8.372  ; 8.227  ;
; a[51]      ; f[48]       ; 7.629  ; 7.611  ; 8.157  ; 8.157  ;
; a[51]      ; f[49]       ; 7.692  ; 7.660  ; 8.303  ; 8.298  ;
; a[51]      ; f[50]       ; 7.802  ; 7.805  ; 8.319  ; 8.315  ;
; a[51]      ; f[51]       ; 8.391  ; 8.376  ; 8.844  ; 8.816  ;
; a[51]      ; f[52]       ; 5.472  ; 5.434  ; 6.097  ; 6.078  ;
; a[51]      ; f[53]       ; 5.849  ; 5.850  ; 6.466  ; 6.427  ;
; a[51]      ; f[54]       ; 5.947  ; 5.902  ; 6.519  ; 6.492  ;
; a[51]      ; f[55]       ; 6.277  ; 6.317  ; 6.887  ; 6.945  ;
; a[51]      ; f[56]       ; 6.942  ; 6.934  ; 7.614  ; 7.597  ;
; a[51]      ; f[57]       ; 7.661  ; 7.534  ; 8.389  ; 8.281  ;
; a[51]      ; f[58]       ; 7.167  ; 7.148  ; 7.809  ; 7.808  ;
; a[51]      ; f[59]       ; 8.108  ; 8.180  ; 8.856  ; 8.921  ;
; a[51]      ; f[60]       ; 6.109  ; 6.118  ; 6.911  ; 6.913  ;
; a[51]      ; f[61]       ; 6.380  ; 6.365  ; 7.155  ; 7.158  ;
; a[51]      ; f[62]       ; 6.313  ; 6.321  ; 7.101  ; 7.102  ;
; a[51]      ; f[63]       ; 6.812  ; 6.824  ; 7.659  ; 7.639  ;
; a[52]      ; f[52]       ; 4.623  ; 4.586  ; 5.240  ; 5.235  ;
; a[52]      ; f[53]       ; 4.753  ; 4.714  ; 5.348  ; 5.327  ;
; a[52]      ; f[54]       ; 5.181  ; 5.136  ; 5.745  ; 5.718  ;
; a[52]      ; f[55]       ; 5.511  ; 5.551  ; 6.113  ; 6.171  ;
; a[53]      ; f[53]       ; 4.577  ; 4.539  ; 5.175  ; 5.169  ;
; a[53]      ; f[54]       ; 5.096  ; 5.051  ; 5.642  ; 5.615  ;
; a[53]      ; f[55]       ; 5.426  ; 5.466  ; 6.010  ; 6.068  ;
; a[54]      ; f[54]       ; 4.645  ; 4.604  ; 5.269  ; 5.241  ;
; a[54]      ; f[55]       ; 4.982  ; 5.022  ; 5.627  ; 5.685  ;
; a[55]      ; f[16]       ; 6.916  ; 6.873  ; 7.710  ; 7.627  ;
; a[55]      ; f[17]       ; 6.921  ; 6.863  ; 7.768  ; 7.706  ;
; a[55]      ; f[18]       ; 7.098  ; 7.044  ; 7.858  ; 7.772  ;
; a[55]      ; f[19]       ; 8.382  ; 8.336  ; 9.363  ; 9.313  ;
; a[55]      ; f[32]       ; 7.182  ; 7.076  ; 7.957  ; 7.869  ;
; a[55]      ; f[33]       ; 6.880  ; 6.814  ; 7.750  ; 7.700  ;
; a[55]      ; f[34]       ; 7.315  ; 7.248  ; 8.067  ; 7.987  ;
; a[55]      ; f[35]       ; 7.661  ; 7.556  ; 8.386  ; 8.241  ;
; a[55]      ; f[48]       ; 7.024  ; 7.006  ; 7.517  ; 7.517  ;
; a[55]      ; f[49]       ; 7.087  ; 7.055  ; 7.663  ; 7.658  ;
; a[55]      ; f[50]       ; 7.197  ; 7.200  ; 7.679  ; 7.675  ;
; a[55]      ; f[51]       ; 7.786  ; 7.771  ; 8.204  ; 8.176  ;
; a[55]      ; f[52]       ; 5.186  ; 5.148  ; 5.809  ; 5.790  ;
; a[55]      ; f[53]       ; 5.563  ; 5.564  ; 6.178  ; 6.139  ;
; a[55]      ; f[54]       ; 5.661  ; 5.616  ; 6.231  ; 6.204  ;
; a[55]      ; f[55]       ; 5.991  ; 6.031  ; 6.599  ; 6.657  ;
; a[55]      ; f[56]       ; 6.343  ; 6.335  ; 6.975  ; 6.958  ;
; a[55]      ; f[57]       ; 7.062  ; 6.935  ; 7.750  ; 7.642  ;
; a[55]      ; f[58]       ; 6.568  ; 6.549  ; 7.170  ; 7.169  ;
; a[55]      ; f[59]       ; 7.509  ; 7.581  ; 8.217  ; 8.282  ;
; a[55]      ; f[60]       ; 5.720  ; 5.729  ; 6.511  ; 6.513  ;
; a[55]      ; f[61]       ; 5.991  ; 5.976  ; 6.755  ; 6.758  ;
; a[55]      ; f[62]       ; 5.924  ; 5.932  ; 6.701  ; 6.702  ;
; a[55]      ; f[63]       ; 6.423  ; 6.435  ; 7.259  ; 7.239  ;
; a[56]      ; f[56]       ; 4.601  ; 4.597  ; 5.244  ; 5.222  ;
; a[56]      ; f[57]       ; 5.627  ; 5.500  ; 6.297  ; 6.189  ;
; a[56]      ; f[58]       ; 5.081  ; 5.062  ; 5.655  ; 5.654  ;
; a[56]      ; f[59]       ; 6.022  ; 6.094  ; 6.702  ; 6.767  ;
; a[57]      ; f[57]       ; 5.260  ; 5.133  ; 5.877  ; 5.766  ;
; a[57]      ; f[58]       ; 4.944  ; 4.925  ; 5.514  ; 5.513  ;
; a[57]      ; f[59]       ; 5.885  ; 5.957  ; 6.561  ; 6.626  ;
; a[58]      ; f[58]       ; 4.468  ; 4.453  ; 5.089  ; 5.087  ;
; a[58]      ; f[59]       ; 5.398  ; 5.470  ; 6.122  ; 6.187  ;
; a[59]      ; f[16]       ; 6.254  ; 6.211  ; 6.970  ; 6.887  ;
; a[59]      ; f[17]       ; 6.259  ; 6.201  ; 7.028  ; 6.966  ;
; a[59]      ; f[18]       ; 6.436  ; 6.382  ; 7.118  ; 7.032  ;
; a[59]      ; f[19]       ; 7.720  ; 7.674  ; 8.623  ; 8.573  ;
; a[59]      ; f[32]       ; 6.520  ; 6.414  ; 7.217  ; 7.129  ;
; a[59]      ; f[33]       ; 6.218  ; 6.152  ; 7.010  ; 6.960  ;
; a[59]      ; f[34]       ; 6.653  ; 6.586  ; 7.327  ; 7.247  ;
; a[59]      ; f[35]       ; 6.999  ; 6.894  ; 7.646  ; 7.501  ;
; a[59]      ; f[48]       ; 6.805  ; 6.787  ; 7.241  ; 7.241  ;
; a[59]      ; f[49]       ; 6.868  ; 6.836  ; 7.387  ; 7.382  ;
; a[59]      ; f[50]       ; 6.978  ; 6.981  ; 7.403  ; 7.399  ;
; a[59]      ; f[51]       ; 7.567  ; 7.552  ; 7.928  ; 7.900  ;
; a[59]      ; f[52]       ; 6.235  ; 6.197  ; 6.956  ; 6.937  ;
; a[59]      ; f[53]       ; 6.612  ; 6.613  ; 7.325  ; 7.286  ;
; a[59]      ; f[54]       ; 6.710  ; 6.665  ; 7.378  ; 7.351  ;
; a[59]      ; f[55]       ; 7.040  ; 7.080  ; 7.746  ; 7.804  ;
; a[59]      ; f[56]       ; 6.123  ; 6.115  ; 6.697  ; 6.680  ;
; a[59]      ; f[57]       ; 6.842  ; 6.715  ; 7.472  ; 7.364  ;
; a[59]      ; f[58]       ; 6.348  ; 6.329  ; 6.892  ; 6.891  ;
; a[59]      ; f[59]       ; 7.289  ; 7.361  ; 7.939  ; 8.004  ;
; a[59]      ; f[60]       ; 4.439  ; 4.448  ; 5.037  ; 5.039  ;
; a[59]      ; f[61]       ; 4.710  ; 4.695  ; 5.281  ; 5.284  ;
; a[59]      ; f[62]       ; 4.643  ; 4.651  ; 5.227  ; 5.228  ;
; a[59]      ; f[63]       ; 5.142  ; 5.154  ; 5.785  ; 5.765  ;
; a[60]      ; f[60]       ; 4.414  ; 4.405  ; 5.031  ; 5.035  ;
; a[60]      ; f[61]       ; 4.694  ; 4.679  ; 5.290  ; 5.293  ;
; a[60]      ; f[62]       ; 4.810  ; 4.818  ; 5.363  ; 5.364  ;
; a[60]      ; f[63]       ; 5.309  ; 5.321  ; 5.921  ; 5.901  ;
; a[61]      ; f[61]       ; 4.416  ; 4.401  ; 5.021  ; 5.045  ;
; a[61]      ; f[62]       ; 4.937  ; 4.945  ; 5.510  ; 5.511  ;
; a[61]      ; f[63]       ; 5.436  ; 5.448  ; 6.068  ; 6.048  ;
; a[62]      ; f[62]       ; 4.213  ; 4.204  ; 4.813  ; 4.813  ;
; a[62]      ; f[63]       ; 4.739  ; 4.751  ; 5.436  ; 5.416  ;
; a[63]      ; f[16]       ; 6.667  ; 6.624  ; 7.424  ; 7.341  ;
; a[63]      ; f[17]       ; 6.836  ; 6.778  ; 7.668  ; 7.606  ;
; a[63]      ; f[18]       ; 6.849  ; 6.795  ; 7.572  ; 7.486  ;
; a[63]      ; f[19]       ; 8.133  ; 8.087  ; 9.077  ; 9.027  ;
; a[63]      ; f[32]       ; 7.036  ; 6.930  ; 7.784  ; 7.696  ;
; a[63]      ; f[33]       ; 6.795  ; 6.729  ; 7.650  ; 7.600  ;
; a[63]      ; f[34]       ; 7.169  ; 7.102  ; 7.894  ; 7.814  ;
; a[63]      ; f[35]       ; 7.515  ; 7.410  ; 8.213  ; 8.068  ;
; a[63]      ; f[48]       ; 6.876  ; 6.858  ; 7.339  ; 7.339  ;
; a[63]      ; f[49]       ; 6.939  ; 6.907  ; 7.485  ; 7.480  ;
; a[63]      ; f[50]       ; 7.049  ; 7.052  ; 7.501  ; 7.497  ;
; a[63]      ; f[51]       ; 7.638  ; 7.623  ; 8.026  ; 7.998  ;
; a[63]      ; f[52]       ; 6.071  ; 6.033  ; 6.765  ; 6.746  ;
; a[63]      ; f[53]       ; 6.448  ; 6.449  ; 7.134  ; 7.095  ;
; a[63]      ; f[54]       ; 6.546  ; 6.501  ; 7.187  ; 7.160  ;
; a[63]      ; f[55]       ; 6.876  ; 6.916  ; 7.555  ; 7.613  ;
; a[63]      ; f[56]       ; 6.194  ; 6.186  ; 6.795  ; 6.778  ;
; a[63]      ; f[57]       ; 6.913  ; 6.786  ; 7.570  ; 7.462  ;
; a[63]      ; f[58]       ; 6.419  ; 6.400  ; 6.990  ; 6.989  ;
; a[63]      ; f[59]       ; 7.360  ; 7.432  ; 8.037  ; 8.102  ;
; a[63]      ; f[63]       ; 4.612  ; 4.625  ; 5.292  ; 5.265  ;
; b[0]       ; f[0]        ; 4.622  ; 4.620  ; 5.253  ; 5.242  ;
; b[0]       ; f[1]        ; 4.725  ; 4.720  ; 5.353  ; 5.341  ;
; b[0]       ; f[2]        ; 5.426  ; 5.407  ; 6.028  ; 6.000  ;
; b[0]       ; f[3]        ; 5.520  ; 5.531  ; 6.151  ; 6.162  ;
; b[1]       ; f[1]        ; 4.428  ; 4.410  ; 5.051  ; 5.024  ;
; b[1]       ; f[2]        ; 5.182  ; 5.163  ; 5.765  ; 5.746  ;
; b[1]       ; f[3]        ; 5.290  ; 5.301  ; 5.866  ; 5.877  ;
; b[2]       ; f[2]        ; 4.459  ; 4.426  ; 5.000  ; 4.985  ;
; b[2]       ; f[3]        ; 4.758  ; 4.769  ; 5.341  ; 5.352  ;
; b[3]       ; f[3]        ; 4.605  ; 4.633  ; 5.177  ; 5.187  ;
; b[3]       ; f[4]        ; 5.861  ; 5.871  ; 6.447  ; 6.439  ;
; b[3]       ; f[5]        ; 6.150  ; 6.141  ; 6.776  ; 6.755  ;
; b[3]       ; f[6]        ; 6.328  ; 6.337  ; 6.958  ; 6.967  ;
; b[3]       ; f[7]        ; 7.073  ; 7.098  ; 7.677  ; 7.711  ;
; b[3]       ; f[8]        ; 6.962  ; 6.910  ; 7.592  ; 7.540  ;
; b[3]       ; f[9]        ; 7.123  ; 7.093  ; 7.753  ; 7.723  ;
; b[3]       ; f[10]       ; 7.109  ; 7.098  ; 7.739  ; 7.728  ;
; b[3]       ; f[11]       ; 9.156  ; 9.144  ; 9.701  ; 9.725  ;
; b[3]       ; f[12]       ; 5.858  ; 5.849  ; 6.464  ; 6.437  ;
; b[3]       ; f[13]       ; 6.311  ; 6.270  ; 6.916  ; 6.882  ;
; b[3]       ; f[14]       ; 6.811  ; 6.674  ; 7.428  ; 7.298  ;
; b[3]       ; f[15]       ; 7.016  ; 7.057  ; 7.561  ; 7.614  ;
; b[3]       ; f[16]       ; 8.068  ; 7.985  ; 8.613  ; 8.530  ;
; b[3]       ; f[17]       ; 8.037  ; 7.975  ; 8.582  ; 8.520  ;
; b[3]       ; f[18]       ; 8.216  ; 8.130  ; 8.761  ; 8.675  ;
; b[3]       ; f[19]       ; 9.721  ; 9.671  ; 10.266 ; 10.216 ;
; b[3]       ; f[32]       ; 7.263  ; 7.157  ; 7.836  ; 7.730  ;
; b[3]       ; f[33]       ; 6.834  ; 6.768  ; 7.440  ; 7.390  ;
; b[3]       ; f[34]       ; 7.396  ; 7.329  ; 7.969  ; 7.902  ;
; b[3]       ; f[35]       ; 7.742  ; 7.637  ; 8.315  ; 8.210  ;
; b[3]       ; f[48]       ; 6.968  ; 6.950  ; 7.598  ; 7.580  ;
; b[3]       ; f[49]       ; 7.254  ; 7.249  ; 7.799  ; 7.794  ;
; b[3]       ; f[50]       ; 7.141  ; 7.144  ; 7.771  ; 7.774  ;
; b[3]       ; f[51]       ; 7.730  ; 7.715  ; 8.360  ; 8.345  ;
; b[4]       ; f[4]        ; 4.400  ; 4.390  ; 4.962  ; 4.952  ;
; b[4]       ; f[5]        ; 4.536  ; 4.515  ; 5.105  ; 5.084  ;
; b[4]       ; f[6]        ; 4.860  ; 4.869  ; 5.429  ; 5.438  ;
; b[4]       ; f[7]        ; 5.605  ; 5.630  ; 6.167  ; 6.192  ;
; b[5]       ; f[5]        ; 4.414  ; 4.382  ; 5.016  ; 4.983  ;
; b[5]       ; f[6]        ; 4.994  ; 4.996  ; 5.578  ; 5.587  ;
; b[5]       ; f[7]        ; 5.741  ; 5.766  ; 6.297  ; 6.331  ;
; b[6]       ; f[6]        ; 4.655  ; 4.659  ; 5.256  ; 5.260  ;
; b[6]       ; f[7]        ; 5.231  ; 5.256  ; 5.832  ; 5.857  ;
; b[7]       ; f[4]        ; 5.497  ; 5.506  ; 6.058  ; 6.060  ;
; b[7]       ; f[5]        ; 5.826  ; 5.805  ; 6.387  ; 6.366  ;
; b[7]       ; f[6]        ; 6.008  ; 6.017  ; 6.569  ; 6.578  ;
; b[7]       ; f[7]        ; 6.727  ; 6.761  ; 7.288  ; 7.322  ;
; b[7]       ; f[8]        ; 6.959  ; 6.907  ; 7.520  ; 7.468  ;
; b[7]       ; f[9]        ; 7.120  ; 7.090  ; 7.681  ; 7.651  ;
; b[7]       ; f[10]       ; 7.106  ; 7.095  ; 7.667  ; 7.656  ;
; b[7]       ; f[11]       ; 9.184  ; 9.172  ; 9.738  ; 9.726  ;
; b[7]       ; f[12]       ; 5.724  ; 5.715  ; 6.282  ; 6.269  ;
; b[7]       ; f[13]       ; 6.177  ; 6.139  ; 6.734  ; 6.700  ;
; b[7]       ; f[14]       ; 6.685  ; 6.555  ; 7.246  ; 7.116  ;
; b[7]       ; f[15]       ; 6.882  ; 6.923  ; 7.436  ; 7.477  ;
; b[7]       ; f[16]       ; 7.870  ; 7.787  ; 8.424  ; 8.341  ;
; b[7]       ; f[17]       ; 7.839  ; 7.777  ; 8.393  ; 8.331  ;
; b[7]       ; f[18]       ; 8.018  ; 7.932  ; 8.572  ; 8.486  ;
; b[7]       ; f[19]       ; 9.523  ; 9.473  ; 10.077 ; 10.027 ;
; b[7]       ; f[32]       ; 7.066  ; 6.960  ; 7.627  ; 7.521  ;
; b[7]       ; f[33]       ; 6.653  ; 6.603  ; 7.207  ; 7.157  ;
; b[7]       ; f[34]       ; 7.199  ; 7.132  ; 7.760  ; 7.693  ;
; b[7]       ; f[35]       ; 7.545  ; 7.440  ; 8.106  ; 8.001  ;
; b[7]       ; f[48]       ; 6.755  ; 6.737  ; 7.316  ; 7.298  ;
; b[7]       ; f[49]       ; 7.056  ; 7.051  ; 7.610  ; 7.605  ;
; b[7]       ; f[50]       ; 6.928  ; 6.931  ; 7.489  ; 7.492  ;
; b[7]       ; f[51]       ; 7.517  ; 7.502  ; 8.078  ; 8.063  ;
; b[8]       ; f[8]        ; 4.799  ; 4.786  ; 5.385  ; 5.353  ;
; b[8]       ; f[9]        ; 4.772  ; 4.760  ; 5.353  ; 5.341  ;
; b[8]       ; f[10]       ; 5.107  ; 5.096  ; 5.669  ; 5.658  ;
; b[8]       ; f[11]       ; 7.224  ; 7.212  ; 7.805  ; 7.793  ;
; b[9]       ; f[9]        ; 4.546  ; 4.533  ; 5.139  ; 5.126  ;
; b[9]       ; f[10]       ; 5.161  ; 5.150  ; 5.735  ; 5.724  ;
; b[9]       ; f[11]       ; 7.289  ; 7.277  ; 7.882  ; 7.870  ;
; b[10]      ; f[10]       ; 4.493  ; 4.465  ; 5.075  ; 5.047  ;
; b[10]      ; f[11]       ; 6.746  ; 6.734  ; 7.328  ; 7.316  ;
; b[11]      ; f[4]        ; 5.688  ; 5.690  ; 6.288  ; 6.283  ;
; b[11]      ; f[5]        ; 6.017  ; 5.996  ; 6.617  ; 6.596  ;
; b[11]      ; f[6]        ; 6.199  ; 6.208  ; 6.799  ; 6.808  ;
; b[11]      ; f[7]        ; 6.918  ; 6.952  ; 7.518  ; 7.552  ;
; b[11]      ; f[8]        ; 6.898  ; 6.846  ; 7.498  ; 7.446  ;
; b[11]      ; f[9]        ; 7.059  ; 7.029  ; 7.659  ; 7.629  ;
; b[11]      ; f[10]       ; 7.045  ; 7.034  ; 7.645  ; 7.634  ;
; b[11]      ; f[11]       ; 9.086  ; 9.074  ; 9.679  ; 9.667  ;
; b[11]      ; f[12]       ; 5.632  ; 5.616  ; 6.216  ; 6.193  ;
; b[11]      ; f[13]       ; 6.084  ; 6.050  ; 6.668  ; 6.634  ;
; b[11]      ; f[14]       ; 6.596  ; 6.466  ; 7.180  ; 7.050  ;
; b[11]      ; f[15]       ; 6.783  ; 6.824  ; 7.360  ; 7.401  ;
; b[11]      ; f[16]       ; 7.772  ; 7.689  ; 8.365  ; 8.282  ;
; b[11]      ; f[17]       ; 7.741  ; 7.679  ; 8.334  ; 8.272  ;
; b[11]      ; f[18]       ; 7.920  ; 7.834  ; 8.513  ; 8.427  ;
; b[11]      ; f[19]       ; 9.425  ; 9.375  ; 10.018 ; 9.968  ;
; b[11]      ; f[32]       ; 6.966  ; 6.860  ; 7.550  ; 7.444  ;
; b[11]      ; f[33]       ; 6.537  ; 6.485  ; 7.121  ; 7.062  ;
; b[11]      ; f[34]       ; 7.099  ; 7.032  ; 7.683  ; 7.616  ;
; b[11]      ; f[35]       ; 7.445  ; 7.340  ; 8.029  ; 7.924  ;
; b[11]      ; f[48]       ; 6.704  ; 6.686  ; 7.304  ; 7.286  ;
; b[11]      ; f[49]       ; 6.958  ; 6.953  ; 7.551  ; 7.546  ;
; b[11]      ; f[50]       ; 6.877  ; 6.880  ; 7.477  ; 7.480  ;
; b[11]      ; f[51]       ; 7.466  ; 7.451  ; 8.066  ; 8.051  ;
; b[12]      ; f[12]       ; 4.528  ; 4.518  ; 5.090  ; 5.080  ;
; b[12]      ; f[13]       ; 4.898  ; 4.857  ; 5.460  ; 5.419  ;
; b[12]      ; f[14]       ; 5.559  ; 5.429  ; 6.133  ; 5.996  ;
; b[12]      ; f[15]       ; 5.759  ; 5.800  ; 6.338  ; 6.379  ;
; b[13]      ; f[13]       ; 4.958  ; 4.919  ; 5.560  ; 5.521  ;
; b[13]      ; f[14]       ; 5.865  ; 5.728  ; 6.467  ; 6.330  ;
; b[13]      ; f[15]       ; 6.070  ; 6.111  ; 6.672  ; 6.713  ;
; b[14]      ; f[14]       ; 5.502  ; 5.364  ; 6.106  ; 5.968  ;
; b[14]      ; f[15]       ; 5.707  ; 5.748  ; 6.311  ; 6.352  ;
; b[15]      ; f[4]        ; 5.669  ; 5.675  ; 6.256  ; 6.255  ;
; b[15]      ; f[5]        ; 5.998  ; 5.977  ; 6.585  ; 6.564  ;
; b[15]      ; f[6]        ; 6.180  ; 6.189  ; 6.767  ; 6.776  ;
; b[15]      ; f[7]        ; 6.899  ; 6.933  ; 7.486  ; 7.520  ;
; b[15]      ; f[8]        ; 6.973  ; 6.921  ; 7.560  ; 7.508  ;
; b[15]      ; f[9]        ; 7.134  ; 7.104  ; 7.721  ; 7.691  ;
; b[15]      ; f[10]       ; 7.120  ; 7.109  ; 7.707  ; 7.696  ;
; b[15]      ; f[11]       ; 9.150  ; 9.138  ; 9.730  ; 9.718  ;
; b[15]      ; f[15]       ; 5.263  ; 5.310  ; 5.843  ; 5.890  ;
; b[15]      ; f[16]       ; 7.868  ; 7.785  ; 8.448  ; 8.365  ;
; b[15]      ; f[17]       ; 7.837  ; 7.775  ; 8.417  ; 8.355  ;
; b[15]      ; f[18]       ; 8.016  ; 7.930  ; 8.596  ; 8.510  ;
; b[15]      ; f[19]       ; 9.521  ; 9.471  ; 10.101 ; 10.051 ;
; b[15]      ; f[32]       ; 7.089  ; 6.983  ; 7.676  ; 7.570  ;
; b[15]      ; f[33]       ; 6.660  ; 6.608  ; 7.247  ; 7.188  ;
; b[15]      ; f[34]       ; 7.222  ; 7.155  ; 7.809  ; 7.742  ;
; b[15]      ; f[35]       ; 7.568  ; 7.463  ; 8.155  ; 8.050  ;
; b[15]      ; f[48]       ; 6.811  ; 6.793  ; 7.398  ; 7.380  ;
; b[15]      ; f[49]       ; 7.054  ; 7.049  ; 7.634  ; 7.629  ;
; b[15]      ; f[50]       ; 6.984  ; 6.987  ; 7.571  ; 7.574  ;
; b[15]      ; f[51]       ; 7.573  ; 7.558  ; 8.160  ; 8.145  ;
; b[16]      ; f[16]       ; 5.159  ; 5.109  ; 5.758  ; 5.708  ;
; b[16]      ; f[17]       ; 5.465  ; 5.403  ; 6.095  ; 6.033  ;
; b[16]      ; f[18]       ; 5.575  ; 5.521  ; 6.164  ; 6.101  ;
; b[16]      ; f[19]       ; 7.070  ; 7.020  ; 7.669  ; 7.619  ;
; b[17]      ; f[17]       ; 5.104  ; 5.047  ; 5.700  ; 5.655  ;
; b[17]      ; f[18]       ; 5.703  ; 5.649  ; 6.326  ; 6.265  ;
; b[17]      ; f[19]       ; 7.199  ; 7.149  ; 7.831  ; 7.781  ;
; b[18]      ; f[18]       ; 4.955  ; 4.876  ; 5.590  ; 5.503  ;
; b[18]      ; f[19]       ; 6.460  ; 6.410  ; 7.095  ; 7.045  ;
; b[19]      ; f[16]       ; 8.780  ; 8.697  ; 9.374  ; 9.291  ;
; b[19]      ; f[17]       ; 8.749  ; 8.687  ; 9.343  ; 9.281  ;
; b[19]      ; f[18]       ; 8.928  ; 8.842  ; 9.522  ; 9.436  ;
; b[19]      ; f[19]       ; 10.433 ; 10.383 ; 11.027 ; 10.977 ;
; b[19]      ; f[20]       ; 7.274  ; 7.250  ; 7.871  ; 7.847  ;
; b[19]      ; f[21]       ; 7.137  ; 7.125  ; 7.734  ; 7.722  ;
; b[19]      ; f[22]       ; 7.692  ; 7.653  ; 8.289  ; 8.250  ;
; b[19]      ; f[23]       ; 8.578  ; 8.576  ; 9.175  ; 9.173  ;
; b[19]      ; f[24]       ; 8.559  ; 8.557  ; 9.156  ; 9.154  ;
; b[19]      ; f[25]       ; 8.773  ; 8.775  ; 9.370  ; 9.372  ;
; b[19]      ; f[26]       ; 9.777  ; 9.675  ; 10.375 ; 10.272 ;
; b[19]      ; f[27]       ; 10.705 ; 10.801 ; 11.302 ; 11.398 ;
; b[19]      ; f[28]       ; 7.249  ; 7.204  ; 7.846  ; 7.801  ;
; b[19]      ; f[29]       ; 7.519  ; 7.509  ; 8.116  ; 8.106  ;
; b[19]      ; f[30]       ; 8.539  ; 8.387  ; 9.136  ; 8.984  ;
; b[19]      ; f[31]       ; 7.770  ; 7.776  ; 8.367  ; 8.373  ;
; b[19]      ; f[48]       ; 7.643  ; 7.625  ; 8.218  ; 8.209  ;
; b[19]      ; f[49]       ; 7.966  ; 7.961  ; 8.560  ; 8.555  ;
; b[19]      ; f[50]       ; 7.816  ; 7.819  ; 8.391  ; 8.394  ;
; b[19]      ; f[51]       ; 8.405  ; 8.390  ; 8.980  ; 8.965  ;
; b[20]      ; f[20]       ; 4.869  ; 4.843  ; 5.499  ; 5.473  ;
; b[20]      ; f[21]       ; 5.361  ; 5.332  ; 5.991  ; 5.962  ;
; b[20]      ; f[22]       ; 5.796  ; 5.770  ; 6.412  ; 6.384  ;
; b[20]      ; f[23]       ; 6.668  ; 6.666  ; 7.298  ; 7.296  ;
; b[21]      ; f[21]       ; 4.431  ; 4.441  ; 5.009  ; 5.019  ;
; b[21]      ; f[22]       ; 5.305  ; 5.279  ; 5.883  ; 5.857  ;
; b[21]      ; f[23]       ; 6.143  ; 6.147  ; 6.721  ; 6.725  ;
; b[22]      ; f[22]       ; 4.458  ; 4.430  ; 5.061  ; 5.040  ;
; b[22]      ; f[23]       ; 5.338  ; 5.336  ; 5.948  ; 5.946  ;
; b[23]      ; f[16]       ; 7.459  ; 7.376  ; 8.060  ; 7.977  ;
; b[23]      ; f[17]       ; 7.428  ; 7.366  ; 8.029  ; 7.967  ;
; b[23]      ; f[18]       ; 7.607  ; 7.521  ; 8.208  ; 8.122  ;
; b[23]      ; f[19]       ; 9.112  ; 9.062  ; 9.713  ; 9.663  ;
; b[23]      ; f[20]       ; 5.184  ; 5.160  ; 5.792  ; 5.761  ;
; b[23]      ; f[21]       ; 5.310  ; 5.288  ; 5.918  ; 5.889  ;
; b[23]      ; f[22]       ; 5.892  ; 5.866  ; 6.500  ; 6.474  ;
; b[23]      ; f[23]       ; 6.741  ; 6.739  ; 7.342  ; 7.342  ;
; b[23]      ; f[24]       ; 6.929  ; 6.934  ; 7.537  ; 7.542  ;
; b[23]      ; f[25]       ; 7.170  ; 7.154  ; 7.778  ; 7.762  ;
; b[23]      ; f[26]       ; 8.175  ; 8.055  ; 8.783  ; 8.663  ;
; b[23]      ; f[27]       ; 8.918  ; 8.996  ; 9.526  ; 9.604  ;
; b[23]      ; f[28]       ; 5.245  ; 5.221  ; 5.846  ; 5.829  ;
; b[23]      ; f[29]       ; 5.545  ; 5.542  ; 6.153  ; 6.150  ;
; b[23]      ; f[30]       ; 6.561  ; 6.416  ; 7.169  ; 7.024  ;
; b[23]      ; f[31]       ; 5.778  ; 5.791  ; 6.386  ; 6.399  ;
; b[23]      ; f[48]       ; 6.692  ; 6.674  ; 7.300  ; 7.282  ;
; b[23]      ; f[49]       ; 6.645  ; 6.640  ; 7.246  ; 7.241  ;
; b[23]      ; f[50]       ; 6.865  ; 6.868  ; 7.473  ; 7.476  ;
; b[23]      ; f[51]       ; 7.454  ; 7.439  ; 8.062  ; 8.047  ;
; b[24]      ; f[24]       ; 4.397  ; 4.397  ; 4.934  ; 4.934  ;
; b[24]      ; f[25]       ; 4.622  ; 4.624  ; 5.181  ; 5.165  ;
; b[24]      ; f[26]       ; 5.846  ; 5.744  ; 6.430  ; 6.310  ;
; b[24]      ; f[27]       ; 6.774  ; 6.870  ; 7.311  ; 7.407  ;
; b[25]      ; f[25]       ; 4.477  ; 4.478  ; 5.069  ; 5.070  ;
; b[25]      ; f[26]       ; 6.000  ; 5.898  ; 6.606  ; 6.486  ;
; b[25]      ; f[27]       ; 6.928  ; 7.024  ; 7.484  ; 7.580  ;
; b[26]      ; f[26]       ; 5.399  ; 5.318  ; 5.952  ; 5.854  ;
; b[26]      ; f[27]       ; 6.335  ; 6.431  ; 6.871  ; 6.967  ;
; b[27]      ; f[16]       ; 7.217  ; 7.134  ; 7.780  ; 7.697  ;
; b[27]      ; f[17]       ; 7.186  ; 7.124  ; 7.749  ; 7.687  ;
; b[27]      ; f[18]       ; 7.365  ; 7.279  ; 7.928  ; 7.842  ;
; b[27]      ; f[19]       ; 8.870  ; 8.820  ; 9.433  ; 9.383  ;
; b[27]      ; f[20]       ; 5.035  ; 5.011  ; 5.605  ; 5.574  ;
; b[27]      ; f[21]       ; 5.215  ; 5.203  ; 5.784  ; 5.766  ;
; b[27]      ; f[22]       ; 5.796  ; 5.770  ; 6.366  ; 6.340  ;
; b[27]      ; f[23]       ; 6.656  ; 6.654  ; 7.219  ; 7.217  ;
; b[27]      ; f[24]       ; 6.833  ; 6.838  ; 7.403  ; 7.408  ;
; b[27]      ; f[25]       ; 7.074  ; 7.058  ; 7.644  ; 7.628  ;
; b[27]      ; f[26]       ; 8.079  ; 7.959  ; 8.649  ; 8.529  ;
; b[27]      ; f[27]       ; 8.822  ; 8.900  ; 9.392  ; 9.470  ;
; b[27]      ; f[28]       ; 4.883  ; 4.878  ; 5.453  ; 5.448  ;
; b[27]      ; f[29]       ; 5.202  ; 5.199  ; 5.772  ; 5.769  ;
; b[27]      ; f[30]       ; 6.218  ; 6.073  ; 6.788  ; 6.643  ;
; b[27]      ; f[31]       ; 5.435  ; 5.448  ; 6.005  ; 6.018  ;
; b[27]      ; f[48]       ; 6.479  ; 6.461  ; 7.049  ; 7.031  ;
; b[27]      ; f[49]       ; 6.403  ; 6.398  ; 6.966  ; 6.961  ;
; b[27]      ; f[50]       ; 6.652  ; 6.655  ; 7.222  ; 7.225  ;
; b[27]      ; f[51]       ; 7.241  ; 7.226  ; 7.811  ; 7.796  ;
; b[28]      ; f[28]       ; 4.876  ; 4.861  ; 5.547  ; 5.535  ;
; b[28]      ; f[29]       ; 5.167  ; 5.164  ; 5.840  ; 5.830  ;
; b[28]      ; f[30]       ; 6.126  ; 5.974  ; 6.753  ; 6.601  ;
; b[28]      ; f[31]       ; 5.357  ; 5.363  ; 5.984  ; 5.990  ;
; b[29]      ; f[29]       ; 4.773  ; 4.765  ; 5.396  ; 5.388  ;
; b[29]      ; f[30]       ; 6.022  ; 5.877  ; 6.633  ; 6.481  ;
; b[29]      ; f[31]       ; 5.241  ; 5.252  ; 5.864  ; 5.870  ;
; b[30]      ; f[30]       ; 5.591  ; 5.432  ; 6.232  ; 6.065  ;
; b[30]      ; f[31]       ; 4.919  ; 4.925  ; 5.560  ; 5.566  ;
; b[31]      ; f[16]       ; 7.814  ; 7.731  ; 8.372  ; 8.289  ;
; b[31]      ; f[17]       ; 7.783  ; 7.721  ; 8.341  ; 8.279  ;
; b[31]      ; f[18]       ; 7.962  ; 7.876  ; 8.520  ; 8.434  ;
; b[31]      ; f[19]       ; 9.467  ; 9.417  ; 10.025 ; 9.975  ;
; b[31]      ; f[20]       ; 5.123  ; 5.099  ; 5.739  ; 5.703  ;
; b[31]      ; f[21]       ; 5.314  ; 5.301  ; 5.935  ; 5.905  ;
; b[31]      ; f[22]       ; 5.896  ; 5.870  ; 6.517  ; 6.491  ;
; b[31]      ; f[23]       ; 6.754  ; 6.752  ; 7.322  ; 7.359  ;
; b[31]      ; f[24]       ; 6.933  ; 6.938  ; 7.554  ; 7.559  ;
; b[31]      ; f[25]       ; 7.174  ; 7.158  ; 7.795  ; 7.779  ;
; b[31]      ; f[26]       ; 8.179  ; 8.059  ; 8.800  ; 8.680  ;
; b[31]      ; f[27]       ; 8.922  ; 9.000  ; 9.543  ; 9.621  ;
; b[31]      ; f[31]       ; 5.028  ; 5.023  ; 5.586  ; 5.588  ;
; b[31]      ; f[48]       ; 6.755  ; 6.737  ; 7.376  ; 7.358  ;
; b[31]      ; f[49]       ; 7.000  ; 6.995  ; 7.558  ; 7.553  ;
; b[31]      ; f[50]       ; 6.928  ; 6.931  ; 7.549  ; 7.552  ;
; b[31]      ; f[51]       ; 7.517  ; 7.502  ; 8.138  ; 8.123  ;
; b[32]      ; f[32]       ; 5.460  ; 5.368  ; 6.069  ; 5.977  ;
; b[32]      ; f[33]       ; 5.355  ; 5.305  ; 5.964  ; 5.914  ;
; b[32]      ; f[34]       ; 5.830  ; 5.763  ; 6.409  ; 6.342  ;
; b[32]      ; f[35]       ; 6.176  ; 6.071  ; 6.755  ; 6.650  ;
; b[33]      ; f[33]       ; 3.812  ; 3.765  ; 4.085  ; 4.019  ;
; b[33]      ; f[34]       ; 4.665  ; 4.585  ; 4.996  ; 4.929  ;
; b[33]      ; f[35]       ; 4.996  ; 4.891  ; 5.342  ; 5.237  ;
; b[34]      ; f[34]       ; 5.160  ; 5.091  ; 5.759  ; 5.697  ;
; b[34]      ; f[35]       ; 5.507  ; 5.402  ; 6.103  ; 5.976  ;
; b[35]      ; f[16]       ; 6.502  ; 6.419  ; 7.134  ; 7.051  ;
; b[35]      ; f[17]       ; 6.746  ; 6.684  ; 7.378  ; 7.316  ;
; b[35]      ; f[18]       ; 6.650  ; 6.564  ; 7.282  ; 7.196  ;
; b[35]      ; f[19]       ; 8.155  ; 8.105  ; 8.787  ; 8.737  ;
; b[35]      ; f[32]       ; 6.862  ; 6.774  ; 7.494  ; 7.406  ;
; b[35]      ; f[33]       ; 6.728  ; 6.678  ; 7.360  ; 7.310  ;
; b[35]      ; f[34]       ; 6.972  ; 6.892  ; 7.604  ; 7.524  ;
; b[35]      ; f[35]       ; 7.291  ; 7.146  ; 7.923  ; 7.778  ;
; b[35]      ; f[36]       ; 5.432  ; 5.391  ; 6.064  ; 6.023  ;
; b[35]      ; f[37]       ; 5.437  ; 5.395  ; 6.069  ; 6.027  ;
; b[35]      ; f[38]       ; 5.836  ; 5.801  ; 6.468  ; 6.437  ;
; b[35]      ; f[39]       ; 6.541  ; 6.565  ; 7.173  ; 7.197  ;
; b[35]      ; f[40]       ; 6.248  ; 6.215  ; 6.884  ; 6.851  ;
; b[35]      ; f[41]       ; 6.565  ; 6.546  ; 7.201  ; 7.182  ;
; b[35]      ; f[42]       ; 6.616  ; 6.615  ; 7.252  ; 7.251  ;
; b[35]      ; f[43]       ; 6.761  ; 6.777  ; 7.397  ; 7.413  ;
; b[35]      ; f[44]       ; 6.541  ; 6.526  ; 7.177  ; 7.162  ;
; b[35]      ; f[45]       ; 6.880  ; 6.898  ; 7.516  ; 7.534  ;
; b[35]      ; f[46]       ; 6.826  ; 6.811  ; 7.462  ; 7.447  ;
; b[35]      ; f[47]       ; 7.204  ; 7.232  ; 7.840  ; 7.868  ;
; b[36]      ; f[36]       ; 3.687  ; 3.629  ; 4.041  ; 3.983  ;
; b[36]      ; f[37]       ; 3.948  ; 3.906  ; 4.245  ; 4.210  ;
; b[36]      ; f[38]       ; 4.347  ; 4.310  ; 4.688  ; 4.668  ;
; b[36]      ; f[39]       ; 5.052  ; 5.076  ; 5.331  ; 5.387  ;
; b[37]      ; f[37]       ; 4.665  ; 4.647  ; 5.233  ; 5.195  ;
; b[37]      ; f[38]       ; 5.200  ; 5.180  ; 5.794  ; 5.774  ;
; b[37]      ; f[39]       ; 5.898  ; 5.922  ; 6.446  ; 6.493  ;
; b[38]      ; f[38]       ; 4.784  ; 4.770  ; 5.372  ; 5.336  ;
; b[38]      ; f[39]       ; 5.398  ; 5.422  ; 6.025  ; 6.049  ;
; b[39]      ; f[16]       ; 6.653  ; 6.570  ; 7.255  ; 7.172  ;
; b[39]      ; f[17]       ; 6.711  ; 6.649  ; 7.313  ; 7.251  ;
; b[39]      ; f[18]       ; 6.801  ; 6.715  ; 7.403  ; 7.317  ;
; b[39]      ; f[19]       ; 8.306  ; 8.256  ; 8.908  ; 8.858  ;
; b[39]      ; f[32]       ; 6.900  ; 6.812  ; 7.502  ; 7.414  ;
; b[39]      ; f[33]       ; 6.693  ; 6.643  ; 7.295  ; 7.245  ;
; b[39]      ; f[34]       ; 7.010  ; 6.930  ; 7.612  ; 7.532  ;
; b[39]      ; f[35]       ; 7.329  ; 7.184  ; 7.931  ; 7.786  ;
; b[39]      ; f[36]       ; 5.215  ; 5.174  ; 5.817  ; 5.776  ;
; b[39]      ; f[37]       ; 5.409  ; 5.367  ; 6.011  ; 5.969  ;
; b[39]      ; f[38]       ; 5.808  ; 5.769  ; 6.410  ; 6.358  ;
; b[39]      ; f[39]       ; 6.513  ; 6.537  ; 7.115  ; 7.139  ;
; b[39]      ; f[40]       ; 6.669  ; 6.636  ; 7.252  ; 7.219  ;
; b[39]      ; f[41]       ; 6.986  ; 6.967  ; 7.569  ; 7.550  ;
; b[39]      ; f[42]       ; 7.037  ; 7.036  ; 7.620  ; 7.619  ;
; b[39]      ; f[43]       ; 7.182  ; 7.198  ; 7.774  ; 7.781  ;
; b[39]      ; f[44]       ; 5.975  ; 5.960  ; 6.574  ; 6.559  ;
; b[39]      ; f[45]       ; 6.314  ; 6.332  ; 6.913  ; 6.931  ;
; b[39]      ; f[46]       ; 6.260  ; 6.245  ; 6.859  ; 6.844  ;
; b[39]      ; f[47]       ; 6.638  ; 6.666  ; 7.237  ; 7.265  ;
; b[40]      ; f[40]       ; 4.537  ; 4.518  ; 5.112  ; 5.093  ;
; b[40]      ; f[41]       ; 4.827  ; 4.826  ; 5.402  ; 5.401  ;
; b[40]      ; f[42]       ; 5.287  ; 5.286  ; 5.840  ; 5.839  ;
; b[40]      ; f[43]       ; 5.435  ; 5.448  ; 6.018  ; 6.002  ;
; b[41]      ; f[41]       ; 4.597  ; 4.595  ; 5.185  ; 5.183  ;
; b[41]      ; f[42]       ; 5.215  ; 5.214  ; 5.784  ; 5.783  ;
; b[41]      ; f[43]       ; 5.378  ; 5.376  ; 5.966  ; 5.950  ;
; b[42]      ; f[42]       ; 4.448  ; 4.446  ; 5.064  ; 5.068  ;
; b[42]      ; f[43]       ; 4.961  ; 4.945  ; 5.583  ; 5.567  ;
; b[43]      ; f[16]       ; 7.191  ; 7.108  ; 7.803  ; 7.720  ;
; b[43]      ; f[17]       ; 7.249  ; 7.187  ; 7.861  ; 7.799  ;
; b[43]      ; f[18]       ; 7.339  ; 7.253  ; 7.951  ; 7.865  ;
; b[43]      ; f[19]       ; 8.844  ; 8.794  ; 9.456  ; 9.406  ;
; b[43]      ; f[32]       ; 7.438  ; 7.350  ; 8.050  ; 7.962  ;
; b[43]      ; f[33]       ; 7.231  ; 7.181  ; 7.843  ; 7.793  ;
; b[43]      ; f[34]       ; 7.548  ; 7.468  ; 8.160  ; 8.080  ;
; b[43]      ; f[35]       ; 7.867  ; 7.722  ; 8.479  ; 8.334  ;
; b[43]      ; f[36]       ; 6.180  ; 6.139  ; 6.792  ; 6.751  ;
; b[43]      ; f[37]       ; 6.655  ; 6.613  ; 7.267  ; 7.225  ;
; b[43]      ; f[38]       ; 7.054  ; 7.002  ; 7.666  ; 7.614  ;
; b[43]      ; f[39]       ; 7.759  ; 7.783  ; 8.371  ; 8.395  ;
; b[43]      ; f[40]       ; 7.876  ; 7.861  ; 8.488  ; 8.473  ;
; b[43]      ; f[41]       ; 8.168  ; 8.167  ; 8.780  ; 8.779  ;
; b[43]      ; f[42]       ; 8.217  ; 8.203  ; 8.829  ; 8.815  ;
; b[43]      ; f[43]       ; 8.418  ; 8.402  ; 9.030  ; 9.014  ;
; b[43]      ; f[44]       ; 7.043  ; 7.028  ; 7.645  ; 7.648  ;
; b[43]      ; f[45]       ; 7.382  ; 7.400  ; 7.972  ; 7.963  ;
; b[43]      ; f[46]       ; 7.328  ; 7.313  ; 7.903  ; 7.906  ;
; b[43]      ; f[47]       ; 7.725  ; 7.734  ; 8.345  ; 8.341  ;
; b[44]      ; f[44]       ; 4.283  ; 4.301  ; 4.864  ; 4.882  ;
; b[44]      ; f[45]       ; 4.626  ; 4.640  ; 5.207  ; 5.193  ;
; b[44]      ; f[46]       ; 4.883  ; 4.868  ; 5.434  ; 5.419  ;
; b[44]      ; f[47]       ; 5.275  ; 5.289  ; 5.856  ; 5.852  ;
; b[45]      ; f[45]       ; 4.308  ; 4.332  ; 4.903  ; 4.927  ;
; b[45]      ; f[46]       ; 4.903  ; 4.888  ; 5.459  ; 5.450  ;
; b[45]      ; f[47]       ; 5.294  ; 5.309  ; 5.889  ; 5.885  ;
; b[46]      ; f[46]       ; 4.247  ; 4.246  ; 4.806  ; 4.805  ;
; b[46]      ; f[47]       ; 4.682  ; 4.678  ; 5.241  ; 5.237  ;
; b[47]      ; f[16]       ; 7.243  ; 7.160  ; 7.840  ; 7.757  ;
; b[47]      ; f[17]       ; 7.487  ; 7.425  ; 8.084  ; 8.022  ;
; b[47]      ; f[18]       ; 7.391  ; 7.305  ; 7.988  ; 7.902  ;
; b[47]      ; f[19]       ; 8.896  ; 8.846  ; 9.493  ; 9.443  ;
; b[47]      ; f[32]       ; 7.603  ; 7.515  ; 8.200  ; 8.112  ;
; b[47]      ; f[33]       ; 7.469  ; 7.419  ; 8.066  ; 8.016  ;
; b[47]      ; f[34]       ; 7.713  ; 7.633  ; 8.310  ; 8.230  ;
; b[47]      ; f[35]       ; 8.032  ; 7.887  ; 8.629  ; 8.484  ;
; b[47]      ; f[36]       ; 6.372  ; 6.331  ; 6.984  ; 6.943  ;
; b[47]      ; f[37]       ; 6.641  ; 6.599  ; 7.253  ; 7.211  ;
; b[47]      ; f[38]       ; 7.040  ; 6.988  ; 7.652  ; 7.600  ;
; b[47]      ; f[39]       ; 7.745  ; 7.769  ; 8.357  ; 8.381  ;
; b[47]      ; f[40]       ; 7.862  ; 7.847  ; 8.474  ; 8.459  ;
; b[47]      ; f[41]       ; 8.154  ; 8.153  ; 8.766  ; 8.765  ;
; b[47]      ; f[42]       ; 8.203  ; 8.189  ; 8.815  ; 8.801  ;
; b[47]      ; f[43]       ; 8.404  ; 8.388  ; 9.016  ; 9.000  ;
; b[47]      ; f[47]       ; 4.641  ; 4.641  ; 5.253  ; 5.242  ;
; b[48]      ; f[48]       ; 4.346  ; 4.345  ; 4.928  ; 4.927  ;
; b[48]      ; f[49]       ; 4.725  ; 4.720  ; 5.307  ; 5.302  ;
; b[48]      ; f[50]       ; 4.735  ; 4.738  ; 5.298  ; 5.301  ;
; b[48]      ; f[51]       ; 5.324  ; 5.309  ; 5.887  ; 5.872  ;
; b[49]      ; f[49]       ; 4.301  ; 4.273  ; 4.873  ; 4.857  ;
; b[49]      ; f[50]       ; 4.807  ; 4.810  ; 5.360  ; 5.363  ;
; b[49]      ; f[51]       ; 5.396  ; 5.381  ; 5.949  ; 5.934  ;
; b[50]      ; f[50]       ; 4.590  ; 4.588  ; 5.215  ; 5.213  ;
; b[50]      ; f[51]       ; 4.848  ; 4.833  ; 5.444  ; 5.416  ;
; b[51]      ; f[16]       ; 6.921  ; 6.838  ; 7.535  ; 7.452  ;
; b[51]      ; f[17]       ; 7.165  ; 7.103  ; 7.779  ; 7.717  ;
; b[51]      ; f[18]       ; 7.069  ; 6.983  ; 7.683  ; 7.597  ;
; b[51]      ; f[19]       ; 8.574  ; 8.524  ; 9.188  ; 9.138  ;
; b[51]      ; f[32]       ; 7.281  ; 7.193  ; 7.895  ; 7.807  ;
; b[51]      ; f[33]       ; 7.147  ; 7.097  ; 7.761  ; 7.711  ;
; b[51]      ; f[34]       ; 7.391  ; 7.311  ; 8.005  ; 7.925  ;
; b[51]      ; f[35]       ; 7.710  ; 7.565  ; 8.324  ; 8.179  ;
; b[51]      ; f[48]       ; 7.363  ; 7.345  ; 7.931  ; 7.913  ;
; b[51]      ; f[49]       ; 7.444  ; 7.439  ; 8.005  ; 8.000  ;
; b[51]      ; f[50]       ; 7.536  ; 7.539  ; 8.104  ; 8.107  ;
; b[51]      ; f[51]       ; 8.125  ; 8.110  ; 8.693  ; 8.678  ;
; b[51]      ; f[52]       ; 5.238  ; 5.219  ; 5.799  ; 5.780  ;
; b[51]      ; f[53]       ; 5.607  ; 5.584  ; 6.168  ; 6.152  ;
; b[51]      ; f[54]       ; 5.681  ; 5.636  ; 6.249  ; 6.204  ;
; b[51]      ; f[55]       ; 6.028  ; 6.086  ; 6.589  ; 6.647  ;
; b[51]      ; f[56]       ; 6.755  ; 6.738  ; 7.316  ; 7.299  ;
; b[51]      ; f[57]       ; 7.530  ; 7.422  ; 8.091  ; 7.983  ;
; b[51]      ; f[58]       ; 6.950  ; 6.949  ; 7.511  ; 7.510  ;
; b[51]      ; f[59]       ; 7.997  ; 8.062  ; 8.558  ; 8.623  ;
; b[51]      ; f[60]       ; 6.052  ; 6.054  ; 6.613  ; 6.615  ;
; b[51]      ; f[61]       ; 6.296  ; 6.299  ; 6.857  ; 6.860  ;
; b[51]      ; f[62]       ; 6.242  ; 6.243  ; 6.803  ; 6.804  ;
; b[51]      ; f[63]       ; 6.800  ; 6.780  ; 7.361  ; 7.341  ;
; b[52]      ; f[52]       ; 4.553  ; 4.552  ; 5.147  ; 5.148  ;
; b[52]      ; f[53]       ; 4.773  ; 4.774  ; 5.366  ; 5.331  ;
; b[52]      ; f[54]       ; 5.050  ; 5.005  ; 5.603  ; 5.559  ;
; b[52]      ; f[55]       ; 5.382  ; 5.440  ; 5.954  ; 6.012  ;
; b[53]      ; f[53]       ; 4.635  ; 4.629  ; 5.191  ; 5.158  ;
; b[53]      ; f[54]       ; 5.115  ; 5.070  ; 5.673  ; 5.646  ;
; b[53]      ; f[55]       ; 5.445  ; 5.486  ; 6.041  ; 6.099  ;
; b[54]      ; f[54]       ; 4.460  ; 4.432  ; 5.042  ; 5.014  ;
; b[54]      ; f[55]       ; 4.818  ; 4.876  ; 5.400  ; 5.458  ;
; b[55]      ; f[16]       ; 7.230  ; 7.147  ; 7.852  ; 7.769  ;
; b[55]      ; f[17]       ; 7.288  ; 7.226  ; 7.910  ; 7.848  ;
; b[55]      ; f[18]       ; 7.378  ; 7.292  ; 8.000  ; 7.914  ;
; b[55]      ; f[19]       ; 8.883  ; 8.833  ; 9.505  ; 9.455  ;
; b[55]      ; f[32]       ; 7.477  ; 7.389  ; 8.099  ; 8.011  ;
; b[55]      ; f[33]       ; 7.270  ; 7.220  ; 7.892  ; 7.842  ;
; b[55]      ; f[34]       ; 7.587  ; 7.507  ; 8.209  ; 8.129  ;
; b[55]      ; f[35]       ; 7.906  ; 7.761  ; 8.528  ; 8.383  ;
; b[55]      ; f[48]       ; 6.923  ; 6.905  ; 7.504  ; 7.486  ;
; b[55]      ; f[49]       ; 6.986  ; 6.954  ; 7.567  ; 7.535  ;
; b[55]      ; f[50]       ; 7.096  ; 7.099  ; 7.677  ; 7.680  ;
; b[55]      ; f[51]       ; 7.685  ; 7.670  ; 8.266  ; 8.251  ;
; b[55]      ; f[52]       ; 5.105  ; 5.086  ; 5.679  ; 5.660  ;
; b[55]      ; f[53]       ; 5.474  ; 5.463  ; 6.048  ; 6.044  ;
; b[55]      ; f[54]       ; 5.560  ; 5.515  ; 6.141  ; 6.096  ;
; b[55]      ; f[55]       ; 5.895  ; 5.953  ; 6.471  ; 6.527  ;
; b[55]      ; f[56]       ; 6.271  ; 6.254  ; 6.845  ; 6.828  ;
; b[55]      ; f[57]       ; 7.046  ; 6.938  ; 7.620  ; 7.512  ;
; b[55]      ; f[58]       ; 6.467  ; 6.465  ; 7.048  ; 7.039  ;
; b[55]      ; f[59]       ; 7.513  ; 7.578  ; 8.087  ; 8.152  ;
; b[55]      ; f[60]       ; 6.031  ; 6.033  ; 6.653  ; 6.655  ;
; b[55]      ; f[61]       ; 6.275  ; 6.278  ; 6.897  ; 6.900  ;
; b[55]      ; f[62]       ; 6.221  ; 6.222  ; 6.843  ; 6.844  ;
; b[55]      ; f[63]       ; 6.779  ; 6.759  ; 7.401  ; 7.381  ;
; b[56]      ; f[56]       ; 4.381  ; 4.366  ; 4.970  ; 4.948  ;
; b[56]      ; f[57]       ; 5.434  ; 5.326  ; 6.023  ; 5.915  ;
; b[56]      ; f[58]       ; 4.850  ; 4.831  ; 5.407  ; 5.388  ;
; b[56]      ; f[59]       ; 5.839  ; 5.904  ; 6.428  ; 6.493  ;
; b[57]      ; f[57]       ; 5.254  ; 5.143  ; 5.823  ; 5.712  ;
; b[57]      ; f[58]       ; 5.027  ; 5.008  ; 5.589  ; 5.582  ;
; b[57]      ; f[59]       ; 6.038  ; 6.103  ; 6.630  ; 6.695  ;
; b[58]      ; f[58]       ; 4.427  ; 4.425  ; 5.012  ; 5.010  ;
; b[58]      ; f[59]       ; 5.460  ; 5.525  ; 6.045  ; 6.110  ;
; b[59]      ; f[16]       ; 6.565  ; 6.482  ; 7.153  ; 7.070  ;
; b[59]      ; f[17]       ; 6.623  ; 6.561  ; 7.211  ; 7.149  ;
; b[59]      ; f[18]       ; 6.713  ; 6.627  ; 7.301  ; 7.215  ;
; b[59]      ; f[19]       ; 8.218  ; 8.168  ; 8.806  ; 8.756  ;
; b[59]      ; f[32]       ; 6.812  ; 6.724  ; 7.400  ; 7.312  ;
; b[59]      ; f[33]       ; 6.605  ; 6.555  ; 7.193  ; 7.143  ;
; b[59]      ; f[34]       ; 6.922  ; 6.842  ; 7.510  ; 7.430  ;
; b[59]      ; f[35]       ; 7.241  ; 7.096  ; 7.829  ; 7.684  ;
; b[59]      ; f[48]       ; 7.075  ; 7.057  ; 7.676  ; 7.658  ;
; b[59]      ; f[49]       ; 7.138  ; 7.106  ; 7.739  ; 7.707  ;
; b[59]      ; f[50]       ; 7.248  ; 7.251  ; 7.849  ; 7.852  ;
; b[59]      ; f[51]       ; 7.837  ; 7.822  ; 8.438  ; 8.423  ;
; b[59]      ; f[52]       ; 6.679  ; 6.660  ; 7.242  ; 7.223  ;
; b[59]      ; f[53]       ; 7.048  ; 7.009  ; 7.611  ; 7.572  ;
; b[59]      ; f[54]       ; 7.101  ; 7.074  ; 7.664  ; 7.637  ;
; b[59]      ; f[55]       ; 7.469  ; 7.527  ; 8.032  ; 8.090  ;
; b[59]      ; f[56]       ; 6.420  ; 6.403  ; 6.994  ; 6.986  ;
; b[59]      ; f[57]       ; 7.195  ; 7.087  ; 7.758  ; 7.650  ;
; b[59]      ; f[58]       ; 6.618  ; 6.614  ; 7.219  ; 7.200  ;
; b[59]      ; f[59]       ; 7.662  ; 7.727  ; 8.225  ; 8.290  ;
; b[59]      ; f[60]       ; 4.632  ; 4.634  ; 5.220  ; 5.222  ;
; b[59]      ; f[61]       ; 4.883  ; 4.879  ; 5.464  ; 5.467  ;
; b[59]      ; f[62]       ; 4.822  ; 4.824  ; 5.410  ; 5.411  ;
; b[59]      ; f[63]       ; 5.380  ; 5.360  ; 5.968  ; 5.948  ;
; b[60]      ; f[60]       ; 4.421  ; 4.425  ; 5.052  ; 5.056  ;
; b[60]      ; f[61]       ; 4.690  ; 4.683  ; 5.311  ; 5.314  ;
; b[60]      ; f[62]       ; 4.806  ; 4.814  ; 5.384  ; 5.385  ;
; b[60]      ; f[63]       ; 5.311  ; 5.317  ; 5.942  ; 5.922  ;
; b[61]      ; f[61]       ; 4.469  ; 4.487  ; 5.045  ; 5.055  ;
; b[61]      ; f[62]       ; 4.959  ; 4.967  ; 5.565  ; 5.573  ;
; b[61]      ; f[63]       ; 5.509  ; 5.489  ; 6.077  ; 6.076  ;
; b[62]      ; f[62]       ; 4.449  ; 4.449  ; 5.071  ; 5.071  ;
; b[62]      ; f[63]       ; 5.007  ; 4.987  ; 5.629  ; 5.609  ;
; b[63]      ; f[16]       ; 6.937  ; 6.854  ; 7.534  ; 7.451  ;
; b[63]      ; f[17]       ; 7.181  ; 7.119  ; 7.778  ; 7.716  ;
; b[63]      ; f[18]       ; 7.085  ; 6.999  ; 7.682  ; 7.596  ;
; b[63]      ; f[19]       ; 8.590  ; 8.540  ; 9.187  ; 9.137  ;
; b[63]      ; f[32]       ; 7.297  ; 7.209  ; 7.894  ; 7.806  ;
; b[63]      ; f[33]       ; 7.163  ; 7.113  ; 7.760  ; 7.710  ;
; b[63]      ; f[34]       ; 7.407  ; 7.327  ; 8.004  ; 7.924  ;
; b[63]      ; f[35]       ; 7.726  ; 7.581  ; 8.323  ; 8.178  ;
; b[63]      ; f[48]       ; 6.926  ; 6.908  ; 7.499  ; 7.481  ;
; b[63]      ; f[49]       ; 6.989  ; 6.957  ; 7.562  ; 7.534  ;
; b[63]      ; f[50]       ; 7.099  ; 7.102  ; 7.672  ; 7.675  ;
; b[63]      ; f[51]       ; 7.688  ; 7.673  ; 8.261  ; 8.246  ;
; b[63]      ; f[52]       ; 6.278  ; 6.259  ; 6.875  ; 6.856  ;
; b[63]      ; f[53]       ; 6.647  ; 6.608  ; 7.244  ; 7.205  ;
; b[63]      ; f[54]       ; 6.700  ; 6.673  ; 7.297  ; 7.270  ;
; b[63]      ; f[55]       ; 7.068  ; 7.126  ; 7.665  ; 7.723  ;
; b[63]      ; f[56]       ; 6.257  ; 6.240  ; 6.849  ; 6.832  ;
; b[63]      ; f[57]       ; 7.032  ; 6.924  ; 7.624  ; 7.516  ;
; b[63]      ; f[58]       ; 6.469  ; 6.451  ; 7.044  ; 7.043  ;
; b[63]      ; f[59]       ; 7.499  ; 7.564  ; 8.091  ; 8.156  ;
; b[63]      ; f[63]       ; 4.754  ; 4.727  ; 5.346  ; 5.319  ;
; c          ; f[0]        ; 4.034  ; 4.045  ; 4.588  ; 4.617  ;
; c          ; f[1]        ; 4.170  ; 4.165  ; 4.716  ; 4.704  ;
; c          ; f[2]        ; 4.809  ; 4.790  ; 5.314  ; 5.286  ;
; c          ; f[3]        ; 4.871  ; 4.895  ; 5.437  ; 5.448  ;
; s[0]       ; f[0]        ; 5.133  ; 5.162  ; 5.919  ; 5.908  ;
; s[0]       ; f[1]        ; 5.267  ; 5.262  ; 6.019  ; 6.007  ;
; s[0]       ; f[2]        ; 5.968  ; 5.949  ; 6.694  ; 6.666  ;
; s[0]       ; f[3]        ; 6.030  ; 6.054  ; 6.817  ; 6.828  ;
; s[0]       ; f[4]        ; 5.981  ; 5.973  ; 6.630  ; 6.640  ;
; s[0]       ; f[5]        ; 6.310  ; 6.289  ; 6.919  ; 6.910  ;
; s[0]       ; f[6]        ; 6.492  ; 6.501  ; 7.095  ; 7.097  ;
; s[0]       ; f[7]        ; 7.211  ; 7.245  ; 7.842  ; 7.867  ;
; s[0]       ; f[8]        ; 7.029  ; 6.977  ; 7.567  ; 7.533  ;
; s[0]       ; f[9]        ; 7.190  ; 7.160  ; 7.681  ; 7.669  ;
; s[0]       ; f[10]       ; 7.176  ; 7.165  ; 7.687  ; 7.663  ;
; s[0]       ; f[11]       ; 9.134  ; 9.162  ; 9.860  ; 9.848  ;
; s[0]       ; f[12]       ; 6.159  ; 6.132  ; 6.806  ; 6.797  ;
; s[0]       ; f[13]       ; 6.611  ; 6.577  ; 7.259  ; 7.218  ;
; s[0]       ; f[14]       ; 7.123  ; 6.993  ; 7.759  ; 7.622  ;
; s[0]       ; f[15]       ; 7.229  ; 7.309  ; 7.964  ; 8.005  ;
; s[0]       ; f[16]       ; 8.769  ; 8.726  ; 9.850  ; 9.767  ;
; s[0]       ; f[17]       ; 8.678  ; 8.620  ; 9.819  ; 9.757  ;
; s[0]       ; f[18]       ; 8.951  ; 8.897  ; 9.998  ; 9.912  ;
; s[0]       ; f[19]       ; 10.235 ; 10.189 ; 11.503 ; 11.453 ;
; s[0]       ; f[20]       ; 5.381  ; 5.345  ; 6.027  ; 6.003  ;
; s[0]       ; f[21]       ; 5.577  ; 5.569  ; 6.312  ; 6.283  ;
; s[0]       ; f[22]       ; 6.159  ; 6.133  ; 6.772  ; 6.733  ;
; s[0]       ; f[23]       ; 6.964  ; 7.001  ; 7.658  ; 7.656  ;
; s[0]       ; f[24]       ; 7.196  ; 7.201  ; 7.640  ; 7.638  ;
; s[0]       ; f[25]       ; 7.437  ; 7.421  ; 7.854  ; 7.856  ;
; s[0]       ; f[26]       ; 8.442  ; 8.322  ; 8.858  ; 8.756  ;
; s[0]       ; f[27]       ; 9.185  ; 9.263  ; 9.786  ; 9.882  ;
; s[0]       ; f[28]       ; 5.597  ; 5.592  ; 6.274  ; 6.229  ;
; s[0]       ; f[29]       ; 5.916  ; 5.913  ; 6.544  ; 6.534  ;
; s[0]       ; f[30]       ; 6.932  ; 6.787  ; 7.564  ; 7.412  ;
; s[0]       ; f[31]       ; 6.149  ; 6.162  ; 6.795  ; 6.801  ;
; s[0]       ; f[32]       ; 7.798  ; 7.692  ; 8.500  ; 8.412  ;
; s[0]       ; f[33]       ; 7.369  ; 7.303  ; 8.293  ; 8.243  ;
; s[0]       ; f[34]       ; 7.931  ; 7.864  ; 8.610  ; 8.530  ;
; s[0]       ; f[35]       ; 8.277  ; 8.172  ; 8.929  ; 8.784  ;
; s[0]       ; f[36]       ; 6.410  ; 6.351  ; 7.238  ; 7.197  ;
; s[0]       ; f[37]       ; 6.630  ; 6.595  ; 7.507  ; 7.465  ;
; s[0]       ; f[38]       ; 7.073  ; 7.053  ; 7.906  ; 7.854  ;
; s[0]       ; f[39]       ; 7.716  ; 7.772  ; 8.611  ; 8.635  ;
; s[0]       ; f[40]       ; 7.953  ; 7.920  ; 8.728  ; 8.713  ;
; s[0]       ; f[41]       ; 8.270  ; 8.251  ; 9.020  ; 9.019  ;
; s[0]       ; f[42]       ; 8.321  ; 8.320  ; 9.069  ; 9.055  ;
; s[0]       ; f[43]       ; 8.466  ; 8.482  ; 9.270  ; 9.254  ;
; s[0]       ; f[44]       ; 7.496  ; 7.481  ; 8.200  ; 8.203  ;
; s[0]       ; f[45]       ; 7.835  ; 7.853  ; 8.527  ; 8.513  ;
; s[0]       ; f[46]       ; 7.781  ; 7.766  ; 8.458  ; 8.461  ;
; s[0]       ; f[47]       ; 8.159  ; 8.187  ; 8.900  ; 8.896  ;
; s[0]       ; f[48]       ; 8.045  ; 8.027  ; 8.685  ; 8.685  ;
; s[0]       ; f[49]       ; 7.955  ; 7.923  ; 9.036  ; 9.031  ;
; s[0]       ; f[50]       ; 8.218  ; 8.221  ; 8.847  ; 8.843  ;
; s[0]       ; f[51]       ; 8.807  ; 8.792  ; 9.372  ; 9.344  ;
; s[0]       ; f[52]       ; 6.388  ; 6.350  ; 7.158  ; 7.139  ;
; s[0]       ; f[53]       ; 6.765  ; 6.766  ; 7.527  ; 7.488  ;
; s[0]       ; f[54]       ; 6.863  ; 6.818  ; 7.580  ; 7.553  ;
; s[0]       ; f[55]       ; 7.193  ; 7.233  ; 7.948  ; 8.006  ;
; s[0]       ; f[56]       ; 4.990  ; 4.982  ; 5.638  ; 5.621  ;
; s[0]       ; f[57]       ; 5.797  ; 5.670  ; 6.503  ; 6.395  ;
; s[0]       ; f[58]       ; 5.246  ; 5.227  ; 5.888  ; 5.887  ;
; s[0]       ; f[59]       ; 6.187  ; 6.259  ; 6.973  ; 7.060  ;
; s[0]       ; f[60]       ; 6.154  ; 6.163  ; 7.054  ; 7.056  ;
; s[0]       ; f[61]       ; 6.425  ; 6.410  ; 7.298  ; 7.301  ;
; s[0]       ; f[62]       ; 6.358  ; 6.366  ; 7.244  ; 7.245  ;
; s[0]       ; f[63]       ; 6.857  ; 6.869  ; 7.802  ; 7.782  ;
; s[1]       ; f[0]        ; 4.960  ; 4.989  ; 5.698  ; 5.687  ;
; s[1]       ; f[1]        ; 5.094  ; 5.089  ; 5.798  ; 5.786  ;
; s[1]       ; f[2]        ; 5.795  ; 5.776  ; 6.473  ; 6.445  ;
; s[1]       ; f[3]        ; 5.857  ; 5.881  ; 6.596  ; 6.607  ;
; s[1]       ; f[4]        ; 6.014  ; 6.006  ; 6.653  ; 6.663  ;
; s[1]       ; f[5]        ; 6.343  ; 6.322  ; 6.942  ; 6.933  ;
; s[1]       ; f[6]        ; 6.525  ; 6.534  ; 7.118  ; 7.120  ;
; s[1]       ; f[7]        ; 7.244  ; 7.278  ; 7.865  ; 7.890  ;
; s[1]       ; f[8]        ; 7.062  ; 7.010  ; 7.590  ; 7.556  ;
; s[1]       ; f[9]        ; 7.223  ; 7.193  ; 7.704  ; 7.692  ;
; s[1]       ; f[10]       ; 7.209  ; 7.198  ; 7.710  ; 7.686  ;
; s[1]       ; f[11]       ; 9.167  ; 9.195  ; 9.883  ; 9.871  ;
; s[1]       ; f[12]       ; 6.343  ; 6.316  ; 7.002  ; 6.993  ;
; s[1]       ; f[13]       ; 6.795  ; 6.761  ; 7.455  ; 7.414  ;
; s[1]       ; f[14]       ; 7.307  ; 7.177  ; 7.955  ; 7.818  ;
; s[1]       ; f[15]       ; 7.413  ; 7.493  ; 8.160  ; 8.201  ;
; s[1]       ; f[16]       ; 8.624  ; 8.581  ; 9.678  ; 9.595  ;
; s[1]       ; f[17]       ; 8.533  ; 8.475  ; 9.647  ; 9.585  ;
; s[1]       ; f[18]       ; 8.806  ; 8.752  ; 9.826  ; 9.740  ;
; s[1]       ; f[19]       ; 10.090 ; 10.044 ; 11.331 ; 11.281 ;
; s[1]       ; f[20]       ; 5.588  ; 5.552  ; 6.247  ; 6.223  ;
; s[1]       ; f[21]       ; 5.784  ; 5.754  ; 6.437  ; 6.425  ;
; s[1]       ; f[22]       ; 6.366  ; 6.340  ; 6.992  ; 6.953  ;
; s[1]       ; f[23]       ; 7.171  ; 7.208  ; 7.878  ; 7.876  ;
; s[1]       ; f[24]       ; 7.403  ; 7.408  ; 7.860  ; 7.858  ;
; s[1]       ; f[25]       ; 7.644  ; 7.628  ; 8.074  ; 8.076  ;
; s[1]       ; f[26]       ; 8.649  ; 8.529  ; 9.078  ; 8.976  ;
; s[1]       ; f[27]       ; 9.392  ; 9.470  ; 10.006 ; 10.102 ;
; s[1]       ; f[28]       ; 5.389  ; 5.384  ; 6.044  ; 5.999  ;
; s[1]       ; f[29]       ; 5.708  ; 5.705  ; 6.314  ; 6.304  ;
; s[1]       ; f[30]       ; 6.724  ; 6.579  ; 7.334  ; 7.182  ;
; s[1]       ; f[31]       ; 5.941  ; 5.954  ; 6.565  ; 6.571  ;
; s[1]       ; f[32]       ; 7.688  ; 7.582  ; 8.281  ; 8.193  ;
; s[1]       ; f[33]       ; 7.259  ; 7.193  ; 8.000  ; 7.950  ;
; s[1]       ; f[34]       ; 7.821  ; 7.754  ; 8.391  ; 8.311  ;
; s[1]       ; f[35]       ; 8.167  ; 8.062  ; 8.710  ; 8.565  ;
; s[1]       ; f[36]       ; 6.670  ; 6.611  ; 7.493  ; 7.452  ;
; s[1]       ; f[37]       ; 6.890  ; 6.855  ; 7.762  ; 7.720  ;
; s[1]       ; f[38]       ; 7.333  ; 7.313  ; 8.161  ; 8.109  ;
; s[1]       ; f[39]       ; 7.976  ; 8.032  ; 8.866  ; 8.890  ;
; s[1]       ; f[40]       ; 8.213  ; 8.180  ; 8.983  ; 8.968  ;
; s[1]       ; f[41]       ; 8.530  ; 8.511  ; 9.275  ; 9.274  ;
; s[1]       ; f[42]       ; 8.581  ; 8.580  ; 9.324  ; 9.310  ;
; s[1]       ; f[43]       ; 8.726  ; 8.742  ; 9.525  ; 9.509  ;
; s[1]       ; f[44]       ; 7.222  ; 7.207  ; 7.870  ; 7.873  ;
; s[1]       ; f[45]       ; 7.561  ; 7.579  ; 8.197  ; 8.183  ;
; s[1]       ; f[46]       ; 7.507  ; 7.492  ; 8.128  ; 8.131  ;
; s[1]       ; f[47]       ; 7.885  ; 7.913  ; 8.570  ; 8.566  ;
; s[1]       ; f[48]       ; 7.900  ; 7.882  ; 8.513  ; 8.513  ;
; s[1]       ; f[49]       ; 7.810  ; 7.778  ; 8.864  ; 8.859  ;
; s[1]       ; f[50]       ; 8.073  ; 8.076  ; 8.675  ; 8.671  ;
; s[1]       ; f[51]       ; 8.662  ; 8.647  ; 9.200  ; 9.172  ;
; s[1]       ; f[52]       ; 6.375  ; 6.337  ; 7.115  ; 7.096  ;
; s[1]       ; f[53]       ; 6.752  ; 6.753  ; 7.484  ; 7.445  ;
; s[1]       ; f[54]       ; 6.850  ; 6.805  ; 7.537  ; 7.510  ;
; s[1]       ; f[55]       ; 7.180  ; 7.220  ; 7.905  ; 7.963  ;
; s[1]       ; f[56]       ; 4.977  ; 4.969  ; 5.595  ; 5.578  ;
; s[1]       ; f[57]       ; 5.784  ; 5.657  ; 6.460  ; 6.352  ;
; s[1]       ; f[58]       ; 5.234  ; 5.215  ; 5.845  ; 5.844  ;
; s[1]       ; f[59]       ; 6.215  ; 6.284  ; 7.058  ; 7.145  ;
; s[1]       ; f[60]       ; 5.728  ; 5.737  ; 6.529  ; 6.531  ;
; s[1]       ; f[61]       ; 5.999  ; 5.984  ; 6.773  ; 6.776  ;
; s[1]       ; f[62]       ; 5.932  ; 5.940  ; 6.719  ; 6.720  ;
; s[1]       ; f[63]       ; 6.431  ; 6.443  ; 7.277  ; 7.257  ;
; s[2]       ; f[0]        ; 5.273  ; 5.287  ; 6.063  ; 6.070  ;
; s[2]       ; f[1]        ; 5.412  ; 5.407  ; 6.191  ; 6.180  ;
; s[2]       ; f[2]        ; 6.205  ; 6.186  ; 6.956  ; 6.928  ;
; s[2]       ; f[3]        ; 6.267  ; 6.291  ; 7.079  ; 7.090  ;
; s[2]       ; f[4]        ; 6.663  ; 6.655  ; 7.419  ; 7.429  ;
; s[2]       ; f[5]        ; 6.992  ; 6.971  ; 7.708  ; 7.699  ;
; s[2]       ; f[6]        ; 7.174  ; 7.183  ; 7.884  ; 7.886  ;
; s[2]       ; f[7]        ; 7.893  ; 7.927  ; 8.631  ; 8.656  ;
; s[2]       ; f[8]        ; 7.870  ; 7.818  ; 8.495  ; 8.461  ;
; s[2]       ; f[9]        ; 8.031  ; 8.001  ; 8.609  ; 8.597  ;
; s[2]       ; f[10]       ; 8.017  ; 8.006  ; 8.615  ; 8.591  ;
; s[2]       ; f[11]       ; 9.975  ; 10.003 ; 10.788 ; 10.776 ;
; s[2]       ; f[12]       ; 6.680  ; 6.653  ; 7.416  ; 7.407  ;
; s[2]       ; f[13]       ; 7.132  ; 7.098  ; 7.869  ; 7.828  ;
; s[2]       ; f[14]       ; 7.644  ; 7.514  ; 8.369  ; 8.232  ;
; s[2]       ; f[15]       ; 7.750  ; 7.830  ; 8.574  ; 8.615  ;
; s[2]       ; f[16]       ; 8.538  ; 8.495  ; 9.626  ; 9.543  ;
; s[2]       ; f[17]       ; 8.447  ; 8.389  ; 9.595  ; 9.533  ;
; s[2]       ; f[18]       ; 8.720  ; 8.666  ; 9.774  ; 9.688  ;
; s[2]       ; f[19]       ; 10.004 ; 9.958  ; 11.279 ; 11.229 ;
; s[2]       ; f[20]       ; 7.326  ; 7.290  ; 8.266  ; 8.242  ;
; s[2]       ; f[21]       ; 7.225  ; 7.195  ; 8.129  ; 8.117  ;
; s[2]       ; f[22]       ; 7.807  ; 7.781  ; 8.684  ; 8.645  ;
; s[2]       ; f[23]       ; 8.612  ; 8.649  ; 9.570  ; 9.568  ;
; s[2]       ; f[24]       ; 8.843  ; 8.848  ; 9.551  ; 9.549  ;
; s[2]       ; f[25]       ; 9.084  ; 9.068  ; 9.765  ; 9.767  ;
; s[2]       ; f[26]       ; 10.089 ; 9.969  ; 10.769 ; 10.667 ;
; s[2]       ; f[27]       ; 10.832 ; 10.910 ; 11.697 ; 11.793 ;
; s[2]       ; f[28]       ; 7.293  ; 7.288  ; 8.241  ; 8.196  ;
; s[2]       ; f[29]       ; 7.612  ; 7.609  ; 8.511  ; 8.501  ;
; s[2]       ; f[30]       ; 8.628  ; 8.483  ; 9.531  ; 9.379  ;
; s[2]       ; f[31]       ; 7.845  ; 7.858  ; 8.762  ; 8.768  ;
; s[2]       ; f[32]       ; 7.331  ; 7.225  ; 8.180  ; 8.092  ;
; s[2]       ; f[33]       ; 7.029  ; 6.963  ; 7.973  ; 7.923  ;
; s[2]       ; f[34]       ; 7.464  ; 7.397  ; 8.290  ; 8.210  ;
; s[2]       ; f[35]       ; 7.810  ; 7.705  ; 8.609  ; 8.464  ;
; s[2]       ; f[36]       ; 5.951  ; 5.892  ; 6.665  ; 6.624  ;
; s[2]       ; f[37]       ; 6.366  ; 6.331  ; 7.140  ; 7.098  ;
; s[2]       ; f[38]       ; 6.809  ; 6.789  ; 7.539  ; 7.487  ;
; s[2]       ; f[39]       ; 7.452  ; 7.508  ; 8.244  ; 8.268  ;
; s[2]       ; f[40]       ; 7.689  ; 7.656  ; 8.361  ; 8.346  ;
; s[2]       ; f[41]       ; 8.006  ; 7.987  ; 8.653  ; 8.652  ;
; s[2]       ; f[42]       ; 8.057  ; 8.056  ; 8.702  ; 8.688  ;
; s[2]       ; f[43]       ; 8.202  ; 8.218  ; 8.903  ; 8.887  ;
; s[2]       ; f[44]       ; 6.912  ; 6.897  ; 7.532  ; 7.535  ;
; s[2]       ; f[45]       ; 7.251  ; 7.269  ; 7.859  ; 7.845  ;
; s[2]       ; f[46]       ; 7.197  ; 7.182  ; 7.790  ; 7.793  ;
; s[2]       ; f[47]       ; 7.575  ; 7.603  ; 8.232  ; 8.228  ;
; s[2]       ; f[48]       ; 7.988  ; 7.970  ; 8.611  ; 8.611  ;
; s[2]       ; f[49]       ; 8.051  ; 8.019  ; 8.812  ; 8.807  ;
; s[2]       ; f[50]       ; 8.161  ; 8.164  ; 8.773  ; 8.769  ;
; s[2]       ; f[51]       ; 8.750  ; 8.735  ; 9.298  ; 9.270  ;
; s[2]       ; f[52]       ; 6.960  ; 6.922  ; 7.817  ; 7.798  ;
; s[2]       ; f[53]       ; 7.337  ; 7.338  ; 8.186  ; 8.147  ;
; s[2]       ; f[54]       ; 7.435  ; 7.390  ; 8.239  ; 8.212  ;
; s[2]       ; f[55]       ; 7.765  ; 7.805  ; 8.607  ; 8.665  ;
; s[2]       ; f[56]       ; 7.301  ; 7.293  ; 8.068  ; 8.051  ;
; s[2]       ; f[57]       ; 8.020  ; 7.893  ; 8.843  ; 8.735  ;
; s[2]       ; f[58]       ; 7.526  ; 7.507  ; 8.263  ; 8.262  ;
; s[2]       ; f[59]       ; 8.467  ; 8.539  ; 9.310  ; 9.375  ;
; s[2]       ; f[60]       ; 6.468  ; 6.477  ; 7.365  ; 7.367  ;
; s[2]       ; f[61]       ; 6.739  ; 6.724  ; 7.609  ; 7.612  ;
; s[2]       ; f[62]       ; 6.672  ; 6.680  ; 7.555  ; 7.556  ;
; s[2]       ; f[63]       ; 7.171  ; 7.183  ; 8.113  ; 8.093  ;
; s[3]       ; f[0]        ; 4.168  ; 4.182  ; 4.383  ; 4.390  ;
; s[3]       ; f[1]        ; 4.307  ; 4.302  ; 4.511  ; 4.501  ;
; s[3]       ; f[2]        ; 5.101  ; 5.082  ; 5.277  ; 5.249  ;
; s[3]       ; f[3]        ; 5.163  ; 5.187  ; 5.400  ; 5.411  ;
; s[3]       ; f[4]        ; 5.430  ; 5.422  ; 5.627  ; 5.637  ;
; s[3]       ; f[5]        ; 5.759  ; 5.738  ; 5.916  ; 5.907  ;
; s[3]       ; f[6]        ; 5.941  ; 5.950  ; 6.092  ; 6.094  ;
; s[3]       ; f[7]        ; 6.660  ; 6.694  ; 6.839  ; 6.864  ;
; s[3]       ; f[8]        ; 6.964  ; 6.912  ; 7.029  ; 6.995  ;
; s[3]       ; f[9]        ; 7.125  ; 7.095  ; 7.143  ; 7.131  ;
; s[3]       ; f[10]       ; 7.111  ; 7.100  ; 7.149  ; 7.125  ;
; s[3]       ; f[11]       ; 9.069  ; 9.097  ; 9.322  ; 9.310  ;
; s[3]       ; f[12]       ; 5.447  ; 5.420  ; 5.624  ; 5.615  ;
; s[3]       ; f[13]       ; 5.899  ; 5.865  ; 6.077  ; 6.036  ;
; s[3]       ; f[14]       ; 6.411  ; 6.281  ; 6.577  ; 6.440  ;
; s[3]       ; f[15]       ; 6.517  ; 6.597  ; 6.782  ; 6.823  ;
; s[3]       ; f[16]       ; 7.526  ; 7.483  ; 8.040  ; 7.957  ;
; s[3]       ; f[17]       ; 7.435  ; 7.377  ; 8.009  ; 7.947  ;
; s[3]       ; f[18]       ; 7.708  ; 7.654  ; 8.188  ; 8.102  ;
; s[3]       ; f[19]       ; 8.992  ; 8.946  ; 9.693  ; 9.643  ;
; s[3]       ; f[20]       ; 6.327  ; 6.291  ; 6.853  ; 6.829  ;
; s[3]       ; f[21]       ; 6.226  ; 6.196  ; 6.716  ; 6.704  ;
; s[3]       ; f[22]       ; 6.808  ; 6.782  ; 7.271  ; 7.232  ;
; s[3]       ; f[23]       ; 7.613  ; 7.650  ; 8.157  ; 8.155  ;
; s[3]       ; f[24]       ; 7.844  ; 7.849  ; 8.138  ; 8.136  ;
; s[3]       ; f[25]       ; 8.085  ; 8.069  ; 8.352  ; 8.354  ;
; s[3]       ; f[26]       ; 9.090  ; 8.970  ; 9.356  ; 9.254  ;
; s[3]       ; f[27]       ; 9.833  ; 9.911  ; 10.284 ; 10.380 ;
; s[3]       ; f[28]       ; 6.294  ; 6.289  ; 6.828  ; 6.783  ;
; s[3]       ; f[29]       ; 6.613  ; 6.610  ; 7.098  ; 7.088  ;
; s[3]       ; f[30]       ; 7.629  ; 7.484  ; 8.118  ; 7.966  ;
; s[3]       ; f[31]       ; 6.846  ; 6.859  ; 7.349  ; 7.355  ;
; s[3]       ; f[32]       ; 6.518  ; 6.412  ; 6.966  ; 6.878  ;
; s[3]       ; f[33]       ; 6.216  ; 6.150  ; 6.773  ; 6.723  ;
; s[3]       ; f[34]       ; 6.651  ; 6.584  ; 7.076  ; 6.996  ;
; s[3]       ; f[35]       ; 6.997  ; 6.892  ; 7.395  ; 7.250  ;
; s[3]       ; f[36]       ; 5.293  ; 5.234  ; 5.708  ; 5.667  ;
; s[3]       ; f[37]       ; 5.708  ; 5.673  ; 6.183  ; 6.141  ;
; s[3]       ; f[38]       ; 6.151  ; 6.131  ; 6.582  ; 6.530  ;
; s[3]       ; f[39]       ; 6.794  ; 6.850  ; 7.287  ; 7.311  ;
; s[3]       ; f[40]       ; 7.031  ; 6.998  ; 7.404  ; 7.389  ;
; s[3]       ; f[41]       ; 7.348  ; 7.329  ; 7.696  ; 7.695  ;
; s[3]       ; f[42]       ; 7.399  ; 7.398  ; 7.745  ; 7.731  ;
; s[3]       ; f[43]       ; 7.544  ; 7.560  ; 7.946  ; 7.930  ;
; s[3]       ; f[44]       ; 5.421  ; 5.406  ; 5.620  ; 5.623  ;
; s[3]       ; f[45]       ; 5.760  ; 5.778  ; 5.947  ; 5.933  ;
; s[3]       ; f[46]       ; 5.706  ; 5.691  ; 5.878  ; 5.881  ;
; s[3]       ; f[47]       ; 6.084  ; 6.112  ; 6.320  ; 6.316  ;
; s[3]       ; f[48]       ; 6.899  ; 6.881  ; 7.095  ; 7.095  ;
; s[3]       ; f[49]       ; 6.962  ; 6.930  ; 7.241  ; 7.236  ;
; s[3]       ; f[50]       ; 7.072  ; 7.075  ; 7.257  ; 7.253  ;
; s[3]       ; f[51]       ; 7.661  ; 7.646  ; 7.782  ; 7.754  ;
; s[3]       ; f[52]       ; 5.736  ; 5.698  ; 6.157  ; 6.138  ;
; s[3]       ; f[53]       ; 6.113  ; 6.114  ; 6.526  ; 6.487  ;
; s[3]       ; f[54]       ; 6.211  ; 6.166  ; 6.579  ; 6.552  ;
; s[3]       ; f[55]       ; 6.541  ; 6.581  ; 6.947  ; 7.005  ;
; s[3]       ; f[56]       ; 6.212  ; 6.204  ; 6.552  ; 6.535  ;
; s[3]       ; f[57]       ; 6.931  ; 6.804  ; 7.327  ; 7.219  ;
; s[3]       ; f[58]       ; 6.437  ; 6.418  ; 6.747  ; 6.746  ;
; s[3]       ; f[59]       ; 7.378  ; 7.450  ; 7.794  ; 7.859  ;
; s[3]       ; f[60]       ; 5.379  ; 5.388  ; 5.849  ; 5.851  ;
; s[3]       ; f[61]       ; 5.650  ; 5.635  ; 6.093  ; 6.096  ;
; s[3]       ; f[62]       ; 5.583  ; 5.591  ; 6.039  ; 6.040  ;
; s[3]       ; f[63]       ; 6.082  ; 6.094  ; 6.597  ; 6.577  ;
+------------+-------------+--------+--------+--------+--------+


+--------------------------------------------------------------+
; Minimum Propagation Delay                                    ;
+------------+-------------+--------+--------+--------+--------+
; Input Port ; Output Port ; RR     ; RF     ; FR     ; FF     ;
+------------+-------------+--------+--------+--------+--------+
; M          ; f[0]        ; 5.021  ; 5.043  ; 5.825  ; 5.843  ;
; M          ; f[1]        ; 5.162  ; 5.157  ; 5.947  ; 5.935  ;
; M          ; f[2]        ; 5.435  ; 5.429  ; 6.208  ; 6.184  ;
; M          ; f[3]        ; 5.170  ; 5.190  ; 5.980  ; 5.983  ;
; M          ; f[4]        ; 5.023  ; 5.015  ; 5.739  ; 5.772  ;
; M          ; f[5]        ; 5.168  ; 5.161  ; 5.876  ; 5.858  ;
; M          ; f[6]        ; 5.220  ; 5.230  ; 5.898  ; 5.901  ;
; M          ; f[7]        ; 5.264  ; 5.293  ; 6.021  ; 6.032  ;
; M          ; f[8]        ; 6.312  ; 6.262  ; 6.815  ; 6.785  ;
; M          ; f[9]        ; 4.961  ; 4.932  ; 5.659  ; 5.650  ;
; M          ; f[10]       ; 5.336  ; 5.334  ; 6.027  ; 6.008  ;
; M          ; f[11]       ; 6.556  ; 6.576  ; 7.492  ; 7.511  ;
; M          ; f[12]       ; 5.395  ; 5.369  ; 6.004  ; 5.998  ;
; M          ; f[13]       ; 5.031  ; 4.999  ; 5.687  ; 5.648  ;
; M          ; f[14]       ; 5.797  ; 5.667  ; 6.435  ; 6.298  ;
; M          ; f[15]       ; 5.480  ; 5.549  ; 6.246  ; 6.299  ;
; M          ; f[16]       ; 5.532  ; 5.460  ; 6.229  ; 6.156  ;
; M          ; f[17]       ; 5.307  ; 5.265  ; 6.057  ; 5.995  ;
; M          ; f[18]       ; 5.686  ; 5.628  ; 6.365  ; 6.291  ;
; M          ; f[19]       ; 6.375  ; 6.328  ; 7.311  ; 7.308  ;
; M          ; f[20]       ; 4.971  ; 4.919  ; 5.678  ; 5.661  ;
; M          ; f[21]       ; 4.930  ; 4.912  ; 5.624  ; 5.602  ;
; M          ; f[22]       ; 5.486  ; 5.468  ; 6.184  ; 6.149  ;
; M          ; f[23]       ; 5.681  ; 5.709  ; 6.487  ; 6.499  ;
; M          ; f[24]       ; 6.722  ; 6.727  ; 7.172  ; 7.170  ;
; M          ; f[25]       ; 4.454  ; 4.439  ; 5.057  ; 5.062  ;
; M          ; f[26]       ; 5.695  ; 5.574  ; 6.271  ; 6.170  ;
; M          ; f[27]       ; 5.958  ; 6.031  ; 6.764  ; 6.857  ;
; M          ; f[28]       ; 5.211  ; 5.176  ; 5.870  ; 5.834  ;
; M          ; f[29]       ; 4.881  ; 4.878  ; 5.538  ; 5.528  ;
; M          ; f[30]       ; 5.951  ; 5.807  ; 6.593  ; 6.442  ;
; M          ; f[31]       ; 4.824  ; 4.836  ; 5.524  ; 5.529  ;
; M          ; f[32]       ; 5.958  ; 5.856  ; 6.665  ; 6.583  ;
; M          ; f[33]       ; 4.986  ; 4.939  ; 5.720  ; 5.680  ;
; M          ; f[34]       ; 5.829  ; 5.773  ; 6.527  ; 6.454  ;
; M          ; f[35]       ; 5.708  ; 5.575  ; 6.410  ; 6.276  ;
; M          ; f[36]       ; 4.588  ; 4.532  ; 5.237  ; 5.228  ;
; M          ; f[37]       ; 4.690  ; 4.657  ; 5.347  ; 5.307  ;
; M          ; f[38]       ; 5.068  ; 5.042  ; 5.681  ; 5.639  ;
; M          ; f[39]       ; 5.130  ; 5.175  ; 5.875  ; 5.918  ;
; M          ; f[40]       ; 5.639  ; 5.606  ; 6.141  ; 6.128  ;
; M          ; f[41]       ; 4.737  ; 4.718  ; 5.357  ; 5.358  ;
; M          ; f[42]       ; 4.933  ; 4.940  ; 5.536  ; 5.526  ;
; M          ; f[43]       ; 4.630  ; 4.637  ; 5.323  ; 5.328  ;
; M          ; f[44]       ; 5.778  ; 5.763  ; 6.244  ; 6.249  ;
; M          ; f[45]       ; 4.714  ; 4.724  ; 5.398  ; 5.392  ;
; M          ; f[46]       ; 4.980  ; 4.965  ; 5.630  ; 5.635  ;
; M          ; f[47]       ; 4.925  ; 4.944  ; 5.691  ; 5.708  ;
; M          ; f[48]       ; 6.057  ; 6.040  ; 6.504  ; 6.507  ;
; M          ; f[49]       ; 4.868  ; 4.845  ; 5.604  ; 5.592  ;
; M          ; f[50]       ; 5.226  ; 5.229  ; 5.921  ; 5.917  ;
; M          ; f[51]       ; 5.181  ; 5.174  ; 5.911  ; 5.887  ;
; M          ; f[52]       ; 4.663  ; 4.642  ; 5.368  ; 5.354  ;
; M          ; f[53]       ; 5.069  ; 5.030  ; 5.760  ; 5.741  ;
; M          ; f[54]       ; 5.248  ; 5.205  ; 5.913  ; 5.890  ;
; M          ; f[55]       ; 5.281  ; 5.317  ; 6.039  ; 6.095  ;
; M          ; f[56]       ; 5.341  ; 5.344  ; 6.105  ; 6.090  ;
; M          ; f[57]       ; 5.607  ; 5.500  ; 6.372  ; 6.272  ;
; M          ; f[58]       ; 5.506  ; 5.488  ; 6.225  ; 6.227  ;
; M          ; f[59]       ; 5.953  ; 6.023  ; 6.827  ; 6.890  ;
; M          ; f[60]       ; 5.164  ; 5.173  ; 5.948  ; 5.950  ;
; M          ; f[61]       ; 5.252  ; 5.238  ; 6.023  ; 6.029  ;
; M          ; f[62]       ; 5.361  ; 5.369  ; 6.131  ; 6.132  ;
; M          ; f[63]       ; 5.455  ; 5.460  ; 6.322  ; 6.325  ;
; a[0]       ; f[0]        ; 3.602  ; 3.616  ; 3.870  ; 3.877  ;
; a[0]       ; f[1]        ; 3.735  ; 3.730  ; 3.991  ; 3.979  ;
; a[0]       ; f[2]        ; 4.283  ; 4.277  ; 4.511  ; 4.487  ;
; a[0]       ; f[3]        ; 4.355  ; 4.375  ; 4.623  ; 4.626  ;
; a[1]       ; f[1]        ; 4.446  ; 4.439  ; 5.124  ; 5.097  ;
; a[1]       ; f[2]        ; 4.874  ; 4.868  ; 5.513  ; 5.489  ;
; a[1]       ; f[3]        ; 4.946  ; 4.966  ; 5.625  ; 5.628  ;
; a[2]       ; f[2]        ; 4.257  ; 4.240  ; 4.842  ; 4.832  ;
; a[2]       ; f[3]        ; 4.492  ; 4.512  ; 5.125  ; 5.128  ;
; a[3]       ; f[3]        ; 4.201  ; 4.214  ; 4.803  ; 4.809  ;
; a[3]       ; f[4]        ; 5.554  ; 5.545  ; 6.140  ; 6.151  ;
; a[3]       ; f[5]        ; 5.826  ; 5.820  ; 6.393  ; 6.376  ;
; a[3]       ; f[6]        ; 6.011  ; 6.021  ; 6.559  ; 6.562  ;
; a[3]       ; f[7]        ; 6.626  ; 6.655  ; 7.204  ; 7.215  ;
; a[3]       ; f[8]        ; 6.643  ; 6.593  ; 7.090  ; 7.060  ;
; a[3]       ; f[9]        ; 6.768  ; 6.739  ; 7.190  ; 7.181  ;
; a[3]       ; f[10]       ; 6.736  ; 6.734  ; 7.169  ; 7.150  ;
; a[3]       ; f[11]       ; 8.615  ; 8.635  ; 9.233  ; 9.252  ;
; a[3]       ; f[12]       ; 5.566  ; 5.540  ; 6.133  ; 6.127  ;
; a[3]       ; f[13]       ; 5.980  ; 5.948  ; 6.549  ; 6.510  ;
; a[3]       ; f[14]       ; 6.532  ; 6.402  ; 7.089  ; 6.952  ;
; a[3]       ; f[15]       ; 6.556  ; 6.625  ; 7.195  ; 7.248  ;
; a[3]       ; f[16]       ; 7.332  ; 7.260  ; 8.216  ; 8.143  ;
; a[3]       ; f[17]       ; 7.246  ; 7.188  ; 8.182  ; 8.167  ;
; a[3]       ; f[18]       ; 7.486  ; 7.428  ; 8.352  ; 8.278  ;
; a[3]       ; f[19]       ; 8.713  ; 8.666  ; 9.768  ; 9.765  ;
; a[3]       ; f[32]       ; 6.918  ; 6.816  ; 7.420  ; 7.338  ;
; a[3]       ; f[33]       ; 6.498  ; 6.442  ; 7.061  ; 7.032  ;
; a[3]       ; f[34]       ; 6.997  ; 6.941  ; 7.490  ; 7.417  ;
; a[3]       ; f[35]       ; 7.308  ; 7.175  ; 7.759  ; 7.625  ;
; a[3]       ; f[48]       ; 6.648  ; 6.631  ; 7.128  ; 7.131  ;
; a[3]       ; f[49]       ; 6.532  ; 6.512  ; 7.449  ; 7.439  ;
; a[3]       ; f[50]       ; 6.816  ; 6.819  ; 7.286  ; 7.282  ;
; a[3]       ; f[51]       ; 7.290  ; 7.283  ; 7.726  ; 7.702  ;
; a[4]       ; f[4]        ; 4.224  ; 4.230  ; 4.813  ; 4.826  ;
; a[4]       ; f[5]        ; 4.488  ; 4.481  ; 5.048  ; 5.030  ;
; a[4]       ; f[6]        ; 4.681  ; 4.691  ; 5.234  ; 5.237  ;
; a[4]       ; f[7]        ; 5.296  ; 5.325  ; 5.879  ; 5.890  ;
; a[5]       ; f[5]        ; 4.104  ; 4.087  ; 4.671  ; 4.661  ;
; a[5]       ; f[6]        ; 4.291  ; 4.301  ; 4.854  ; 4.857  ;
; a[5]       ; f[7]        ; 4.906  ; 4.935  ; 5.499  ; 5.510  ;
; a[6]       ; f[6]        ; 4.153  ; 4.149  ; 4.719  ; 4.732  ;
; a[6]       ; f[7]        ; 4.653  ; 4.682  ; 5.273  ; 5.284  ;
; a[7]       ; f[4]        ; 5.432  ; 5.423  ; 6.005  ; 6.016  ;
; a[7]       ; f[5]        ; 5.704  ; 5.698  ; 6.258  ; 6.241  ;
; a[7]       ; f[6]        ; 5.889  ; 5.899  ; 6.424  ; 6.427  ;
; a[7]       ; f[7]        ; 4.553  ; 4.575  ; 5.148  ; 5.163  ;
; a[7]       ; f[8]        ; 6.819  ; 6.769  ; 7.318  ; 7.288  ;
; a[7]       ; f[9]        ; 6.944  ; 6.915  ; 7.418  ; 7.409  ;
; a[7]       ; f[10]       ; 6.912  ; 6.910  ; 7.397  ; 7.378  ;
; a[7]       ; f[11]       ; 8.791  ; 8.811  ; 9.461  ; 9.480  ;
; a[7]       ; f[12]       ; 5.650  ; 5.624  ; 6.204  ; 6.198  ;
; a[7]       ; f[13]       ; 6.064  ; 6.032  ; 6.620  ; 6.581  ;
; a[7]       ; f[14]       ; 6.616  ; 6.486  ; 7.160  ; 7.023  ;
; a[7]       ; f[15]       ; 6.640  ; 6.709  ; 7.266  ; 7.319  ;
; a[7]       ; f[16]       ; 7.335  ; 7.263  ; 8.223  ; 8.150  ;
; a[7]       ; f[17]       ; 7.249  ; 7.191  ; 8.189  ; 8.174  ;
; a[7]       ; f[18]       ; 7.489  ; 7.431  ; 8.359  ; 8.285  ;
; a[7]       ; f[19]       ; 8.716  ; 8.669  ; 9.775  ; 9.772  ;
; a[7]       ; f[32]       ; 6.945  ; 6.843  ; 7.435  ; 7.353  ;
; a[7]       ; f[33]       ; 6.525  ; 6.469  ; 7.076  ; 7.047  ;
; a[7]       ; f[34]       ; 7.024  ; 6.968  ; 7.505  ; 7.432  ;
; a[7]       ; f[35]       ; 7.335  ; 7.202  ; 7.774  ; 7.640  ;
; a[7]       ; f[48]       ; 6.628  ; 6.611  ; 7.109  ; 7.112  ;
; a[7]       ; f[49]       ; 6.535  ; 6.515  ; 7.456  ; 7.446  ;
; a[7]       ; f[50]       ; 6.796  ; 6.799  ; 7.267  ; 7.263  ;
; a[7]       ; f[51]       ; 7.270  ; 7.263  ; 7.707  ; 7.683  ;
; a[8]       ; f[8]        ; 4.431  ; 4.389  ; 5.025  ; 4.999  ;
; a[8]       ; f[9]        ; 4.398  ; 4.369  ; 4.966  ; 4.957  ;
; a[8]       ; f[10]       ; 4.423  ; 4.421  ; 5.001  ; 4.982  ;
; a[8]       ; f[11]       ; 6.302  ; 6.322  ; 7.065  ; 7.084  ;
; a[9]       ; f[9]        ; 4.115  ; 4.101  ; 4.692  ; 4.685  ;
; a[9]       ; f[10]       ; 4.504  ; 4.502  ; 5.077  ; 5.058  ;
; a[9]       ; f[11]       ; 6.383  ; 6.403  ; 7.141  ; 7.160  ;
; a[10]      ; f[10]       ; 4.071  ; 4.059  ; 4.656  ; 4.651  ;
; a[10]      ; f[11]       ; 5.917  ; 5.937  ; 6.700  ; 6.719  ;
; a[11]      ; f[4]        ; 5.491  ; 5.482  ; 6.084  ; 6.095  ;
; a[11]      ; f[5]        ; 5.763  ; 5.757  ; 6.337  ; 6.320  ;
; a[11]      ; f[6]        ; 5.948  ; 5.958  ; 6.503  ; 6.506  ;
; a[11]      ; f[7]        ; 6.563  ; 6.592  ; 7.148  ; 7.159  ;
; a[11]      ; f[8]        ; 6.643  ; 6.593  ; 7.146  ; 7.116  ;
; a[11]      ; f[9]        ; 6.768  ; 6.739  ; 7.246  ; 7.237  ;
; a[11]      ; f[10]       ; 6.736  ; 6.734  ; 7.225  ; 7.206  ;
; a[11]      ; f[11]       ; 4.898  ; 4.916  ; 5.573  ; 5.578  ;
; a[11]      ; f[12]       ; 5.579  ; 5.553  ; 6.144  ; 6.138  ;
; a[11]      ; f[13]       ; 5.993  ; 5.961  ; 6.560  ; 6.521  ;
; a[11]      ; f[14]       ; 6.545  ; 6.415  ; 7.100  ; 6.963  ;
; a[11]      ; f[15]       ; 6.569  ; 6.638  ; 7.206  ; 7.259  ;
; a[11]      ; f[16]       ; 7.159  ; 7.087  ; 8.051  ; 7.978  ;
; a[11]      ; f[17]       ; 7.073  ; 7.015  ; 8.017  ; 8.002  ;
; a[11]      ; f[18]       ; 7.313  ; 7.255  ; 8.187  ; 8.113  ;
; a[11]      ; f[19]       ; 8.540  ; 8.493  ; 9.603  ; 9.600  ;
; a[11]      ; f[32]       ; 6.863  ; 6.761  ; 7.355  ; 7.273  ;
; a[11]      ; f[33]       ; 6.443  ; 6.387  ; 6.996  ; 6.967  ;
; a[11]      ; f[34]       ; 6.942  ; 6.886  ; 7.425  ; 7.352  ;
; a[11]      ; f[35]       ; 7.253  ; 7.120  ; 7.694  ; 7.560  ;
; a[11]      ; f[48]       ; 6.455  ; 6.438  ; 6.925  ; 6.928  ;
; a[11]      ; f[49]       ; 6.359  ; 6.339  ; 7.284  ; 7.274  ;
; a[11]      ; f[50]       ; 6.623  ; 6.626  ; 7.083  ; 7.079  ;
; a[11]      ; f[51]       ; 7.097  ; 7.090  ; 7.523  ; 7.499  ;
; a[12]      ; f[12]       ; 4.320  ; 4.309  ; 4.912  ; 4.908  ;
; a[12]      ; f[13]       ; 4.689  ; 4.657  ; 5.276  ; 5.237  ;
; a[12]      ; f[14]       ; 5.452  ; 5.322  ; 6.022  ; 5.885  ;
; a[12]      ; f[15]       ; 5.476  ; 5.545  ; 6.128  ; 6.181  ;
; a[13]      ; f[13]       ; 4.415  ; 4.381  ; 4.991  ; 4.937  ;
; a[13]      ; f[14]       ; 5.249  ; 5.119  ; 5.817  ; 5.680  ;
; a[13]      ; f[15]       ; 5.273  ; 5.342  ; 5.923  ; 5.976  ;
; a[14]      ; f[14]       ; 5.190  ; 5.046  ; 5.784  ; 5.658  ;
; a[14]      ; f[15]       ; 5.198  ; 5.267  ; 5.905  ; 5.958  ;
; a[15]      ; f[4]        ; 5.347  ; 5.338  ; 5.893  ; 5.904  ;
; a[15]      ; f[5]        ; 5.619  ; 5.613  ; 6.146  ; 6.129  ;
; a[15]      ; f[6]        ; 5.804  ; 5.814  ; 6.312  ; 6.315  ;
; a[15]      ; f[7]        ; 6.419  ; 6.448  ; 6.957  ; 6.968  ;
; a[15]      ; f[8]        ; 6.343  ; 6.293  ; 6.784  ; 6.754  ;
; a[15]      ; f[9]        ; 6.468  ; 6.439  ; 6.884  ; 6.875  ;
; a[15]      ; f[10]       ; 6.436  ; 6.434  ; 6.863  ; 6.844  ;
; a[15]      ; f[11]       ; 8.315  ; 8.335  ; 8.927  ; 8.946  ;
; a[15]      ; f[15]       ; 4.793  ; 4.850  ; 5.415  ; 5.492  ;
; a[15]      ; f[16]       ; 7.114  ; 7.042  ; 7.966  ; 7.893  ;
; a[15]      ; f[17]       ; 7.028  ; 6.970  ; 7.932  ; 7.917  ;
; a[15]      ; f[18]       ; 7.268  ; 7.210  ; 8.102  ; 8.028  ;
; a[15]      ; f[19]       ; 8.495  ; 8.448  ; 9.518  ; 9.515  ;
; a[15]      ; f[32]       ; 6.710  ; 6.608  ; 7.182  ; 7.100  ;
; a[15]      ; f[33]       ; 6.290  ; 6.234  ; 6.823  ; 6.794  ;
; a[15]      ; f[34]       ; 6.789  ; 6.733  ; 7.252  ; 7.179  ;
; a[15]      ; f[35]       ; 7.100  ; 6.967  ; 7.521  ; 7.387  ;
; a[15]      ; f[48]       ; 6.430  ; 6.413  ; 6.878  ; 6.881  ;
; a[15]      ; f[49]       ; 6.314  ; 6.294  ; 7.199  ; 7.189  ;
; a[15]      ; f[50]       ; 6.598  ; 6.601  ; 7.036  ; 7.032  ;
; a[15]      ; f[51]       ; 7.072  ; 7.065  ; 7.476  ; 7.452  ;
; a[16]      ; f[16]       ; 4.838  ; 4.773  ; 5.449  ; 5.391  ;
; a[16]      ; f[17]       ; 5.100  ; 5.042  ; 5.718  ; 5.703  ;
; a[16]      ; f[18]       ; 4.973  ; 4.915  ; 5.563  ; 5.489  ;
; a[16]      ; f[19]       ; 6.200  ; 6.153  ; 6.979  ; 6.976  ;
; a[17]      ; f[17]       ; 4.711  ; 4.664  ; 5.323  ; 5.283  ;
; a[17]      ; f[18]       ; 5.160  ; 5.102  ; 5.797  ; 5.723  ;
; a[17]      ; f[19]       ; 6.387  ; 6.340  ; 7.213  ; 7.210  ;
; a[18]      ; f[18]       ; 4.706  ; 4.642  ; 5.336  ; 5.252  ;
; a[18]      ; f[19]       ; 5.849  ; 5.802  ; 6.661  ; 6.658  ;
; a[19]      ; f[16]       ; 8.118  ; 8.046  ; 9.071  ; 8.998  ;
; a[19]      ; f[17]       ; 8.032  ; 7.974  ; 9.037  ; 9.022  ;
; a[19]      ; f[18]       ; 8.272  ; 8.214  ; 9.207  ; 9.133  ;
; a[19]      ; f[19]       ; 4.428  ; 4.392  ; 5.038  ; 5.009  ;
; a[19]      ; f[20]       ; 6.721  ; 6.701  ; 7.590  ; 7.559  ;
; a[19]      ; f[21]       ; 6.649  ; 6.620  ; 7.467  ; 7.458  ;
; a[19]      ; f[22]       ; 7.161  ; 7.143  ; 7.965  ; 7.930  ;
; a[19]      ; f[23]       ; 7.910  ; 7.938  ; 8.773  ; 8.785  ;
; a[19]      ; f[24]       ; 8.205  ; 8.210  ; 8.836  ; 8.834  ;
; a[19]      ; f[25]       ; 8.438  ; 8.423  ; 9.039  ; 9.044  ;
; a[19]      ; f[26]       ; 9.444  ; 9.323  ; 10.043 ; 9.942  ;
; a[19]      ; f[27]       ; 10.118 ; 10.191 ; 10.896 ; 10.989 ;
; a[19]      ; f[28]       ; 6.697  ; 6.662  ; 7.535  ; 7.499  ;
; a[19]      ; f[29]       ; 7.003  ; 7.000  ; 7.838  ; 7.828  ;
; a[19]      ; f[30]       ; 8.044  ; 7.900  ; 8.862  ; 8.711  ;
; a[19]      ; f[31]       ; 7.256  ; 7.268  ; 8.087  ; 8.092  ;
; a[19]      ; f[48]       ; 7.434  ; 7.417  ; 7.983  ; 7.986  ;
; a[19]      ; f[49]       ; 7.318  ; 7.298  ; 8.304  ; 8.294  ;
; a[19]      ; f[50]       ; 7.602  ; 7.605  ; 8.141  ; 8.137  ;
; a[19]      ; f[51]       ; 8.076  ; 8.069  ; 8.581  ; 8.557  ;
; a[20]      ; f[20]       ; 4.442  ; 4.411  ; 5.013  ; 4.989  ;
; a[20]      ; f[21]       ; 4.777  ; 4.748  ; 5.291  ; 5.282  ;
; a[20]      ; f[22]       ; 5.235  ; 5.217  ; 5.789  ; 5.754  ;
; a[20]      ; f[23]       ; 5.984  ; 6.012  ; 6.597  ; 6.609  ;
; a[21]      ; f[21]       ; 4.045  ; 4.031  ; 4.645  ; 4.638  ;
; a[21]      ; f[22]       ; 4.512  ; 4.494  ; 5.090  ; 5.055  ;
; a[21]      ; f[23]       ; 5.261  ; 5.289  ; 5.898  ; 5.910  ;
; a[22]      ; f[22]       ; 4.292  ; 4.264  ; 4.878  ; 4.857  ;
; a[22]      ; f[23]       ; 5.037  ; 5.065  ; 5.692  ; 5.704  ;
; a[23]      ; f[16]       ; 6.932  ; 6.860  ; 7.763  ; 7.690  ;
; a[23]      ; f[17]       ; 6.846  ; 6.788  ; 7.729  ; 7.714  ;
; a[23]      ; f[18]       ; 7.086  ; 7.028  ; 7.899  ; 7.825  ;
; a[23]      ; f[19]       ; 8.313  ; 8.266  ; 9.315  ; 9.312  ;
; a[23]      ; f[20]       ; 4.961  ; 4.941  ; 5.555  ; 5.524  ;
; a[23]      ; f[21]       ; 5.108  ; 5.079  ; 5.675  ; 5.666  ;
; a[23]      ; f[22]       ; 5.620  ; 5.602  ; 6.173  ; 6.138  ;
; a[23]      ; f[23]       ; 4.595  ; 4.611  ; 5.185  ; 5.221  ;
; a[23]      ; f[24]       ; 6.645  ; 6.650  ; 7.023  ; 7.021  ;
; a[23]      ; f[25]       ; 6.878  ; 6.863  ; 7.226  ; 7.231  ;
; a[23]      ; f[26]       ; 7.884  ; 7.763  ; 8.230  ; 8.129  ;
; a[23]      ; f[27]       ; 8.558  ; 8.631  ; 9.083  ; 9.176  ;
; a[23]      ; f[28]       ; 5.060  ; 5.025  ; 5.630  ; 5.594  ;
; a[23]      ; f[29]       ; 5.366  ; 5.363  ; 5.933  ; 5.923  ;
; a[23]      ; f[30]       ; 6.407  ; 6.263  ; 6.957  ; 6.806  ;
; a[23]      ; f[31]       ; 5.619  ; 5.631  ; 6.182  ; 6.187  ;
; a[23]      ; f[48]       ; 6.486  ; 6.469  ; 6.937  ; 6.940  ;
; a[23]      ; f[49]       ; 6.132  ; 6.112  ; 6.996  ; 6.986  ;
; a[23]      ; f[50]       ; 6.654  ; 6.657  ; 7.095  ; 7.091  ;
; a[23]      ; f[51]       ; 7.128  ; 7.121  ; 7.535  ; 7.511  ;
; a[24]      ; f[24]       ; 4.180  ; 4.171  ; 4.756  ; 4.764  ;
; a[24]      ; f[25]       ; 4.425  ; 4.410  ; 4.995  ; 5.000  ;
; a[24]      ; f[26]       ; 5.480  ; 5.359  ; 6.066  ; 5.965  ;
; a[24]      ; f[27]       ; 6.154  ; 6.227  ; 6.919  ; 7.012  ;
; a[25]      ; f[25]       ; 4.123  ; 4.121  ; 4.701  ; 4.708  ;
; a[25]      ; f[26]       ; 5.366  ; 5.245  ; 5.921  ; 5.820  ;
; a[25]      ; f[27]       ; 6.040  ; 6.113  ; 6.774  ; 6.867  ;
; a[26]      ; f[26]       ; 5.167  ; 5.056  ; 5.756  ; 5.661  ;
; a[26]      ; f[27]       ; 5.846  ; 5.919  ; 6.601  ; 6.694  ;
; a[27]      ; f[16]       ; 6.857  ; 6.785  ; 7.655  ; 7.582  ;
; a[27]      ; f[17]       ; 6.771  ; 6.713  ; 7.621  ; 7.606  ;
; a[27]      ; f[18]       ; 7.011  ; 6.953  ; 7.791  ; 7.717  ;
; a[27]      ; f[19]       ; 8.238  ; 8.191  ; 9.207  ; 9.204  ;
; a[27]      ; f[20]       ; 4.947  ; 4.927  ; 5.534  ; 5.503  ;
; a[27]      ; f[21]       ; 5.139  ; 5.110  ; 5.698  ; 5.689  ;
; a[27]      ; f[22]       ; 5.651  ; 5.633  ; 6.196  ; 6.161  ;
; a[27]      ; f[23]       ; 6.400  ; 6.428  ; 7.004  ; 7.016  ;
; a[27]      ; f[24]       ; 6.676  ; 6.681  ; 7.046  ; 7.044  ;
; a[27]      ; f[25]       ; 6.909  ; 6.894  ; 7.249  ; 7.254  ;
; a[27]      ; f[26]       ; 7.915  ; 7.794  ; 8.253  ; 8.152  ;
; a[27]      ; f[27]       ; 4.599  ; 4.677  ; 5.189  ; 5.260  ;
; a[27]      ; f[28]       ; 4.861  ; 4.826  ; 5.399  ; 5.363  ;
; a[27]      ; f[29]       ; 5.167  ; 5.164  ; 5.702  ; 5.692  ;
; a[27]      ; f[30]       ; 6.208  ; 6.064  ; 6.726  ; 6.575  ;
; a[27]      ; f[31]       ; 5.420  ; 5.432  ; 5.951  ; 5.956  ;
; a[27]      ; f[48]       ; 6.411  ; 6.394  ; 6.830  ; 6.833  ;
; a[27]      ; f[49]       ; 6.057  ; 6.037  ; 6.888  ; 6.878  ;
; a[27]      ; f[50]       ; 6.579  ; 6.582  ; 6.988  ; 6.984  ;
; a[27]      ; f[51]       ; 7.053  ; 7.046  ; 7.428  ; 7.404  ;
; a[28]      ; f[28]       ; 4.237  ; 4.209  ; 4.821  ; 4.800  ;
; a[28]      ; f[29]       ; 4.538  ; 4.535  ; 5.116  ; 5.106  ;
; a[28]      ; f[30]       ; 5.596  ; 5.452  ; 6.176  ; 6.025  ;
; a[28]      ; f[31]       ; 4.808  ; 4.820  ; 5.401  ; 5.406  ;
; a[29]      ; f[29]       ; 4.486  ; 4.481  ; 5.097  ; 5.072  ;
; a[29]      ; f[30]       ; 5.563  ; 5.419  ; 6.147  ; 5.996  ;
; a[29]      ; f[31]       ; 4.775  ; 4.787  ; 5.372  ; 5.377  ;
; a[30]      ; f[30]       ; 5.403  ; 5.257  ; 6.015  ; 5.849  ;
; a[30]      ; f[31]       ; 4.655  ; 4.667  ; 5.303  ; 5.308  ;
; a[31]      ; f[16]       ; 6.973  ; 6.901  ; 7.806  ; 7.733  ;
; a[31]      ; f[17]       ; 6.887  ; 6.829  ; 7.772  ; 7.757  ;
; a[31]      ; f[18]       ; 7.127  ; 7.069  ; 7.942  ; 7.868  ;
; a[31]      ; f[19]       ; 8.354  ; 8.307  ; 9.358  ; 9.355  ;
; a[31]      ; f[20]       ; 4.692  ; 4.672  ; 5.245  ; 5.214  ;
; a[31]      ; f[21]       ; 4.905  ; 4.876  ; 5.437  ; 5.428  ;
; a[31]      ; f[22]       ; 5.417  ; 5.399  ; 5.935  ; 5.900  ;
; a[31]      ; f[23]       ; 6.166  ; 6.194  ; 6.743  ; 6.755  ;
; a[31]      ; f[24]       ; 6.172  ; 6.177  ; 6.485  ; 6.483  ;
; a[31]      ; f[25]       ; 6.405  ; 6.390  ; 6.688  ; 6.693  ;
; a[31]      ; f[26]       ; 7.411  ; 7.290  ; 7.692  ; 7.591  ;
; a[31]      ; f[27]       ; 8.085  ; 8.158  ; 8.545  ; 8.638  ;
; a[31]      ; f[31]       ; 4.519  ; 4.539  ; 5.123  ; 5.142  ;
; a[31]      ; f[48]       ; 6.289  ; 6.272  ; 6.718  ; 6.721  ;
; a[31]      ; f[49]       ; 6.173  ; 6.153  ; 7.039  ; 7.029  ;
; a[31]      ; f[50]       ; 6.457  ; 6.460  ; 6.876  ; 6.872  ;
; a[31]      ; f[51]       ; 6.931  ; 6.924  ; 7.316  ; 7.292  ;
; a[32]      ; f[32]       ; 5.102  ; 5.008  ; 5.702  ; 5.626  ;
; a[32]      ; f[33]       ; 4.973  ; 4.917  ; 5.608  ; 5.579  ;
; a[32]      ; f[34]       ; 5.097  ; 5.041  ; 5.678  ; 5.605  ;
; a[32]      ; f[35]       ; 5.408  ; 5.275  ; 5.947  ; 5.813  ;
; a[33]      ; f[33]       ; 4.948  ; 4.906  ; 5.649  ; 5.603  ;
; a[33]      ; f[34]       ; 5.609  ; 5.553  ; 6.295  ; 6.222  ;
; a[33]      ; f[35]       ; 5.920  ; 5.787  ; 6.564  ; 6.430  ;
; a[34]      ; f[34]       ; 3.837  ; 3.771  ; 4.159  ; 4.100  ;
; a[34]      ; f[35]       ; 4.149  ; 4.016  ; 4.445  ; 4.311  ;
; a[35]      ; f[16]       ; 5.956  ; 5.884  ; 6.651  ; 6.578  ;
; a[35]      ; f[17]       ; 6.094  ; 6.036  ; 6.847  ; 6.832  ;
; a[35]      ; f[18]       ; 6.110  ; 6.052  ; 6.787  ; 6.713  ;
; a[35]      ; f[19]       ; 7.337  ; 7.290  ; 8.203  ; 8.200  ;
; a[35]      ; f[32]       ; 6.332  ; 6.230  ; 7.039  ; 6.957  ;
; a[35]      ; f[33]       ; 6.068  ; 6.012  ; 6.852  ; 6.823  ;
; a[35]      ; f[34]       ; 6.411  ; 6.355  ; 7.109  ; 7.036  ;
; a[35]      ; f[35]       ; 5.225  ; 5.099  ; 5.884  ; 5.765  ;
; a[35]      ; f[36]       ; 5.022  ; 4.965  ; 5.657  ; 5.620  ;
; a[35]      ; f[37]       ; 5.014  ; 4.981  ; 5.665  ; 5.625  ;
; a[35]      ; f[38]       ; 5.392  ; 5.366  ; 5.999  ; 5.957  ;
; a[35]      ; f[39]       ; 5.989  ; 6.034  ; 6.657  ; 6.700  ;
; a[35]      ; f[40]       ; 5.848  ; 5.815  ; 6.366  ; 6.353  ;
; a[35]      ; f[41]       ; 6.163  ; 6.144  ; 6.657  ; 6.658  ;
; a[35]      ; f[42]       ; 6.162  ; 6.169  ; 6.669  ; 6.659  ;
; a[35]      ; f[43]       ; 6.316  ; 6.323  ; 6.858  ; 6.863  ;
; a[35]      ; f[44]       ; 6.129  ; 6.114  ; 6.628  ; 6.633  ;
; a[35]      ; f[45]       ; 6.422  ; 6.432  ; 6.900  ; 6.894  ;
; a[35]      ; f[46]       ; 6.403  ; 6.388  ; 6.875  ; 6.880  ;
; a[35]      ; f[47]       ; 6.729  ; 6.748  ; 7.258  ; 7.275  ;
; a[36]      ; f[36]       ; 4.416  ; 4.374  ; 5.004  ; 4.969  ;
; a[36]      ; f[37]       ; 4.713  ; 4.659  ; 5.283  ; 5.248  ;
; a[36]      ; f[38]       ; 5.129  ; 5.103  ; 5.682  ; 5.640  ;
; a[36]      ; f[39]       ; 5.726  ; 5.771  ; 6.340  ; 6.383  ;
; a[37]      ; f[37]       ; 3.452  ; 3.404  ; 3.805  ; 3.758  ;
; a[37]      ; f[38]       ; 3.581  ; 3.555  ; 3.895  ; 3.853  ;
; a[37]      ; f[39]       ; 4.178  ; 4.223  ; 4.553  ; 4.596  ;
; a[38]      ; f[38]       ; 4.265  ; 4.221  ; 4.830  ; 4.802  ;
; a[38]      ; f[39]       ; 4.719  ; 4.764  ; 5.353  ; 5.396  ;
; a[39]      ; f[16]       ; 6.365  ; 6.293  ; 7.081  ; 7.008  ;
; a[39]      ; f[17]       ; 6.371  ; 6.313  ; 7.134  ; 7.119  ;
; a[39]      ; f[18]       ; 6.519  ; 6.461  ; 7.217  ; 7.143  ;
; a[39]      ; f[19]       ; 7.746  ; 7.699  ; 8.633  ; 8.630  ;
; a[39]      ; f[32]       ; 6.642  ; 6.540  ; 7.360  ; 7.278  ;
; a[39]      ; f[33]       ; 6.345  ; 6.289  ; 7.139  ; 7.110  ;
; a[39]      ; f[34]       ; 6.721  ; 6.665  ; 7.430  ; 7.357  ;
; a[39]      ; f[35]       ; 7.032  ; 6.899  ; 7.699  ; 7.565  ;
; a[39]      ; f[36]       ; 5.090  ; 5.033  ; 5.735  ; 5.698  ;
; a[39]      ; f[37]       ; 5.251  ; 5.218  ; 5.925  ; 5.885  ;
; a[39]      ; f[38]       ; 5.629  ; 5.603  ; 6.259  ; 6.217  ;
; a[39]      ; f[39]       ; 4.577  ; 4.616  ; 5.207  ; 5.239  ;
; a[39]      ; f[40]       ; 6.499  ; 6.466  ; 7.071  ; 7.058  ;
; a[39]      ; f[41]       ; 6.814  ; 6.795  ; 7.362  ; 7.363  ;
; a[39]      ; f[42]       ; 6.813  ; 6.820  ; 7.374  ; 7.364  ;
; a[39]      ; f[43]       ; 6.967  ; 6.974  ; 7.563  ; 7.568  ;
; a[39]      ; f[44]       ; 5.779  ; 5.764  ; 6.224  ; 6.229  ;
; a[39]      ; f[45]       ; 6.072  ; 6.082  ; 6.496  ; 6.490  ;
; a[39]      ; f[46]       ; 6.053  ; 6.038  ; 6.471  ; 6.476  ;
; a[39]      ; f[47]       ; 6.379  ; 6.398  ; 6.854  ; 6.871  ;
; a[40]      ; f[40]       ; 4.223  ; 4.205  ; 4.818  ; 4.807  ;
; a[40]      ; f[41]       ; 4.538  ; 4.519  ; 5.110  ; 5.111  ;
; a[40]      ; f[42]       ; 4.667  ; 4.674  ; 5.257  ; 5.247  ;
; a[40]      ; f[43]       ; 4.821  ; 4.828  ; 5.446  ; 5.451  ;
; a[41]      ; f[41]       ; 4.198  ; 4.194  ; 4.786  ; 4.789  ;
; a[41]      ; f[42]       ; 4.437  ; 4.444  ; 5.015  ; 5.005  ;
; a[41]      ; f[43]       ; 4.591  ; 4.598  ; 5.204  ; 5.209  ;
; a[42]      ; f[42]       ; 4.164  ; 4.161  ; 4.741  ; 4.745  ;
; a[42]      ; f[43]       ; 4.521  ; 4.528  ; 5.151  ; 5.156  ;
; a[43]      ; f[16]       ; 6.562  ; 6.490  ; 7.282  ; 7.209  ;
; a[43]      ; f[17]       ; 6.568  ; 6.510  ; 7.335  ; 7.320  ;
; a[43]      ; f[18]       ; 6.716  ; 6.658  ; 7.418  ; 7.344  ;
; a[43]      ; f[19]       ; 7.943  ; 7.896  ; 8.834  ; 8.831  ;
; a[43]      ; f[32]       ; 6.839  ; 6.737  ; 7.561  ; 7.479  ;
; a[43]      ; f[33]       ; 6.542  ; 6.486  ; 7.340  ; 7.311  ;
; a[43]      ; f[34]       ; 6.918  ; 6.862  ; 7.631  ; 7.558  ;
; a[43]      ; f[35]       ; 7.229  ; 7.096  ; 7.900  ; 7.766  ;
; a[43]      ; f[36]       ; 5.653  ; 5.596  ; 6.345  ; 6.308  ;
; a[43]      ; f[37]       ; 6.046  ; 6.013  ; 6.789  ; 6.749  ;
; a[43]      ; f[38]       ; 6.424  ; 6.398  ; 7.123  ; 7.081  ;
; a[43]      ; f[39]       ; 7.021  ; 7.066  ; 7.781  ; 7.824  ;
; a[43]      ; f[40]       ; 7.294  ; 7.261  ; 7.935  ; 7.922  ;
; a[43]      ; f[41]       ; 7.609  ; 7.590  ; 8.226  ; 8.227  ;
; a[43]      ; f[42]       ; 7.608  ; 7.615  ; 8.238  ; 8.228  ;
; a[43]      ; f[43]       ; 4.118  ; 4.119  ; 4.697  ; 4.691  ;
; a[43]      ; f[44]       ; 6.594  ; 6.579  ; 7.156  ; 7.161  ;
; a[43]      ; f[45]       ; 6.887  ; 6.897  ; 7.428  ; 7.422  ;
; a[43]      ; f[46]       ; 6.868  ; 6.853  ; 7.403  ; 7.408  ;
; a[43]      ; f[47]       ; 7.194  ; 7.213  ; 7.786  ; 7.803  ;
; a[44]      ; f[44]       ; 4.148  ; 4.141  ; 4.745  ; 4.754  ;
; a[44]      ; f[45]       ; 4.438  ; 4.448  ; 5.018  ; 5.012  ;
; a[44]      ; f[46]       ; 4.445  ; 4.430  ; 5.021  ; 5.026  ;
; a[44]      ; f[47]       ; 4.771  ; 4.790  ; 5.404  ; 5.421  ;
; a[45]      ; f[45]       ; 4.067  ; 4.070  ; 4.663  ; 4.657  ;
; a[45]      ; f[46]       ; 4.237  ; 4.222  ; 4.793  ; 4.798  ;
; a[45]      ; f[47]       ; 4.563  ; 4.582  ; 5.176  ; 5.193  ;
; a[46]      ; f[46]       ; 4.015  ; 4.015  ; 4.609  ; 4.616  ;
; a[46]      ; f[47]       ; 4.359  ; 4.378  ; 4.995  ; 5.012  ;
; a[47]      ; f[16]       ; 6.631  ; 6.559  ; 7.376  ; 7.303  ;
; a[47]      ; f[17]       ; 6.769  ; 6.711  ; 7.572  ; 7.557  ;
; a[47]      ; f[18]       ; 6.785  ; 6.727  ; 7.512  ; 7.438  ;
; a[47]      ; f[19]       ; 8.012  ; 7.965  ; 8.928  ; 8.925  ;
; a[47]      ; f[32]       ; 7.007  ; 6.905  ; 7.764  ; 7.682  ;
; a[47]      ; f[33]       ; 6.743  ; 6.687  ; 7.577  ; 7.548  ;
; a[47]      ; f[34]       ; 7.086  ; 7.030  ; 7.834  ; 7.761  ;
; a[47]      ; f[35]       ; 7.397  ; 7.264  ; 8.103  ; 7.969  ;
; a[47]      ; f[36]       ; 5.812  ; 5.755  ; 6.537  ; 6.500  ;
; a[47]      ; f[37]       ; 6.024  ; 5.991  ; 6.798  ; 6.758  ;
; a[47]      ; f[38]       ; 6.402  ; 6.376  ; 7.132  ; 7.090  ;
; a[47]      ; f[39]       ; 6.999  ; 7.044  ; 7.790  ; 7.833  ;
; a[47]      ; f[40]       ; 6.304  ; 6.271  ; 6.826  ; 6.813  ;
; a[47]      ; f[41]       ; 6.619  ; 6.600  ; 7.117  ; 7.118  ;
; a[47]      ; f[42]       ; 6.618  ; 6.625  ; 7.129  ; 7.119  ;
; a[47]      ; f[43]       ; 6.772  ; 6.779  ; 7.318  ; 7.323  ;
; a[47]      ; f[47]       ; 4.115  ; 4.128  ; 4.696  ; 4.702  ;
; a[48]      ; f[48]       ; 4.112  ; 4.110  ; 4.690  ; 4.695  ;
; a[48]      ; f[49]       ; 4.426  ; 4.406  ; 5.031  ; 5.021  ;
; a[48]      ; f[50]       ; 4.409  ; 4.412  ; 4.988  ; 4.984  ;
; a[48]      ; f[51]       ; 4.883  ; 4.876  ; 5.428  ; 5.404  ;
; a[49]      ; f[49]       ; 4.063  ; 4.042  ; 4.630  ; 4.616  ;
; a[49]      ; f[50]       ; 4.172  ; 4.175  ; 4.731  ; 4.727  ;
; a[49]      ; f[51]       ; 4.646  ; 4.639  ; 5.171  ; 5.147  ;
; a[50]      ; f[50]       ; 4.110  ; 4.111  ; 4.696  ; 4.698  ;
; a[50]      ; f[51]       ; 4.369  ; 4.362  ; 4.930  ; 4.906  ;
; a[51]      ; f[16]       ; 6.544  ; 6.472  ; 7.290  ; 7.217  ;
; a[51]      ; f[17]       ; 6.682  ; 6.624  ; 7.486  ; 7.471  ;
; a[51]      ; f[18]       ; 6.698  ; 6.640  ; 7.426  ; 7.352  ;
; a[51]      ; f[19]       ; 7.925  ; 7.878  ; 8.842  ; 8.839  ;
; a[51]      ; f[32]       ; 6.920  ; 6.818  ; 7.678  ; 7.596  ;
; a[51]      ; f[33]       ; 6.656  ; 6.600  ; 7.491  ; 7.462  ;
; a[51]      ; f[34]       ; 6.999  ; 6.943  ; 7.748  ; 7.675  ;
; a[51]      ; f[35]       ; 7.310  ; 7.177  ; 8.017  ; 7.883  ;
; a[51]      ; f[48]       ; 7.325  ; 7.308  ; 7.854  ; 7.857  ;
; a[51]      ; f[49]       ; 7.354  ; 7.334  ; 7.978  ; 7.968  ;
; a[51]      ; f[50]       ; 7.493  ; 7.496  ; 8.012  ; 8.008  ;
; a[51]      ; f[51]       ; 4.270  ; 4.253  ; 4.863  ; 4.853  ;
; a[51]      ; f[52]       ; 5.255  ; 5.220  ; 5.879  ; 5.863  ;
; a[51]      ; f[53]       ; 5.605  ; 5.572  ; 6.196  ; 6.164  ;
; a[51]      ; f[54]       ; 5.712  ; 5.669  ; 6.284  ; 6.261  ;
; a[51]      ; f[55]       ; 6.030  ; 6.066  ; 6.638  ; 6.694  ;
; a[51]      ; f[56]       ; 6.621  ; 6.624  ; 7.301  ; 7.286  ;
; a[51]      ; f[57]       ; 7.349  ; 7.232  ; 8.051  ; 7.962  ;
; a[51]      ; f[58]       ; 6.882  ; 6.864  ; 7.523  ; 7.525  ;
; a[51]      ; f[59]       ; 7.783  ; 7.853  ; 8.528  ; 8.591  ;
; a[51]      ; f[60]       ; 5.865  ; 5.874  ; 6.661  ; 6.663  ;
; a[51]      ; f[61]       ; 6.126  ; 6.112  ; 6.894  ; 6.900  ;
; a[51]      ; f[62]       ; 6.062  ; 6.070  ; 6.844  ; 6.845  ;
; a[51]      ; f[63]       ; 6.504  ; 6.509  ; 7.337  ; 7.340  ;
; a[52]      ; f[52]       ; 4.275  ; 4.243  ; 4.847  ; 4.859  ;
; a[52]      ; f[53]       ; 4.505  ; 4.472  ; 5.055  ; 5.023  ;
; a[52]      ; f[54]       ; 4.612  ; 4.569  ; 5.143  ; 5.120  ;
; a[52]      ; f[55]       ; 4.930  ; 4.966  ; 5.497  ; 5.553  ;
; a[53]      ; f[53]       ; 4.272  ; 4.248  ; 4.858  ; 4.841  ;
; a[53]      ; f[54]       ; 4.446  ; 4.403  ; 5.011  ; 4.988  ;
; a[53]      ; f[55]       ; 4.764  ; 4.800  ; 5.365  ; 5.421  ;
; a[54]      ; f[54]       ; 4.209  ; 4.181  ; 4.781  ; 4.760  ;
; a[54]      ; f[55]       ; 4.544  ; 4.580  ; 5.140  ; 5.196  ;
; a[55]      ; f[16]       ; 6.658  ; 6.586  ; 7.413  ; 7.340  ;
; a[55]      ; f[17]       ; 6.664  ; 6.606  ; 7.466  ; 7.451  ;
; a[55]      ; f[18]       ; 6.812  ; 6.754  ; 7.549  ; 7.475  ;
; a[55]      ; f[19]       ; 8.039  ; 7.992  ; 8.965  ; 8.962  ;
; a[55]      ; f[32]       ; 6.935  ; 6.833  ; 7.692  ; 7.610  ;
; a[55]      ; f[33]       ; 6.638  ; 6.582  ; 7.471  ; 7.442  ;
; a[55]      ; f[34]       ; 7.014  ; 6.958  ; 7.762  ; 7.689  ;
; a[55]      ; f[35]       ; 7.325  ; 7.192  ; 8.031  ; 7.897  ;
; a[55]      ; f[48]       ; 6.747  ; 6.730  ; 7.215  ; 7.218  ;
; a[55]      ; f[49]       ; 6.776  ; 6.756  ; 7.339  ; 7.329  ;
; a[55]      ; f[50]       ; 6.915  ; 6.918  ; 7.373  ; 7.369  ;
; a[55]      ; f[51]       ; 7.389  ; 7.382  ; 7.813  ; 7.789  ;
; a[55]      ; f[52]       ; 4.983  ; 4.948  ; 5.577  ; 5.561  ;
; a[55]      ; f[53]       ; 5.333  ; 5.300  ; 5.894  ; 5.862  ;
; a[55]      ; f[54]       ; 5.440  ; 5.397  ; 5.982  ; 5.959  ;
; a[55]      ; f[55]       ; 4.473  ; 4.514  ; 5.099  ; 5.133  ;
; a[55]      ; f[56]       ; 6.036  ; 6.039  ; 6.640  ; 6.625  ;
; a[55]      ; f[57]       ; 6.764  ; 6.647  ; 7.390  ; 7.301  ;
; a[55]      ; f[58]       ; 6.297  ; 6.279  ; 6.862  ; 6.864  ;
; a[55]      ; f[59]       ; 7.198  ; 7.268  ; 7.867  ; 7.930  ;
; a[55]      ; f[60]       ; 5.521  ; 5.530  ; 6.295  ; 6.297  ;
; a[55]      ; f[61]       ; 5.782  ; 5.768  ; 6.528  ; 6.534  ;
; a[55]      ; f[62]       ; 5.718  ; 5.726  ; 6.478  ; 6.479  ;
; a[55]      ; f[63]       ; 6.160  ; 6.165  ; 6.971  ; 6.974  ;
; a[56]      ; f[56]       ; 4.255  ; 4.247  ; 4.847  ; 4.846  ;
; a[56]      ; f[57]       ; 5.230  ; 5.113  ; 5.830  ; 5.741  ;
; a[56]      ; f[58]       ; 4.482  ; 4.464  ; 5.051  ; 5.053  ;
; a[56]      ; f[59]       ; 5.383  ; 5.453  ; 6.056  ; 6.119  ;
; a[57]      ; f[57]       ; 4.885  ; 4.783  ; 5.500  ; 5.378  ;
; a[57]      ; f[58]       ; 4.535  ; 4.517  ; 5.123  ; 5.125  ;
; a[57]      ; f[59]       ; 5.436  ; 5.506  ; 6.128  ; 6.191  ;
; a[58]      ; f[58]       ; 4.146  ; 4.143  ; 4.738  ; 4.742  ;
; a[58]      ; f[59]       ; 5.062  ; 5.132  ; 5.743  ; 5.806  ;
; a[59]      ; f[16]       ; 5.993  ; 5.921  ; 6.669  ; 6.596  ;
; a[59]      ; f[17]       ; 5.999  ; 5.941  ; 6.722  ; 6.707  ;
; a[59]      ; f[18]       ; 6.147  ; 6.089  ; 6.805  ; 6.731  ;
; a[59]      ; f[19]       ; 7.374  ; 7.327  ; 8.221  ; 8.218  ;
; a[59]      ; f[32]       ; 6.270  ; 6.168  ; 6.948  ; 6.866  ;
; a[59]      ; f[33]       ; 5.973  ; 5.917  ; 6.727  ; 6.698  ;
; a[59]      ; f[34]       ; 6.349  ; 6.293  ; 7.018  ; 6.945  ;
; a[59]      ; f[35]       ; 6.660  ; 6.527  ; 7.287  ; 7.153  ;
; a[59]      ; f[48]       ; 6.563  ; 6.546  ; 6.993  ; 6.996  ;
; a[59]      ; f[49]       ; 6.592  ; 6.572  ; 7.117  ; 7.107  ;
; a[59]      ; f[50]       ; 6.731  ; 6.734  ; 7.151  ; 7.147  ;
; a[59]      ; f[51]       ; 7.205  ; 7.198  ; 7.591  ; 7.567  ;
; a[59]      ; f[52]       ; 6.015  ; 5.980  ; 6.723  ; 6.707  ;
; a[59]      ; f[53]       ; 6.365  ; 6.332  ; 7.040  ; 7.008  ;
; a[59]      ; f[54]       ; 6.472  ; 6.429  ; 7.128  ; 7.105  ;
; a[59]      ; f[55]       ; 6.790  ; 6.826  ; 7.482  ; 7.538  ;
; a[59]      ; f[56]       ; 5.863  ; 5.866  ; 6.439  ; 6.424  ;
; a[59]      ; f[57]       ; 6.591  ; 6.474  ; 7.189  ; 7.100  ;
; a[59]      ; f[58]       ; 6.124  ; 6.106  ; 6.661  ; 6.663  ;
; a[59]      ; f[59]       ; 5.148  ; 5.225  ; 5.833  ; 5.892  ;
; a[59]      ; f[60]       ; 4.263  ; 4.272  ; 4.847  ; 4.849  ;
; a[59]      ; f[61]       ; 4.524  ; 4.510  ; 5.080  ; 5.086  ;
; a[59]      ; f[62]       ; 4.460  ; 4.468  ; 5.030  ; 5.031  ;
; a[59]      ; f[63]       ; 4.902  ; 4.907  ; 5.523  ; 5.526  ;
; a[60]      ; f[60]       ; 4.111  ; 4.118  ; 4.717  ; 4.704  ;
; a[60]      ; f[61]       ; 4.432  ; 4.418  ; 5.017  ; 5.023  ;
; a[60]      ; f[62]       ; 4.370  ; 4.378  ; 4.965  ; 4.966  ;
; a[60]      ; f[63]       ; 4.812  ; 4.817  ; 5.458  ; 5.461  ;
; a[61]      ; f[61]       ; 4.084  ; 4.080  ; 4.671  ; 4.683  ;
; a[61]      ; f[62]       ; 4.207  ; 4.215  ; 4.769  ; 4.770  ;
; a[61]      ; f[63]       ; 4.649  ; 4.654  ; 5.262  ; 5.265  ;
; a[62]      ; f[62]       ; 4.026  ; 4.032  ; 4.619  ; 4.605  ;
; a[62]      ; f[63]       ; 4.464  ; 4.469  ; 5.127  ; 5.130  ;
; a[63]      ; f[16]       ; 6.383  ; 6.311  ; 7.106  ; 7.033  ;
; a[63]      ; f[17]       ; 6.521  ; 6.463  ; 7.302  ; 7.287  ;
; a[63]      ; f[18]       ; 6.537  ; 6.479  ; 7.242  ; 7.168  ;
; a[63]      ; f[19]       ; 7.764  ; 7.717  ; 8.658  ; 8.655  ;
; a[63]      ; f[32]       ; 6.759  ; 6.657  ; 7.494  ; 7.412  ;
; a[63]      ; f[33]       ; 6.495  ; 6.439  ; 7.307  ; 7.278  ;
; a[63]      ; f[34]       ; 6.838  ; 6.782  ; 7.564  ; 7.491  ;
; a[63]      ; f[35]       ; 7.149  ; 7.016  ; 7.833  ; 7.699  ;
; a[63]      ; f[48]       ; 6.608  ; 6.591  ; 7.054  ; 7.057  ;
; a[63]      ; f[49]       ; 6.637  ; 6.617  ; 7.178  ; 7.168  ;
; a[63]      ; f[50]       ; 6.776  ; 6.779  ; 7.212  ; 7.208  ;
; a[63]      ; f[51]       ; 7.250  ; 7.243  ; 7.652  ; 7.628  ;
; a[63]      ; f[52]       ; 5.822  ; 5.787  ; 6.508  ; 6.492  ;
; a[63]      ; f[53]       ; 6.172  ; 6.139  ; 6.825  ; 6.793  ;
; a[63]      ; f[54]       ; 6.279  ; 6.236  ; 6.913  ; 6.890  ;
; a[63]      ; f[55]       ; 6.597  ; 6.633  ; 7.267  ; 7.323  ;
; a[63]      ; f[56]       ; 4.438  ; 4.441  ; 5.015  ; 5.000  ;
; a[63]      ; f[57]       ; 5.249  ; 5.132  ; 5.852  ; 5.763  ;
; a[63]      ; f[58]       ; 4.699  ; 4.681  ; 5.237  ; 5.239  ;
; a[63]      ; f[59]       ; 5.600  ; 5.670  ; 6.242  ; 6.305  ;
; a[63]      ; f[63]       ; 4.315  ; 4.314  ; 4.959  ; 4.951  ;
; b[0]       ; f[0]        ; 4.166  ; 4.180  ; 4.741  ; 4.755  ;
; b[0]       ; f[1]        ; 4.299  ; 4.294  ; 4.874  ; 4.866  ;
; b[0]       ; f[2]        ; 4.830  ; 4.806  ; 5.398  ; 5.374  ;
; b[0]       ; f[3]        ; 4.919  ; 4.939  ; 5.494  ; 5.513  ;
; b[1]       ; f[1]        ; 4.187  ; 4.168  ; 4.762  ; 4.743  ;
; b[1]       ; f[2]        ; 4.669  ; 4.645  ; 5.256  ; 5.250  ;
; b[1]       ; f[3]        ; 4.770  ; 4.784  ; 5.328  ; 5.348  ;
; b[2]       ; f[2]        ; 4.203  ; 4.192  ; 4.755  ; 4.738  ;
; b[2]       ; f[3]        ; 4.423  ; 4.443  ; 5.011  ; 5.031  ;
; b[3]       ; f[3]        ; 4.295  ; 4.301  ; 4.860  ; 4.873  ;
; b[3]       ; f[4]        ; 5.626  ; 5.617  ; 6.204  ; 6.215  ;
; b[3]       ; f[5]        ; 5.898  ; 5.892  ; 6.457  ; 6.440  ;
; b[3]       ; f[6]        ; 6.083  ; 6.087  ; 6.623  ; 6.626  ;
; b[3]       ; f[7]        ; 6.698  ; 6.727  ; 7.268  ; 7.279  ;
; b[3]       ; f[8]        ; 6.615  ; 6.585  ; 7.154  ; 7.124  ;
; b[3]       ; f[9]        ; 6.715  ; 6.706  ; 7.254  ; 7.245  ;
; b[3]       ; f[10]       ; 6.694  ; 6.675  ; 7.233  ; 7.214  ;
; b[3]       ; f[11]       ; 8.687  ; 8.707  ; 9.297  ; 9.316  ;
; b[3]       ; f[12]       ; 5.638  ; 5.612  ; 6.197  ; 6.191  ;
; b[3]       ; f[13]       ; 6.052  ; 6.020  ; 6.613  ; 6.574  ;
; b[3]       ; f[14]       ; 6.604  ; 6.474  ; 7.153  ; 7.016  ;
; b[3]       ; f[15]       ; 6.628  ; 6.697  ; 7.246  ; 7.312  ;
; b[3]       ; f[16]       ; 7.404  ; 7.332  ; 8.022  ; 7.950  ;
; b[3]       ; f[17]       ; 7.318  ; 7.260  ; 7.936  ; 7.878  ;
; b[3]       ; f[18]       ; 7.558  ; 7.500  ; 8.176  ; 8.118  ;
; b[3]       ; f[19]       ; 8.785  ; 8.738  ; 9.403  ; 9.356  ;
; b[3]       ; f[32]       ; 6.912  ; 6.830  ; 7.530  ; 7.448  ;
; b[3]       ; f[33]       ; 6.553  ; 6.524  ; 7.157  ; 7.101  ;
; b[3]       ; f[34]       ; 6.982  ; 6.909  ; 7.600  ; 7.527  ;
; b[3]       ; f[35]       ; 7.251  ; 7.117  ; 7.869  ; 7.735  ;
; b[3]       ; f[48]       ; 6.653  ; 6.656  ; 7.192  ; 7.195  ;
; b[3]       ; f[49]       ; 6.604  ; 6.584  ; 7.222  ; 7.202  ;
; b[3]       ; f[50]       ; 6.811  ; 6.807  ; 7.350  ; 7.346  ;
; b[3]       ; f[51]       ; 7.251  ; 7.227  ; 7.790  ; 7.766  ;
; b[4]       ; f[4]        ; 4.077  ; 4.083  ; 4.639  ; 4.645  ;
; b[4]       ; f[5]        ; 4.337  ; 4.328  ; 4.898  ; 4.882  ;
; b[4]       ; f[6]        ; 4.513  ; 4.516  ; 5.068  ; 5.071  ;
; b[4]       ; f[7]        ; 5.149  ; 5.169  ; 5.711  ; 5.724  ;
; b[5]       ; f[5]        ; 4.176  ; 4.159  ; 4.750  ; 4.740  ;
; b[5]       ; f[6]        ; 4.417  ; 4.420  ; 4.985  ; 4.995  ;
; b[5]       ; f[7]        ; 5.045  ; 5.073  ; 5.600  ; 5.629  ;
; b[6]       ; f[6]        ; 4.246  ; 4.254  ; 4.815  ; 4.823  ;
; b[6]       ; f[7]        ; 4.744  ; 4.773  ; 5.313  ; 5.342  ;
; b[7]       ; f[4]        ; 5.316  ; 5.310  ; 5.862  ; 5.863  ;
; b[7]       ; f[5]        ; 5.569  ; 5.552  ; 6.115  ; 6.098  ;
; b[7]       ; f[6]        ; 5.735  ; 5.738  ; 6.281  ; 6.284  ;
; b[7]       ; f[7]        ; 4.432  ; 4.454  ; 4.986  ; 5.008  ;
; b[7]       ; f[8]        ; 6.629  ; 6.599  ; 7.175  ; 7.145  ;
; b[7]       ; f[9]        ; 6.729  ; 6.720  ; 7.275  ; 7.266  ;
; b[7]       ; f[10]       ; 6.708  ; 6.689  ; 7.254  ; 7.235  ;
; b[7]       ; f[11]       ; 8.678  ; 8.698  ; 9.231  ; 9.251  ;
; b[7]       ; f[12]       ; 5.529  ; 5.503  ; 6.078  ; 6.057  ;
; b[7]       ; f[13]       ; 5.943  ; 5.908  ; 6.494  ; 6.455  ;
; b[7]       ; f[14]       ; 6.487  ; 6.350  ; 7.034  ; 6.897  ;
; b[7]       ; f[15]       ; 6.519  ; 6.588  ; 7.073  ; 7.142  ;
; b[7]       ; f[16]       ; 7.222  ; 7.150  ; 7.775  ; 7.703  ;
; b[7]       ; f[17]       ; 7.136  ; 7.078  ; 7.689  ; 7.631  ;
; b[7]       ; f[18]       ; 7.376  ; 7.318  ; 7.929  ; 7.871  ;
; b[7]       ; f[19]       ; 8.603  ; 8.556  ; 9.156  ; 9.109  ;
; b[7]       ; f[32]       ; 6.762  ; 6.680  ; 7.309  ; 7.227  ;
; b[7]       ; f[33]       ; 6.403  ; 6.348  ; 6.950  ; 6.902  ;
; b[7]       ; f[34]       ; 6.832  ; 6.759  ; 7.379  ; 7.306  ;
; b[7]       ; f[35]       ; 7.101  ; 6.967  ; 7.648  ; 7.514  ;
; b[7]       ; f[48]       ; 6.420  ; 6.423  ; 6.966  ; 6.969  ;
; b[7]       ; f[49]       ; 6.422  ; 6.402  ; 6.975  ; 6.955  ;
; b[7]       ; f[50]       ; 6.578  ; 6.574  ; 7.124  ; 7.120  ;
; b[7]       ; f[51]       ; 7.018  ; 6.994  ; 7.564  ; 7.540  ;
; b[8]       ; f[8]        ; 4.511  ; 4.471  ; 5.065  ; 5.025  ;
; b[8]       ; f[9]        ; 4.540  ; 4.511  ; 5.104  ; 5.095  ;
; b[8]       ; f[10]       ; 4.565  ; 4.561  ; 5.139  ; 5.120  ;
; b[8]       ; f[11]       ; 6.444  ; 6.464  ; 7.047  ; 7.067  ;
; b[9]       ; f[9]        ; 4.133  ; 4.119  ; 4.710  ; 4.696  ;
; b[9]       ; f[10]       ; 4.522  ; 4.515  ; 5.099  ; 5.085  ;
; b[9]       ; f[11]       ; 6.401  ; 6.421  ; 6.978  ; 6.998  ;
; b[10]      ; f[10]       ; 4.228  ; 4.216  ; 4.812  ; 4.800  ;
; b[10]      ; f[11]       ; 6.074  ; 6.094  ; 6.658  ; 6.678  ;
; b[11]      ; f[4]        ; 5.487  ; 5.487  ; 6.074  ; 6.081  ;
; b[11]      ; f[5]        ; 5.740  ; 5.723  ; 6.327  ; 6.310  ;
; b[11]      ; f[6]        ; 5.906  ; 5.909  ; 6.493  ; 6.496  ;
; b[11]      ; f[7]        ; 6.551  ; 6.562  ; 7.138  ; 7.149  ;
; b[11]      ; f[8]        ; 6.549  ; 6.519  ; 7.136  ; 7.106  ;
; b[11]      ; f[9]        ; 6.649  ; 6.640  ; 7.236  ; 7.227  ;
; b[11]      ; f[10]       ; 6.628  ; 6.609  ; 7.215  ; 7.196  ;
; b[11]      ; f[11]       ; 4.788  ; 4.800  ; 5.365  ; 5.377  ;
; b[11]      ; f[12]       ; 5.432  ; 5.414  ; 6.002  ; 5.991  ;
; b[11]      ; f[13]       ; 5.848  ; 5.809  ; 6.418  ; 6.379  ;
; b[11]      ; f[14]       ; 6.388  ; 6.251  ; 6.958  ; 6.821  ;
; b[11]      ; f[15]       ; 6.430  ; 6.499  ; 7.007  ; 7.076  ;
; b[11]      ; f[16]       ; 7.164  ; 7.092  ; 7.758  ; 7.686  ;
; b[11]      ; f[17]       ; 7.078  ; 7.020  ; 7.672  ; 7.614  ;
; b[11]      ; f[18]       ; 7.318  ; 7.260  ; 7.912  ; 7.854  ;
; b[11]      ; f[19]       ; 8.545  ; 8.498  ; 9.139  ; 9.092  ;
; b[11]      ; f[32]       ; 6.643  ; 6.561  ; 7.213  ; 7.131  ;
; b[11]      ; f[33]       ; 6.284  ; 6.248  ; 6.854  ; 6.825  ;
; b[11]      ; f[34]       ; 6.713  ; 6.640  ; 7.283  ; 7.210  ;
; b[11]      ; f[35]       ; 6.982  ; 6.848  ; 7.552  ; 7.418  ;
; b[11]      ; f[48]       ; 6.328  ; 6.331  ; 6.915  ; 6.918  ;
; b[11]      ; f[49]       ; 6.364  ; 6.344  ; 6.958  ; 6.938  ;
; b[11]      ; f[50]       ; 6.486  ; 6.482  ; 7.073  ; 7.069  ;
; b[11]      ; f[51]       ; 6.926  ; 6.902  ; 7.513  ; 7.489  ;
; b[12]      ; f[12]       ; 4.281  ; 4.270  ; 4.837  ; 4.826  ;
; b[12]      ; f[13]       ; 4.650  ; 4.618  ; 5.206  ; 5.174  ;
; b[12]      ; f[14]       ; 5.303  ; 5.173  ; 5.841  ; 5.711  ;
; b[12]      ; f[15]       ; 5.327  ; 5.396  ; 5.865  ; 5.934  ;
; b[13]      ; f[13]       ; 4.658  ; 4.624  ; 5.258  ; 5.205  ;
; b[13]      ; f[14]       ; 5.492  ; 5.362  ; 6.085  ; 5.948  ;
; b[13]      ; f[15]       ; 5.516  ; 5.585  ; 6.116  ; 6.185  ;
; b[14]      ; f[14]       ; 5.101  ; 4.969  ; 5.673  ; 5.541  ;
; b[14]      ; f[15]       ; 5.166  ; 5.235  ; 5.738  ; 5.807  ;
; b[15]      ; f[4]        ; 5.473  ; 5.470  ; 6.047  ; 6.051  ;
; b[15]      ; f[5]        ; 5.726  ; 5.709  ; 6.300  ; 6.283  ;
; b[15]      ; f[6]        ; 5.892  ; 5.895  ; 6.466  ; 6.469  ;
; b[15]      ; f[7]        ; 6.537  ; 6.548  ; 7.111  ; 7.122  ;
; b[15]      ; f[8]        ; 6.364  ; 6.334  ; 6.938  ; 6.908  ;
; b[15]      ; f[9]        ; 6.464  ; 6.455  ; 7.038  ; 7.029  ;
; b[15]      ; f[10]       ; 6.443  ; 6.424  ; 7.017  ; 6.998  ;
; b[15]      ; f[11]       ; 8.447  ; 8.467  ; 9.028  ; 9.048  ;
; b[15]      ; f[15]       ; 4.925  ; 4.982  ; 5.506  ; 5.563  ;
; b[15]      ; f[16]       ; 7.248  ; 7.176  ; 7.829  ; 7.757  ;
; b[15]      ; f[17]       ; 7.162  ; 7.104  ; 7.743  ; 7.685  ;
; b[15]      ; f[18]       ; 7.402  ; 7.344  ; 7.983  ; 7.925  ;
; b[15]      ; f[19]       ; 8.629  ; 8.582  ; 9.210  ; 9.163  ;
; b[15]      ; f[32]       ; 6.762  ; 6.680  ; 7.336  ; 7.254  ;
; b[15]      ; f[33]       ; 6.403  ; 6.366  ; 6.977  ; 6.947  ;
; b[15]      ; f[34]       ; 6.832  ; 6.759  ; 7.406  ; 7.333  ;
; b[15]      ; f[35]       ; 7.101  ; 6.967  ; 7.675  ; 7.541  ;
; b[15]      ; f[48]       ; 6.460  ; 6.463  ; 7.034  ; 7.037  ;
; b[15]      ; f[49]       ; 6.448  ; 6.428  ; 7.029  ; 7.009  ;
; b[15]      ; f[50]       ; 6.618  ; 6.614  ; 7.192  ; 7.188  ;
; b[15]      ; f[51]       ; 7.058  ; 7.034  ; 7.632  ; 7.608  ;
; b[16]      ; f[16]       ; 4.886  ; 4.821  ; 5.469  ; 5.404  ;
; b[16]      ; f[17]       ; 5.037  ; 4.979  ; 5.610  ; 5.552  ;
; b[16]      ; f[18]       ; 5.001  ; 4.927  ; 5.604  ; 5.546  ;
; b[16]      ; f[19]       ; 6.248  ; 6.201  ; 6.831  ; 6.784  ;
; b[17]      ; f[17]       ; 4.865  ; 4.819  ; 5.460  ; 5.414  ;
; b[17]      ; f[18]       ; 5.106  ; 5.042  ; 5.701  ; 5.630  ;
; b[17]      ; f[19]       ; 6.333  ; 6.286  ; 6.928  ; 6.881  ;
; b[18]      ; f[18]       ; 4.689  ; 4.613  ; 5.277  ; 5.201  ;
; b[18]      ; f[19]       ; 5.777  ; 5.730  ; 6.365  ; 6.318  ;
; b[19]      ; f[16]       ; 8.049  ; 7.977  ; 8.615  ; 8.543  ;
; b[19]      ; f[17]       ; 7.963  ; 7.905  ; 8.529  ; 8.471  ;
; b[19]      ; f[18]       ; 8.203  ; 8.145  ; 8.769  ; 8.711  ;
; b[19]      ; f[19]       ; 4.436  ; 4.400  ; 5.031  ; 4.995  ;
; b[19]      ; f[20]       ; 6.729  ; 6.709  ; 7.324  ; 7.304  ;
; b[19]      ; f[21]       ; 6.657  ; 6.628  ; 7.252  ; 7.223  ;
; b[19]      ; f[22]       ; 7.169  ; 7.151  ; 7.764  ; 7.746  ;
; b[19]      ; f[23]       ; 7.918  ; 7.946  ; 8.513  ; 8.541  ;
; b[19]      ; f[24]       ; 8.213  ; 8.218  ; 8.808  ; 8.813  ;
; b[19]      ; f[25]       ; 8.446  ; 8.431  ; 9.038  ; 9.026  ;
; b[19]      ; f[26]       ; 9.452  ; 9.331  ; 10.042 ; 9.926  ;
; b[19]      ; f[27]       ; 10.126 ; 10.199 ; 10.721 ; 10.794 ;
; b[19]      ; f[28]       ; 6.705  ; 6.670  ; 7.300  ; 7.265  ;
; b[19]      ; f[29]       ; 7.011  ; 7.008  ; 7.606  ; 7.603  ;
; b[19]      ; f[30]       ; 8.052  ; 7.908  ; 8.647  ; 8.503  ;
; b[19]      ; f[31]       ; 7.264  ; 7.276  ; 7.859  ; 7.871  ;
; b[19]      ; f[48]       ; 7.337  ; 7.340  ; 7.922  ; 7.914  ;
; b[19]      ; f[49]       ; 7.249  ; 7.229  ; 7.815  ; 7.795  ;
; b[19]      ; f[50]       ; 7.495  ; 7.491  ; 8.080  ; 8.076  ;
; b[19]      ; f[51]       ; 7.935  ; 7.911  ; 8.520  ; 8.496  ;
; b[20]      ; f[20]       ; 4.671  ; 4.645  ; 5.261  ; 5.235  ;
; b[20]      ; f[21]       ; 4.913  ; 4.904  ; 5.522  ; 5.513  ;
; b[20]      ; f[22]       ; 5.411  ; 5.376  ; 6.020  ; 5.985  ;
; b[20]      ; f[23]       ; 6.219  ; 6.231  ; 6.811  ; 6.839  ;
; b[21]      ; f[21]       ; 4.230  ; 4.208  ; 4.791  ; 4.777  ;
; b[21]      ; f[22]       ; 4.632  ; 4.603  ; 5.207  ; 5.172  ;
; b[21]      ; f[23]       ; 5.381  ; 5.409  ; 5.957  ; 5.985  ;
; b[22]      ; f[22]       ; 4.228  ; 4.205  ; 4.788  ; 4.765  ;
; b[22]      ; f[23]       ; 4.979  ; 5.007  ; 5.539  ; 5.567  ;
; b[23]      ; f[16]       ; 6.899  ; 6.827  ; 7.499  ; 7.427  ;
; b[23]      ; f[17]       ; 6.813  ; 6.755  ; 7.413  ; 7.355  ;
; b[23]      ; f[18]       ; 7.053  ; 6.995  ; 7.653  ; 7.595  ;
; b[23]      ; f[19]       ; 8.280  ; 8.233  ; 8.880  ; 8.833  ;
; b[23]      ; f[20]       ; 4.977  ; 4.957  ; 5.578  ; 5.558  ;
; b[23]      ; f[21]       ; 5.115  ; 5.095  ; 5.709  ; 5.696  ;
; b[23]      ; f[22]       ; 5.613  ; 5.578  ; 6.207  ; 6.172  ;
; b[23]      ; f[23]       ; 4.611  ; 4.627  ; 5.212  ; 5.228  ;
; b[23]      ; f[24]       ; 6.463  ; 6.461  ; 7.057  ; 7.055  ;
; b[23]      ; f[25]       ; 6.666  ; 6.671  ; 7.260  ; 7.265  ;
; b[23]      ; f[26]       ; 7.670  ; 7.569  ; 8.264  ; 8.163  ;
; b[23]      ; f[27]       ; 8.523  ; 8.616  ; 9.117  ; 9.210  ;
; b[23]      ; f[28]       ; 5.023  ; 4.987  ; 5.616  ; 5.580  ;
; b[23]      ; f[29]       ; 5.326  ; 5.316  ; 5.919  ; 5.909  ;
; b[23]      ; f[30]       ; 6.350  ; 6.199  ; 6.943  ; 6.792  ;
; b[23]      ; f[31]       ; 5.575  ; 5.580  ; 6.168  ; 6.173  ;
; b[23]      ; f[48]       ; 6.330  ; 6.333  ; 6.923  ; 6.926  ;
; b[23]      ; f[49]       ; 6.099  ; 6.079  ; 6.699  ; 6.679  ;
; b[23]      ; f[50]       ; 6.488  ; 6.484  ; 7.081  ; 7.077  ;
; b[23]      ; f[51]       ; 6.928  ; 6.904  ; 7.521  ; 7.497  ;
; b[24]      ; f[24]       ; 4.062  ; 4.065  ; 4.619  ; 4.622  ;
; b[24]      ; f[25]       ; 4.351  ; 4.336  ; 4.908  ; 4.893  ;
; b[24]      ; f[26]       ; 5.356  ; 5.235  ; 5.913  ; 5.792  ;
; b[24]      ; f[27]       ; 6.030  ; 6.103  ; 6.587  ; 6.660  ;
; b[25]      ; f[25]       ; 4.203  ; 4.203  ; 4.788  ; 4.795  ;
; b[25]      ; f[26]       ; 5.498  ; 5.382  ; 6.067  ; 5.946  ;
; b[25]      ; f[27]       ; 6.177  ; 6.250  ; 6.741  ; 6.814  ;
; b[26]      ; f[26]       ; 5.064  ; 4.953  ; 5.619  ; 5.508  ;
; b[26]      ; f[27]       ; 5.743  ; 5.816  ; 6.298  ; 6.371  ;
; b[27]      ; f[16]       ; 6.693  ; 6.621  ; 7.257  ; 7.185  ;
; b[27]      ; f[17]       ; 6.607  ; 6.549  ; 7.171  ; 7.113  ;
; b[27]      ; f[18]       ; 6.847  ; 6.789  ; 7.411  ; 7.353  ;
; b[27]      ; f[19]       ; 8.074  ; 8.027  ; 8.638  ; 8.591  ;
; b[27]      ; f[20]       ; 4.834  ; 4.814  ; 5.398  ; 5.378  ;
; b[27]      ; f[21]       ; 5.016  ; 4.997  ; 5.573  ; 5.561  ;
; b[27]      ; f[22]       ; 5.514  ; 5.479  ; 6.071  ; 6.036  ;
; b[27]      ; f[23]       ; 6.287  ; 6.315  ; 6.851  ; 6.879  ;
; b[27]      ; f[24]       ; 6.364  ; 6.362  ; 6.921  ; 6.919  ;
; b[27]      ; f[25]       ; 6.567  ; 6.572  ; 7.124  ; 7.129  ;
; b[27]      ; f[26]       ; 7.571  ; 7.470  ; 8.128  ; 8.027  ;
; b[27]      ; f[27]       ; 4.435  ; 4.513  ; 4.999  ; 5.077  ;
; b[27]      ; f[28]       ; 4.667  ; 4.631  ; 5.224  ; 5.188  ;
; b[27]      ; f[29]       ; 4.970  ; 4.960  ; 5.527  ; 5.517  ;
; b[27]      ; f[30]       ; 5.994  ; 5.843  ; 6.551  ; 6.400  ;
; b[27]      ; f[31]       ; 5.219  ; 5.224  ; 5.776  ; 5.781  ;
; b[27]      ; f[48]       ; 6.098  ; 6.101  ; 6.655  ; 6.658  ;
; b[27]      ; f[49]       ; 5.893  ; 5.873  ; 6.457  ; 6.437  ;
; b[27]      ; f[50]       ; 6.256  ; 6.252  ; 6.813  ; 6.809  ;
; b[27]      ; f[51]       ; 6.696  ; 6.672  ; 7.253  ; 7.229  ;
; b[28]      ; f[28]       ; 4.534  ; 4.506  ; 5.167  ; 5.146  ;
; b[28]      ; f[29]       ; 4.835  ; 4.832  ; 5.462  ; 5.452  ;
; b[28]      ; f[30]       ; 5.893  ; 5.749  ; 6.533  ; 6.382  ;
; b[28]      ; f[31]       ; 5.105  ; 5.117  ; 5.748  ; 5.760  ;
; b[29]      ; f[29]       ; 4.386  ; 4.381  ; 4.960  ; 4.955  ;
; b[29]      ; f[30]       ; 5.463  ; 5.318  ; 6.036  ; 5.885  ;
; b[29]      ; f[31]       ; 4.675  ; 4.687  ; 5.249  ; 5.261  ;
; b[30]      ; f[30]       ; 5.352  ; 5.194  ; 5.941  ; 5.783  ;
; b[30]      ; f[31]       ; 4.550  ; 4.562  ; 5.139  ; 5.151  ;
; b[31]      ; f[16]       ; 7.196  ; 7.124  ; 7.808  ; 7.736  ;
; b[31]      ; f[17]       ; 7.110  ; 7.052  ; 7.722  ; 7.664  ;
; b[31]      ; f[18]       ; 7.350  ; 7.292  ; 7.962  ; 7.904  ;
; b[31]      ; f[19]       ; 8.577  ; 8.530  ; 9.189  ; 9.142  ;
; b[31]      ; f[20]       ; 4.915  ; 4.895  ; 5.487  ; 5.456  ;
; b[31]      ; f[21]       ; 5.126  ; 5.099  ; 5.679  ; 5.670  ;
; b[31]      ; f[22]       ; 5.624  ; 5.589  ; 6.177  ; 6.142  ;
; b[31]      ; f[23]       ; 6.389  ; 6.417  ; 6.985  ; 6.997  ;
; b[31]      ; f[24]       ; 6.084  ; 6.082  ; 6.668  ; 6.666  ;
; b[31]      ; f[25]       ; 6.287  ; 6.292  ; 6.871  ; 6.876  ;
; b[31]      ; f[26]       ; 7.291  ; 7.190  ; 7.875  ; 7.774  ;
; b[31]      ; f[27]       ; 8.144  ; 8.237  ; 8.728  ; 8.821  ;
; b[31]      ; f[31]       ; 4.676  ; 4.696  ; 5.241  ; 5.261  ;
; b[31]      ; f[48]       ; 6.407  ; 6.410  ; 6.960  ; 6.963  ;
; b[31]      ; f[49]       ; 6.396  ; 6.376  ; 7.008  ; 6.988  ;
; b[31]      ; f[50]       ; 6.565  ; 6.561  ; 7.118  ; 7.114  ;
; b[31]      ; f[51]       ; 7.005  ; 6.981  ; 7.558  ; 7.534  ;
; b[32]      ; f[32]       ; 5.119  ; 5.034  ; 5.693  ; 5.606  ;
; b[32]      ; f[33]       ; 5.001  ; 4.945  ; 5.573  ; 5.517  ;
; b[32]      ; f[34]       ; 5.197  ; 5.137  ; 5.796  ; 5.736  ;
; b[32]      ; f[35]       ; 5.479  ; 5.345  ; 6.078  ; 5.944  ;
; b[33]      ; f[33]       ; 3.556  ; 3.507  ; 3.841  ; 3.799  ;
; b[33]      ; f[34]       ; 4.242  ; 4.186  ; 4.558  ; 4.485  ;
; b[33]      ; f[35]       ; 4.553  ; 4.420  ; 4.827  ; 4.693  ;
; b[34]      ; f[34]       ; 4.902  ; 4.841  ; 5.483  ; 5.422  ;
; b[34]      ; f[35]       ; 5.194  ; 5.060  ; 5.768  ; 5.634  ;
; b[35]      ; f[16]       ; 6.136  ; 6.064  ; 6.760  ; 6.688  ;
; b[35]      ; f[17]       ; 6.274  ; 6.216  ; 6.898  ; 6.840  ;
; b[35]      ; f[18]       ; 6.290  ; 6.232  ; 6.914  ; 6.856  ;
; b[35]      ; f[19]       ; 7.517  ; 7.470  ; 8.141  ; 8.094  ;
; b[35]      ; f[32]       ; 6.512  ; 6.410  ; 7.136  ; 7.034  ;
; b[35]      ; f[33]       ; 6.248  ; 6.192  ; 6.872  ; 6.816  ;
; b[35]      ; f[34]       ; 6.591  ; 6.535  ; 7.215  ; 7.159  ;
; b[35]      ; f[35]       ; 5.405  ; 5.279  ; 6.029  ; 5.903  ;
; b[35]      ; f[36]       ; 5.202  ; 5.145  ; 5.826  ; 5.769  ;
; b[35]      ; f[37]       ; 5.194  ; 5.161  ; 5.818  ; 5.785  ;
; b[35]      ; f[38]       ; 5.572  ; 5.543  ; 6.196  ; 6.163  ;
; b[35]      ; f[39]       ; 6.169  ; 6.214  ; 6.793  ; 6.838  ;
; b[35]      ; f[40]       ; 5.952  ; 5.939  ; 6.572  ; 6.559  ;
; b[35]      ; f[41]       ; 6.243  ; 6.244  ; 6.863  ; 6.864  ;
; b[35]      ; f[42]       ; 6.255  ; 6.245  ; 6.875  ; 6.865  ;
; b[35]      ; f[43]       ; 6.444  ; 6.449  ; 7.064  ; 7.069  ;
; b[35]      ; f[44]       ; 6.214  ; 6.219  ; 6.834  ; 6.839  ;
; b[35]      ; f[45]       ; 6.486  ; 6.480  ; 7.106  ; 7.100  ;
; b[35]      ; f[46]       ; 6.461  ; 6.466  ; 7.081  ; 7.086  ;
; b[35]      ; f[47]       ; 6.844  ; 6.861  ; 7.464  ; 7.481  ;
; b[36]      ; f[36]       ; 3.389  ; 3.347  ; 3.710  ; 3.675  ;
; b[36]      ; f[37]       ; 3.679  ; 3.644  ; 3.999  ; 3.945  ;
; b[36]      ; f[38]       ; 4.078  ; 4.036  ; 4.403  ; 4.361  ;
; b[36]      ; f[39]       ; 4.717  ; 4.762  ; 5.012  ; 5.057  ;
; b[37]      ; f[37]       ; 4.385  ; 4.339  ; 4.933  ; 4.887  ;
; b[37]      ; f[38]       ; 4.572  ; 4.537  ; 5.121  ; 5.079  ;
; b[37]      ; f[39]       ; 5.169  ; 5.214  ; 5.755  ; 5.800  ;
; b[38]      ; f[38]       ; 4.527  ; 4.485  ; 5.083  ; 5.051  ;
; b[38]      ; f[39]       ; 5.014  ; 5.059  ; 5.617  ; 5.662  ;
; b[39]      ; f[16]       ; 6.275  ; 6.203  ; 6.851  ; 6.779  ;
; b[39]      ; f[17]       ; 6.281  ; 6.223  ; 6.857  ; 6.799  ;
; b[39]      ; f[18]       ; 6.429  ; 6.371  ; 7.005  ; 6.947  ;
; b[39]      ; f[19]       ; 7.656  ; 7.609  ; 8.232  ; 8.185  ;
; b[39]      ; f[32]       ; 6.552  ; 6.450  ; 7.128  ; 7.026  ;
; b[39]      ; f[33]       ; 6.255  ; 6.199  ; 6.831  ; 6.775  ;
; b[39]      ; f[34]       ; 6.631  ; 6.575  ; 7.207  ; 7.151  ;
; b[39]      ; f[35]       ; 6.942  ; 6.809  ; 7.518  ; 7.385  ;
; b[39]      ; f[36]       ; 5.000  ; 4.943  ; 5.576  ; 5.519  ;
; b[39]      ; f[37]       ; 5.161  ; 5.128  ; 5.737  ; 5.704  ;
; b[39]      ; f[38]       ; 5.539  ; 5.513  ; 6.115  ; 6.089  ;
; b[39]      ; f[39]       ; 4.561  ; 4.600  ; 5.153  ; 5.192  ;
; b[39]      ; f[40]       ; 6.369  ; 6.356  ; 6.964  ; 6.951  ;
; b[39]      ; f[41]       ; 6.660  ; 6.661  ; 7.255  ; 7.256  ;
; b[39]      ; f[42]       ; 6.672  ; 6.662  ; 7.267  ; 7.257  ;
; b[39]      ; f[43]       ; 6.861  ; 6.866  ; 7.453  ; 7.460  ;
; b[39]      ; f[44]       ; 5.597  ; 5.602  ; 6.203  ; 6.208  ;
; b[39]      ; f[45]       ; 5.869  ; 5.863  ; 6.475  ; 6.469  ;
; b[39]      ; f[46]       ; 5.844  ; 5.849  ; 6.450  ; 6.455  ;
; b[39]      ; f[47]       ; 6.227  ; 6.244  ; 6.833  ; 6.850  ;
; b[40]      ; f[40]       ; 4.270  ; 4.254  ; 4.817  ; 4.799  ;
; b[40]      ; f[41]       ; 4.562  ; 4.563  ; 5.132  ; 5.113  ;
; b[40]      ; f[42]       ; 4.651  ; 4.658  ; 5.199  ; 5.206  ;
; b[40]      ; f[43]       ; 4.805  ; 4.812  ; 5.353  ; 5.360  ;
; b[41]      ; f[41]       ; 4.281  ; 4.277  ; 4.842  ; 4.838  ;
; b[41]      ; f[42]       ; 4.520  ; 4.512  ; 5.081  ; 5.088  ;
; b[41]      ; f[43]       ; 4.674  ; 4.681  ; 5.235  ; 5.242  ;
; b[42]      ; f[42]       ; 4.234  ; 4.236  ; 4.800  ; 4.802  ;
; b[42]      ; f[43]       ; 4.540  ; 4.547  ; 5.106  ; 5.113  ;
; b[43]      ; f[16]       ; 6.753  ; 6.681  ; 7.318  ; 7.246  ;
; b[43]      ; f[17]       ; 6.759  ; 6.701  ; 7.324  ; 7.266  ;
; b[43]      ; f[18]       ; 6.907  ; 6.849  ; 7.472  ; 7.414  ;
; b[43]      ; f[19]       ; 8.134  ; 8.087  ; 8.699  ; 8.652  ;
; b[43]      ; f[32]       ; 7.030  ; 6.928  ; 7.595  ; 7.493  ;
; b[43]      ; f[33]       ; 6.733  ; 6.677  ; 7.298  ; 7.242  ;
; b[43]      ; f[34]       ; 7.109  ; 7.053  ; 7.674  ; 7.618  ;
; b[43]      ; f[35]       ; 7.420  ; 7.287  ; 7.985  ; 7.852  ;
; b[43]      ; f[36]       ; 5.844  ; 5.787  ; 6.409  ; 6.352  ;
; b[43]      ; f[37]       ; 6.237  ; 6.204  ; 6.802  ; 6.769  ;
; b[43]      ; f[38]       ; 6.615  ; 6.589  ; 7.180  ; 7.154  ;
; b[43]      ; f[39]       ; 7.212  ; 7.257  ; 7.777  ; 7.822  ;
; b[43]      ; f[40]       ; 7.485  ; 7.452  ; 8.050  ; 8.017  ;
; b[43]      ; f[41]       ; 7.800  ; 7.781  ; 8.365  ; 8.346  ;
; b[43]      ; f[42]       ; 7.799  ; 7.806  ; 8.364  ; 8.371  ;
; b[43]      ; f[43]       ; 4.314  ; 4.308  ; 4.870  ; 4.871  ;
; b[43]      ; f[44]       ; 6.773  ; 6.776  ; 7.346  ; 7.331  ;
; b[43]      ; f[45]       ; 7.045  ; 7.039  ; 7.639  ; 7.648  ;
; b[43]      ; f[46]       ; 7.020  ; 7.025  ; 7.620  ; 7.605  ;
; b[43]      ; f[47]       ; 7.391  ; 7.410  ; 7.946  ; 7.965  ;
; b[44]      ; f[44]       ; 3.961  ; 3.954  ; 4.521  ; 4.514  ;
; b[44]      ; f[45]       ; 4.251  ; 4.250  ; 4.809  ; 4.803  ;
; b[44]      ; f[46]       ; 4.258  ; 4.243  ; 4.812  ; 4.803  ;
; b[44]      ; f[47]       ; 4.584  ; 4.603  ; 5.144  ; 5.163  ;
; b[45]      ; f[45]       ; 4.069  ; 4.065  ; 4.610  ; 4.614  ;
; b[45]      ; f[46]       ; 4.263  ; 4.268  ; 4.831  ; 4.816  ;
; b[45]      ; f[47]       ; 4.609  ; 4.628  ; 5.157  ; 5.176  ;
; b[46]      ; f[46]       ; 4.041  ; 4.034  ; 4.599  ; 4.592  ;
; b[46]      ; f[47]       ; 4.378  ; 4.397  ; 4.936  ; 4.955  ;
; b[47]      ; f[16]       ; 6.769  ; 6.697  ; 7.338  ; 7.266  ;
; b[47]      ; f[17]       ; 6.907  ; 6.849  ; 7.476  ; 7.418  ;
; b[47]      ; f[18]       ; 6.923  ; 6.865  ; 7.492  ; 7.434  ;
; b[47]      ; f[19]       ; 8.150  ; 8.103  ; 8.719  ; 8.672  ;
; b[47]      ; f[32]       ; 7.145  ; 7.043  ; 7.714  ; 7.612  ;
; b[47]      ; f[33]       ; 6.881  ; 6.825  ; 7.450  ; 7.394  ;
; b[47]      ; f[34]       ; 7.224  ; 7.168  ; 7.793  ; 7.737  ;
; b[47]      ; f[35]       ; 7.535  ; 7.402  ; 8.104  ; 7.971  ;
; b[47]      ; f[36]       ; 6.021  ; 5.964  ; 6.592  ; 6.535  ;
; b[47]      ; f[37]       ; 6.233  ; 6.200  ; 6.804  ; 6.771  ;
; b[47]      ; f[38]       ; 6.611  ; 6.585  ; 7.182  ; 7.156  ;
; b[47]      ; f[39]       ; 7.208  ; 7.253  ; 7.779  ; 7.824  ;
; b[47]      ; f[40]       ; 6.399  ; 6.386  ; 6.987  ; 6.974  ;
; b[47]      ; f[41]       ; 6.690  ; 6.691  ; 7.278  ; 7.279  ;
; b[47]      ; f[42]       ; 6.702  ; 6.692  ; 7.290  ; 7.280  ;
; b[47]      ; f[43]       ; 6.891  ; 6.896  ; 7.479  ; 7.484  ;
; b[47]      ; f[47]       ; 4.253  ; 4.266  ; 4.822  ; 4.835  ;
; b[48]      ; f[48]       ; 4.074  ; 4.072  ; 4.654  ; 4.652  ;
; b[48]      ; f[49]       ; 4.388  ; 4.368  ; 4.968  ; 4.948  ;
; b[48]      ; f[50]       ; 4.371  ; 4.374  ; 4.951  ; 4.954  ;
; b[48]      ; f[51]       ; 4.835  ; 4.811  ; 5.411  ; 5.387  ;
; b[49]      ; f[49]       ; 4.123  ; 4.102  ; 4.677  ; 4.661  ;
; b[49]      ; f[50]       ; 4.232  ; 4.235  ; 4.811  ; 4.814  ;
; b[49]      ; f[51]       ; 4.687  ; 4.663  ; 5.262  ; 5.238  ;
; b[50]      ; f[50]       ; 4.206  ; 4.207  ; 4.777  ; 4.778  ;
; b[50]      ; f[51]       ; 4.559  ; 4.535  ; 5.123  ; 5.099  ;
; b[51]      ; f[16]       ; 6.496  ; 6.424  ; 7.041  ; 6.969  ;
; b[51]      ; f[17]       ; 6.634  ; 6.576  ; 7.179  ; 7.121  ;
; b[51]      ; f[18]       ; 6.650  ; 6.592  ; 7.195  ; 7.137  ;
; b[51]      ; f[19]       ; 7.877  ; 7.830  ; 8.422  ; 8.375  ;
; b[51]      ; f[32]       ; 6.872  ; 6.770  ; 7.417  ; 7.315  ;
; b[51]      ; f[33]       ; 6.608  ; 6.552  ; 7.153  ; 7.097  ;
; b[51]      ; f[34]       ; 6.951  ; 6.895  ; 7.496  ; 7.440  ;
; b[51]      ; f[35]       ; 7.262  ; 7.129  ; 7.807  ; 7.674  ;
; b[51]      ; f[48]       ; 7.034  ; 7.037  ; 7.588  ; 7.591  ;
; b[51]      ; f[49]       ; 7.127  ; 7.107  ; 7.688  ; 7.668  ;
; b[51]      ; f[50]       ; 7.192  ; 7.188  ; 7.746  ; 7.742  ;
; b[51]      ; f[51]       ; 4.145  ; 4.133  ; 4.706  ; 4.694  ;
; b[51]      ; f[52]       ; 5.028  ; 4.993  ; 5.589  ; 5.554  ;
; b[51]      ; f[53]       ; 5.376  ; 5.344  ; 5.930  ; 5.898  ;
; b[51]      ; f[54]       ; 5.464  ; 5.441  ; 6.018  ; 5.995  ;
; b[51]      ; f[55]       ; 5.803  ; 5.839  ; 6.364  ; 6.400  ;
; b[51]      ; f[56]       ; 6.394  ; 6.397  ; 6.955  ; 6.958  ;
; b[51]      ; f[57]       ; 7.122  ; 7.005  ; 7.683  ; 7.566  ;
; b[51]      ; f[58]       ; 6.655  ; 6.637  ; 7.216  ; 7.198  ;
; b[51]      ; f[59]       ; 7.556  ; 7.626  ; 8.117  ; 8.187  ;
; b[51]      ; f[60]       ; 5.638  ; 5.647  ; 6.199  ; 6.208  ;
; b[51]      ; f[61]       ; 5.899  ; 5.885  ; 6.460  ; 6.446  ;
; b[51]      ; f[62]       ; 5.835  ; 5.843  ; 6.396  ; 6.404  ;
; b[51]      ; f[63]       ; 6.277  ; 6.282  ; 6.838  ; 6.843  ;
; b[52]      ; f[52]       ; 4.312  ; 4.281  ; 4.857  ; 4.826  ;
; b[52]      ; f[53]       ; 4.463  ; 4.432  ; 5.016  ; 4.977  ;
; b[52]      ; f[54]       ; 4.660  ; 4.637  ; 5.248  ; 5.214  ;
; b[52]      ; f[55]       ; 5.014  ; 5.061  ; 5.575  ; 5.611  ;
; b[53]      ; f[53]       ; 4.285  ; 4.267  ; 4.839  ; 4.815  ;
; b[53]      ; f[54]       ; 4.448  ; 4.405  ; 5.000  ; 4.977  ;
; b[53]      ; f[55]       ; 4.766  ; 4.802  ; 5.354  ; 5.404  ;
; b[54]      ; f[54]       ; 4.137  ; 4.109  ; 4.692  ; 4.664  ;
; b[54]      ; f[55]       ; 4.472  ; 4.508  ; 5.027  ; 5.063  ;
; b[55]      ; f[16]       ; 6.775  ; 6.703  ; 7.331  ; 7.259  ;
; b[55]      ; f[17]       ; 6.781  ; 6.723  ; 7.337  ; 7.279  ;
; b[55]      ; f[18]       ; 6.929  ; 6.871  ; 7.485  ; 7.427  ;
; b[55]      ; f[19]       ; 8.156  ; 8.109  ; 8.712  ; 8.665  ;
; b[55]      ; f[32]       ; 7.052  ; 6.950  ; 7.608  ; 7.506  ;
; b[55]      ; f[33]       ; 6.755  ; 6.699  ; 7.311  ; 7.255  ;
; b[55]      ; f[34]       ; 7.131  ; 7.075  ; 7.687  ; 7.631  ;
; b[55]      ; f[35]       ; 7.442  ; 7.309  ; 7.998  ; 7.865  ;
; b[55]      ; f[48]       ; 6.570  ; 6.573  ; 7.135  ; 7.138  ;
; b[55]      ; f[49]       ; 6.694  ; 6.684  ; 7.259  ; 7.249  ;
; b[55]      ; f[50]       ; 6.728  ; 6.724  ; 7.293  ; 7.289  ;
; b[55]      ; f[51]       ; 7.168  ; 7.144  ; 7.733  ; 7.709  ;
; b[55]      ; f[52]       ; 4.913  ; 4.878  ; 5.485  ; 5.450  ;
; b[55]      ; f[53]       ; 5.249  ; 5.217  ; 5.814  ; 5.782  ;
; b[55]      ; f[54]       ; 5.337  ; 5.314  ; 5.902  ; 5.879  ;
; b[55]      ; f[55]       ; 4.571  ; 4.619  ; 5.143  ; 5.187  ;
; b[55]      ; f[56]       ; 5.966  ; 5.969  ; 6.538  ; 6.541  ;
; b[55]      ; f[57]       ; 6.694  ; 6.577  ; 7.266  ; 7.149  ;
; b[55]      ; f[58]       ; 6.217  ; 6.209  ; 6.782  ; 6.781  ;
; b[55]      ; f[59]       ; 7.128  ; 7.198  ; 7.700  ; 7.770  ;
; b[55]      ; f[60]       ; 5.638  ; 5.647  ; 6.194  ; 6.203  ;
; b[55]      ; f[61]       ; 5.899  ; 5.885  ; 6.455  ; 6.441  ;
; b[55]      ; f[62]       ; 5.835  ; 5.843  ; 6.391  ; 6.399  ;
; b[55]      ; f[63]       ; 6.277  ; 6.282  ; 6.833  ; 6.838  ;
; b[56]      ; f[56]       ; 4.140  ; 4.132  ; 4.720  ; 4.712  ;
; b[56]      ; f[57]       ; 5.115  ; 4.998  ; 5.695  ; 5.578  ;
; b[56]      ; f[58]       ; 4.366  ; 4.349  ; 4.942  ; 4.929  ;
; b[56]      ; f[59]       ; 5.268  ; 5.338  ; 5.848  ; 5.918  ;
; b[57]      ; f[57]       ; 5.000  ; 4.890  ; 5.554  ; 5.452  ;
; b[57]      ; f[58]       ; 4.525  ; 4.507  ; 5.092  ; 5.075  ;
; b[57]      ; f[59]       ; 5.426  ; 5.496  ; 5.994  ; 6.064  ;
; b[58]      ; f[58]       ; 4.170  ; 4.174  ; 4.728  ; 4.725  ;
; b[58]      ; f[59]       ; 5.093  ; 5.163  ; 5.644  ; 5.714  ;
; b[59]      ; f[16]       ; 6.188  ; 6.116  ; 6.749  ; 6.677  ;
; b[59]      ; f[17]       ; 6.194  ; 6.136  ; 6.755  ; 6.697  ;
; b[59]      ; f[18]       ; 6.342  ; 6.284  ; 6.903  ; 6.845  ;
; b[59]      ; f[19]       ; 7.569  ; 7.522  ; 8.130  ; 8.083  ;
; b[59]      ; f[32]       ; 6.465  ; 6.363  ; 7.026  ; 6.924  ;
; b[59]      ; f[33]       ; 6.168  ; 6.112  ; 6.729  ; 6.673  ;
; b[59]      ; f[34]       ; 6.544  ; 6.488  ; 7.105  ; 7.049  ;
; b[59]      ; f[35]       ; 6.855  ; 6.722  ; 7.416  ; 7.283  ;
; b[59]      ; f[48]       ; 6.712  ; 6.715  ; 7.268  ; 7.271  ;
; b[59]      ; f[49]       ; 6.836  ; 6.826  ; 7.392  ; 7.382  ;
; b[59]      ; f[50]       ; 6.870  ; 6.866  ; 7.426  ; 7.422  ;
; b[59]      ; f[51]       ; 7.310  ; 7.286  ; 7.866  ; 7.842  ;
; b[59]      ; f[52]       ; 6.276  ; 6.241  ; 6.868  ; 6.833  ;
; b[59]      ; f[53]       ; 6.626  ; 6.593  ; 7.218  ; 7.185  ;
; b[59]      ; f[54]       ; 6.733  ; 6.690  ; 7.325  ; 7.282  ;
; b[59]      ; f[55]       ; 7.051  ; 7.087  ; 7.643  ; 7.679  ;
; b[59]      ; f[56]       ; 6.124  ; 6.127  ; 6.714  ; 6.699  ;
; b[59]      ; f[57]       ; 6.852  ; 6.735  ; 7.444  ; 7.327  ;
; b[59]      ; f[58]       ; 6.380  ; 6.367  ; 6.936  ; 6.938  ;
; b[59]      ; f[59]       ; 5.409  ; 5.486  ; 5.994  ; 6.059  ;
; b[59]      ; f[60]       ; 4.458  ; 4.467  ; 5.019  ; 5.028  ;
; b[59]      ; f[61]       ; 4.710  ; 4.705  ; 5.280  ; 5.266  ;
; b[59]      ; f[62]       ; 4.655  ; 4.661  ; 5.216  ; 5.224  ;
; b[59]      ; f[63]       ; 5.097  ; 5.102  ; 5.658  ; 5.663  ;
; b[60]      ; f[60]       ; 4.098  ; 4.105  ; 4.667  ; 4.674  ;
; b[60]      ; f[61]       ; 4.419  ; 4.405  ; 4.988  ; 4.974  ;
; b[60]      ; f[62]       ; 4.357  ; 4.365  ; 4.926  ; 4.934  ;
; b[60]      ; f[63]       ; 4.799  ; 4.804  ; 5.368  ; 5.373  ;
; b[61]      ; f[61]       ; 4.182  ; 4.176  ; 4.735  ; 4.729  ;
; b[61]      ; f[62]       ; 4.373  ; 4.381  ; 4.945  ; 4.946  ;
; b[61]      ; f[63]       ; 4.815  ; 4.820  ; 5.411  ; 5.416  ;
; b[62]      ; f[62]       ; 4.070  ; 4.076  ; 4.637  ; 4.643  ;
; b[62]      ; f[63]       ; 4.553  ; 4.558  ; 5.120  ; 5.125  ;
; b[63]      ; f[16]       ; 6.528  ; 6.456  ; 7.086  ; 7.014  ;
; b[63]      ; f[17]       ; 6.666  ; 6.608  ; 7.224  ; 7.166  ;
; b[63]      ; f[18]       ; 6.682  ; 6.624  ; 7.240  ; 7.182  ;
; b[63]      ; f[19]       ; 7.909  ; 7.862  ; 8.467  ; 8.420  ;
; b[63]      ; f[32]       ; 6.904  ; 6.802  ; 7.462  ; 7.360  ;
; b[63]      ; f[33]       ; 6.640  ; 6.584  ; 7.198  ; 7.142  ;
; b[63]      ; f[34]       ; 6.983  ; 6.927  ; 7.541  ; 7.485  ;
; b[63]      ; f[35]       ; 7.294  ; 7.161  ; 7.852  ; 7.719  ;
; b[63]      ; f[48]       ; 6.555  ; 6.558  ; 7.138  ; 7.141  ;
; b[63]      ; f[49]       ; 6.679  ; 6.669  ; 7.262  ; 7.251  ;
; b[63]      ; f[50]       ; 6.713  ; 6.709  ; 7.296  ; 7.292  ;
; b[63]      ; f[51]       ; 7.153  ; 7.129  ; 7.736  ; 7.712  ;
; b[63]      ; f[52]       ; 5.967  ; 5.932  ; 6.525  ; 6.490  ;
; b[63]      ; f[53]       ; 6.317  ; 6.284  ; 6.875  ; 6.842  ;
; b[63]      ; f[54]       ; 6.424  ; 6.381  ; 6.982  ; 6.939  ;
; b[63]      ; f[55]       ; 6.742  ; 6.778  ; 7.300  ; 7.336  ;
; b[63]      ; f[56]       ; 4.563  ; 4.548  ; 5.141  ; 5.135  ;
; b[63]      ; f[57]       ; 5.394  ; 5.277  ; 5.952  ; 5.835  ;
; b[63]      ; f[58]       ; 4.785  ; 4.787  ; 5.372  ; 5.374  ;
; b[63]      ; f[59]       ; 5.745  ; 5.815  ; 6.303  ; 6.373  ;
; b[63]      ; f[63]       ; 4.460  ; 4.459  ; 5.018  ; 5.017  ;
; c          ; f[0]        ; 3.904  ; 3.913  ; 4.449  ; 4.478  ;
; c          ; f[1]        ; 4.032  ; 4.027  ; 4.571  ; 4.559  ;
; c          ; f[2]        ; 4.581  ; 4.575  ; 5.092  ; 5.068  ;
; c          ; f[3]        ; 4.653  ; 4.673  ; 5.204  ; 5.207  ;
; s[0]       ; f[0]        ; 4.897  ; 4.919  ; 5.650  ; 5.654  ;
; s[0]       ; f[1]        ; 4.807  ; 4.800  ; 5.555  ; 5.528  ;
; s[0]       ; f[2]        ; 4.891  ; 4.874  ; 5.623  ; 5.613  ;
; s[0]       ; f[3]        ; 4.780  ; 4.793  ; 5.517  ; 5.523  ;
; s[0]       ; f[4]        ; 4.656  ; 4.661  ; 5.307  ; 5.323  ;
; s[0]       ; f[5]        ; 4.410  ; 4.393  ; 5.048  ; 5.038  ;
; s[0]       ; f[6]        ; 4.652  ; 4.648  ; 5.321  ; 5.334  ;
; s[0]       ; f[7]        ; 4.852  ; 4.874  ; 5.525  ; 5.540  ;
; s[0]       ; f[8]        ; 4.820  ; 4.780  ; 5.504  ; 5.480  ;
; s[0]       ; f[9]        ; 4.649  ; 4.628  ; 5.318  ; 5.314  ;
; s[0]       ; f[10]       ; 4.638  ; 4.631  ; 5.327  ; 5.300  ;
; s[0]       ; f[11]       ; 5.132  ; 5.144  ; 5.830  ; 5.835  ;
; s[0]       ; f[12]       ; 4.625  ; 4.614  ; 5.286  ; 5.282  ;
; s[0]       ; f[13]       ; 4.936  ; 4.890  ; 5.599  ; 5.570  ;
; s[0]       ; f[14]       ; 5.526  ; 5.382  ; 6.194  ; 6.068  ;
; s[0]       ; f[15]       ; 5.221  ; 5.278  ; 5.926  ; 6.003  ;
; s[0]       ; f[16]       ; 5.591  ; 5.520  ; 6.338  ; 6.269  ;
; s[0]       ; f[17]       ; 5.435  ; 5.388  ; 6.177  ; 6.137  ;
; s[0]       ; f[18]       ; 5.372  ; 5.308  ; 6.136  ; 6.052  ;
; s[0]       ; f[19]       ; 4.849  ; 4.803  ; 5.514  ; 5.505  ;
; s[0]       ; f[20]       ; 4.949  ; 4.918  ; 5.628  ; 5.604  ;
; s[0]       ; f[21]       ; 4.796  ; 4.782  ; 5.510  ; 5.503  ;
; s[0]       ; f[22]       ; 5.064  ; 5.036  ; 5.797  ; 5.776  ;
; s[0]       ; f[23]       ; 5.097  ; 5.123  ; 5.794  ; 5.804  ;
; s[0]       ; f[24]       ; 4.585  ; 4.576  ; 5.264  ; 5.272  ;
; s[0]       ; f[25]       ; 4.471  ; 4.471  ; 5.144  ; 5.151  ;
; s[0]       ; f[26]       ; 5.579  ; 5.466  ; 6.258  ; 6.161  ;
; s[0]       ; f[27]       ; 4.937  ; 5.015  ; 5.604  ; 5.675  ;
; s[0]       ; f[28]       ; 4.808  ; 4.774  ; 5.523  ; 5.491  ;
; s[0]       ; f[29]       ; 4.941  ; 4.924  ; 5.634  ; 5.634  ;
; s[0]       ; f[30]       ; 5.789  ; 5.643  ; 6.495  ; 6.329  ;
; s[0]       ; f[31]       ; 4.999  ; 5.017  ; 5.707  ; 5.723  ;
; s[0]       ; f[32]       ; 5.615  ; 5.528  ; 6.335  ; 6.255  ;
; s[0]       ; f[33]       ; 5.161  ; 5.119  ; 5.896  ; 5.834  ;
; s[0]       ; f[34]       ; 5.427  ; 5.361  ; 6.144  ; 6.085  ;
; s[0]       ; f[35]       ; 5.739  ; 5.606  ; 6.430  ; 6.296  ;
; s[0]       ; f[36]       ; 5.010  ; 4.968  ; 5.746  ; 5.715  ;
; s[0]       ; f[37]       ; 5.066  ; 5.020  ; 5.794  ; 5.750  ;
; s[0]       ; f[38]       ; 4.951  ; 4.919  ; 5.694  ; 5.642  ;
; s[0]       ; f[39]       ; 5.089  ; 5.128  ; 5.821  ; 5.853  ;
; s[0]       ; f[40]       ; 4.632  ; 4.614  ; 5.322  ; 5.311  ;
; s[0]       ; f[41]       ; 4.871  ; 4.860  ; 5.548  ; 5.554  ;
; s[0]       ; f[42]       ; 4.708  ; 4.705  ; 5.409  ; 5.413  ;
; s[0]       ; f[43]       ; 4.721  ; 4.722  ; 5.428  ; 5.422  ;
; s[0]       ; f[44]       ; 4.469  ; 4.464  ; 5.161  ; 5.172  ;
; s[0]       ; f[45]       ; 4.418  ; 4.422  ; 5.112  ; 5.096  ;
; s[0]       ; f[46]       ; 4.390  ; 4.390  ; 5.068  ; 5.075  ;
; s[0]       ; f[47]       ; 4.587  ; 4.608  ; 5.283  ; 5.303  ;
; s[0]       ; f[48]       ; 4.590  ; 4.581  ; 5.265  ; 5.273  ;
; s[0]       ; f[49]       ; 4.584  ; 4.568  ; 5.270  ; 5.234  ;
; s[0]       ; f[50]       ; 4.576  ; 4.565  ; 5.271  ; 5.277  ;
; s[0]       ; f[51]       ; 4.553  ; 4.536  ; 5.246  ; 5.236  ;
; s[0]       ; f[52]       ; 4.792  ; 4.761  ; 5.458  ; 5.464  ;
; s[0]       ; f[53]       ; 4.693  ; 4.669  ; 5.382  ; 5.365  ;
; s[0]       ; f[54]       ; 4.748  ; 4.713  ; 5.415  ; 5.397  ;
; s[0]       ; f[55]       ; 4.860  ; 4.901  ; 5.590  ; 5.624  ;
; s[0]       ; f[56]       ; 4.534  ; 4.531  ; 5.213  ; 5.190  ;
; s[0]       ; f[57]       ; 5.211  ; 5.109  ; 5.889  ; 5.767  ;
; s[0]       ; f[58]       ; 4.458  ; 4.455  ; 5.119  ; 5.123  ;
; s[0]       ; f[59]       ; 5.374  ; 5.444  ; 6.124  ; 6.187  ;
; s[0]       ; f[60]       ; 4.838  ; 4.833  ; 5.584  ; 5.596  ;
; s[0]       ; f[61]       ; 4.866  ; 4.860  ; 5.591  ; 5.601  ;
; s[0]       ; f[62]       ; 4.858  ; 4.852  ; 5.610  ; 5.622  ;
; s[0]       ; f[63]       ; 4.655  ; 4.654  ; 5.367  ; 5.359  ;
; s[1]       ; f[0]        ; 4.755  ; 4.777  ; 5.467  ; 5.471  ;
; s[1]       ; f[1]        ; 4.666  ; 4.659  ; 5.372  ; 5.345  ;
; s[1]       ; f[2]        ; 4.750  ; 4.733  ; 5.441  ; 5.431  ;
; s[1]       ; f[3]        ; 4.638  ; 4.651  ; 5.334  ; 5.340  ;
; s[1]       ; f[4]        ; 4.833  ; 4.838  ; 5.500  ; 5.516  ;
; s[1]       ; f[5]        ; 4.691  ; 4.674  ; 5.352  ; 5.342  ;
; s[1]       ; f[6]        ; 4.808  ; 4.804  ; 5.473  ; 5.486  ;
; s[1]       ; f[7]        ; 5.026  ; 5.048  ; 5.715  ; 5.730  ;
; s[1]       ; f[8]        ; 4.692  ; 4.652  ; 5.352  ; 5.328  ;
; s[1]       ; f[9]        ; 4.529  ; 4.508  ; 5.176  ; 5.172  ;
; s[1]       ; f[10]       ; 4.512  ; 4.505  ; 5.178  ; 5.151  ;
; s[1]       ; f[11]       ; 5.089  ; 5.101  ; 5.788  ; 5.793  ;
; s[1]       ; f[12]       ; 4.566  ; 4.555  ; 5.207  ; 5.203  ;
; s[1]       ; f[13]       ; 4.874  ; 4.828  ; 5.517  ; 5.488  ;
; s[1]       ; f[14]       ; 5.461  ; 5.317  ; 6.109  ; 5.983  ;
; s[1]       ; f[15]       ; 5.252  ; 5.309  ; 5.946  ; 6.023  ;
; s[1]       ; f[16]       ; 5.273  ; 5.202  ; 5.976  ; 5.907  ;
; s[1]       ; f[17]       ; 5.157  ; 5.110  ; 5.842  ; 5.802  ;
; s[1]       ; f[18]       ; 5.068  ; 5.004  ; 5.762  ; 5.678  ;
; s[1]       ; f[19]       ; 4.727  ; 4.681  ; 5.369  ; 5.360  ;
; s[1]       ; f[20]       ; 4.733  ; 4.702  ; 5.373  ; 5.349  ;
; s[1]       ; f[21]       ; 4.709  ; 4.695  ; 5.408  ; 5.401  ;
; s[1]       ; f[22]       ; 4.936  ; 4.908  ; 5.633  ; 5.612  ;
; s[1]       ; f[23]       ; 4.895  ; 4.921  ; 5.574  ; 5.584  ;
; s[1]       ; f[24]       ; 4.621  ; 4.612  ; 5.287  ; 5.295  ;
; s[1]       ; f[25]       ; 4.504  ; 4.504  ; 5.165  ; 5.172  ;
; s[1]       ; f[26]       ; 5.617  ; 5.504  ; 6.283  ; 6.186  ;
; s[1]       ; f[27]       ; 4.735  ; 4.813  ; 5.384  ; 5.455  ;
; s[1]       ; f[28]       ; 4.630  ; 4.596  ; 5.292  ; 5.260  ;
; s[1]       ; f[29]       ; 4.765  ; 4.748  ; 5.405  ; 5.405  ;
; s[1]       ; f[30]       ; 5.614  ; 5.468  ; 6.267  ; 6.101  ;
; s[1]       ; f[31]       ; 4.866  ; 4.878  ; 5.555  ; 5.560  ;
; s[1]       ; f[32]       ; 5.376  ; 5.289  ; 6.054  ; 5.974  ;
; s[1]       ; f[33]       ; 4.922  ; 4.880  ; 5.615  ; 5.553  ;
; s[1]       ; f[34]       ; 5.187  ; 5.121  ; 5.861  ; 5.802  ;
; s[1]       ; f[35]       ; 5.499  ; 5.366  ; 6.147  ; 6.013  ;
; s[1]       ; f[36]       ; 4.874  ; 4.832  ; 5.562  ; 5.531  ;
; s[1]       ; f[37]       ; 4.922  ; 4.876  ; 5.625  ; 5.581  ;
; s[1]       ; f[38]       ; 4.809  ; 4.777  ; 5.502  ; 5.450  ;
; s[1]       ; f[39]       ; 4.883  ; 4.922  ; 5.574  ; 5.606  ;
; s[1]       ; f[40]       ; 4.446  ; 4.428  ; 5.099  ; 5.088  ;
; s[1]       ; f[41]       ; 4.629  ; 4.618  ; 5.282  ; 5.288  ;
; s[1]       ; f[42]       ; 4.477  ; 4.474  ; 5.127  ; 5.131  ;
; s[1]       ; f[43]       ; 4.485  ; 4.486  ; 5.140  ; 5.134  ;
; s[1]       ; f[44]       ; 4.715  ; 4.710  ; 5.405  ; 5.416  ;
; s[1]       ; f[45]       ; 4.664  ; 4.668  ; 5.355  ; 5.339  ;
; s[1]       ; f[46]       ; 4.634  ; 4.634  ; 5.309  ; 5.316  ;
; s[1]       ; f[47]       ; 4.833  ; 4.854  ; 5.527  ; 5.547  ;
; s[1]       ; f[48]       ; 4.359  ; 4.350  ; 4.959  ; 4.967  ;
; s[1]       ; f[49]       ; 4.352  ; 4.336  ; 4.964  ; 4.928  ;
; s[1]       ; f[50]       ; 4.352  ; 4.341  ; 4.950  ; 4.956  ;
; s[1]       ; f[51]       ; 4.329  ; 4.312  ; 4.923  ; 4.913  ;
; s[1]       ; f[52]       ; 4.400  ; 4.369  ; 5.000  ; 5.006  ;
; s[1]       ; f[53]       ; 4.311  ; 4.287  ; 4.909  ; 4.892  ;
; s[1]       ; f[54]       ; 4.355  ; 4.320  ; 4.957  ; 4.939  ;
; s[1]       ; f[55]       ; 4.477  ; 4.518  ; 5.115  ; 5.149  ;
; s[1]       ; f[56]       ; 4.518  ; 4.515  ; 5.170  ; 5.147  ;
; s[1]       ; f[57]       ; 5.196  ; 5.094  ; 5.847  ; 5.725  ;
; s[1]       ; f[58]       ; 4.443  ; 4.440  ; 5.076  ; 5.080  ;
; s[1]       ; f[59]       ; 5.359  ; 5.429  ; 6.081  ; 6.144  ;
; s[1]       ; f[60]       ; 4.686  ; 4.681  ; 5.381  ; 5.393  ;
; s[1]       ; f[61]       ; 4.716  ; 4.710  ; 5.413  ; 5.423  ;
; s[1]       ; f[62]       ; 4.713  ; 4.707  ; 5.413  ; 5.425  ;
; s[1]       ; f[63]       ; 4.640  ; 4.639  ; 5.325  ; 5.317  ;
; s[2]       ; f[0]        ; 5.087  ; 5.101  ; 5.851  ; 5.858  ;
; s[2]       ; f[1]        ; 5.164  ; 5.145  ; 5.923  ; 5.921  ;
; s[2]       ; f[2]        ; 5.233  ; 5.221  ; 5.999  ; 5.967  ;
; s[2]       ; f[3]        ; 5.188  ; 5.196  ; 5.940  ; 5.968  ;
; s[2]       ; f[4]        ; 4.881  ; 4.887  ; 5.605  ; 5.618  ;
; s[2]       ; f[5]        ; 4.957  ; 4.945  ; 5.697  ; 5.665  ;
; s[2]       ; f[6]        ; 4.920  ; 4.928  ; 5.660  ; 5.648  ;
; s[2]       ; f[7]        ; 5.244  ; 5.261  ; 5.981  ; 6.018  ;
; s[2]       ; f[8]        ; 4.877  ; 4.835  ; 5.548  ; 5.522  ;
; s[2]       ; f[9]        ; 4.625  ; 4.611  ; 5.312  ; 5.305  ;
; s[2]       ; f[10]       ; 4.524  ; 4.512  ; 5.200  ; 5.195  ;
; s[2]       ; f[11]       ; 5.426  ; 5.444  ; 6.200  ; 6.216  ;
; s[2]       ; f[12]       ; 5.257  ; 5.239  ; 6.012  ; 6.011  ;
; s[2]       ; f[13]       ; 5.207  ; 5.173  ; 5.915  ; 5.861  ;
; s[2]       ; f[14]       ; 6.012  ; 5.880  ; 6.741  ; 6.604  ;
; s[2]       ; f[15]       ; 5.807  ; 5.874  ; 6.616  ; 6.667  ;
; s[2]       ; f[16]       ; 5.461  ; 5.396  ; 6.192  ; 6.134  ;
; s[2]       ; f[17]       ; 5.447  ; 5.401  ; 6.182  ; 6.146  ;
; s[2]       ; f[18]       ; 5.414  ; 5.338  ; 6.145  ; 6.085  ;
; s[2]       ; f[19]       ; 4.743  ; 4.707  ; 5.416  ; 5.387  ;
; s[2]       ; f[20]       ; 5.182  ; 5.156  ; 5.912  ; 5.866  ;
; s[2]       ; f[21]       ; 5.027  ; 5.005  ; 5.762  ; 5.758  ;
; s[2]       ; f[22]       ; 5.192  ; 5.169  ; 5.940  ; 5.897  ;
; s[2]       ; f[23]       ; 5.191  ; 5.207  ; 5.900  ; 5.936  ;
; s[2]       ; f[24]       ; 4.227  ; 4.230  ; 4.838  ; 4.821  ;
; s[2]       ; f[25]       ; 4.257  ; 4.250  ; 4.857  ; 4.867  ;
; s[2]       ; f[26]       ; 5.267  ; 5.156  ; 5.872  ; 5.777  ;
; s[2]       ; f[27]       ; 5.253  ; 5.338  ; 5.984  ; 6.052  ;
; s[2]       ; f[28]       ; 4.905  ; 4.877  ; 5.615  ; 5.594  ;
; s[2]       ; f[29]       ; 5.105  ; 5.100  ; 5.838  ; 5.813  ;
; s[2]       ; f[30]       ; 5.995  ; 5.837  ; 6.709  ; 6.568  ;
; s[2]       ; f[31]       ; 5.193  ; 5.205  ; 5.934  ; 5.939  ;
; s[2]       ; f[32]       ; 5.763  ; 5.669  ; 6.498  ; 6.422  ;
; s[2]       ; f[33]       ; 5.309  ; 5.254  ; 6.037  ; 5.999  ;
; s[2]       ; f[34]       ; 5.583  ; 5.522  ; 6.343  ; 6.262  ;
; s[2]       ; f[35]       ; 5.761  ; 5.635  ; 6.531  ; 6.412  ;
; s[2]       ; f[36]       ; 4.941  ; 4.899  ; 5.657  ; 5.622  ;
; s[2]       ; f[37]       ; 5.111  ; 5.063  ; 5.851  ; 5.804  ;
; s[2]       ; f[38]       ; 5.046  ; 5.002  ; 5.768  ; 5.740  ;
; s[2]       ; f[39]       ; 5.128  ; 5.175  ; 5.872  ; 5.918  ;
; s[2]       ; f[40]       ; 4.278  ; 4.253  ; 4.872  ; 4.865  ;
; s[2]       ; f[41]       ; 4.242  ; 4.238  ; 4.825  ; 4.828  ;
; s[2]       ; f[42]       ; 4.378  ; 4.380  ; 4.983  ; 4.965  ;
; s[2]       ; f[43]       ; 4.307  ; 4.316  ; 4.907  ; 4.915  ;
; s[2]       ; f[44]       ; 4.243  ; 4.236  ; 4.835  ; 4.844  ;
; s[2]       ; f[45]       ; 4.119  ; 4.111  ; 4.704  ; 4.712  ;
; s[2]       ; f[46]       ; 4.268  ; 4.261  ; 4.834  ; 4.839  ;
; s[2]       ; f[47]       ; 4.127  ; 4.140  ; 4.711  ; 4.717  ;
; s[2]       ; f[48]       ; 4.615  ; 4.613  ; 5.307  ; 5.312  ;
; s[2]       ; f[49]       ; 4.670  ; 4.649  ; 5.362  ; 5.348  ;
; s[2]       ; f[50]       ; 4.662  ; 4.663  ; 5.369  ; 5.350  ;
; s[2]       ; f[51]       ; 4.745  ; 4.733  ; 5.450  ; 5.418  ;
; s[2]       ; f[52]       ; 4.756  ; 4.724  ; 5.428  ; 5.440  ;
; s[2]       ; f[53]       ; 4.906  ; 4.874  ; 5.598  ; 5.585  ;
; s[2]       ; f[54]       ; 4.716  ; 4.688  ; 5.407  ; 5.386  ;
; s[2]       ; f[55]       ; 5.051  ; 5.087  ; 5.766  ; 5.822  ;
; s[2]       ; f[56]       ; 4.821  ; 4.813  ; 5.534  ; 5.533  ;
; s[2]       ; f[57]       ; 5.682  ; 5.569  ; 6.407  ; 6.311  ;
; s[2]       ; f[58]       ; 4.845  ; 4.835  ; 5.575  ; 5.582  ;
; s[2]       ; f[59]       ; 5.755  ; 5.825  ; 6.580  ; 6.643  ;
; s[2]       ; f[60]       ; 4.493  ; 4.500  ; 5.203  ; 5.190  ;
; s[2]       ; f[61]       ; 4.684  ; 4.680  ; 5.391  ; 5.403  ;
; s[2]       ; f[62]       ; 4.644  ; 4.650  ; 5.375  ; 5.361  ;
; s[2]       ; f[63]       ; 4.913  ; 4.920  ; 5.671  ; 5.677  ;
; s[3]       ; f[0]        ; 4.031  ; 4.045  ; 4.243  ; 4.250  ;
; s[3]       ; f[1]        ; 4.108  ; 4.089  ; 4.317  ; 4.315  ;
; s[3]       ; f[2]        ; 4.077  ; 4.065  ; 4.310  ; 4.278  ;
; s[3]       ; f[3]        ; 4.029  ; 4.037  ; 4.246  ; 4.274  ;
; s[3]       ; f[4]        ; 3.661  ; 3.667  ; 3.934  ; 3.947  ;
; s[3]       ; f[5]        ; 3.711  ; 3.699  ; 4.003  ; 3.971  ;
; s[3]       ; f[6]        ; 3.710  ; 3.718  ; 3.999  ; 3.987  ;
; s[3]       ; f[7]        ; 4.021  ; 4.038  ; 4.307  ; 4.344  ;
; s[3]       ; f[8]        ; 3.819  ; 3.777  ; 4.104  ; 4.078  ;
; s[3]       ; f[9]        ; 3.545  ; 3.531  ; 3.823  ; 3.816  ;
; s[3]       ; f[10]       ; 3.564  ; 3.552  ; 3.844  ; 3.839  ;
; s[3]       ; f[11]       ; 4.626  ; 4.644  ; 4.912  ; 4.928  ;
; s[3]       ; f[12]       ; 4.132  ; 4.114  ; 4.358  ; 4.357  ;
; s[3]       ; f[13]       ; 4.509  ; 4.477  ; 4.739  ; 4.685  ;
; s[3]       ; f[14]       ; 5.094  ; 4.962  ; 5.318  ; 5.166  ;
; s[3]       ; f[15]       ; 4.941  ; 5.008  ; 5.214  ; 5.265  ;
; s[3]       ; f[16]       ; 3.933  ; 3.868  ; 4.240  ; 4.182  ;
; s[3]       ; f[17]       ; 3.976  ; 3.930  ; 4.295  ; 4.259  ;
; s[3]       ; f[18]       ; 3.882  ; 3.806  ; 4.175  ; 4.115  ;
; s[3]       ; f[19]       ; 3.787  ; 3.751  ; 4.065  ; 4.036  ;
; s[3]       ; f[20]       ; 4.017  ; 3.991  ; 4.288  ; 4.242  ;
; s[3]       ; f[21]       ; 3.972  ; 3.950  ; 4.194  ; 4.190  ;
; s[3]       ; f[22]       ; 4.131  ; 4.108  ; 4.366  ; 4.323  ;
; s[3]       ; f[23]       ; 4.008  ; 4.024  ; 4.262  ; 4.298  ;
; s[3]       ; f[24]       ; 3.346  ; 3.349  ; 3.690  ; 3.673  ;
; s[3]       ; f[25]       ; 3.330  ; 3.323  ; 3.637  ; 3.647  ;
; s[3]       ; f[26]       ; 4.327  ; 4.216  ; 4.643  ; 4.548  ;
; s[3]       ; f[27]       ; 4.069  ; 4.154  ; 4.345  ; 4.413  ;
; s[3]       ; f[28]       ; 3.943  ; 3.915  ; 4.161  ; 4.140  ;
; s[3]       ; f[29]       ; 4.238  ; 4.233  ; 4.456  ; 4.437  ;
; s[3]       ; f[30]       ; 5.193  ; 5.035  ; 5.419  ; 5.278  ;
; s[3]       ; f[31]       ; 4.085  ; 4.105  ; 4.375  ; 4.394  ;
; s[3]       ; f[32]       ; 4.306  ; 4.212  ; 4.622  ; 4.546  ;
; s[3]       ; f[33]       ; 3.805  ; 3.750  ; 4.096  ; 4.058  ;
; s[3]       ; f[34]       ; 4.012  ; 3.951  ; 4.325  ; 4.244  ;
; s[3]       ; f[35]       ; 4.323  ; 4.190  ; 4.586  ; 4.452  ;
; s[3]       ; f[36]       ; 3.559  ; 3.517  ; 3.853  ; 3.818  ;
; s[3]       ; f[37]       ; 3.654  ; 3.606  ; 3.985  ; 3.938  ;
; s[3]       ; f[38]       ; 3.590  ; 3.546  ; 3.904  ; 3.876  ;
; s[3]       ; f[39]       ; 3.732  ; 3.779  ; 4.050  ; 4.096  ;
; s[3]       ; f[40]       ; 3.629  ; 3.604  ; 3.937  ; 3.930  ;
; s[3]       ; f[41]       ; 3.596  ; 3.592  ; 3.893  ; 3.896  ;
; s[3]       ; f[42]       ; 3.605  ; 3.607  ; 3.899  ; 3.881  ;
; s[3]       ; f[43]       ; 3.661  ; 3.670  ; 3.975  ; 3.983  ;
; s[3]       ; f[44]       ; 3.263  ; 3.256  ; 3.579  ; 3.588  ;
; s[3]       ; f[45]       ; 3.267  ; 3.259  ; 3.599  ; 3.607  ;
; s[3]       ; f[46]       ; 3.286  ; 3.279  ; 3.603  ; 3.614  ;
; s[3]       ; f[47]       ; 3.270  ; 3.283  ; 3.600  ; 3.606  ;
; s[3]       ; f[48]       ; 3.575  ; 3.573  ; 3.854  ; 3.859  ;
; s[3]       ; f[49]       ; 3.628  ; 3.607  ; 3.908  ; 3.894  ;
; s[3]       ; f[50]       ; 3.622  ; 3.623  ; 3.917  ; 3.898  ;
; s[3]       ; f[51]       ; 3.704  ; 3.692  ; 3.997  ; 3.965  ;
; s[3]       ; f[52]       ; 3.894  ; 3.862  ; 4.145  ; 4.157  ;
; s[3]       ; f[53]       ; 3.740  ; 3.708  ; 4.014  ; 4.001  ;
; s[3]       ; f[54]       ; 3.747  ; 3.719  ; 3.990  ; 3.969  ;
; s[3]       ; f[55]       ; 4.048  ; 4.096  ; 4.349  ; 4.404  ;
; s[3]       ; f[56]       ; 3.793  ; 3.785  ; 4.051  ; 4.050  ;
; s[3]       ; f[57]       ; 4.650  ; 4.537  ; 4.922  ; 4.826  ;
; s[3]       ; f[58]       ; 3.775  ; 3.765  ; 4.024  ; 4.031  ;
; s[3]       ; f[59]       ; 4.674  ; 4.751  ; 5.029  ; 5.092  ;
; s[3]       ; f[60]       ; 3.491  ; 3.498  ; 3.790  ; 3.777  ;
; s[3]       ; f[61]       ; 3.519  ; 3.515  ; 3.809  ; 3.821  ;
; s[3]       ; f[62]       ; 3.460  ; 3.466  ; 3.754  ; 3.740  ;
; s[3]       ; f[63]       ; 3.943  ; 3.948  ; 4.290  ; 4.293  ;
+------------+-------------+--------+--------+--------+--------+


----------------------------------------------
; Fast 1200mV 0C Model Metastability Summary ;
----------------------------------------------
No synchronizer chains to report.


+----------------------------------------------------------------------------+
; Multicorner Timing Analysis Summary                                        ;
+------------------+-------+------+----------+---------+---------------------+
; Clock            ; Setup ; Hold ; Recovery ; Removal ; Minimum Pulse Width ;
+------------------+-------+------+----------+---------+---------------------+
; Worst-case Slack ; N/A   ; N/A  ; N/A      ; N/A     ; N/A                 ;
; Design-wide TNS  ; 0.0   ; 0.0  ; 0.0      ; 0.0     ; 0.0                 ;
+------------------+-------+------+----------+---------+---------------------+


+--------------------------------------------------------------+
; Propagation Delay                                            ;
+------------+-------------+--------+--------+--------+--------+
; Input Port ; Output Port ; RR     ; RF     ; FR     ; FF     ;
+------------+-------------+--------+--------+--------+--------+
; M          ; f[0]        ; 8.855  ; 8.806  ; 9.472  ; 9.379  ;
; M          ; f[1]        ; 9.069  ; 9.159  ; 9.650  ; 9.731  ;
; M          ; f[2]        ; 9.619  ; 9.684  ; 10.168 ; 10.230 ;
; M          ; f[3]        ; 9.866  ; 9.815  ; 10.482 ; 10.417 ;
; M          ; f[4]        ; 8.743  ; 8.767  ; 9.261  ; 9.286  ;
; M          ; f[5]        ; 9.194  ; 9.275  ; 9.665  ; 9.765  ;
; M          ; f[6]        ; 9.477  ; 9.528  ; 9.921  ; 9.963  ;
; M          ; f[7]        ; 10.824 ; 10.823 ; 11.277 ; 11.273 ;
; M          ; f[8]        ; 10.953 ; 11.028 ; 11.353 ; 11.460 ;
; M          ; f[9]        ; 11.265 ; 11.329 ; 11.592 ; 11.688 ;
; M          ; f[10]       ; 11.255 ; 11.338 ; 11.627 ; 11.696 ;
; M          ; f[11]       ; 14.667 ; 14.641 ; 15.145 ; 15.062 ;
; M          ; f[12]       ; 9.383  ; 9.388  ; 9.888  ; 9.925  ;
; M          ; f[13]       ; 10.148 ; 10.161 ; 10.667 ; 10.671 ;
; M          ; f[14]       ; 10.738 ; 10.680 ; 11.241 ; 11.174 ;
; M          ; f[15]       ; 11.406 ; 11.415 ; 11.949 ; 11.901 ;
; M          ; f[16]       ; 9.546  ; 9.603  ; 10.148 ; 10.148 ;
; M          ; f[17]       ; 9.123  ; 9.165  ; 9.726  ; 9.736  ;
; M          ; f[18]       ; 10.092 ; 10.161 ; 10.618 ; 10.643 ;
; M          ; f[19]       ; 12.243 ; 12.314 ; 12.914 ; 12.990 ;
; M          ; f[20]       ; 8.598  ; 8.589  ; 9.097  ; 9.176  ;
; M          ; f[21]       ; 8.793  ; 8.845  ; 9.282  ; 9.366  ;
; M          ; f[22]       ; 9.803  ; 9.891  ; 10.308 ; 10.382 ;
; M          ; f[23]       ; 11.259 ; 11.245 ; 11.820 ; 11.749 ;
; M          ; f[24]       ; 11.589 ; 11.687 ; 12.002 ; 12.091 ;
; M          ; f[25]       ; 12.031 ; 12.092 ; 12.407 ; 12.500 ;
; M          ; f[26]       ; 13.406 ; 13.346 ; 13.782 ; 13.754 ;
; M          ; f[27]       ; 15.241 ; 15.162 ; 15.726 ; 15.679 ;
; M          ; f[28]       ; 9.195  ; 9.284  ; 9.756  ; 9.788  ;
; M          ; f[29]       ; 9.694  ; 9.759  ; 10.179 ; 10.235 ;
; M          ; f[30]       ; 11.146 ; 11.105 ; 11.663 ; 11.613 ;
; M          ; f[31]       ; 10.214 ; 10.169 ; 10.736 ; 10.682 ;
; M          ; f[32]       ; 10.260 ; 10.274 ; 10.847 ; 10.893 ;
; M          ; f[33]       ; 8.519  ; 8.521  ; 9.120  ; 9.131  ;
; M          ; f[34]       ; 10.572 ; 10.594 ; 11.120 ; 11.128 ;
; M          ; f[35]       ; 11.217 ; 11.277 ; 11.727 ; 11.730 ;
; M          ; f[36]       ; 7.968  ; 8.011  ; 8.524  ; 8.579  ;
; M          ; f[37]       ; 8.517  ; 8.532  ; 9.029  ; 9.078  ;
; M          ; f[38]       ; 9.294  ; 9.358  ; 9.783  ; 9.803  ;
; M          ; f[39]       ; 10.564 ; 10.530 ; 11.079 ; 11.001 ;
; M          ; f[40]       ; 9.805  ; 9.860  ; 10.281 ; 10.368 ;
; M          ; f[41]       ; 10.296 ; 10.308 ; 10.743 ; 10.787 ;
; M          ; f[42]       ; 10.406 ; 10.433 ; 10.861 ; 10.874 ;
; M          ; f[43]       ; 10.733 ; 10.717 ; 11.247 ; 11.187 ;
; M          ; f[44]       ; 9.978  ; 10.040 ; 10.353 ; 10.447 ;
; M          ; f[45]       ; 10.590 ; 10.693 ; 10.961 ; 11.020 ;
; M          ; f[46]       ; 10.480 ; 10.544 ; 10.822 ; 10.918 ;
; M          ; f[47]       ; 11.276 ; 11.207 ; 11.701 ; 11.588 ;
; M          ; f[48]       ; 10.457 ; 10.528 ; 10.820 ; 10.923 ;
; M          ; f[49]       ; 8.520  ; 8.580  ; 9.078  ; 9.196  ;
; M          ; f[50]       ; 10.765 ; 10.878 ; 11.119 ; 11.223 ;
; M          ; f[51]       ; 11.793 ; 11.870 ; 12.055 ; 12.118 ;
; M          ; f[52]       ; 8.047  ; 8.148  ; 8.603  ; 8.713  ;
; M          ; f[53]       ; 8.968  ; 9.076  ; 9.525  ; 9.576  ;
; M          ; f[54]       ; 9.539  ; 9.549  ; 10.005 ; 10.047 ;
; M          ; f[55]       ; 10.234 ; 10.198 ; 10.725 ; 10.721 ;
; M          ; f[56]       ; 9.454  ; 9.539  ; 9.987  ; 10.069 ;
; M          ; f[57]       ; 9.680  ; 9.731  ; 10.241 ; 10.301 ;
; M          ; f[58]       ; 9.862  ; 9.937  ; 10.348 ; 10.455 ;
; M          ; f[59]       ; 11.571 ; 11.554 ; 12.101 ; 12.075 ;
; M          ; f[60]       ; 9.038  ; 9.140  ; 9.615  ; 9.708  ;
; M          ; f[61]       ; 9.526  ; 9.590  ; 10.067 ; 10.163 ;
; M          ; f[62]       ; 9.669  ; 9.771  ; 10.190 ; 10.283 ;
; M          ; f[63]       ; 10.702 ; 10.641 ; 11.236 ; 11.131 ;
; a[0]       ; f[0]        ; 6.483  ; 6.437  ; 6.595  ; 6.492  ;
; a[0]       ; f[1]        ; 6.668  ; 6.758  ; 6.730  ; 6.811  ;
; a[0]       ; f[2]        ; 7.897  ; 7.962  ; 7.914  ; 7.976  ;
; a[0]       ; f[3]        ; 8.144  ; 8.093  ; 8.228  ; 8.163  ;
; a[1]       ; f[1]        ; 7.940  ; 7.993  ; 8.492  ; 8.559  ;
; a[1]       ; f[2]        ; 9.363  ; 9.428  ; 9.856  ; 9.918  ;
; a[1]       ; f[3]        ; 9.610  ; 9.559  ; 10.170 ; 10.105 ;
; a[2]       ; f[2]        ; 7.557  ; 7.645  ; 8.036  ; 8.092  ;
; a[2]       ; f[3]        ; 8.140  ; 8.089  ; 8.675  ; 8.610  ;
; a[3]       ; f[3]        ; 7.690  ; 7.609  ; 8.120  ; 8.071  ;
; a[3]       ; f[4]        ; 9.701  ; 9.716  ; 10.148 ; 10.195 ;
; a[3]       ; f[5]        ; 10.346 ; 10.427 ; 10.744 ; 10.853 ;
; a[3]       ; f[6]        ; 10.629 ; 10.680 ; 11.021 ; 11.063 ;
; a[3]       ; f[7]        ; 11.976 ; 11.975 ; 12.377 ; 12.373 ;
; a[3]       ; f[8]        ; 11.616 ; 11.691 ; 11.935 ; 12.042 ;
; a[3]       ; f[9]        ; 11.928 ; 11.992 ; 12.174 ; 12.270 ;
; a[3]       ; f[10]       ; 11.918 ; 12.001 ; 12.209 ; 12.278 ;
; a[3]       ; f[11]       ; 15.330 ; 15.304 ; 15.727 ; 15.644 ;
; a[3]       ; f[12]       ; 9.739  ; 9.744  ; 10.169 ; 10.206 ;
; a[3]       ; f[13]       ; 10.504 ; 10.517 ; 10.948 ; 10.952 ;
; a[3]       ; f[14]       ; 11.094 ; 11.036 ; 11.522 ; 11.455 ;
; a[3]       ; f[15]       ; 11.762 ; 11.771 ; 12.230 ; 12.182 ;
; a[3]       ; f[16]       ; 13.051 ; 13.108 ; 13.703 ; 13.703 ;
; a[3]       ; f[17]       ; 12.895 ; 12.901 ; 13.609 ; 13.620 ;
; a[3]       ; f[18]       ; 13.431 ; 13.500 ; 14.038 ; 14.063 ;
; a[3]       ; f[19]       ; 15.582 ; 15.653 ; 16.334 ; 16.410 ;
; a[3]       ; f[32]       ; 11.984 ; 11.998 ; 12.371 ; 12.417 ;
; a[3]       ; f[33]       ; 11.375 ; 11.340 ; 11.845 ; 11.826 ;
; a[3]       ; f[34]       ; 12.296 ; 12.318 ; 12.644 ; 12.652 ;
; a[3]       ; f[35]       ; 12.941 ; 13.001 ; 13.251 ; 13.254 ;
; a[3]       ; f[48]       ; 11.688 ; 11.759 ; 12.049 ; 12.152 ;
; a[3]       ; f[49]       ; 11.808 ; 11.869 ; 12.468 ; 12.585 ;
; a[3]       ; f[50]       ; 11.996 ; 12.109 ; 12.348 ; 12.452 ;
; a[3]       ; f[51]       ; 13.024 ; 13.101 ; 13.284 ; 13.347 ;
; a[4]       ; f[4]        ; 7.626  ; 7.668  ; 8.130  ; 8.133  ;
; a[4]       ; f[5]        ; 7.995  ; 8.076  ; 8.433  ; 8.533  ;
; a[4]       ; f[6]        ; 8.562  ; 8.613  ; 8.991  ; 9.033  ;
; a[4]       ; f[7]        ; 9.909  ; 9.908  ; 10.347 ; 10.343 ;
; a[5]       ; f[5]        ; 7.303  ; 7.406  ; 7.749  ; 7.861  ;
; a[5]       ; f[6]        ; 8.461  ; 8.512  ; 8.873  ; 8.915  ;
; a[5]       ; f[7]        ; 9.808  ; 9.807  ; 10.229 ; 10.225 ;
; a[6]       ; f[6]        ; 7.366  ; 7.410  ; 7.838  ; 7.850  ;
; a[6]       ; f[7]        ; 8.423  ; 8.422  ; 8.914  ; 8.910  ;
; a[7]       ; f[4]        ; 9.497  ; 9.512  ; 9.925  ; 9.972  ;
; a[7]       ; f[5]        ; 10.142 ; 10.223 ; 10.521 ; 10.630 ;
; a[7]       ; f[6]        ; 10.425 ; 10.476 ; 10.798 ; 10.840 ;
; a[7]       ; f[7]        ; 11.772 ; 11.771 ; 12.154 ; 12.150 ;
; a[7]       ; f[8]        ; 12.009 ; 12.084 ; 12.364 ; 12.471 ;
; a[7]       ; f[9]        ; 12.321 ; 12.385 ; 12.603 ; 12.699 ;
; a[7]       ; f[10]       ; 12.311 ; 12.394 ; 12.638 ; 12.707 ;
; a[7]       ; f[11]       ; 15.723 ; 15.697 ; 16.156 ; 16.073 ;
; a[7]       ; f[12]       ; 9.955  ; 9.960  ; 10.384 ; 10.421 ;
; a[7]       ; f[13]       ; 10.720 ; 10.733 ; 11.163 ; 11.167 ;
; a[7]       ; f[14]       ; 11.310 ; 11.252 ; 11.737 ; 11.670 ;
; a[7]       ; f[15]       ; 11.978 ; 11.987 ; 12.445 ; 12.397 ;
; a[7]       ; f[16]       ; 13.103 ; 13.160 ; 13.783 ; 13.783 ;
; a[7]       ; f[17]       ; 12.947 ; 12.953 ; 13.689 ; 13.700 ;
; a[7]       ; f[18]       ; 13.483 ; 13.552 ; 14.118 ; 14.143 ;
; a[7]       ; f[19]       ; 15.634 ; 15.705 ; 16.414 ; 16.490 ;
; a[7]       ; f[32]       ; 12.077 ; 12.091 ; 12.480 ; 12.526 ;
; a[7]       ; f[33]       ; 11.468 ; 11.433 ; 11.954 ; 11.935 ;
; a[7]       ; f[34]       ; 12.389 ; 12.411 ; 12.753 ; 12.761 ;
; a[7]       ; f[35]       ; 13.034 ; 13.094 ; 13.360 ; 13.363 ;
; a[7]       ; f[48]       ; 11.694 ; 11.765 ; 12.041 ; 12.144 ;
; a[7]       ; f[49]       ; 11.860 ; 11.921 ; 12.548 ; 12.665 ;
; a[7]       ; f[50]       ; 12.002 ; 12.115 ; 12.340 ; 12.444 ;
; a[7]       ; f[51]       ; 13.030 ; 13.107 ; 13.276 ; 13.339 ;
; a[8]       ; f[8]        ; 8.067  ; 8.140  ; 8.557  ; 8.674  ;
; a[8]       ; f[9]        ; 8.220  ; 8.284  ; 8.674  ; 8.770  ;
; a[8]       ; f[10]       ; 8.809  ; 8.892  ; 9.215  ; 9.284  ;
; a[8]       ; f[11]       ; 12.221 ; 12.195 ; 12.733 ; 12.650 ;
; a[9]       ; f[9]        ; 7.596  ; 7.662  ; 8.076  ; 8.156  ;
; a[9]       ; f[10]       ; 8.771  ; 8.854  ; 9.147  ; 9.216  ;
; a[9]       ; f[11]       ; 12.183 ; 12.157 ; 12.665 ; 12.582 ;
; a[10]      ; f[10]       ; 7.631  ; 7.730  ; 8.141  ; 8.208  ;
; a[10]      ; f[11]       ; 11.186 ; 11.160 ; 11.796 ; 11.713 ;
; a[11]      ; f[4]        ; 9.711  ; 9.726  ; 10.117 ; 10.164 ;
; a[11]      ; f[5]        ; 10.356 ; 10.437 ; 10.713 ; 10.822 ;
; a[11]      ; f[6]        ; 10.639 ; 10.690 ; 10.990 ; 11.032 ;
; a[11]      ; f[7]        ; 11.986 ; 11.985 ; 12.346 ; 12.342 ;
; a[11]      ; f[8]        ; 11.768 ; 11.843 ; 12.070 ; 12.177 ;
; a[11]      ; f[9]        ; 12.080 ; 12.144 ; 12.309 ; 12.405 ;
; a[11]      ; f[10]       ; 12.070 ; 12.153 ; 12.344 ; 12.413 ;
; a[11]      ; f[11]       ; 15.482 ; 15.456 ; 15.862 ; 15.779 ;
; a[11]      ; f[12]       ; 9.874  ; 9.879  ; 10.297 ; 10.334 ;
; a[11]      ; f[13]       ; 10.639 ; 10.652 ; 11.076 ; 11.080 ;
; a[11]      ; f[14]       ; 11.229 ; 11.171 ; 11.650 ; 11.583 ;
; a[11]      ; f[15]       ; 11.897 ; 11.906 ; 12.358 ; 12.310 ;
; a[11]      ; f[16]       ; 12.862 ; 12.919 ; 13.489 ; 13.489 ;
; a[11]      ; f[17]       ; 12.706 ; 12.712 ; 13.395 ; 13.406 ;
; a[11]      ; f[18]       ; 13.242 ; 13.311 ; 13.824 ; 13.849 ;
; a[11]      ; f[19]       ; 15.393 ; 15.464 ; 16.120 ; 16.196 ;
; a[11]      ; f[32]       ; 11.974 ; 11.988 ; 12.364 ; 12.410 ;
; a[11]      ; f[33]       ; 11.365 ; 11.330 ; 11.838 ; 11.819 ;
; a[11]      ; f[34]       ; 12.286 ; 12.308 ; 12.637 ; 12.645 ;
; a[11]      ; f[35]       ; 12.931 ; 12.991 ; 13.244 ; 13.247 ;
; a[11]      ; f[48]       ; 11.471 ; 11.542 ; 11.758 ; 11.861 ;
; a[11]      ; f[49]       ; 11.619 ; 11.680 ; 12.254 ; 12.371 ;
; a[11]      ; f[50]       ; 11.779 ; 11.892 ; 12.057 ; 12.161 ;
; a[11]      ; f[51]       ; 12.807 ; 12.884 ; 12.993 ; 13.056 ;
; a[12]      ; f[12]       ; 8.087  ; 8.094  ; 8.568  ; 8.589  ;
; a[12]      ; f[13]       ; 8.733  ; 8.746  ; 9.194  ; 9.198  ;
; a[12]      ; f[14]       ; 9.419  ; 9.361  ; 9.872  ; 9.805  ;
; a[12]      ; f[15]       ; 10.087 ; 10.096 ; 10.580 ; 10.532 ;
; a[13]      ; f[13]       ; 7.827  ; 7.803  ; 8.251  ; 8.241  ;
; a[13]      ; f[14]       ; 9.170  ; 9.112  ; 9.579  ; 9.512  ;
; a[13]      ; f[15]       ; 9.838  ; 9.847  ; 10.287 ; 10.239 ;
; a[14]      ; f[14]       ; 8.887  ; 8.822  ; 9.404  ; 9.307  ;
; a[14]      ; f[15]       ; 9.640  ; 9.649  ; 10.214 ; 10.166 ;
; a[15]      ; f[4]        ; 9.393  ; 9.408  ; 9.774  ; 9.821  ;
; a[15]      ; f[5]        ; 10.038 ; 10.119 ; 10.370 ; 10.479 ;
; a[15]      ; f[6]        ; 10.321 ; 10.372 ; 10.647 ; 10.689 ;
; a[15]      ; f[7]        ; 11.668 ; 11.667 ; 12.003 ; 11.999 ;
; a[15]      ; f[8]        ; 11.586 ; 11.661 ; 11.864 ; 11.971 ;
; a[15]      ; f[9]        ; 11.898 ; 11.962 ; 12.103 ; 12.199 ;
; a[15]      ; f[10]       ; 11.888 ; 11.971 ; 12.138 ; 12.207 ;
; a[15]      ; f[11]       ; 15.300 ; 15.274 ; 15.656 ; 15.573 ;
; a[15]      ; f[15]       ; 8.652  ; 8.658  ; 9.100  ; 9.062  ;
; a[15]      ; f[16]       ; 12.740 ; 12.797 ; 13.332 ; 13.332 ;
; a[15]      ; f[17]       ; 12.584 ; 12.590 ; 13.238 ; 13.249 ;
; a[15]      ; f[18]       ; 13.120 ; 13.189 ; 13.667 ; 13.692 ;
; a[15]      ; f[19]       ; 15.271 ; 15.342 ; 15.963 ; 16.039 ;
; a[15]      ; f[32]       ; 11.662 ; 11.676 ; 12.003 ; 12.049 ;
; a[15]      ; f[33]       ; 11.053 ; 11.018 ; 11.477 ; 11.458 ;
; a[15]      ; f[34]       ; 11.974 ; 11.996 ; 12.276 ; 12.284 ;
; a[15]      ; f[35]       ; 12.619 ; 12.679 ; 12.883 ; 12.886 ;
; a[15]      ; f[48]       ; 11.377 ; 11.448 ; 11.678 ; 11.781 ;
; a[15]      ; f[49]       ; 11.497 ; 11.558 ; 12.097 ; 12.214 ;
; a[15]      ; f[50]       ; 11.685 ; 11.798 ; 11.977 ; 12.081 ;
; a[15]      ; f[51]       ; 12.713 ; 12.790 ; 12.913 ; 12.976 ;
; a[16]      ; f[16]       ; 8.842  ; 8.845  ; 9.329  ; 9.376  ;
; a[16]      ; f[17]       ; 9.062  ; 9.068  ; 9.597  ; 9.608  ;
; a[16]      ; f[18]       ; 9.675  ; 9.744  ; 10.129 ; 10.154 ;
; a[16]      ; f[19]       ; 11.826 ; 11.897 ; 12.425 ; 12.501 ;
; a[17]      ; f[17]       ; 8.652  ; 8.657  ; 9.192  ; 9.205  ;
; a[17]      ; f[18]       ; 9.386  ; 9.455  ; 9.823  ; 9.848  ;
; a[17]      ; f[19]       ; 11.537 ; 11.608 ; 12.119 ; 12.195 ;
; a[18]      ; f[18]       ; 8.441  ; 8.463  ; 8.892  ; 8.971  ;
; a[18]      ; f[19]       ; 10.403 ; 10.474 ; 11.050 ; 11.126 ;
; a[19]      ; f[16]       ; 14.461 ; 14.518 ; 15.179 ; 15.179 ;
; a[19]      ; f[17]       ; 14.305 ; 14.311 ; 15.085 ; 15.096 ;
; a[19]      ; f[18]       ; 14.841 ; 14.910 ; 15.514 ; 15.539 ;
; a[19]      ; f[19]       ; 16.992 ; 17.063 ; 17.810 ; 17.886 ;
; a[19]      ; f[20]       ; 11.708 ; 11.736 ; 12.317 ; 12.373 ;
; a[19]      ; f[21]       ; 11.596 ; 11.648 ; 12.213 ; 12.297 ;
; a[19]      ; f[22]       ; 12.588 ; 12.676 ; 13.181 ; 13.255 ;
; a[19]      ; f[23]       ; 14.044 ; 14.030 ; 14.693 ; 14.622 ;
; a[19]      ; f[24]       ; 14.103 ; 14.201 ; 14.642 ; 14.731 ;
; a[19]      ; f[25]       ; 14.545 ; 14.606 ; 15.047 ; 15.140 ;
; a[19]      ; f[26]       ; 15.920 ; 15.860 ; 16.422 ; 16.394 ;
; a[19]      ; f[27]       ; 17.755 ; 17.676 ; 18.366 ; 18.319 ;
; a[19]      ; f[28]       ; 11.713 ; 11.802 ; 12.395 ; 12.427 ;
; a[19]      ; f[29]       ; 12.212 ; 12.277 ; 12.818 ; 12.874 ;
; a[19]      ; f[30]       ; 13.664 ; 13.623 ; 14.302 ; 14.252 ;
; a[19]      ; f[31]       ; 12.732 ; 12.687 ; 13.375 ; 13.321 ;
; a[19]      ; f[48]       ; 13.098 ; 13.169 ; 13.525 ; 13.628 ;
; a[19]      ; f[49]       ; 13.218 ; 13.279 ; 13.944 ; 14.061 ;
; a[19]      ; f[50]       ; 13.406 ; 13.519 ; 13.824 ; 13.928 ;
; a[19]      ; f[51]       ; 14.434 ; 14.511 ; 14.760 ; 14.823 ;
; a[20]      ; f[20]       ; 7.798  ; 7.850  ; 8.222  ; 8.242  ;
; a[20]      ; f[21]       ; 8.657  ; 8.751  ; 9.031  ; 9.081  ;
; a[20]      ; f[22]       ; 9.484  ; 9.572  ; 9.805  ; 9.879  ;
; a[20]      ; f[23]       ; 10.940 ; 10.926 ; 11.317 ; 11.246 ;
; a[21]      ; f[21]       ; 7.333  ; 7.380  ; 7.773  ; 7.877  ;
; a[21]      ; f[22]       ; 8.869  ; 8.957  ; 9.237  ; 9.311  ;
; a[21]      ; f[23]       ; 10.325 ; 10.311 ; 10.749 ; 10.678 ;
; a[22]      ; f[22]       ; 7.599  ; 7.703  ; 8.078  ; 8.150  ;
; a[22]      ; f[23]       ; 9.061  ; 9.047  ; 9.588  ; 9.517  ;
; a[23]      ; f[16]       ; 12.379 ; 12.436 ; 13.022 ; 13.022 ;
; a[23]      ; f[17]       ; 12.223 ; 12.229 ; 12.928 ; 12.939 ;
; a[23]      ; f[18]       ; 12.759 ; 12.828 ; 13.357 ; 13.382 ;
; a[23]      ; f[19]       ; 14.910 ; 14.981 ; 15.653 ; 15.729 ;
; a[23]      ; f[20]       ; 8.720  ; 8.748  ; 9.129  ; 9.185  ;
; a[23]      ; f[21]       ; 9.038  ; 9.090  ; 9.495  ; 9.579  ;
; a[23]      ; f[22]       ; 10.030 ; 10.118 ; 10.463 ; 10.537 ;
; a[23]      ; f[23]       ; 11.486 ; 11.472 ; 11.975 ; 11.904 ;
; a[23]      ; f[24]       ; 11.547 ; 11.645 ; 11.924 ; 12.013 ;
; a[23]      ; f[25]       ; 11.989 ; 12.050 ; 12.329 ; 12.422 ;
; a[23]      ; f[26]       ; 13.364 ; 13.304 ; 13.704 ; 13.676 ;
; a[23]      ; f[27]       ; 15.199 ; 15.120 ; 15.648 ; 15.601 ;
; a[23]      ; f[28]       ; 9.024  ; 9.113  ; 9.517  ; 9.549  ;
; a[23]      ; f[29]       ; 9.523  ; 9.588  ; 9.940  ; 9.996  ;
; a[23]      ; f[30]       ; 10.975 ; 10.934 ; 11.424 ; 11.374 ;
; a[23]      ; f[31]       ; 10.043 ; 9.998  ; 10.497 ; 10.443 ;
; a[23]      ; f[48]       ; 11.489 ; 11.560 ; 11.845 ; 11.948 ;
; a[23]      ; f[49]       ; 11.136 ; 11.197 ; 11.787 ; 11.904 ;
; a[23]      ; f[50]       ; 11.797 ; 11.910 ; 12.144 ; 12.248 ;
; a[23]      ; f[51]       ; 12.825 ; 12.902 ; 13.080 ; 13.143 ;
; a[24]      ; f[24]       ; 7.451  ; 7.512  ; 7.933  ; 8.008  ;
; a[24]      ; f[25]       ; 7.984  ; 8.045  ; 8.403  ; 8.496  ;
; a[24]      ; f[26]       ; 9.728  ; 9.668  ; 10.134 ; 10.106 ;
; a[24]      ; f[27]       ; 11.563 ; 11.484 ; 12.078 ; 12.031 ;
; a[25]      ; f[25]       ; 7.322  ; 7.385  ; 7.756  ; 7.850  ;
; a[25]      ; f[26]       ; 9.852  ; 9.792  ; 10.253 ; 10.225 ;
; a[25]      ; f[27]       ; 11.687 ; 11.608 ; 12.197 ; 12.150 ;
; a[26]      ; f[26]       ; 8.914  ; 8.849  ; 9.365  ; 9.357  ;
; a[26]      ; f[27]       ; 10.741 ; 10.662 ; 11.326 ; 11.279 ;
; a[27]      ; f[16]       ; 12.239 ; 12.296 ; 12.841 ; 12.841 ;
; a[27]      ; f[17]       ; 12.083 ; 12.089 ; 12.747 ; 12.758 ;
; a[27]      ; f[18]       ; 12.619 ; 12.688 ; 13.176 ; 13.201 ;
; a[27]      ; f[19]       ; 14.770 ; 14.841 ; 15.472 ; 15.548 ;
; a[27]      ; f[20]       ; 8.709  ; 8.737  ; 9.104  ; 9.160  ;
; a[27]      ; f[21]       ; 9.120  ; 9.172  ; 9.565  ; 9.649  ;
; a[27]      ; f[22]       ; 10.112 ; 10.200 ; 10.533 ; 10.607 ;
; a[27]      ; f[23]       ; 11.568 ; 11.554 ; 12.045 ; 11.974 ;
; a[27]      ; f[24]       ; 11.629 ; 11.727 ; 11.994 ; 12.083 ;
; a[27]      ; f[25]       ; 12.071 ; 12.132 ; 12.399 ; 12.492 ;
; a[27]      ; f[26]       ; 13.446 ; 13.386 ; 13.774 ; 13.746 ;
; a[27]      ; f[27]       ; 15.281 ; 15.202 ; 15.718 ; 15.671 ;
; a[27]      ; f[28]       ; 8.631  ; 8.720  ; 9.117  ; 9.149  ;
; a[27]      ; f[29]       ; 9.130  ; 9.195  ; 9.540  ; 9.596  ;
; a[27]      ; f[30]       ; 10.582 ; 10.541 ; 11.024 ; 10.974 ;
; a[27]      ; f[31]       ; 9.650  ; 9.605  ; 10.097 ; 10.043 ;
; a[27]      ; f[48]       ; 11.350 ; 11.421 ; 11.665 ; 11.768 ;
; a[27]      ; f[49]       ; 10.996 ; 11.057 ; 11.606 ; 11.723 ;
; a[27]      ; f[50]       ; 11.658 ; 11.771 ; 11.964 ; 12.068 ;
; a[27]      ; f[51]       ; 12.686 ; 12.763 ; 12.900 ; 12.963 ;
; a[28]      ; f[28]       ; 7.747  ; 7.782  ; 8.170  ; 8.249  ;
; a[28]      ; f[29]       ; 8.214  ; 8.279  ; 8.632  ; 8.688  ;
; a[28]      ; f[30]       ; 9.502  ; 9.461  ; 9.925  ; 9.875  ;
; a[28]      ; f[31]       ; 8.570  ; 8.525  ; 8.998  ; 8.944  ;
; a[29]      ; f[29]       ; 7.969  ; 7.997  ; 8.423  ; 8.465  ;
; a[29]      ; f[30]       ; 9.863  ; 9.822  ; 10.297 ; 10.247 ;
; a[29]      ; f[31]       ; 8.931  ; 8.886  ; 9.370  ; 9.316  ;
; a[30]      ; f[30]       ; 9.368  ; 9.290  ; 9.842  ; 9.778  ;
; a[30]      ; f[31]       ; 8.349  ; 8.304  ; 8.859  ; 8.805  ;
; a[31]      ; f[16]       ; 12.474 ; 12.531 ; 13.057 ; 13.057 ;
; a[31]      ; f[17]       ; 12.318 ; 12.324 ; 12.963 ; 12.974 ;
; a[31]      ; f[18]       ; 12.854 ; 12.923 ; 13.392 ; 13.417 ;
; a[31]      ; f[19]       ; 15.005 ; 15.076 ; 15.688 ; 15.764 ;
; a[31]      ; f[20]       ; 8.264  ; 8.292  ; 8.618  ; 8.674  ;
; a[31]      ; f[21]       ; 8.712  ; 8.764  ; 9.091  ; 9.175  ;
; a[31]      ; f[22]       ; 9.704  ; 9.792  ; 10.059 ; 10.133 ;
; a[31]      ; f[23]       ; 11.160 ; 11.146 ; 11.571 ; 11.500 ;
; a[31]      ; f[24]       ; 11.221 ; 11.319 ; 11.520 ; 11.609 ;
; a[31]      ; f[25]       ; 11.663 ; 11.724 ; 11.925 ; 12.018 ;
; a[31]      ; f[26]       ; 13.038 ; 12.978 ; 13.300 ; 13.272 ;
; a[31]      ; f[27]       ; 14.873 ; 14.794 ; 15.244 ; 15.197 ;
; a[31]      ; f[31]       ; 8.065  ; 8.052  ; 8.481  ; 8.424  ;
; a[31]      ; f[48]       ; 11.111 ; 11.182 ; 11.403 ; 11.506 ;
; a[31]      ; f[49]       ; 11.231 ; 11.292 ; 11.822 ; 11.939 ;
; a[31]      ; f[50]       ; 11.419 ; 11.532 ; 11.702 ; 11.806 ;
; a[31]      ; f[51]       ; 12.447 ; 12.524 ; 12.638 ; 12.701 ;
; a[32]      ; f[32]       ; 8.875  ; 8.910  ; 9.346  ; 9.398  ;
; a[32]      ; f[33]       ; 8.826  ; 8.791  ; 9.336  ; 9.317  ;
; a[32]      ; f[34]       ; 9.903  ; 9.925  ; 10.338 ; 10.346 ;
; a[32]      ; f[35]       ; 10.548 ; 10.608 ; 10.945 ; 10.948 ;
; a[33]      ; f[33]       ; 8.694  ; 8.664  ; 9.278  ; 9.266  ;
; a[33]      ; f[34]       ; 10.260 ; 10.282 ; 10.779 ; 10.787 ;
; a[33]      ; f[35]       ; 10.905 ; 10.965 ; 11.386 ; 11.389 ;
; a[34]      ; f[34]       ; 6.621  ; 6.659  ; 6.822  ; 6.828  ;
; a[34]      ; f[35]       ; 7.267  ; 7.327  ; 7.440  ; 7.443  ;
; a[35]      ; f[16]       ; 10.532 ; 10.589 ; 11.071 ; 11.071 ;
; a[35]      ; f[17]       ; 10.859 ; 10.865 ; 11.481 ; 11.492 ;
; a[35]      ; f[18]       ; 10.912 ; 10.981 ; 11.406 ; 11.431 ;
; a[35]      ; f[19]       ; 13.063 ; 13.134 ; 13.702 ; 13.778 ;
; a[35]      ; f[32]       ; 11.076 ; 11.090 ; 11.590 ; 11.636 ;
; a[35]      ; f[33]       ; 10.837 ; 10.802 ; 11.467 ; 11.448 ;
; a[35]      ; f[34]       ; 11.388 ; 11.410 ; 11.863 ; 11.871 ;
; a[35]      ; f[35]       ; 12.033 ; 12.093 ; 12.470 ; 12.473 ;
; a[35]      ; f[36]       ; 8.850  ; 8.890  ; 9.296  ; 9.368  ;
; a[35]      ; f[37]       ; 8.785  ; 8.838  ; 9.261  ; 9.305  ;
; a[35]      ; f[38]       ; 9.621  ; 9.685  ; 10.040 ; 10.060 ;
; a[35]      ; f[39]       ; 10.891 ; 10.857 ; 11.336 ; 11.258 ;
; a[35]      ; f[40]       ; 10.189 ; 10.244 ; 10.625 ; 10.712 ;
; a[35]      ; f[41]       ; 10.680 ; 10.692 ; 11.087 ; 11.131 ;
; a[35]      ; f[42]       ; 10.790 ; 10.817 ; 11.205 ; 11.218 ;
; a[35]      ; f[43]       ; 11.117 ; 11.101 ; 11.591 ; 11.531 ;
; a[35]      ; f[44]       ; 10.724 ; 10.786 ; 11.050 ; 11.144 ;
; a[35]      ; f[45]       ; 11.336 ; 11.439 ; 11.658 ; 11.717 ;
; a[35]      ; f[46]       ; 11.226 ; 11.290 ; 11.519 ; 11.615 ;
; a[35]      ; f[47]       ; 12.022 ; 11.953 ; 12.398 ; 12.285 ;
; a[36]      ; f[36]       ; 7.932  ; 8.008  ; 8.450  ; 8.480  ;
; a[36]      ; f[37]       ; 8.351  ; 8.404  ; 8.814  ; 8.858  ;
; a[36]      ; f[38]       ; 9.187  ; 9.251  ; 9.593  ; 9.613  ;
; a[36]      ; f[39]       ; 10.457 ; 10.423 ; 10.889 ; 10.811 ;
; a[37]      ; f[37]       ; 6.204  ; 6.216  ; 6.428  ; 6.484  ;
; a[37]      ; f[38]       ; 7.038  ; 7.102  ; 7.245  ; 7.265  ;
; a[37]      ; f[39]       ; 8.308  ; 8.274  ; 8.541  ; 8.463  ;
; a[38]      ; f[38]       ; 7.524  ; 7.550  ; 7.969  ; 8.006  ;
; a[38]      ; f[39]       ; 8.754  ; 8.720  ; 9.266  ; 9.188  ;
; a[39]      ; f[16]       ; 11.289 ; 11.346 ; 11.794 ; 11.794 ;
; a[39]      ; f[17]       ; 11.318 ; 11.324 ; 11.899 ; 11.910 ;
; a[39]      ; f[18]       ; 11.669 ; 11.738 ; 12.129 ; 12.154 ;
; a[39]      ; f[19]       ; 13.820 ; 13.891 ; 14.425 ; 14.501 ;
; a[39]      ; f[32]       ; 11.647 ; 11.661 ; 12.114 ; 12.160 ;
; a[39]      ; f[33]       ; 11.296 ; 11.261 ; 11.885 ; 11.866 ;
; a[39]      ; f[34]       ; 11.959 ; 11.981 ; 12.387 ; 12.395 ;
; a[39]      ; f[35]       ; 12.604 ; 12.664 ; 12.994 ; 12.997 ;
; a[39]      ; f[36]       ; 8.970  ; 9.010  ; 9.410  ; 9.482  ;
; a[39]      ; f[37]       ; 9.242  ; 9.295  ; 9.717  ; 9.761  ;
; a[39]      ; f[38]       ; 10.078 ; 10.142 ; 10.496 ; 10.516 ;
; a[39]      ; f[39]       ; 11.348 ; 11.314 ; 11.792 ; 11.714 ;
; a[39]      ; f[40]       ; 11.444 ; 11.499 ; 11.878 ; 11.965 ;
; a[39]      ; f[41]       ; 11.935 ; 11.947 ; 12.340 ; 12.384 ;
; a[39]      ; f[42]       ; 12.045 ; 12.072 ; 12.458 ; 12.471 ;
; a[39]      ; f[43]       ; 12.372 ; 12.356 ; 12.844 ; 12.784 ;
; a[39]      ; f[44]       ; 10.036 ; 10.098 ; 10.375 ; 10.469 ;
; a[39]      ; f[45]       ; 10.648 ; 10.751 ; 10.983 ; 11.042 ;
; a[39]      ; f[46]       ; 10.538 ; 10.602 ; 10.844 ; 10.940 ;
; a[39]      ; f[47]       ; 11.334 ; 11.265 ; 11.723 ; 11.610 ;
; a[40]      ; f[40]       ; 7.745  ; 7.806  ; 8.222  ; 8.286  ;
; a[40]      ; f[41]       ; 8.240  ; 8.252  ; 8.660  ; 8.704  ;
; a[40]      ; f[42]       ; 8.999  ; 9.026  ; 9.371  ; 9.384  ;
; a[40]      ; f[43]       ; 9.326  ; 9.310  ; 9.757  ; 9.697  ;
; a[41]      ; f[41]       ; 7.625  ; 7.639  ; 8.115  ; 8.143  ;
; a[41]      ; f[42]       ; 8.807  ; 8.834  ; 9.210  ; 9.223  ;
; a[41]      ; f[43]       ; 9.134  ; 9.118  ; 9.596  ; 9.536  ;
; a[42]      ; f[42]       ; 7.306  ; 7.349  ; 7.779  ; 7.790  ;
; a[42]      ; f[43]       ; 8.062  ; 8.046  ; 8.609  ; 8.549  ;
; a[43]      ; f[16]       ; 11.653 ; 11.710 ; 12.136 ; 12.136 ;
; a[43]      ; f[17]       ; 11.682 ; 11.688 ; 12.241 ; 12.252 ;
; a[43]      ; f[18]       ; 12.033 ; 12.102 ; 12.471 ; 12.496 ;
; a[43]      ; f[19]       ; 14.184 ; 14.255 ; 14.767 ; 14.843 ;
; a[43]      ; f[32]       ; 12.011 ; 12.025 ; 12.456 ; 12.502 ;
; a[43]      ; f[33]       ; 11.660 ; 11.625 ; 12.227 ; 12.208 ;
; a[43]      ; f[34]       ; 12.323 ; 12.345 ; 12.729 ; 12.737 ;
; a[43]      ; f[35]       ; 12.968 ; 13.028 ; 13.336 ; 13.339 ;
; a[43]      ; f[36]       ; 9.955  ; 9.995  ; 10.409 ; 10.481 ;
; a[43]      ; f[37]       ; 10.683 ; 10.736 ; 11.204 ; 11.248 ;
; a[43]      ; f[38]       ; 11.519 ; 11.583 ; 11.983 ; 12.003 ;
; a[43]      ; f[39]       ; 12.789 ; 12.755 ; 13.279 ; 13.201 ;
; a[43]      ; f[40]       ; 12.885 ; 12.940 ; 13.365 ; 13.452 ;
; a[43]      ; f[41]       ; 13.376 ; 13.388 ; 13.827 ; 13.871 ;
; a[43]      ; f[42]       ; 13.486 ; 13.513 ; 13.945 ; 13.958 ;
; a[43]      ; f[43]       ; 13.813 ; 13.797 ; 14.331 ; 14.271 ;
; a[43]      ; f[44]       ; 11.594 ; 11.656 ; 11.979 ; 12.073 ;
; a[43]      ; f[45]       ; 12.206 ; 12.309 ; 12.587 ; 12.646 ;
; a[43]      ; f[46]       ; 12.096 ; 12.160 ; 12.448 ; 12.544 ;
; a[43]      ; f[47]       ; 12.892 ; 12.823 ; 13.327 ; 13.214 ;
; a[44]      ; f[44]       ; 7.587  ; 7.647  ; 8.053  ; 8.157  ;
; a[44]      ; f[45]       ; 8.200  ; 8.303  ; 8.671  ; 8.730  ;
; a[44]      ; f[46]       ; 8.668  ; 8.732  ; 9.054  ; 9.150  ;
; a[44]      ; f[47]       ; 9.464  ; 9.395  ; 9.933  ; 9.820  ;
; a[45]      ; f[45]       ; 7.262  ; 7.320  ; 7.712  ; 7.812  ;
; a[45]      ; f[46]       ; 8.337  ; 8.401  ; 8.696  ; 8.792  ;
; a[45]      ; f[47]       ; 9.133  ; 9.064  ; 9.575  ; 9.462  ;
; a[46]      ; f[46]       ; 7.263  ; 7.333  ; 7.732  ; 7.805  ;
; a[46]      ; f[47]       ; 8.041  ; 7.972  ; 8.593  ; 8.480  ;
; a[47]      ; f[16]       ; 11.777 ; 11.834 ; 12.304 ; 12.304 ;
; a[47]      ; f[17]       ; 12.104 ; 12.110 ; 12.714 ; 12.725 ;
; a[47]      ; f[18]       ; 12.157 ; 12.226 ; 12.639 ; 12.664 ;
; a[47]      ; f[19]       ; 14.308 ; 14.379 ; 14.935 ; 15.011 ;
; a[47]      ; f[32]       ; 12.321 ; 12.335 ; 12.823 ; 12.869 ;
; a[47]      ; f[33]       ; 12.082 ; 12.047 ; 12.700 ; 12.681 ;
; a[47]      ; f[34]       ; 12.633 ; 12.655 ; 13.096 ; 13.104 ;
; a[47]      ; f[35]       ; 13.278 ; 13.338 ; 13.703 ; 13.706 ;
; a[47]      ; f[36]       ; 10.275 ; 10.315 ; 10.737 ; 10.809 ;
; a[47]      ; f[37]       ; 10.651 ; 10.704 ; 11.183 ; 11.227 ;
; a[47]      ; f[38]       ; 11.487 ; 11.551 ; 11.962 ; 11.982 ;
; a[47]      ; f[39]       ; 12.757 ; 12.723 ; 13.258 ; 13.180 ;
; a[47]      ; f[40]       ; 12.853 ; 12.908 ; 13.344 ; 13.431 ;
; a[47]      ; f[41]       ; 13.344 ; 13.356 ; 13.806 ; 13.850 ;
; a[47]      ; f[42]       ; 13.454 ; 13.481 ; 13.924 ; 13.937 ;
; a[47]      ; f[43]       ; 13.781 ; 13.765 ; 14.310 ; 14.250 ;
; a[47]      ; f[47]       ; 7.632  ; 7.566  ; 8.149  ; 8.026  ;
; a[48]      ; f[48]       ; 7.760  ; 7.833  ; 8.267  ; 8.354  ;
; a[48]      ; f[49]       ; 8.381  ; 8.442  ; 8.914  ; 9.031  ;
; a[48]      ; f[50]       ; 8.510  ; 8.623  ; 8.934  ; 9.038  ;
; a[48]      ; f[51]       ; 9.538  ; 9.615  ; 9.870  ; 9.933  ;
; a[49]      ; f[49]       ; 7.472  ; 7.570  ; 7.959  ; 8.025  ;
; a[49]      ; f[50]       ; 8.461  ; 8.574  ; 8.856  ; 8.960  ;
; a[49]      ; f[51]       ; 9.489  ; 9.566  ; 9.792  ; 9.855  ;
; a[50]      ; f[50]       ; 7.341  ; 7.417  ; 7.800  ; 7.890  ;
; a[50]      ; f[51]       ; 8.021  ; 8.098  ; 8.449  ; 8.512  ;
; a[51]      ; f[16]       ; 11.610 ; 11.667 ; 12.160 ; 12.160 ;
; a[51]      ; f[17]       ; 11.937 ; 11.943 ; 12.570 ; 12.581 ;
; a[51]      ; f[18]       ; 11.990 ; 12.059 ; 12.495 ; 12.520 ;
; a[51]      ; f[19]       ; 14.141 ; 14.212 ; 14.791 ; 14.867 ;
; a[51]      ; f[32]       ; 12.154 ; 12.168 ; 12.679 ; 12.725 ;
; a[51]      ; f[33]       ; 11.915 ; 11.880 ; 12.556 ; 12.537 ;
; a[51]      ; f[34]       ; 12.466 ; 12.488 ; 12.952 ; 12.960 ;
; a[51]      ; f[35]       ; 13.111 ; 13.171 ; 13.559 ; 13.562 ;
; a[51]      ; f[48]       ; 12.920 ; 12.991 ; 13.306 ; 13.409 ;
; a[51]      ; f[49]       ; 13.049 ; 13.110 ; 13.476 ; 13.593 ;
; a[51]      ; f[50]       ; 13.228 ; 13.341 ; 13.605 ; 13.709 ;
; a[51]      ; f[51]       ; 14.256 ; 14.333 ; 14.541 ; 14.604 ;
; a[51]      ; f[52]       ; 9.347  ; 9.419  ; 9.826  ; 9.932  ;
; a[51]      ; f[53]       ; 9.988  ; 10.096 ; 10.470 ; 10.521 ;
; a[51]      ; f[54]       ; 10.208 ; 10.218 ; 10.619 ; 10.661 ;
; a[51]      ; f[55]       ; 10.903 ; 10.867 ; 11.339 ; 11.335 ;
; a[51]      ; f[56]       ; 11.843 ; 11.928 ; 12.350 ; 12.432 ;
; a[51]      ; f[57]       ; 13.015 ; 13.027 ; 13.596 ; 13.633 ;
; a[51]      ; f[58]       ; 12.251 ; 12.326 ; 12.711 ; 12.818 ;
; a[51]      ; f[59]       ; 13.960 ; 13.943 ; 14.464 ; 14.438 ;
; a[51]      ; f[60]       ; 10.460 ; 10.562 ; 11.058 ; 11.151 ;
; a[51]      ; f[61]       ; 10.948 ; 11.012 ; 11.510 ; 11.606 ;
; a[51]      ; f[62]       ; 10.809 ; 10.911 ; 11.398 ; 11.491 ;
; a[51]      ; f[63]       ; 11.842 ; 11.781 ; 12.444 ; 12.339 ;
; a[52]      ; f[52]       ; 7.813  ; 7.882  ; 8.294  ; 8.407  ;
; a[52]      ; f[53]       ; 8.012  ; 8.068  ; 8.469  ; 8.557  ;
; a[52]      ; f[54]       ; 8.827  ; 8.837  ; 9.226  ; 9.268  ;
; a[52]      ; f[55]       ; 9.522  ; 9.486  ; 9.946  ; 9.942  ;
; a[53]      ; f[53]       ; 7.694  ; 7.748  ; 8.150  ; 8.248  ;
; a[53]      ; f[54]       ; 8.671  ; 8.681  ; 9.041  ; 9.083  ;
; a[53]      ; f[55]       ; 9.366  ; 9.330  ; 9.761  ; 9.757  ;
; a[54]      ; f[54]       ; 7.843  ; 7.855  ; 8.335  ; 8.361  ;
; a[54]      ; f[55]       ; 8.542  ; 8.506  ; 9.041  ; 9.037  ;
; a[55]      ; f[16]       ; 11.773 ; 11.830 ; 12.286 ; 12.286 ;
; a[55]      ; f[17]       ; 11.802 ; 11.808 ; 12.391 ; 12.402 ;
; a[55]      ; f[18]       ; 12.153 ; 12.222 ; 12.621 ; 12.646 ;
; a[55]      ; f[19]       ; 14.304 ; 14.375 ; 14.917 ; 14.993 ;
; a[55]      ; f[32]       ; 12.131 ; 12.145 ; 12.606 ; 12.652 ;
; a[55]      ; f[33]       ; 11.780 ; 11.745 ; 12.377 ; 12.358 ;
; a[55]      ; f[34]       ; 12.443 ; 12.465 ; 12.879 ; 12.887 ;
; a[55]      ; f[35]       ; 13.088 ; 13.148 ; 13.486 ; 13.489 ;
; a[55]      ; f[48]       ; 11.831 ; 11.902 ; 12.226 ; 12.329 ;
; a[55]      ; f[49]       ; 11.960 ; 12.021 ; 12.396 ; 12.513 ;
; a[55]      ; f[50]       ; 12.139 ; 12.252 ; 12.525 ; 12.629 ;
; a[55]      ; f[51]       ; 13.167 ; 13.244 ; 13.461 ; 13.524 ;
; a[55]      ; f[52]       ; 8.789  ; 8.861  ; 9.288  ; 9.394  ;
; a[55]      ; f[53]       ; 9.430  ; 9.538  ; 9.932  ; 9.983  ;
; a[55]      ; f[54]       ; 9.650  ; 9.660  ; 10.081 ; 10.123 ;
; a[55]      ; f[55]       ; 10.345 ; 10.309 ; 10.801 ; 10.797 ;
; a[55]      ; f[56]       ; 10.762 ; 10.847 ; 11.270 ; 11.352 ;
; a[55]      ; f[57]       ; 11.934 ; 11.946 ; 12.516 ; 12.553 ;
; a[55]      ; f[58]       ; 11.170 ; 11.245 ; 11.631 ; 11.738 ;
; a[55]      ; f[59]       ; 12.879 ; 12.862 ; 13.384 ; 13.358 ;
; a[55]      ; f[60]       ; 9.801  ; 9.903  ; 10.329 ; 10.422 ;
; a[55]      ; f[61]       ; 10.289 ; 10.353 ; 10.781 ; 10.877 ;
; a[55]      ; f[62]       ; 10.150 ; 10.252 ; 10.669 ; 10.762 ;
; a[55]      ; f[63]       ; 11.183 ; 11.122 ; 11.715 ; 11.610 ;
; a[56]      ; f[56]       ; 7.850  ; 7.958  ; 8.328  ; 8.404  ;
; a[56]      ; f[57]       ; 9.589  ; 9.601  ; 10.093 ; 10.130 ;
; a[56]      ; f[58]       ; 8.720  ; 8.795  ; 9.099  ; 9.206  ;
; a[56]      ; f[59]       ; 10.429 ; 10.412 ; 10.852 ; 10.826 ;
; a[57]      ; f[57]       ; 8.926  ; 8.940  ; 9.385  ; 9.415  ;
; a[57]      ; f[58]       ; 8.476  ; 8.551  ; 8.880  ; 8.987  ;
; a[57]      ; f[59]       ; 10.185 ; 10.168 ; 10.633 ; 10.607 ;
; a[58]      ; f[58]       ; 7.578  ; 7.655  ; 8.070  ; 8.161  ;
; a[58]      ; f[59]       ; 9.268  ; 9.251  ; 9.796  ; 9.770  ;
; a[59]      ; f[16]       ; 10.673 ; 10.730 ; 11.193 ; 11.193 ;
; a[59]      ; f[17]       ; 10.702 ; 10.708 ; 11.298 ; 11.309 ;
; a[59]      ; f[18]       ; 11.053 ; 11.122 ; 11.528 ; 11.553 ;
; a[59]      ; f[19]       ; 13.204 ; 13.275 ; 13.824 ; 13.900 ;
; a[59]      ; f[32]       ; 11.031 ; 11.045 ; 11.513 ; 11.559 ;
; a[59]      ; f[33]       ; 10.680 ; 10.645 ; 11.284 ; 11.265 ;
; a[59]      ; f[34]       ; 11.343 ; 11.365 ; 11.786 ; 11.794 ;
; a[59]      ; f[35]       ; 11.988 ; 12.048 ; 12.393 ; 12.396 ;
; a[59]      ; f[48]       ; 11.530 ; 11.601 ; 11.794 ; 11.897 ;
; a[59]      ; f[49]       ; 11.659 ; 11.720 ; 11.964 ; 12.081 ;
; a[59]      ; f[50]       ; 11.838 ; 11.951 ; 12.093 ; 12.197 ;
; a[59]      ; f[51]       ; 12.866 ; 12.943 ; 13.029 ; 13.092 ;
; a[59]      ; f[52]       ; 10.636 ; 10.708 ; 11.140 ; 11.246 ;
; a[59]      ; f[53]       ; 11.277 ; 11.385 ; 11.784 ; 11.835 ;
; a[59]      ; f[54]       ; 11.497 ; 11.507 ; 11.933 ; 11.975 ;
; a[59]      ; f[55]       ; 12.192 ; 12.156 ; 12.653 ; 12.649 ;
; a[59]      ; f[56]       ; 10.461 ; 10.546 ; 10.835 ; 10.917 ;
; a[59]      ; f[57]       ; 11.633 ; 11.645 ; 12.081 ; 12.118 ;
; a[59]      ; f[58]       ; 10.869 ; 10.944 ; 11.196 ; 11.303 ;
; a[59]      ; f[59]       ; 12.578 ; 12.561 ; 12.949 ; 12.923 ;
; a[59]      ; f[60]       ; 7.616  ; 7.718  ; 8.077  ; 8.170  ;
; a[59]      ; f[61]       ; 8.104  ; 8.168  ; 8.529  ; 8.625  ;
; a[59]      ; f[62]       ; 7.965  ; 8.067  ; 8.417  ; 8.510  ;
; a[59]      ; f[63]       ; 8.998  ; 8.937  ; 9.463  ; 9.358  ;
; a[60]      ; f[60]       ; 7.592  ; 7.657  ; 8.038  ; 8.117  ;
; a[60]      ; f[61]       ; 8.090  ; 8.154  ; 8.497  ; 8.593  ;
; a[60]      ; f[62]       ; 8.277  ; 8.379  ; 8.651  ; 8.744  ;
; a[60]      ; f[63]       ; 9.310  ; 9.249  ; 9.697  ; 9.592  ;
; a[61]      ; f[61]       ; 7.563  ; 7.622  ; 8.012  ; 8.128  ;
; a[61]      ; f[62]       ; 8.487  ; 8.589  ; 8.894  ; 8.987  ;
; a[61]      ; f[63]       ; 9.520  ; 9.459  ; 9.940  ; 9.835  ;
; a[62]      ; f[62]       ; 7.193  ; 7.262  ; 7.662  ; 7.734  ;
; a[62]      ; f[63]       ; 8.274  ; 8.213  ; 8.806  ; 8.701  ;
; a[63]      ; f[16]       ; 11.391 ; 11.448 ; 11.912 ; 11.912 ;
; a[63]      ; f[17]       ; 11.718 ; 11.724 ; 12.322 ; 12.333 ;
; a[63]      ; f[18]       ; 11.771 ; 11.840 ; 12.247 ; 12.272 ;
; a[63]      ; f[19]       ; 13.922 ; 13.993 ; 14.543 ; 14.619 ;
; a[63]      ; f[32]       ; 11.935 ; 11.949 ; 12.431 ; 12.477 ;
; a[63]      ; f[33]       ; 11.696 ; 11.661 ; 12.308 ; 12.289 ;
; a[63]      ; f[34]       ; 12.247 ; 12.269 ; 12.704 ; 12.712 ;
; a[63]      ; f[35]       ; 12.892 ; 12.952 ; 13.311 ; 13.314 ;
; a[63]      ; f[48]       ; 11.642 ; 11.713 ; 12.005 ; 12.108 ;
; a[63]      ; f[49]       ; 11.771 ; 11.832 ; 12.175 ; 12.292 ;
; a[63]      ; f[50]       ; 11.950 ; 12.063 ; 12.304 ; 12.408 ;
; a[63]      ; f[51]       ; 12.978 ; 13.055 ; 13.240 ; 13.303 ;
; a[63]      ; f[52]       ; 10.355 ; 10.427 ; 10.883 ; 10.989 ;
; a[63]      ; f[53]       ; 10.996 ; 11.104 ; 11.527 ; 11.578 ;
; a[63]      ; f[54]       ; 11.216 ; 11.226 ; 11.676 ; 11.718 ;
; a[63]      ; f[55]       ; 11.911 ; 11.875 ; 12.396 ; 12.392 ;
; a[63]      ; f[56]       ; 10.573 ; 10.658 ; 11.047 ; 11.129 ;
; a[63]      ; f[57]       ; 11.745 ; 11.757 ; 12.293 ; 12.330 ;
; a[63]      ; f[58]       ; 10.981 ; 11.056 ; 11.408 ; 11.515 ;
; a[63]      ; f[59]       ; 12.690 ; 12.673 ; 13.161 ; 13.135 ;
; a[63]      ; f[63]       ; 7.997  ; 7.939  ; 8.511  ; 8.396  ;
; b[0]       ; f[0]        ; 7.907  ; 7.826  ; 8.394  ; 8.291  ;
; b[0]       ; f[1]        ; 8.057  ; 8.147  ; 8.529  ; 8.610  ;
; b[0]       ; f[2]        ; 9.286  ; 9.351  ; 9.713  ; 9.775  ;
; b[0]       ; f[3]        ; 9.540  ; 9.482  ; 10.027 ; 9.962  ;
; b[1]       ; f[1]        ; 7.521  ; 7.588  ; 8.007  ; 8.058  ;
; b[1]       ; f[2]        ; 8.845  ; 8.910  ; 9.269  ; 9.334  ;
; b[1]       ; f[3]        ; 9.130  ; 9.065  ; 9.545  ; 9.480  ;
; b[2]       ; f[2]        ; 7.560  ; 7.616  ; 7.927  ; 8.015  ;
; b[2]       ; f[3]        ; 8.185  ; 8.120  ; 8.627  ; 8.562  ;
; b[3]       ; f[3]        ; 7.881  ; 7.832  ; 8.291  ; 8.210  ;
; b[3]       ; f[4]        ; 9.909  ; 9.956  ; 10.302 ; 10.317 ;
; b[3]       ; f[5]        ; 10.505 ; 10.614 ; 10.947 ; 11.028 ;
; b[3]       ; f[6]        ; 10.782 ; 10.824 ; 11.230 ; 11.281 ;
; b[3]       ; f[7]        ; 12.138 ; 12.134 ; 12.577 ; 12.576 ;
; b[3]       ; f[8]        ; 11.740 ; 11.815 ; 12.217 ; 12.292 ;
; b[3]       ; f[9]        ; 12.052 ; 12.116 ; 12.529 ; 12.593 ;
; b[3]       ; f[10]       ; 12.042 ; 12.125 ; 12.519 ; 12.602 ;
; b[3]       ; f[11]       ; 15.488 ; 15.428 ; 15.931 ; 15.905 ;
; b[3]       ; f[12]       ; 9.930  ; 9.967  ; 10.340 ; 10.345 ;
; b[3]       ; f[13]       ; 10.709 ; 10.713 ; 11.105 ; 11.118 ;
; b[3]       ; f[14]       ; 11.283 ; 11.216 ; 11.695 ; 11.637 ;
; b[3]       ; f[15]       ; 11.991 ; 11.943 ; 12.363 ; 12.372 ;
; b[3]       ; f[16]       ; 13.464 ; 13.464 ; 13.801 ; 13.801 ;
; b[3]       ; f[17]       ; 13.370 ; 13.381 ; 13.707 ; 13.718 ;
; b[3]       ; f[18]       ; 13.799 ; 13.824 ; 14.136 ; 14.161 ;
; b[3]       ; f[19]       ; 16.095 ; 16.171 ; 16.432 ; 16.508 ;
; b[3]       ; f[32]       ; 12.144 ; 12.158 ; 12.558 ; 12.604 ;
; b[3]       ; f[33]       ; 11.545 ; 11.526 ; 12.032 ; 12.013 ;
; b[3]       ; f[34]       ; 12.456 ; 12.478 ; 12.844 ; 12.866 ;
; b[3]       ; f[35]       ; 13.101 ; 13.161 ; 13.489 ; 13.549 ;
; b[3]       ; f[48]       ; 11.812 ; 11.913 ; 12.289 ; 12.360 ;
; b[3]       ; f[49]       ; 12.229 ; 12.346 ; 12.566 ; 12.683 ;
; b[3]       ; f[50]       ; 12.120 ; 12.233 ; 12.597 ; 12.710 ;
; b[3]       ; f[51]       ; 13.148 ; 13.225 ; 13.625 ; 13.702 ;
; b[4]       ; f[4]        ; 7.386  ; 7.389  ; 7.796  ; 7.799  ;
; b[4]       ; f[5]        ; 7.711  ; 7.792  ; 8.131  ; 8.212  ;
; b[4]       ; f[6]        ; 8.266  ; 8.317  ; 8.685  ; 8.736  ;
; b[4]       ; f[7]        ; 9.613  ; 9.612  ; 10.032 ; 10.031 ;
; b[5]       ; f[5]        ; 7.477  ; 7.558  ; 7.955  ; 8.028  ;
; b[5]       ; f[6]        ; 8.489  ; 8.531  ; 8.934  ; 8.985  ;
; b[5]       ; f[7]        ; 9.845  ; 9.841  ; 10.281 ; 10.280 ;
; b[6]       ; f[6]        ; 7.847  ; 7.875  ; 8.283  ; 8.311  ;
; b[6]       ; f[7]        ; 8.896  ; 8.892  ; 9.332  ; 9.328  ;
; b[7]       ; f[4]        ; 9.228  ; 9.263  ; 9.646  ; 9.672  ;
; b[7]       ; f[5]        ; 9.873  ; 9.954  ; 10.291 ; 10.372 ;
; b[7]       ; f[6]        ; 10.156 ; 10.207 ; 10.574 ; 10.625 ;
; b[7]       ; f[7]        ; 11.503 ; 11.502 ; 11.921 ; 11.920 ;
; b[7]       ; f[8]        ; 11.740 ; 11.815 ; 12.158 ; 12.233 ;
; b[7]       ; f[9]        ; 12.052 ; 12.116 ; 12.470 ; 12.534 ;
; b[7]       ; f[10]       ; 12.042 ; 12.125 ; 12.460 ; 12.543 ;
; b[7]       ; f[11]       ; 15.454 ; 15.428 ; 15.872 ; 15.846 ;
; b[7]       ; f[12]       ; 9.670  ; 9.683  ; 10.090 ; 10.095 ;
; b[7]       ; f[13]       ; 10.435 ; 10.448 ; 10.855 ; 10.868 ;
; b[7]       ; f[14]       ; 11.025 ; 10.967 ; 11.445 ; 11.387 ;
; b[7]       ; f[15]       ; 11.707 ; 11.702 ; 12.118 ; 12.122 ;
; b[7]       ; f[16]       ; 13.074 ; 13.074 ; 13.483 ; 13.483 ;
; b[7]       ; f[17]       ; 12.980 ; 12.991 ; 13.389 ; 13.400 ;
; b[7]       ; f[18]       ; 13.409 ; 13.434 ; 13.818 ; 13.843 ;
; b[7]       ; f[19]       ; 15.705 ; 15.781 ; 16.114 ; 16.190 ;
; b[7]       ; f[32]       ; 11.792 ; 11.806 ; 12.212 ; 12.226 ;
; b[7]       ; f[33]       ; 11.216 ; 11.197 ; 11.627 ; 11.608 ;
; b[7]       ; f[34]       ; 12.104 ; 12.126 ; 12.524 ; 12.546 ;
; b[7]       ; f[35]       ; 12.749 ; 12.809 ; 13.169 ; 13.229 ;
; b[7]       ; f[48]       ; 11.425 ; 11.496 ; 11.843 ; 11.914 ;
; b[7]       ; f[49]       ; 11.839 ; 11.956 ; 12.248 ; 12.365 ;
; b[7]       ; f[50]       ; 11.733 ; 11.846 ; 12.151 ; 12.264 ;
; b[7]       ; f[51]       ; 12.761 ; 12.838 ; 13.179 ; 13.256 ;
; b[8]       ; f[8]        ; 8.163  ; 8.290  ; 8.573  ; 8.659  ;
; b[8]       ; f[9]        ; 8.157  ; 8.230  ; 8.549  ; 8.645  ;
; b[8]       ; f[10]       ; 8.746  ; 8.829  ; 9.129  ; 9.212  ;
; b[8]       ; f[11]       ; 12.193 ; 12.132 ; 12.608 ; 12.525 ;
; b[9]       ; f[9]        ; 7.654  ; 7.734  ; 8.106  ; 8.186  ;
; b[9]       ; f[10]       ; 8.802  ; 8.885  ; 9.222  ; 9.305  ;
; b[9]       ; f[11]       ; 12.243 ; 12.188 ; 12.695 ; 12.612 ;
; b[10]      ; f[10]       ; 7.629  ; 7.704  ; 8.058  ; 8.125  ;
; b[10]      ; f[11]       ; 11.284 ; 11.201 ; 11.713 ; 11.630 ;
; b[11]      ; f[4]        ; 9.683  ; 9.698  ; 10.097 ; 10.112 ;
; b[11]      ; f[5]        ; 10.328 ; 10.409 ; 10.742 ; 10.823 ;
; b[11]      ; f[6]        ; 10.611 ; 10.662 ; 11.025 ; 11.076 ;
; b[11]      ; f[7]        ; 11.958 ; 11.957 ; 12.372 ; 12.371 ;
; b[11]      ; f[8]        ; 11.740 ; 11.815 ; 12.154 ; 12.229 ;
; b[11]      ; f[9]        ; 12.052 ; 12.116 ; 12.466 ; 12.530 ;
; b[11]      ; f[10]       ; 12.042 ; 12.125 ; 12.456 ; 12.539 ;
; b[11]      ; f[11]       ; 15.454 ; 15.428 ; 15.868 ; 15.842 ;
; b[11]      ; f[12]       ; 9.579  ; 9.600  ; 9.986  ; 9.998  ;
; b[11]      ; f[13]       ; 10.344 ; 10.357 ; 10.751 ; 10.764 ;
; b[11]      ; f[14]       ; 10.934 ; 10.876 ; 11.341 ; 11.283 ;
; b[11]      ; f[15]       ; 11.624 ; 11.611 ; 12.022 ; 12.018 ;
; b[11]      ; f[16]       ; 13.023 ; 13.023 ; 13.428 ; 13.428 ;
; b[11]      ; f[17]       ; 12.929 ; 12.940 ; 13.334 ; 13.345 ;
; b[11]      ; f[18]       ; 13.358 ; 13.383 ; 13.763 ; 13.788 ;
; b[11]      ; f[19]       ; 15.654 ; 15.730 ; 16.059 ; 16.135 ;
; b[11]      ; f[32]       ; 11.679 ; 11.693 ; 12.086 ; 12.100 ;
; b[11]      ; f[33]       ; 11.104 ; 11.085 ; 11.502 ; 11.483 ;
; b[11]      ; f[34]       ; 11.991 ; 12.013 ; 12.398 ; 12.420 ;
; b[11]      ; f[35]       ; 12.636 ; 12.696 ; 13.043 ; 13.103 ;
; b[11]      ; f[48]       ; 11.443 ; 11.514 ; 11.857 ; 11.928 ;
; b[11]      ; f[49]       ; 11.788 ; 11.905 ; 12.193 ; 12.310 ;
; b[11]      ; f[50]       ; 11.751 ; 11.864 ; 12.165 ; 12.278 ;
; b[11]      ; f[51]       ; 12.779 ; 12.856 ; 13.193 ; 13.270 ;
; b[12]      ; f[12]       ; 7.629  ; 7.650  ; 8.066  ; 8.087  ;
; b[12]      ; f[13]       ; 8.255  ; 8.259  ; 8.692  ; 8.696  ;
; b[12]      ; f[14]       ; 9.143  ; 9.076  ; 9.589  ; 9.522  ;
; b[12]      ; f[15]       ; 9.851  ; 9.803  ; 10.297 ; 10.249 ;
; b[13]      ; f[13]       ; 8.385  ; 8.375  ; 8.809  ; 8.799  ;
; b[13]      ; f[14]       ; 9.708  ; 9.641  ; 10.132 ; 10.065 ;
; b[13]      ; f[15]       ; 10.416 ; 10.368 ; 10.840 ; 10.792 ;
; b[14]      ; f[14]       ; 9.041  ; 8.953  ; 9.482  ; 9.394  ;
; b[14]      ; f[15]       ; 9.749  ; 9.701  ; 10.190 ; 10.142 ;
; b[15]      ; f[4]        ; 9.617  ; 9.632  ; 10.038 ; 10.053 ;
; b[15]      ; f[5]        ; 10.262 ; 10.343 ; 10.683 ; 10.764 ;
; b[15]      ; f[6]        ; 10.545 ; 10.596 ; 10.966 ; 11.017 ;
; b[15]      ; f[7]        ; 11.892 ; 11.891 ; 12.313 ; 12.312 ;
; b[15]      ; f[8]        ; 11.813 ; 11.888 ; 12.232 ; 12.307 ;
; b[15]      ; f[9]        ; 12.125 ; 12.189 ; 12.544 ; 12.608 ;
; b[15]      ; f[10]       ; 12.115 ; 12.198 ; 12.534 ; 12.617 ;
; b[15]      ; f[11]       ; 15.527 ; 15.501 ; 15.946 ; 15.920 ;
; b[15]      ; f[15]       ; 8.912  ; 8.885  ; 9.322  ; 9.304  ;
; b[15]      ; f[16]       ; 13.144 ; 13.144 ; 13.554 ; 13.554 ;
; b[15]      ; f[17]       ; 13.050 ; 13.061 ; 13.460 ; 13.471 ;
; b[15]      ; f[18]       ; 13.479 ; 13.504 ; 13.889 ; 13.914 ;
; b[15]      ; f[19]       ; 15.775 ; 15.851 ; 16.185 ; 16.261 ;
; b[15]      ; f[32]       ; 11.886 ; 11.900 ; 12.307 ; 12.321 ;
; b[15]      ; f[33]       ; 11.285 ; 11.266 ; 11.698 ; 11.678 ;
; b[15]      ; f[34]       ; 12.198 ; 12.220 ; 12.619 ; 12.641 ;
; b[15]      ; f[35]       ; 12.843 ; 12.903 ; 13.264 ; 13.324 ;
; b[15]      ; f[48]       ; 11.604 ; 11.675 ; 12.023 ; 12.094 ;
; b[15]      ; f[49]       ; 11.909 ; 12.026 ; 12.319 ; 12.436 ;
; b[15]      ; f[50]       ; 11.912 ; 12.025 ; 12.331 ; 12.444 ;
; b[15]      ; f[51]       ; 12.940 ; 13.017 ; 13.359 ; 13.436 ;
; b[16]      ; f[16]       ; 8.700  ; 8.747  ; 9.141  ; 9.188  ;
; b[16]      ; f[17]       ; 9.228  ; 9.239  ; 9.716  ; 9.727  ;
; b[16]      ; f[18]       ; 9.522  ; 9.591  ; 9.941  ; 10.000 ;
; b[16]      ; f[19]       ; 11.796 ; 11.872 ; 12.237 ; 12.313 ;
; b[17]      ; f[17]       ; 8.529  ; 8.542  ; 8.971  ; 9.012  ;
; b[17]      ; f[18]       ; 9.701  ; 9.770  ; 10.185 ; 10.235 ;
; b[17]      ; f[19]       ; 11.985 ; 12.061 ; 12.481 ; 12.557 ;
; b[18]      ; f[18]       ; 8.403  ; 8.446  ; 8.906  ; 8.933  ;
; b[18]      ; f[19]       ; 10.699 ; 10.775 ; 11.202 ; 11.278 ;
; b[19]      ; f[16]       ; 14.524 ; 14.524 ; 14.981 ; 14.981 ;
; b[19]      ; f[17]       ; 14.430 ; 14.441 ; 14.887 ; 14.898 ;
; b[19]      ; f[18]       ; 14.859 ; 14.884 ; 15.316 ; 15.341 ;
; b[19]      ; f[19]       ; 17.155 ; 17.231 ; 17.612 ; 17.688 ;
; b[19]      ; f[20]       ; 11.835 ; 11.891 ; 12.254 ; 12.310 ;
; b[19]      ; f[21]       ; 11.731 ; 11.815 ; 12.150 ; 12.234 ;
; b[19]      ; f[22]       ; 12.699 ; 12.773 ; 13.118 ; 13.192 ;
; b[19]      ; f[23]       ; 14.211 ; 14.140 ; 14.630 ; 14.559 ;
; b[19]      ; f[24]       ; 14.160 ; 14.249 ; 14.579 ; 14.668 ;
; b[19]      ; f[25]       ; 14.565 ; 14.658 ; 14.984 ; 15.077 ;
; b[19]      ; f[26]       ; 15.940 ; 15.912 ; 16.359 ; 16.331 ;
; b[19]      ; f[27]       ; 17.884 ; 17.837 ; 18.303 ; 18.256 ;
; b[19]      ; f[28]       ; 11.913 ; 11.945 ; 12.332 ; 12.364 ;
; b[19]      ; f[29]       ; 12.336 ; 12.392 ; 12.755 ; 12.811 ;
; b[19]      ; f[30]       ; 13.820 ; 13.770 ; 14.239 ; 14.189 ;
; b[19]      ; f[31]       ; 12.893 ; 12.839 ; 13.312 ; 13.258 ;
; b[19]      ; f[48]       ; 12.922 ; 12.993 ; 13.347 ; 13.430 ;
; b[19]      ; f[49]       ; 13.289 ; 13.406 ; 13.746 ; 13.863 ;
; b[19]      ; f[50]       ; 13.230 ; 13.343 ; 13.655 ; 13.768 ;
; b[19]      ; f[51]       ; 14.258 ; 14.335 ; 14.683 ; 14.760 ;
; b[20]      ; f[20]       ; 8.174  ; 8.233  ; 8.644  ; 8.703  ;
; b[20]      ; f[21]       ; 9.113  ; 9.207  ; 9.580  ; 9.646  ;
; b[20]      ; f[22]       ; 9.940  ; 10.028 ; 10.379 ; 10.467 ;
; b[20]      ; f[23]       ; 11.396 ; 11.382 ; 11.835 ; 11.821 ;
; b[21]      ; f[21]       ; 7.508  ; 7.612  ; 7.904  ; 8.004  ;
; b[21]      ; f[22]       ; 9.039  ; 9.127  ; 9.440  ; 9.528  ;
; b[21]      ; f[23]       ; 10.495 ; 10.481 ; 10.896 ; 10.882 ;
; b[22]      ; f[22]       ; 7.537  ; 7.639  ; 8.006  ; 8.117  ;
; b[22]      ; f[23]       ; 9.030  ; 8.982  ; 9.516  ; 9.445  ;
; b[23]      ; f[16]       ; 12.460 ; 12.460 ; 12.888 ; 12.888 ;
; b[23]      ; f[17]       ; 12.366 ; 12.377 ; 12.794 ; 12.805 ;
; b[23]      ; f[18]       ; 12.795 ; 12.820 ; 13.223 ; 13.248 ;
; b[23]      ; f[19]       ; 15.091 ; 15.167 ; 15.519 ; 15.595 ;
; b[23]      ; f[20]       ; 8.749  ; 8.787  ; 9.186  ; 9.215  ;
; b[23]      ; f[21]       ; 9.097  ; 9.181  ; 9.525  ; 9.609  ;
; b[23]      ; f[22]       ; 10.065 ; 10.147 ; 10.496 ; 10.584 ;
; b[23]      ; f[23]       ; 11.577 ; 11.506 ; 12.005 ; 11.938 ;
; b[23]      ; f[24]       ; 11.576 ; 11.674 ; 12.013 ; 12.111 ;
; b[23]      ; f[25]       ; 12.018 ; 12.079 ; 12.455 ; 12.516 ;
; b[23]      ; f[26]       ; 13.393 ; 13.333 ; 13.830 ; 13.770 ;
; b[23]      ; f[27]       ; 15.250 ; 15.203 ; 15.678 ; 15.631 ;
; b[23]      ; f[28]       ; 8.955  ; 9.000  ; 9.383  ; 9.437  ;
; b[23]      ; f[29]       ; 9.410  ; 9.475  ; 9.847  ; 9.912  ;
; b[23]      ; f[30]       ; 10.862 ; 10.821 ; 11.299 ; 11.258 ;
; b[23]      ; f[31]       ; 9.935  ; 9.885  ; 10.367 ; 10.322 ;
; b[23]      ; f[48]       ; 11.376 ; 11.447 ; 11.813 ; 11.884 ;
; b[23]      ; f[49]       ; 11.225 ; 11.342 ; 11.653 ; 11.770 ;
; b[23]      ; f[50]       ; 11.684 ; 11.797 ; 12.121 ; 12.234 ;
; b[23]      ; f[51]       ; 12.712 ; 12.789 ; 13.149 ; 13.226 ;
; b[24]      ; f[24]       ; 7.456  ; 7.531  ; 7.827  ; 7.892  ;
; b[24]      ; f[25]       ; 7.867  ; 7.960  ; 8.279  ; 8.340  ;
; b[24]      ; f[26]       ; 9.657  ; 9.629  ; 10.104 ; 10.044 ;
; b[24]      ; f[27]       ; 11.601 ; 11.554 ; 11.962 ; 11.915 ;
; b[25]      ; f[25]       ; 7.587  ; 7.664  ; 8.010  ; 8.087  ;
; b[25]      ; f[26]       ; 9.931  ; 9.903  ; 10.371 ; 10.311 ;
; b[25]      ; f[27]       ; 11.875 ; 11.828 ; 12.226 ; 12.179 ;
; b[26]      ; f[26]       ; 8.810  ; 8.802  ; 9.208  ; 9.161  ;
; b[26]      ; f[27]       ; 10.771 ; 10.724 ; 11.130 ; 11.083 ;
; b[27]      ; f[16]       ; 12.070 ; 12.070 ; 12.477 ; 12.477 ;
; b[27]      ; f[17]       ; 11.976 ; 11.987 ; 12.383 ; 12.394 ;
; b[27]      ; f[18]       ; 12.405 ; 12.430 ; 12.812 ; 12.837 ;
; b[27]      ; f[19]       ; 14.701 ; 14.777 ; 15.108 ; 15.184 ;
; b[27]      ; f[20]       ; 8.517  ; 8.555  ; 8.936  ; 8.965  ;
; b[27]      ; f[21]       ; 8.960  ; 9.044  ; 9.370  ; 9.454  ;
; b[27]      ; f[22]       ; 9.928  ; 10.008 ; 10.339 ; 10.427 ;
; b[27]      ; f[23]       ; 11.440 ; 11.369 ; 11.850 ; 11.781 ;
; b[27]      ; f[24]       ; 11.437 ; 11.535 ; 11.856 ; 11.954 ;
; b[27]      ; f[25]       ; 11.879 ; 11.940 ; 12.298 ; 12.359 ;
; b[27]      ; f[26]       ; 13.254 ; 13.194 ; 13.673 ; 13.613 ;
; b[27]      ; f[27]       ; 15.113 ; 15.066 ; 15.523 ; 15.476 ;
; b[27]      ; f[28]       ; 8.346  ; 8.384  ; 8.753  ; 8.800  ;
; b[27]      ; f[29]       ; 8.794  ; 8.859  ; 9.210  ; 9.275  ;
; b[27]      ; f[30]       ; 10.253 ; 10.205 ; 10.662 ; 10.621 ;
; b[27]      ; f[31]       ; 9.326  ; 9.272  ; 9.733  ; 9.685  ;
; b[27]      ; f[48]       ; 11.014 ; 11.085 ; 11.430 ; 11.501 ;
; b[27]      ; f[49]       ; 10.835 ; 10.952 ; 11.242 ; 11.359 ;
; b[27]      ; f[50]       ; 11.322 ; 11.435 ; 11.738 ; 11.851 ;
; b[27]      ; f[51]       ; 12.350 ; 12.427 ; 12.766 ; 12.843 ;
; b[28]      ; f[28]       ; 8.320  ; 8.387  ; 8.834  ; 8.913  ;
; b[28]      ; f[29]       ; 8.787  ; 8.852  ; 9.296  ; 9.352  ;
; b[28]      ; f[30]       ; 10.107 ; 10.057 ; 10.589 ; 10.539 ;
; b[28]      ; f[31]       ; 9.180  ; 9.126  ; 9.662  ; 9.608  ;
; b[29]      ; f[29]       ; 8.085  ; 8.127  ; 8.558  ; 8.600  ;
; b[29]      ; f[30]       ; 9.966  ; 9.925  ; 10.425 ; 10.375 ;
; b[29]      ; f[31]       ; 9.034  ; 8.989  ; 9.498  ; 9.444  ;
; b[30]      ; f[30]       ; 9.151  ; 9.087  ; 9.653  ; 9.573  ;
; b[30]      ; f[31]       ; 8.389  ; 8.335  ; 8.891  ; 8.837  ;
; b[31]      ; f[16]       ; 13.117 ; 13.117 ; 13.468 ; 13.468 ;
; b[31]      ; f[17]       ; 13.023 ; 13.034 ; 13.374 ; 13.385 ;
; b[31]      ; f[18]       ; 13.452 ; 13.477 ; 13.803 ; 13.828 ;
; b[31]      ; f[19]       ; 15.748 ; 15.824 ; 16.099 ; 16.175 ;
; b[31]      ; f[20]       ; 8.678  ; 8.734  ; 9.109  ; 9.137  ;
; b[31]      ; f[21]       ; 9.151  ; 9.235  ; 9.557  ; 9.609  ;
; b[31]      ; f[22]       ; 10.119 ; 10.193 ; 10.549 ; 10.637 ;
; b[31]      ; f[23]       ; 11.631 ; 11.560 ; 12.005 ; 11.991 ;
; b[31]      ; f[24]       ; 11.614 ; 11.712 ; 12.066 ; 12.164 ;
; b[31]      ; f[25]       ; 12.056 ; 12.117 ; 12.508 ; 12.569 ;
; b[31]      ; f[26]       ; 13.431 ; 13.371 ; 13.883 ; 13.823 ;
; b[31]      ; f[27]       ; 15.304 ; 15.257 ; 15.718 ; 15.639 ;
; b[31]      ; f[31]       ; 8.541  ; 8.484  ; 8.910  ; 8.897  ;
; b[31]      ; f[48]       ; 11.504 ; 11.575 ; 11.956 ; 12.027 ;
; b[31]      ; f[49]       ; 11.882 ; 11.999 ; 12.233 ; 12.350 ;
; b[31]      ; f[50]       ; 11.812 ; 11.925 ; 12.264 ; 12.377 ;
; b[31]      ; f[51]       ; 12.840 ; 12.917 ; 13.292 ; 13.369 ;
; b[32]      ; f[32]       ; 9.145  ; 9.168  ; 9.593  ; 9.616  ;
; b[32]      ; f[33]       ; 9.076  ; 9.057  ; 9.524  ; 9.505  ;
; b[32]      ; f[34]       ; 9.891  ; 9.913  ; 10.291 ; 10.313 ;
; b[32]      ; f[35]       ; 10.536 ; 10.596 ; 10.936 ; 10.996 ;
; b[33]      ; f[33]       ; 6.293  ; 6.281  ; 6.372  ; 6.335  ;
; b[33]      ; f[34]       ; 7.785  ; 7.793  ; 7.938  ; 7.960  ;
; b[33]      ; f[35]       ; 8.398  ; 8.458  ; 8.583  ; 8.643  ;
; b[34]      ; f[34]       ; 8.633  ; 8.669  ; 9.075  ; 9.120  ;
; b[34]      ; f[35]       ; 9.281  ; 9.341  ; 9.733  ; 9.745  ;
; b[35]      ; f[16]       ; 10.977 ; 10.977 ; 11.466 ; 11.466 ;
; b[35]      ; f[17]       ; 11.387 ; 11.398 ; 11.876 ; 11.887 ;
; b[35]      ; f[18]       ; 11.312 ; 11.337 ; 11.801 ; 11.826 ;
; b[35]      ; f[19]       ; 13.608 ; 13.684 ; 14.097 ; 14.173 ;
; b[35]      ; f[32]       ; 11.496 ; 11.542 ; 11.985 ; 12.031 ;
; b[35]      ; f[33]       ; 11.373 ; 11.354 ; 11.862 ; 11.843 ;
; b[35]      ; f[34]       ; 11.769 ; 11.777 ; 12.258 ; 12.266 ;
; b[35]      ; f[35]       ; 12.382 ; 12.442 ; 12.876 ; 12.936 ;
; b[35]      ; f[36]       ; 9.202  ; 9.274  ; 9.693  ; 9.763  ;
; b[35]      ; f[37]       ; 9.167  ; 9.211  ; 9.656  ; 9.700  ;
; b[35]      ; f[38]       ; 9.970  ; 10.034 ; 10.464 ; 10.528 ;
; b[35]      ; f[39]       ; 11.242 ; 11.206 ; 11.734 ; 11.700 ;
; b[35]      ; f[40]       ; 10.538 ; 10.618 ; 11.032 ; 11.107 ;
; b[35]      ; f[41]       ; 11.029 ; 11.041 ; 11.523 ; 11.535 ;
; b[35]      ; f[42]       ; 11.139 ; 11.166 ; 11.633 ; 11.660 ;
; b[35]      ; f[43]       ; 11.497 ; 11.450 ; 11.986 ; 11.944 ;
; b[35]      ; f[44]       ; 11.073 ; 11.135 ; 11.567 ; 11.629 ;
; b[35]      ; f[45]       ; 11.685 ; 11.788 ; 12.179 ; 12.282 ;
; b[35]      ; f[46]       ; 11.575 ; 11.639 ; 12.069 ; 12.133 ;
; b[35]      ; f[47]       ; 12.371 ; 12.302 ; 12.865 ; 12.796 ;
; b[36]      ; f[36]       ; 6.125  ; 6.156  ; 6.375  ; 6.405  ;
; b[36]      ; f[37]       ; 6.555  ; 6.599  ; 6.714  ; 6.767  ;
; b[36]      ; f[38]       ; 7.334  ; 7.364  ; 7.550  ; 7.614  ;
; b[36]      ; f[39]       ; 8.630  ; 8.552  ; 8.820  ; 8.786  ;
; b[37]      ; f[37]       ; 7.866  ; 7.932  ; 8.291  ; 8.315  ;
; b[37]      ; f[38]       ; 8.902  ; 8.949  ; 9.343  ; 9.407  ;
; b[37]      ; f[39]       ; 10.198 ; 10.121 ; 10.613 ; 10.579 ;
; b[38]      ; f[38]       ; 8.065  ; 8.139  ; 8.522  ; 8.550  ;
; b[38]      ; f[39]       ; 9.207  ; 9.129  ; 9.722  ; 9.644  ;
; b[39]      ; f[16]       ; 11.213 ; 11.229 ; 11.667 ; 11.667 ;
; b[39]      ; f[17]       ; 11.318 ; 11.329 ; 11.772 ; 11.783 ;
; b[39]      ; f[18]       ; 11.552 ; 11.621 ; 12.002 ; 12.044 ;
; b[39]      ; f[19]       ; 13.844 ; 13.920 ; 14.298 ; 14.374 ;
; b[39]      ; f[32]       ; 11.533 ; 11.579 ; 11.987 ; 12.033 ;
; b[39]      ; f[33]       ; 11.304 ; 11.285 ; 11.758 ; 11.739 ;
; b[39]      ; f[34]       ; 11.842 ; 11.864 ; 12.265 ; 12.287 ;
; b[39]      ; f[35]       ; 12.487 ; 12.547 ; 12.910 ; 12.970 ;
; b[39]      ; f[36]       ; 8.853  ; 8.901  ; 9.283  ; 9.355  ;
; b[39]      ; f[37]       ; 9.136  ; 9.180  ; 9.590  ; 9.634  ;
; b[39]      ; f[38]       ; 9.961  ; 10.025 ; 10.384 ; 10.448 ;
; b[39]      ; f[39]       ; 11.231 ; 11.197 ; 11.665 ; 11.620 ;
; b[39]      ; f[40]       ; 11.327 ; 11.384 ; 11.751 ; 11.838 ;
; b[39]      ; f[41]       ; 11.818 ; 11.830 ; 12.241 ; 12.257 ;
; b[39]      ; f[42]       ; 11.928 ; 11.955 ; 12.351 ; 12.378 ;
; b[39]      ; f[43]       ; 12.263 ; 12.239 ; 12.717 ; 12.662 ;
; b[39]      ; f[44]       ; 10.053 ; 10.115 ; 10.498 ; 10.560 ;
; b[39]      ; f[45]       ; 10.665 ; 10.768 ; 11.110 ; 11.213 ;
; b[39]      ; f[46]       ; 10.555 ; 10.619 ; 11.000 ; 11.064 ;
; b[39]      ; f[47]       ; 11.351 ; 11.282 ; 11.796 ; 11.727 ;
; b[40]      ; f[40]       ; 7.684  ; 7.748  ; 8.112  ; 8.176  ;
; b[40]      ; f[41]       ; 8.139  ; 8.166  ; 8.550  ; 8.594  ;
; b[40]      ; f[42]       ; 8.993  ; 9.020  ; 9.375  ; 9.402  ;
; b[40]      ; f[43]       ; 9.320  ; 9.304  ; 9.731  ; 9.686  ;
; b[41]      ; f[41]       ; 7.746  ; 7.774  ; 8.168  ; 8.196  ;
; b[41]      ; f[42]       ; 8.903  ; 8.930  ; 9.293  ; 9.320  ;
; b[41]      ; f[43]       ; 9.230  ; 9.214  ; 9.649  ; 9.604  ;
; b[42]      ; f[42]       ; 7.480  ; 7.521  ; 7.957  ; 8.007  ;
; b[42]      ; f[43]       ; 8.436  ; 8.376  ; 8.925  ; 8.865  ;
; b[43]      ; f[16]       ; 12.031 ; 12.059 ; 12.514 ; 12.514 ;
; b[43]      ; f[17]       ; 12.136 ; 12.147 ; 12.619 ; 12.630 ;
; b[43]      ; f[18]       ; 12.382 ; 12.451 ; 12.849 ; 12.874 ;
; b[43]      ; f[19]       ; 14.662 ; 14.738 ; 15.145 ; 15.221 ;
; b[43]      ; f[32]       ; 12.360 ; 12.397 ; 12.834 ; 12.880 ;
; b[43]      ; f[33]       ; 12.122 ; 12.103 ; 12.605 ; 12.586 ;
; b[43]      ; f[34]       ; 12.672 ; 12.694 ; 13.107 ; 13.115 ;
; b[43]      ; f[35]       ; 13.317 ; 13.377 ; 13.726 ; 13.786 ;
; b[43]      ; f[36]       ; 10.304 ; 10.376 ; 10.787 ; 10.859 ;
; b[43]      ; f[37]       ; 11.099 ; 11.143 ; 11.582 ; 11.626 ;
; b[43]      ; f[38]       ; 11.878 ; 11.932 ; 12.361 ; 12.381 ;
; b[43]      ; f[39]       ; 13.174 ; 13.104 ; 13.657 ; 13.579 ;
; b[43]      ; f[40]       ; 13.260 ; 13.347 ; 13.743 ; 13.830 ;
; b[43]      ; f[41]       ; 13.725 ; 13.766 ; 14.205 ; 14.249 ;
; b[43]      ; f[42]       ; 13.840 ; 13.862 ; 14.323 ; 14.336 ;
; b[43]      ; f[43]       ; 14.226 ; 14.166 ; 14.709 ; 14.649 ;
; b[43]      ; f[44]       ; 11.953 ; 12.015 ; 12.376 ; 12.470 ;
; b[43]      ; f[45]       ; 12.565 ; 12.668 ; 12.984 ; 13.064 ;
; b[43]      ; f[46]       ; 12.455 ; 12.519 ; 12.851 ; 12.941 ;
; b[43]      ; f[47]       ; 13.251 ; 13.182 ; 13.724 ; 13.611 ;
; b[44]      ; f[44]       ; 7.335  ; 7.434  ; 7.759  ; 7.863  ;
; b[44]      ; f[45]       ; 7.948  ; 8.051  ; 8.377  ; 8.436  ;
; b[44]      ; f[46]       ; 8.416  ; 8.480  ; 8.795  ; 8.859  ;
; b[44]      ; f[47]       ; 9.212  ; 9.143  ; 9.639  ; 9.526  ;
; b[45]      ; f[45]       ; 7.335  ; 7.438  ; 7.796  ; 7.909  ;
; b[45]      ; f[46]       ; 8.410  ; 8.474  ; 8.816  ; 8.884  ;
; b[45]      ; f[47]       ; 9.206  ; 9.137  ; 9.667  ; 9.554  ;
; b[46]      ; f[46]       ; 7.192  ; 7.265  ; 7.605  ; 7.678  ;
; b[46]      ; f[47]       ; 8.053  ; 7.940  ; 8.466  ; 8.353  ;
; b[47]      ; f[16]       ; 12.050 ; 12.050 ; 12.499 ; 12.499 ;
; b[47]      ; f[17]       ; 12.460 ; 12.471 ; 12.909 ; 12.920 ;
; b[47]      ; f[18]       ; 12.385 ; 12.431 ; 12.834 ; 12.859 ;
; b[47]      ; f[19]       ; 14.681 ; 14.757 ; 15.130 ; 15.206 ;
; b[47]      ; f[32]       ; 12.569 ; 12.615 ; 13.018 ; 13.064 ;
; b[47]      ; f[33]       ; 12.446 ; 12.427 ; 12.895 ; 12.876 ;
; b[47]      ; f[34]       ; 12.842 ; 12.860 ; 13.291 ; 13.299 ;
; b[47]      ; f[35]       ; 13.483 ; 13.543 ; 13.900 ; 13.960 ;
; b[47]      ; f[36]       ; 10.585 ; 10.635 ; 11.022 ; 11.094 ;
; b[47]      ; f[37]       ; 11.009 ; 11.053 ; 11.468 ; 11.512 ;
; b[47]      ; f[38]       ; 11.797 ; 11.861 ; 12.247 ; 12.267 ;
; b[47]      ; f[39]       ; 13.084 ; 13.033 ; 13.543 ; 13.465 ;
; b[47]      ; f[40]       ; 13.170 ; 13.257 ; 13.629 ; 13.716 ;
; b[47]      ; f[41]       ; 13.654 ; 13.676 ; 14.091 ; 14.135 ;
; b[47]      ; f[42]       ; 13.764 ; 13.791 ; 14.209 ; 14.222 ;
; b[47]      ; f[43]       ; 14.136 ; 14.076 ; 14.595 ; 14.535 ;
; b[47]      ; f[47]       ; 7.975  ; 7.876  ; 8.434  ; 8.311  ;
; b[48]      ; f[48]       ; 7.429  ; 7.516  ; 7.862  ; 7.949  ;
; b[48]      ; f[49]       ; 8.076  ; 8.193  ; 8.509  ; 8.626  ;
; b[48]      ; f[50]       ; 8.150  ; 8.263  ; 8.551  ; 8.664  ;
; b[48]      ; f[51]       ; 9.178  ; 9.255  ; 9.579  ; 9.656  ;
; b[49]      ; f[49]       ; 7.301  ; 7.376  ; 7.741  ; 7.827  ;
; b[49]      ; f[50]       ; 8.254  ; 8.367  ; 8.662  ; 8.775  ;
; b[49]      ; f[51]       ; 9.282  ; 9.359  ; 9.690  ; 9.767  ;
; b[50]      ; f[50]       ; 7.798  ; 7.888  ; 8.289  ; 8.379  ;
; b[50]      ; f[51]       ; 8.238  ; 8.315  ; 8.697  ; 8.760  ;
; b[51]      ; f[16]       ; 11.571 ; 11.571 ; 12.059 ; 12.059 ;
; b[51]      ; f[17]       ; 11.981 ; 11.992 ; 12.469 ; 12.480 ;
; b[51]      ; f[18]       ; 11.906 ; 11.943 ; 12.394 ; 12.419 ;
; b[51]      ; f[19]       ; 14.202 ; 14.278 ; 14.690 ; 14.766 ;
; b[51]      ; f[32]       ; 12.090 ; 12.136 ; 12.578 ; 12.624 ;
; b[51]      ; f[33]       ; 11.967 ; 11.948 ; 12.455 ; 12.436 ;
; b[51]      ; f[34]       ; 12.363 ; 12.372 ; 12.851 ; 12.859 ;
; b[51]      ; f[35]       ; 12.995 ; 13.055 ; 13.458 ; 13.461 ;
; b[51]      ; f[48]       ; 12.428 ; 12.499 ; 12.844 ; 12.915 ;
; b[51]      ; f[49]       ; 12.557 ; 12.643 ; 12.973 ; 13.050 ;
; b[51]      ; f[50]       ; 12.736 ; 12.849 ; 13.152 ; 13.265 ;
; b[51]      ; f[51]       ; 13.764 ; 13.841 ; 14.180 ; 14.257 ;
; b[51]      ; f[52]       ; 8.876  ; 8.982  ; 9.283  ; 9.389  ;
; b[51]      ; f[53]       ; 9.520  ; 9.604  ; 9.927  ; 10.020 ;
; b[51]      ; f[54]       ; 9.716  ; 9.726  ; 10.132 ; 10.142 ;
; b[51]      ; f[55]       ; 10.411 ; 10.385 ; 10.827 ; 10.792 ;
; b[51]      ; f[56]       ; 11.400 ; 11.482 ; 11.807 ; 11.889 ;
; b[51]      ; f[57]       ; 12.646 ; 12.683 ; 13.053 ; 13.090 ;
; b[51]      ; f[58]       ; 11.761 ; 11.868 ; 12.175 ; 12.275 ;
; b[51]      ; f[59]       ; 13.514 ; 13.488 ; 13.921 ; 13.895 ;
; b[51]      ; f[60]       ; 10.108 ; 10.201 ; 10.515 ; 10.608 ;
; b[51]      ; f[61]       ; 10.560 ; 10.656 ; 10.967 ; 11.063 ;
; b[51]      ; f[62]       ; 10.448 ; 10.541 ; 10.855 ; 10.948 ;
; b[51]      ; f[63]       ; 11.494 ; 11.389 ; 11.901 ; 11.796 ;
; b[52]      ; f[52]       ; 7.682  ; 7.793  ; 8.143  ; 8.266  ;
; b[52]      ; f[53]       ; 8.039  ; 8.144  ; 8.512  ; 8.563  ;
; b[52]      ; f[54]       ; 8.586  ; 8.596  ; 8.995  ; 9.005  ;
; b[52]      ; f[55]       ; 9.281  ; 9.245  ; 9.690  ; 9.673  ;
; b[53]      ; f[53]       ; 7.782  ; 7.880  ; 8.193  ; 8.247  ;
; b[53]      ; f[54]       ; 8.704  ; 8.714  ; 9.113  ; 9.155  ;
; b[53]      ; f[55]       ; 9.399  ; 9.363  ; 9.833  ; 9.829  ;
; b[54]      ; f[54]       ; 7.537  ; 7.563  ; 7.972  ; 7.998  ;
; b[54]      ; f[55]       ; 8.243  ; 8.239  ; 8.678  ; 8.674  ;
; b[55]      ; f[16]       ; 12.070 ; 12.078 ; 12.555 ; 12.555 ;
; b[55]      ; f[17]       ; 12.175 ; 12.186 ; 12.660 ; 12.671 ;
; b[55]      ; f[18]       ; 12.405 ; 12.470 ; 12.890 ; 12.915 ;
; b[55]      ; f[19]       ; 14.701 ; 14.777 ; 15.186 ; 15.262 ;
; b[55]      ; f[32]       ; 12.390 ; 12.436 ; 12.875 ; 12.921 ;
; b[55]      ; f[33]       ; 12.161 ; 12.142 ; 12.646 ; 12.627 ;
; b[55]      ; f[34]       ; 12.691 ; 12.713 ; 13.148 ; 13.156 ;
; b[55]      ; f[35]       ; 13.336 ; 13.396 ; 13.755 ; 13.782 ;
; b[55]      ; f[48]       ; 11.693 ; 11.764 ; 12.111 ; 12.182 ;
; b[55]      ; f[49]       ; 11.822 ; 11.894 ; 12.240 ; 12.303 ;
; b[55]      ; f[50]       ; 12.001 ; 12.114 ; 12.419 ; 12.532 ;
; b[55]      ; f[51]       ; 13.029 ; 13.106 ; 13.447 ; 13.524 ;
; b[55]      ; f[52]       ; 8.669  ; 8.775  ; 9.078  ; 9.184  ;
; b[55]      ; f[53]       ; 9.313  ; 9.400  ; 9.722  ; 9.818  ;
; b[55]      ; f[54]       ; 9.512  ; 9.522  ; 9.930  ; 9.940  ;
; b[55]      ; f[55]       ; 10.207 ; 10.178 ; 10.625 ; 10.589 ;
; b[55]      ; f[56]       ; 10.651 ; 10.733 ; 11.060 ; 11.142 ;
; b[55]      ; f[57]       ; 11.897 ; 11.934 ; 12.306 ; 12.343 ;
; b[55]      ; f[58]       ; 11.032 ; 11.119 ; 11.450 ; 11.528 ;
; b[55]      ; f[59]       ; 12.765 ; 12.739 ; 13.174 ; 13.148 ;
; b[55]      ; f[60]       ; 10.113 ; 10.206 ; 10.598 ; 10.691 ;
; b[55]      ; f[61]       ; 10.565 ; 10.661 ; 11.050 ; 11.146 ;
; b[55]      ; f[62]       ; 10.453 ; 10.546 ; 10.938 ; 11.031 ;
; b[55]      ; f[63]       ; 11.499 ; 11.394 ; 11.984 ; 11.879 ;
; b[56]      ; f[56]       ; 7.442  ; 7.534  ; 7.891  ; 7.967  ;
; b[56]      ; f[57]       ; 9.207  ; 9.244  ; 9.656  ; 9.693  ;
; b[56]      ; f[58]       ; 8.296  ; 8.371  ; 8.692  ; 8.769  ;
; b[56]      ; f[59]       ; 10.005 ; 9.988  ; 10.415 ; 10.389 ;
; b[57]      ; f[57]       ; 8.861  ; 8.891  ; 9.266  ; 9.296  ;
; b[57]      ; f[58]       ; 8.618  ; 8.693  ; 9.001  ; 9.091  ;
; b[57]      ; f[59]       ; 10.327 ; 10.310 ; 10.737 ; 10.711 ;
; b[58]      ; f[58]       ; 7.496  ; 7.587  ; 7.936  ; 8.027  ;
; b[58]      ; f[59]       ; 9.222  ; 9.196  ; 9.662  ; 9.636  ;
; b[59]      ; f[16]       ; 11.044 ; 11.044 ; 11.461 ; 11.461 ;
; b[59]      ; f[17]       ; 11.149 ; 11.160 ; 11.566 ; 11.577 ;
; b[59]      ; f[18]       ; 11.379 ; 11.417 ; 11.796 ; 11.821 ;
; b[59]      ; f[19]       ; 13.675 ; 13.751 ; 14.092 ; 14.168 ;
; b[59]      ; f[32]       ; 11.364 ; 11.410 ; 11.781 ; 11.827 ;
; b[59]      ; f[33]       ; 11.135 ; 11.116 ; 11.552 ; 11.533 ;
; b[59]      ; f[34]       ; 11.638 ; 11.660 ; 12.054 ; 12.062 ;
; b[59]      ; f[35]       ; 12.283 ; 12.343 ; 12.667 ; 12.727 ;
; b[59]      ; f[48]       ; 11.997 ; 12.068 ; 12.436 ; 12.507 ;
; b[59]      ; f[49]       ; 12.126 ; 12.187 ; 12.565 ; 12.626 ;
; b[59]      ; f[50]       ; 12.305 ; 12.418 ; 12.744 ; 12.857 ;
; b[59]      ; f[51]       ; 13.333 ; 13.410 ; 13.772 ; 13.849 ;
; b[59]      ; f[52]       ; 11.225 ; 11.331 ; 11.603 ; 11.709 ;
; b[59]      ; f[53]       ; 11.869 ; 11.920 ; 12.247 ; 12.298 ;
; b[59]      ; f[54]       ; 12.018 ; 12.060 ; 12.403 ; 12.438 ;
; b[59]      ; f[55]       ; 12.738 ; 12.734 ; 13.116 ; 13.112 ;
; b[59]      ; f[56]       ; 10.928 ; 11.013 ; 11.367 ; 11.452 ;
; b[59]      ; f[57]       ; 12.166 ; 12.203 ; 12.544 ; 12.581 ;
; b[59]      ; f[58]       ; 11.336 ; 11.411 ; 11.775 ; 11.850 ;
; b[59]      ; f[59]       ; 13.045 ; 13.028 ; 13.484 ; 13.467 ;
; b[59]      ; f[60]       ; 7.928  ; 8.021  ; 8.345  ; 8.438  ;
; b[59]      ; f[61]       ; 8.399  ; 8.476  ; 8.797  ; 8.893  ;
; b[59]      ; f[62]       ; 8.268  ; 8.362  ; 8.685  ; 8.778  ;
; b[59]      ; f[63]       ; 9.314  ; 9.232  ; 9.731  ; 9.626  ;
; b[60]      ; f[60]       ; 7.505  ; 7.584  ; 8.012  ; 8.091  ;
; b[60]      ; f[61]       ; 7.997  ; 8.061  ; 8.471  ; 8.567  ;
; b[60]      ; f[62]       ; 8.184  ; 8.286  ; 8.625  ; 8.718  ;
; b[60]      ; f[63]       ; 9.217  ; 9.156  ; 9.671  ; 9.566  ;
; b[61]      ; f[61]       ; 7.623  ; 7.729  ; 8.025  ; 8.112  ;
; b[61]      ; f[62]       ; 8.506  ; 8.608  ; 8.950  ; 9.052  ;
; b[61]      ; f[63]       ; 9.541  ; 9.478  ; 9.983  ; 9.922  ;
; b[62]      ; f[62]       ; 7.571  ; 7.643  ; 8.062  ; 8.134  ;
; b[62]      ; f[63]       ; 8.616  ; 8.511  ; 9.107  ; 9.002  ;
; b[63]      ; f[16]       ; 11.654 ; 11.663 ; 12.078 ; 12.078 ;
; b[63]      ; f[17]       ; 12.064 ; 12.075 ; 12.488 ; 12.499 ;
; b[63]      ; f[18]       ; 11.989 ; 12.055 ; 12.413 ; 12.438 ;
; b[63]      ; f[19]       ; 14.285 ; 14.361 ; 14.709 ; 14.785 ;
; b[63]      ; f[32]       ; 12.173 ; 12.219 ; 12.597 ; 12.643 ;
; b[63]      ; f[33]       ; 12.050 ; 12.031 ; 12.474 ; 12.455 ;
; b[63]      ; f[34]       ; 12.462 ; 12.484 ; 12.870 ; 12.878 ;
; b[63]      ; f[35]       ; 13.107 ; 13.167 ; 13.481 ; 13.541 ;
; b[63]      ; f[48]       ; 11.750 ; 11.821 ; 12.146 ; 12.217 ;
; b[63]      ; f[49]       ; 11.879 ; 11.940 ; 12.275 ; 12.366 ;
; b[63]      ; f[50]       ; 12.058 ; 12.171 ; 12.454 ; 12.567 ;
; b[63]      ; f[51]       ; 13.086 ; 13.163 ; 13.482 ; 13.559 ;
; b[63]      ; f[52]       ; 10.625 ; 10.731 ; 11.049 ; 11.155 ;
; b[63]      ; f[53]       ; 11.269 ; 11.320 ; 11.693 ; 11.744 ;
; b[63]      ; f[54]       ; 11.431 ; 11.460 ; 11.842 ; 11.884 ;
; b[63]      ; f[55]       ; 12.138 ; 12.134 ; 12.562 ; 12.558 ;
; b[63]      ; f[56]       ; 10.693 ; 10.775 ; 11.121 ; 11.203 ;
; b[63]      ; f[57]       ; 11.939 ; 11.976 ; 12.367 ; 12.404 ;
; b[63]      ; f[58]       ; 11.089 ; 11.164 ; 11.485 ; 11.589 ;
; b[63]      ; f[59]       ; 12.807 ; 12.781 ; 13.235 ; 13.209 ;
; b[63]      ; f[63]       ; 8.157  ; 8.047  ; 8.585  ; 8.470  ;
; c          ; f[0]        ; 6.874  ; 6.791  ; 7.272  ; 7.221  ;
; c          ; f[1]        ; 7.047  ; 7.137  ; 7.450  ; 7.531  ;
; c          ; f[2]        ; 8.158  ; 8.223  ; 8.508  ; 8.570  ;
; c          ; f[3]        ; 8.405  ; 8.354  ; 8.822  ; 8.757  ;
; s[0]       ; f[0]        ; 8.828  ; 8.782  ; 9.477  ; 9.374  ;
; s[0]       ; f[1]        ; 9.013  ; 9.103  ; 9.612  ; 9.693  ;
; s[0]       ; f[2]        ; 10.242 ; 10.307 ; 10.796 ; 10.858 ;
; s[0]       ; f[3]        ; 10.489 ; 10.438 ; 11.110 ; 11.045 ;
; s[0]       ; f[4]        ; 10.136 ; 10.151 ; 10.611 ; 10.658 ;
; s[0]       ; f[5]        ; 10.781 ; 10.862 ; 11.207 ; 11.316 ;
; s[0]       ; f[6]        ; 11.064 ; 11.115 ; 11.484 ; 11.526 ;
; s[0]       ; f[7]        ; 12.411 ; 12.410 ; 12.840 ; 12.836 ;
; s[0]       ; f[8]        ; 11.876 ; 11.951 ; 12.239 ; 12.346 ;
; s[0]       ; f[9]        ; 12.188 ; 12.252 ; 12.478 ; 12.574 ;
; s[0]       ; f[10]       ; 12.178 ; 12.261 ; 12.513 ; 12.582 ;
; s[0]       ; f[11]       ; 15.590 ; 15.564 ; 16.031 ; 15.948 ;
; s[0]       ; f[12]       ; 10.450 ; 10.455 ; 10.947 ; 10.984 ;
; s[0]       ; f[13]       ; 11.215 ; 11.228 ; 11.726 ; 11.730 ;
; s[0]       ; f[14]       ; 11.805 ; 11.747 ; 12.300 ; 12.233 ;
; s[0]       ; f[15]       ; 12.473 ; 12.482 ; 13.008 ; 12.960 ;
; s[0]       ; f[16]       ; 14.992 ; 15.049 ; 15.744 ; 15.744 ;
; s[0]       ; f[17]       ; 14.836 ; 14.842 ; 15.650 ; 15.661 ;
; s[0]       ; f[18]       ; 15.372 ; 15.441 ; 16.079 ; 16.104 ;
; s[0]       ; f[19]       ; 17.523 ; 17.594 ; 18.375 ; 18.451 ;
; s[0]       ; f[20]       ; 9.091  ; 9.119  ; 9.542  ; 9.598  ;
; s[0]       ; f[21]       ; 9.570  ; 9.664  ; 10.068 ; 10.118 ;
; s[0]       ; f[22]       ; 10.531 ; 10.619 ; 10.983 ; 11.057 ;
; s[0]       ; f[23]       ; 11.987 ; 11.973 ; 12.495 ; 12.424 ;
; s[0]       ; f[24]       ; 12.048 ; 12.146 ; 12.444 ; 12.533 ;
; s[0]       ; f[25]       ; 12.490 ; 12.551 ; 12.849 ; 12.942 ;
; s[0]       ; f[26]       ; 13.865 ; 13.805 ; 14.224 ; 14.196 ;
; s[0]       ; f[27]       ; 15.700 ; 15.621 ; 16.168 ; 16.121 ;
; s[0]       ; f[28]       ; 9.567  ; 9.656  ; 10.074 ; 10.106 ;
; s[0]       ; f[29]       ; 10.066 ; 10.131 ; 10.497 ; 10.553 ;
; s[0]       ; f[30]       ; 11.518 ; 11.477 ; 11.981 ; 11.931 ;
; s[0]       ; f[31]       ; 10.586 ; 10.541 ; 11.054 ; 11.000 ;
; s[0]       ; f[32]       ; 13.094 ; 13.108 ; 13.634 ; 13.680 ;
; s[0]       ; f[33]       ; 12.580 ; 12.545 ; 13.277 ; 13.258 ;
; s[0]       ; f[34]       ; 13.406 ; 13.428 ; 13.907 ; 13.915 ;
; s[0]       ; f[35]       ; 14.051 ; 14.111 ; 14.514 ; 14.517 ;
; s[0]       ; f[36]       ; 10.867 ; 10.907 ; 11.406 ; 11.478 ;
; s[0]       ; f[37]       ; 11.243 ; 11.296 ; 11.852 ; 11.896 ;
; s[0]       ; f[38]       ; 12.079 ; 12.143 ; 12.631 ; 12.651 ;
; s[0]       ; f[39]       ; 13.349 ; 13.315 ; 13.927 ; 13.849 ;
; s[0]       ; f[40]       ; 13.445 ; 13.500 ; 14.013 ; 14.100 ;
; s[0]       ; f[41]       ; 13.936 ; 13.948 ; 14.475 ; 14.519 ;
; s[0]       ; f[42]       ; 14.046 ; 14.073 ; 14.593 ; 14.606 ;
; s[0]       ; f[43]       ; 14.373 ; 14.357 ; 14.979 ; 14.919 ;
; s[0]       ; f[44]       ; 12.701 ; 12.763 ; 13.209 ; 13.303 ;
; s[0]       ; f[45]       ; 13.313 ; 13.416 ; 13.817 ; 13.876 ;
; s[0]       ; f[46]       ; 13.203 ; 13.267 ; 13.678 ; 13.774 ;
; s[0]       ; f[47]       ; 13.999 ; 13.930 ; 14.557 ; 14.444 ;
; s[0]       ; f[48]       ; 13.629 ; 13.700 ; 14.090 ; 14.193 ;
; s[0]       ; f[49]       ; 13.749 ; 13.810 ; 14.509 ; 14.626 ;
; s[0]       ; f[50]       ; 13.937 ; 14.050 ; 14.389 ; 14.493 ;
; s[0]       ; f[51]       ; 14.965 ; 15.042 ; 15.325 ; 15.388 ;
; s[0]       ; f[52]       ; 10.864 ; 10.936 ; 11.477 ; 11.583 ;
; s[0]       ; f[53]       ; 11.505 ; 11.613 ; 12.121 ; 12.172 ;
; s[0]       ; f[54]       ; 11.725 ; 11.735 ; 12.270 ; 12.312 ;
; s[0]       ; f[55]       ; 12.420 ; 12.384 ; 12.990 ; 12.986 ;
; s[0]       ; f[56]       ; 8.480  ; 8.565  ; 8.998  ; 9.080  ;
; s[0]       ; f[57]       ; 9.828  ; 9.840  ; 10.407 ; 10.444 ;
; s[0]       ; f[58]       ; 8.951  ; 9.026  ; 9.443  ; 9.550  ;
; s[0]       ; f[59]       ; 10.660 ; 10.643 ; 11.196 ; 11.170 ;
; s[0]       ; f[60]       ; 10.601 ; 10.703 ; 11.229 ; 11.322 ;
; s[0]       ; f[61]       ; 11.089 ; 11.153 ; 11.681 ; 11.777 ;
; s[0]       ; f[62]       ; 10.950 ; 11.052 ; 11.569 ; 11.662 ;
; s[0]       ; f[63]       ; 11.983 ; 11.922 ; 12.615 ; 12.510 ;
; s[1]       ; f[0]        ; 8.551  ; 8.505  ; 9.121  ; 9.018  ;
; s[1]       ; f[1]        ; 8.736  ; 8.826  ; 9.256  ; 9.337  ;
; s[1]       ; f[2]        ; 9.965  ; 10.030 ; 10.440 ; 10.502 ;
; s[1]       ; f[3]        ; 10.212 ; 10.161 ; 10.754 ; 10.689 ;
; s[1]       ; f[4]        ; 10.242 ; 10.257 ; 10.698 ; 10.745 ;
; s[1]       ; f[5]        ; 10.887 ; 10.968 ; 11.294 ; 11.403 ;
; s[1]       ; f[6]        ; 11.170 ; 11.221 ; 11.571 ; 11.613 ;
; s[1]       ; f[7]        ; 12.517 ; 12.516 ; 12.927 ; 12.923 ;
; s[1]       ; f[8]        ; 11.982 ; 12.057 ; 12.326 ; 12.433 ;
; s[1]       ; f[9]        ; 12.294 ; 12.358 ; 12.565 ; 12.661 ;
; s[1]       ; f[10]       ; 12.284 ; 12.367 ; 12.600 ; 12.669 ;
; s[1]       ; f[11]       ; 15.696 ; 15.670 ; 16.118 ; 16.035 ;
; s[1]       ; f[12]       ; 10.850 ; 10.855 ; 11.286 ; 11.323 ;
; s[1]       ; f[13]       ; 11.615 ; 11.628 ; 12.065 ; 12.069 ;
; s[1]       ; f[14]       ; 12.205 ; 12.147 ; 12.639 ; 12.572 ;
; s[1]       ; f[15]       ; 12.873 ; 12.882 ; 13.347 ; 13.299 ;
; s[1]       ; f[16]       ; 14.754 ; 14.811 ; 15.480 ; 15.480 ;
; s[1]       ; f[17]       ; 14.598 ; 14.604 ; 15.386 ; 15.397 ;
; s[1]       ; f[18]       ; 15.134 ; 15.203 ; 15.815 ; 15.840 ;
; s[1]       ; f[19]       ; 17.285 ; 17.356 ; 18.111 ; 18.187 ;
; s[1]       ; f[20]       ; 9.484  ; 9.512  ; 9.962  ; 10.018 ;
; s[1]       ; f[21]       ; 9.932  ; 9.984  ; 10.435 ; 10.519 ;
; s[1]       ; f[22]       ; 10.924 ; 11.012 ; 11.403 ; 11.477 ;
; s[1]       ; f[23]       ; 12.380 ; 12.366 ; 12.915 ; 12.844 ;
; s[1]       ; f[24]       ; 12.441 ; 12.539 ; 12.864 ; 12.953 ;
; s[1]       ; f[25]       ; 12.883 ; 12.944 ; 13.269 ; 13.362 ;
; s[1]       ; f[26]       ; 14.258 ; 14.198 ; 14.644 ; 14.616 ;
; s[1]       ; f[27]       ; 16.093 ; 16.014 ; 16.588 ; 16.541 ;
; s[1]       ; f[28]       ; 9.247  ; 9.336  ; 9.765  ; 9.797  ;
; s[1]       ; f[29]       ; 9.746  ; 9.811  ; 10.188 ; 10.244 ;
; s[1]       ; f[30]       ; 11.198 ; 11.157 ; 11.672 ; 11.622 ;
; s[1]       ; f[31]       ; 10.266 ; 10.221 ; 10.745 ; 10.691 ;
; s[1]       ; f[32]       ; 12.972 ; 12.986 ; 13.382 ; 13.428 ;
; s[1]       ; f[33]       ; 12.363 ; 12.328 ; 12.859 ; 12.840 ;
; s[1]       ; f[34]       ; 13.284 ; 13.306 ; 13.655 ; 13.663 ;
; s[1]       ; f[35]       ; 13.929 ; 13.989 ; 14.262 ; 14.265 ;
; s[1]       ; f[36]       ; 11.387 ; 11.427 ; 11.849 ; 11.921 ;
; s[1]       ; f[37]       ; 11.763 ; 11.816 ; 12.295 ; 12.339 ;
; s[1]       ; f[38]       ; 12.599 ; 12.663 ; 13.074 ; 13.094 ;
; s[1]       ; f[39]       ; 13.869 ; 13.835 ; 14.370 ; 14.292 ;
; s[1]       ; f[40]       ; 13.965 ; 14.020 ; 14.456 ; 14.543 ;
; s[1]       ; f[41]       ; 14.456 ; 14.468 ; 14.918 ; 14.962 ;
; s[1]       ; f[42]       ; 14.566 ; 14.593 ; 15.036 ; 15.049 ;
; s[1]       ; f[43]       ; 14.893 ; 14.877 ; 15.422 ; 15.362 ;
; s[1]       ; f[44]       ; 12.250 ; 12.312 ; 12.690 ; 12.784 ;
; s[1]       ; f[45]       ; 12.862 ; 12.965 ; 13.298 ; 13.357 ;
; s[1]       ; f[46]       ; 12.752 ; 12.816 ; 13.159 ; 13.255 ;
; s[1]       ; f[47]       ; 13.548 ; 13.479 ; 14.038 ; 13.925 ;
; s[1]       ; f[48]       ; 13.391 ; 13.462 ; 13.826 ; 13.929 ;
; s[1]       ; f[49]       ; 13.511 ; 13.572 ; 14.245 ; 14.362 ;
; s[1]       ; f[50]       ; 13.699 ; 13.812 ; 14.125 ; 14.229 ;
; s[1]       ; f[51]       ; 14.727 ; 14.804 ; 15.061 ; 15.124 ;
; s[1]       ; f[52]       ; 10.915 ; 10.987 ; 11.434 ; 11.540 ;
; s[1]       ; f[53]       ; 11.556 ; 11.664 ; 12.078 ; 12.129 ;
; s[1]       ; f[54]       ; 11.776 ; 11.786 ; 12.227 ; 12.269 ;
; s[1]       ; f[55]       ; 12.471 ; 12.435 ; 12.947 ; 12.943 ;
; s[1]       ; f[56]       ; 8.531  ; 8.616  ; 8.955  ; 9.037  ;
; s[1]       ; f[57]       ; 9.879  ; 9.891  ; 10.364 ; 10.401 ;
; s[1]       ; f[58]       ; 9.000  ; 9.075  ; 9.403  ; 9.510  ;
; s[1]       ; f[59]       ; 10.709 ; 10.692 ; 11.273 ; 11.286 ;
; s[1]       ; f[60]       ; 9.877  ; 9.979  ; 10.398 ; 10.491 ;
; s[1]       ; f[61]       ; 10.365 ; 10.429 ; 10.850 ; 10.946 ;
; s[1]       ; f[62]       ; 10.226 ; 10.328 ; 10.738 ; 10.831 ;
; s[1]       ; f[63]       ; 11.259 ; 11.198 ; 11.784 ; 11.679 ;
; s[2]       ; f[0]        ; 9.045  ; 8.964  ; 9.658  ; 9.568  ;
; s[2]       ; f[1]        ; 9.227  ; 9.317  ; 9.837  ; 9.918  ;
; s[2]       ; f[2]        ; 10.614 ; 10.679 ; 11.180 ; 11.242 ;
; s[2]       ; f[3]        ; 10.861 ; 10.810 ; 11.494 ; 11.429 ;
; s[2]       ; f[4]        ; 11.297 ; 11.312 ; 11.874 ; 11.921 ;
; s[2]       ; f[5]        ; 11.942 ; 12.023 ; 12.470 ; 12.579 ;
; s[2]       ; f[6]        ; 12.225 ; 12.276 ; 12.747 ; 12.789 ;
; s[2]       ; f[7]        ; 13.572 ; 13.571 ; 14.103 ; 14.099 ;
; s[2]       ; f[8]        ; 13.319 ; 13.394 ; 13.756 ; 13.863 ;
; s[2]       ; f[9]        ; 13.631 ; 13.695 ; 13.995 ; 14.091 ;
; s[2]       ; f[10]       ; 13.621 ; 13.704 ; 14.030 ; 14.099 ;
; s[2]       ; f[11]       ; 17.033 ; 17.007 ; 17.548 ; 17.465 ;
; s[2]       ; f[12]       ; 11.335 ; 11.340 ; 11.895 ; 11.932 ;
; s[2]       ; f[13]       ; 12.100 ; 12.113 ; 12.674 ; 12.678 ;
; s[2]       ; f[14]       ; 12.690 ; 12.632 ; 13.248 ; 13.181 ;
; s[2]       ; f[15]       ; 13.358 ; 13.367 ; 13.956 ; 13.908 ;
; s[2]       ; f[16]       ; 14.647 ; 14.704 ; 15.429 ; 15.429 ;
; s[2]       ; f[17]       ; 14.491 ; 14.497 ; 15.335 ; 15.346 ;
; s[2]       ; f[18]       ; 15.027 ; 15.096 ; 15.764 ; 15.789 ;
; s[2]       ; f[19]       ; 17.178 ; 17.249 ; 18.060 ; 18.136 ;
; s[2]       ; f[20]       ; 12.263 ; 12.291 ; 12.937 ; 12.993 ;
; s[2]       ; f[21]       ; 12.151 ; 12.203 ; 12.833 ; 12.917 ;
; s[2]       ; f[22]       ; 13.143 ; 13.231 ; 13.801 ; 13.875 ;
; s[2]       ; f[23]       ; 14.599 ; 14.585 ; 15.313 ; 15.242 ;
; s[2]       ; f[24]       ; 14.658 ; 14.756 ; 15.262 ; 15.351 ;
; s[2]       ; f[25]       ; 15.100 ; 15.161 ; 15.667 ; 15.760 ;
; s[2]       ; f[26]       ; 16.475 ; 16.415 ; 17.042 ; 17.014 ;
; s[2]       ; f[27]       ; 18.310 ; 18.231 ; 18.986 ; 18.939 ;
; s[2]       ; f[28]       ; 12.268 ; 12.357 ; 13.015 ; 13.047 ;
; s[2]       ; f[29]       ; 12.767 ; 12.832 ; 13.438 ; 13.494 ;
; s[2]       ; f[30]       ; 14.219 ; 14.178 ; 14.922 ; 14.872 ;
; s[2]       ; f[31]       ; 13.287 ; 13.242 ; 13.995 ; 13.941 ;
; s[2]       ; f[32]       ; 12.449 ; 12.463 ; 13.033 ; 13.079 ;
; s[2]       ; f[33]       ; 12.098 ; 12.063 ; 12.804 ; 12.785 ;
; s[2]       ; f[34]       ; 12.761 ; 12.783 ; 13.306 ; 13.314 ;
; s[2]       ; f[35]       ; 13.406 ; 13.466 ; 13.913 ; 13.916 ;
; s[2]       ; f[36]       ; 10.125 ; 10.165 ; 10.554 ; 10.626 ;
; s[2]       ; f[37]       ; 10.853 ; 10.906 ; 11.349 ; 11.393 ;
; s[2]       ; f[38]       ; 11.689 ; 11.753 ; 12.128 ; 12.148 ;
; s[2]       ; f[39]       ; 12.959 ; 12.925 ; 13.424 ; 13.346 ;
; s[2]       ; f[40]       ; 13.055 ; 13.110 ; 13.510 ; 13.597 ;
; s[2]       ; f[41]       ; 13.546 ; 13.558 ; 13.972 ; 14.016 ;
; s[2]       ; f[42]       ; 13.656 ; 13.683 ; 14.090 ; 14.103 ;
; s[2]       ; f[43]       ; 13.983 ; 13.967 ; 14.476 ; 14.416 ;
; s[2]       ; f[44]       ; 11.722 ; 11.784 ; 12.145 ; 12.239 ;
; s[2]       ; f[45]       ; 12.334 ; 12.437 ; 12.753 ; 12.812 ;
; s[2]       ; f[46]       ; 12.224 ; 12.288 ; 12.614 ; 12.710 ;
; s[2]       ; f[47]       ; 13.020 ; 12.951 ; 13.493 ; 13.380 ;
; s[2]       ; f[48]       ; 13.472 ; 13.543 ; 13.960 ; 14.063 ;
; s[2]       ; f[49]       ; 13.601 ; 13.662 ; 14.194 ; 14.311 ;
; s[2]       ; f[50]       ; 13.780 ; 13.893 ; 14.259 ; 14.363 ;
; s[2]       ; f[51]       ; 14.808 ; 14.885 ; 15.195 ; 15.258 ;
; s[2]       ; f[52]       ; 11.851 ; 11.923 ; 12.512 ; 12.618 ;
; s[2]       ; f[53]       ; 12.492 ; 12.600 ; 13.156 ; 13.207 ;
; s[2]       ; f[54]       ; 12.712 ; 12.722 ; 13.305 ; 13.347 ;
; s[2]       ; f[55]       ; 13.407 ; 13.371 ; 14.025 ; 14.021 ;
; s[2]       ; f[56]       ; 12.395 ; 12.480 ; 13.004 ; 13.086 ;
; s[2]       ; f[57]       ; 13.567 ; 13.579 ; 14.250 ; 14.287 ;
; s[2]       ; f[58]       ; 12.803 ; 12.878 ; 13.365 ; 13.472 ;
; s[2]       ; f[59]       ; 14.512 ; 14.495 ; 15.118 ; 15.092 ;
; s[2]       ; f[60]       ; 11.012 ; 11.114 ; 11.712 ; 11.805 ;
; s[2]       ; f[61]       ; 11.500 ; 11.564 ; 12.164 ; 12.260 ;
; s[2]       ; f[62]       ; 11.361 ; 11.463 ; 12.052 ; 12.145 ;
; s[2]       ; f[63]       ; 12.394 ; 12.333 ; 13.098 ; 12.993 ;
; s[3]       ; f[0]        ; 6.932  ; 6.851  ; 7.022  ; 6.932  ;
; s[3]       ; f[1]        ; 7.114  ; 7.204  ; 7.201  ; 7.282  ;
; s[3]       ; f[2]        ; 8.504  ; 8.569  ; 8.543  ; 8.605  ;
; s[3]       ; f[3]        ; 8.751  ; 8.700  ; 8.857  ; 8.792  ;
; s[3]       ; f[4]        ; 8.959  ; 8.974  ; 9.034  ; 9.081  ;
; s[3]       ; f[5]        ; 9.604  ; 9.685  ; 9.630  ; 9.739  ;
; s[3]       ; f[6]        ; 9.887  ; 9.938  ; 9.907  ; 9.949  ;
; s[3]       ; f[7]        ; 11.234 ; 11.233 ; 11.263 ; 11.259 ;
; s[3]       ; f[8]        ; 11.557 ; 11.632 ; 11.491 ; 11.598 ;
; s[3]       ; f[9]        ; 11.869 ; 11.933 ; 11.730 ; 11.826 ;
; s[3]       ; f[10]       ; 11.859 ; 11.942 ; 11.765 ; 11.834 ;
; s[3]       ; f[11]       ; 15.271 ; 15.245 ; 15.283 ; 15.200 ;
; s[3]       ; f[12]       ; 8.997  ; 9.002  ; 9.055  ; 9.092  ;
; s[3]       ; f[13]       ; 9.762  ; 9.775  ; 9.834  ; 9.838  ;
; s[3]       ; f[14]       ; 10.352 ; 10.294 ; 10.408 ; 10.341 ;
; s[3]       ; f[15]       ; 11.020 ; 11.029 ; 11.116 ; 11.068 ;
; s[3]       ; f[16]       ; 12.711 ; 12.768 ; 12.959 ; 12.959 ;
; s[3]       ; f[17]       ; 12.555 ; 12.561 ; 12.865 ; 12.876 ;
; s[3]       ; f[18]       ; 13.091 ; 13.160 ; 13.294 ; 13.319 ;
; s[3]       ; f[19]       ; 15.242 ; 15.313 ; 15.590 ; 15.666 ;
; s[3]       ; f[20]       ; 10.425 ; 10.453 ; 10.664 ; 10.720 ;
; s[3]       ; f[21]       ; 10.313 ; 10.365 ; 10.560 ; 10.644 ;
; s[3]       ; f[22]       ; 11.305 ; 11.393 ; 11.528 ; 11.602 ;
; s[3]       ; f[23]       ; 12.761 ; 12.747 ; 13.040 ; 12.969 ;
; s[3]       ; f[24]       ; 12.820 ; 12.918 ; 12.989 ; 13.078 ;
; s[3]       ; f[25]       ; 13.262 ; 13.323 ; 13.394 ; 13.487 ;
; s[3]       ; f[26]       ; 14.637 ; 14.577 ; 14.769 ; 14.741 ;
; s[3]       ; f[27]       ; 16.472 ; 16.393 ; 16.713 ; 16.666 ;
; s[3]       ; f[28]       ; 10.430 ; 10.519 ; 10.742 ; 10.774 ;
; s[3]       ; f[29]       ; 10.929 ; 10.994 ; 11.165 ; 11.221 ;
; s[3]       ; f[30]       ; 12.381 ; 12.340 ; 12.649 ; 12.599 ;
; s[3]       ; f[31]       ; 11.449 ; 11.404 ; 11.722 ; 11.668 ;
; s[3]       ; f[32]       ; 10.950 ; 10.964 ; 11.104 ; 11.150 ;
; s[3]       ; f[33]       ; 10.599 ; 10.564 ; 10.875 ; 10.856 ;
; s[3]       ; f[34]       ; 11.262 ; 11.284 ; 11.377 ; 11.385 ;
; s[3]       ; f[35]       ; 11.907 ; 11.967 ; 11.984 ; 11.987 ;
; s[3]       ; f[36]       ; 8.894  ; 8.934  ; 9.057  ; 9.129  ;
; s[3]       ; f[37]       ; 9.622  ; 9.675  ; 9.852  ; 9.896  ;
; s[3]       ; f[38]       ; 10.458 ; 10.522 ; 10.631 ; 10.651 ;
; s[3]       ; f[39]       ; 11.728 ; 11.694 ; 11.927 ; 11.849 ;
; s[3]       ; f[40]       ; 11.824 ; 11.879 ; 12.013 ; 12.100 ;
; s[3]       ; f[41]       ; 12.315 ; 12.327 ; 12.475 ; 12.519 ;
; s[3]       ; f[42]       ; 12.425 ; 12.452 ; 12.593 ; 12.606 ;
; s[3]       ; f[43]       ; 12.752 ; 12.736 ; 12.979 ; 12.919 ;
; s[3]       ; f[44]       ; 9.070  ; 9.132  ; 9.081  ; 9.175  ;
; s[3]       ; f[45]       ; 9.682  ; 9.785  ; 9.689  ; 9.748  ;
; s[3]       ; f[46]       ; 9.572  ; 9.636  ; 9.550  ; 9.646  ;
; s[3]       ; f[47]       ; 10.368 ; 10.299 ; 10.429 ; 10.316 ;
; s[3]       ; f[48]       ; 11.530 ; 11.601 ; 11.557 ; 11.660 ;
; s[3]       ; f[49]       ; 11.659 ; 11.720 ; 11.727 ; 11.844 ;
; s[3]       ; f[50]       ; 11.838 ; 11.951 ; 11.856 ; 11.960 ;
; s[3]       ; f[51]       ; 12.866 ; 12.943 ; 12.792 ; 12.855 ;
; s[3]       ; f[52]       ; 9.665  ; 9.737  ; 9.856  ; 9.962  ;
; s[3]       ; f[53]       ; 10.306 ; 10.414 ; 10.500 ; 10.551 ;
; s[3]       ; f[54]       ; 10.526 ; 10.536 ; 10.649 ; 10.691 ;
; s[3]       ; f[55]       ; 11.221 ; 11.185 ; 11.369 ; 11.365 ;
; s[3]       ; f[56]       ; 10.453 ; 10.538 ; 10.601 ; 10.683 ;
; s[3]       ; f[57]       ; 11.625 ; 11.637 ; 11.847 ; 11.884 ;
; s[3]       ; f[58]       ; 10.861 ; 10.936 ; 10.962 ; 11.069 ;
; s[3]       ; f[59]       ; 12.570 ; 12.553 ; 12.715 ; 12.689 ;
; s[3]       ; f[60]       ; 9.070  ; 9.172  ; 9.309  ; 9.402  ;
; s[3]       ; f[61]       ; 9.558  ; 9.622  ; 9.761  ; 9.857  ;
; s[3]       ; f[62]       ; 9.419  ; 9.521  ; 9.649  ; 9.742  ;
; s[3]       ; f[63]       ; 10.452 ; 10.391 ; 10.695 ; 10.590 ;
+------------+-------------+--------+--------+--------+--------+


+--------------------------------------------------------------+
; Minimum Propagation Delay                                    ;
+------------+-------------+--------+--------+--------+--------+
; Input Port ; Output Port ; RR     ; RF     ; FR     ; FF     ;
+------------+-------------+--------+--------+--------+--------+
; M          ; f[0]        ; 5.021  ; 5.043  ; 5.825  ; 5.843  ;
; M          ; f[1]        ; 5.162  ; 5.157  ; 5.947  ; 5.935  ;
; M          ; f[2]        ; 5.435  ; 5.429  ; 6.208  ; 6.184  ;
; M          ; f[3]        ; 5.170  ; 5.190  ; 5.980  ; 5.983  ;
; M          ; f[4]        ; 5.023  ; 5.015  ; 5.739  ; 5.772  ;
; M          ; f[5]        ; 5.168  ; 5.161  ; 5.876  ; 5.858  ;
; M          ; f[6]        ; 5.220  ; 5.230  ; 5.898  ; 5.901  ;
; M          ; f[7]        ; 5.264  ; 5.293  ; 6.021  ; 6.032  ;
; M          ; f[8]        ; 6.312  ; 6.262  ; 6.815  ; 6.785  ;
; M          ; f[9]        ; 4.961  ; 4.932  ; 5.659  ; 5.650  ;
; M          ; f[10]       ; 5.336  ; 5.334  ; 6.027  ; 6.008  ;
; M          ; f[11]       ; 6.556  ; 6.576  ; 7.492  ; 7.511  ;
; M          ; f[12]       ; 5.395  ; 5.369  ; 6.004  ; 5.998  ;
; M          ; f[13]       ; 5.031  ; 4.999  ; 5.687  ; 5.648  ;
; M          ; f[14]       ; 5.797  ; 5.667  ; 6.435  ; 6.298  ;
; M          ; f[15]       ; 5.480  ; 5.549  ; 6.246  ; 6.299  ;
; M          ; f[16]       ; 5.532  ; 5.460  ; 6.229  ; 6.156  ;
; M          ; f[17]       ; 5.307  ; 5.265  ; 6.057  ; 5.995  ;
; M          ; f[18]       ; 5.686  ; 5.628  ; 6.365  ; 6.291  ;
; M          ; f[19]       ; 6.375  ; 6.328  ; 7.311  ; 7.308  ;
; M          ; f[20]       ; 4.971  ; 4.919  ; 5.678  ; 5.661  ;
; M          ; f[21]       ; 4.930  ; 4.912  ; 5.624  ; 5.602  ;
; M          ; f[22]       ; 5.486  ; 5.468  ; 6.184  ; 6.149  ;
; M          ; f[23]       ; 5.681  ; 5.709  ; 6.487  ; 6.499  ;
; M          ; f[24]       ; 6.722  ; 6.727  ; 7.172  ; 7.170  ;
; M          ; f[25]       ; 4.454  ; 4.439  ; 5.057  ; 5.062  ;
; M          ; f[26]       ; 5.695  ; 5.574  ; 6.271  ; 6.170  ;
; M          ; f[27]       ; 5.958  ; 6.031  ; 6.764  ; 6.857  ;
; M          ; f[28]       ; 5.211  ; 5.176  ; 5.870  ; 5.834  ;
; M          ; f[29]       ; 4.881  ; 4.878  ; 5.538  ; 5.528  ;
; M          ; f[30]       ; 5.951  ; 5.807  ; 6.593  ; 6.442  ;
; M          ; f[31]       ; 4.824  ; 4.836  ; 5.524  ; 5.529  ;
; M          ; f[32]       ; 5.958  ; 5.856  ; 6.665  ; 6.583  ;
; M          ; f[33]       ; 4.986  ; 4.939  ; 5.720  ; 5.680  ;
; M          ; f[34]       ; 5.829  ; 5.773  ; 6.527  ; 6.454  ;
; M          ; f[35]       ; 5.708  ; 5.575  ; 6.410  ; 6.276  ;
; M          ; f[36]       ; 4.588  ; 4.532  ; 5.237  ; 5.228  ;
; M          ; f[37]       ; 4.690  ; 4.657  ; 5.347  ; 5.307  ;
; M          ; f[38]       ; 5.068  ; 5.042  ; 5.681  ; 5.639  ;
; M          ; f[39]       ; 5.130  ; 5.175  ; 5.875  ; 5.918  ;
; M          ; f[40]       ; 5.639  ; 5.606  ; 6.141  ; 6.128  ;
; M          ; f[41]       ; 4.737  ; 4.718  ; 5.357  ; 5.358  ;
; M          ; f[42]       ; 4.933  ; 4.940  ; 5.536  ; 5.526  ;
; M          ; f[43]       ; 4.630  ; 4.637  ; 5.323  ; 5.328  ;
; M          ; f[44]       ; 5.778  ; 5.763  ; 6.244  ; 6.249  ;
; M          ; f[45]       ; 4.714  ; 4.724  ; 5.398  ; 5.392  ;
; M          ; f[46]       ; 4.980  ; 4.965  ; 5.630  ; 5.635  ;
; M          ; f[47]       ; 4.925  ; 4.944  ; 5.691  ; 5.708  ;
; M          ; f[48]       ; 6.057  ; 6.040  ; 6.504  ; 6.507  ;
; M          ; f[49]       ; 4.868  ; 4.845  ; 5.604  ; 5.592  ;
; M          ; f[50]       ; 5.226  ; 5.229  ; 5.921  ; 5.917  ;
; M          ; f[51]       ; 5.181  ; 5.174  ; 5.911  ; 5.887  ;
; M          ; f[52]       ; 4.663  ; 4.642  ; 5.368  ; 5.354  ;
; M          ; f[53]       ; 5.069  ; 5.030  ; 5.760  ; 5.741  ;
; M          ; f[54]       ; 5.248  ; 5.205  ; 5.913  ; 5.890  ;
; M          ; f[55]       ; 5.281  ; 5.317  ; 6.039  ; 6.095  ;
; M          ; f[56]       ; 5.341  ; 5.344  ; 6.105  ; 6.090  ;
; M          ; f[57]       ; 5.607  ; 5.500  ; 6.372  ; 6.272  ;
; M          ; f[58]       ; 5.506  ; 5.488  ; 6.225  ; 6.227  ;
; M          ; f[59]       ; 5.953  ; 6.023  ; 6.827  ; 6.890  ;
; M          ; f[60]       ; 5.164  ; 5.173  ; 5.948  ; 5.950  ;
; M          ; f[61]       ; 5.252  ; 5.238  ; 6.023  ; 6.029  ;
; M          ; f[62]       ; 5.361  ; 5.369  ; 6.131  ; 6.132  ;
; M          ; f[63]       ; 5.455  ; 5.460  ; 6.322  ; 6.325  ;
; a[0]       ; f[0]        ; 3.602  ; 3.616  ; 3.870  ; 3.877  ;
; a[0]       ; f[1]        ; 3.735  ; 3.730  ; 3.991  ; 3.979  ;
; a[0]       ; f[2]        ; 4.283  ; 4.277  ; 4.511  ; 4.487  ;
; a[0]       ; f[3]        ; 4.355  ; 4.375  ; 4.623  ; 4.626  ;
; a[1]       ; f[1]        ; 4.446  ; 4.439  ; 5.124  ; 5.097  ;
; a[1]       ; f[2]        ; 4.874  ; 4.868  ; 5.513  ; 5.489  ;
; a[1]       ; f[3]        ; 4.946  ; 4.966  ; 5.625  ; 5.628  ;
; a[2]       ; f[2]        ; 4.257  ; 4.240  ; 4.842  ; 4.832  ;
; a[2]       ; f[3]        ; 4.492  ; 4.512  ; 5.125  ; 5.128  ;
; a[3]       ; f[3]        ; 4.201  ; 4.214  ; 4.803  ; 4.809  ;
; a[3]       ; f[4]        ; 5.554  ; 5.545  ; 6.140  ; 6.151  ;
; a[3]       ; f[5]        ; 5.826  ; 5.820  ; 6.393  ; 6.376  ;
; a[3]       ; f[6]        ; 6.011  ; 6.021  ; 6.559  ; 6.562  ;
; a[3]       ; f[7]        ; 6.626  ; 6.655  ; 7.204  ; 7.215  ;
; a[3]       ; f[8]        ; 6.643  ; 6.593  ; 7.090  ; 7.060  ;
; a[3]       ; f[9]        ; 6.768  ; 6.739  ; 7.190  ; 7.181  ;
; a[3]       ; f[10]       ; 6.736  ; 6.734  ; 7.169  ; 7.150  ;
; a[3]       ; f[11]       ; 8.615  ; 8.635  ; 9.233  ; 9.252  ;
; a[3]       ; f[12]       ; 5.566  ; 5.540  ; 6.133  ; 6.127  ;
; a[3]       ; f[13]       ; 5.980  ; 5.948  ; 6.549  ; 6.510  ;
; a[3]       ; f[14]       ; 6.532  ; 6.402  ; 7.089  ; 6.952  ;
; a[3]       ; f[15]       ; 6.556  ; 6.625  ; 7.195  ; 7.248  ;
; a[3]       ; f[16]       ; 7.332  ; 7.260  ; 8.216  ; 8.143  ;
; a[3]       ; f[17]       ; 7.246  ; 7.188  ; 8.182  ; 8.167  ;
; a[3]       ; f[18]       ; 7.486  ; 7.428  ; 8.352  ; 8.278  ;
; a[3]       ; f[19]       ; 8.713  ; 8.666  ; 9.768  ; 9.765  ;
; a[3]       ; f[32]       ; 6.918  ; 6.816  ; 7.420  ; 7.338  ;
; a[3]       ; f[33]       ; 6.498  ; 6.442  ; 7.061  ; 7.032  ;
; a[3]       ; f[34]       ; 6.997  ; 6.941  ; 7.490  ; 7.417  ;
; a[3]       ; f[35]       ; 7.308  ; 7.175  ; 7.759  ; 7.625  ;
; a[3]       ; f[48]       ; 6.648  ; 6.631  ; 7.128  ; 7.131  ;
; a[3]       ; f[49]       ; 6.532  ; 6.512  ; 7.449  ; 7.439  ;
; a[3]       ; f[50]       ; 6.816  ; 6.819  ; 7.286  ; 7.282  ;
; a[3]       ; f[51]       ; 7.290  ; 7.283  ; 7.726  ; 7.702  ;
; a[4]       ; f[4]        ; 4.224  ; 4.230  ; 4.813  ; 4.826  ;
; a[4]       ; f[5]        ; 4.488  ; 4.481  ; 5.048  ; 5.030  ;
; a[4]       ; f[6]        ; 4.681  ; 4.691  ; 5.234  ; 5.237  ;
; a[4]       ; f[7]        ; 5.296  ; 5.325  ; 5.879  ; 5.890  ;
; a[5]       ; f[5]        ; 4.104  ; 4.087  ; 4.671  ; 4.661  ;
; a[5]       ; f[6]        ; 4.291  ; 4.301  ; 4.854  ; 4.857  ;
; a[5]       ; f[7]        ; 4.906  ; 4.935  ; 5.499  ; 5.510  ;
; a[6]       ; f[6]        ; 4.153  ; 4.149  ; 4.719  ; 4.732  ;
; a[6]       ; f[7]        ; 4.653  ; 4.682  ; 5.273  ; 5.284  ;
; a[7]       ; f[4]        ; 5.432  ; 5.423  ; 6.005  ; 6.016  ;
; a[7]       ; f[5]        ; 5.704  ; 5.698  ; 6.258  ; 6.241  ;
; a[7]       ; f[6]        ; 5.889  ; 5.899  ; 6.424  ; 6.427  ;
; a[7]       ; f[7]        ; 4.553  ; 4.575  ; 5.148  ; 5.163  ;
; a[7]       ; f[8]        ; 6.819  ; 6.769  ; 7.318  ; 7.288  ;
; a[7]       ; f[9]        ; 6.944  ; 6.915  ; 7.418  ; 7.409  ;
; a[7]       ; f[10]       ; 6.912  ; 6.910  ; 7.397  ; 7.378  ;
; a[7]       ; f[11]       ; 8.791  ; 8.811  ; 9.461  ; 9.480  ;
; a[7]       ; f[12]       ; 5.650  ; 5.624  ; 6.204  ; 6.198  ;
; a[7]       ; f[13]       ; 6.064  ; 6.032  ; 6.620  ; 6.581  ;
; a[7]       ; f[14]       ; 6.616  ; 6.486  ; 7.160  ; 7.023  ;
; a[7]       ; f[15]       ; 6.640  ; 6.709  ; 7.266  ; 7.319  ;
; a[7]       ; f[16]       ; 7.335  ; 7.263  ; 8.223  ; 8.150  ;
; a[7]       ; f[17]       ; 7.249  ; 7.191  ; 8.189  ; 8.174  ;
; a[7]       ; f[18]       ; 7.489  ; 7.431  ; 8.359  ; 8.285  ;
; a[7]       ; f[19]       ; 8.716  ; 8.669  ; 9.775  ; 9.772  ;
; a[7]       ; f[32]       ; 6.945  ; 6.843  ; 7.435  ; 7.353  ;
; a[7]       ; f[33]       ; 6.525  ; 6.469  ; 7.076  ; 7.047  ;
; a[7]       ; f[34]       ; 7.024  ; 6.968  ; 7.505  ; 7.432  ;
; a[7]       ; f[35]       ; 7.335  ; 7.202  ; 7.774  ; 7.640  ;
; a[7]       ; f[48]       ; 6.628  ; 6.611  ; 7.109  ; 7.112  ;
; a[7]       ; f[49]       ; 6.535  ; 6.515  ; 7.456  ; 7.446  ;
; a[7]       ; f[50]       ; 6.796  ; 6.799  ; 7.267  ; 7.263  ;
; a[7]       ; f[51]       ; 7.270  ; 7.263  ; 7.707  ; 7.683  ;
; a[8]       ; f[8]        ; 4.431  ; 4.389  ; 5.025  ; 4.999  ;
; a[8]       ; f[9]        ; 4.398  ; 4.369  ; 4.966  ; 4.957  ;
; a[8]       ; f[10]       ; 4.423  ; 4.421  ; 5.001  ; 4.982  ;
; a[8]       ; f[11]       ; 6.302  ; 6.322  ; 7.065  ; 7.084  ;
; a[9]       ; f[9]        ; 4.115  ; 4.101  ; 4.692  ; 4.685  ;
; a[9]       ; f[10]       ; 4.504  ; 4.502  ; 5.077  ; 5.058  ;
; a[9]       ; f[11]       ; 6.383  ; 6.403  ; 7.141  ; 7.160  ;
; a[10]      ; f[10]       ; 4.071  ; 4.059  ; 4.656  ; 4.651  ;
; a[10]      ; f[11]       ; 5.917  ; 5.937  ; 6.700  ; 6.719  ;
; a[11]      ; f[4]        ; 5.491  ; 5.482  ; 6.084  ; 6.095  ;
; a[11]      ; f[5]        ; 5.763  ; 5.757  ; 6.337  ; 6.320  ;
; a[11]      ; f[6]        ; 5.948  ; 5.958  ; 6.503  ; 6.506  ;
; a[11]      ; f[7]        ; 6.563  ; 6.592  ; 7.148  ; 7.159  ;
; a[11]      ; f[8]        ; 6.643  ; 6.593  ; 7.146  ; 7.116  ;
; a[11]      ; f[9]        ; 6.768  ; 6.739  ; 7.246  ; 7.237  ;
; a[11]      ; f[10]       ; 6.736  ; 6.734  ; 7.225  ; 7.206  ;
; a[11]      ; f[11]       ; 4.898  ; 4.916  ; 5.573  ; 5.578  ;
; a[11]      ; f[12]       ; 5.579  ; 5.553  ; 6.144  ; 6.138  ;
; a[11]      ; f[13]       ; 5.993  ; 5.961  ; 6.560  ; 6.521  ;
; a[11]      ; f[14]       ; 6.545  ; 6.415  ; 7.100  ; 6.963  ;
; a[11]      ; f[15]       ; 6.569  ; 6.638  ; 7.206  ; 7.259  ;
; a[11]      ; f[16]       ; 7.159  ; 7.087  ; 8.051  ; 7.978  ;
; a[11]      ; f[17]       ; 7.073  ; 7.015  ; 8.017  ; 8.002  ;
; a[11]      ; f[18]       ; 7.313  ; 7.255  ; 8.187  ; 8.113  ;
; a[11]      ; f[19]       ; 8.540  ; 8.493  ; 9.603  ; 9.600  ;
; a[11]      ; f[32]       ; 6.863  ; 6.761  ; 7.355  ; 7.273  ;
; a[11]      ; f[33]       ; 6.443  ; 6.387  ; 6.996  ; 6.967  ;
; a[11]      ; f[34]       ; 6.942  ; 6.886  ; 7.425  ; 7.352  ;
; a[11]      ; f[35]       ; 7.253  ; 7.120  ; 7.694  ; 7.560  ;
; a[11]      ; f[48]       ; 6.455  ; 6.438  ; 6.925  ; 6.928  ;
; a[11]      ; f[49]       ; 6.359  ; 6.339  ; 7.284  ; 7.274  ;
; a[11]      ; f[50]       ; 6.623  ; 6.626  ; 7.083  ; 7.079  ;
; a[11]      ; f[51]       ; 7.097  ; 7.090  ; 7.523  ; 7.499  ;
; a[12]      ; f[12]       ; 4.320  ; 4.309  ; 4.912  ; 4.908  ;
; a[12]      ; f[13]       ; 4.689  ; 4.657  ; 5.276  ; 5.237  ;
; a[12]      ; f[14]       ; 5.452  ; 5.322  ; 6.022  ; 5.885  ;
; a[12]      ; f[15]       ; 5.476  ; 5.545  ; 6.128  ; 6.181  ;
; a[13]      ; f[13]       ; 4.415  ; 4.381  ; 4.991  ; 4.937  ;
; a[13]      ; f[14]       ; 5.249  ; 5.119  ; 5.817  ; 5.680  ;
; a[13]      ; f[15]       ; 5.273  ; 5.342  ; 5.923  ; 5.976  ;
; a[14]      ; f[14]       ; 5.190  ; 5.046  ; 5.784  ; 5.658  ;
; a[14]      ; f[15]       ; 5.198  ; 5.267  ; 5.905  ; 5.958  ;
; a[15]      ; f[4]        ; 5.347  ; 5.338  ; 5.893  ; 5.904  ;
; a[15]      ; f[5]        ; 5.619  ; 5.613  ; 6.146  ; 6.129  ;
; a[15]      ; f[6]        ; 5.804  ; 5.814  ; 6.312  ; 6.315  ;
; a[15]      ; f[7]        ; 6.419  ; 6.448  ; 6.957  ; 6.968  ;
; a[15]      ; f[8]        ; 6.343  ; 6.293  ; 6.784  ; 6.754  ;
; a[15]      ; f[9]        ; 6.468  ; 6.439  ; 6.884  ; 6.875  ;
; a[15]      ; f[10]       ; 6.436  ; 6.434  ; 6.863  ; 6.844  ;
; a[15]      ; f[11]       ; 8.315  ; 8.335  ; 8.927  ; 8.946  ;
; a[15]      ; f[15]       ; 4.793  ; 4.850  ; 5.415  ; 5.492  ;
; a[15]      ; f[16]       ; 7.114  ; 7.042  ; 7.966  ; 7.893  ;
; a[15]      ; f[17]       ; 7.028  ; 6.970  ; 7.932  ; 7.917  ;
; a[15]      ; f[18]       ; 7.268  ; 7.210  ; 8.102  ; 8.028  ;
; a[15]      ; f[19]       ; 8.495  ; 8.448  ; 9.518  ; 9.515  ;
; a[15]      ; f[32]       ; 6.710  ; 6.608  ; 7.182  ; 7.100  ;
; a[15]      ; f[33]       ; 6.290  ; 6.234  ; 6.823  ; 6.794  ;
; a[15]      ; f[34]       ; 6.789  ; 6.733  ; 7.252  ; 7.179  ;
; a[15]      ; f[35]       ; 7.100  ; 6.967  ; 7.521  ; 7.387  ;
; a[15]      ; f[48]       ; 6.430  ; 6.413  ; 6.878  ; 6.881  ;
; a[15]      ; f[49]       ; 6.314  ; 6.294  ; 7.199  ; 7.189  ;
; a[15]      ; f[50]       ; 6.598  ; 6.601  ; 7.036  ; 7.032  ;
; a[15]      ; f[51]       ; 7.072  ; 7.065  ; 7.476  ; 7.452  ;
; a[16]      ; f[16]       ; 4.838  ; 4.773  ; 5.449  ; 5.391  ;
; a[16]      ; f[17]       ; 5.100  ; 5.042  ; 5.718  ; 5.703  ;
; a[16]      ; f[18]       ; 4.973  ; 4.915  ; 5.563  ; 5.489  ;
; a[16]      ; f[19]       ; 6.200  ; 6.153  ; 6.979  ; 6.976  ;
; a[17]      ; f[17]       ; 4.711  ; 4.664  ; 5.323  ; 5.283  ;
; a[17]      ; f[18]       ; 5.160  ; 5.102  ; 5.797  ; 5.723  ;
; a[17]      ; f[19]       ; 6.387  ; 6.340  ; 7.213  ; 7.210  ;
; a[18]      ; f[18]       ; 4.706  ; 4.642  ; 5.336  ; 5.252  ;
; a[18]      ; f[19]       ; 5.849  ; 5.802  ; 6.661  ; 6.658  ;
; a[19]      ; f[16]       ; 8.118  ; 8.046  ; 9.071  ; 8.998  ;
; a[19]      ; f[17]       ; 8.032  ; 7.974  ; 9.037  ; 9.022  ;
; a[19]      ; f[18]       ; 8.272  ; 8.214  ; 9.207  ; 9.133  ;
; a[19]      ; f[19]       ; 4.428  ; 4.392  ; 5.038  ; 5.009  ;
; a[19]      ; f[20]       ; 6.721  ; 6.701  ; 7.590  ; 7.559  ;
; a[19]      ; f[21]       ; 6.649  ; 6.620  ; 7.467  ; 7.458  ;
; a[19]      ; f[22]       ; 7.161  ; 7.143  ; 7.965  ; 7.930  ;
; a[19]      ; f[23]       ; 7.910  ; 7.938  ; 8.773  ; 8.785  ;
; a[19]      ; f[24]       ; 8.205  ; 8.210  ; 8.836  ; 8.834  ;
; a[19]      ; f[25]       ; 8.438  ; 8.423  ; 9.039  ; 9.044  ;
; a[19]      ; f[26]       ; 9.444  ; 9.323  ; 10.043 ; 9.942  ;
; a[19]      ; f[27]       ; 10.118 ; 10.191 ; 10.896 ; 10.989 ;
; a[19]      ; f[28]       ; 6.697  ; 6.662  ; 7.535  ; 7.499  ;
; a[19]      ; f[29]       ; 7.003  ; 7.000  ; 7.838  ; 7.828  ;
; a[19]      ; f[30]       ; 8.044  ; 7.900  ; 8.862  ; 8.711  ;
; a[19]      ; f[31]       ; 7.256  ; 7.268  ; 8.087  ; 8.092  ;
; a[19]      ; f[48]       ; 7.434  ; 7.417  ; 7.983  ; 7.986  ;
; a[19]      ; f[49]       ; 7.318  ; 7.298  ; 8.304  ; 8.294  ;
; a[19]      ; f[50]       ; 7.602  ; 7.605  ; 8.141  ; 8.137  ;
; a[19]      ; f[51]       ; 8.076  ; 8.069  ; 8.581  ; 8.557  ;
; a[20]      ; f[20]       ; 4.442  ; 4.411  ; 5.013  ; 4.989  ;
; a[20]      ; f[21]       ; 4.777  ; 4.748  ; 5.291  ; 5.282  ;
; a[20]      ; f[22]       ; 5.235  ; 5.217  ; 5.789  ; 5.754  ;
; a[20]      ; f[23]       ; 5.984  ; 6.012  ; 6.597  ; 6.609  ;
; a[21]      ; f[21]       ; 4.045  ; 4.031  ; 4.645  ; 4.638  ;
; a[21]      ; f[22]       ; 4.512  ; 4.494  ; 5.090  ; 5.055  ;
; a[21]      ; f[23]       ; 5.261  ; 5.289  ; 5.898  ; 5.910  ;
; a[22]      ; f[22]       ; 4.292  ; 4.264  ; 4.878  ; 4.857  ;
; a[22]      ; f[23]       ; 5.037  ; 5.065  ; 5.692  ; 5.704  ;
; a[23]      ; f[16]       ; 6.932  ; 6.860  ; 7.763  ; 7.690  ;
; a[23]      ; f[17]       ; 6.846  ; 6.788  ; 7.729  ; 7.714  ;
; a[23]      ; f[18]       ; 7.086  ; 7.028  ; 7.899  ; 7.825  ;
; a[23]      ; f[19]       ; 8.313  ; 8.266  ; 9.315  ; 9.312  ;
; a[23]      ; f[20]       ; 4.961  ; 4.941  ; 5.555  ; 5.524  ;
; a[23]      ; f[21]       ; 5.108  ; 5.079  ; 5.675  ; 5.666  ;
; a[23]      ; f[22]       ; 5.620  ; 5.602  ; 6.173  ; 6.138  ;
; a[23]      ; f[23]       ; 4.595  ; 4.611  ; 5.185  ; 5.221  ;
; a[23]      ; f[24]       ; 6.645  ; 6.650  ; 7.023  ; 7.021  ;
; a[23]      ; f[25]       ; 6.878  ; 6.863  ; 7.226  ; 7.231  ;
; a[23]      ; f[26]       ; 7.884  ; 7.763  ; 8.230  ; 8.129  ;
; a[23]      ; f[27]       ; 8.558  ; 8.631  ; 9.083  ; 9.176  ;
; a[23]      ; f[28]       ; 5.060  ; 5.025  ; 5.630  ; 5.594  ;
; a[23]      ; f[29]       ; 5.366  ; 5.363  ; 5.933  ; 5.923  ;
; a[23]      ; f[30]       ; 6.407  ; 6.263  ; 6.957  ; 6.806  ;
; a[23]      ; f[31]       ; 5.619  ; 5.631  ; 6.182  ; 6.187  ;
; a[23]      ; f[48]       ; 6.486  ; 6.469  ; 6.937  ; 6.940  ;
; a[23]      ; f[49]       ; 6.132  ; 6.112  ; 6.996  ; 6.986  ;
; a[23]      ; f[50]       ; 6.654  ; 6.657  ; 7.095  ; 7.091  ;
; a[23]      ; f[51]       ; 7.128  ; 7.121  ; 7.535  ; 7.511  ;
; a[24]      ; f[24]       ; 4.180  ; 4.171  ; 4.756  ; 4.764  ;
; a[24]      ; f[25]       ; 4.425  ; 4.410  ; 4.995  ; 5.000  ;
; a[24]      ; f[26]       ; 5.480  ; 5.359  ; 6.066  ; 5.965  ;
; a[24]      ; f[27]       ; 6.154  ; 6.227  ; 6.919  ; 7.012  ;
; a[25]      ; f[25]       ; 4.123  ; 4.121  ; 4.701  ; 4.708  ;
; a[25]      ; f[26]       ; 5.366  ; 5.245  ; 5.921  ; 5.820  ;
; a[25]      ; f[27]       ; 6.040  ; 6.113  ; 6.774  ; 6.867  ;
; a[26]      ; f[26]       ; 5.167  ; 5.056  ; 5.756  ; 5.661  ;
; a[26]      ; f[27]       ; 5.846  ; 5.919  ; 6.601  ; 6.694  ;
; a[27]      ; f[16]       ; 6.857  ; 6.785  ; 7.655  ; 7.582  ;
; a[27]      ; f[17]       ; 6.771  ; 6.713  ; 7.621  ; 7.606  ;
; a[27]      ; f[18]       ; 7.011  ; 6.953  ; 7.791  ; 7.717  ;
; a[27]      ; f[19]       ; 8.238  ; 8.191  ; 9.207  ; 9.204  ;
; a[27]      ; f[20]       ; 4.947  ; 4.927  ; 5.534  ; 5.503  ;
; a[27]      ; f[21]       ; 5.139  ; 5.110  ; 5.698  ; 5.689  ;
; a[27]      ; f[22]       ; 5.651  ; 5.633  ; 6.196  ; 6.161  ;
; a[27]      ; f[23]       ; 6.400  ; 6.428  ; 7.004  ; 7.016  ;
; a[27]      ; f[24]       ; 6.676  ; 6.681  ; 7.046  ; 7.044  ;
; a[27]      ; f[25]       ; 6.909  ; 6.894  ; 7.249  ; 7.254  ;
; a[27]      ; f[26]       ; 7.915  ; 7.794  ; 8.253  ; 8.152  ;
; a[27]      ; f[27]       ; 4.599  ; 4.677  ; 5.189  ; 5.260  ;
; a[27]      ; f[28]       ; 4.861  ; 4.826  ; 5.399  ; 5.363  ;
; a[27]      ; f[29]       ; 5.167  ; 5.164  ; 5.702  ; 5.692  ;
; a[27]      ; f[30]       ; 6.208  ; 6.064  ; 6.726  ; 6.575  ;
; a[27]      ; f[31]       ; 5.420  ; 5.432  ; 5.951  ; 5.956  ;
; a[27]      ; f[48]       ; 6.411  ; 6.394  ; 6.830  ; 6.833  ;
; a[27]      ; f[49]       ; 6.057  ; 6.037  ; 6.888  ; 6.878  ;
; a[27]      ; f[50]       ; 6.579  ; 6.582  ; 6.988  ; 6.984  ;
; a[27]      ; f[51]       ; 7.053  ; 7.046  ; 7.428  ; 7.404  ;
; a[28]      ; f[28]       ; 4.237  ; 4.209  ; 4.821  ; 4.800  ;
; a[28]      ; f[29]       ; 4.538  ; 4.535  ; 5.116  ; 5.106  ;
; a[28]      ; f[30]       ; 5.596  ; 5.452  ; 6.176  ; 6.025  ;
; a[28]      ; f[31]       ; 4.808  ; 4.820  ; 5.401  ; 5.406  ;
; a[29]      ; f[29]       ; 4.486  ; 4.481  ; 5.097  ; 5.072  ;
; a[29]      ; f[30]       ; 5.563  ; 5.419  ; 6.147  ; 5.996  ;
; a[29]      ; f[31]       ; 4.775  ; 4.787  ; 5.372  ; 5.377  ;
; a[30]      ; f[30]       ; 5.403  ; 5.257  ; 6.015  ; 5.849  ;
; a[30]      ; f[31]       ; 4.655  ; 4.667  ; 5.303  ; 5.308  ;
; a[31]      ; f[16]       ; 6.973  ; 6.901  ; 7.806  ; 7.733  ;
; a[31]      ; f[17]       ; 6.887  ; 6.829  ; 7.772  ; 7.757  ;
; a[31]      ; f[18]       ; 7.127  ; 7.069  ; 7.942  ; 7.868  ;
; a[31]      ; f[19]       ; 8.354  ; 8.307  ; 9.358  ; 9.355  ;
; a[31]      ; f[20]       ; 4.692  ; 4.672  ; 5.245  ; 5.214  ;
; a[31]      ; f[21]       ; 4.905  ; 4.876  ; 5.437  ; 5.428  ;
; a[31]      ; f[22]       ; 5.417  ; 5.399  ; 5.935  ; 5.900  ;
; a[31]      ; f[23]       ; 6.166  ; 6.194  ; 6.743  ; 6.755  ;
; a[31]      ; f[24]       ; 6.172  ; 6.177  ; 6.485  ; 6.483  ;
; a[31]      ; f[25]       ; 6.405  ; 6.390  ; 6.688  ; 6.693  ;
; a[31]      ; f[26]       ; 7.411  ; 7.290  ; 7.692  ; 7.591  ;
; a[31]      ; f[27]       ; 8.085  ; 8.158  ; 8.545  ; 8.638  ;
; a[31]      ; f[31]       ; 4.519  ; 4.539  ; 5.123  ; 5.142  ;
; a[31]      ; f[48]       ; 6.289  ; 6.272  ; 6.718  ; 6.721  ;
; a[31]      ; f[49]       ; 6.173  ; 6.153  ; 7.039  ; 7.029  ;
; a[31]      ; f[50]       ; 6.457  ; 6.460  ; 6.876  ; 6.872  ;
; a[31]      ; f[51]       ; 6.931  ; 6.924  ; 7.316  ; 7.292  ;
; a[32]      ; f[32]       ; 5.102  ; 5.008  ; 5.702  ; 5.626  ;
; a[32]      ; f[33]       ; 4.973  ; 4.917  ; 5.608  ; 5.579  ;
; a[32]      ; f[34]       ; 5.097  ; 5.041  ; 5.678  ; 5.605  ;
; a[32]      ; f[35]       ; 5.408  ; 5.275  ; 5.947  ; 5.813  ;
; a[33]      ; f[33]       ; 4.948  ; 4.906  ; 5.649  ; 5.603  ;
; a[33]      ; f[34]       ; 5.609  ; 5.553  ; 6.295  ; 6.222  ;
; a[33]      ; f[35]       ; 5.920  ; 5.787  ; 6.564  ; 6.430  ;
; a[34]      ; f[34]       ; 3.837  ; 3.771  ; 4.159  ; 4.100  ;
; a[34]      ; f[35]       ; 4.149  ; 4.016  ; 4.445  ; 4.311  ;
; a[35]      ; f[16]       ; 5.956  ; 5.884  ; 6.651  ; 6.578  ;
; a[35]      ; f[17]       ; 6.094  ; 6.036  ; 6.847  ; 6.832  ;
; a[35]      ; f[18]       ; 6.110  ; 6.052  ; 6.787  ; 6.713  ;
; a[35]      ; f[19]       ; 7.337  ; 7.290  ; 8.203  ; 8.200  ;
; a[35]      ; f[32]       ; 6.332  ; 6.230  ; 7.039  ; 6.957  ;
; a[35]      ; f[33]       ; 6.068  ; 6.012  ; 6.852  ; 6.823  ;
; a[35]      ; f[34]       ; 6.411  ; 6.355  ; 7.109  ; 7.036  ;
; a[35]      ; f[35]       ; 5.225  ; 5.099  ; 5.884  ; 5.765  ;
; a[35]      ; f[36]       ; 5.022  ; 4.965  ; 5.657  ; 5.620  ;
; a[35]      ; f[37]       ; 5.014  ; 4.981  ; 5.665  ; 5.625  ;
; a[35]      ; f[38]       ; 5.392  ; 5.366  ; 5.999  ; 5.957  ;
; a[35]      ; f[39]       ; 5.989  ; 6.034  ; 6.657  ; 6.700  ;
; a[35]      ; f[40]       ; 5.848  ; 5.815  ; 6.366  ; 6.353  ;
; a[35]      ; f[41]       ; 6.163  ; 6.144  ; 6.657  ; 6.658  ;
; a[35]      ; f[42]       ; 6.162  ; 6.169  ; 6.669  ; 6.659  ;
; a[35]      ; f[43]       ; 6.316  ; 6.323  ; 6.858  ; 6.863  ;
; a[35]      ; f[44]       ; 6.129  ; 6.114  ; 6.628  ; 6.633  ;
; a[35]      ; f[45]       ; 6.422  ; 6.432  ; 6.900  ; 6.894  ;
; a[35]      ; f[46]       ; 6.403  ; 6.388  ; 6.875  ; 6.880  ;
; a[35]      ; f[47]       ; 6.729  ; 6.748  ; 7.258  ; 7.275  ;
; a[36]      ; f[36]       ; 4.416  ; 4.374  ; 5.004  ; 4.969  ;
; a[36]      ; f[37]       ; 4.713  ; 4.659  ; 5.283  ; 5.248  ;
; a[36]      ; f[38]       ; 5.129  ; 5.103  ; 5.682  ; 5.640  ;
; a[36]      ; f[39]       ; 5.726  ; 5.771  ; 6.340  ; 6.383  ;
; a[37]      ; f[37]       ; 3.452  ; 3.404  ; 3.805  ; 3.758  ;
; a[37]      ; f[38]       ; 3.581  ; 3.555  ; 3.895  ; 3.853  ;
; a[37]      ; f[39]       ; 4.178  ; 4.223  ; 4.553  ; 4.596  ;
; a[38]      ; f[38]       ; 4.265  ; 4.221  ; 4.830  ; 4.802  ;
; a[38]      ; f[39]       ; 4.719  ; 4.764  ; 5.353  ; 5.396  ;
; a[39]      ; f[16]       ; 6.365  ; 6.293  ; 7.081  ; 7.008  ;
; a[39]      ; f[17]       ; 6.371  ; 6.313  ; 7.134  ; 7.119  ;
; a[39]      ; f[18]       ; 6.519  ; 6.461  ; 7.217  ; 7.143  ;
; a[39]      ; f[19]       ; 7.746  ; 7.699  ; 8.633  ; 8.630  ;
; a[39]      ; f[32]       ; 6.642  ; 6.540  ; 7.360  ; 7.278  ;
; a[39]      ; f[33]       ; 6.345  ; 6.289  ; 7.139  ; 7.110  ;
; a[39]      ; f[34]       ; 6.721  ; 6.665  ; 7.430  ; 7.357  ;
; a[39]      ; f[35]       ; 7.032  ; 6.899  ; 7.699  ; 7.565  ;
; a[39]      ; f[36]       ; 5.090  ; 5.033  ; 5.735  ; 5.698  ;
; a[39]      ; f[37]       ; 5.251  ; 5.218  ; 5.925  ; 5.885  ;
; a[39]      ; f[38]       ; 5.629  ; 5.603  ; 6.259  ; 6.217  ;
; a[39]      ; f[39]       ; 4.577  ; 4.616  ; 5.207  ; 5.239  ;
; a[39]      ; f[40]       ; 6.499  ; 6.466  ; 7.071  ; 7.058  ;
; a[39]      ; f[41]       ; 6.814  ; 6.795  ; 7.362  ; 7.363  ;
; a[39]      ; f[42]       ; 6.813  ; 6.820  ; 7.374  ; 7.364  ;
; a[39]      ; f[43]       ; 6.967  ; 6.974  ; 7.563  ; 7.568  ;
; a[39]      ; f[44]       ; 5.779  ; 5.764  ; 6.224  ; 6.229  ;
; a[39]      ; f[45]       ; 6.072  ; 6.082  ; 6.496  ; 6.490  ;
; a[39]      ; f[46]       ; 6.053  ; 6.038  ; 6.471  ; 6.476  ;
; a[39]      ; f[47]       ; 6.379  ; 6.398  ; 6.854  ; 6.871  ;
; a[40]      ; f[40]       ; 4.223  ; 4.205  ; 4.818  ; 4.807  ;
; a[40]      ; f[41]       ; 4.538  ; 4.519  ; 5.110  ; 5.111  ;
; a[40]      ; f[42]       ; 4.667  ; 4.674  ; 5.257  ; 5.247  ;
; a[40]      ; f[43]       ; 4.821  ; 4.828  ; 5.446  ; 5.451  ;
; a[41]      ; f[41]       ; 4.198  ; 4.194  ; 4.786  ; 4.789  ;
; a[41]      ; f[42]       ; 4.437  ; 4.444  ; 5.015  ; 5.005  ;
; a[41]      ; f[43]       ; 4.591  ; 4.598  ; 5.204  ; 5.209  ;
; a[42]      ; f[42]       ; 4.164  ; 4.161  ; 4.741  ; 4.745  ;
; a[42]      ; f[43]       ; 4.521  ; 4.528  ; 5.151  ; 5.156  ;
; a[43]      ; f[16]       ; 6.562  ; 6.490  ; 7.282  ; 7.209  ;
; a[43]      ; f[17]       ; 6.568  ; 6.510  ; 7.335  ; 7.320  ;
; a[43]      ; f[18]       ; 6.716  ; 6.658  ; 7.418  ; 7.344  ;
; a[43]      ; f[19]       ; 7.943  ; 7.896  ; 8.834  ; 8.831  ;
; a[43]      ; f[32]       ; 6.839  ; 6.737  ; 7.561  ; 7.479  ;
; a[43]      ; f[33]       ; 6.542  ; 6.486  ; 7.340  ; 7.311  ;
; a[43]      ; f[34]       ; 6.918  ; 6.862  ; 7.631  ; 7.558  ;
; a[43]      ; f[35]       ; 7.229  ; 7.096  ; 7.900  ; 7.766  ;
; a[43]      ; f[36]       ; 5.653  ; 5.596  ; 6.345  ; 6.308  ;
; a[43]      ; f[37]       ; 6.046  ; 6.013  ; 6.789  ; 6.749  ;
; a[43]      ; f[38]       ; 6.424  ; 6.398  ; 7.123  ; 7.081  ;
; a[43]      ; f[39]       ; 7.021  ; 7.066  ; 7.781  ; 7.824  ;
; a[43]      ; f[40]       ; 7.294  ; 7.261  ; 7.935  ; 7.922  ;
; a[43]      ; f[41]       ; 7.609  ; 7.590  ; 8.226  ; 8.227  ;
; a[43]      ; f[42]       ; 7.608  ; 7.615  ; 8.238  ; 8.228  ;
; a[43]      ; f[43]       ; 4.118  ; 4.119  ; 4.697  ; 4.691  ;
; a[43]      ; f[44]       ; 6.594  ; 6.579  ; 7.156  ; 7.161  ;
; a[43]      ; f[45]       ; 6.887  ; 6.897  ; 7.428  ; 7.422  ;
; a[43]      ; f[46]       ; 6.868  ; 6.853  ; 7.403  ; 7.408  ;
; a[43]      ; f[47]       ; 7.194  ; 7.213  ; 7.786  ; 7.803  ;
; a[44]      ; f[44]       ; 4.148  ; 4.141  ; 4.745  ; 4.754  ;
; a[44]      ; f[45]       ; 4.438  ; 4.448  ; 5.018  ; 5.012  ;
; a[44]      ; f[46]       ; 4.445  ; 4.430  ; 5.021  ; 5.026  ;
; a[44]      ; f[47]       ; 4.771  ; 4.790  ; 5.404  ; 5.421  ;
; a[45]      ; f[45]       ; 4.067  ; 4.070  ; 4.663  ; 4.657  ;
; a[45]      ; f[46]       ; 4.237  ; 4.222  ; 4.793  ; 4.798  ;
; a[45]      ; f[47]       ; 4.563  ; 4.582  ; 5.176  ; 5.193  ;
; a[46]      ; f[46]       ; 4.015  ; 4.015  ; 4.609  ; 4.616  ;
; a[46]      ; f[47]       ; 4.359  ; 4.378  ; 4.995  ; 5.012  ;
; a[47]      ; f[16]       ; 6.631  ; 6.559  ; 7.376  ; 7.303  ;
; a[47]      ; f[17]       ; 6.769  ; 6.711  ; 7.572  ; 7.557  ;
; a[47]      ; f[18]       ; 6.785  ; 6.727  ; 7.512  ; 7.438  ;
; a[47]      ; f[19]       ; 8.012  ; 7.965  ; 8.928  ; 8.925  ;
; a[47]      ; f[32]       ; 7.007  ; 6.905  ; 7.764  ; 7.682  ;
; a[47]      ; f[33]       ; 6.743  ; 6.687  ; 7.577  ; 7.548  ;
; a[47]      ; f[34]       ; 7.086  ; 7.030  ; 7.834  ; 7.761  ;
; a[47]      ; f[35]       ; 7.397  ; 7.264  ; 8.103  ; 7.969  ;
; a[47]      ; f[36]       ; 5.812  ; 5.755  ; 6.537  ; 6.500  ;
; a[47]      ; f[37]       ; 6.024  ; 5.991  ; 6.798  ; 6.758  ;
; a[47]      ; f[38]       ; 6.402  ; 6.376  ; 7.132  ; 7.090  ;
; a[47]      ; f[39]       ; 6.999  ; 7.044  ; 7.790  ; 7.833  ;
; a[47]      ; f[40]       ; 6.304  ; 6.271  ; 6.826  ; 6.813  ;
; a[47]      ; f[41]       ; 6.619  ; 6.600  ; 7.117  ; 7.118  ;
; a[47]      ; f[42]       ; 6.618  ; 6.625  ; 7.129  ; 7.119  ;
; a[47]      ; f[43]       ; 6.772  ; 6.779  ; 7.318  ; 7.323  ;
; a[47]      ; f[47]       ; 4.115  ; 4.128  ; 4.696  ; 4.702  ;
; a[48]      ; f[48]       ; 4.112  ; 4.110  ; 4.690  ; 4.695  ;
; a[48]      ; f[49]       ; 4.426  ; 4.406  ; 5.031  ; 5.021  ;
; a[48]      ; f[50]       ; 4.409  ; 4.412  ; 4.988  ; 4.984  ;
; a[48]      ; f[51]       ; 4.883  ; 4.876  ; 5.428  ; 5.404  ;
; a[49]      ; f[49]       ; 4.063  ; 4.042  ; 4.630  ; 4.616  ;
; a[49]      ; f[50]       ; 4.172  ; 4.175  ; 4.731  ; 4.727  ;
; a[49]      ; f[51]       ; 4.646  ; 4.639  ; 5.171  ; 5.147  ;
; a[50]      ; f[50]       ; 4.110  ; 4.111  ; 4.696  ; 4.698  ;
; a[50]      ; f[51]       ; 4.369  ; 4.362  ; 4.930  ; 4.906  ;
; a[51]      ; f[16]       ; 6.544  ; 6.472  ; 7.290  ; 7.217  ;
; a[51]      ; f[17]       ; 6.682  ; 6.624  ; 7.486  ; 7.471  ;
; a[51]      ; f[18]       ; 6.698  ; 6.640  ; 7.426  ; 7.352  ;
; a[51]      ; f[19]       ; 7.925  ; 7.878  ; 8.842  ; 8.839  ;
; a[51]      ; f[32]       ; 6.920  ; 6.818  ; 7.678  ; 7.596  ;
; a[51]      ; f[33]       ; 6.656  ; 6.600  ; 7.491  ; 7.462  ;
; a[51]      ; f[34]       ; 6.999  ; 6.943  ; 7.748  ; 7.675  ;
; a[51]      ; f[35]       ; 7.310  ; 7.177  ; 8.017  ; 7.883  ;
; a[51]      ; f[48]       ; 7.325  ; 7.308  ; 7.854  ; 7.857  ;
; a[51]      ; f[49]       ; 7.354  ; 7.334  ; 7.978  ; 7.968  ;
; a[51]      ; f[50]       ; 7.493  ; 7.496  ; 8.012  ; 8.008  ;
; a[51]      ; f[51]       ; 4.270  ; 4.253  ; 4.863  ; 4.853  ;
; a[51]      ; f[52]       ; 5.255  ; 5.220  ; 5.879  ; 5.863  ;
; a[51]      ; f[53]       ; 5.605  ; 5.572  ; 6.196  ; 6.164  ;
; a[51]      ; f[54]       ; 5.712  ; 5.669  ; 6.284  ; 6.261  ;
; a[51]      ; f[55]       ; 6.030  ; 6.066  ; 6.638  ; 6.694  ;
; a[51]      ; f[56]       ; 6.621  ; 6.624  ; 7.301  ; 7.286  ;
; a[51]      ; f[57]       ; 7.349  ; 7.232  ; 8.051  ; 7.962  ;
; a[51]      ; f[58]       ; 6.882  ; 6.864  ; 7.523  ; 7.525  ;
; a[51]      ; f[59]       ; 7.783  ; 7.853  ; 8.528  ; 8.591  ;
; a[51]      ; f[60]       ; 5.865  ; 5.874  ; 6.661  ; 6.663  ;
; a[51]      ; f[61]       ; 6.126  ; 6.112  ; 6.894  ; 6.900  ;
; a[51]      ; f[62]       ; 6.062  ; 6.070  ; 6.844  ; 6.845  ;
; a[51]      ; f[63]       ; 6.504  ; 6.509  ; 7.337  ; 7.340  ;
; a[52]      ; f[52]       ; 4.275  ; 4.243  ; 4.847  ; 4.859  ;
; a[52]      ; f[53]       ; 4.505  ; 4.472  ; 5.055  ; 5.023  ;
; a[52]      ; f[54]       ; 4.612  ; 4.569  ; 5.143  ; 5.120  ;
; a[52]      ; f[55]       ; 4.930  ; 4.966  ; 5.497  ; 5.553  ;
; a[53]      ; f[53]       ; 4.272  ; 4.248  ; 4.858  ; 4.841  ;
; a[53]      ; f[54]       ; 4.446  ; 4.403  ; 5.011  ; 4.988  ;
; a[53]      ; f[55]       ; 4.764  ; 4.800  ; 5.365  ; 5.421  ;
; a[54]      ; f[54]       ; 4.209  ; 4.181  ; 4.781  ; 4.760  ;
; a[54]      ; f[55]       ; 4.544  ; 4.580  ; 5.140  ; 5.196  ;
; a[55]      ; f[16]       ; 6.658  ; 6.586  ; 7.413  ; 7.340  ;
; a[55]      ; f[17]       ; 6.664  ; 6.606  ; 7.466  ; 7.451  ;
; a[55]      ; f[18]       ; 6.812  ; 6.754  ; 7.549  ; 7.475  ;
; a[55]      ; f[19]       ; 8.039  ; 7.992  ; 8.965  ; 8.962  ;
; a[55]      ; f[32]       ; 6.935  ; 6.833  ; 7.692  ; 7.610  ;
; a[55]      ; f[33]       ; 6.638  ; 6.582  ; 7.471  ; 7.442  ;
; a[55]      ; f[34]       ; 7.014  ; 6.958  ; 7.762  ; 7.689  ;
; a[55]      ; f[35]       ; 7.325  ; 7.192  ; 8.031  ; 7.897  ;
; a[55]      ; f[48]       ; 6.747  ; 6.730  ; 7.215  ; 7.218  ;
; a[55]      ; f[49]       ; 6.776  ; 6.756  ; 7.339  ; 7.329  ;
; a[55]      ; f[50]       ; 6.915  ; 6.918  ; 7.373  ; 7.369  ;
; a[55]      ; f[51]       ; 7.389  ; 7.382  ; 7.813  ; 7.789  ;
; a[55]      ; f[52]       ; 4.983  ; 4.948  ; 5.577  ; 5.561  ;
; a[55]      ; f[53]       ; 5.333  ; 5.300  ; 5.894  ; 5.862  ;
; a[55]      ; f[54]       ; 5.440  ; 5.397  ; 5.982  ; 5.959  ;
; a[55]      ; f[55]       ; 4.473  ; 4.514  ; 5.099  ; 5.133  ;
; a[55]      ; f[56]       ; 6.036  ; 6.039  ; 6.640  ; 6.625  ;
; a[55]      ; f[57]       ; 6.764  ; 6.647  ; 7.390  ; 7.301  ;
; a[55]      ; f[58]       ; 6.297  ; 6.279  ; 6.862  ; 6.864  ;
; a[55]      ; f[59]       ; 7.198  ; 7.268  ; 7.867  ; 7.930  ;
; a[55]      ; f[60]       ; 5.521  ; 5.530  ; 6.295  ; 6.297  ;
; a[55]      ; f[61]       ; 5.782  ; 5.768  ; 6.528  ; 6.534  ;
; a[55]      ; f[62]       ; 5.718  ; 5.726  ; 6.478  ; 6.479  ;
; a[55]      ; f[63]       ; 6.160  ; 6.165  ; 6.971  ; 6.974  ;
; a[56]      ; f[56]       ; 4.255  ; 4.247  ; 4.847  ; 4.846  ;
; a[56]      ; f[57]       ; 5.230  ; 5.113  ; 5.830  ; 5.741  ;
; a[56]      ; f[58]       ; 4.482  ; 4.464  ; 5.051  ; 5.053  ;
; a[56]      ; f[59]       ; 5.383  ; 5.453  ; 6.056  ; 6.119  ;
; a[57]      ; f[57]       ; 4.885  ; 4.783  ; 5.500  ; 5.378  ;
; a[57]      ; f[58]       ; 4.535  ; 4.517  ; 5.123  ; 5.125  ;
; a[57]      ; f[59]       ; 5.436  ; 5.506  ; 6.128  ; 6.191  ;
; a[58]      ; f[58]       ; 4.146  ; 4.143  ; 4.738  ; 4.742  ;
; a[58]      ; f[59]       ; 5.062  ; 5.132  ; 5.743  ; 5.806  ;
; a[59]      ; f[16]       ; 5.993  ; 5.921  ; 6.669  ; 6.596  ;
; a[59]      ; f[17]       ; 5.999  ; 5.941  ; 6.722  ; 6.707  ;
; a[59]      ; f[18]       ; 6.147  ; 6.089  ; 6.805  ; 6.731  ;
; a[59]      ; f[19]       ; 7.374  ; 7.327  ; 8.221  ; 8.218  ;
; a[59]      ; f[32]       ; 6.270  ; 6.168  ; 6.948  ; 6.866  ;
; a[59]      ; f[33]       ; 5.973  ; 5.917  ; 6.727  ; 6.698  ;
; a[59]      ; f[34]       ; 6.349  ; 6.293  ; 7.018  ; 6.945  ;
; a[59]      ; f[35]       ; 6.660  ; 6.527  ; 7.287  ; 7.153  ;
; a[59]      ; f[48]       ; 6.563  ; 6.546  ; 6.993  ; 6.996  ;
; a[59]      ; f[49]       ; 6.592  ; 6.572  ; 7.117  ; 7.107  ;
; a[59]      ; f[50]       ; 6.731  ; 6.734  ; 7.151  ; 7.147  ;
; a[59]      ; f[51]       ; 7.205  ; 7.198  ; 7.591  ; 7.567  ;
; a[59]      ; f[52]       ; 6.015  ; 5.980  ; 6.723  ; 6.707  ;
; a[59]      ; f[53]       ; 6.365  ; 6.332  ; 7.040  ; 7.008  ;
; a[59]      ; f[54]       ; 6.472  ; 6.429  ; 7.128  ; 7.105  ;
; a[59]      ; f[55]       ; 6.790  ; 6.826  ; 7.482  ; 7.538  ;
; a[59]      ; f[56]       ; 5.863  ; 5.866  ; 6.439  ; 6.424  ;
; a[59]      ; f[57]       ; 6.591  ; 6.474  ; 7.189  ; 7.100  ;
; a[59]      ; f[58]       ; 6.124  ; 6.106  ; 6.661  ; 6.663  ;
; a[59]      ; f[59]       ; 5.148  ; 5.225  ; 5.833  ; 5.892  ;
; a[59]      ; f[60]       ; 4.263  ; 4.272  ; 4.847  ; 4.849  ;
; a[59]      ; f[61]       ; 4.524  ; 4.510  ; 5.080  ; 5.086  ;
; a[59]      ; f[62]       ; 4.460  ; 4.468  ; 5.030  ; 5.031  ;
; a[59]      ; f[63]       ; 4.902  ; 4.907  ; 5.523  ; 5.526  ;
; a[60]      ; f[60]       ; 4.111  ; 4.118  ; 4.717  ; 4.704  ;
; a[60]      ; f[61]       ; 4.432  ; 4.418  ; 5.017  ; 5.023  ;
; a[60]      ; f[62]       ; 4.370  ; 4.378  ; 4.965  ; 4.966  ;
; a[60]      ; f[63]       ; 4.812  ; 4.817  ; 5.458  ; 5.461  ;
; a[61]      ; f[61]       ; 4.084  ; 4.080  ; 4.671  ; 4.683  ;
; a[61]      ; f[62]       ; 4.207  ; 4.215  ; 4.769  ; 4.770  ;
; a[61]      ; f[63]       ; 4.649  ; 4.654  ; 5.262  ; 5.265  ;
; a[62]      ; f[62]       ; 4.026  ; 4.032  ; 4.619  ; 4.605  ;
; a[62]      ; f[63]       ; 4.464  ; 4.469  ; 5.127  ; 5.130  ;
; a[63]      ; f[16]       ; 6.383  ; 6.311  ; 7.106  ; 7.033  ;
; a[63]      ; f[17]       ; 6.521  ; 6.463  ; 7.302  ; 7.287  ;
; a[63]      ; f[18]       ; 6.537  ; 6.479  ; 7.242  ; 7.168  ;
; a[63]      ; f[19]       ; 7.764  ; 7.717  ; 8.658  ; 8.655  ;
; a[63]      ; f[32]       ; 6.759  ; 6.657  ; 7.494  ; 7.412  ;
; a[63]      ; f[33]       ; 6.495  ; 6.439  ; 7.307  ; 7.278  ;
; a[63]      ; f[34]       ; 6.838  ; 6.782  ; 7.564  ; 7.491  ;
; a[63]      ; f[35]       ; 7.149  ; 7.016  ; 7.833  ; 7.699  ;
; a[63]      ; f[48]       ; 6.608  ; 6.591  ; 7.054  ; 7.057  ;
; a[63]      ; f[49]       ; 6.637  ; 6.617  ; 7.178  ; 7.168  ;
; a[63]      ; f[50]       ; 6.776  ; 6.779  ; 7.212  ; 7.208  ;
; a[63]      ; f[51]       ; 7.250  ; 7.243  ; 7.652  ; 7.628  ;
; a[63]      ; f[52]       ; 5.822  ; 5.787  ; 6.508  ; 6.492  ;
; a[63]      ; f[53]       ; 6.172  ; 6.139  ; 6.825  ; 6.793  ;
; a[63]      ; f[54]       ; 6.279  ; 6.236  ; 6.913  ; 6.890  ;
; a[63]      ; f[55]       ; 6.597  ; 6.633  ; 7.267  ; 7.323  ;
; a[63]      ; f[56]       ; 4.438  ; 4.441  ; 5.015  ; 5.000  ;
; a[63]      ; f[57]       ; 5.249  ; 5.132  ; 5.852  ; 5.763  ;
; a[63]      ; f[58]       ; 4.699  ; 4.681  ; 5.237  ; 5.239  ;
; a[63]      ; f[59]       ; 5.600  ; 5.670  ; 6.242  ; 6.305  ;
; a[63]      ; f[63]       ; 4.315  ; 4.314  ; 4.959  ; 4.951  ;
; b[0]       ; f[0]        ; 4.166  ; 4.180  ; 4.741  ; 4.755  ;
; b[0]       ; f[1]        ; 4.299  ; 4.294  ; 4.874  ; 4.866  ;
; b[0]       ; f[2]        ; 4.830  ; 4.806  ; 5.398  ; 5.374  ;
; b[0]       ; f[3]        ; 4.919  ; 4.939  ; 5.494  ; 5.513  ;
; b[1]       ; f[1]        ; 4.187  ; 4.168  ; 4.762  ; 4.743  ;
; b[1]       ; f[2]        ; 4.669  ; 4.645  ; 5.256  ; 5.250  ;
; b[1]       ; f[3]        ; 4.770  ; 4.784  ; 5.328  ; 5.348  ;
; b[2]       ; f[2]        ; 4.203  ; 4.192  ; 4.755  ; 4.738  ;
; b[2]       ; f[3]        ; 4.423  ; 4.443  ; 5.011  ; 5.031  ;
; b[3]       ; f[3]        ; 4.295  ; 4.301  ; 4.860  ; 4.873  ;
; b[3]       ; f[4]        ; 5.626  ; 5.617  ; 6.204  ; 6.215  ;
; b[3]       ; f[5]        ; 5.898  ; 5.892  ; 6.457  ; 6.440  ;
; b[3]       ; f[6]        ; 6.083  ; 6.087  ; 6.623  ; 6.626  ;
; b[3]       ; f[7]        ; 6.698  ; 6.727  ; 7.268  ; 7.279  ;
; b[3]       ; f[8]        ; 6.615  ; 6.585  ; 7.154  ; 7.124  ;
; b[3]       ; f[9]        ; 6.715  ; 6.706  ; 7.254  ; 7.245  ;
; b[3]       ; f[10]       ; 6.694  ; 6.675  ; 7.233  ; 7.214  ;
; b[3]       ; f[11]       ; 8.687  ; 8.707  ; 9.297  ; 9.316  ;
; b[3]       ; f[12]       ; 5.638  ; 5.612  ; 6.197  ; 6.191  ;
; b[3]       ; f[13]       ; 6.052  ; 6.020  ; 6.613  ; 6.574  ;
; b[3]       ; f[14]       ; 6.604  ; 6.474  ; 7.153  ; 7.016  ;
; b[3]       ; f[15]       ; 6.628  ; 6.697  ; 7.246  ; 7.312  ;
; b[3]       ; f[16]       ; 7.404  ; 7.332  ; 8.022  ; 7.950  ;
; b[3]       ; f[17]       ; 7.318  ; 7.260  ; 7.936  ; 7.878  ;
; b[3]       ; f[18]       ; 7.558  ; 7.500  ; 8.176  ; 8.118  ;
; b[3]       ; f[19]       ; 8.785  ; 8.738  ; 9.403  ; 9.356  ;
; b[3]       ; f[32]       ; 6.912  ; 6.830  ; 7.530  ; 7.448  ;
; b[3]       ; f[33]       ; 6.553  ; 6.524  ; 7.157  ; 7.101  ;
; b[3]       ; f[34]       ; 6.982  ; 6.909  ; 7.600  ; 7.527  ;
; b[3]       ; f[35]       ; 7.251  ; 7.117  ; 7.869  ; 7.735  ;
; b[3]       ; f[48]       ; 6.653  ; 6.656  ; 7.192  ; 7.195  ;
; b[3]       ; f[49]       ; 6.604  ; 6.584  ; 7.222  ; 7.202  ;
; b[3]       ; f[50]       ; 6.811  ; 6.807  ; 7.350  ; 7.346  ;
; b[3]       ; f[51]       ; 7.251  ; 7.227  ; 7.790  ; 7.766  ;
; b[4]       ; f[4]        ; 4.077  ; 4.083  ; 4.639  ; 4.645  ;
; b[4]       ; f[5]        ; 4.337  ; 4.328  ; 4.898  ; 4.882  ;
; b[4]       ; f[6]        ; 4.513  ; 4.516  ; 5.068  ; 5.071  ;
; b[4]       ; f[7]        ; 5.149  ; 5.169  ; 5.711  ; 5.724  ;
; b[5]       ; f[5]        ; 4.176  ; 4.159  ; 4.750  ; 4.740  ;
; b[5]       ; f[6]        ; 4.417  ; 4.420  ; 4.985  ; 4.995  ;
; b[5]       ; f[7]        ; 5.045  ; 5.073  ; 5.600  ; 5.629  ;
; b[6]       ; f[6]        ; 4.246  ; 4.254  ; 4.815  ; 4.823  ;
; b[6]       ; f[7]        ; 4.744  ; 4.773  ; 5.313  ; 5.342  ;
; b[7]       ; f[4]        ; 5.316  ; 5.310  ; 5.862  ; 5.863  ;
; b[7]       ; f[5]        ; 5.569  ; 5.552  ; 6.115  ; 6.098  ;
; b[7]       ; f[6]        ; 5.735  ; 5.738  ; 6.281  ; 6.284  ;
; b[7]       ; f[7]        ; 4.432  ; 4.454  ; 4.986  ; 5.008  ;
; b[7]       ; f[8]        ; 6.629  ; 6.599  ; 7.175  ; 7.145  ;
; b[7]       ; f[9]        ; 6.729  ; 6.720  ; 7.275  ; 7.266  ;
; b[7]       ; f[10]       ; 6.708  ; 6.689  ; 7.254  ; 7.235  ;
; b[7]       ; f[11]       ; 8.678  ; 8.698  ; 9.231  ; 9.251  ;
; b[7]       ; f[12]       ; 5.529  ; 5.503  ; 6.078  ; 6.057  ;
; b[7]       ; f[13]       ; 5.943  ; 5.908  ; 6.494  ; 6.455  ;
; b[7]       ; f[14]       ; 6.487  ; 6.350  ; 7.034  ; 6.897  ;
; b[7]       ; f[15]       ; 6.519  ; 6.588  ; 7.073  ; 7.142  ;
; b[7]       ; f[16]       ; 7.222  ; 7.150  ; 7.775  ; 7.703  ;
; b[7]       ; f[17]       ; 7.136  ; 7.078  ; 7.689  ; 7.631  ;
; b[7]       ; f[18]       ; 7.376  ; 7.318  ; 7.929  ; 7.871  ;
; b[7]       ; f[19]       ; 8.603  ; 8.556  ; 9.156  ; 9.109  ;
; b[7]       ; f[32]       ; 6.762  ; 6.680  ; 7.309  ; 7.227  ;
; b[7]       ; f[33]       ; 6.403  ; 6.348  ; 6.950  ; 6.902  ;
; b[7]       ; f[34]       ; 6.832  ; 6.759  ; 7.379  ; 7.306  ;
; b[7]       ; f[35]       ; 7.101  ; 6.967  ; 7.648  ; 7.514  ;
; b[7]       ; f[48]       ; 6.420  ; 6.423  ; 6.966  ; 6.969  ;
; b[7]       ; f[49]       ; 6.422  ; 6.402  ; 6.975  ; 6.955  ;
; b[7]       ; f[50]       ; 6.578  ; 6.574  ; 7.124  ; 7.120  ;
; b[7]       ; f[51]       ; 7.018  ; 6.994  ; 7.564  ; 7.540  ;
; b[8]       ; f[8]        ; 4.511  ; 4.471  ; 5.065  ; 5.025  ;
; b[8]       ; f[9]        ; 4.540  ; 4.511  ; 5.104  ; 5.095  ;
; b[8]       ; f[10]       ; 4.565  ; 4.561  ; 5.139  ; 5.120  ;
; b[8]       ; f[11]       ; 6.444  ; 6.464  ; 7.047  ; 7.067  ;
; b[9]       ; f[9]        ; 4.133  ; 4.119  ; 4.710  ; 4.696  ;
; b[9]       ; f[10]       ; 4.522  ; 4.515  ; 5.099  ; 5.085  ;
; b[9]       ; f[11]       ; 6.401  ; 6.421  ; 6.978  ; 6.998  ;
; b[10]      ; f[10]       ; 4.228  ; 4.216  ; 4.812  ; 4.800  ;
; b[10]      ; f[11]       ; 6.074  ; 6.094  ; 6.658  ; 6.678  ;
; b[11]      ; f[4]        ; 5.487  ; 5.487  ; 6.074  ; 6.081  ;
; b[11]      ; f[5]        ; 5.740  ; 5.723  ; 6.327  ; 6.310  ;
; b[11]      ; f[6]        ; 5.906  ; 5.909  ; 6.493  ; 6.496  ;
; b[11]      ; f[7]        ; 6.551  ; 6.562  ; 7.138  ; 7.149  ;
; b[11]      ; f[8]        ; 6.549  ; 6.519  ; 7.136  ; 7.106  ;
; b[11]      ; f[9]        ; 6.649  ; 6.640  ; 7.236  ; 7.227  ;
; b[11]      ; f[10]       ; 6.628  ; 6.609  ; 7.215  ; 7.196  ;
; b[11]      ; f[11]       ; 4.788  ; 4.800  ; 5.365  ; 5.377  ;
; b[11]      ; f[12]       ; 5.432  ; 5.414  ; 6.002  ; 5.991  ;
; b[11]      ; f[13]       ; 5.848  ; 5.809  ; 6.418  ; 6.379  ;
; b[11]      ; f[14]       ; 6.388  ; 6.251  ; 6.958  ; 6.821  ;
; b[11]      ; f[15]       ; 6.430  ; 6.499  ; 7.007  ; 7.076  ;
; b[11]      ; f[16]       ; 7.164  ; 7.092  ; 7.758  ; 7.686  ;
; b[11]      ; f[17]       ; 7.078  ; 7.020  ; 7.672  ; 7.614  ;
; b[11]      ; f[18]       ; 7.318  ; 7.260  ; 7.912  ; 7.854  ;
; b[11]      ; f[19]       ; 8.545  ; 8.498  ; 9.139  ; 9.092  ;
; b[11]      ; f[32]       ; 6.643  ; 6.561  ; 7.213  ; 7.131  ;
; b[11]      ; f[33]       ; 6.284  ; 6.248  ; 6.854  ; 6.825  ;
; b[11]      ; f[34]       ; 6.713  ; 6.640  ; 7.283  ; 7.210  ;
; b[11]      ; f[35]       ; 6.982  ; 6.848  ; 7.552  ; 7.418  ;
; b[11]      ; f[48]       ; 6.328  ; 6.331  ; 6.915  ; 6.918  ;
; b[11]      ; f[49]       ; 6.364  ; 6.344  ; 6.958  ; 6.938  ;
; b[11]      ; f[50]       ; 6.486  ; 6.482  ; 7.073  ; 7.069  ;
; b[11]      ; f[51]       ; 6.926  ; 6.902  ; 7.513  ; 7.489  ;
; b[12]      ; f[12]       ; 4.281  ; 4.270  ; 4.837  ; 4.826  ;
; b[12]      ; f[13]       ; 4.650  ; 4.618  ; 5.206  ; 5.174  ;
; b[12]      ; f[14]       ; 5.303  ; 5.173  ; 5.841  ; 5.711  ;
; b[12]      ; f[15]       ; 5.327  ; 5.396  ; 5.865  ; 5.934  ;
; b[13]      ; f[13]       ; 4.658  ; 4.624  ; 5.258  ; 5.205  ;
; b[13]      ; f[14]       ; 5.492  ; 5.362  ; 6.085  ; 5.948  ;
; b[13]      ; f[15]       ; 5.516  ; 5.585  ; 6.116  ; 6.185  ;
; b[14]      ; f[14]       ; 5.101  ; 4.969  ; 5.673  ; 5.541  ;
; b[14]      ; f[15]       ; 5.166  ; 5.235  ; 5.738  ; 5.807  ;
; b[15]      ; f[4]        ; 5.473  ; 5.470  ; 6.047  ; 6.051  ;
; b[15]      ; f[5]        ; 5.726  ; 5.709  ; 6.300  ; 6.283  ;
; b[15]      ; f[6]        ; 5.892  ; 5.895  ; 6.466  ; 6.469  ;
; b[15]      ; f[7]        ; 6.537  ; 6.548  ; 7.111  ; 7.122  ;
; b[15]      ; f[8]        ; 6.364  ; 6.334  ; 6.938  ; 6.908  ;
; b[15]      ; f[9]        ; 6.464  ; 6.455  ; 7.038  ; 7.029  ;
; b[15]      ; f[10]       ; 6.443  ; 6.424  ; 7.017  ; 6.998  ;
; b[15]      ; f[11]       ; 8.447  ; 8.467  ; 9.028  ; 9.048  ;
; b[15]      ; f[15]       ; 4.925  ; 4.982  ; 5.506  ; 5.563  ;
; b[15]      ; f[16]       ; 7.248  ; 7.176  ; 7.829  ; 7.757  ;
; b[15]      ; f[17]       ; 7.162  ; 7.104  ; 7.743  ; 7.685  ;
; b[15]      ; f[18]       ; 7.402  ; 7.344  ; 7.983  ; 7.925  ;
; b[15]      ; f[19]       ; 8.629  ; 8.582  ; 9.210  ; 9.163  ;
; b[15]      ; f[32]       ; 6.762  ; 6.680  ; 7.336  ; 7.254  ;
; b[15]      ; f[33]       ; 6.403  ; 6.366  ; 6.977  ; 6.947  ;
; b[15]      ; f[34]       ; 6.832  ; 6.759  ; 7.406  ; 7.333  ;
; b[15]      ; f[35]       ; 7.101  ; 6.967  ; 7.675  ; 7.541  ;
; b[15]      ; f[48]       ; 6.460  ; 6.463  ; 7.034  ; 7.037  ;
; b[15]      ; f[49]       ; 6.448  ; 6.428  ; 7.029  ; 7.009  ;
; b[15]      ; f[50]       ; 6.618  ; 6.614  ; 7.192  ; 7.188  ;
; b[15]      ; f[51]       ; 7.058  ; 7.034  ; 7.632  ; 7.608  ;
; b[16]      ; f[16]       ; 4.886  ; 4.821  ; 5.469  ; 5.404  ;
; b[16]      ; f[17]       ; 5.037  ; 4.979  ; 5.610  ; 5.552  ;
; b[16]      ; f[18]       ; 5.001  ; 4.927  ; 5.604  ; 5.546  ;
; b[16]      ; f[19]       ; 6.248  ; 6.201  ; 6.831  ; 6.784  ;
; b[17]      ; f[17]       ; 4.865  ; 4.819  ; 5.460  ; 5.414  ;
; b[17]      ; f[18]       ; 5.106  ; 5.042  ; 5.701  ; 5.630  ;
; b[17]      ; f[19]       ; 6.333  ; 6.286  ; 6.928  ; 6.881  ;
; b[18]      ; f[18]       ; 4.689  ; 4.613  ; 5.277  ; 5.201  ;
; b[18]      ; f[19]       ; 5.777  ; 5.730  ; 6.365  ; 6.318  ;
; b[19]      ; f[16]       ; 8.049  ; 7.977  ; 8.615  ; 8.543  ;
; b[19]      ; f[17]       ; 7.963  ; 7.905  ; 8.529  ; 8.471  ;
; b[19]      ; f[18]       ; 8.203  ; 8.145  ; 8.769  ; 8.711  ;
; b[19]      ; f[19]       ; 4.436  ; 4.400  ; 5.031  ; 4.995  ;
; b[19]      ; f[20]       ; 6.729  ; 6.709  ; 7.324  ; 7.304  ;
; b[19]      ; f[21]       ; 6.657  ; 6.628  ; 7.252  ; 7.223  ;
; b[19]      ; f[22]       ; 7.169  ; 7.151  ; 7.764  ; 7.746  ;
; b[19]      ; f[23]       ; 7.918  ; 7.946  ; 8.513  ; 8.541  ;
; b[19]      ; f[24]       ; 8.213  ; 8.218  ; 8.808  ; 8.813  ;
; b[19]      ; f[25]       ; 8.446  ; 8.431  ; 9.038  ; 9.026  ;
; b[19]      ; f[26]       ; 9.452  ; 9.331  ; 10.042 ; 9.926  ;
; b[19]      ; f[27]       ; 10.126 ; 10.199 ; 10.721 ; 10.794 ;
; b[19]      ; f[28]       ; 6.705  ; 6.670  ; 7.300  ; 7.265  ;
; b[19]      ; f[29]       ; 7.011  ; 7.008  ; 7.606  ; 7.603  ;
; b[19]      ; f[30]       ; 8.052  ; 7.908  ; 8.647  ; 8.503  ;
; b[19]      ; f[31]       ; 7.264  ; 7.276  ; 7.859  ; 7.871  ;
; b[19]      ; f[48]       ; 7.337  ; 7.340  ; 7.922  ; 7.914  ;
; b[19]      ; f[49]       ; 7.249  ; 7.229  ; 7.815  ; 7.795  ;
; b[19]      ; f[50]       ; 7.495  ; 7.491  ; 8.080  ; 8.076  ;
; b[19]      ; f[51]       ; 7.935  ; 7.911  ; 8.520  ; 8.496  ;
; b[20]      ; f[20]       ; 4.671  ; 4.645  ; 5.261  ; 5.235  ;
; b[20]      ; f[21]       ; 4.913  ; 4.904  ; 5.522  ; 5.513  ;
; b[20]      ; f[22]       ; 5.411  ; 5.376  ; 6.020  ; 5.985  ;
; b[20]      ; f[23]       ; 6.219  ; 6.231  ; 6.811  ; 6.839  ;
; b[21]      ; f[21]       ; 4.230  ; 4.208  ; 4.791  ; 4.777  ;
; b[21]      ; f[22]       ; 4.632  ; 4.603  ; 5.207  ; 5.172  ;
; b[21]      ; f[23]       ; 5.381  ; 5.409  ; 5.957  ; 5.985  ;
; b[22]      ; f[22]       ; 4.228  ; 4.205  ; 4.788  ; 4.765  ;
; b[22]      ; f[23]       ; 4.979  ; 5.007  ; 5.539  ; 5.567  ;
; b[23]      ; f[16]       ; 6.899  ; 6.827  ; 7.499  ; 7.427  ;
; b[23]      ; f[17]       ; 6.813  ; 6.755  ; 7.413  ; 7.355  ;
; b[23]      ; f[18]       ; 7.053  ; 6.995  ; 7.653  ; 7.595  ;
; b[23]      ; f[19]       ; 8.280  ; 8.233  ; 8.880  ; 8.833  ;
; b[23]      ; f[20]       ; 4.977  ; 4.957  ; 5.578  ; 5.558  ;
; b[23]      ; f[21]       ; 5.115  ; 5.095  ; 5.709  ; 5.696  ;
; b[23]      ; f[22]       ; 5.613  ; 5.578  ; 6.207  ; 6.172  ;
; b[23]      ; f[23]       ; 4.611  ; 4.627  ; 5.212  ; 5.228  ;
; b[23]      ; f[24]       ; 6.463  ; 6.461  ; 7.057  ; 7.055  ;
; b[23]      ; f[25]       ; 6.666  ; 6.671  ; 7.260  ; 7.265  ;
; b[23]      ; f[26]       ; 7.670  ; 7.569  ; 8.264  ; 8.163  ;
; b[23]      ; f[27]       ; 8.523  ; 8.616  ; 9.117  ; 9.210  ;
; b[23]      ; f[28]       ; 5.023  ; 4.987  ; 5.616  ; 5.580  ;
; b[23]      ; f[29]       ; 5.326  ; 5.316  ; 5.919  ; 5.909  ;
; b[23]      ; f[30]       ; 6.350  ; 6.199  ; 6.943  ; 6.792  ;
; b[23]      ; f[31]       ; 5.575  ; 5.580  ; 6.168  ; 6.173  ;
; b[23]      ; f[48]       ; 6.330  ; 6.333  ; 6.923  ; 6.926  ;
; b[23]      ; f[49]       ; 6.099  ; 6.079  ; 6.699  ; 6.679  ;
; b[23]      ; f[50]       ; 6.488  ; 6.484  ; 7.081  ; 7.077  ;
; b[23]      ; f[51]       ; 6.928  ; 6.904  ; 7.521  ; 7.497  ;
; b[24]      ; f[24]       ; 4.062  ; 4.065  ; 4.619  ; 4.622  ;
; b[24]      ; f[25]       ; 4.351  ; 4.336  ; 4.908  ; 4.893  ;
; b[24]      ; f[26]       ; 5.356  ; 5.235  ; 5.913  ; 5.792  ;
; b[24]      ; f[27]       ; 6.030  ; 6.103  ; 6.587  ; 6.660  ;
; b[25]      ; f[25]       ; 4.203  ; 4.203  ; 4.788  ; 4.795  ;
; b[25]      ; f[26]       ; 5.498  ; 5.382  ; 6.067  ; 5.946  ;
; b[25]      ; f[27]       ; 6.177  ; 6.250  ; 6.741  ; 6.814  ;
; b[26]      ; f[26]       ; 5.064  ; 4.953  ; 5.619  ; 5.508  ;
; b[26]      ; f[27]       ; 5.743  ; 5.816  ; 6.298  ; 6.371  ;
; b[27]      ; f[16]       ; 6.693  ; 6.621  ; 7.257  ; 7.185  ;
; b[27]      ; f[17]       ; 6.607  ; 6.549  ; 7.171  ; 7.113  ;
; b[27]      ; f[18]       ; 6.847  ; 6.789  ; 7.411  ; 7.353  ;
; b[27]      ; f[19]       ; 8.074  ; 8.027  ; 8.638  ; 8.591  ;
; b[27]      ; f[20]       ; 4.834  ; 4.814  ; 5.398  ; 5.378  ;
; b[27]      ; f[21]       ; 5.016  ; 4.997  ; 5.573  ; 5.561  ;
; b[27]      ; f[22]       ; 5.514  ; 5.479  ; 6.071  ; 6.036  ;
; b[27]      ; f[23]       ; 6.287  ; 6.315  ; 6.851  ; 6.879  ;
; b[27]      ; f[24]       ; 6.364  ; 6.362  ; 6.921  ; 6.919  ;
; b[27]      ; f[25]       ; 6.567  ; 6.572  ; 7.124  ; 7.129  ;
; b[27]      ; f[26]       ; 7.571  ; 7.470  ; 8.128  ; 8.027  ;
; b[27]      ; f[27]       ; 4.435  ; 4.513  ; 4.999  ; 5.077  ;
; b[27]      ; f[28]       ; 4.667  ; 4.631  ; 5.224  ; 5.188  ;
; b[27]      ; f[29]       ; 4.970  ; 4.960  ; 5.527  ; 5.517  ;
; b[27]      ; f[30]       ; 5.994  ; 5.843  ; 6.551  ; 6.400  ;
; b[27]      ; f[31]       ; 5.219  ; 5.224  ; 5.776  ; 5.781  ;
; b[27]      ; f[48]       ; 6.098  ; 6.101  ; 6.655  ; 6.658  ;
; b[27]      ; f[49]       ; 5.893  ; 5.873  ; 6.457  ; 6.437  ;
; b[27]      ; f[50]       ; 6.256  ; 6.252  ; 6.813  ; 6.809  ;
; b[27]      ; f[51]       ; 6.696  ; 6.672  ; 7.253  ; 7.229  ;
; b[28]      ; f[28]       ; 4.534  ; 4.506  ; 5.167  ; 5.146  ;
; b[28]      ; f[29]       ; 4.835  ; 4.832  ; 5.462  ; 5.452  ;
; b[28]      ; f[30]       ; 5.893  ; 5.749  ; 6.533  ; 6.382  ;
; b[28]      ; f[31]       ; 5.105  ; 5.117  ; 5.748  ; 5.760  ;
; b[29]      ; f[29]       ; 4.386  ; 4.381  ; 4.960  ; 4.955  ;
; b[29]      ; f[30]       ; 5.463  ; 5.318  ; 6.036  ; 5.885  ;
; b[29]      ; f[31]       ; 4.675  ; 4.687  ; 5.249  ; 5.261  ;
; b[30]      ; f[30]       ; 5.352  ; 5.194  ; 5.941  ; 5.783  ;
; b[30]      ; f[31]       ; 4.550  ; 4.562  ; 5.139  ; 5.151  ;
; b[31]      ; f[16]       ; 7.196  ; 7.124  ; 7.808  ; 7.736  ;
; b[31]      ; f[17]       ; 7.110  ; 7.052  ; 7.722  ; 7.664  ;
; b[31]      ; f[18]       ; 7.350  ; 7.292  ; 7.962  ; 7.904  ;
; b[31]      ; f[19]       ; 8.577  ; 8.530  ; 9.189  ; 9.142  ;
; b[31]      ; f[20]       ; 4.915  ; 4.895  ; 5.487  ; 5.456  ;
; b[31]      ; f[21]       ; 5.126  ; 5.099  ; 5.679  ; 5.670  ;
; b[31]      ; f[22]       ; 5.624  ; 5.589  ; 6.177  ; 6.142  ;
; b[31]      ; f[23]       ; 6.389  ; 6.417  ; 6.985  ; 6.997  ;
; b[31]      ; f[24]       ; 6.084  ; 6.082  ; 6.668  ; 6.666  ;
; b[31]      ; f[25]       ; 6.287  ; 6.292  ; 6.871  ; 6.876  ;
; b[31]      ; f[26]       ; 7.291  ; 7.190  ; 7.875  ; 7.774  ;
; b[31]      ; f[27]       ; 8.144  ; 8.237  ; 8.728  ; 8.821  ;
; b[31]      ; f[31]       ; 4.676  ; 4.696  ; 5.241  ; 5.261  ;
; b[31]      ; f[48]       ; 6.407  ; 6.410  ; 6.960  ; 6.963  ;
; b[31]      ; f[49]       ; 6.396  ; 6.376  ; 7.008  ; 6.988  ;
; b[31]      ; f[50]       ; 6.565  ; 6.561  ; 7.118  ; 7.114  ;
; b[31]      ; f[51]       ; 7.005  ; 6.981  ; 7.558  ; 7.534  ;
; b[32]      ; f[32]       ; 5.119  ; 5.034  ; 5.693  ; 5.606  ;
; b[32]      ; f[33]       ; 5.001  ; 4.945  ; 5.573  ; 5.517  ;
; b[32]      ; f[34]       ; 5.197  ; 5.137  ; 5.796  ; 5.736  ;
; b[32]      ; f[35]       ; 5.479  ; 5.345  ; 6.078  ; 5.944  ;
; b[33]      ; f[33]       ; 3.556  ; 3.507  ; 3.841  ; 3.799  ;
; b[33]      ; f[34]       ; 4.242  ; 4.186  ; 4.558  ; 4.485  ;
; b[33]      ; f[35]       ; 4.553  ; 4.420  ; 4.827  ; 4.693  ;
; b[34]      ; f[34]       ; 4.902  ; 4.841  ; 5.483  ; 5.422  ;
; b[34]      ; f[35]       ; 5.194  ; 5.060  ; 5.768  ; 5.634  ;
; b[35]      ; f[16]       ; 6.136  ; 6.064  ; 6.760  ; 6.688  ;
; b[35]      ; f[17]       ; 6.274  ; 6.216  ; 6.898  ; 6.840  ;
; b[35]      ; f[18]       ; 6.290  ; 6.232  ; 6.914  ; 6.856  ;
; b[35]      ; f[19]       ; 7.517  ; 7.470  ; 8.141  ; 8.094  ;
; b[35]      ; f[32]       ; 6.512  ; 6.410  ; 7.136  ; 7.034  ;
; b[35]      ; f[33]       ; 6.248  ; 6.192  ; 6.872  ; 6.816  ;
; b[35]      ; f[34]       ; 6.591  ; 6.535  ; 7.215  ; 7.159  ;
; b[35]      ; f[35]       ; 5.405  ; 5.279  ; 6.029  ; 5.903  ;
; b[35]      ; f[36]       ; 5.202  ; 5.145  ; 5.826  ; 5.769  ;
; b[35]      ; f[37]       ; 5.194  ; 5.161  ; 5.818  ; 5.785  ;
; b[35]      ; f[38]       ; 5.572  ; 5.543  ; 6.196  ; 6.163  ;
; b[35]      ; f[39]       ; 6.169  ; 6.214  ; 6.793  ; 6.838  ;
; b[35]      ; f[40]       ; 5.952  ; 5.939  ; 6.572  ; 6.559  ;
; b[35]      ; f[41]       ; 6.243  ; 6.244  ; 6.863  ; 6.864  ;
; b[35]      ; f[42]       ; 6.255  ; 6.245  ; 6.875  ; 6.865  ;
; b[35]      ; f[43]       ; 6.444  ; 6.449  ; 7.064  ; 7.069  ;
; b[35]      ; f[44]       ; 6.214  ; 6.219  ; 6.834  ; 6.839  ;
; b[35]      ; f[45]       ; 6.486  ; 6.480  ; 7.106  ; 7.100  ;
; b[35]      ; f[46]       ; 6.461  ; 6.466  ; 7.081  ; 7.086  ;
; b[35]      ; f[47]       ; 6.844  ; 6.861  ; 7.464  ; 7.481  ;
; b[36]      ; f[36]       ; 3.389  ; 3.347  ; 3.710  ; 3.675  ;
; b[36]      ; f[37]       ; 3.679  ; 3.644  ; 3.999  ; 3.945  ;
; b[36]      ; f[38]       ; 4.078  ; 4.036  ; 4.403  ; 4.361  ;
; b[36]      ; f[39]       ; 4.717  ; 4.762  ; 5.012  ; 5.057  ;
; b[37]      ; f[37]       ; 4.385  ; 4.339  ; 4.933  ; 4.887  ;
; b[37]      ; f[38]       ; 4.572  ; 4.537  ; 5.121  ; 5.079  ;
; b[37]      ; f[39]       ; 5.169  ; 5.214  ; 5.755  ; 5.800  ;
; b[38]      ; f[38]       ; 4.527  ; 4.485  ; 5.083  ; 5.051  ;
; b[38]      ; f[39]       ; 5.014  ; 5.059  ; 5.617  ; 5.662  ;
; b[39]      ; f[16]       ; 6.275  ; 6.203  ; 6.851  ; 6.779  ;
; b[39]      ; f[17]       ; 6.281  ; 6.223  ; 6.857  ; 6.799  ;
; b[39]      ; f[18]       ; 6.429  ; 6.371  ; 7.005  ; 6.947  ;
; b[39]      ; f[19]       ; 7.656  ; 7.609  ; 8.232  ; 8.185  ;
; b[39]      ; f[32]       ; 6.552  ; 6.450  ; 7.128  ; 7.026  ;
; b[39]      ; f[33]       ; 6.255  ; 6.199  ; 6.831  ; 6.775  ;
; b[39]      ; f[34]       ; 6.631  ; 6.575  ; 7.207  ; 7.151  ;
; b[39]      ; f[35]       ; 6.942  ; 6.809  ; 7.518  ; 7.385  ;
; b[39]      ; f[36]       ; 5.000  ; 4.943  ; 5.576  ; 5.519  ;
; b[39]      ; f[37]       ; 5.161  ; 5.128  ; 5.737  ; 5.704  ;
; b[39]      ; f[38]       ; 5.539  ; 5.513  ; 6.115  ; 6.089  ;
; b[39]      ; f[39]       ; 4.561  ; 4.600  ; 5.153  ; 5.192  ;
; b[39]      ; f[40]       ; 6.369  ; 6.356  ; 6.964  ; 6.951  ;
; b[39]      ; f[41]       ; 6.660  ; 6.661  ; 7.255  ; 7.256  ;
; b[39]      ; f[42]       ; 6.672  ; 6.662  ; 7.267  ; 7.257  ;
; b[39]      ; f[43]       ; 6.861  ; 6.866  ; 7.453  ; 7.460  ;
; b[39]      ; f[44]       ; 5.597  ; 5.602  ; 6.203  ; 6.208  ;
; b[39]      ; f[45]       ; 5.869  ; 5.863  ; 6.475  ; 6.469  ;
; b[39]      ; f[46]       ; 5.844  ; 5.849  ; 6.450  ; 6.455  ;
; b[39]      ; f[47]       ; 6.227  ; 6.244  ; 6.833  ; 6.850  ;
; b[40]      ; f[40]       ; 4.270  ; 4.254  ; 4.817  ; 4.799  ;
; b[40]      ; f[41]       ; 4.562  ; 4.563  ; 5.132  ; 5.113  ;
; b[40]      ; f[42]       ; 4.651  ; 4.658  ; 5.199  ; 5.206  ;
; b[40]      ; f[43]       ; 4.805  ; 4.812  ; 5.353  ; 5.360  ;
; b[41]      ; f[41]       ; 4.281  ; 4.277  ; 4.842  ; 4.838  ;
; b[41]      ; f[42]       ; 4.520  ; 4.512  ; 5.081  ; 5.088  ;
; b[41]      ; f[43]       ; 4.674  ; 4.681  ; 5.235  ; 5.242  ;
; b[42]      ; f[42]       ; 4.234  ; 4.236  ; 4.800  ; 4.802  ;
; b[42]      ; f[43]       ; 4.540  ; 4.547  ; 5.106  ; 5.113  ;
; b[43]      ; f[16]       ; 6.753  ; 6.681  ; 7.318  ; 7.246  ;
; b[43]      ; f[17]       ; 6.759  ; 6.701  ; 7.324  ; 7.266  ;
; b[43]      ; f[18]       ; 6.907  ; 6.849  ; 7.472  ; 7.414  ;
; b[43]      ; f[19]       ; 8.134  ; 8.087  ; 8.699  ; 8.652  ;
; b[43]      ; f[32]       ; 7.030  ; 6.928  ; 7.595  ; 7.493  ;
; b[43]      ; f[33]       ; 6.733  ; 6.677  ; 7.298  ; 7.242  ;
; b[43]      ; f[34]       ; 7.109  ; 7.053  ; 7.674  ; 7.618  ;
; b[43]      ; f[35]       ; 7.420  ; 7.287  ; 7.985  ; 7.852  ;
; b[43]      ; f[36]       ; 5.844  ; 5.787  ; 6.409  ; 6.352  ;
; b[43]      ; f[37]       ; 6.237  ; 6.204  ; 6.802  ; 6.769  ;
; b[43]      ; f[38]       ; 6.615  ; 6.589  ; 7.180  ; 7.154  ;
; b[43]      ; f[39]       ; 7.212  ; 7.257  ; 7.777  ; 7.822  ;
; b[43]      ; f[40]       ; 7.485  ; 7.452  ; 8.050  ; 8.017  ;
; b[43]      ; f[41]       ; 7.800  ; 7.781  ; 8.365  ; 8.346  ;
; b[43]      ; f[42]       ; 7.799  ; 7.806  ; 8.364  ; 8.371  ;
; b[43]      ; f[43]       ; 4.314  ; 4.308  ; 4.870  ; 4.871  ;
; b[43]      ; f[44]       ; 6.773  ; 6.776  ; 7.346  ; 7.331  ;
; b[43]      ; f[45]       ; 7.045  ; 7.039  ; 7.639  ; 7.648  ;
; b[43]      ; f[46]       ; 7.020  ; 7.025  ; 7.620  ; 7.605  ;
; b[43]      ; f[47]       ; 7.391  ; 7.410  ; 7.946  ; 7.965  ;
; b[44]      ; f[44]       ; 3.961  ; 3.954  ; 4.521  ; 4.514  ;
; b[44]      ; f[45]       ; 4.251  ; 4.250  ; 4.809  ; 4.803  ;
; b[44]      ; f[46]       ; 4.258  ; 4.243  ; 4.812  ; 4.803  ;
; b[44]      ; f[47]       ; 4.584  ; 4.603  ; 5.144  ; 5.163  ;
; b[45]      ; f[45]       ; 4.069  ; 4.065  ; 4.610  ; 4.614  ;
; b[45]      ; f[46]       ; 4.263  ; 4.268  ; 4.831  ; 4.816  ;
; b[45]      ; f[47]       ; 4.609  ; 4.628  ; 5.157  ; 5.176  ;
; b[46]      ; f[46]       ; 4.041  ; 4.034  ; 4.599  ; 4.592  ;
; b[46]      ; f[47]       ; 4.378  ; 4.397  ; 4.936  ; 4.955  ;
; b[47]      ; f[16]       ; 6.769  ; 6.697  ; 7.338  ; 7.266  ;
; b[47]      ; f[17]       ; 6.907  ; 6.849  ; 7.476  ; 7.418  ;
; b[47]      ; f[18]       ; 6.923  ; 6.865  ; 7.492  ; 7.434  ;
; b[47]      ; f[19]       ; 8.150  ; 8.103  ; 8.719  ; 8.672  ;
; b[47]      ; f[32]       ; 7.145  ; 7.043  ; 7.714  ; 7.612  ;
; b[47]      ; f[33]       ; 6.881  ; 6.825  ; 7.450  ; 7.394  ;
; b[47]      ; f[34]       ; 7.224  ; 7.168  ; 7.793  ; 7.737  ;
; b[47]      ; f[35]       ; 7.535  ; 7.402  ; 8.104  ; 7.971  ;
; b[47]      ; f[36]       ; 6.021  ; 5.964  ; 6.592  ; 6.535  ;
; b[47]      ; f[37]       ; 6.233  ; 6.200  ; 6.804  ; 6.771  ;
; b[47]      ; f[38]       ; 6.611  ; 6.585  ; 7.182  ; 7.156  ;
; b[47]      ; f[39]       ; 7.208  ; 7.253  ; 7.779  ; 7.824  ;
; b[47]      ; f[40]       ; 6.399  ; 6.386  ; 6.987  ; 6.974  ;
; b[47]      ; f[41]       ; 6.690  ; 6.691  ; 7.278  ; 7.279  ;
; b[47]      ; f[42]       ; 6.702  ; 6.692  ; 7.290  ; 7.280  ;
; b[47]      ; f[43]       ; 6.891  ; 6.896  ; 7.479  ; 7.484  ;
; b[47]      ; f[47]       ; 4.253  ; 4.266  ; 4.822  ; 4.835  ;
; b[48]      ; f[48]       ; 4.074  ; 4.072  ; 4.654  ; 4.652  ;
; b[48]      ; f[49]       ; 4.388  ; 4.368  ; 4.968  ; 4.948  ;
; b[48]      ; f[50]       ; 4.371  ; 4.374  ; 4.951  ; 4.954  ;
; b[48]      ; f[51]       ; 4.835  ; 4.811  ; 5.411  ; 5.387  ;
; b[49]      ; f[49]       ; 4.123  ; 4.102  ; 4.677  ; 4.661  ;
; b[49]      ; f[50]       ; 4.232  ; 4.235  ; 4.811  ; 4.814  ;
; b[49]      ; f[51]       ; 4.687  ; 4.663  ; 5.262  ; 5.238  ;
; b[50]      ; f[50]       ; 4.206  ; 4.207  ; 4.777  ; 4.778  ;
; b[50]      ; f[51]       ; 4.559  ; 4.535  ; 5.123  ; 5.099  ;
; b[51]      ; f[16]       ; 6.496  ; 6.424  ; 7.041  ; 6.969  ;
; b[51]      ; f[17]       ; 6.634  ; 6.576  ; 7.179  ; 7.121  ;
; b[51]      ; f[18]       ; 6.650  ; 6.592  ; 7.195  ; 7.137  ;
; b[51]      ; f[19]       ; 7.877  ; 7.830  ; 8.422  ; 8.375  ;
; b[51]      ; f[32]       ; 6.872  ; 6.770  ; 7.417  ; 7.315  ;
; b[51]      ; f[33]       ; 6.608  ; 6.552  ; 7.153  ; 7.097  ;
; b[51]      ; f[34]       ; 6.951  ; 6.895  ; 7.496  ; 7.440  ;
; b[51]      ; f[35]       ; 7.262  ; 7.129  ; 7.807  ; 7.674  ;
; b[51]      ; f[48]       ; 7.034  ; 7.037  ; 7.588  ; 7.591  ;
; b[51]      ; f[49]       ; 7.127  ; 7.107  ; 7.688  ; 7.668  ;
; b[51]      ; f[50]       ; 7.192  ; 7.188  ; 7.746  ; 7.742  ;
; b[51]      ; f[51]       ; 4.145  ; 4.133  ; 4.706  ; 4.694  ;
; b[51]      ; f[52]       ; 5.028  ; 4.993  ; 5.589  ; 5.554  ;
; b[51]      ; f[53]       ; 5.376  ; 5.344  ; 5.930  ; 5.898  ;
; b[51]      ; f[54]       ; 5.464  ; 5.441  ; 6.018  ; 5.995  ;
; b[51]      ; f[55]       ; 5.803  ; 5.839  ; 6.364  ; 6.400  ;
; b[51]      ; f[56]       ; 6.394  ; 6.397  ; 6.955  ; 6.958  ;
; b[51]      ; f[57]       ; 7.122  ; 7.005  ; 7.683  ; 7.566  ;
; b[51]      ; f[58]       ; 6.655  ; 6.637  ; 7.216  ; 7.198  ;
; b[51]      ; f[59]       ; 7.556  ; 7.626  ; 8.117  ; 8.187  ;
; b[51]      ; f[60]       ; 5.638  ; 5.647  ; 6.199  ; 6.208  ;
; b[51]      ; f[61]       ; 5.899  ; 5.885  ; 6.460  ; 6.446  ;
; b[51]      ; f[62]       ; 5.835  ; 5.843  ; 6.396  ; 6.404  ;
; b[51]      ; f[63]       ; 6.277  ; 6.282  ; 6.838  ; 6.843  ;
; b[52]      ; f[52]       ; 4.312  ; 4.281  ; 4.857  ; 4.826  ;
; b[52]      ; f[53]       ; 4.463  ; 4.432  ; 5.016  ; 4.977  ;
; b[52]      ; f[54]       ; 4.660  ; 4.637  ; 5.248  ; 5.214  ;
; b[52]      ; f[55]       ; 5.014  ; 5.061  ; 5.575  ; 5.611  ;
; b[53]      ; f[53]       ; 4.285  ; 4.267  ; 4.839  ; 4.815  ;
; b[53]      ; f[54]       ; 4.448  ; 4.405  ; 5.000  ; 4.977  ;
; b[53]      ; f[55]       ; 4.766  ; 4.802  ; 5.354  ; 5.404  ;
; b[54]      ; f[54]       ; 4.137  ; 4.109  ; 4.692  ; 4.664  ;
; b[54]      ; f[55]       ; 4.472  ; 4.508  ; 5.027  ; 5.063  ;
; b[55]      ; f[16]       ; 6.775  ; 6.703  ; 7.331  ; 7.259  ;
; b[55]      ; f[17]       ; 6.781  ; 6.723  ; 7.337  ; 7.279  ;
; b[55]      ; f[18]       ; 6.929  ; 6.871  ; 7.485  ; 7.427  ;
; b[55]      ; f[19]       ; 8.156  ; 8.109  ; 8.712  ; 8.665  ;
; b[55]      ; f[32]       ; 7.052  ; 6.950  ; 7.608  ; 7.506  ;
; b[55]      ; f[33]       ; 6.755  ; 6.699  ; 7.311  ; 7.255  ;
; b[55]      ; f[34]       ; 7.131  ; 7.075  ; 7.687  ; 7.631  ;
; b[55]      ; f[35]       ; 7.442  ; 7.309  ; 7.998  ; 7.865  ;
; b[55]      ; f[48]       ; 6.570  ; 6.573  ; 7.135  ; 7.138  ;
; b[55]      ; f[49]       ; 6.694  ; 6.684  ; 7.259  ; 7.249  ;
; b[55]      ; f[50]       ; 6.728  ; 6.724  ; 7.293  ; 7.289  ;
; b[55]      ; f[51]       ; 7.168  ; 7.144  ; 7.733  ; 7.709  ;
; b[55]      ; f[52]       ; 4.913  ; 4.878  ; 5.485  ; 5.450  ;
; b[55]      ; f[53]       ; 5.249  ; 5.217  ; 5.814  ; 5.782  ;
; b[55]      ; f[54]       ; 5.337  ; 5.314  ; 5.902  ; 5.879  ;
; b[55]      ; f[55]       ; 4.571  ; 4.619  ; 5.143  ; 5.187  ;
; b[55]      ; f[56]       ; 5.966  ; 5.969  ; 6.538  ; 6.541  ;
; b[55]      ; f[57]       ; 6.694  ; 6.577  ; 7.266  ; 7.149  ;
; b[55]      ; f[58]       ; 6.217  ; 6.209  ; 6.782  ; 6.781  ;
; b[55]      ; f[59]       ; 7.128  ; 7.198  ; 7.700  ; 7.770  ;
; b[55]      ; f[60]       ; 5.638  ; 5.647  ; 6.194  ; 6.203  ;
; b[55]      ; f[61]       ; 5.899  ; 5.885  ; 6.455  ; 6.441  ;
; b[55]      ; f[62]       ; 5.835  ; 5.843  ; 6.391  ; 6.399  ;
; b[55]      ; f[63]       ; 6.277  ; 6.282  ; 6.833  ; 6.838  ;
; b[56]      ; f[56]       ; 4.140  ; 4.132  ; 4.720  ; 4.712  ;
; b[56]      ; f[57]       ; 5.115  ; 4.998  ; 5.695  ; 5.578  ;
; b[56]      ; f[58]       ; 4.366  ; 4.349  ; 4.942  ; 4.929  ;
; b[56]      ; f[59]       ; 5.268  ; 5.338  ; 5.848  ; 5.918  ;
; b[57]      ; f[57]       ; 5.000  ; 4.890  ; 5.554  ; 5.452  ;
; b[57]      ; f[58]       ; 4.525  ; 4.507  ; 5.092  ; 5.075  ;
; b[57]      ; f[59]       ; 5.426  ; 5.496  ; 5.994  ; 6.064  ;
; b[58]      ; f[58]       ; 4.170  ; 4.174  ; 4.728  ; 4.725  ;
; b[58]      ; f[59]       ; 5.093  ; 5.163  ; 5.644  ; 5.714  ;
; b[59]      ; f[16]       ; 6.188  ; 6.116  ; 6.749  ; 6.677  ;
; b[59]      ; f[17]       ; 6.194  ; 6.136  ; 6.755  ; 6.697  ;
; b[59]      ; f[18]       ; 6.342  ; 6.284  ; 6.903  ; 6.845  ;
; b[59]      ; f[19]       ; 7.569  ; 7.522  ; 8.130  ; 8.083  ;
; b[59]      ; f[32]       ; 6.465  ; 6.363  ; 7.026  ; 6.924  ;
; b[59]      ; f[33]       ; 6.168  ; 6.112  ; 6.729  ; 6.673  ;
; b[59]      ; f[34]       ; 6.544  ; 6.488  ; 7.105  ; 7.049  ;
; b[59]      ; f[35]       ; 6.855  ; 6.722  ; 7.416  ; 7.283  ;
; b[59]      ; f[48]       ; 6.712  ; 6.715  ; 7.268  ; 7.271  ;
; b[59]      ; f[49]       ; 6.836  ; 6.826  ; 7.392  ; 7.382  ;
; b[59]      ; f[50]       ; 6.870  ; 6.866  ; 7.426  ; 7.422  ;
; b[59]      ; f[51]       ; 7.310  ; 7.286  ; 7.866  ; 7.842  ;
; b[59]      ; f[52]       ; 6.276  ; 6.241  ; 6.868  ; 6.833  ;
; b[59]      ; f[53]       ; 6.626  ; 6.593  ; 7.218  ; 7.185  ;
; b[59]      ; f[54]       ; 6.733  ; 6.690  ; 7.325  ; 7.282  ;
; b[59]      ; f[55]       ; 7.051  ; 7.087  ; 7.643  ; 7.679  ;
; b[59]      ; f[56]       ; 6.124  ; 6.127  ; 6.714  ; 6.699  ;
; b[59]      ; f[57]       ; 6.852  ; 6.735  ; 7.444  ; 7.327  ;
; b[59]      ; f[58]       ; 6.380  ; 6.367  ; 6.936  ; 6.938  ;
; b[59]      ; f[59]       ; 5.409  ; 5.486  ; 5.994  ; 6.059  ;
; b[59]      ; f[60]       ; 4.458  ; 4.467  ; 5.019  ; 5.028  ;
; b[59]      ; f[61]       ; 4.710  ; 4.705  ; 5.280  ; 5.266  ;
; b[59]      ; f[62]       ; 4.655  ; 4.661  ; 5.216  ; 5.224  ;
; b[59]      ; f[63]       ; 5.097  ; 5.102  ; 5.658  ; 5.663  ;
; b[60]      ; f[60]       ; 4.098  ; 4.105  ; 4.667  ; 4.674  ;
; b[60]      ; f[61]       ; 4.419  ; 4.405  ; 4.988  ; 4.974  ;
; b[60]      ; f[62]       ; 4.357  ; 4.365  ; 4.926  ; 4.934  ;
; b[60]      ; f[63]       ; 4.799  ; 4.804  ; 5.368  ; 5.373  ;
; b[61]      ; f[61]       ; 4.182  ; 4.176  ; 4.735  ; 4.729  ;
; b[61]      ; f[62]       ; 4.373  ; 4.381  ; 4.945  ; 4.946  ;
; b[61]      ; f[63]       ; 4.815  ; 4.820  ; 5.411  ; 5.416  ;
; b[62]      ; f[62]       ; 4.070  ; 4.076  ; 4.637  ; 4.643  ;
; b[62]      ; f[63]       ; 4.553  ; 4.558  ; 5.120  ; 5.125  ;
; b[63]      ; f[16]       ; 6.528  ; 6.456  ; 7.086  ; 7.014  ;
; b[63]      ; f[17]       ; 6.666  ; 6.608  ; 7.224  ; 7.166  ;
; b[63]      ; f[18]       ; 6.682  ; 6.624  ; 7.240  ; 7.182  ;
; b[63]      ; f[19]       ; 7.909  ; 7.862  ; 8.467  ; 8.420  ;
; b[63]      ; f[32]       ; 6.904  ; 6.802  ; 7.462  ; 7.360  ;
; b[63]      ; f[33]       ; 6.640  ; 6.584  ; 7.198  ; 7.142  ;
; b[63]      ; f[34]       ; 6.983  ; 6.927  ; 7.541  ; 7.485  ;
; b[63]      ; f[35]       ; 7.294  ; 7.161  ; 7.852  ; 7.719  ;
; b[63]      ; f[48]       ; 6.555  ; 6.558  ; 7.138  ; 7.141  ;
; b[63]      ; f[49]       ; 6.679  ; 6.669  ; 7.262  ; 7.251  ;
; b[63]      ; f[50]       ; 6.713  ; 6.709  ; 7.296  ; 7.292  ;
; b[63]      ; f[51]       ; 7.153  ; 7.129  ; 7.736  ; 7.712  ;
; b[63]      ; f[52]       ; 5.967  ; 5.932  ; 6.525  ; 6.490  ;
; b[63]      ; f[53]       ; 6.317  ; 6.284  ; 6.875  ; 6.842  ;
; b[63]      ; f[54]       ; 6.424  ; 6.381  ; 6.982  ; 6.939  ;
; b[63]      ; f[55]       ; 6.742  ; 6.778  ; 7.300  ; 7.336  ;
; b[63]      ; f[56]       ; 4.563  ; 4.548  ; 5.141  ; 5.135  ;
; b[63]      ; f[57]       ; 5.394  ; 5.277  ; 5.952  ; 5.835  ;
; b[63]      ; f[58]       ; 4.785  ; 4.787  ; 5.372  ; 5.374  ;
; b[63]      ; f[59]       ; 5.745  ; 5.815  ; 6.303  ; 6.373  ;
; b[63]      ; f[63]       ; 4.460  ; 4.459  ; 5.018  ; 5.017  ;
; c          ; f[0]        ; 3.904  ; 3.913  ; 4.449  ; 4.478  ;
; c          ; f[1]        ; 4.032  ; 4.027  ; 4.571  ; 4.559  ;
; c          ; f[2]        ; 4.581  ; 4.575  ; 5.092  ; 5.068  ;
; c          ; f[3]        ; 4.653  ; 4.673  ; 5.204  ; 5.207  ;
; s[0]       ; f[0]        ; 4.897  ; 4.919  ; 5.650  ; 5.654  ;
; s[0]       ; f[1]        ; 4.807  ; 4.800  ; 5.555  ; 5.528  ;
; s[0]       ; f[2]        ; 4.891  ; 4.874  ; 5.623  ; 5.613  ;
; s[0]       ; f[3]        ; 4.780  ; 4.793  ; 5.517  ; 5.523  ;
; s[0]       ; f[4]        ; 4.656  ; 4.661  ; 5.307  ; 5.323  ;
; s[0]       ; f[5]        ; 4.410  ; 4.393  ; 5.048  ; 5.038  ;
; s[0]       ; f[6]        ; 4.652  ; 4.648  ; 5.321  ; 5.334  ;
; s[0]       ; f[7]        ; 4.852  ; 4.874  ; 5.525  ; 5.540  ;
; s[0]       ; f[8]        ; 4.820  ; 4.780  ; 5.504  ; 5.480  ;
; s[0]       ; f[9]        ; 4.649  ; 4.628  ; 5.318  ; 5.314  ;
; s[0]       ; f[10]       ; 4.638  ; 4.631  ; 5.327  ; 5.300  ;
; s[0]       ; f[11]       ; 5.132  ; 5.144  ; 5.830  ; 5.835  ;
; s[0]       ; f[12]       ; 4.625  ; 4.614  ; 5.286  ; 5.282  ;
; s[0]       ; f[13]       ; 4.936  ; 4.890  ; 5.599  ; 5.570  ;
; s[0]       ; f[14]       ; 5.526  ; 5.382  ; 6.194  ; 6.068  ;
; s[0]       ; f[15]       ; 5.221  ; 5.278  ; 5.926  ; 6.003  ;
; s[0]       ; f[16]       ; 5.591  ; 5.520  ; 6.338  ; 6.269  ;
; s[0]       ; f[17]       ; 5.435  ; 5.388  ; 6.177  ; 6.137  ;
; s[0]       ; f[18]       ; 5.372  ; 5.308  ; 6.136  ; 6.052  ;
; s[0]       ; f[19]       ; 4.849  ; 4.803  ; 5.514  ; 5.505  ;
; s[0]       ; f[20]       ; 4.949  ; 4.918  ; 5.628  ; 5.604  ;
; s[0]       ; f[21]       ; 4.796  ; 4.782  ; 5.510  ; 5.503  ;
; s[0]       ; f[22]       ; 5.064  ; 5.036  ; 5.797  ; 5.776  ;
; s[0]       ; f[23]       ; 5.097  ; 5.123  ; 5.794  ; 5.804  ;
; s[0]       ; f[24]       ; 4.585  ; 4.576  ; 5.264  ; 5.272  ;
; s[0]       ; f[25]       ; 4.471  ; 4.471  ; 5.144  ; 5.151  ;
; s[0]       ; f[26]       ; 5.579  ; 5.466  ; 6.258  ; 6.161  ;
; s[0]       ; f[27]       ; 4.937  ; 5.015  ; 5.604  ; 5.675  ;
; s[0]       ; f[28]       ; 4.808  ; 4.774  ; 5.523  ; 5.491  ;
; s[0]       ; f[29]       ; 4.941  ; 4.924  ; 5.634  ; 5.634  ;
; s[0]       ; f[30]       ; 5.789  ; 5.643  ; 6.495  ; 6.329  ;
; s[0]       ; f[31]       ; 4.999  ; 5.017  ; 5.707  ; 5.723  ;
; s[0]       ; f[32]       ; 5.615  ; 5.528  ; 6.335  ; 6.255  ;
; s[0]       ; f[33]       ; 5.161  ; 5.119  ; 5.896  ; 5.834  ;
; s[0]       ; f[34]       ; 5.427  ; 5.361  ; 6.144  ; 6.085  ;
; s[0]       ; f[35]       ; 5.739  ; 5.606  ; 6.430  ; 6.296  ;
; s[0]       ; f[36]       ; 5.010  ; 4.968  ; 5.746  ; 5.715  ;
; s[0]       ; f[37]       ; 5.066  ; 5.020  ; 5.794  ; 5.750  ;
; s[0]       ; f[38]       ; 4.951  ; 4.919  ; 5.694  ; 5.642  ;
; s[0]       ; f[39]       ; 5.089  ; 5.128  ; 5.821  ; 5.853  ;
; s[0]       ; f[40]       ; 4.632  ; 4.614  ; 5.322  ; 5.311  ;
; s[0]       ; f[41]       ; 4.871  ; 4.860  ; 5.548  ; 5.554  ;
; s[0]       ; f[42]       ; 4.708  ; 4.705  ; 5.409  ; 5.413  ;
; s[0]       ; f[43]       ; 4.721  ; 4.722  ; 5.428  ; 5.422  ;
; s[0]       ; f[44]       ; 4.469  ; 4.464  ; 5.161  ; 5.172  ;
; s[0]       ; f[45]       ; 4.418  ; 4.422  ; 5.112  ; 5.096  ;
; s[0]       ; f[46]       ; 4.390  ; 4.390  ; 5.068  ; 5.075  ;
; s[0]       ; f[47]       ; 4.587  ; 4.608  ; 5.283  ; 5.303  ;
; s[0]       ; f[48]       ; 4.590  ; 4.581  ; 5.265  ; 5.273  ;
; s[0]       ; f[49]       ; 4.584  ; 4.568  ; 5.270  ; 5.234  ;
; s[0]       ; f[50]       ; 4.576  ; 4.565  ; 5.271  ; 5.277  ;
; s[0]       ; f[51]       ; 4.553  ; 4.536  ; 5.246  ; 5.236  ;
; s[0]       ; f[52]       ; 4.792  ; 4.761  ; 5.458  ; 5.464  ;
; s[0]       ; f[53]       ; 4.693  ; 4.669  ; 5.382  ; 5.365  ;
; s[0]       ; f[54]       ; 4.748  ; 4.713  ; 5.415  ; 5.397  ;
; s[0]       ; f[55]       ; 4.860  ; 4.901  ; 5.590  ; 5.624  ;
; s[0]       ; f[56]       ; 4.534  ; 4.531  ; 5.213  ; 5.190  ;
; s[0]       ; f[57]       ; 5.211  ; 5.109  ; 5.889  ; 5.767  ;
; s[0]       ; f[58]       ; 4.458  ; 4.455  ; 5.119  ; 5.123  ;
; s[0]       ; f[59]       ; 5.374  ; 5.444  ; 6.124  ; 6.187  ;
; s[0]       ; f[60]       ; 4.838  ; 4.833  ; 5.584  ; 5.596  ;
; s[0]       ; f[61]       ; 4.866  ; 4.860  ; 5.591  ; 5.601  ;
; s[0]       ; f[62]       ; 4.858  ; 4.852  ; 5.610  ; 5.622  ;
; s[0]       ; f[63]       ; 4.655  ; 4.654  ; 5.367  ; 5.359  ;
; s[1]       ; f[0]        ; 4.755  ; 4.777  ; 5.467  ; 5.471  ;
; s[1]       ; f[1]        ; 4.666  ; 4.659  ; 5.372  ; 5.345  ;
; s[1]       ; f[2]        ; 4.750  ; 4.733  ; 5.441  ; 5.431  ;
; s[1]       ; f[3]        ; 4.638  ; 4.651  ; 5.334  ; 5.340  ;
; s[1]       ; f[4]        ; 4.833  ; 4.838  ; 5.500  ; 5.516  ;
; s[1]       ; f[5]        ; 4.691  ; 4.674  ; 5.352  ; 5.342  ;
; s[1]       ; f[6]        ; 4.808  ; 4.804  ; 5.473  ; 5.486  ;
; s[1]       ; f[7]        ; 5.026  ; 5.048  ; 5.715  ; 5.730  ;
; s[1]       ; f[8]        ; 4.692  ; 4.652  ; 5.352  ; 5.328  ;
; s[1]       ; f[9]        ; 4.529  ; 4.508  ; 5.176  ; 5.172  ;
; s[1]       ; f[10]       ; 4.512  ; 4.505  ; 5.178  ; 5.151  ;
; s[1]       ; f[11]       ; 5.089  ; 5.101  ; 5.788  ; 5.793  ;
; s[1]       ; f[12]       ; 4.566  ; 4.555  ; 5.207  ; 5.203  ;
; s[1]       ; f[13]       ; 4.874  ; 4.828  ; 5.517  ; 5.488  ;
; s[1]       ; f[14]       ; 5.461  ; 5.317  ; 6.109  ; 5.983  ;
; s[1]       ; f[15]       ; 5.252  ; 5.309  ; 5.946  ; 6.023  ;
; s[1]       ; f[16]       ; 5.273  ; 5.202  ; 5.976  ; 5.907  ;
; s[1]       ; f[17]       ; 5.157  ; 5.110  ; 5.842  ; 5.802  ;
; s[1]       ; f[18]       ; 5.068  ; 5.004  ; 5.762  ; 5.678  ;
; s[1]       ; f[19]       ; 4.727  ; 4.681  ; 5.369  ; 5.360  ;
; s[1]       ; f[20]       ; 4.733  ; 4.702  ; 5.373  ; 5.349  ;
; s[1]       ; f[21]       ; 4.709  ; 4.695  ; 5.408  ; 5.401  ;
; s[1]       ; f[22]       ; 4.936  ; 4.908  ; 5.633  ; 5.612  ;
; s[1]       ; f[23]       ; 4.895  ; 4.921  ; 5.574  ; 5.584  ;
; s[1]       ; f[24]       ; 4.621  ; 4.612  ; 5.287  ; 5.295  ;
; s[1]       ; f[25]       ; 4.504  ; 4.504  ; 5.165  ; 5.172  ;
; s[1]       ; f[26]       ; 5.617  ; 5.504  ; 6.283  ; 6.186  ;
; s[1]       ; f[27]       ; 4.735  ; 4.813  ; 5.384  ; 5.455  ;
; s[1]       ; f[28]       ; 4.630  ; 4.596  ; 5.292  ; 5.260  ;
; s[1]       ; f[29]       ; 4.765  ; 4.748  ; 5.405  ; 5.405  ;
; s[1]       ; f[30]       ; 5.614  ; 5.468  ; 6.267  ; 6.101  ;
; s[1]       ; f[31]       ; 4.866  ; 4.878  ; 5.555  ; 5.560  ;
; s[1]       ; f[32]       ; 5.376  ; 5.289  ; 6.054  ; 5.974  ;
; s[1]       ; f[33]       ; 4.922  ; 4.880  ; 5.615  ; 5.553  ;
; s[1]       ; f[34]       ; 5.187  ; 5.121  ; 5.861  ; 5.802  ;
; s[1]       ; f[35]       ; 5.499  ; 5.366  ; 6.147  ; 6.013  ;
; s[1]       ; f[36]       ; 4.874  ; 4.832  ; 5.562  ; 5.531  ;
; s[1]       ; f[37]       ; 4.922  ; 4.876  ; 5.625  ; 5.581  ;
; s[1]       ; f[38]       ; 4.809  ; 4.777  ; 5.502  ; 5.450  ;
; s[1]       ; f[39]       ; 4.883  ; 4.922  ; 5.574  ; 5.606  ;
; s[1]       ; f[40]       ; 4.446  ; 4.428  ; 5.099  ; 5.088  ;
; s[1]       ; f[41]       ; 4.629  ; 4.618  ; 5.282  ; 5.288  ;
; s[1]       ; f[42]       ; 4.477  ; 4.474  ; 5.127  ; 5.131  ;
; s[1]       ; f[43]       ; 4.485  ; 4.486  ; 5.140  ; 5.134  ;
; s[1]       ; f[44]       ; 4.715  ; 4.710  ; 5.405  ; 5.416  ;
; s[1]       ; f[45]       ; 4.664  ; 4.668  ; 5.355  ; 5.339  ;
; s[1]       ; f[46]       ; 4.634  ; 4.634  ; 5.309  ; 5.316  ;
; s[1]       ; f[47]       ; 4.833  ; 4.854  ; 5.527  ; 5.547  ;
; s[1]       ; f[48]       ; 4.359  ; 4.350  ; 4.959  ; 4.967  ;
; s[1]       ; f[49]       ; 4.352  ; 4.336  ; 4.964  ; 4.928  ;
; s[1]       ; f[50]       ; 4.352  ; 4.341  ; 4.950  ; 4.956  ;
; s[1]       ; f[51]       ; 4.329  ; 4.312  ; 4.923  ; 4.913  ;
; s[1]       ; f[52]       ; 4.400  ; 4.369  ; 5.000  ; 5.006  ;
; s[1]       ; f[53]       ; 4.311  ; 4.287  ; 4.909  ; 4.892  ;
; s[1]       ; f[54]       ; 4.355  ; 4.320  ; 4.957  ; 4.939  ;
; s[1]       ; f[55]       ; 4.477  ; 4.518  ; 5.115  ; 5.149  ;
; s[1]       ; f[56]       ; 4.518  ; 4.515  ; 5.170  ; 5.147  ;
; s[1]       ; f[57]       ; 5.196  ; 5.094  ; 5.847  ; 5.725  ;
; s[1]       ; f[58]       ; 4.443  ; 4.440  ; 5.076  ; 5.080  ;
; s[1]       ; f[59]       ; 5.359  ; 5.429  ; 6.081  ; 6.144  ;
; s[1]       ; f[60]       ; 4.686  ; 4.681  ; 5.381  ; 5.393  ;
; s[1]       ; f[61]       ; 4.716  ; 4.710  ; 5.413  ; 5.423  ;
; s[1]       ; f[62]       ; 4.713  ; 4.707  ; 5.413  ; 5.425  ;
; s[1]       ; f[63]       ; 4.640  ; 4.639  ; 5.325  ; 5.317  ;
; s[2]       ; f[0]        ; 5.087  ; 5.101  ; 5.851  ; 5.858  ;
; s[2]       ; f[1]        ; 5.164  ; 5.145  ; 5.923  ; 5.921  ;
; s[2]       ; f[2]        ; 5.233  ; 5.221  ; 5.999  ; 5.967  ;
; s[2]       ; f[3]        ; 5.188  ; 5.196  ; 5.940  ; 5.968  ;
; s[2]       ; f[4]        ; 4.881  ; 4.887  ; 5.605  ; 5.618  ;
; s[2]       ; f[5]        ; 4.957  ; 4.945  ; 5.697  ; 5.665  ;
; s[2]       ; f[6]        ; 4.920  ; 4.928  ; 5.660  ; 5.648  ;
; s[2]       ; f[7]        ; 5.244  ; 5.261  ; 5.981  ; 6.018  ;
; s[2]       ; f[8]        ; 4.877  ; 4.835  ; 5.548  ; 5.522  ;
; s[2]       ; f[9]        ; 4.625  ; 4.611  ; 5.312  ; 5.305  ;
; s[2]       ; f[10]       ; 4.524  ; 4.512  ; 5.200  ; 5.195  ;
; s[2]       ; f[11]       ; 5.426  ; 5.444  ; 6.200  ; 6.216  ;
; s[2]       ; f[12]       ; 5.257  ; 5.239  ; 6.012  ; 6.011  ;
; s[2]       ; f[13]       ; 5.207  ; 5.173  ; 5.915  ; 5.861  ;
; s[2]       ; f[14]       ; 6.012  ; 5.880  ; 6.741  ; 6.604  ;
; s[2]       ; f[15]       ; 5.807  ; 5.874  ; 6.616  ; 6.667  ;
; s[2]       ; f[16]       ; 5.461  ; 5.396  ; 6.192  ; 6.134  ;
; s[2]       ; f[17]       ; 5.447  ; 5.401  ; 6.182  ; 6.146  ;
; s[2]       ; f[18]       ; 5.414  ; 5.338  ; 6.145  ; 6.085  ;
; s[2]       ; f[19]       ; 4.743  ; 4.707  ; 5.416  ; 5.387  ;
; s[2]       ; f[20]       ; 5.182  ; 5.156  ; 5.912  ; 5.866  ;
; s[2]       ; f[21]       ; 5.027  ; 5.005  ; 5.762  ; 5.758  ;
; s[2]       ; f[22]       ; 5.192  ; 5.169  ; 5.940  ; 5.897  ;
; s[2]       ; f[23]       ; 5.191  ; 5.207  ; 5.900  ; 5.936  ;
; s[2]       ; f[24]       ; 4.227  ; 4.230  ; 4.838  ; 4.821  ;
; s[2]       ; f[25]       ; 4.257  ; 4.250  ; 4.857  ; 4.867  ;
; s[2]       ; f[26]       ; 5.267  ; 5.156  ; 5.872  ; 5.777  ;
; s[2]       ; f[27]       ; 5.253  ; 5.338  ; 5.984  ; 6.052  ;
; s[2]       ; f[28]       ; 4.905  ; 4.877  ; 5.615  ; 5.594  ;
; s[2]       ; f[29]       ; 5.105  ; 5.100  ; 5.838  ; 5.813  ;
; s[2]       ; f[30]       ; 5.995  ; 5.837  ; 6.709  ; 6.568  ;
; s[2]       ; f[31]       ; 5.193  ; 5.205  ; 5.934  ; 5.939  ;
; s[2]       ; f[32]       ; 5.763  ; 5.669  ; 6.498  ; 6.422  ;
; s[2]       ; f[33]       ; 5.309  ; 5.254  ; 6.037  ; 5.999  ;
; s[2]       ; f[34]       ; 5.583  ; 5.522  ; 6.343  ; 6.262  ;
; s[2]       ; f[35]       ; 5.761  ; 5.635  ; 6.531  ; 6.412  ;
; s[2]       ; f[36]       ; 4.941  ; 4.899  ; 5.657  ; 5.622  ;
; s[2]       ; f[37]       ; 5.111  ; 5.063  ; 5.851  ; 5.804  ;
; s[2]       ; f[38]       ; 5.046  ; 5.002  ; 5.768  ; 5.740  ;
; s[2]       ; f[39]       ; 5.128  ; 5.175  ; 5.872  ; 5.918  ;
; s[2]       ; f[40]       ; 4.278  ; 4.253  ; 4.872  ; 4.865  ;
; s[2]       ; f[41]       ; 4.242  ; 4.238  ; 4.825  ; 4.828  ;
; s[2]       ; f[42]       ; 4.378  ; 4.380  ; 4.983  ; 4.965  ;
; s[2]       ; f[43]       ; 4.307  ; 4.316  ; 4.907  ; 4.915  ;
; s[2]       ; f[44]       ; 4.243  ; 4.236  ; 4.835  ; 4.844  ;
; s[2]       ; f[45]       ; 4.119  ; 4.111  ; 4.704  ; 4.712  ;
; s[2]       ; f[46]       ; 4.268  ; 4.261  ; 4.834  ; 4.839  ;
; s[2]       ; f[47]       ; 4.127  ; 4.140  ; 4.711  ; 4.717  ;
; s[2]       ; f[48]       ; 4.615  ; 4.613  ; 5.307  ; 5.312  ;
; s[2]       ; f[49]       ; 4.670  ; 4.649  ; 5.362  ; 5.348  ;
; s[2]       ; f[50]       ; 4.662  ; 4.663  ; 5.369  ; 5.350  ;
; s[2]       ; f[51]       ; 4.745  ; 4.733  ; 5.450  ; 5.418  ;
; s[2]       ; f[52]       ; 4.756  ; 4.724  ; 5.428  ; 5.440  ;
; s[2]       ; f[53]       ; 4.906  ; 4.874  ; 5.598  ; 5.585  ;
; s[2]       ; f[54]       ; 4.716  ; 4.688  ; 5.407  ; 5.386  ;
; s[2]       ; f[55]       ; 5.051  ; 5.087  ; 5.766  ; 5.822  ;
; s[2]       ; f[56]       ; 4.821  ; 4.813  ; 5.534  ; 5.533  ;
; s[2]       ; f[57]       ; 5.682  ; 5.569  ; 6.407  ; 6.311  ;
; s[2]       ; f[58]       ; 4.845  ; 4.835  ; 5.575  ; 5.582  ;
; s[2]       ; f[59]       ; 5.755  ; 5.825  ; 6.580  ; 6.643  ;
; s[2]       ; f[60]       ; 4.493  ; 4.500  ; 5.203  ; 5.190  ;
; s[2]       ; f[61]       ; 4.684  ; 4.680  ; 5.391  ; 5.403  ;
; s[2]       ; f[62]       ; 4.644  ; 4.650  ; 5.375  ; 5.361  ;
; s[2]       ; f[63]       ; 4.913  ; 4.920  ; 5.671  ; 5.677  ;
; s[3]       ; f[0]        ; 4.031  ; 4.045  ; 4.243  ; 4.250  ;
; s[3]       ; f[1]        ; 4.108  ; 4.089  ; 4.317  ; 4.315  ;
; s[3]       ; f[2]        ; 4.077  ; 4.065  ; 4.310  ; 4.278  ;
; s[3]       ; f[3]        ; 4.029  ; 4.037  ; 4.246  ; 4.274  ;
; s[3]       ; f[4]        ; 3.661  ; 3.667  ; 3.934  ; 3.947  ;
; s[3]       ; f[5]        ; 3.711  ; 3.699  ; 4.003  ; 3.971  ;
; s[3]       ; f[6]        ; 3.710  ; 3.718  ; 3.999  ; 3.987  ;
; s[3]       ; f[7]        ; 4.021  ; 4.038  ; 4.307  ; 4.344  ;
; s[3]       ; f[8]        ; 3.819  ; 3.777  ; 4.104  ; 4.078  ;
; s[3]       ; f[9]        ; 3.545  ; 3.531  ; 3.823  ; 3.816  ;
; s[3]       ; f[10]       ; 3.564  ; 3.552  ; 3.844  ; 3.839  ;
; s[3]       ; f[11]       ; 4.626  ; 4.644  ; 4.912  ; 4.928  ;
; s[3]       ; f[12]       ; 4.132  ; 4.114  ; 4.358  ; 4.357  ;
; s[3]       ; f[13]       ; 4.509  ; 4.477  ; 4.739  ; 4.685  ;
; s[3]       ; f[14]       ; 5.094  ; 4.962  ; 5.318  ; 5.166  ;
; s[3]       ; f[15]       ; 4.941  ; 5.008  ; 5.214  ; 5.265  ;
; s[3]       ; f[16]       ; 3.933  ; 3.868  ; 4.240  ; 4.182  ;
; s[3]       ; f[17]       ; 3.976  ; 3.930  ; 4.295  ; 4.259  ;
; s[3]       ; f[18]       ; 3.882  ; 3.806  ; 4.175  ; 4.115  ;
; s[3]       ; f[19]       ; 3.787  ; 3.751  ; 4.065  ; 4.036  ;
; s[3]       ; f[20]       ; 4.017  ; 3.991  ; 4.288  ; 4.242  ;
; s[3]       ; f[21]       ; 3.972  ; 3.950  ; 4.194  ; 4.190  ;
; s[3]       ; f[22]       ; 4.131  ; 4.108  ; 4.366  ; 4.323  ;
; s[3]       ; f[23]       ; 4.008  ; 4.024  ; 4.262  ; 4.298  ;
; s[3]       ; f[24]       ; 3.346  ; 3.349  ; 3.690  ; 3.673  ;
; s[3]       ; f[25]       ; 3.330  ; 3.323  ; 3.637  ; 3.647  ;
; s[3]       ; f[26]       ; 4.327  ; 4.216  ; 4.643  ; 4.548  ;
; s[3]       ; f[27]       ; 4.069  ; 4.154  ; 4.345  ; 4.413  ;
; s[3]       ; f[28]       ; 3.943  ; 3.915  ; 4.161  ; 4.140  ;
; s[3]       ; f[29]       ; 4.238  ; 4.233  ; 4.456  ; 4.437  ;
; s[3]       ; f[30]       ; 5.193  ; 5.035  ; 5.419  ; 5.278  ;
; s[3]       ; f[31]       ; 4.085  ; 4.105  ; 4.375  ; 4.394  ;
; s[3]       ; f[32]       ; 4.306  ; 4.212  ; 4.622  ; 4.546  ;
; s[3]       ; f[33]       ; 3.805  ; 3.750  ; 4.096  ; 4.058  ;
; s[3]       ; f[34]       ; 4.012  ; 3.951  ; 4.325  ; 4.244  ;
; s[3]       ; f[35]       ; 4.323  ; 4.190  ; 4.586  ; 4.452  ;
; s[3]       ; f[36]       ; 3.559  ; 3.517  ; 3.853  ; 3.818  ;
; s[3]       ; f[37]       ; 3.654  ; 3.606  ; 3.985  ; 3.938  ;
; s[3]       ; f[38]       ; 3.590  ; 3.546  ; 3.904  ; 3.876  ;
; s[3]       ; f[39]       ; 3.732  ; 3.779  ; 4.050  ; 4.096  ;
; s[3]       ; f[40]       ; 3.629  ; 3.604  ; 3.937  ; 3.930  ;
; s[3]       ; f[41]       ; 3.596  ; 3.592  ; 3.893  ; 3.896  ;
; s[3]       ; f[42]       ; 3.605  ; 3.607  ; 3.899  ; 3.881  ;
; s[3]       ; f[43]       ; 3.661  ; 3.670  ; 3.975  ; 3.983  ;
; s[3]       ; f[44]       ; 3.263  ; 3.256  ; 3.579  ; 3.588  ;
; s[3]       ; f[45]       ; 3.267  ; 3.259  ; 3.599  ; 3.607  ;
; s[3]       ; f[46]       ; 3.286  ; 3.279  ; 3.603  ; 3.614  ;
; s[3]       ; f[47]       ; 3.270  ; 3.283  ; 3.600  ; 3.606  ;
; s[3]       ; f[48]       ; 3.575  ; 3.573  ; 3.854  ; 3.859  ;
; s[3]       ; f[49]       ; 3.628  ; 3.607  ; 3.908  ; 3.894  ;
; s[3]       ; f[50]       ; 3.622  ; 3.623  ; 3.917  ; 3.898  ;
; s[3]       ; f[51]       ; 3.704  ; 3.692  ; 3.997  ; 3.965  ;
; s[3]       ; f[52]       ; 3.894  ; 3.862  ; 4.145  ; 4.157  ;
; s[3]       ; f[53]       ; 3.740  ; 3.708  ; 4.014  ; 4.001  ;
; s[3]       ; f[54]       ; 3.747  ; 3.719  ; 3.990  ; 3.969  ;
; s[3]       ; f[55]       ; 4.048  ; 4.096  ; 4.349  ; 4.404  ;
; s[3]       ; f[56]       ; 3.793  ; 3.785  ; 4.051  ; 4.050  ;
; s[3]       ; f[57]       ; 4.650  ; 4.537  ; 4.922  ; 4.826  ;
; s[3]       ; f[58]       ; 3.775  ; 3.765  ; 4.024  ; 4.031  ;
; s[3]       ; f[59]       ; 4.674  ; 4.751  ; 5.029  ; 5.092  ;
; s[3]       ; f[60]       ; 3.491  ; 3.498  ; 3.790  ; 3.777  ;
; s[3]       ; f[61]       ; 3.519  ; 3.515  ; 3.809  ; 3.821  ;
; s[3]       ; f[62]       ; 3.460  ; 3.466  ; 3.754  ; 3.740  ;
; s[3]       ; f[63]       ; 3.943  ; 3.948  ; 4.290  ; 4.293  ;
+------------+-------------+--------+--------+--------+--------+


+------------------------------------------------------------------------------------------------------------------------------------------------------------------------------------------------------------------------------------------------------------------------------------------------------------------------------------------------------------------------------------------------------------------+
; Board Trace Model Assignments                                                                                                                                                                                                                                                                                                                                                                                    ;
+---------------+--------------+-------------------+-------------------------+-------------------------+---------------+---------------------+----------------+------------------+--------+------------------+------------------------+------------------------+--------------+---------------+-----------------+-------+---------------------+--------------------+---------------+-----------------+-------------+
; Pin           ; I/O Standard ; Near Tline Length ; Near Tline L per Length ; Near Tline C per Length ; Near Series R ; Near Differential R ; Near Pull-up R ; Near Pull-down R ; Near C ; Far Tline Length ; Far Tline L per Length ; Far Tline C per Length ; Far Series R ; Far Pull-up R ; Far Pull-down R ; Far C ; Termination Voltage ; Far Differential R ; EBD File Name ; EBD Signal Name ; EBD Far-end ;
+---------------+--------------+-------------------+-------------------------+-------------------------+---------------+---------------------+----------------+------------------+--------+------------------+------------------------+------------------------+--------------+---------------+-----------------+-------+---------------------+--------------------+---------------+-----------------+-------------+
; f[0]          ; 2.5 V        ; 0 in              ; 0 H/in                  ; 0 F/in                  ; short         ; -                   ; open           ; open             ; open   ; 0 in             ; 0 H/in                 ; 0 F/in                 ; short        ; open          ; open            ; open  ; 0 V                 ; -                  ; n/a           ; n/a             ; n/a         ;
; f[1]          ; 2.5 V        ; 0 in              ; 0 H/in                  ; 0 F/in                  ; short         ; -                   ; open           ; open             ; open   ; 0 in             ; 0 H/in                 ; 0 F/in                 ; short        ; open          ; open            ; open  ; 0 V                 ; -                  ; n/a           ; n/a             ; n/a         ;
; f[2]          ; 2.5 V        ; 0 in              ; 0 H/in                  ; 0 F/in                  ; short         ; -                   ; open           ; open             ; open   ; 0 in             ; 0 H/in                 ; 0 F/in                 ; short        ; open          ; open            ; open  ; 0 V                 ; -                  ; n/a           ; n/a             ; n/a         ;
; f[3]          ; 2.5 V        ; 0 in              ; 0 H/in                  ; 0 F/in                  ; short         ; -                   ; open           ; open             ; open   ; 0 in             ; 0 H/in                 ; 0 F/in                 ; short        ; open          ; open            ; open  ; 0 V                 ; -                  ; n/a           ; n/a             ; n/a         ;
; f[4]          ; 2.5 V        ; 0 in              ; 0 H/in                  ; 0 F/in                  ; short         ; -                   ; open           ; open             ; open   ; 0 in             ; 0 H/in                 ; 0 F/in                 ; short        ; open          ; open            ; open  ; 0 V                 ; -                  ; n/a           ; n/a             ; n/a         ;
; f[5]          ; 2.5 V        ; 0 in              ; 0 H/in                  ; 0 F/in                  ; short         ; -                   ; open           ; open             ; open   ; 0 in             ; 0 H/in                 ; 0 F/in                 ; short        ; open          ; open            ; open  ; 0 V                 ; -                  ; n/a           ; n/a             ; n/a         ;
; f[6]          ; 2.5 V        ; 0 in              ; 0 H/in                  ; 0 F/in                  ; short         ; -                   ; open           ; open             ; open   ; 0 in             ; 0 H/in                 ; 0 F/in                 ; short        ; open          ; open            ; open  ; 0 V                 ; -                  ; n/a           ; n/a             ; n/a         ;
; f[7]          ; 2.5 V        ; 0 in              ; 0 H/in                  ; 0 F/in                  ; short         ; -                   ; open           ; open             ; open   ; 0 in             ; 0 H/in                 ; 0 F/in                 ; short        ; open          ; open            ; open  ; 0 V                 ; -                  ; n/a           ; n/a             ; n/a         ;
; f[8]          ; 2.5 V        ; 0 in              ; 0 H/in                  ; 0 F/in                  ; short         ; -                   ; open           ; open             ; open   ; 0 in             ; 0 H/in                 ; 0 F/in                 ; short        ; open          ; open            ; open  ; 0 V                 ; -                  ; n/a           ; n/a             ; n/a         ;
; f[9]          ; 2.5 V        ; 0 in              ; 0 H/in                  ; 0 F/in                  ; short         ; -                   ; open           ; open             ; open   ; 0 in             ; 0 H/in                 ; 0 F/in                 ; short        ; open          ; open            ; open  ; 0 V                 ; -                  ; n/a           ; n/a             ; n/a         ;
; f[10]         ; 2.5 V        ; 0 in              ; 0 H/in                  ; 0 F/in                  ; short         ; -                   ; open           ; open             ; open   ; 0 in             ; 0 H/in                 ; 0 F/in                 ; short        ; open          ; open            ; open  ; 0 V                 ; -                  ; n/a           ; n/a             ; n/a         ;
; f[11]         ; 2.5 V        ; 0 in              ; 0 H/in                  ; 0 F/in                  ; short         ; -                   ; open           ; open             ; open   ; 0 in             ; 0 H/in                 ; 0 F/in                 ; short        ; open          ; open            ; open  ; 0 V                 ; -                  ; n/a           ; n/a             ; n/a         ;
; f[12]         ; 2.5 V        ; 0 in              ; 0 H/in                  ; 0 F/in                  ; short         ; -                   ; open           ; open             ; open   ; 0 in             ; 0 H/in                 ; 0 F/in                 ; short        ; open          ; open            ; open  ; 0 V                 ; -                  ; n/a           ; n/a             ; n/a         ;
; f[13]         ; 2.5 V        ; 0 in              ; 0 H/in                  ; 0 F/in                  ; short         ; -                   ; open           ; open             ; open   ; 0 in             ; 0 H/in                 ; 0 F/in                 ; short        ; open          ; open            ; open  ; 0 V                 ; -                  ; n/a           ; n/a             ; n/a         ;
; f[14]         ; 2.5 V        ; 0 in              ; 0 H/in                  ; 0 F/in                  ; short         ; -                   ; open           ; open             ; open   ; 0 in             ; 0 H/in                 ; 0 F/in                 ; short        ; open          ; open            ; open  ; 0 V                 ; -                  ; n/a           ; n/a             ; n/a         ;
; f[15]         ; 2.5 V        ; 0 in              ; 0 H/in                  ; 0 F/in                  ; short         ; -                   ; open           ; open             ; open   ; 0 in             ; 0 H/in                 ; 0 F/in                 ; short        ; open          ; open            ; open  ; 0 V                 ; -                  ; n/a           ; n/a             ; n/a         ;
; f[16]         ; 2.5 V        ; 0 in              ; 0 H/in                  ; 0 F/in                  ; short         ; -                   ; open           ; open             ; open   ; 0 in             ; 0 H/in                 ; 0 F/in                 ; short        ; open          ; open            ; open  ; 0 V                 ; -                  ; n/a           ; n/a             ; n/a         ;
; f[17]         ; 2.5 V        ; 0 in              ; 0 H/in                  ; 0 F/in                  ; short         ; -                   ; open           ; open             ; open   ; 0 in             ; 0 H/in                 ; 0 F/in                 ; short        ; open          ; open            ; open  ; 0 V                 ; -                  ; n/a           ; n/a             ; n/a         ;
; f[18]         ; 2.5 V        ; 0 in              ; 0 H/in                  ; 0 F/in                  ; short         ; -                   ; open           ; open             ; open   ; 0 in             ; 0 H/in                 ; 0 F/in                 ; short        ; open          ; open            ; open  ; 0 V                 ; -                  ; n/a           ; n/a             ; n/a         ;
; f[19]         ; 2.5 V        ; 0 in              ; 0 H/in                  ; 0 F/in                  ; short         ; -                   ; open           ; open             ; open   ; 0 in             ; 0 H/in                 ; 0 F/in                 ; short        ; open          ; open            ; open  ; 0 V                 ; -                  ; n/a           ; n/a             ; n/a         ;
; f[20]         ; 2.5 V        ; 0 in              ; 0 H/in                  ; 0 F/in                  ; short         ; -                   ; open           ; open             ; open   ; 0 in             ; 0 H/in                 ; 0 F/in                 ; short        ; open          ; open            ; open  ; 0 V                 ; -                  ; n/a           ; n/a             ; n/a         ;
; f[21]         ; 2.5 V        ; 0 in              ; 0 H/in                  ; 0 F/in                  ; short         ; -                   ; open           ; open             ; open   ; 0 in             ; 0 H/in                 ; 0 F/in                 ; short        ; open          ; open            ; open  ; 0 V                 ; -                  ; n/a           ; n/a             ; n/a         ;
; f[22]         ; 2.5 V        ; 0 in              ; 0 H/in                  ; 0 F/in                  ; short         ; -                   ; open           ; open             ; open   ; 0 in             ; 0 H/in                 ; 0 F/in                 ; short        ; open          ; open            ; open  ; 0 V                 ; -                  ; n/a           ; n/a             ; n/a         ;
; f[23]         ; 2.5 V        ; 0 in              ; 0 H/in                  ; 0 F/in                  ; short         ; -                   ; open           ; open             ; open   ; 0 in             ; 0 H/in                 ; 0 F/in                 ; short        ; open          ; open            ; open  ; 0 V                 ; -                  ; n/a           ; n/a             ; n/a         ;
; f[24]         ; 2.5 V        ; 0 in              ; 0 H/in                  ; 0 F/in                  ; short         ; -                   ; open           ; open             ; open   ; 0 in             ; 0 H/in                 ; 0 F/in                 ; short        ; open          ; open            ; open  ; 0 V                 ; -                  ; n/a           ; n/a             ; n/a         ;
; f[25]         ; 2.5 V        ; 0 in              ; 0 H/in                  ; 0 F/in                  ; short         ; -                   ; open           ; open             ; open   ; 0 in             ; 0 H/in                 ; 0 F/in                 ; short        ; open          ; open            ; open  ; 0 V                 ; -                  ; n/a           ; n/a             ; n/a         ;
; f[26]         ; 2.5 V        ; 0 in              ; 0 H/in                  ; 0 F/in                  ; short         ; -                   ; open           ; open             ; open   ; 0 in             ; 0 H/in                 ; 0 F/in                 ; short        ; open          ; open            ; open  ; 0 V                 ; -                  ; n/a           ; n/a             ; n/a         ;
; f[27]         ; 2.5 V        ; 0 in              ; 0 H/in                  ; 0 F/in                  ; short         ; -                   ; open           ; open             ; open   ; 0 in             ; 0 H/in                 ; 0 F/in                 ; short        ; open          ; open            ; open  ; 0 V                 ; -                  ; n/a           ; n/a             ; n/a         ;
; f[28]         ; 2.5 V        ; 0 in              ; 0 H/in                  ; 0 F/in                  ; short         ; -                   ; open           ; open             ; open   ; 0 in             ; 0 H/in                 ; 0 F/in                 ; short        ; open          ; open            ; open  ; 0 V                 ; -                  ; n/a           ; n/a             ; n/a         ;
; f[29]         ; 2.5 V        ; 0 in              ; 0 H/in                  ; 0 F/in                  ; short         ; -                   ; open           ; open             ; open   ; 0 in             ; 0 H/in                 ; 0 F/in                 ; short        ; open          ; open            ; open  ; 0 V                 ; -                  ; n/a           ; n/a             ; n/a         ;
; f[30]         ; 2.5 V        ; 0 in              ; 0 H/in                  ; 0 F/in                  ; short         ; -                   ; open           ; open             ; open   ; 0 in             ; 0 H/in                 ; 0 F/in                 ; short        ; open          ; open            ; open  ; 0 V                 ; -                  ; n/a           ; n/a             ; n/a         ;
; f[31]         ; 2.5 V        ; 0 in              ; 0 H/in                  ; 0 F/in                  ; short         ; -                   ; open           ; open             ; open   ; 0 in             ; 0 H/in                 ; 0 F/in                 ; short        ; open          ; open            ; open  ; 0 V                 ; -                  ; n/a           ; n/a             ; n/a         ;
; f[32]         ; 2.5 V        ; 0 in              ; 0 H/in                  ; 0 F/in                  ; short         ; -                   ; open           ; open             ; open   ; 0 in             ; 0 H/in                 ; 0 F/in                 ; short        ; open          ; open            ; open  ; 0 V                 ; -                  ; n/a           ; n/a             ; n/a         ;
; f[33]         ; 2.5 V        ; 0 in              ; 0 H/in                  ; 0 F/in                  ; short         ; -                   ; open           ; open             ; open   ; 0 in             ; 0 H/in                 ; 0 F/in                 ; short        ; open          ; open            ; open  ; 0 V                 ; -                  ; n/a           ; n/a             ; n/a         ;
; f[34]         ; 2.5 V        ; 0 in              ; 0 H/in                  ; 0 F/in                  ; short         ; -                   ; open           ; open             ; open   ; 0 in             ; 0 H/in                 ; 0 F/in                 ; short        ; open          ; open            ; open  ; 0 V                 ; -                  ; n/a           ; n/a             ; n/a         ;
; f[35]         ; 2.5 V        ; 0 in              ; 0 H/in                  ; 0 F/in                  ; short         ; -                   ; open           ; open             ; open   ; 0 in             ; 0 H/in                 ; 0 F/in                 ; short        ; open          ; open            ; open  ; 0 V                 ; -                  ; n/a           ; n/a             ; n/a         ;
; f[36]         ; 2.5 V        ; 0 in              ; 0 H/in                  ; 0 F/in                  ; short         ; -                   ; open           ; open             ; open   ; 0 in             ; 0 H/in                 ; 0 F/in                 ; short        ; open          ; open            ; open  ; 0 V                 ; -                  ; n/a           ; n/a             ; n/a         ;
; f[37]         ; 2.5 V        ; 0 in              ; 0 H/in                  ; 0 F/in                  ; short         ; -                   ; open           ; open             ; open   ; 0 in             ; 0 H/in                 ; 0 F/in                 ; short        ; open          ; open            ; open  ; 0 V                 ; -                  ; n/a           ; n/a             ; n/a         ;
; f[38]         ; 2.5 V        ; 0 in              ; 0 H/in                  ; 0 F/in                  ; short         ; -                   ; open           ; open             ; open   ; 0 in             ; 0 H/in                 ; 0 F/in                 ; short        ; open          ; open            ; open  ; 0 V                 ; -                  ; n/a           ; n/a             ; n/a         ;
; f[39]         ; 2.5 V        ; 0 in              ; 0 H/in                  ; 0 F/in                  ; short         ; -                   ; open           ; open             ; open   ; 0 in             ; 0 H/in                 ; 0 F/in                 ; short        ; open          ; open            ; open  ; 0 V                 ; -                  ; n/a           ; n/a             ; n/a         ;
; f[40]         ; 2.5 V        ; 0 in              ; 0 H/in                  ; 0 F/in                  ; short         ; -                   ; open           ; open             ; open   ; 0 in             ; 0 H/in                 ; 0 F/in                 ; short        ; open          ; open            ; open  ; 0 V                 ; -                  ; n/a           ; n/a             ; n/a         ;
; f[41]         ; 2.5 V        ; 0 in              ; 0 H/in                  ; 0 F/in                  ; short         ; -                   ; open           ; open             ; open   ; 0 in             ; 0 H/in                 ; 0 F/in                 ; short        ; open          ; open            ; open  ; 0 V                 ; -                  ; n/a           ; n/a             ; n/a         ;
; f[42]         ; 2.5 V        ; 0 in              ; 0 H/in                  ; 0 F/in                  ; short         ; -                   ; open           ; open             ; open   ; 0 in             ; 0 H/in                 ; 0 F/in                 ; short        ; open          ; open            ; open  ; 0 V                 ; -                  ; n/a           ; n/a             ; n/a         ;
; f[43]         ; 2.5 V        ; 0 in              ; 0 H/in                  ; 0 F/in                  ; short         ; -                   ; open           ; open             ; open   ; 0 in             ; 0 H/in                 ; 0 F/in                 ; short        ; open          ; open            ; open  ; 0 V                 ; -                  ; n/a           ; n/a             ; n/a         ;
; f[44]         ; 2.5 V        ; 0 in              ; 0 H/in                  ; 0 F/in                  ; short         ; -                   ; open           ; open             ; open   ; 0 in             ; 0 H/in                 ; 0 F/in                 ; short        ; open          ; open            ; open  ; 0 V                 ; -                  ; n/a           ; n/a             ; n/a         ;
; f[45]         ; 2.5 V        ; 0 in              ; 0 H/in                  ; 0 F/in                  ; short         ; -                   ; open           ; open             ; open   ; 0 in             ; 0 H/in                 ; 0 F/in                 ; short        ; open          ; open            ; open  ; 0 V                 ; -                  ; n/a           ; n/a             ; n/a         ;
; f[46]         ; 2.5 V        ; 0 in              ; 0 H/in                  ; 0 F/in                  ; short         ; -                   ; open           ; open             ; open   ; 0 in             ; 0 H/in                 ; 0 F/in                 ; short        ; open          ; open            ; open  ; 0 V                 ; -                  ; n/a           ; n/a             ; n/a         ;
; f[47]         ; 2.5 V        ; 0 in              ; 0 H/in                  ; 0 F/in                  ; short         ; -                   ; open           ; open             ; open   ; 0 in             ; 0 H/in                 ; 0 F/in                 ; short        ; open          ; open            ; open  ; 0 V                 ; -                  ; n/a           ; n/a             ; n/a         ;
; f[48]         ; 2.5 V        ; 0 in              ; 0 H/in                  ; 0 F/in                  ; short         ; -                   ; open           ; open             ; open   ; 0 in             ; 0 H/in                 ; 0 F/in                 ; short        ; open          ; open            ; open  ; 0 V                 ; -                  ; n/a           ; n/a             ; n/a         ;
; f[49]         ; 2.5 V        ; 0 in              ; 0 H/in                  ; 0 F/in                  ; short         ; -                   ; open           ; open             ; open   ; 0 in             ; 0 H/in                 ; 0 F/in                 ; short        ; open          ; open            ; open  ; 0 V                 ; -                  ; n/a           ; n/a             ; n/a         ;
; f[50]         ; 2.5 V        ; 0 in              ; 0 H/in                  ; 0 F/in                  ; short         ; -                   ; open           ; open             ; open   ; 0 in             ; 0 H/in                 ; 0 F/in                 ; short        ; open          ; open            ; open  ; 0 V                 ; -                  ; n/a           ; n/a             ; n/a         ;
; f[51]         ; 2.5 V        ; 0 in              ; 0 H/in                  ; 0 F/in                  ; short         ; -                   ; open           ; open             ; open   ; 0 in             ; 0 H/in                 ; 0 F/in                 ; short        ; open          ; open            ; open  ; 0 V                 ; -                  ; n/a           ; n/a             ; n/a         ;
; f[52]         ; 2.5 V        ; 0 in              ; 0 H/in                  ; 0 F/in                  ; short         ; -                   ; open           ; open             ; open   ; 0 in             ; 0 H/in                 ; 0 F/in                 ; short        ; open          ; open            ; open  ; 0 V                 ; -                  ; n/a           ; n/a             ; n/a         ;
; f[53]         ; 2.5 V        ; 0 in              ; 0 H/in                  ; 0 F/in                  ; short         ; -                   ; open           ; open             ; open   ; 0 in             ; 0 H/in                 ; 0 F/in                 ; short        ; open          ; open            ; open  ; 0 V                 ; -                  ; n/a           ; n/a             ; n/a         ;
; f[54]         ; 2.5 V        ; 0 in              ; 0 H/in                  ; 0 F/in                  ; short         ; -                   ; open           ; open             ; open   ; 0 in             ; 0 H/in                 ; 0 F/in                 ; short        ; open          ; open            ; open  ; 0 V                 ; -                  ; n/a           ; n/a             ; n/a         ;
; f[55]         ; 2.5 V        ; 0 in              ; 0 H/in                  ; 0 F/in                  ; short         ; -                   ; open           ; open             ; open   ; 0 in             ; 0 H/in                 ; 0 F/in                 ; short        ; open          ; open            ; open  ; 0 V                 ; -                  ; n/a           ; n/a             ; n/a         ;
; f[56]         ; 2.5 V        ; 0 in              ; 0 H/in                  ; 0 F/in                  ; short         ; -                   ; open           ; open             ; open   ; 0 in             ; 0 H/in                 ; 0 F/in                 ; short        ; open          ; open            ; open  ; 0 V                 ; -                  ; n/a           ; n/a             ; n/a         ;
; f[57]         ; 2.5 V        ; 0 in              ; 0 H/in                  ; 0 F/in                  ; short         ; -                   ; open           ; open             ; open   ; 0 in             ; 0 H/in                 ; 0 F/in                 ; short        ; open          ; open            ; open  ; 0 V                 ; -                  ; n/a           ; n/a             ; n/a         ;
; f[58]         ; 2.5 V        ; 0 in              ; 0 H/in                  ; 0 F/in                  ; short         ; -                   ; open           ; open             ; open   ; 0 in             ; 0 H/in                 ; 0 F/in                 ; short        ; open          ; open            ; open  ; 0 V                 ; -                  ; n/a           ; n/a             ; n/a         ;
; f[59]         ; 2.5 V        ; 0 in              ; 0 H/in                  ; 0 F/in                  ; short         ; -                   ; open           ; open             ; open   ; 0 in             ; 0 H/in                 ; 0 F/in                 ; short        ; open          ; open            ; open  ; 0 V                 ; -                  ; n/a           ; n/a             ; n/a         ;
; f[60]         ; 2.5 V        ; 0 in              ; 0 H/in                  ; 0 F/in                  ; short         ; -                   ; open           ; open             ; open   ; 0 in             ; 0 H/in                 ; 0 F/in                 ; short        ; open          ; open            ; open  ; 0 V                 ; -                  ; n/a           ; n/a             ; n/a         ;
; f[61]         ; 2.5 V        ; 0 in              ; 0 H/in                  ; 0 F/in                  ; short         ; -                   ; open           ; open             ; open   ; 0 in             ; 0 H/in                 ; 0 F/in                 ; short        ; open          ; open            ; open  ; 0 V                 ; -                  ; n/a           ; n/a             ; n/a         ;
; f[62]         ; 2.5 V        ; 0 in              ; 0 H/in                  ; 0 F/in                  ; short         ; -                   ; open           ; open             ; open   ; 0 in             ; 0 H/in                 ; 0 F/in                 ; short        ; open          ; open            ; open  ; 0 V                 ; -                  ; n/a           ; n/a             ; n/a         ;
; f[63]         ; 2.5 V        ; 0 in              ; 0 H/in                  ; 0 F/in                  ; short         ; -                   ; open           ; open             ; open   ; 0 in             ; 0 H/in                 ; 0 F/in                 ; short        ; open          ; open            ; open  ; 0 V                 ; -                  ; n/a           ; n/a             ; n/a         ;
; ~ALTERA_DCLK~ ; 2.5 V        ; 0 in              ; 0 H/in                  ; 0 F/in                  ; short         ; -                   ; open           ; open             ; open   ; 0 in             ; 0 H/in                 ; 0 F/in                 ; short        ; open          ; open            ; open  ; 0 V                 ; -                  ; n/a           ; n/a             ; n/a         ;
; ~ALTERA_nCEO~ ; 2.5 V        ; 0 in              ; 0 H/in                  ; 0 F/in                  ; short         ; -                   ; open           ; open             ; open   ; 0 in             ; 0 H/in                 ; 0 F/in                 ; short        ; open          ; open            ; open  ; 0 V                 ; -                  ; n/a           ; n/a             ; n/a         ;
+---------------+--------------+-------------------+-------------------------+-------------------------+---------------+---------------------+----------------+------------------+--------+------------------+------------------------+------------------------+--------------+---------------+-----------------+-------+---------------------+--------------------+---------------+-----------------+-------------+


+----------------------------------------------------------------------------+
; Input Transition Times                                                     ;
+-------------------------+--------------+-----------------+-----------------+
; Pin                     ; I/O Standard ; 10-90 Rise Time ; 90-10 Fall Time ;
+-------------------------+--------------+-----------------+-----------------+
; a[0]                    ; 2.5 V        ; 2000 ps         ; 2000 ps         ;
; s[3]                    ; 2.5 V        ; 2000 ps         ; 2000 ps         ;
; s[2]                    ; 2.5 V        ; 2000 ps         ; 2000 ps         ;
; b[0]                    ; 2.5 V        ; 2000 ps         ; 2000 ps         ;
; M                       ; 2.5 V        ; 2000 ps         ; 2000 ps         ;
; c                       ; 2.5 V        ; 2000 ps         ; 2000 ps         ;
; s[0]                    ; 2.5 V        ; 2000 ps         ; 2000 ps         ;
; s[1]                    ; 2.5 V        ; 2000 ps         ; 2000 ps         ;
; a[1]                    ; 2.5 V        ; 2000 ps         ; 2000 ps         ;
; b[1]                    ; 2.5 V        ; 2000 ps         ; 2000 ps         ;
; a[2]                    ; 2.5 V        ; 2000 ps         ; 2000 ps         ;
; b[2]                    ; 2.5 V        ; 2000 ps         ; 2000 ps         ;
; a[3]                    ; 2.5 V        ; 2000 ps         ; 2000 ps         ;
; b[3]                    ; 2.5 V        ; 2000 ps         ; 2000 ps         ;
; a[11]                   ; 2.5 V        ; 2000 ps         ; 2000 ps         ;
; b[11]                   ; 2.5 V        ; 2000 ps         ; 2000 ps         ;
; a[7]                    ; 2.5 V        ; 2000 ps         ; 2000 ps         ;
; b[7]                    ; 2.5 V        ; 2000 ps         ; 2000 ps         ;
; a[15]                   ; 2.5 V        ; 2000 ps         ; 2000 ps         ;
; b[15]                   ; 2.5 V        ; 2000 ps         ; 2000 ps         ;
; a[4]                    ; 2.5 V        ; 2000 ps         ; 2000 ps         ;
; b[4]                    ; 2.5 V        ; 2000 ps         ; 2000 ps         ;
; a[5]                    ; 2.5 V        ; 2000 ps         ; 2000 ps         ;
; b[5]                    ; 2.5 V        ; 2000 ps         ; 2000 ps         ;
; a[6]                    ; 2.5 V        ; 2000 ps         ; 2000 ps         ;
; b[6]                    ; 2.5 V        ; 2000 ps         ; 2000 ps         ;
; a[8]                    ; 2.5 V        ; 2000 ps         ; 2000 ps         ;
; b[8]                    ; 2.5 V        ; 2000 ps         ; 2000 ps         ;
; a[9]                    ; 2.5 V        ; 2000 ps         ; 2000 ps         ;
; b[9]                    ; 2.5 V        ; 2000 ps         ; 2000 ps         ;
; a[10]                   ; 2.5 V        ; 2000 ps         ; 2000 ps         ;
; b[10]                   ; 2.5 V        ; 2000 ps         ; 2000 ps         ;
; a[12]                   ; 2.5 V        ; 2000 ps         ; 2000 ps         ;
; b[12]                   ; 2.5 V        ; 2000 ps         ; 2000 ps         ;
; a[13]                   ; 2.5 V        ; 2000 ps         ; 2000 ps         ;
; b[13]                   ; 2.5 V        ; 2000 ps         ; 2000 ps         ;
; a[14]                   ; 2.5 V        ; 2000 ps         ; 2000 ps         ;
; b[14]                   ; 2.5 V        ; 2000 ps         ; 2000 ps         ;
; a[23]                   ; 2.5 V        ; 2000 ps         ; 2000 ps         ;
; b[23]                   ; 2.5 V        ; 2000 ps         ; 2000 ps         ;
; a[27]                   ; 2.5 V        ; 2000 ps         ; 2000 ps         ;
; b[27]                   ; 2.5 V        ; 2000 ps         ; 2000 ps         ;
; a[19]                   ; 2.5 V        ; 2000 ps         ; 2000 ps         ;
; b[19]                   ; 2.5 V        ; 2000 ps         ; 2000 ps         ;
; a[31]                   ; 2.5 V        ; 2000 ps         ; 2000 ps         ;
; b[31]                   ; 2.5 V        ; 2000 ps         ; 2000 ps         ;
; a[55]                   ; 2.5 V        ; 2000 ps         ; 2000 ps         ;
; b[55]                   ; 2.5 V        ; 2000 ps         ; 2000 ps         ;
; a[59]                   ; 2.5 V        ; 2000 ps         ; 2000 ps         ;
; b[59]                   ; 2.5 V        ; 2000 ps         ; 2000 ps         ;
; a[39]                   ; 2.5 V        ; 2000 ps         ; 2000 ps         ;
; b[39]                   ; 2.5 V        ; 2000 ps         ; 2000 ps         ;
; a[43]                   ; 2.5 V        ; 2000 ps         ; 2000 ps         ;
; b[43]                   ; 2.5 V        ; 2000 ps         ; 2000 ps         ;
; a[35]                   ; 2.5 V        ; 2000 ps         ; 2000 ps         ;
; b[35]                   ; 2.5 V        ; 2000 ps         ; 2000 ps         ;
; a[47]                   ; 2.5 V        ; 2000 ps         ; 2000 ps         ;
; b[47]                   ; 2.5 V        ; 2000 ps         ; 2000 ps         ;
; a[51]                   ; 2.5 V        ; 2000 ps         ; 2000 ps         ;
; b[51]                   ; 2.5 V        ; 2000 ps         ; 2000 ps         ;
; a[63]                   ; 2.5 V        ; 2000 ps         ; 2000 ps         ;
; b[63]                   ; 2.5 V        ; 2000 ps         ; 2000 ps         ;
; a[16]                   ; 2.5 V        ; 2000 ps         ; 2000 ps         ;
; b[16]                   ; 2.5 V        ; 2000 ps         ; 2000 ps         ;
; a[17]                   ; 2.5 V        ; 2000 ps         ; 2000 ps         ;
; b[17]                   ; 2.5 V        ; 2000 ps         ; 2000 ps         ;
; a[18]                   ; 2.5 V        ; 2000 ps         ; 2000 ps         ;
; b[18]                   ; 2.5 V        ; 2000 ps         ; 2000 ps         ;
; a[20]                   ; 2.5 V        ; 2000 ps         ; 2000 ps         ;
; b[20]                   ; 2.5 V        ; 2000 ps         ; 2000 ps         ;
; a[21]                   ; 2.5 V        ; 2000 ps         ; 2000 ps         ;
; b[21]                   ; 2.5 V        ; 2000 ps         ; 2000 ps         ;
; a[22]                   ; 2.5 V        ; 2000 ps         ; 2000 ps         ;
; b[22]                   ; 2.5 V        ; 2000 ps         ; 2000 ps         ;
; a[24]                   ; 2.5 V        ; 2000 ps         ; 2000 ps         ;
; b[24]                   ; 2.5 V        ; 2000 ps         ; 2000 ps         ;
; a[25]                   ; 2.5 V        ; 2000 ps         ; 2000 ps         ;
; b[25]                   ; 2.5 V        ; 2000 ps         ; 2000 ps         ;
; a[26]                   ; 2.5 V        ; 2000 ps         ; 2000 ps         ;
; b[26]                   ; 2.5 V        ; 2000 ps         ; 2000 ps         ;
; a[28]                   ; 2.5 V        ; 2000 ps         ; 2000 ps         ;
; b[28]                   ; 2.5 V        ; 2000 ps         ; 2000 ps         ;
; a[29]                   ; 2.5 V        ; 2000 ps         ; 2000 ps         ;
; b[29]                   ; 2.5 V        ; 2000 ps         ; 2000 ps         ;
; a[30]                   ; 2.5 V        ; 2000 ps         ; 2000 ps         ;
; b[30]                   ; 2.5 V        ; 2000 ps         ; 2000 ps         ;
; a[32]                   ; 2.5 V        ; 2000 ps         ; 2000 ps         ;
; b[32]                   ; 2.5 V        ; 2000 ps         ; 2000 ps         ;
; a[33]                   ; 2.5 V        ; 2000 ps         ; 2000 ps         ;
; b[33]                   ; 2.5 V        ; 2000 ps         ; 2000 ps         ;
; a[34]                   ; 2.5 V        ; 2000 ps         ; 2000 ps         ;
; b[34]                   ; 2.5 V        ; 2000 ps         ; 2000 ps         ;
; a[36]                   ; 2.5 V        ; 2000 ps         ; 2000 ps         ;
; b[36]                   ; 2.5 V        ; 2000 ps         ; 2000 ps         ;
; a[37]                   ; 2.5 V        ; 2000 ps         ; 2000 ps         ;
; b[37]                   ; 2.5 V        ; 2000 ps         ; 2000 ps         ;
; a[38]                   ; 2.5 V        ; 2000 ps         ; 2000 ps         ;
; b[38]                   ; 2.5 V        ; 2000 ps         ; 2000 ps         ;
; a[40]                   ; 2.5 V        ; 2000 ps         ; 2000 ps         ;
; b[40]                   ; 2.5 V        ; 2000 ps         ; 2000 ps         ;
; a[41]                   ; 2.5 V        ; 2000 ps         ; 2000 ps         ;
; b[41]                   ; 2.5 V        ; 2000 ps         ; 2000 ps         ;
; a[42]                   ; 2.5 V        ; 2000 ps         ; 2000 ps         ;
; b[42]                   ; 2.5 V        ; 2000 ps         ; 2000 ps         ;
; a[44]                   ; 2.5 V        ; 2000 ps         ; 2000 ps         ;
; b[44]                   ; 2.5 V        ; 2000 ps         ; 2000 ps         ;
; a[45]                   ; 2.5 V        ; 2000 ps         ; 2000 ps         ;
; b[45]                   ; 2.5 V        ; 2000 ps         ; 2000 ps         ;
; a[46]                   ; 2.5 V        ; 2000 ps         ; 2000 ps         ;
; b[46]                   ; 2.5 V        ; 2000 ps         ; 2000 ps         ;
; a[48]                   ; 2.5 V        ; 2000 ps         ; 2000 ps         ;
; b[48]                   ; 2.5 V        ; 2000 ps         ; 2000 ps         ;
; a[49]                   ; 2.5 V        ; 2000 ps         ; 2000 ps         ;
; b[49]                   ; 2.5 V        ; 2000 ps         ; 2000 ps         ;
; a[50]                   ; 2.5 V        ; 2000 ps         ; 2000 ps         ;
; b[50]                   ; 2.5 V        ; 2000 ps         ; 2000 ps         ;
; a[52]                   ; 2.5 V        ; 2000 ps         ; 2000 ps         ;
; b[52]                   ; 2.5 V        ; 2000 ps         ; 2000 ps         ;
; a[53]                   ; 2.5 V        ; 2000 ps         ; 2000 ps         ;
; b[53]                   ; 2.5 V        ; 2000 ps         ; 2000 ps         ;
; a[54]                   ; 2.5 V        ; 2000 ps         ; 2000 ps         ;
; b[54]                   ; 2.5 V        ; 2000 ps         ; 2000 ps         ;
; a[56]                   ; 2.5 V        ; 2000 ps         ; 2000 ps         ;
; b[56]                   ; 2.5 V        ; 2000 ps         ; 2000 ps         ;
; a[57]                   ; 2.5 V        ; 2000 ps         ; 2000 ps         ;
; b[57]                   ; 2.5 V        ; 2000 ps         ; 2000 ps         ;
; a[58]                   ; 2.5 V        ; 2000 ps         ; 2000 ps         ;
; b[58]                   ; 2.5 V        ; 2000 ps         ; 2000 ps         ;
; a[60]                   ; 2.5 V        ; 2000 ps         ; 2000 ps         ;
; b[60]                   ; 2.5 V        ; 2000 ps         ; 2000 ps         ;
; a[61]                   ; 2.5 V        ; 2000 ps         ; 2000 ps         ;
; b[61]                   ; 2.5 V        ; 2000 ps         ; 2000 ps         ;
; a[62]                   ; 2.5 V        ; 2000 ps         ; 2000 ps         ;
; b[62]                   ; 2.5 V        ; 2000 ps         ; 2000 ps         ;
; ~ALTERA_ASDO_DATA1~     ; 2.5 V        ; 2000 ps         ; 2000 ps         ;
; ~ALTERA_FLASH_nCE_nCSO~ ; 2.5 V        ; 2000 ps         ; 2000 ps         ;
; ~ALTERA_DATA0~          ; 2.5 V        ; 2000 ps         ; 2000 ps         ;
+-------------------------+--------------+-----------------+-----------------+


+--------------------------------------------------------------------------------------------------------------------------------------------------------------------------------------------------------------------------------------------------------------------------------------------------------------------------------------------------------------------------------------------------------------------------------------------------------------------------------------------------------------------------------------------------------------------------------------------------------------------------------------------------------------------------------------------+
; Signal Integrity Metrics (Slow 1200mv 0c Model)                                                                                                                                                                                                                                                                                                                                                                                                                                                                                                                                                                                                                                            ;
+---------------+--------------+---------------------+---------------------+------------------------------+------------------------------+---------------------+---------------------+--------------------------------------+--------------------------------------+-----------------------------+-----------------------------+----------------------------+----------------------------+-----------------------------+-----------------------------+--------------------+--------------------+-------------------------------------+-------------------------------------+----------------------------+----------------------------+---------------------------+---------------------------+
; Pin           ; I/O Standard ; Board Delay on Rise ; Board Delay on Fall ; Steady State Voh at FPGA Pin ; Steady State Vol at FPGA Pin ; Voh Max at FPGA Pin ; Vol Min at FPGA Pin ; Ringback Voltage on Rise at FPGA Pin ; Ringback Voltage on Fall at FPGA Pin ; 10-90 Rise Time at FPGA Pin ; 90-10 Fall Time at FPGA Pin ; Monotonic Rise at FPGA Pin ; Monotonic Fall at FPGA Pin ; Steady State Voh at Far-end ; Steady State Vol at Far-end ; Voh Max at Far-end ; Vol Min at Far-end ; Ringback Voltage on Rise at Far-end ; Ringback Voltage on Fall at Far-end ; 10-90 Rise Time at Far-end ; 90-10 Fall Time at Far-end ; Monotonic Rise at Far-end ; Monotonic Fall at Far-end ;
+---------------+--------------+---------------------+---------------------+------------------------------+------------------------------+---------------------+---------------------+--------------------------------------+--------------------------------------+-----------------------------+-----------------------------+----------------------------+----------------------------+-----------------------------+-----------------------------+--------------------+--------------------+-------------------------------------+-------------------------------------+----------------------------+----------------------------+---------------------------+---------------------------+
; f[0]          ; 2.5 V        ; 0 s                 ; 0 s                 ; 2.32 V                       ; 6.18e-09 V                   ; 2.39 V              ; -0.0371 V           ; 0.244 V                              ; 0.052 V                              ; 3.07e-10 s                  ; 3.31e-10 s                  ; No                         ; Yes                        ; 2.32 V                      ; 6.18e-09 V                  ; 2.39 V             ; -0.0371 V          ; 0.244 V                             ; 0.052 V                             ; 3.07e-10 s                 ; 3.31e-10 s                 ; No                        ; Yes                       ;
; f[1]          ; 2.5 V        ; 0 s                 ; 0 s                 ; 2.32 V                       ; 6.18e-09 V                   ; 2.39 V              ; -0.0371 V           ; 0.244 V                              ; 0.052 V                              ; 3.07e-10 s                  ; 3.31e-10 s                  ; No                         ; Yes                        ; 2.32 V                      ; 6.18e-09 V                  ; 2.39 V             ; -0.0371 V          ; 0.244 V                             ; 0.052 V                             ; 3.07e-10 s                 ; 3.31e-10 s                 ; No                        ; Yes                       ;
; f[2]          ; 2.5 V        ; 0 s                 ; 0 s                 ; 2.32 V                       ; 6.18e-09 V                   ; 2.39 V              ; -0.0371 V           ; 0.244 V                              ; 0.052 V                              ; 3.07e-10 s                  ; 3.31e-10 s                  ; No                         ; Yes                        ; 2.32 V                      ; 6.18e-09 V                  ; 2.39 V             ; -0.0371 V          ; 0.244 V                             ; 0.052 V                             ; 3.07e-10 s                 ; 3.31e-10 s                 ; No                        ; Yes                       ;
; f[3]          ; 2.5 V        ; 0 s                 ; 0 s                 ; 2.32 V                       ; 6.18e-09 V                   ; 2.39 V              ; -0.0371 V           ; 0.244 V                              ; 0.052 V                              ; 3.07e-10 s                  ; 3.31e-10 s                  ; No                         ; Yes                        ; 2.32 V                      ; 6.18e-09 V                  ; 2.39 V             ; -0.0371 V          ; 0.244 V                             ; 0.052 V                             ; 3.07e-10 s                 ; 3.31e-10 s                 ; No                        ; Yes                       ;
; f[4]          ; 2.5 V        ; 0 s                 ; 0 s                 ; 2.32 V                       ; 4.29e-09 V                   ; 2.37 V              ; -0.0215 V           ; 0.147 V                              ; 0.101 V                              ; 6.83e-10 s                  ; 6.56e-10 s                  ; No                         ; Yes                        ; 2.32 V                      ; 4.29e-09 V                  ; 2.37 V             ; -0.0215 V          ; 0.147 V                             ; 0.101 V                             ; 6.83e-10 s                 ; 6.56e-10 s                 ; No                        ; Yes                       ;
; f[5]          ; 2.5 V        ; 0 s                 ; 0 s                 ; 2.32 V                       ; 6.18e-09 V                   ; 2.39 V              ; -0.0371 V           ; 0.244 V                              ; 0.052 V                              ; 3.07e-10 s                  ; 3.31e-10 s                  ; No                         ; Yes                        ; 2.32 V                      ; 6.18e-09 V                  ; 2.39 V             ; -0.0371 V          ; 0.244 V                             ; 0.052 V                             ; 3.07e-10 s                 ; 3.31e-10 s                 ; No                        ; Yes                       ;
; f[6]          ; 2.5 V        ; 0 s                 ; 0 s                 ; 2.32 V                       ; 4.29e-09 V                   ; 2.37 V              ; -0.0215 V           ; 0.147 V                              ; 0.101 V                              ; 6.83e-10 s                  ; 6.56e-10 s                  ; No                         ; Yes                        ; 2.32 V                      ; 4.29e-09 V                  ; 2.37 V             ; -0.0215 V          ; 0.147 V                             ; 0.101 V                             ; 6.83e-10 s                 ; 6.56e-10 s                 ; No                        ; Yes                       ;
; f[7]          ; 2.5 V        ; 0 s                 ; 0 s                 ; 2.32 V                       ; 4.29e-09 V                   ; 2.37 V              ; -0.0215 V           ; 0.147 V                              ; 0.101 V                              ; 6.83e-10 s                  ; 6.56e-10 s                  ; No                         ; Yes                        ; 2.32 V                      ; 4.29e-09 V                  ; 2.37 V             ; -0.0215 V          ; 0.147 V                             ; 0.101 V                             ; 6.83e-10 s                 ; 6.56e-10 s                 ; No                        ; Yes                       ;
; f[8]          ; 2.5 V        ; 0 s                 ; 0 s                 ; 2.32 V                       ; 6.18e-09 V                   ; 2.39 V              ; -0.0371 V           ; 0.244 V                              ; 0.052 V                              ; 3.07e-10 s                  ; 3.31e-10 s                  ; No                         ; Yes                        ; 2.32 V                      ; 6.18e-09 V                  ; 2.39 V             ; -0.0371 V          ; 0.244 V                             ; 0.052 V                             ; 3.07e-10 s                 ; 3.31e-10 s                 ; No                        ; Yes                       ;
; f[9]          ; 2.5 V        ; 0 s                 ; 0 s                 ; 2.32 V                       ; 6.18e-09 V                   ; 2.39 V              ; -0.0371 V           ; 0.244 V                              ; 0.052 V                              ; 3.07e-10 s                  ; 3.31e-10 s                  ; No                         ; Yes                        ; 2.32 V                      ; 6.18e-09 V                  ; 2.39 V             ; -0.0371 V          ; 0.244 V                             ; 0.052 V                             ; 3.07e-10 s                 ; 3.31e-10 s                 ; No                        ; Yes                       ;
; f[10]         ; 2.5 V        ; 0 s                 ; 0 s                 ; 2.32 V                       ; 6.18e-09 V                   ; 2.39 V              ; -0.0371 V           ; 0.244 V                              ; 0.052 V                              ; 3.07e-10 s                  ; 3.31e-10 s                  ; No                         ; Yes                        ; 2.32 V                      ; 6.18e-09 V                  ; 2.39 V             ; -0.0371 V          ; 0.244 V                             ; 0.052 V                             ; 3.07e-10 s                 ; 3.31e-10 s                 ; No                        ; Yes                       ;
; f[11]         ; 2.5 V        ; 0 s                 ; 0 s                 ; 2.32 V                       ; 4.29e-09 V                   ; 2.37 V              ; -0.0215 V           ; 0.147 V                              ; 0.101 V                              ; 6.83e-10 s                  ; 6.56e-10 s                  ; No                         ; Yes                        ; 2.32 V                      ; 4.29e-09 V                  ; 2.37 V             ; -0.0215 V          ; 0.147 V                             ; 0.101 V                             ; 6.83e-10 s                 ; 6.56e-10 s                 ; No                        ; Yes                       ;
; f[12]         ; 2.5 V        ; 0 s                 ; 0 s                 ; 2.32 V                       ; 4.29e-09 V                   ; 2.37 V              ; -0.0215 V           ; 0.147 V                              ; 0.101 V                              ; 6.83e-10 s                  ; 6.56e-10 s                  ; No                         ; Yes                        ; 2.32 V                      ; 4.29e-09 V                  ; 2.37 V             ; -0.0215 V          ; 0.147 V                             ; 0.101 V                             ; 6.83e-10 s                 ; 6.56e-10 s                 ; No                        ; Yes                       ;
; f[13]         ; 2.5 V        ; 0 s                 ; 0 s                 ; 2.32 V                       ; 4.29e-09 V                   ; 2.37 V              ; -0.0215 V           ; 0.147 V                              ; 0.101 V                              ; 6.83e-10 s                  ; 6.56e-10 s                  ; No                         ; Yes                        ; 2.32 V                      ; 4.29e-09 V                  ; 2.37 V             ; -0.0215 V          ; 0.147 V                             ; 0.101 V                             ; 6.83e-10 s                 ; 6.56e-10 s                 ; No                        ; Yes                       ;
; f[14]         ; 2.5 V        ; 0 s                 ; 0 s                 ; 2.32 V                       ; 4.29e-09 V                   ; 2.33 V              ; -0.00559 V          ; 0.224 V                              ; 0.101 V                              ; 2.9e-09 s                   ; 2.79e-09 s                  ; No                         ; Yes                        ; 2.32 V                      ; 4.29e-09 V                  ; 2.33 V             ; -0.00559 V         ; 0.224 V                             ; 0.101 V                             ; 2.9e-09 s                  ; 2.79e-09 s                 ; No                        ; Yes                       ;
; f[15]         ; 2.5 V        ; 0 s                 ; 0 s                 ; 2.32 V                       ; 6.18e-09 V                   ; 2.39 V              ; -0.0371 V           ; 0.244 V                              ; 0.052 V                              ; 3.07e-10 s                  ; 3.31e-10 s                  ; No                         ; Yes                        ; 2.32 V                      ; 6.18e-09 V                  ; 2.39 V             ; -0.0371 V          ; 0.244 V                             ; 0.052 V                             ; 3.07e-10 s                 ; 3.31e-10 s                 ; No                        ; Yes                       ;
; f[16]         ; 2.5 V        ; 0 s                 ; 0 s                 ; 2.32 V                       ; 4.29e-09 V                   ; 2.37 V              ; -0.0215 V           ; 0.147 V                              ; 0.101 V                              ; 6.83e-10 s                  ; 6.56e-10 s                  ; No                         ; Yes                        ; 2.32 V                      ; 4.29e-09 V                  ; 2.37 V             ; -0.0215 V          ; 0.147 V                             ; 0.101 V                             ; 6.83e-10 s                 ; 6.56e-10 s                 ; No                        ; Yes                       ;
; f[17]         ; 2.5 V        ; 0 s                 ; 0 s                 ; 2.32 V                       ; 4.29e-09 V                   ; 2.37 V              ; -0.0215 V           ; 0.147 V                              ; 0.101 V                              ; 6.83e-10 s                  ; 6.56e-10 s                  ; No                         ; Yes                        ; 2.32 V                      ; 4.29e-09 V                  ; 2.37 V             ; -0.0215 V          ; 0.147 V                             ; 0.101 V                             ; 6.83e-10 s                 ; 6.56e-10 s                 ; No                        ; Yes                       ;
; f[18]         ; 2.5 V        ; 0 s                 ; 0 s                 ; 2.32 V                       ; 6.18e-09 V                   ; 2.39 V              ; -0.0371 V           ; 0.244 V                              ; 0.052 V                              ; 3.07e-10 s                  ; 3.31e-10 s                  ; No                         ; Yes                        ; 2.32 V                      ; 6.18e-09 V                  ; 2.39 V             ; -0.0371 V          ; 0.244 V                             ; 0.052 V                             ; 3.07e-10 s                 ; 3.31e-10 s                 ; No                        ; Yes                       ;
; f[19]         ; 2.5 V        ; 0 s                 ; 0 s                 ; 2.32 V                       ; 6.18e-09 V                   ; 2.39 V              ; -0.0371 V           ; 0.244 V                              ; 0.052 V                              ; 3.07e-10 s                  ; 3.31e-10 s                  ; No                         ; Yes                        ; 2.32 V                      ; 6.18e-09 V                  ; 2.39 V             ; -0.0371 V          ; 0.244 V                             ; 0.052 V                             ; 3.07e-10 s                 ; 3.31e-10 s                 ; No                        ; Yes                       ;
; f[20]         ; 2.5 V        ; 0 s                 ; 0 s                 ; 2.32 V                       ; 4.29e-09 V                   ; 2.37 V              ; -0.0215 V           ; 0.147 V                              ; 0.101 V                              ; 6.83e-10 s                  ; 6.56e-10 s                  ; No                         ; Yes                        ; 2.32 V                      ; 4.29e-09 V                  ; 2.37 V             ; -0.0215 V          ; 0.147 V                             ; 0.101 V                             ; 6.83e-10 s                 ; 6.56e-10 s                 ; No                        ; Yes                       ;
; f[21]         ; 2.5 V        ; 0 s                 ; 0 s                 ; 2.32 V                       ; 6.18e-09 V                   ; 2.39 V              ; -0.0371 V           ; 0.244 V                              ; 0.052 V                              ; 3.07e-10 s                  ; 3.31e-10 s                  ; No                         ; Yes                        ; 2.32 V                      ; 6.18e-09 V                  ; 2.39 V             ; -0.0371 V          ; 0.244 V                             ; 0.052 V                             ; 3.07e-10 s                 ; 3.31e-10 s                 ; No                        ; Yes                       ;
; f[22]         ; 2.5 V        ; 0 s                 ; 0 s                 ; 2.32 V                       ; 6.18e-09 V                   ; 2.39 V              ; -0.0371 V           ; 0.244 V                              ; 0.052 V                              ; 3.07e-10 s                  ; 3.31e-10 s                  ; No                         ; Yes                        ; 2.32 V                      ; 6.18e-09 V                  ; 2.39 V             ; -0.0371 V          ; 0.244 V                             ; 0.052 V                             ; 3.07e-10 s                 ; 3.31e-10 s                 ; No                        ; Yes                       ;
; f[23]         ; 2.5 V        ; 0 s                 ; 0 s                 ; 2.32 V                       ; 4.29e-09 V                   ; 2.37 V              ; -0.0215 V           ; 0.147 V                              ; 0.101 V                              ; 6.83e-10 s                  ; 6.56e-10 s                  ; No                         ; Yes                        ; 2.32 V                      ; 4.29e-09 V                  ; 2.37 V             ; -0.0215 V          ; 0.147 V                             ; 0.101 V                             ; 6.83e-10 s                 ; 6.56e-10 s                 ; No                        ; Yes                       ;
; f[24]         ; 2.5 V        ; 0 s                 ; 0 s                 ; 2.32 V                       ; 6.18e-09 V                   ; 2.39 V              ; -0.0371 V           ; 0.244 V                              ; 0.052 V                              ; 3.07e-10 s                  ; 3.31e-10 s                  ; No                         ; Yes                        ; 2.32 V                      ; 6.18e-09 V                  ; 2.39 V             ; -0.0371 V          ; 0.244 V                             ; 0.052 V                             ; 3.07e-10 s                 ; 3.31e-10 s                 ; No                        ; Yes                       ;
; f[25]         ; 2.5 V        ; 0 s                 ; 0 s                 ; 2.32 V                       ; 6.18e-09 V                   ; 2.39 V              ; -0.0371 V           ; 0.244 V                              ; 0.052 V                              ; 3.07e-10 s                  ; 3.31e-10 s                  ; No                         ; Yes                        ; 2.32 V                      ; 6.18e-09 V                  ; 2.39 V             ; -0.0371 V          ; 0.244 V                             ; 0.052 V                             ; 3.07e-10 s                 ; 3.31e-10 s                 ; No                        ; Yes                       ;
; f[26]         ; 2.5 V        ; 0 s                 ; 0 s                 ; 2.32 V                       ; 6.18e-09 V                   ; 2.33 V              ; -0.00637 V          ; 0.193 V                              ; 0.111 V                              ; 2.82e-09 s                  ; 2.64e-09 s                  ; No                         ; Yes                        ; 2.32 V                      ; 6.18e-09 V                  ; 2.33 V             ; -0.00637 V         ; 0.193 V                             ; 0.111 V                             ; 2.82e-09 s                 ; 2.64e-09 s                 ; No                        ; Yes                       ;
; f[27]         ; 2.5 V        ; 0 s                 ; 0 s                 ; 2.32 V                       ; 4.29e-09 V                   ; 2.38 V              ; -0.0224 V           ; 0.176 V                              ; 0.038 V                              ; 4.83e-10 s                  ; 4.81e-10 s                  ; Yes                        ; Yes                        ; 2.32 V                      ; 4.29e-09 V                  ; 2.38 V             ; -0.0224 V          ; 0.176 V                             ; 0.038 V                             ; 4.83e-10 s                 ; 4.81e-10 s                 ; Yes                       ; Yes                       ;
; f[28]         ; 2.5 V        ; 0 s                 ; 0 s                 ; 2.32 V                       ; 6.18e-09 V                   ; 2.39 V              ; -0.0371 V           ; 0.244 V                              ; 0.052 V                              ; 3.07e-10 s                  ; 3.31e-10 s                  ; No                         ; Yes                        ; 2.32 V                      ; 6.18e-09 V                  ; 2.39 V             ; -0.0371 V          ; 0.244 V                             ; 0.052 V                             ; 3.07e-10 s                 ; 3.31e-10 s                 ; No                        ; Yes                       ;
; f[29]         ; 2.5 V        ; 0 s                 ; 0 s                 ; 2.32 V                       ; 4.29e-09 V                   ; 2.37 V              ; -0.0215 V           ; 0.147 V                              ; 0.101 V                              ; 6.83e-10 s                  ; 6.56e-10 s                  ; No                         ; Yes                        ; 2.32 V                      ; 4.29e-09 V                  ; 2.37 V             ; -0.0215 V          ; 0.147 V                             ; 0.101 V                             ; 6.83e-10 s                 ; 6.56e-10 s                 ; No                        ; Yes                       ;
; f[30]         ; 2.5 V        ; 0 s                 ; 0 s                 ; 2.32 V                       ; 4.29e-09 V                   ; 2.33 V              ; -0.00559 V          ; 0.224 V                              ; 0.101 V                              ; 2.9e-09 s                   ; 2.79e-09 s                  ; No                         ; Yes                        ; 2.32 V                      ; 4.29e-09 V                  ; 2.33 V             ; -0.00559 V         ; 0.224 V                             ; 0.101 V                             ; 2.9e-09 s                  ; 2.79e-09 s                 ; No                        ; Yes                       ;
; f[31]         ; 2.5 V        ; 0 s                 ; 0 s                 ; 2.32 V                       ; 4.29e-09 V                   ; 2.37 V              ; -0.0215 V           ; 0.147 V                              ; 0.101 V                              ; 6.83e-10 s                  ; 6.56e-10 s                  ; No                         ; Yes                        ; 2.32 V                      ; 4.29e-09 V                  ; 2.37 V             ; -0.0215 V          ; 0.147 V                             ; 0.101 V                             ; 6.83e-10 s                 ; 6.56e-10 s                 ; No                        ; Yes                       ;
; f[32]         ; 2.5 V        ; 0 s                 ; 0 s                 ; 2.32 V                       ; 4.29e-09 V                   ; 2.37 V              ; -0.0215 V           ; 0.147 V                              ; 0.101 V                              ; 6.83e-10 s                  ; 6.56e-10 s                  ; No                         ; Yes                        ; 2.32 V                      ; 4.29e-09 V                  ; 2.37 V             ; -0.0215 V          ; 0.147 V                             ; 0.101 V                             ; 6.83e-10 s                 ; 6.56e-10 s                 ; No                        ; Yes                       ;
; f[33]         ; 2.5 V        ; 0 s                 ; 0 s                 ; 2.32 V                       ; 4.29e-09 V                   ; 2.37 V              ; -0.0215 V           ; 0.147 V                              ; 0.101 V                              ; 6.83e-10 s                  ; 6.56e-10 s                  ; No                         ; Yes                        ; 2.32 V                      ; 4.29e-09 V                  ; 2.37 V             ; -0.0215 V          ; 0.147 V                             ; 0.101 V                             ; 6.83e-10 s                 ; 6.56e-10 s                 ; No                        ; Yes                       ;
; f[34]         ; 2.5 V        ; 0 s                 ; 0 s                 ; 2.32 V                       ; 4.29e-09 V                   ; 2.37 V              ; -0.0215 V           ; 0.147 V                              ; 0.101 V                              ; 6.83e-10 s                  ; 6.56e-10 s                  ; No                         ; Yes                        ; 2.32 V                      ; 4.29e-09 V                  ; 2.37 V             ; -0.0215 V          ; 0.147 V                             ; 0.101 V                             ; 6.83e-10 s                 ; 6.56e-10 s                 ; No                        ; Yes                       ;
; f[35]         ; 2.5 V        ; 0 s                 ; 0 s                 ; 2.32 V                       ; 4.29e-09 V                   ; 2.38 V              ; -0.0224 V           ; 0.176 V                              ; 0.038 V                              ; 4.83e-10 s                  ; 4.81e-10 s                  ; Yes                        ; Yes                        ; 2.32 V                      ; 4.29e-09 V                  ; 2.38 V             ; -0.0224 V          ; 0.176 V                             ; 0.038 V                             ; 4.83e-10 s                 ; 4.81e-10 s                 ; Yes                       ; Yes                       ;
; f[36]         ; 2.5 V        ; 0 s                 ; 0 s                 ; 2.32 V                       ; 6.18e-09 V                   ; 2.39 V              ; -0.0371 V           ; 0.244 V                              ; 0.052 V                              ; 3.07e-10 s                  ; 3.31e-10 s                  ; No                         ; Yes                        ; 2.32 V                      ; 6.18e-09 V                  ; 2.39 V             ; -0.0371 V          ; 0.244 V                             ; 0.052 V                             ; 3.07e-10 s                 ; 3.31e-10 s                 ; No                        ; Yes                       ;
; f[37]         ; 2.5 V        ; 0 s                 ; 0 s                 ; 2.32 V                       ; 6.18e-09 V                   ; 2.39 V              ; -0.0371 V           ; 0.244 V                              ; 0.052 V                              ; 3.07e-10 s                  ; 3.31e-10 s                  ; No                         ; Yes                        ; 2.32 V                      ; 6.18e-09 V                  ; 2.39 V             ; -0.0371 V          ; 0.244 V                             ; 0.052 V                             ; 3.07e-10 s                 ; 3.31e-10 s                 ; No                        ; Yes                       ;
; f[38]         ; 2.5 V        ; 0 s                 ; 0 s                 ; 2.32 V                       ; 6.18e-09 V                   ; 2.39 V              ; -0.0371 V           ; 0.244 V                              ; 0.052 V                              ; 3.07e-10 s                  ; 3.31e-10 s                  ; No                         ; Yes                        ; 2.32 V                      ; 6.18e-09 V                  ; 2.39 V             ; -0.0371 V          ; 0.244 V                             ; 0.052 V                             ; 3.07e-10 s                 ; 3.31e-10 s                 ; No                        ; Yes                       ;
; f[39]         ; 2.5 V        ; 0 s                 ; 0 s                 ; 2.32 V                       ; 6.18e-09 V                   ; 2.39 V              ; -0.0371 V           ; 0.244 V                              ; 0.052 V                              ; 3.07e-10 s                  ; 3.31e-10 s                  ; No                         ; Yes                        ; 2.32 V                      ; 6.18e-09 V                  ; 2.39 V             ; -0.0371 V          ; 0.244 V                             ; 0.052 V                             ; 3.07e-10 s                 ; 3.31e-10 s                 ; No                        ; Yes                       ;
; f[40]         ; 2.5 V        ; 0 s                 ; 0 s                 ; 2.32 V                       ; 6.18e-09 V                   ; 2.39 V              ; -0.0371 V           ; 0.244 V                              ; 0.052 V                              ; 3.07e-10 s                  ; 3.31e-10 s                  ; No                         ; Yes                        ; 2.32 V                      ; 6.18e-09 V                  ; 2.39 V             ; -0.0371 V          ; 0.244 V                             ; 0.052 V                             ; 3.07e-10 s                 ; 3.31e-10 s                 ; No                        ; Yes                       ;
; f[41]         ; 2.5 V        ; 0 s                 ; 0 s                 ; 2.32 V                       ; 4.29e-09 V                   ; 2.37 V              ; -0.0215 V           ; 0.147 V                              ; 0.101 V                              ; 6.83e-10 s                  ; 6.56e-10 s                  ; No                         ; Yes                        ; 2.32 V                      ; 4.29e-09 V                  ; 2.37 V             ; -0.0215 V          ; 0.147 V                             ; 0.101 V                             ; 6.83e-10 s                 ; 6.56e-10 s                 ; No                        ; Yes                       ;
; f[42]         ; 2.5 V        ; 0 s                 ; 0 s                 ; 2.32 V                       ; 4.29e-09 V                   ; 2.37 V              ; -0.0215 V           ; 0.147 V                              ; 0.101 V                              ; 6.83e-10 s                  ; 6.56e-10 s                  ; No                         ; Yes                        ; 2.32 V                      ; 4.29e-09 V                  ; 2.37 V             ; -0.0215 V          ; 0.147 V                             ; 0.101 V                             ; 6.83e-10 s                 ; 6.56e-10 s                 ; No                        ; Yes                       ;
; f[43]         ; 2.5 V        ; 0 s                 ; 0 s                 ; 2.32 V                       ; 4.29e-09 V                   ; 2.37 V              ; -0.0215 V           ; 0.147 V                              ; 0.101 V                              ; 6.83e-10 s                  ; 6.56e-10 s                  ; No                         ; Yes                        ; 2.32 V                      ; 4.29e-09 V                  ; 2.37 V             ; -0.0215 V          ; 0.147 V                             ; 0.101 V                             ; 6.83e-10 s                 ; 6.56e-10 s                 ; No                        ; Yes                       ;
; f[44]         ; 2.5 V        ; 0 s                 ; 0 s                 ; 2.32 V                       ; 6.18e-09 V                   ; 2.39 V              ; -0.0371 V           ; 0.244 V                              ; 0.052 V                              ; 3.07e-10 s                  ; 3.31e-10 s                  ; No                         ; Yes                        ; 2.32 V                      ; 6.18e-09 V                  ; 2.39 V             ; -0.0371 V          ; 0.244 V                             ; 0.052 V                             ; 3.07e-10 s                 ; 3.31e-10 s                 ; No                        ; Yes                       ;
; f[45]         ; 2.5 V        ; 0 s                 ; 0 s                 ; 2.32 V                       ; 6.18e-09 V                   ; 2.39 V              ; -0.0371 V           ; 0.244 V                              ; 0.052 V                              ; 3.07e-10 s                  ; 3.31e-10 s                  ; No                         ; Yes                        ; 2.32 V                      ; 6.18e-09 V                  ; 2.39 V             ; -0.0371 V          ; 0.244 V                             ; 0.052 V                             ; 3.07e-10 s                 ; 3.31e-10 s                 ; No                        ; Yes                       ;
; f[46]         ; 2.5 V        ; 0 s                 ; 0 s                 ; 2.32 V                       ; 6.18e-09 V                   ; 2.39 V              ; -0.0371 V           ; 0.244 V                              ; 0.052 V                              ; 3.07e-10 s                  ; 3.31e-10 s                  ; No                         ; Yes                        ; 2.32 V                      ; 6.18e-09 V                  ; 2.39 V             ; -0.0371 V          ; 0.244 V                             ; 0.052 V                             ; 3.07e-10 s                 ; 3.31e-10 s                 ; No                        ; Yes                       ;
; f[47]         ; 2.5 V        ; 0 s                 ; 0 s                 ; 2.32 V                       ; 6.18e-09 V                   ; 2.39 V              ; -0.0371 V           ; 0.244 V                              ; 0.052 V                              ; 3.07e-10 s                  ; 3.31e-10 s                  ; No                         ; Yes                        ; 2.32 V                      ; 6.18e-09 V                  ; 2.39 V             ; -0.0371 V          ; 0.244 V                             ; 0.052 V                             ; 3.07e-10 s                 ; 3.31e-10 s                 ; No                        ; Yes                       ;
; f[48]         ; 2.5 V        ; 0 s                 ; 0 s                 ; 2.32 V                       ; 6.18e-09 V                   ; 2.39 V              ; -0.0371 V           ; 0.244 V                              ; 0.052 V                              ; 3.07e-10 s                  ; 3.31e-10 s                  ; No                         ; Yes                        ; 2.32 V                      ; 6.18e-09 V                  ; 2.39 V             ; -0.0371 V          ; 0.244 V                             ; 0.052 V                             ; 3.07e-10 s                 ; 3.31e-10 s                 ; No                        ; Yes                       ;
; f[49]         ; 2.5 V        ; 0 s                 ; 0 s                 ; 2.32 V                       ; 6.18e-09 V                   ; 2.39 V              ; -0.0371 V           ; 0.244 V                              ; 0.052 V                              ; 3.07e-10 s                  ; 3.31e-10 s                  ; No                         ; Yes                        ; 2.32 V                      ; 6.18e-09 V                  ; 2.39 V             ; -0.0371 V          ; 0.244 V                             ; 0.052 V                             ; 3.07e-10 s                 ; 3.31e-10 s                 ; No                        ; Yes                       ;
; f[50]         ; 2.5 V        ; 0 s                 ; 0 s                 ; 2.32 V                       ; 6.18e-09 V                   ; 2.39 V              ; -0.0371 V           ; 0.244 V                              ; 0.052 V                              ; 3.07e-10 s                  ; 3.31e-10 s                  ; No                         ; Yes                        ; 2.32 V                      ; 6.18e-09 V                  ; 2.39 V             ; -0.0371 V          ; 0.244 V                             ; 0.052 V                             ; 3.07e-10 s                 ; 3.31e-10 s                 ; No                        ; Yes                       ;
; f[51]         ; 2.5 V        ; 0 s                 ; 0 s                 ; 2.32 V                       ; 6.18e-09 V                   ; 2.39 V              ; -0.0371 V           ; 0.244 V                              ; 0.052 V                              ; 3.07e-10 s                  ; 3.31e-10 s                  ; No                         ; Yes                        ; 2.32 V                      ; 6.18e-09 V                  ; 2.39 V             ; -0.0371 V          ; 0.244 V                             ; 0.052 V                             ; 3.07e-10 s                 ; 3.31e-10 s                 ; No                        ; Yes                       ;
; f[52]         ; 2.5 V        ; 0 s                 ; 0 s                 ; 2.32 V                       ; 6.18e-09 V                   ; 2.39 V              ; -0.0371 V           ; 0.244 V                              ; 0.052 V                              ; 3.07e-10 s                  ; 3.31e-10 s                  ; No                         ; Yes                        ; 2.32 V                      ; 6.18e-09 V                  ; 2.39 V             ; -0.0371 V          ; 0.244 V                             ; 0.052 V                             ; 3.07e-10 s                 ; 3.31e-10 s                 ; No                        ; Yes                       ;
; f[53]         ; 2.5 V        ; 0 s                 ; 0 s                 ; 2.32 V                       ; 6.18e-09 V                   ; 2.39 V              ; -0.0371 V           ; 0.244 V                              ; 0.052 V                              ; 3.07e-10 s                  ; 3.31e-10 s                  ; No                         ; Yes                        ; 2.32 V                      ; 6.18e-09 V                  ; 2.39 V             ; -0.0371 V          ; 0.244 V                             ; 0.052 V                             ; 3.07e-10 s                 ; 3.31e-10 s                 ; No                        ; Yes                       ;
; f[54]         ; 2.5 V        ; 0 s                 ; 0 s                 ; 2.32 V                       ; 6.18e-09 V                   ; 2.39 V              ; -0.0371 V           ; 0.244 V                              ; 0.052 V                              ; 3.07e-10 s                  ; 3.31e-10 s                  ; No                         ; Yes                        ; 2.32 V                      ; 6.18e-09 V                  ; 2.39 V             ; -0.0371 V          ; 0.244 V                             ; 0.052 V                             ; 3.07e-10 s                 ; 3.31e-10 s                 ; No                        ; Yes                       ;
; f[55]         ; 2.5 V        ; 0 s                 ; 0 s                 ; 2.32 V                       ; 6.18e-09 V                   ; 2.39 V              ; -0.0371 V           ; 0.244 V                              ; 0.052 V                              ; 3.07e-10 s                  ; 3.31e-10 s                  ; No                         ; Yes                        ; 2.32 V                      ; 6.18e-09 V                  ; 2.39 V             ; -0.0371 V          ; 0.244 V                             ; 0.052 V                             ; 3.07e-10 s                 ; 3.31e-10 s                 ; No                        ; Yes                       ;
; f[56]         ; 2.5 V        ; 0 s                 ; 0 s                 ; 2.32 V                       ; 6.18e-09 V                   ; 2.39 V              ; -0.0371 V           ; 0.244 V                              ; 0.052 V                              ; 3.07e-10 s                  ; 3.31e-10 s                  ; No                         ; Yes                        ; 2.32 V                      ; 6.18e-09 V                  ; 2.39 V             ; -0.0371 V          ; 0.244 V                             ; 0.052 V                             ; 3.07e-10 s                 ; 3.31e-10 s                 ; No                        ; Yes                       ;
; f[57]         ; 2.5 V        ; 0 s                 ; 0 s                 ; 2.32 V                       ; 6.18e-09 V                   ; 2.39 V              ; -0.0371 V           ; 0.244 V                              ; 0.052 V                              ; 3.07e-10 s                  ; 3.31e-10 s                  ; No                         ; Yes                        ; 2.32 V                      ; 6.18e-09 V                  ; 2.39 V             ; -0.0371 V          ; 0.244 V                             ; 0.052 V                             ; 3.07e-10 s                 ; 3.31e-10 s                 ; No                        ; Yes                       ;
; f[58]         ; 2.5 V        ; 0 s                 ; 0 s                 ; 2.32 V                       ; 6.18e-09 V                   ; 2.39 V              ; -0.0371 V           ; 0.244 V                              ; 0.052 V                              ; 3.07e-10 s                  ; 3.31e-10 s                  ; No                         ; Yes                        ; 2.32 V                      ; 6.18e-09 V                  ; 2.39 V             ; -0.0371 V          ; 0.244 V                             ; 0.052 V                             ; 3.07e-10 s                 ; 3.31e-10 s                 ; No                        ; Yes                       ;
; f[59]         ; 2.5 V        ; 0 s                 ; 0 s                 ; 2.32 V                       ; 6.18e-09 V                   ; 2.39 V              ; -0.0371 V           ; 0.244 V                              ; 0.052 V                              ; 3.07e-10 s                  ; 3.31e-10 s                  ; No                         ; Yes                        ; 2.32 V                      ; 6.18e-09 V                  ; 2.39 V             ; -0.0371 V          ; 0.244 V                             ; 0.052 V                             ; 3.07e-10 s                 ; 3.31e-10 s                 ; No                        ; Yes                       ;
; f[60]         ; 2.5 V        ; 0 s                 ; 0 s                 ; 2.32 V                       ; 6.18e-09 V                   ; 2.39 V              ; -0.0371 V           ; 0.244 V                              ; 0.052 V                              ; 3.07e-10 s                  ; 3.31e-10 s                  ; No                         ; Yes                        ; 2.32 V                      ; 6.18e-09 V                  ; 2.39 V             ; -0.0371 V          ; 0.244 V                             ; 0.052 V                             ; 3.07e-10 s                 ; 3.31e-10 s                 ; No                        ; Yes                       ;
; f[61]         ; 2.5 V        ; 0 s                 ; 0 s                 ; 2.32 V                       ; 6.18e-09 V                   ; 2.39 V              ; -0.0371 V           ; 0.244 V                              ; 0.052 V                              ; 3.07e-10 s                  ; 3.31e-10 s                  ; No                         ; Yes                        ; 2.32 V                      ; 6.18e-09 V                  ; 2.39 V             ; -0.0371 V          ; 0.244 V                             ; 0.052 V                             ; 3.07e-10 s                 ; 3.31e-10 s                 ; No                        ; Yes                       ;
; f[62]         ; 2.5 V        ; 0 s                 ; 0 s                 ; 2.32 V                       ; 6.18e-09 V                   ; 2.39 V              ; -0.0371 V           ; 0.244 V                              ; 0.052 V                              ; 3.07e-10 s                  ; 3.31e-10 s                  ; No                         ; Yes                        ; 2.32 V                      ; 6.18e-09 V                  ; 2.39 V             ; -0.0371 V          ; 0.244 V                             ; 0.052 V                             ; 3.07e-10 s                 ; 3.31e-10 s                 ; No                        ; Yes                       ;
; f[63]         ; 2.5 V        ; 0 s                 ; 0 s                 ; 2.32 V                       ; 6.18e-09 V                   ; 2.39 V              ; -0.0371 V           ; 0.244 V                              ; 0.052 V                              ; 3.07e-10 s                  ; 3.31e-10 s                  ; No                         ; Yes                        ; 2.32 V                      ; 6.18e-09 V                  ; 2.39 V             ; -0.0371 V          ; 0.244 V                             ; 0.052 V                             ; 3.07e-10 s                 ; 3.31e-10 s                 ; No                        ; Yes                       ;
; ~ALTERA_DCLK~ ; 2.5 V        ; 0 s                 ; 0 s                 ; 2.32 V                       ; 3.53e-09 V                   ; 2.38 V              ; -0.0337 V           ; 0.137 V                              ; 0.057 V                              ; 4.67e-10 s                  ; 4.1e-10 s                   ; Yes                        ; Yes                        ; 2.32 V                      ; 3.53e-09 V                  ; 2.38 V             ; -0.0337 V          ; 0.137 V                             ; 0.057 V                             ; 4.67e-10 s                 ; 4.1e-10 s                  ; Yes                       ; Yes                       ;
; ~ALTERA_nCEO~ ; 2.5 V        ; 0 s                 ; 0 s                 ; 2.32 V                       ; 5.65e-09 V                   ; 2.37 V              ; -0.00886 V          ; 0.12 V                               ; 0.027 V                              ; 6.61e-10 s                  ; 7.9e-10 s                   ; No                         ; Yes                        ; 2.32 V                      ; 5.65e-09 V                  ; 2.37 V             ; -0.00886 V         ; 0.12 V                              ; 0.027 V                             ; 6.61e-10 s                 ; 7.9e-10 s                  ; No                        ; Yes                       ;
+---------------+--------------+---------------------+---------------------+------------------------------+------------------------------+---------------------+---------------------+--------------------------------------+--------------------------------------+-----------------------------+-----------------------------+----------------------------+----------------------------+-----------------------------+-----------------------------+--------------------+--------------------+-------------------------------------+-------------------------------------+----------------------------+----------------------------+---------------------------+---------------------------+


+--------------------------------------------------------------------------------------------------------------------------------------------------------------------------------------------------------------------------------------------------------------------------------------------------------------------------------------------------------------------------------------------------------------------------------------------------------------------------------------------------------------------------------------------------------------------------------------------------------------------------------------------------------------------------------------------+
; Signal Integrity Metrics (Slow 1200mv 85c Model)                                                                                                                                                                                                                                                                                                                                                                                                                                                                                                                                                                                                                                           ;
+---------------+--------------+---------------------+---------------------+------------------------------+------------------------------+---------------------+---------------------+--------------------------------------+--------------------------------------+-----------------------------+-----------------------------+----------------------------+----------------------------+-----------------------------+-----------------------------+--------------------+--------------------+-------------------------------------+-------------------------------------+----------------------------+----------------------------+---------------------------+---------------------------+
; Pin           ; I/O Standard ; Board Delay on Rise ; Board Delay on Fall ; Steady State Voh at FPGA Pin ; Steady State Vol at FPGA Pin ; Voh Max at FPGA Pin ; Vol Min at FPGA Pin ; Ringback Voltage on Rise at FPGA Pin ; Ringback Voltage on Fall at FPGA Pin ; 10-90 Rise Time at FPGA Pin ; 90-10 Fall Time at FPGA Pin ; Monotonic Rise at FPGA Pin ; Monotonic Fall at FPGA Pin ; Steady State Voh at Far-end ; Steady State Vol at Far-end ; Voh Max at Far-end ; Vol Min at Far-end ; Ringback Voltage on Rise at Far-end ; Ringback Voltage on Fall at Far-end ; 10-90 Rise Time at Far-end ; 90-10 Fall Time at Far-end ; Monotonic Rise at Far-end ; Monotonic Fall at Far-end ;
+---------------+--------------+---------------------+---------------------+------------------------------+------------------------------+---------------------+---------------------+--------------------------------------+--------------------------------------+-----------------------------+-----------------------------+----------------------------+----------------------------+-----------------------------+-----------------------------+--------------------+--------------------+-------------------------------------+-------------------------------------+----------------------------+----------------------------+---------------------------+---------------------------+
; f[0]          ; 2.5 V        ; 0 s                 ; 0 s                 ; 2.32 V                       ; 1.08e-06 V                   ; 2.36 V              ; -0.00994 V          ; 0.119 V                              ; 0.02 V                               ; 4.51e-10 s                  ; 4.45e-10 s                  ; Yes                        ; Yes                        ; 2.32 V                      ; 1.08e-06 V                  ; 2.36 V             ; -0.00994 V         ; 0.119 V                             ; 0.02 V                              ; 4.51e-10 s                 ; 4.45e-10 s                 ; Yes                       ; Yes                       ;
; f[1]          ; 2.5 V        ; 0 s                 ; 0 s                 ; 2.32 V                       ; 1.08e-06 V                   ; 2.36 V              ; -0.00994 V          ; 0.119 V                              ; 0.02 V                               ; 4.51e-10 s                  ; 4.45e-10 s                  ; Yes                        ; Yes                        ; 2.32 V                      ; 1.08e-06 V                  ; 2.36 V             ; -0.00994 V         ; 0.119 V                             ; 0.02 V                              ; 4.51e-10 s                 ; 4.45e-10 s                 ; Yes                       ; Yes                       ;
; f[2]          ; 2.5 V        ; 0 s                 ; 0 s                 ; 2.32 V                       ; 1.08e-06 V                   ; 2.36 V              ; -0.00994 V          ; 0.119 V                              ; 0.02 V                               ; 4.51e-10 s                  ; 4.45e-10 s                  ; Yes                        ; Yes                        ; 2.32 V                      ; 1.08e-06 V                  ; 2.36 V             ; -0.00994 V         ; 0.119 V                             ; 0.02 V                              ; 4.51e-10 s                 ; 4.45e-10 s                 ; Yes                       ; Yes                       ;
; f[3]          ; 2.5 V        ; 0 s                 ; 0 s                 ; 2.32 V                       ; 1.08e-06 V                   ; 2.36 V              ; -0.00994 V          ; 0.119 V                              ; 0.02 V                               ; 4.51e-10 s                  ; 4.45e-10 s                  ; Yes                        ; Yes                        ; 2.32 V                      ; 1.08e-06 V                  ; 2.36 V             ; -0.00994 V         ; 0.119 V                             ; 0.02 V                              ; 4.51e-10 s                 ; 4.45e-10 s                 ; Yes                       ; Yes                       ;
; f[4]          ; 2.5 V        ; 0 s                 ; 0 s                 ; 2.32 V                       ; 7.24e-07 V                   ; 2.35 V              ; -0.011 V            ; 0.111 V                              ; 0.035 V                              ; 7.77e-10 s                  ; 8.06e-10 s                  ; Yes                        ; Yes                        ; 2.32 V                      ; 7.24e-07 V                  ; 2.35 V             ; -0.011 V           ; 0.111 V                             ; 0.035 V                             ; 7.77e-10 s                 ; 8.06e-10 s                 ; Yes                       ; Yes                       ;
; f[5]          ; 2.5 V        ; 0 s                 ; 0 s                 ; 2.32 V                       ; 1.08e-06 V                   ; 2.36 V              ; -0.00994 V          ; 0.119 V                              ; 0.02 V                               ; 4.51e-10 s                  ; 4.45e-10 s                  ; Yes                        ; Yes                        ; 2.32 V                      ; 1.08e-06 V                  ; 2.36 V             ; -0.00994 V         ; 0.119 V                             ; 0.02 V                              ; 4.51e-10 s                 ; 4.45e-10 s                 ; Yes                       ; Yes                       ;
; f[6]          ; 2.5 V        ; 0 s                 ; 0 s                 ; 2.32 V                       ; 7.24e-07 V                   ; 2.35 V              ; -0.011 V            ; 0.111 V                              ; 0.035 V                              ; 7.77e-10 s                  ; 8.06e-10 s                  ; Yes                        ; Yes                        ; 2.32 V                      ; 7.24e-07 V                  ; 2.35 V             ; -0.011 V           ; 0.111 V                             ; 0.035 V                             ; 7.77e-10 s                 ; 8.06e-10 s                 ; Yes                       ; Yes                       ;
; f[7]          ; 2.5 V        ; 0 s                 ; 0 s                 ; 2.32 V                       ; 7.24e-07 V                   ; 2.35 V              ; -0.011 V            ; 0.111 V                              ; 0.035 V                              ; 7.77e-10 s                  ; 8.06e-10 s                  ; Yes                        ; Yes                        ; 2.32 V                      ; 7.24e-07 V                  ; 2.35 V             ; -0.011 V           ; 0.111 V                             ; 0.035 V                             ; 7.77e-10 s                 ; 8.06e-10 s                 ; Yes                       ; Yes                       ;
; f[8]          ; 2.5 V        ; 0 s                 ; 0 s                 ; 2.32 V                       ; 1.08e-06 V                   ; 2.36 V              ; -0.00994 V          ; 0.119 V                              ; 0.02 V                               ; 4.51e-10 s                  ; 4.45e-10 s                  ; Yes                        ; Yes                        ; 2.32 V                      ; 1.08e-06 V                  ; 2.36 V             ; -0.00994 V         ; 0.119 V                             ; 0.02 V                              ; 4.51e-10 s                 ; 4.45e-10 s                 ; Yes                       ; Yes                       ;
; f[9]          ; 2.5 V        ; 0 s                 ; 0 s                 ; 2.32 V                       ; 1.08e-06 V                   ; 2.36 V              ; -0.00994 V          ; 0.119 V                              ; 0.02 V                               ; 4.51e-10 s                  ; 4.45e-10 s                  ; Yes                        ; Yes                        ; 2.32 V                      ; 1.08e-06 V                  ; 2.36 V             ; -0.00994 V         ; 0.119 V                             ; 0.02 V                              ; 4.51e-10 s                 ; 4.45e-10 s                 ; Yes                       ; Yes                       ;
; f[10]         ; 2.5 V        ; 0 s                 ; 0 s                 ; 2.32 V                       ; 1.08e-06 V                   ; 2.36 V              ; -0.00994 V          ; 0.119 V                              ; 0.02 V                               ; 4.51e-10 s                  ; 4.45e-10 s                  ; Yes                        ; Yes                        ; 2.32 V                      ; 1.08e-06 V                  ; 2.36 V             ; -0.00994 V         ; 0.119 V                             ; 0.02 V                              ; 4.51e-10 s                 ; 4.45e-10 s                 ; Yes                       ; Yes                       ;
; f[11]         ; 2.5 V        ; 0 s                 ; 0 s                 ; 2.32 V                       ; 7.24e-07 V                   ; 2.35 V              ; -0.011 V            ; 0.111 V                              ; 0.035 V                              ; 7.77e-10 s                  ; 8.06e-10 s                  ; Yes                        ; Yes                        ; 2.32 V                      ; 7.24e-07 V                  ; 2.35 V             ; -0.011 V           ; 0.111 V                             ; 0.035 V                             ; 7.77e-10 s                 ; 8.06e-10 s                 ; Yes                       ; Yes                       ;
; f[12]         ; 2.5 V        ; 0 s                 ; 0 s                 ; 2.32 V                       ; 7.24e-07 V                   ; 2.35 V              ; -0.011 V            ; 0.111 V                              ; 0.035 V                              ; 7.77e-10 s                  ; 8.06e-10 s                  ; Yes                        ; Yes                        ; 2.32 V                      ; 7.24e-07 V                  ; 2.35 V             ; -0.011 V           ; 0.111 V                             ; 0.035 V                             ; 7.77e-10 s                 ; 8.06e-10 s                 ; Yes                       ; Yes                       ;
; f[13]         ; 2.5 V        ; 0 s                 ; 0 s                 ; 2.32 V                       ; 7.24e-07 V                   ; 2.35 V              ; -0.011 V            ; 0.111 V                              ; 0.035 V                              ; 7.77e-10 s                  ; 8.06e-10 s                  ; Yes                        ; Yes                        ; 2.32 V                      ; 7.24e-07 V                  ; 2.35 V             ; -0.011 V           ; 0.111 V                             ; 0.035 V                             ; 7.77e-10 s                 ; 8.06e-10 s                 ; Yes                       ; Yes                       ;
; f[14]         ; 2.5 V        ; 0 s                 ; 0 s                 ; 2.32 V                       ; 7.24e-07 V                   ; 2.33 V              ; -0.00312 V          ; 0.161 V                              ; 0.063 V                              ; 3.54e-09 s                  ; 3.41e-09 s                  ; Yes                        ; Yes                        ; 2.32 V                      ; 7.24e-07 V                  ; 2.33 V             ; -0.00312 V         ; 0.161 V                             ; 0.063 V                             ; 3.54e-09 s                 ; 3.41e-09 s                 ; Yes                       ; Yes                       ;
; f[15]         ; 2.5 V        ; 0 s                 ; 0 s                 ; 2.32 V                       ; 1.08e-06 V                   ; 2.36 V              ; -0.00994 V          ; 0.119 V                              ; 0.02 V                               ; 4.51e-10 s                  ; 4.45e-10 s                  ; Yes                        ; Yes                        ; 2.32 V                      ; 1.08e-06 V                  ; 2.36 V             ; -0.00994 V         ; 0.119 V                             ; 0.02 V                              ; 4.51e-10 s                 ; 4.45e-10 s                 ; Yes                       ; Yes                       ;
; f[16]         ; 2.5 V        ; 0 s                 ; 0 s                 ; 2.32 V                       ; 7.24e-07 V                   ; 2.35 V              ; -0.011 V            ; 0.111 V                              ; 0.035 V                              ; 7.77e-10 s                  ; 8.06e-10 s                  ; Yes                        ; Yes                        ; 2.32 V                      ; 7.24e-07 V                  ; 2.35 V             ; -0.011 V           ; 0.111 V                             ; 0.035 V                             ; 7.77e-10 s                 ; 8.06e-10 s                 ; Yes                       ; Yes                       ;
; f[17]         ; 2.5 V        ; 0 s                 ; 0 s                 ; 2.32 V                       ; 7.24e-07 V                   ; 2.35 V              ; -0.011 V            ; 0.111 V                              ; 0.035 V                              ; 7.77e-10 s                  ; 8.06e-10 s                  ; Yes                        ; Yes                        ; 2.32 V                      ; 7.24e-07 V                  ; 2.35 V             ; -0.011 V           ; 0.111 V                             ; 0.035 V                             ; 7.77e-10 s                 ; 8.06e-10 s                 ; Yes                       ; Yes                       ;
; f[18]         ; 2.5 V        ; 0 s                 ; 0 s                 ; 2.32 V                       ; 1.08e-06 V                   ; 2.36 V              ; -0.00994 V          ; 0.119 V                              ; 0.02 V                               ; 4.51e-10 s                  ; 4.45e-10 s                  ; Yes                        ; Yes                        ; 2.32 V                      ; 1.08e-06 V                  ; 2.36 V             ; -0.00994 V         ; 0.119 V                             ; 0.02 V                              ; 4.51e-10 s                 ; 4.45e-10 s                 ; Yes                       ; Yes                       ;
; f[19]         ; 2.5 V        ; 0 s                 ; 0 s                 ; 2.32 V                       ; 1.08e-06 V                   ; 2.36 V              ; -0.00994 V          ; 0.119 V                              ; 0.02 V                               ; 4.51e-10 s                  ; 4.45e-10 s                  ; Yes                        ; Yes                        ; 2.32 V                      ; 1.08e-06 V                  ; 2.36 V             ; -0.00994 V         ; 0.119 V                             ; 0.02 V                              ; 4.51e-10 s                 ; 4.45e-10 s                 ; Yes                       ; Yes                       ;
; f[20]         ; 2.5 V        ; 0 s                 ; 0 s                 ; 2.32 V                       ; 7.24e-07 V                   ; 2.35 V              ; -0.011 V            ; 0.111 V                              ; 0.035 V                              ; 7.77e-10 s                  ; 8.06e-10 s                  ; Yes                        ; Yes                        ; 2.32 V                      ; 7.24e-07 V                  ; 2.35 V             ; -0.011 V           ; 0.111 V                             ; 0.035 V                             ; 7.77e-10 s                 ; 8.06e-10 s                 ; Yes                       ; Yes                       ;
; f[21]         ; 2.5 V        ; 0 s                 ; 0 s                 ; 2.32 V                       ; 1.08e-06 V                   ; 2.36 V              ; -0.00994 V          ; 0.119 V                              ; 0.02 V                               ; 4.51e-10 s                  ; 4.45e-10 s                  ; Yes                        ; Yes                        ; 2.32 V                      ; 1.08e-06 V                  ; 2.36 V             ; -0.00994 V         ; 0.119 V                             ; 0.02 V                              ; 4.51e-10 s                 ; 4.45e-10 s                 ; Yes                       ; Yes                       ;
; f[22]         ; 2.5 V        ; 0 s                 ; 0 s                 ; 2.32 V                       ; 1.08e-06 V                   ; 2.36 V              ; -0.00994 V          ; 0.119 V                              ; 0.02 V                               ; 4.51e-10 s                  ; 4.45e-10 s                  ; Yes                        ; Yes                        ; 2.32 V                      ; 1.08e-06 V                  ; 2.36 V             ; -0.00994 V         ; 0.119 V                             ; 0.02 V                              ; 4.51e-10 s                 ; 4.45e-10 s                 ; Yes                       ; Yes                       ;
; f[23]         ; 2.5 V        ; 0 s                 ; 0 s                 ; 2.32 V                       ; 7.24e-07 V                   ; 2.35 V              ; -0.011 V            ; 0.111 V                              ; 0.035 V                              ; 7.77e-10 s                  ; 8.06e-10 s                  ; Yes                        ; Yes                        ; 2.32 V                      ; 7.24e-07 V                  ; 2.35 V             ; -0.011 V           ; 0.111 V                             ; 0.035 V                             ; 7.77e-10 s                 ; 8.06e-10 s                 ; Yes                       ; Yes                       ;
; f[24]         ; 2.5 V        ; 0 s                 ; 0 s                 ; 2.32 V                       ; 1.08e-06 V                   ; 2.36 V              ; -0.00994 V          ; 0.119 V                              ; 0.02 V                               ; 4.51e-10 s                  ; 4.45e-10 s                  ; Yes                        ; Yes                        ; 2.32 V                      ; 1.08e-06 V                  ; 2.36 V             ; -0.00994 V         ; 0.119 V                             ; 0.02 V                              ; 4.51e-10 s                 ; 4.45e-10 s                 ; Yes                       ; Yes                       ;
; f[25]         ; 2.5 V        ; 0 s                 ; 0 s                 ; 2.32 V                       ; 1.08e-06 V                   ; 2.36 V              ; -0.00994 V          ; 0.119 V                              ; 0.02 V                               ; 4.51e-10 s                  ; 4.45e-10 s                  ; Yes                        ; Yes                        ; 2.32 V                      ; 1.08e-06 V                  ; 2.36 V             ; -0.00994 V         ; 0.119 V                             ; 0.02 V                              ; 4.51e-10 s                 ; 4.45e-10 s                 ; Yes                       ; Yes                       ;
; f[26]         ; 2.5 V        ; 0 s                 ; 0 s                 ; 2.32 V                       ; 1.08e-06 V                   ; 2.33 V              ; -0.00336 V          ; 0.17 V                               ; 0.085 V                              ; 3.33e-09 s                  ; 3.24e-09 s                  ; Yes                        ; Yes                        ; 2.32 V                      ; 1.08e-06 V                  ; 2.33 V             ; -0.00336 V         ; 0.17 V                              ; 0.085 V                             ; 3.33e-09 s                 ; 3.24e-09 s                 ; Yes                       ; Yes                       ;
; f[27]         ; 2.5 V        ; 0 s                 ; 0 s                 ; 2.32 V                       ; 7.24e-07 V                   ; 2.35 V              ; -0.00975 V          ; 0.111 V                              ; 0.027 V                              ; 6.46e-10 s                  ; 6.19e-10 s                  ; Yes                        ; Yes                        ; 2.32 V                      ; 7.24e-07 V                  ; 2.35 V             ; -0.00975 V         ; 0.111 V                             ; 0.027 V                             ; 6.46e-10 s                 ; 6.19e-10 s                 ; Yes                       ; Yes                       ;
; f[28]         ; 2.5 V        ; 0 s                 ; 0 s                 ; 2.32 V                       ; 1.08e-06 V                   ; 2.36 V              ; -0.00994 V          ; 0.119 V                              ; 0.02 V                               ; 4.51e-10 s                  ; 4.45e-10 s                  ; Yes                        ; Yes                        ; 2.32 V                      ; 1.08e-06 V                  ; 2.36 V             ; -0.00994 V         ; 0.119 V                             ; 0.02 V                              ; 4.51e-10 s                 ; 4.45e-10 s                 ; Yes                       ; Yes                       ;
; f[29]         ; 2.5 V        ; 0 s                 ; 0 s                 ; 2.32 V                       ; 7.24e-07 V                   ; 2.35 V              ; -0.011 V            ; 0.111 V                              ; 0.035 V                              ; 7.77e-10 s                  ; 8.06e-10 s                  ; Yes                        ; Yes                        ; 2.32 V                      ; 7.24e-07 V                  ; 2.35 V             ; -0.011 V           ; 0.111 V                             ; 0.035 V                             ; 7.77e-10 s                 ; 8.06e-10 s                 ; Yes                       ; Yes                       ;
; f[30]         ; 2.5 V        ; 0 s                 ; 0 s                 ; 2.32 V                       ; 7.24e-07 V                   ; 2.33 V              ; -0.00312 V          ; 0.161 V                              ; 0.063 V                              ; 3.54e-09 s                  ; 3.41e-09 s                  ; Yes                        ; Yes                        ; 2.32 V                      ; 7.24e-07 V                  ; 2.33 V             ; -0.00312 V         ; 0.161 V                             ; 0.063 V                             ; 3.54e-09 s                 ; 3.41e-09 s                 ; Yes                       ; Yes                       ;
; f[31]         ; 2.5 V        ; 0 s                 ; 0 s                 ; 2.32 V                       ; 7.24e-07 V                   ; 2.35 V              ; -0.011 V            ; 0.111 V                              ; 0.035 V                              ; 7.77e-10 s                  ; 8.06e-10 s                  ; Yes                        ; Yes                        ; 2.32 V                      ; 7.24e-07 V                  ; 2.35 V             ; -0.011 V           ; 0.111 V                             ; 0.035 V                             ; 7.77e-10 s                 ; 8.06e-10 s                 ; Yes                       ; Yes                       ;
; f[32]         ; 2.5 V        ; 0 s                 ; 0 s                 ; 2.32 V                       ; 7.24e-07 V                   ; 2.35 V              ; -0.011 V            ; 0.111 V                              ; 0.035 V                              ; 7.77e-10 s                  ; 8.06e-10 s                  ; Yes                        ; Yes                        ; 2.32 V                      ; 7.24e-07 V                  ; 2.35 V             ; -0.011 V           ; 0.111 V                             ; 0.035 V                             ; 7.77e-10 s                 ; 8.06e-10 s                 ; Yes                       ; Yes                       ;
; f[33]         ; 2.5 V        ; 0 s                 ; 0 s                 ; 2.32 V                       ; 7.24e-07 V                   ; 2.35 V              ; -0.011 V            ; 0.111 V                              ; 0.035 V                              ; 7.77e-10 s                  ; 8.06e-10 s                  ; Yes                        ; Yes                        ; 2.32 V                      ; 7.24e-07 V                  ; 2.35 V             ; -0.011 V           ; 0.111 V                             ; 0.035 V                             ; 7.77e-10 s                 ; 8.06e-10 s                 ; Yes                       ; Yes                       ;
; f[34]         ; 2.5 V        ; 0 s                 ; 0 s                 ; 2.32 V                       ; 7.24e-07 V                   ; 2.35 V              ; -0.011 V            ; 0.111 V                              ; 0.035 V                              ; 7.77e-10 s                  ; 8.06e-10 s                  ; Yes                        ; Yes                        ; 2.32 V                      ; 7.24e-07 V                  ; 2.35 V             ; -0.011 V           ; 0.111 V                             ; 0.035 V                             ; 7.77e-10 s                 ; 8.06e-10 s                 ; Yes                       ; Yes                       ;
; f[35]         ; 2.5 V        ; 0 s                 ; 0 s                 ; 2.32 V                       ; 7.24e-07 V                   ; 2.35 V              ; -0.00975 V          ; 0.111 V                              ; 0.027 V                              ; 6.46e-10 s                  ; 6.19e-10 s                  ; Yes                        ; Yes                        ; 2.32 V                      ; 7.24e-07 V                  ; 2.35 V             ; -0.00975 V         ; 0.111 V                             ; 0.027 V                             ; 6.46e-10 s                 ; 6.19e-10 s                 ; Yes                       ; Yes                       ;
; f[36]         ; 2.5 V        ; 0 s                 ; 0 s                 ; 2.32 V                       ; 1.08e-06 V                   ; 2.36 V              ; -0.00994 V          ; 0.119 V                              ; 0.02 V                               ; 4.51e-10 s                  ; 4.45e-10 s                  ; Yes                        ; Yes                        ; 2.32 V                      ; 1.08e-06 V                  ; 2.36 V             ; -0.00994 V         ; 0.119 V                             ; 0.02 V                              ; 4.51e-10 s                 ; 4.45e-10 s                 ; Yes                       ; Yes                       ;
; f[37]         ; 2.5 V        ; 0 s                 ; 0 s                 ; 2.32 V                       ; 1.08e-06 V                   ; 2.36 V              ; -0.00994 V          ; 0.119 V                              ; 0.02 V                               ; 4.51e-10 s                  ; 4.45e-10 s                  ; Yes                        ; Yes                        ; 2.32 V                      ; 1.08e-06 V                  ; 2.36 V             ; -0.00994 V         ; 0.119 V                             ; 0.02 V                              ; 4.51e-10 s                 ; 4.45e-10 s                 ; Yes                       ; Yes                       ;
; f[38]         ; 2.5 V        ; 0 s                 ; 0 s                 ; 2.32 V                       ; 1.08e-06 V                   ; 2.36 V              ; -0.00994 V          ; 0.119 V                              ; 0.02 V                               ; 4.51e-10 s                  ; 4.45e-10 s                  ; Yes                        ; Yes                        ; 2.32 V                      ; 1.08e-06 V                  ; 2.36 V             ; -0.00994 V         ; 0.119 V                             ; 0.02 V                              ; 4.51e-10 s                 ; 4.45e-10 s                 ; Yes                       ; Yes                       ;
; f[39]         ; 2.5 V        ; 0 s                 ; 0 s                 ; 2.32 V                       ; 1.08e-06 V                   ; 2.36 V              ; -0.00994 V          ; 0.119 V                              ; 0.02 V                               ; 4.51e-10 s                  ; 4.45e-10 s                  ; Yes                        ; Yes                        ; 2.32 V                      ; 1.08e-06 V                  ; 2.36 V             ; -0.00994 V         ; 0.119 V                             ; 0.02 V                              ; 4.51e-10 s                 ; 4.45e-10 s                 ; Yes                       ; Yes                       ;
; f[40]         ; 2.5 V        ; 0 s                 ; 0 s                 ; 2.32 V                       ; 1.08e-06 V                   ; 2.36 V              ; -0.00994 V          ; 0.119 V                              ; 0.02 V                               ; 4.51e-10 s                  ; 4.45e-10 s                  ; Yes                        ; Yes                        ; 2.32 V                      ; 1.08e-06 V                  ; 2.36 V             ; -0.00994 V         ; 0.119 V                             ; 0.02 V                              ; 4.51e-10 s                 ; 4.45e-10 s                 ; Yes                       ; Yes                       ;
; f[41]         ; 2.5 V        ; 0 s                 ; 0 s                 ; 2.32 V                       ; 7.24e-07 V                   ; 2.35 V              ; -0.011 V            ; 0.111 V                              ; 0.035 V                              ; 7.77e-10 s                  ; 8.06e-10 s                  ; Yes                        ; Yes                        ; 2.32 V                      ; 7.24e-07 V                  ; 2.35 V             ; -0.011 V           ; 0.111 V                             ; 0.035 V                             ; 7.77e-10 s                 ; 8.06e-10 s                 ; Yes                       ; Yes                       ;
; f[42]         ; 2.5 V        ; 0 s                 ; 0 s                 ; 2.32 V                       ; 7.24e-07 V                   ; 2.35 V              ; -0.011 V            ; 0.111 V                              ; 0.035 V                              ; 7.77e-10 s                  ; 8.06e-10 s                  ; Yes                        ; Yes                        ; 2.32 V                      ; 7.24e-07 V                  ; 2.35 V             ; -0.011 V           ; 0.111 V                             ; 0.035 V                             ; 7.77e-10 s                 ; 8.06e-10 s                 ; Yes                       ; Yes                       ;
; f[43]         ; 2.5 V        ; 0 s                 ; 0 s                 ; 2.32 V                       ; 7.24e-07 V                   ; 2.35 V              ; -0.011 V            ; 0.111 V                              ; 0.035 V                              ; 7.77e-10 s                  ; 8.06e-10 s                  ; Yes                        ; Yes                        ; 2.32 V                      ; 7.24e-07 V                  ; 2.35 V             ; -0.011 V           ; 0.111 V                             ; 0.035 V                             ; 7.77e-10 s                 ; 8.06e-10 s                 ; Yes                       ; Yes                       ;
; f[44]         ; 2.5 V        ; 0 s                 ; 0 s                 ; 2.32 V                       ; 1.08e-06 V                   ; 2.36 V              ; -0.00994 V          ; 0.119 V                              ; 0.02 V                               ; 4.51e-10 s                  ; 4.45e-10 s                  ; Yes                        ; Yes                        ; 2.32 V                      ; 1.08e-06 V                  ; 2.36 V             ; -0.00994 V         ; 0.119 V                             ; 0.02 V                              ; 4.51e-10 s                 ; 4.45e-10 s                 ; Yes                       ; Yes                       ;
; f[45]         ; 2.5 V        ; 0 s                 ; 0 s                 ; 2.32 V                       ; 1.08e-06 V                   ; 2.36 V              ; -0.00994 V          ; 0.119 V                              ; 0.02 V                               ; 4.51e-10 s                  ; 4.45e-10 s                  ; Yes                        ; Yes                        ; 2.32 V                      ; 1.08e-06 V                  ; 2.36 V             ; -0.00994 V         ; 0.119 V                             ; 0.02 V                              ; 4.51e-10 s                 ; 4.45e-10 s                 ; Yes                       ; Yes                       ;
; f[46]         ; 2.5 V        ; 0 s                 ; 0 s                 ; 2.32 V                       ; 1.08e-06 V                   ; 2.36 V              ; -0.00994 V          ; 0.119 V                              ; 0.02 V                               ; 4.51e-10 s                  ; 4.45e-10 s                  ; Yes                        ; Yes                        ; 2.32 V                      ; 1.08e-06 V                  ; 2.36 V             ; -0.00994 V         ; 0.119 V                             ; 0.02 V                              ; 4.51e-10 s                 ; 4.45e-10 s                 ; Yes                       ; Yes                       ;
; f[47]         ; 2.5 V        ; 0 s                 ; 0 s                 ; 2.32 V                       ; 1.08e-06 V                   ; 2.36 V              ; -0.00994 V          ; 0.119 V                              ; 0.02 V                               ; 4.51e-10 s                  ; 4.45e-10 s                  ; Yes                        ; Yes                        ; 2.32 V                      ; 1.08e-06 V                  ; 2.36 V             ; -0.00994 V         ; 0.119 V                             ; 0.02 V                              ; 4.51e-10 s                 ; 4.45e-10 s                 ; Yes                       ; Yes                       ;
; f[48]         ; 2.5 V        ; 0 s                 ; 0 s                 ; 2.32 V                       ; 1.08e-06 V                   ; 2.36 V              ; -0.00994 V          ; 0.119 V                              ; 0.02 V                               ; 4.51e-10 s                  ; 4.45e-10 s                  ; Yes                        ; Yes                        ; 2.32 V                      ; 1.08e-06 V                  ; 2.36 V             ; -0.00994 V         ; 0.119 V                             ; 0.02 V                              ; 4.51e-10 s                 ; 4.45e-10 s                 ; Yes                       ; Yes                       ;
; f[49]         ; 2.5 V        ; 0 s                 ; 0 s                 ; 2.32 V                       ; 1.08e-06 V                   ; 2.36 V              ; -0.00994 V          ; 0.119 V                              ; 0.02 V                               ; 4.51e-10 s                  ; 4.45e-10 s                  ; Yes                        ; Yes                        ; 2.32 V                      ; 1.08e-06 V                  ; 2.36 V             ; -0.00994 V         ; 0.119 V                             ; 0.02 V                              ; 4.51e-10 s                 ; 4.45e-10 s                 ; Yes                       ; Yes                       ;
; f[50]         ; 2.5 V        ; 0 s                 ; 0 s                 ; 2.32 V                       ; 1.08e-06 V                   ; 2.36 V              ; -0.00994 V          ; 0.119 V                              ; 0.02 V                               ; 4.51e-10 s                  ; 4.45e-10 s                  ; Yes                        ; Yes                        ; 2.32 V                      ; 1.08e-06 V                  ; 2.36 V             ; -0.00994 V         ; 0.119 V                             ; 0.02 V                              ; 4.51e-10 s                 ; 4.45e-10 s                 ; Yes                       ; Yes                       ;
; f[51]         ; 2.5 V        ; 0 s                 ; 0 s                 ; 2.32 V                       ; 1.08e-06 V                   ; 2.36 V              ; -0.00994 V          ; 0.119 V                              ; 0.02 V                               ; 4.51e-10 s                  ; 4.45e-10 s                  ; Yes                        ; Yes                        ; 2.32 V                      ; 1.08e-06 V                  ; 2.36 V             ; -0.00994 V         ; 0.119 V                             ; 0.02 V                              ; 4.51e-10 s                 ; 4.45e-10 s                 ; Yes                       ; Yes                       ;
; f[52]         ; 2.5 V        ; 0 s                 ; 0 s                 ; 2.32 V                       ; 1.08e-06 V                   ; 2.36 V              ; -0.00994 V          ; 0.119 V                              ; 0.02 V                               ; 4.51e-10 s                  ; 4.45e-10 s                  ; Yes                        ; Yes                        ; 2.32 V                      ; 1.08e-06 V                  ; 2.36 V             ; -0.00994 V         ; 0.119 V                             ; 0.02 V                              ; 4.51e-10 s                 ; 4.45e-10 s                 ; Yes                       ; Yes                       ;
; f[53]         ; 2.5 V        ; 0 s                 ; 0 s                 ; 2.32 V                       ; 1.08e-06 V                   ; 2.36 V              ; -0.00994 V          ; 0.119 V                              ; 0.02 V                               ; 4.51e-10 s                  ; 4.45e-10 s                  ; Yes                        ; Yes                        ; 2.32 V                      ; 1.08e-06 V                  ; 2.36 V             ; -0.00994 V         ; 0.119 V                             ; 0.02 V                              ; 4.51e-10 s                 ; 4.45e-10 s                 ; Yes                       ; Yes                       ;
; f[54]         ; 2.5 V        ; 0 s                 ; 0 s                 ; 2.32 V                       ; 1.08e-06 V                   ; 2.36 V              ; -0.00994 V          ; 0.119 V                              ; 0.02 V                               ; 4.51e-10 s                  ; 4.45e-10 s                  ; Yes                        ; Yes                        ; 2.32 V                      ; 1.08e-06 V                  ; 2.36 V             ; -0.00994 V         ; 0.119 V                             ; 0.02 V                              ; 4.51e-10 s                 ; 4.45e-10 s                 ; Yes                       ; Yes                       ;
; f[55]         ; 2.5 V        ; 0 s                 ; 0 s                 ; 2.32 V                       ; 1.08e-06 V                   ; 2.36 V              ; -0.00994 V          ; 0.119 V                              ; 0.02 V                               ; 4.51e-10 s                  ; 4.45e-10 s                  ; Yes                        ; Yes                        ; 2.32 V                      ; 1.08e-06 V                  ; 2.36 V             ; -0.00994 V         ; 0.119 V                             ; 0.02 V                              ; 4.51e-10 s                 ; 4.45e-10 s                 ; Yes                       ; Yes                       ;
; f[56]         ; 2.5 V        ; 0 s                 ; 0 s                 ; 2.32 V                       ; 1.08e-06 V                   ; 2.36 V              ; -0.00994 V          ; 0.119 V                              ; 0.02 V                               ; 4.51e-10 s                  ; 4.45e-10 s                  ; Yes                        ; Yes                        ; 2.32 V                      ; 1.08e-06 V                  ; 2.36 V             ; -0.00994 V         ; 0.119 V                             ; 0.02 V                              ; 4.51e-10 s                 ; 4.45e-10 s                 ; Yes                       ; Yes                       ;
; f[57]         ; 2.5 V        ; 0 s                 ; 0 s                 ; 2.32 V                       ; 1.08e-06 V                   ; 2.36 V              ; -0.00994 V          ; 0.119 V                              ; 0.02 V                               ; 4.51e-10 s                  ; 4.45e-10 s                  ; Yes                        ; Yes                        ; 2.32 V                      ; 1.08e-06 V                  ; 2.36 V             ; -0.00994 V         ; 0.119 V                             ; 0.02 V                              ; 4.51e-10 s                 ; 4.45e-10 s                 ; Yes                       ; Yes                       ;
; f[58]         ; 2.5 V        ; 0 s                 ; 0 s                 ; 2.32 V                       ; 1.08e-06 V                   ; 2.36 V              ; -0.00994 V          ; 0.119 V                              ; 0.02 V                               ; 4.51e-10 s                  ; 4.45e-10 s                  ; Yes                        ; Yes                        ; 2.32 V                      ; 1.08e-06 V                  ; 2.36 V             ; -0.00994 V         ; 0.119 V                             ; 0.02 V                              ; 4.51e-10 s                 ; 4.45e-10 s                 ; Yes                       ; Yes                       ;
; f[59]         ; 2.5 V        ; 0 s                 ; 0 s                 ; 2.32 V                       ; 1.08e-06 V                   ; 2.36 V              ; -0.00994 V          ; 0.119 V                              ; 0.02 V                               ; 4.51e-10 s                  ; 4.45e-10 s                  ; Yes                        ; Yes                        ; 2.32 V                      ; 1.08e-06 V                  ; 2.36 V             ; -0.00994 V         ; 0.119 V                             ; 0.02 V                              ; 4.51e-10 s                 ; 4.45e-10 s                 ; Yes                       ; Yes                       ;
; f[60]         ; 2.5 V        ; 0 s                 ; 0 s                 ; 2.32 V                       ; 1.08e-06 V                   ; 2.36 V              ; -0.00994 V          ; 0.119 V                              ; 0.02 V                               ; 4.51e-10 s                  ; 4.45e-10 s                  ; Yes                        ; Yes                        ; 2.32 V                      ; 1.08e-06 V                  ; 2.36 V             ; -0.00994 V         ; 0.119 V                             ; 0.02 V                              ; 4.51e-10 s                 ; 4.45e-10 s                 ; Yes                       ; Yes                       ;
; f[61]         ; 2.5 V        ; 0 s                 ; 0 s                 ; 2.32 V                       ; 1.08e-06 V                   ; 2.36 V              ; -0.00994 V          ; 0.119 V                              ; 0.02 V                               ; 4.51e-10 s                  ; 4.45e-10 s                  ; Yes                        ; Yes                        ; 2.32 V                      ; 1.08e-06 V                  ; 2.36 V             ; -0.00994 V         ; 0.119 V                             ; 0.02 V                              ; 4.51e-10 s                 ; 4.45e-10 s                 ; Yes                       ; Yes                       ;
; f[62]         ; 2.5 V        ; 0 s                 ; 0 s                 ; 2.32 V                       ; 1.08e-06 V                   ; 2.36 V              ; -0.00994 V          ; 0.119 V                              ; 0.02 V                               ; 4.51e-10 s                  ; 4.45e-10 s                  ; Yes                        ; Yes                        ; 2.32 V                      ; 1.08e-06 V                  ; 2.36 V             ; -0.00994 V         ; 0.119 V                             ; 0.02 V                              ; 4.51e-10 s                 ; 4.45e-10 s                 ; Yes                       ; Yes                       ;
; f[63]         ; 2.5 V        ; 0 s                 ; 0 s                 ; 2.32 V                       ; 1.08e-06 V                   ; 2.36 V              ; -0.00994 V          ; 0.119 V                              ; 0.02 V                               ; 4.51e-10 s                  ; 4.45e-10 s                  ; Yes                        ; Yes                        ; 2.32 V                      ; 1.08e-06 V                  ; 2.36 V             ; -0.00994 V         ; 0.119 V                             ; 0.02 V                              ; 4.51e-10 s                 ; 4.45e-10 s                 ; Yes                       ; Yes                       ;
; ~ALTERA_DCLK~ ; 2.5 V        ; 0 s                 ; 0 s                 ; 2.32 V                       ; 5.67e-07 V                   ; 2.35 V              ; -0.0121 V           ; 0.081 V                              ; 0.025 V                              ; 5.28e-10 s                  ; 4.82e-10 s                  ; Yes                        ; Yes                        ; 2.32 V                      ; 5.67e-07 V                  ; 2.35 V             ; -0.0121 V          ; 0.081 V                             ; 0.025 V                             ; 5.28e-10 s                 ; 4.82e-10 s                 ; Yes                       ; Yes                       ;
; ~ALTERA_nCEO~ ; 2.5 V        ; 0 s                 ; 0 s                 ; 2.32 V                       ; 9.35e-07 V                   ; 2.35 V              ; -0.00478 V          ; 0.185 V                              ; 0.019 V                              ; 7.22e-10 s                  ; 9.86e-10 s                  ; Yes                        ; Yes                        ; 2.32 V                      ; 9.35e-07 V                  ; 2.35 V             ; -0.00478 V         ; 0.185 V                             ; 0.019 V                             ; 7.22e-10 s                 ; 9.86e-10 s                 ; Yes                       ; Yes                       ;
+---------------+--------------+---------------------+---------------------+------------------------------+------------------------------+---------------------+---------------------+--------------------------------------+--------------------------------------+-----------------------------+-----------------------------+----------------------------+----------------------------+-----------------------------+-----------------------------+--------------------+--------------------+-------------------------------------+-------------------------------------+----------------------------+----------------------------+---------------------------+---------------------------+


+--------------------------------------------------------------------------------------------------------------------------------------------------------------------------------------------------------------------------------------------------------------------------------------------------------------------------------------------------------------------------------------------------------------------------------------------------------------------------------------------------------------------------------------------------------------------------------------------------------------------------------------------------------------------------------------------+
; Signal Integrity Metrics (Fast 1200mv 0c Model)                                                                                                                                                                                                                                                                                                                                                                                                                                                                                                                                                                                                                                            ;
+---------------+--------------+---------------------+---------------------+------------------------------+------------------------------+---------------------+---------------------+--------------------------------------+--------------------------------------+-----------------------------+-----------------------------+----------------------------+----------------------------+-----------------------------+-----------------------------+--------------------+--------------------+-------------------------------------+-------------------------------------+----------------------------+----------------------------+---------------------------+---------------------------+
; Pin           ; I/O Standard ; Board Delay on Rise ; Board Delay on Fall ; Steady State Voh at FPGA Pin ; Steady State Vol at FPGA Pin ; Voh Max at FPGA Pin ; Vol Min at FPGA Pin ; Ringback Voltage on Rise at FPGA Pin ; Ringback Voltage on Fall at FPGA Pin ; 10-90 Rise Time at FPGA Pin ; 90-10 Fall Time at FPGA Pin ; Monotonic Rise at FPGA Pin ; Monotonic Fall at FPGA Pin ; Steady State Voh at Far-end ; Steady State Vol at Far-end ; Voh Max at Far-end ; Vol Min at Far-end ; Ringback Voltage on Rise at Far-end ; Ringback Voltage on Fall at Far-end ; 10-90 Rise Time at Far-end ; 90-10 Fall Time at Far-end ; Monotonic Rise at Far-end ; Monotonic Fall at Far-end ;
+---------------+--------------+---------------------+---------------------+------------------------------+------------------------------+---------------------+---------------------+--------------------------------------+--------------------------------------+-----------------------------+-----------------------------+----------------------------+----------------------------+-----------------------------+-----------------------------+--------------------+--------------------+-------------------------------------+-------------------------------------+----------------------------+----------------------------+---------------------------+---------------------------+
; f[0]          ; 2.5 V        ; 0 s                 ; 0 s                 ; 2.62 V                       ; 4.11e-08 V                   ; 2.72 V              ; -0.0549 V           ; 0.19 V                               ; 0.12 V                               ; 2.69e-10 s                  ; 2.76e-10 s                  ; Yes                        ; Yes                        ; 2.62 V                      ; 4.11e-08 V                  ; 2.72 V             ; -0.0549 V          ; 0.19 V                              ; 0.12 V                              ; 2.69e-10 s                 ; 2.76e-10 s                 ; Yes                       ; Yes                       ;
; f[1]          ; 2.5 V        ; 0 s                 ; 0 s                 ; 2.62 V                       ; 4.11e-08 V                   ; 2.72 V              ; -0.0549 V           ; 0.19 V                               ; 0.12 V                               ; 2.69e-10 s                  ; 2.76e-10 s                  ; Yes                        ; Yes                        ; 2.62 V                      ; 4.11e-08 V                  ; 2.72 V             ; -0.0549 V          ; 0.19 V                              ; 0.12 V                              ; 2.69e-10 s                 ; 2.76e-10 s                 ; Yes                       ; Yes                       ;
; f[2]          ; 2.5 V        ; 0 s                 ; 0 s                 ; 2.62 V                       ; 4.11e-08 V                   ; 2.72 V              ; -0.0549 V           ; 0.19 V                               ; 0.12 V                               ; 2.69e-10 s                  ; 2.76e-10 s                  ; Yes                        ; Yes                        ; 2.62 V                      ; 4.11e-08 V                  ; 2.72 V             ; -0.0549 V          ; 0.19 V                              ; 0.12 V                              ; 2.69e-10 s                 ; 2.76e-10 s                 ; Yes                       ; Yes                       ;
; f[3]          ; 2.5 V        ; 0 s                 ; 0 s                 ; 2.62 V                       ; 4.11e-08 V                   ; 2.72 V              ; -0.0549 V           ; 0.19 V                               ; 0.12 V                               ; 2.69e-10 s                  ; 2.76e-10 s                  ; Yes                        ; Yes                        ; 2.62 V                      ; 4.11e-08 V                  ; 2.72 V             ; -0.0549 V          ; 0.19 V                              ; 0.12 V                              ; 2.69e-10 s                 ; 2.76e-10 s                 ; Yes                       ; Yes                       ;
; f[4]          ; 2.5 V        ; 0 s                 ; 0 s                 ; 2.62 V                       ; 2.78e-08 V                   ; 2.71 V              ; -0.0338 V           ; 0.25 V                               ; 0.066 V                              ; 4.98e-10 s                  ; 5.2e-10 s                   ; No                         ; Yes                        ; 2.62 V                      ; 2.78e-08 V                  ; 2.71 V             ; -0.0338 V          ; 0.25 V                              ; 0.066 V                             ; 4.98e-10 s                 ; 5.2e-10 s                  ; No                        ; Yes                       ;
; f[5]          ; 2.5 V        ; 0 s                 ; 0 s                 ; 2.62 V                       ; 4.11e-08 V                   ; 2.72 V              ; -0.0549 V           ; 0.19 V                               ; 0.12 V                               ; 2.69e-10 s                  ; 2.76e-10 s                  ; Yes                        ; Yes                        ; 2.62 V                      ; 4.11e-08 V                  ; 2.72 V             ; -0.0549 V          ; 0.19 V                              ; 0.12 V                              ; 2.69e-10 s                 ; 2.76e-10 s                 ; Yes                       ; Yes                       ;
; f[6]          ; 2.5 V        ; 0 s                 ; 0 s                 ; 2.62 V                       ; 2.78e-08 V                   ; 2.71 V              ; -0.0338 V           ; 0.25 V                               ; 0.066 V                              ; 4.98e-10 s                  ; 5.2e-10 s                   ; No                         ; Yes                        ; 2.62 V                      ; 2.78e-08 V                  ; 2.71 V             ; -0.0338 V          ; 0.25 V                              ; 0.066 V                             ; 4.98e-10 s                 ; 5.2e-10 s                  ; No                        ; Yes                       ;
; f[7]          ; 2.5 V        ; 0 s                 ; 0 s                 ; 2.62 V                       ; 2.78e-08 V                   ; 2.71 V              ; -0.0338 V           ; 0.25 V                               ; 0.066 V                              ; 4.98e-10 s                  ; 5.2e-10 s                   ; No                         ; Yes                        ; 2.62 V                      ; 2.78e-08 V                  ; 2.71 V             ; -0.0338 V          ; 0.25 V                              ; 0.066 V                             ; 4.98e-10 s                 ; 5.2e-10 s                  ; No                        ; Yes                       ;
; f[8]          ; 2.5 V        ; 0 s                 ; 0 s                 ; 2.62 V                       ; 4.11e-08 V                   ; 2.72 V              ; -0.0549 V           ; 0.19 V                               ; 0.12 V                               ; 2.69e-10 s                  ; 2.76e-10 s                  ; Yes                        ; Yes                        ; 2.62 V                      ; 4.11e-08 V                  ; 2.72 V             ; -0.0549 V          ; 0.19 V                              ; 0.12 V                              ; 2.69e-10 s                 ; 2.76e-10 s                 ; Yes                       ; Yes                       ;
; f[9]          ; 2.5 V        ; 0 s                 ; 0 s                 ; 2.62 V                       ; 4.11e-08 V                   ; 2.72 V              ; -0.0549 V           ; 0.19 V                               ; 0.12 V                               ; 2.69e-10 s                  ; 2.76e-10 s                  ; Yes                        ; Yes                        ; 2.62 V                      ; 4.11e-08 V                  ; 2.72 V             ; -0.0549 V          ; 0.19 V                              ; 0.12 V                              ; 2.69e-10 s                 ; 2.76e-10 s                 ; Yes                       ; Yes                       ;
; f[10]         ; 2.5 V        ; 0 s                 ; 0 s                 ; 2.62 V                       ; 4.11e-08 V                   ; 2.72 V              ; -0.0549 V           ; 0.19 V                               ; 0.12 V                               ; 2.69e-10 s                  ; 2.76e-10 s                  ; Yes                        ; Yes                        ; 2.62 V                      ; 4.11e-08 V                  ; 2.72 V             ; -0.0549 V          ; 0.19 V                              ; 0.12 V                              ; 2.69e-10 s                 ; 2.76e-10 s                 ; Yes                       ; Yes                       ;
; f[11]         ; 2.5 V        ; 0 s                 ; 0 s                 ; 2.62 V                       ; 2.78e-08 V                   ; 2.71 V              ; -0.0338 V           ; 0.25 V                               ; 0.066 V                              ; 4.98e-10 s                  ; 5.2e-10 s                   ; No                         ; Yes                        ; 2.62 V                      ; 2.78e-08 V                  ; 2.71 V             ; -0.0338 V          ; 0.25 V                              ; 0.066 V                             ; 4.98e-10 s                 ; 5.2e-10 s                  ; No                        ; Yes                       ;
; f[12]         ; 2.5 V        ; 0 s                 ; 0 s                 ; 2.62 V                       ; 2.78e-08 V                   ; 2.71 V              ; -0.0338 V           ; 0.25 V                               ; 0.066 V                              ; 4.98e-10 s                  ; 5.2e-10 s                   ; No                         ; Yes                        ; 2.62 V                      ; 2.78e-08 V                  ; 2.71 V             ; -0.0338 V          ; 0.25 V                              ; 0.066 V                             ; 4.98e-10 s                 ; 5.2e-10 s                  ; No                        ; Yes                       ;
; f[13]         ; 2.5 V        ; 0 s                 ; 0 s                 ; 2.62 V                       ; 2.78e-08 V                   ; 2.71 V              ; -0.0338 V           ; 0.25 V                               ; 0.066 V                              ; 4.98e-10 s                  ; 5.2e-10 s                   ; No                         ; Yes                        ; 2.62 V                      ; 2.78e-08 V                  ; 2.71 V             ; -0.0338 V          ; 0.25 V                              ; 0.066 V                             ; 4.98e-10 s                 ; 5.2e-10 s                  ; No                        ; Yes                       ;
; f[14]         ; 2.5 V        ; 0 s                 ; 0 s                 ; 2.62 V                       ; 2.78e-08 V                   ; 2.64 V              ; -0.0107 V           ; 0.241 V                              ; 0.161 V                              ; 2.42e-09 s                  ; 2.37e-09 s                  ; No                         ; Yes                        ; 2.62 V                      ; 2.78e-08 V                  ; 2.64 V             ; -0.0107 V          ; 0.241 V                             ; 0.161 V                             ; 2.42e-09 s                 ; 2.37e-09 s                 ; No                        ; Yes                       ;
; f[15]         ; 2.5 V        ; 0 s                 ; 0 s                 ; 2.62 V                       ; 4.11e-08 V                   ; 2.72 V              ; -0.0549 V           ; 0.19 V                               ; 0.12 V                               ; 2.69e-10 s                  ; 2.76e-10 s                  ; Yes                        ; Yes                        ; 2.62 V                      ; 4.11e-08 V                  ; 2.72 V             ; -0.0549 V          ; 0.19 V                              ; 0.12 V                              ; 2.69e-10 s                 ; 2.76e-10 s                 ; Yes                       ; Yes                       ;
; f[16]         ; 2.5 V        ; 0 s                 ; 0 s                 ; 2.62 V                       ; 2.78e-08 V                   ; 2.71 V              ; -0.0338 V           ; 0.25 V                               ; 0.066 V                              ; 4.98e-10 s                  ; 5.2e-10 s                   ; No                         ; Yes                        ; 2.62 V                      ; 2.78e-08 V                  ; 2.71 V             ; -0.0338 V          ; 0.25 V                              ; 0.066 V                             ; 4.98e-10 s                 ; 5.2e-10 s                  ; No                        ; Yes                       ;
; f[17]         ; 2.5 V        ; 0 s                 ; 0 s                 ; 2.62 V                       ; 2.78e-08 V                   ; 2.71 V              ; -0.0338 V           ; 0.25 V                               ; 0.066 V                              ; 4.98e-10 s                  ; 5.2e-10 s                   ; No                         ; Yes                        ; 2.62 V                      ; 2.78e-08 V                  ; 2.71 V             ; -0.0338 V          ; 0.25 V                              ; 0.066 V                             ; 4.98e-10 s                 ; 5.2e-10 s                  ; No                        ; Yes                       ;
; f[18]         ; 2.5 V        ; 0 s                 ; 0 s                 ; 2.62 V                       ; 4.11e-08 V                   ; 2.72 V              ; -0.0549 V           ; 0.19 V                               ; 0.12 V                               ; 2.69e-10 s                  ; 2.76e-10 s                  ; Yes                        ; Yes                        ; 2.62 V                      ; 4.11e-08 V                  ; 2.72 V             ; -0.0549 V          ; 0.19 V                              ; 0.12 V                              ; 2.69e-10 s                 ; 2.76e-10 s                 ; Yes                       ; Yes                       ;
; f[19]         ; 2.5 V        ; 0 s                 ; 0 s                 ; 2.62 V                       ; 4.11e-08 V                   ; 2.72 V              ; -0.0549 V           ; 0.19 V                               ; 0.12 V                               ; 2.69e-10 s                  ; 2.76e-10 s                  ; Yes                        ; Yes                        ; 2.62 V                      ; 4.11e-08 V                  ; 2.72 V             ; -0.0549 V          ; 0.19 V                              ; 0.12 V                              ; 2.69e-10 s                 ; 2.76e-10 s                 ; Yes                       ; Yes                       ;
; f[20]         ; 2.5 V        ; 0 s                 ; 0 s                 ; 2.62 V                       ; 2.78e-08 V                   ; 2.71 V              ; -0.0338 V           ; 0.25 V                               ; 0.066 V                              ; 4.98e-10 s                  ; 5.2e-10 s                   ; No                         ; Yes                        ; 2.62 V                      ; 2.78e-08 V                  ; 2.71 V             ; -0.0338 V          ; 0.25 V                              ; 0.066 V                             ; 4.98e-10 s                 ; 5.2e-10 s                  ; No                        ; Yes                       ;
; f[21]         ; 2.5 V        ; 0 s                 ; 0 s                 ; 2.62 V                       ; 4.11e-08 V                   ; 2.72 V              ; -0.0549 V           ; 0.19 V                               ; 0.12 V                               ; 2.69e-10 s                  ; 2.76e-10 s                  ; Yes                        ; Yes                        ; 2.62 V                      ; 4.11e-08 V                  ; 2.72 V             ; -0.0549 V          ; 0.19 V                              ; 0.12 V                              ; 2.69e-10 s                 ; 2.76e-10 s                 ; Yes                       ; Yes                       ;
; f[22]         ; 2.5 V        ; 0 s                 ; 0 s                 ; 2.62 V                       ; 4.11e-08 V                   ; 2.72 V              ; -0.0549 V           ; 0.19 V                               ; 0.12 V                               ; 2.69e-10 s                  ; 2.76e-10 s                  ; Yes                        ; Yes                        ; 2.62 V                      ; 4.11e-08 V                  ; 2.72 V             ; -0.0549 V          ; 0.19 V                              ; 0.12 V                              ; 2.69e-10 s                 ; 2.76e-10 s                 ; Yes                       ; Yes                       ;
; f[23]         ; 2.5 V        ; 0 s                 ; 0 s                 ; 2.62 V                       ; 2.78e-08 V                   ; 2.71 V              ; -0.0338 V           ; 0.25 V                               ; 0.066 V                              ; 4.98e-10 s                  ; 5.2e-10 s                   ; No                         ; Yes                        ; 2.62 V                      ; 2.78e-08 V                  ; 2.71 V             ; -0.0338 V          ; 0.25 V                              ; 0.066 V                             ; 4.98e-10 s                 ; 5.2e-10 s                  ; No                        ; Yes                       ;
; f[24]         ; 2.5 V        ; 0 s                 ; 0 s                 ; 2.62 V                       ; 4.11e-08 V                   ; 2.72 V              ; -0.0549 V           ; 0.19 V                               ; 0.12 V                               ; 2.69e-10 s                  ; 2.76e-10 s                  ; Yes                        ; Yes                        ; 2.62 V                      ; 4.11e-08 V                  ; 2.72 V             ; -0.0549 V          ; 0.19 V                              ; 0.12 V                              ; 2.69e-10 s                 ; 2.76e-10 s                 ; Yes                       ; Yes                       ;
; f[25]         ; 2.5 V        ; 0 s                 ; 0 s                 ; 2.62 V                       ; 4.11e-08 V                   ; 2.72 V              ; -0.0549 V           ; 0.19 V                               ; 0.12 V                               ; 2.69e-10 s                  ; 2.76e-10 s                  ; Yes                        ; Yes                        ; 2.62 V                      ; 4.11e-08 V                  ; 2.72 V             ; -0.0549 V          ; 0.19 V                              ; 0.12 V                              ; 2.69e-10 s                 ; 2.76e-10 s                 ; Yes                       ; Yes                       ;
; f[26]         ; 2.5 V        ; 0 s                 ; 0 s                 ; 2.62 V                       ; 4.11e-08 V                   ; 2.64 V              ; -0.0111 V           ; 0.21 V                               ; 0.135 V                              ; 2.38e-09 s                  ; 2.28e-09 s                  ; No                         ; Yes                        ; 2.62 V                      ; 4.11e-08 V                  ; 2.64 V             ; -0.0111 V          ; 0.21 V                              ; 0.135 V                             ; 2.38e-09 s                 ; 2.28e-09 s                 ; No                        ; Yes                       ;
; f[27]         ; 2.5 V        ; 0 s                 ; 0 s                 ; 2.62 V                       ; 2.78e-08 V                   ; 2.72 V              ; -0.0386 V           ; 0.161 V                              ; 0.078 V                              ; 4.51e-10 s                  ; 4.33e-10 s                  ; No                         ; Yes                        ; 2.62 V                      ; 2.78e-08 V                  ; 2.72 V             ; -0.0386 V          ; 0.161 V                             ; 0.078 V                             ; 4.51e-10 s                 ; 4.33e-10 s                 ; No                        ; Yes                       ;
; f[28]         ; 2.5 V        ; 0 s                 ; 0 s                 ; 2.62 V                       ; 4.11e-08 V                   ; 2.72 V              ; -0.0549 V           ; 0.19 V                               ; 0.12 V                               ; 2.69e-10 s                  ; 2.76e-10 s                  ; Yes                        ; Yes                        ; 2.62 V                      ; 4.11e-08 V                  ; 2.72 V             ; -0.0549 V          ; 0.19 V                              ; 0.12 V                              ; 2.69e-10 s                 ; 2.76e-10 s                 ; Yes                       ; Yes                       ;
; f[29]         ; 2.5 V        ; 0 s                 ; 0 s                 ; 2.62 V                       ; 2.78e-08 V                   ; 2.71 V              ; -0.0338 V           ; 0.25 V                               ; 0.066 V                              ; 4.98e-10 s                  ; 5.2e-10 s                   ; No                         ; Yes                        ; 2.62 V                      ; 2.78e-08 V                  ; 2.71 V             ; -0.0338 V          ; 0.25 V                              ; 0.066 V                             ; 4.98e-10 s                 ; 5.2e-10 s                  ; No                        ; Yes                       ;
; f[30]         ; 2.5 V        ; 0 s                 ; 0 s                 ; 2.62 V                       ; 2.78e-08 V                   ; 2.64 V              ; -0.0107 V           ; 0.241 V                              ; 0.161 V                              ; 2.42e-09 s                  ; 2.37e-09 s                  ; No                         ; Yes                        ; 2.62 V                      ; 2.78e-08 V                  ; 2.64 V             ; -0.0107 V          ; 0.241 V                             ; 0.161 V                             ; 2.42e-09 s                 ; 2.37e-09 s                 ; No                        ; Yes                       ;
; f[31]         ; 2.5 V        ; 0 s                 ; 0 s                 ; 2.62 V                       ; 2.78e-08 V                   ; 2.71 V              ; -0.0338 V           ; 0.25 V                               ; 0.066 V                              ; 4.98e-10 s                  ; 5.2e-10 s                   ; No                         ; Yes                        ; 2.62 V                      ; 2.78e-08 V                  ; 2.71 V             ; -0.0338 V          ; 0.25 V                              ; 0.066 V                             ; 4.98e-10 s                 ; 5.2e-10 s                  ; No                        ; Yes                       ;
; f[32]         ; 2.5 V        ; 0 s                 ; 0 s                 ; 2.62 V                       ; 2.78e-08 V                   ; 2.71 V              ; -0.0338 V           ; 0.25 V                               ; 0.066 V                              ; 4.98e-10 s                  ; 5.2e-10 s                   ; No                         ; Yes                        ; 2.62 V                      ; 2.78e-08 V                  ; 2.71 V             ; -0.0338 V          ; 0.25 V                              ; 0.066 V                             ; 4.98e-10 s                 ; 5.2e-10 s                  ; No                        ; Yes                       ;
; f[33]         ; 2.5 V        ; 0 s                 ; 0 s                 ; 2.62 V                       ; 2.78e-08 V                   ; 2.71 V              ; -0.0338 V           ; 0.25 V                               ; 0.066 V                              ; 4.98e-10 s                  ; 5.2e-10 s                   ; No                         ; Yes                        ; 2.62 V                      ; 2.78e-08 V                  ; 2.71 V             ; -0.0338 V          ; 0.25 V                              ; 0.066 V                             ; 4.98e-10 s                 ; 5.2e-10 s                  ; No                        ; Yes                       ;
; f[34]         ; 2.5 V        ; 0 s                 ; 0 s                 ; 2.62 V                       ; 2.78e-08 V                   ; 2.71 V              ; -0.0338 V           ; 0.25 V                               ; 0.066 V                              ; 4.98e-10 s                  ; 5.2e-10 s                   ; No                         ; Yes                        ; 2.62 V                      ; 2.78e-08 V                  ; 2.71 V             ; -0.0338 V          ; 0.25 V                              ; 0.066 V                             ; 4.98e-10 s                 ; 5.2e-10 s                  ; No                        ; Yes                       ;
; f[35]         ; 2.5 V        ; 0 s                 ; 0 s                 ; 2.62 V                       ; 2.78e-08 V                   ; 2.72 V              ; -0.0386 V           ; 0.161 V                              ; 0.078 V                              ; 4.51e-10 s                  ; 4.33e-10 s                  ; No                         ; Yes                        ; 2.62 V                      ; 2.78e-08 V                  ; 2.72 V             ; -0.0386 V          ; 0.161 V                             ; 0.078 V                             ; 4.51e-10 s                 ; 4.33e-10 s                 ; No                        ; Yes                       ;
; f[36]         ; 2.5 V        ; 0 s                 ; 0 s                 ; 2.62 V                       ; 4.11e-08 V                   ; 2.72 V              ; -0.0549 V           ; 0.19 V                               ; 0.12 V                               ; 2.69e-10 s                  ; 2.76e-10 s                  ; Yes                        ; Yes                        ; 2.62 V                      ; 4.11e-08 V                  ; 2.72 V             ; -0.0549 V          ; 0.19 V                              ; 0.12 V                              ; 2.69e-10 s                 ; 2.76e-10 s                 ; Yes                       ; Yes                       ;
; f[37]         ; 2.5 V        ; 0 s                 ; 0 s                 ; 2.62 V                       ; 4.11e-08 V                   ; 2.72 V              ; -0.0549 V           ; 0.19 V                               ; 0.12 V                               ; 2.69e-10 s                  ; 2.76e-10 s                  ; Yes                        ; Yes                        ; 2.62 V                      ; 4.11e-08 V                  ; 2.72 V             ; -0.0549 V          ; 0.19 V                              ; 0.12 V                              ; 2.69e-10 s                 ; 2.76e-10 s                 ; Yes                       ; Yes                       ;
; f[38]         ; 2.5 V        ; 0 s                 ; 0 s                 ; 2.62 V                       ; 4.11e-08 V                   ; 2.72 V              ; -0.0549 V           ; 0.19 V                               ; 0.12 V                               ; 2.69e-10 s                  ; 2.76e-10 s                  ; Yes                        ; Yes                        ; 2.62 V                      ; 4.11e-08 V                  ; 2.72 V             ; -0.0549 V          ; 0.19 V                              ; 0.12 V                              ; 2.69e-10 s                 ; 2.76e-10 s                 ; Yes                       ; Yes                       ;
; f[39]         ; 2.5 V        ; 0 s                 ; 0 s                 ; 2.62 V                       ; 4.11e-08 V                   ; 2.72 V              ; -0.0549 V           ; 0.19 V                               ; 0.12 V                               ; 2.69e-10 s                  ; 2.76e-10 s                  ; Yes                        ; Yes                        ; 2.62 V                      ; 4.11e-08 V                  ; 2.72 V             ; -0.0549 V          ; 0.19 V                              ; 0.12 V                              ; 2.69e-10 s                 ; 2.76e-10 s                 ; Yes                       ; Yes                       ;
; f[40]         ; 2.5 V        ; 0 s                 ; 0 s                 ; 2.62 V                       ; 4.11e-08 V                   ; 2.72 V              ; -0.0549 V           ; 0.19 V                               ; 0.12 V                               ; 2.69e-10 s                  ; 2.76e-10 s                  ; Yes                        ; Yes                        ; 2.62 V                      ; 4.11e-08 V                  ; 2.72 V             ; -0.0549 V          ; 0.19 V                              ; 0.12 V                              ; 2.69e-10 s                 ; 2.76e-10 s                 ; Yes                       ; Yes                       ;
; f[41]         ; 2.5 V        ; 0 s                 ; 0 s                 ; 2.62 V                       ; 2.78e-08 V                   ; 2.71 V              ; -0.0338 V           ; 0.25 V                               ; 0.066 V                              ; 4.98e-10 s                  ; 5.2e-10 s                   ; No                         ; Yes                        ; 2.62 V                      ; 2.78e-08 V                  ; 2.71 V             ; -0.0338 V          ; 0.25 V                              ; 0.066 V                             ; 4.98e-10 s                 ; 5.2e-10 s                  ; No                        ; Yes                       ;
; f[42]         ; 2.5 V        ; 0 s                 ; 0 s                 ; 2.62 V                       ; 2.78e-08 V                   ; 2.71 V              ; -0.0338 V           ; 0.25 V                               ; 0.066 V                              ; 4.98e-10 s                  ; 5.2e-10 s                   ; No                         ; Yes                        ; 2.62 V                      ; 2.78e-08 V                  ; 2.71 V             ; -0.0338 V          ; 0.25 V                              ; 0.066 V                             ; 4.98e-10 s                 ; 5.2e-10 s                  ; No                        ; Yes                       ;
; f[43]         ; 2.5 V        ; 0 s                 ; 0 s                 ; 2.62 V                       ; 2.78e-08 V                   ; 2.71 V              ; -0.0338 V           ; 0.25 V                               ; 0.066 V                              ; 4.98e-10 s                  ; 5.2e-10 s                   ; No                         ; Yes                        ; 2.62 V                      ; 2.78e-08 V                  ; 2.71 V             ; -0.0338 V          ; 0.25 V                              ; 0.066 V                             ; 4.98e-10 s                 ; 5.2e-10 s                  ; No                        ; Yes                       ;
; f[44]         ; 2.5 V        ; 0 s                 ; 0 s                 ; 2.62 V                       ; 4.11e-08 V                   ; 2.72 V              ; -0.0549 V           ; 0.19 V                               ; 0.12 V                               ; 2.69e-10 s                  ; 2.76e-10 s                  ; Yes                        ; Yes                        ; 2.62 V                      ; 4.11e-08 V                  ; 2.72 V             ; -0.0549 V          ; 0.19 V                              ; 0.12 V                              ; 2.69e-10 s                 ; 2.76e-10 s                 ; Yes                       ; Yes                       ;
; f[45]         ; 2.5 V        ; 0 s                 ; 0 s                 ; 2.62 V                       ; 4.11e-08 V                   ; 2.72 V              ; -0.0549 V           ; 0.19 V                               ; 0.12 V                               ; 2.69e-10 s                  ; 2.76e-10 s                  ; Yes                        ; Yes                        ; 2.62 V                      ; 4.11e-08 V                  ; 2.72 V             ; -0.0549 V          ; 0.19 V                              ; 0.12 V                              ; 2.69e-10 s                 ; 2.76e-10 s                 ; Yes                       ; Yes                       ;
; f[46]         ; 2.5 V        ; 0 s                 ; 0 s                 ; 2.62 V                       ; 4.11e-08 V                   ; 2.72 V              ; -0.0549 V           ; 0.19 V                               ; 0.12 V                               ; 2.69e-10 s                  ; 2.76e-10 s                  ; Yes                        ; Yes                        ; 2.62 V                      ; 4.11e-08 V                  ; 2.72 V             ; -0.0549 V          ; 0.19 V                              ; 0.12 V                              ; 2.69e-10 s                 ; 2.76e-10 s                 ; Yes                       ; Yes                       ;
; f[47]         ; 2.5 V        ; 0 s                 ; 0 s                 ; 2.62 V                       ; 4.11e-08 V                   ; 2.72 V              ; -0.0549 V           ; 0.19 V                               ; 0.12 V                               ; 2.69e-10 s                  ; 2.76e-10 s                  ; Yes                        ; Yes                        ; 2.62 V                      ; 4.11e-08 V                  ; 2.72 V             ; -0.0549 V          ; 0.19 V                              ; 0.12 V                              ; 2.69e-10 s                 ; 2.76e-10 s                 ; Yes                       ; Yes                       ;
; f[48]         ; 2.5 V        ; 0 s                 ; 0 s                 ; 2.62 V                       ; 4.11e-08 V                   ; 2.72 V              ; -0.0549 V           ; 0.19 V                               ; 0.12 V                               ; 2.69e-10 s                  ; 2.76e-10 s                  ; Yes                        ; Yes                        ; 2.62 V                      ; 4.11e-08 V                  ; 2.72 V             ; -0.0549 V          ; 0.19 V                              ; 0.12 V                              ; 2.69e-10 s                 ; 2.76e-10 s                 ; Yes                       ; Yes                       ;
; f[49]         ; 2.5 V        ; 0 s                 ; 0 s                 ; 2.62 V                       ; 4.11e-08 V                   ; 2.72 V              ; -0.0549 V           ; 0.19 V                               ; 0.12 V                               ; 2.69e-10 s                  ; 2.76e-10 s                  ; Yes                        ; Yes                        ; 2.62 V                      ; 4.11e-08 V                  ; 2.72 V             ; -0.0549 V          ; 0.19 V                              ; 0.12 V                              ; 2.69e-10 s                 ; 2.76e-10 s                 ; Yes                       ; Yes                       ;
; f[50]         ; 2.5 V        ; 0 s                 ; 0 s                 ; 2.62 V                       ; 4.11e-08 V                   ; 2.72 V              ; -0.0549 V           ; 0.19 V                               ; 0.12 V                               ; 2.69e-10 s                  ; 2.76e-10 s                  ; Yes                        ; Yes                        ; 2.62 V                      ; 4.11e-08 V                  ; 2.72 V             ; -0.0549 V          ; 0.19 V                              ; 0.12 V                              ; 2.69e-10 s                 ; 2.76e-10 s                 ; Yes                       ; Yes                       ;
; f[51]         ; 2.5 V        ; 0 s                 ; 0 s                 ; 2.62 V                       ; 4.11e-08 V                   ; 2.72 V              ; -0.0549 V           ; 0.19 V                               ; 0.12 V                               ; 2.69e-10 s                  ; 2.76e-10 s                  ; Yes                        ; Yes                        ; 2.62 V                      ; 4.11e-08 V                  ; 2.72 V             ; -0.0549 V          ; 0.19 V                              ; 0.12 V                              ; 2.69e-10 s                 ; 2.76e-10 s                 ; Yes                       ; Yes                       ;
; f[52]         ; 2.5 V        ; 0 s                 ; 0 s                 ; 2.62 V                       ; 4.11e-08 V                   ; 2.72 V              ; -0.0549 V           ; 0.19 V                               ; 0.12 V                               ; 2.69e-10 s                  ; 2.76e-10 s                  ; Yes                        ; Yes                        ; 2.62 V                      ; 4.11e-08 V                  ; 2.72 V             ; -0.0549 V          ; 0.19 V                              ; 0.12 V                              ; 2.69e-10 s                 ; 2.76e-10 s                 ; Yes                       ; Yes                       ;
; f[53]         ; 2.5 V        ; 0 s                 ; 0 s                 ; 2.62 V                       ; 4.11e-08 V                   ; 2.72 V              ; -0.0549 V           ; 0.19 V                               ; 0.12 V                               ; 2.69e-10 s                  ; 2.76e-10 s                  ; Yes                        ; Yes                        ; 2.62 V                      ; 4.11e-08 V                  ; 2.72 V             ; -0.0549 V          ; 0.19 V                              ; 0.12 V                              ; 2.69e-10 s                 ; 2.76e-10 s                 ; Yes                       ; Yes                       ;
; f[54]         ; 2.5 V        ; 0 s                 ; 0 s                 ; 2.62 V                       ; 4.11e-08 V                   ; 2.72 V              ; -0.0549 V           ; 0.19 V                               ; 0.12 V                               ; 2.69e-10 s                  ; 2.76e-10 s                  ; Yes                        ; Yes                        ; 2.62 V                      ; 4.11e-08 V                  ; 2.72 V             ; -0.0549 V          ; 0.19 V                              ; 0.12 V                              ; 2.69e-10 s                 ; 2.76e-10 s                 ; Yes                       ; Yes                       ;
; f[55]         ; 2.5 V        ; 0 s                 ; 0 s                 ; 2.62 V                       ; 4.11e-08 V                   ; 2.72 V              ; -0.0549 V           ; 0.19 V                               ; 0.12 V                               ; 2.69e-10 s                  ; 2.76e-10 s                  ; Yes                        ; Yes                        ; 2.62 V                      ; 4.11e-08 V                  ; 2.72 V             ; -0.0549 V          ; 0.19 V                              ; 0.12 V                              ; 2.69e-10 s                 ; 2.76e-10 s                 ; Yes                       ; Yes                       ;
; f[56]         ; 2.5 V        ; 0 s                 ; 0 s                 ; 2.62 V                       ; 4.11e-08 V                   ; 2.72 V              ; -0.0549 V           ; 0.19 V                               ; 0.12 V                               ; 2.69e-10 s                  ; 2.76e-10 s                  ; Yes                        ; Yes                        ; 2.62 V                      ; 4.11e-08 V                  ; 2.72 V             ; -0.0549 V          ; 0.19 V                              ; 0.12 V                              ; 2.69e-10 s                 ; 2.76e-10 s                 ; Yes                       ; Yes                       ;
; f[57]         ; 2.5 V        ; 0 s                 ; 0 s                 ; 2.62 V                       ; 4.11e-08 V                   ; 2.72 V              ; -0.0549 V           ; 0.19 V                               ; 0.12 V                               ; 2.69e-10 s                  ; 2.76e-10 s                  ; Yes                        ; Yes                        ; 2.62 V                      ; 4.11e-08 V                  ; 2.72 V             ; -0.0549 V          ; 0.19 V                              ; 0.12 V                              ; 2.69e-10 s                 ; 2.76e-10 s                 ; Yes                       ; Yes                       ;
; f[58]         ; 2.5 V        ; 0 s                 ; 0 s                 ; 2.62 V                       ; 4.11e-08 V                   ; 2.72 V              ; -0.0549 V           ; 0.19 V                               ; 0.12 V                               ; 2.69e-10 s                  ; 2.76e-10 s                  ; Yes                        ; Yes                        ; 2.62 V                      ; 4.11e-08 V                  ; 2.72 V             ; -0.0549 V          ; 0.19 V                              ; 0.12 V                              ; 2.69e-10 s                 ; 2.76e-10 s                 ; Yes                       ; Yes                       ;
; f[59]         ; 2.5 V        ; 0 s                 ; 0 s                 ; 2.62 V                       ; 4.11e-08 V                   ; 2.72 V              ; -0.0549 V           ; 0.19 V                               ; 0.12 V                               ; 2.69e-10 s                  ; 2.76e-10 s                  ; Yes                        ; Yes                        ; 2.62 V                      ; 4.11e-08 V                  ; 2.72 V             ; -0.0549 V          ; 0.19 V                              ; 0.12 V                              ; 2.69e-10 s                 ; 2.76e-10 s                 ; Yes                       ; Yes                       ;
; f[60]         ; 2.5 V        ; 0 s                 ; 0 s                 ; 2.62 V                       ; 4.11e-08 V                   ; 2.72 V              ; -0.0549 V           ; 0.19 V                               ; 0.12 V                               ; 2.69e-10 s                  ; 2.76e-10 s                  ; Yes                        ; Yes                        ; 2.62 V                      ; 4.11e-08 V                  ; 2.72 V             ; -0.0549 V          ; 0.19 V                              ; 0.12 V                              ; 2.69e-10 s                 ; 2.76e-10 s                 ; Yes                       ; Yes                       ;
; f[61]         ; 2.5 V        ; 0 s                 ; 0 s                 ; 2.62 V                       ; 4.11e-08 V                   ; 2.72 V              ; -0.0549 V           ; 0.19 V                               ; 0.12 V                               ; 2.69e-10 s                  ; 2.76e-10 s                  ; Yes                        ; Yes                        ; 2.62 V                      ; 4.11e-08 V                  ; 2.72 V             ; -0.0549 V          ; 0.19 V                              ; 0.12 V                              ; 2.69e-10 s                 ; 2.76e-10 s                 ; Yes                       ; Yes                       ;
; f[62]         ; 2.5 V        ; 0 s                 ; 0 s                 ; 2.62 V                       ; 4.11e-08 V                   ; 2.72 V              ; -0.0549 V           ; 0.19 V                               ; 0.12 V                               ; 2.69e-10 s                  ; 2.76e-10 s                  ; Yes                        ; Yes                        ; 2.62 V                      ; 4.11e-08 V                  ; 2.72 V             ; -0.0549 V          ; 0.19 V                              ; 0.12 V                              ; 2.69e-10 s                 ; 2.76e-10 s                 ; Yes                       ; Yes                       ;
; f[63]         ; 2.5 V        ; 0 s                 ; 0 s                 ; 2.62 V                       ; 4.11e-08 V                   ; 2.72 V              ; -0.0549 V           ; 0.19 V                               ; 0.12 V                               ; 2.69e-10 s                  ; 2.76e-10 s                  ; Yes                        ; Yes                        ; 2.62 V                      ; 4.11e-08 V                  ; 2.72 V             ; -0.0549 V          ; 0.19 V                              ; 0.12 V                              ; 2.69e-10 s                 ; 2.76e-10 s                 ; Yes                       ; Yes                       ;
; ~ALTERA_DCLK~ ; 2.5 V        ; 0 s                 ; 0 s                 ; 2.62 V                       ; 2.19e-08 V                   ; 2.71 V              ; -0.0718 V           ; 0.277 V                              ; 0.167 V                              ; 3.12e-10 s                  ; 3.02e-10 s                  ; No                         ; Yes                        ; 2.62 V                      ; 2.19e-08 V                  ; 2.71 V             ; -0.0718 V          ; 0.277 V                             ; 0.167 V                             ; 3.12e-10 s                 ; 3.02e-10 s                 ; No                        ; Yes                       ;
; ~ALTERA_nCEO~ ; 2.5 V        ; 0 s                 ; 0 s                 ; 2.62 V                       ; 3.52e-08 V                   ; 2.7 V               ; -0.0198 V           ; 0.2 V                                ; 0.049 V                              ; 4.85e-10 s                  ; 6.73e-10 s                  ; Yes                        ; Yes                        ; 2.62 V                      ; 3.52e-08 V                  ; 2.7 V              ; -0.0198 V          ; 0.2 V                               ; 0.049 V                             ; 4.85e-10 s                 ; 6.73e-10 s                 ; Yes                       ; Yes                       ;
+---------------+--------------+---------------------+---------------------+------------------------------+------------------------------+---------------------+---------------------+--------------------------------------+--------------------------------------+-----------------------------+-----------------------------+----------------------------+----------------------------+-----------------------------+-----------------------------+--------------------+--------------------+-------------------------------------+-------------------------------------+----------------------------+----------------------------+---------------------------+---------------------------+


-------------------
; Clock Transfers ;
-------------------
Nothing to report.


---------------
; Report TCCS ;
---------------
No dedicated SERDES Transmitter circuitry present in device or used in design


---------------
; Report RSKM ;
---------------
No non-DPA dedicated SERDES Receiver circuitry present in device or used in design


+------------------------------------------------+
; Unconstrained Paths                            ;
+---------------------------------+-------+------+
; Property                        ; Setup ; Hold ;
+---------------------------------+-------+------+
; Illegal Clocks                  ; 0     ; 0    ;
; Unconstrained Clocks            ; 0     ; 0    ;
; Unconstrained Input Ports       ; 134   ; 134  ;
; Unconstrained Input Port Paths  ; 1294  ; 1294 ;
; Unconstrained Output Ports      ; 64    ; 64   ;
; Unconstrained Output Port Paths ; 1294  ; 1294 ;
+---------------------------------+-------+------+


+------------------------------------+
; TimeQuest Timing Analyzer Messages ;
+------------------------------------+
Info: *******************************************************************
Info: Running Quartus II 64-Bit TimeQuest Timing Analyzer
    Info: Version 15.0.0 Build 145 04/22/2015 SJ Full Version
    Info: Processing started: Tue Nov 07 18:29:58 2023
Info: Command: quartus_sta ALU_64bit -c ALU_64bit
Info: qsta_default_script.tcl version: #11
Info (11104): Parallel Compilation has detected 16 hyper-threaded processors. However, the extra hyper-threaded processors will not be used by default. Parallel Compilation will use 8 of the 8 physical processors detected instead.
Info (21076): High junction temperature operating condition is not set. Assuming a default value of '85'.
Info (21076): Low junction temperature operating condition is not set. Assuming a default value of '0'.
Critical Warning (332012): Synopsys Design Constraints File file not found: 'ALU_64bit.sdc'. A Synopsys Design Constraints File is required by the TimeQuest Timing Analyzer to get proper timing constraints. Without it, the Compiler will not properly optimize the design.
Info (332142): No user constrained base clocks found in the design. Calling "derive_clocks -period 1.0"
Info (332096): The command derive_clocks did not find any clocks to derive.  No clocks were created or changed.
Warning (332068): No clocks defined in design.
Info (332143): No user constrained clock uncertainty found in the design. Calling "derive_clock_uncertainty"
Info (332154): The derive_clock_uncertainty command did not apply clock uncertainty to any clock-to-clock transfers.
Info: Found TIMEQUEST_REPORT_SCRIPT_INCLUDE_DEFAULT_ANALYSIS = ON
Info (332159): No clocks to report
Info: Analyzing Slow 1200mV 85C Model
Info (332140): No fmax paths to report
Info (332140): No Setup paths to report
Info (332140): No Hold paths to report
Info (332140): No Recovery paths to report
Info (332140): No Removal paths to report
Info (332140): No Minimum Pulse Width paths to report
Info: Analyzing Slow 1200mV 0C Model
Info (334003): Started post-fitting delay annotation
Info (334004): Delay annotation completed successfully
Info (332142): No user constrained base clocks found in the design. Calling "derive_clocks -period 1.0"
Info (332096): The command derive_clocks did not find any clocks to derive.  No clocks were created or changed.
Warning (332068): No clocks defined in design.
Info (332154): The derive_clock_uncertainty command did not apply clock uncertainty to any clock-to-clock transfers.
Info (332140): No fmax paths to report
Info (332140): No Setup paths to report
Info (332140): No Hold paths to report
Info (332140): No Recovery paths to report
Info (332140): No Removal paths to report
Info (332140): No Minimum Pulse Width paths to report
Info: Analyzing Fast 1200mV 0C Model
Info (332142): No user constrained base clocks found in the design. Calling "derive_clocks -period 1.0"
Info (332096): The command derive_clocks did not find any clocks to derive.  No clocks were created or changed.
Warning (332068): No clocks defined in design.
Info (332154): The derive_clock_uncertainty command did not apply clock uncertainty to any clock-to-clock transfers.
Info (332140): No Setup paths to report
Info (332140): No Hold paths to report
Info (332140): No Recovery paths to report
Info (332140): No Removal paths to report
Info (332140): No Minimum Pulse Width paths to report
Info (332102): Design is not fully constrained for setup requirements
Info (332102): Design is not fully constrained for hold requirements
Info: Quartus II 64-Bit TimeQuest Timing Analyzer was successful. 0 errors, 4 warnings
    Info: Peak virtual memory: 4928 megabytes
    Info: Processing ended: Tue Nov 07 18:29:59 2023
    Info: Elapsed time: 00:00:01
    Info: Total CPU time (on all processors): 00:00:02


