TimeQuest Timing Analyzer report for Multiplier
Mon Nov 06 19:44:43 2023
Quartus II 64-Bit Version 15.0.0 Build 145 04/22/2015 SJ Full Version


---------------------
; Table of Contents ;
---------------------
  1. Legal Notice
  2. TimeQuest Timing Analyzer Summary
  3. Parallel Compilation
  4. Clocks
  5. Slow 1200mV 85C Model Fmax Summary
  6. Timing Closure Recommendations
  7. Slow 1200mV 85C Model Setup Summary
  8. Slow 1200mV 85C Model Hold Summary
  9. Slow 1200mV 85C Model Recovery Summary
 10. Slow 1200mV 85C Model Removal Summary
 11. Slow 1200mV 85C Model Minimum Pulse Width Summary
 12. Slow 1200mV 85C Model Setup: 'clk'
 13. Slow 1200mV 85C Model Setup: 'state.S0'
 14. Slow 1200mV 85C Model Hold: 'clk'
 15. Slow 1200mV 85C Model Hold: 'state.S0'
 16. Slow 1200mV 85C Model Minimum Pulse Width: 'clk'
 17. Slow 1200mV 85C Model Minimum Pulse Width: 'state.S0'
 18. Setup Times
 19. Hold Times
 20. Clock to Output Times
 21. Minimum Clock to Output Times
 22. Propagation Delay
 23. Minimum Propagation Delay
 24. Slow 1200mV 85C Model Metastability Summary
 25. Slow 1200mV 0C Model Fmax Summary
 26. Slow 1200mV 0C Model Setup Summary
 27. Slow 1200mV 0C Model Hold Summary
 28. Slow 1200mV 0C Model Recovery Summary
 29. Slow 1200mV 0C Model Removal Summary
 30. Slow 1200mV 0C Model Minimum Pulse Width Summary
 31. Slow 1200mV 0C Model Setup: 'clk'
 32. Slow 1200mV 0C Model Setup: 'state.S0'
 33. Slow 1200mV 0C Model Hold: 'clk'
 34. Slow 1200mV 0C Model Hold: 'state.S0'
 35. Slow 1200mV 0C Model Minimum Pulse Width: 'clk'
 36. Slow 1200mV 0C Model Minimum Pulse Width: 'state.S0'
 37. Setup Times
 38. Hold Times
 39. Clock to Output Times
 40. Minimum Clock to Output Times
 41. Propagation Delay
 42. Minimum Propagation Delay
 43. Slow 1200mV 0C Model Metastability Summary
 44. Fast 1200mV 0C Model Setup Summary
 45. Fast 1200mV 0C Model Hold Summary
 46. Fast 1200mV 0C Model Recovery Summary
 47. Fast 1200mV 0C Model Removal Summary
 48. Fast 1200mV 0C Model Minimum Pulse Width Summary
 49. Fast 1200mV 0C Model Setup: 'clk'
 50. Fast 1200mV 0C Model Setup: 'state.S0'
 51. Fast 1200mV 0C Model Hold: 'clk'
 52. Fast 1200mV 0C Model Hold: 'state.S0'
 53. Fast 1200mV 0C Model Minimum Pulse Width: 'clk'
 54. Fast 1200mV 0C Model Minimum Pulse Width: 'state.S0'
 55. Setup Times
 56. Hold Times
 57. Clock to Output Times
 58. Minimum Clock to Output Times
 59. Propagation Delay
 60. Minimum Propagation Delay
 61. Fast 1200mV 0C Model Metastability Summary
 62. Multicorner Timing Analysis Summary
 63. Setup Times
 64. Hold Times
 65. Clock to Output Times
 66. Minimum Clock to Output Times
 67. Propagation Delay
 68. Minimum Propagation Delay
 69. Board Trace Model Assignments
 70. Input Transition Times
 71. Signal Integrity Metrics (Slow 1200mv 0c Model)
 72. Signal Integrity Metrics (Slow 1200mv 85c Model)
 73. Signal Integrity Metrics (Fast 1200mv 0c Model)
 74. Setup Transfers
 75. Hold Transfers
 76. Report TCCS
 77. Report RSKM
 78. Unconstrained Paths
 79. TimeQuest Timing Analyzer Messages



----------------
; Legal Notice ;
----------------
Copyright (C) 1991-2015 Altera Corporation. All rights reserved.
Your use of Altera Corporation's design tools, logic functions 
and other software and tools, and its AMPP partner logic 
functions, and any output files from any of the foregoing 
(including device programming or simulation files), and any 
associated documentation or information are expressly subject 
to the terms and conditions of the Altera Program License 
Subscription Agreement, the Altera Quartus II License Agreement,
the Altera MegaCore Function License Agreement, or other 
applicable license agreement, including, without limitation, 
that your use is for the sole purpose of programming logic 
devices manufactured by Altera and sold by Altera or its 
authorized distributors.  Please refer to the applicable 
agreement for further details.



+--------------------------------------------------------------------------+
; TimeQuest Timing Analyzer Summary                                        ;
+--------------------+-----------------------------------------------------+
; Quartus II Version ; Version 15.0.0 Build 145 04/22/2015 SJ Full Version ;
; Revision Name      ; Multiplier                                          ;
; Device Family      ; Cyclone IV E                                        ;
; Device Name        ; EP4CE6E22C6                                         ;
; Timing Models      ; Final                                               ;
; Delay Model        ; Combined                                            ;
; Rise/Fall Delays   ; Enabled                                             ;
+--------------------+-----------------------------------------------------+


+------------------------------------------+
; Parallel Compilation                     ;
+----------------------------+-------------+
; Processors                 ; Number      ;
+----------------------------+-------------+
; Number detected on machine ; 16          ;
; Maximum allowed            ; 12          ;
;                            ;             ;
; Average used               ; 1.00        ;
; Maximum used               ; 12          ;
;                            ;             ;
; Usage by Processor         ; % Time Used ;
;     Processor 1            ; 100.0%      ;
;     Processors 2-12        ; < 0.1%      ;
;     Processors 13-16       ;   0.0%      ;
+----------------------------+-------------+


+--------------------------------------------------------------------------------------------------------------------------------------------------------------------------------------+
; Clocks                                                                                                                                                                               ;
+------------+------+--------+------------+-------+-------+------------+-----------+-------------+-------+--------+-----------+------------+----------+--------+--------+--------------+
; Clock Name ; Type ; Period ; Frequency  ; Rise  ; Fall  ; Duty Cycle ; Divide by ; Multiply by ; Phase ; Offset ; Edge List ; Edge Shift ; Inverted ; Master ; Source ; Targets      ;
+------------+------+--------+------------+-------+-------+------------+-----------+-------------+-------+--------+-----------+------------+----------+--------+--------+--------------+
; clk        ; Base ; 1.000  ; 1000.0 MHz ; 0.000 ; 0.500 ;            ;           ;             ;       ;        ;           ;            ;          ;        ;        ; { clk }      ;
; state.S0   ; Base ; 1.000  ; 1000.0 MHz ; 0.000 ; 0.500 ;            ;           ;             ;       ;        ;           ;            ;          ;        ;        ; { state.S0 } ;
+------------+------+--------+------------+-------+-------+------------+-----------+-------------+-------+--------+-----------+------------+----------+--------+--------+--------------+


+-----------------------------------------------------------------------------------------------------------+
; Slow 1200mV 85C Model Fmax Summary                                                                        ;
+------------+-----------------+------------+---------------------------------------------------------------+
; Fmax       ; Restricted Fmax ; Clock Name ; Note                                                          ;
+------------+-----------------+------------+---------------------------------------------------------------+
; 543.48 MHz ; 250.0 MHz       ; clk        ; limit due to minimum period restriction (max I/O toggle rate) ;
+------------+-----------------+------------+---------------------------------------------------------------+
This panel reports FMAX for every clock in the design, regardless of the user-specified clock periods.  FMAX is only computed for paths where the source and destination registers or ports are driven by the same clock.  Paths of different clocks, including generated clocks, are ignored.  For paths between a clock and its inversion, FMAX is computed as if the rising and falling edges are scaled along with FMAX, such that the duty cycle (in terms of a percentage) is maintained. Altera recommends that you always use clock constraints and other slack reports for sign-off analysis.


----------------------------------
; Timing Closure Recommendations ;
----------------------------------
HTML report is unavailable in plain text report export.


+-------------------------------------+
; Slow 1200mV 85C Model Setup Summary ;
+----------+--------+-----------------+
; Clock    ; Slack  ; End Point TNS   ;
+----------+--------+-----------------+
; clk      ; -0.840 ; -3.365          ;
; state.S0 ; -0.512 ; -0.512          ;
+----------+--------+-----------------+


+------------------------------------+
; Slow 1200mV 85C Model Hold Summary ;
+----------+-------+-----------------+
; Clock    ; Slack ; End Point TNS   ;
+----------+-------+-----------------+
; clk      ; 0.101 ; 0.000           ;
; state.S0 ; 0.397 ; 0.000           ;
+----------+-------+-----------------+


------------------------------------------
; Slow 1200mV 85C Model Recovery Summary ;
------------------------------------------
No paths to report.


-----------------------------------------
; Slow 1200mV 85C Model Removal Summary ;
-----------------------------------------
No paths to report.


+---------------------------------------------------+
; Slow 1200mV 85C Model Minimum Pulse Width Summary ;
+----------+--------+-------------------------------+
; Clock    ; Slack  ; End Point TNS                 ;
+----------+--------+-------------------------------+
; clk      ; -3.000 ; -11.000                       ;
; state.S0 ; 0.397  ; 0.000                         ;
+----------+--------+-------------------------------+


+------------------------------------------------------------------------------------------------------------+
; Slow 1200mV 85C Model Setup: 'clk'                                                                         ;
+--------+-----------+-----------------+--------------+-------------+--------------+------------+------------+
; Slack  ; From Node ; To Node         ; Launch Clock ; Latch Clock ; Relationship ; Clock Skew ; Data Delay ;
+--------+-----------+-----------------+--------------+-------------+--------------+------------+------------+
; -0.840 ; state.S1  ; state.S1        ; clk          ; clk         ; 1.000        ; -0.064     ; 1.771      ;
; -0.718 ; state.S3  ; state.S4        ; clk          ; clk         ; 1.000        ; -0.692     ; 1.021      ;
; -0.613 ; state.S4  ; state.S0        ; clk          ; clk         ; 1.000        ; 0.566      ; 2.174      ;
; -0.537 ; state.S4  ; state.S4        ; clk          ; clk         ; 1.000        ; -0.050     ; 1.482      ;
; -0.472 ; state.S0  ; state.S0        ; state.S0     ; clk         ; 0.500        ; 1.991      ; 3.147      ;
; -0.401 ; state.S3  ; mystate[0]~reg0 ; clk          ; clk         ; 1.000        ; -0.064     ; 1.332      ;
; -0.400 ; state.S3  ; mystate[1]~reg0 ; clk          ; clk         ; 1.000        ; -0.064     ; 1.331      ;
; -0.343 ; state.S1  ; state.S2        ; clk          ; clk         ; 1.000        ; -0.064     ; 1.274      ;
; -0.141 ; state.S0  ; state.S1        ; state.S0     ; clk         ; 0.500        ; 1.991      ; 2.816      ;
; -0.063 ; state.S1  ; mystate[0]~reg0 ; clk          ; clk         ; 1.000        ; -0.064     ; 0.994      ;
; -0.050 ; state.S2  ; state.S3        ; clk          ; clk         ; 1.000        ; -0.064     ; 0.981      ;
; -0.049 ; state.S2  ; mystate[1]~reg0 ; clk          ; clk         ; 1.000        ; -0.064     ; 0.980      ;
; 0.123  ; state.S0  ; state.S0        ; state.S0     ; clk         ; 1.000        ; 1.991      ; 3.052      ;
; 0.230  ; state.S4  ; mystate[2]~reg0 ; clk          ; clk         ; 1.000        ; 0.566      ; 1.331      ;
; 0.294  ; state.S2  ; state.S2        ; clk          ; clk         ; 1.000        ; -0.064     ; 0.637      ;
; 0.294  ; state.S3  ; state.S3        ; clk          ; clk         ; 1.000        ; -0.064     ; 0.637      ;
; 0.412  ; state.S0  ; state.S1        ; state.S0     ; clk         ; 1.000        ; 1.991      ; 2.763      ;
+--------+-----------+-----------------+--------------+-------------+--------------+------------+------------+


+-------------------------------------------------------------------------------------------------------+
; Slow 1200mV 85C Model Setup: 'state.S0'                                                               ;
+--------+-----------+------------+--------------+-------------+--------------+------------+------------+
; Slack  ; From Node ; To Node    ; Launch Clock ; Latch Clock ; Relationship ; Clock Skew ; Data Delay ;
+--------+-----------+------------+--------------+-------------+--------------+------------+------------+
; -0.512 ; state.S4  ; done$latch ; clk          ; state.S0    ; 1.000        ; 0.171      ; 0.935      ;
+--------+-----------+------------+--------------+-------------+--------------+------------+------------+


+-----------------------------------------------------------------------------------------------------------+
; Slow 1200mV 85C Model Hold: 'clk'                                                                         ;
+-------+-----------+-----------------+--------------+-------------+--------------+------------+------------+
; Slack ; From Node ; To Node         ; Launch Clock ; Latch Clock ; Relationship ; Clock Skew ; Data Delay ;
+-------+-----------+-----------------+--------------+-------------+--------------+------------+------------+
; 0.101 ; state.S0  ; state.S1        ; state.S0     ; clk         ; 0.000        ; 2.067      ; 2.554      ;
; 0.267 ; state.S4  ; mystate[2]~reg0 ; clk          ; clk         ; 0.000        ; 0.692      ; 1.116      ;
; 0.356 ; state.S3  ; state.S3        ; clk          ; clk         ; 0.000        ; 0.064      ; 0.577      ;
; 0.356 ; state.S2  ; state.S2        ; clk          ; clk         ; 0.000        ; 0.064      ; 0.577      ;
; 0.482 ; state.S0  ; state.S0        ; state.S0     ; clk         ; 0.000        ; 2.067      ; 2.935      ;
; 0.672 ; state.S2  ; mystate[1]~reg0 ; clk          ; clk         ; 0.000        ; 0.064      ; 0.893      ;
; 0.672 ; state.S2  ; state.S3        ; clk          ; clk         ; 0.000        ; 0.064      ; 0.893      ;
; 0.685 ; state.S0  ; state.S1        ; state.S0     ; clk         ; -0.500       ; 2.067      ; 2.638      ;
; 0.694 ; state.S1  ; mystate[0]~reg0 ; clk          ; clk         ; 0.000        ; 0.064      ; 0.915      ;
; 0.922 ; state.S1  ; state.S2        ; clk          ; clk         ; 0.000        ; 0.064      ; 1.143      ;
; 0.992 ; state.S3  ; mystate[1]~reg0 ; clk          ; clk         ; 0.000        ; 0.064      ; 1.213      ;
; 0.993 ; state.S3  ; mystate[0]~reg0 ; clk          ; clk         ; 0.000        ; 0.064      ; 1.214      ;
; 1.075 ; state.S0  ; state.S0        ; state.S0     ; clk         ; -0.500       ; 2.067      ; 3.028      ;
; 1.124 ; state.S4  ; state.S4        ; clk          ; clk         ; 0.000        ; 0.050      ; 1.331      ;
; 1.221 ; state.S4  ; state.S0        ; clk          ; clk         ; 0.000        ; 0.692      ; 2.070      ;
; 1.315 ; state.S3  ; state.S4        ; clk          ; clk         ; 0.000        ; -0.566     ; 0.906      ;
; 1.329 ; state.S1  ; state.S1        ; clk          ; clk         ; 0.000        ; 0.064      ; 1.550      ;
+-------+-----------+-----------------+--------------+-------------+--------------+------------+------------+


+------------------------------------------------------------------------------------------------------+
; Slow 1200mV 85C Model Hold: 'state.S0'                                                               ;
+-------+-----------+------------+--------------+-------------+--------------+------------+------------+
; Slack ; From Node ; To Node    ; Launch Clock ; Latch Clock ; Relationship ; Clock Skew ; Data Delay ;
+-------+-----------+------------+--------------+-------------+--------------+------------+------------+
; 0.397 ; state.S4  ; done$latch ; clk          ; state.S0    ; 0.000        ; 0.315      ; 0.742      ;
+-------+-----------+------------+--------------+-------------+--------------+------------+------------+


+------------------------------------------------------------------------------------------------------------+
; Slow 1200mV 85C Model Minimum Pulse Width: 'clk'                                                           ;
+--------+--------------+----------------+------------------+-------+------------+---------------------------+
; Slack  ; Actual Width ; Required Width ; Type             ; Clock ; Clock Edge ; Target                    ;
+--------+--------------+----------------+------------------+-------+------------+---------------------------+
; -3.000 ; 1.000        ; 4.000          ; Port Rate        ; clk   ; Rise       ; clk                       ;
; -1.000 ; 1.000        ; 2.000          ; Min Period       ; clk   ; Rise       ; mystate[0]~reg0           ;
; -1.000 ; 1.000        ; 2.000          ; Min Period       ; clk   ; Rise       ; mystate[1]~reg0           ;
; -1.000 ; 1.000        ; 2.000          ; Min Period       ; clk   ; Rise       ; mystate[2]~reg0           ;
; -1.000 ; 1.000        ; 2.000          ; Min Period       ; clk   ; Rise       ; state.S0                  ;
; -1.000 ; 1.000        ; 2.000          ; Min Period       ; clk   ; Rise       ; state.S1                  ;
; -1.000 ; 1.000        ; 2.000          ; Min Period       ; clk   ; Rise       ; state.S2                  ;
; -1.000 ; 1.000        ; 2.000          ; Min Period       ; clk   ; Rise       ; state.S3                  ;
; -1.000 ; 1.000        ; 2.000          ; Min Period       ; clk   ; Rise       ; state.S4                  ;
; 0.157  ; 0.341        ; 0.184          ; Low Pulse Width  ; clk   ; Rise       ; state.S4                  ;
; 0.168  ; 0.352        ; 0.184          ; Low Pulse Width  ; clk   ; Rise       ; mystate[0]~reg0           ;
; 0.168  ; 0.352        ; 0.184          ; Low Pulse Width  ; clk   ; Rise       ; mystate[1]~reg0           ;
; 0.168  ; 0.352        ; 0.184          ; Low Pulse Width  ; clk   ; Rise       ; mystate[2]~reg0           ;
; 0.168  ; 0.352        ; 0.184          ; Low Pulse Width  ; clk   ; Rise       ; state.S0                  ;
; 0.168  ; 0.352        ; 0.184          ; Low Pulse Width  ; clk   ; Rise       ; state.S1                  ;
; 0.168  ; 0.352        ; 0.184          ; Low Pulse Width  ; clk   ; Rise       ; state.S2                  ;
; 0.168  ; 0.352        ; 0.184          ; Low Pulse Width  ; clk   ; Rise       ; state.S3                  ;
; 0.319  ; 0.319        ; 0.000          ; Low Pulse Width  ; clk   ; Rise       ; state.S4|clk              ;
; 0.330  ; 0.330        ; 0.000          ; Low Pulse Width  ; clk   ; Rise       ; mystate[0]~reg0|clk       ;
; 0.330  ; 0.330        ; 0.000          ; Low Pulse Width  ; clk   ; Rise       ; mystate[1]~reg0|clk       ;
; 0.330  ; 0.330        ; 0.000          ; Low Pulse Width  ; clk   ; Rise       ; mystate[2]~reg0|clk       ;
; 0.330  ; 0.330        ; 0.000          ; Low Pulse Width  ; clk   ; Rise       ; state.S0|clk              ;
; 0.330  ; 0.330        ; 0.000          ; Low Pulse Width  ; clk   ; Rise       ; state.S1|clk              ;
; 0.330  ; 0.330        ; 0.000          ; Low Pulse Width  ; clk   ; Rise       ; state.S2|clk              ;
; 0.330  ; 0.330        ; 0.000          ; Low Pulse Width  ; clk   ; Rise       ; state.S3|clk              ;
; 0.335  ; 0.335        ; 0.000          ; Low Pulse Width  ; clk   ; Rise       ; clk~input|o               ;
; 0.356  ; 0.356        ; 0.000          ; Low Pulse Width  ; clk   ; Rise       ; clk~inputclkctrl|inclk[0] ;
; 0.356  ; 0.356        ; 0.000          ; Low Pulse Width  ; clk   ; Rise       ; clk~inputclkctrl|outclk   ;
; 0.430  ; 0.646        ; 0.216          ; High Pulse Width ; clk   ; Rise       ; mystate[0]~reg0           ;
; 0.430  ; 0.646        ; 0.216          ; High Pulse Width ; clk   ; Rise       ; mystate[1]~reg0           ;
; 0.430  ; 0.646        ; 0.216          ; High Pulse Width ; clk   ; Rise       ; mystate[2]~reg0           ;
; 0.430  ; 0.646        ; 0.216          ; High Pulse Width ; clk   ; Rise       ; state.S0                  ;
; 0.430  ; 0.646        ; 0.216          ; High Pulse Width ; clk   ; Rise       ; state.S1                  ;
; 0.430  ; 0.646        ; 0.216          ; High Pulse Width ; clk   ; Rise       ; state.S2                  ;
; 0.430  ; 0.646        ; 0.216          ; High Pulse Width ; clk   ; Rise       ; state.S3                  ;
; 0.440  ; 0.656        ; 0.216          ; High Pulse Width ; clk   ; Rise       ; state.S4                  ;
; 0.500  ; 0.500        ; 0.000          ; High Pulse Width ; clk   ; Rise       ; clk~input|i               ;
; 0.500  ; 0.500        ; 0.000          ; Low Pulse Width  ; clk   ; Rise       ; clk~input|i               ;
; 0.643  ; 0.643        ; 0.000          ; High Pulse Width ; clk   ; Rise       ; clk~inputclkctrl|inclk[0] ;
; 0.643  ; 0.643        ; 0.000          ; High Pulse Width ; clk   ; Rise       ; clk~inputclkctrl|outclk   ;
; 0.665  ; 0.665        ; 0.000          ; High Pulse Width ; clk   ; Rise       ; clk~input|o               ;
; 0.670  ; 0.670        ; 0.000          ; High Pulse Width ; clk   ; Rise       ; mystate[0]~reg0|clk       ;
; 0.670  ; 0.670        ; 0.000          ; High Pulse Width ; clk   ; Rise       ; mystate[1]~reg0|clk       ;
; 0.670  ; 0.670        ; 0.000          ; High Pulse Width ; clk   ; Rise       ; mystate[2]~reg0|clk       ;
; 0.670  ; 0.670        ; 0.000          ; High Pulse Width ; clk   ; Rise       ; state.S0|clk              ;
; 0.670  ; 0.670        ; 0.000          ; High Pulse Width ; clk   ; Rise       ; state.S1|clk              ;
; 0.670  ; 0.670        ; 0.000          ; High Pulse Width ; clk   ; Rise       ; state.S2|clk              ;
; 0.670  ; 0.670        ; 0.000          ; High Pulse Width ; clk   ; Rise       ; state.S3|clk              ;
; 0.680  ; 0.680        ; 0.000          ; High Pulse Width ; clk   ; Rise       ; state.S4|clk              ;
+--------+--------------+----------------+------------------+-------+------------+---------------------------+


+--------------------------------------------------------------------------------------------------------------+
; Slow 1200mV 85C Model Minimum Pulse Width: 'state.S0'                                                        ;
+-------+--------------+----------------+------------------+----------+------------+---------------------------+
; Slack ; Actual Width ; Required Width ; Type             ; Clock    ; Clock Edge ; Target                    ;
+-------+--------------+----------------+------------------+----------+------------+---------------------------+
; 0.397 ; 0.397        ; 0.000          ; Low Pulse Width  ; state.S0 ; Rise       ; rx[0]|datac               ;
; 0.397 ; 0.397        ; 0.000          ; Low Pulse Width  ; state.S0 ; Rise       ; rx[1]|datac               ;
; 0.398 ; 0.398        ; 0.000          ; Low Pulse Width  ; state.S0 ; Rise       ; rx[2]|datac               ;
; 0.398 ; 0.398        ; 0.000          ; Low Pulse Width  ; state.S0 ; Rise       ; rx[3]|datac               ;
; 0.403 ; 0.403        ; 0.000          ; Low Pulse Width  ; state.S0 ; Rise       ; rx[0]                     ;
; 0.403 ; 0.403        ; 0.000          ; Low Pulse Width  ; state.S0 ; Rise       ; rx[1]                     ;
; 0.404 ; 0.404        ; 0.000          ; Low Pulse Width  ; state.S0 ; Rise       ; rx[2]                     ;
; 0.404 ; 0.404        ; 0.000          ; Low Pulse Width  ; state.S0 ; Rise       ; rx[3]                     ;
; 0.434 ; 0.434        ; 0.000          ; Low Pulse Width  ; state.S0 ; Rise       ; WideOr2~0|datac           ;
; 0.440 ; 0.440        ; 0.000          ; High Pulse Width ; state.S0 ; Fall       ; WideOr2~0|combout         ;
; 0.447 ; 0.447        ; 0.000          ; Low Pulse Width  ; state.S0 ; Rise       ; state.S0~clkctrl|inclk[0] ;
; 0.447 ; 0.447        ; 0.000          ; Low Pulse Width  ; state.S0 ; Rise       ; state.S0~clkctrl|outclk   ;
; 0.453 ; 0.453        ; 0.000          ; High Pulse Width ; state.S0 ; Fall       ; done$latch|datab          ;
; 0.465 ; 0.465        ; 0.000          ; Low Pulse Width  ; state.S0 ; Rise       ; done$latch                ;
; 0.500 ; 0.500        ; 0.000          ; High Pulse Width ; state.S0 ; Rise       ; state.S0|q                ;
; 0.500 ; 0.500        ; 0.000          ; Low Pulse Width  ; state.S0 ; Rise       ; state.S0|q                ;
; 0.522 ; 0.522        ; 0.000          ; High Pulse Width ; state.S0 ; Rise       ; done$latch                ;
; 0.545 ; 0.545        ; 0.000          ; Low Pulse Width  ; state.S0 ; Fall       ; done$latch|datab          ;
; 0.552 ; 0.552        ; 0.000          ; High Pulse Width ; state.S0 ; Rise       ; state.S0~clkctrl|inclk[0] ;
; 0.552 ; 0.552        ; 0.000          ; High Pulse Width ; state.S0 ; Rise       ; state.S0~clkctrl|outclk   ;
; 0.557 ; 0.557        ; 0.000          ; Low Pulse Width  ; state.S0 ; Fall       ; WideOr2~0|combout         ;
; 0.563 ; 0.563        ; 0.000          ; High Pulse Width ; state.S0 ; Rise       ; WideOr2~0|datac           ;
; 0.593 ; 0.593        ; 0.000          ; High Pulse Width ; state.S0 ; Rise       ; rx[2]                     ;
; 0.593 ; 0.593        ; 0.000          ; High Pulse Width ; state.S0 ; Rise       ; rx[3]                     ;
; 0.594 ; 0.594        ; 0.000          ; High Pulse Width ; state.S0 ; Rise       ; rx[0]                     ;
; 0.594 ; 0.594        ; 0.000          ; High Pulse Width ; state.S0 ; Rise       ; rx[1]                     ;
; 0.599 ; 0.599        ; 0.000          ; High Pulse Width ; state.S0 ; Rise       ; rx[2]|datac               ;
; 0.599 ; 0.599        ; 0.000          ; High Pulse Width ; state.S0 ; Rise       ; rx[3]|datac               ;
; 0.600 ; 0.600        ; 0.000          ; High Pulse Width ; state.S0 ; Rise       ; rx[0]|datac               ;
; 0.600 ; 0.600        ; 0.000          ; High Pulse Width ; state.S0 ; Rise       ; rx[1]|datac               ;
+-------+--------------+----------------+------------------+----------+------------+---------------------------+


+-----------------------------------------------------------------------+
; Setup Times                                                           ;
+-----------+------------+-------+-------+------------+-----------------+
; Data Port ; Clock Port ; Rise  ; Fall  ; Clock Edge ; Clock Reference ;
+-----------+------------+-------+-------+------------+-----------------+
; reset     ; clk        ; 3.375 ; 3.763 ; Rise       ; clk             ;
; start     ; clk        ; 3.575 ; 4.075 ; Rise       ; clk             ;
; x[*]      ; state.S0   ; 2.765 ; 3.202 ; Rise       ; state.S0        ;
;  x[0]     ; state.S0   ; 2.454 ; 2.893 ; Rise       ; state.S0        ;
;  x[1]     ; state.S0   ; 2.502 ; 2.936 ; Rise       ; state.S0        ;
;  x[2]     ; state.S0   ; 2.765 ; 3.202 ; Rise       ; state.S0        ;
;  x[3]     ; state.S0   ; 2.444 ; 2.884 ; Rise       ; state.S0        ;
+-----------+------------+-------+-------+------------+-----------------+


+-------------------------------------------------------------------------+
; Hold Times                                                              ;
+-----------+------------+--------+--------+------------+-----------------+
; Data Port ; Clock Port ; Rise   ; Fall   ; Clock Edge ; Clock Reference ;
+-----------+------------+--------+--------+------------+-----------------+
; reset     ; clk        ; -1.215 ; -1.639 ; Rise       ; clk             ;
; start     ; clk        ; -1.687 ; -2.126 ; Rise       ; clk             ;
; x[*]      ; state.S0   ; -1.577 ; -1.994 ; Rise       ; state.S0        ;
;  x[0]     ; state.S0   ; -1.588 ; -2.003 ; Rise       ; state.S0        ;
;  x[1]     ; state.S0   ; -1.638 ; -2.043 ; Rise       ; state.S0        ;
;  x[2]     ; state.S0   ; -1.889 ; -2.297 ; Rise       ; state.S0        ;
;  x[3]     ; state.S0   ; -1.577 ; -1.994 ; Rise       ; state.S0        ;
+-----------+------------+--------+--------+------------+-----------------+


+---------------------------------------------------------------------------+
; Clock to Output Times                                                     ;
+-------------+------------+--------+--------+------------+-----------------+
; Data Port   ; Clock Port ; Rise   ; Fall   ; Clock Edge ; Clock Reference ;
+-------------+------------+--------+--------+------------+-----------------+
; mystate[*]  ; clk        ; 5.673  ; 5.696  ; Rise       ; clk             ;
;  mystate[0] ; clk        ; 5.524  ; 5.541  ; Rise       ; clk             ;
;  mystate[1] ; clk        ; 5.673  ; 5.696  ; Rise       ; clk             ;
;  mystate[2] ; clk        ; 5.626  ; 5.675  ; Rise       ; clk             ;
; done        ; state.S0   ; 5.073  ; 5.062  ; Rise       ; state.S0        ;
; p[*]        ; state.S0   ; 15.113 ; 15.239 ; Rise       ; state.S0        ;
;  p[0]       ; state.S0   ; 13.634 ; 13.720 ; Rise       ; state.S0        ;
;  p[1]       ; state.S0   ; 12.525 ; 12.505 ; Rise       ; state.S0        ;
;  p[2]       ; state.S0   ; 15.113 ; 15.239 ; Rise       ; state.S0        ;
;  p[3]       ; state.S0   ; 14.760 ; 14.888 ; Rise       ; state.S0        ;
;  p[4]       ; state.S0   ; 12.195 ; 12.235 ; Rise       ; state.S0        ;
;  p[5]       ; state.S0   ; 12.968 ; 13.046 ; Rise       ; state.S0        ;
;  p[6]       ; state.S0   ; 12.481 ; 12.374 ; Rise       ; state.S0        ;
;  p[7]       ; state.S0   ; 12.215 ; 12.475 ; Rise       ; state.S0        ;
; temp[*]     ; state.S0   ; 12.968 ; 13.046 ; Rise       ; state.S0        ;
;  temp[0]    ; state.S0   ; 12.476 ; 12.473 ; Rise       ; state.S0        ;
;  temp[1]    ; state.S0   ; 12.195 ; 12.235 ; Rise       ; state.S0        ;
;  temp[2]    ; state.S0   ; 12.968 ; 13.046 ; Rise       ; state.S0        ;
;  temp[3]    ; state.S0   ; 12.481 ; 12.374 ; Rise       ; state.S0        ;
;  temp[4]    ; state.S0   ; 12.215 ; 12.475 ; Rise       ; state.S0        ;
; p[*]        ; state.S0   ; 14.770 ; 14.896 ; Fall       ; state.S0        ;
;  p[0]       ; state.S0   ; 12.404 ; 12.490 ; Fall       ; state.S0        ;
;  p[1]       ; state.S0   ; 12.182 ; 12.162 ; Fall       ; state.S0        ;
;  p[2]       ; state.S0   ; 14.770 ; 14.896 ; Fall       ; state.S0        ;
;  p[3]       ; state.S0   ; 14.417 ; 14.545 ; Fall       ; state.S0        ;
;  p[4]       ; state.S0   ; 11.339 ; 11.379 ; Fall       ; state.S0        ;
;  p[5]       ; state.S0   ; 12.112 ; 12.190 ; Fall       ; state.S0        ;
;  p[6]       ; state.S0   ; 11.382 ; 11.275 ; Fall       ; state.S0        ;
;  p[7]       ; state.S0   ; 11.065 ; 11.376 ; Fall       ; state.S0        ;
; temp[*]     ; state.S0   ; 12.133 ; 12.190 ; Fall       ; state.S0        ;
;  temp[0]    ; state.S0   ; 12.133 ; 12.130 ; Fall       ; state.S0        ;
;  temp[1]    ; state.S0   ; 11.339 ; 11.379 ; Fall       ; state.S0        ;
;  temp[2]    ; state.S0   ; 12.112 ; 12.190 ; Fall       ; state.S0        ;
;  temp[3]    ; state.S0   ; 11.382 ; 11.275 ; Fall       ; state.S0        ;
;  temp[4]    ; state.S0   ; 11.065 ; 11.376 ; Fall       ; state.S0        ;
+-------------+------------+--------+--------+------------+-----------------+


+-------------------------------------------------------------------------+
; Minimum Clock to Output Times                                           ;
+-------------+------------+-------+-------+------------+-----------------+
; Data Port   ; Clock Port ; Rise  ; Fall  ; Clock Edge ; Clock Reference ;
+-------------+------------+-------+-------+------------+-----------------+
; mystate[*]  ; clk        ; 5.351 ; 5.366 ; Rise       ; clk             ;
;  mystate[0] ; clk        ; 5.351 ; 5.366 ; Rise       ; clk             ;
;  mystate[1] ; clk        ; 5.494 ; 5.515 ; Rise       ; clk             ;
;  mystate[2] ; clk        ; 5.445 ; 5.491 ; Rise       ; clk             ;
; done        ; state.S0   ; 4.877 ; 4.866 ; Rise       ; state.S0        ;
; p[*]        ; state.S0   ; 5.950 ; 3.906 ; Rise       ; state.S0        ;
;  p[0]       ; state.S0   ; 7.422 ; 7.378 ; Rise       ; state.S0        ;
;  p[1]       ; state.S0   ; 6.306 ; 6.157 ; Rise       ; state.S0        ;
;  p[2]       ; state.S0   ; 8.727 ; 3.906 ; Rise       ; state.S0        ;
;  p[3]       ; state.S0   ; 8.447 ; 4.289 ; Rise       ; state.S0        ;
;  p[4]       ; state.S0   ; 6.728 ; 7.359 ; Rise       ; state.S0        ;
;  p[5]       ; state.S0   ; 6.867 ; 7.310 ; Rise       ; state.S0        ;
;  p[6]       ; state.S0   ; 5.950 ; 6.471 ; Rise       ; state.S0        ;
;  p[7]       ; state.S0   ; 5.977 ; 6.659 ; Rise       ; state.S0        ;
; temp[*]     ; state.S0   ; 5.950 ; 6.471 ; Rise       ; state.S0        ;
;  temp[0]    ; state.S0   ; 6.259 ; 6.942 ; Rise       ; state.S0        ;
;  temp[1]    ; state.S0   ; 6.728 ; 7.359 ; Rise       ; state.S0        ;
;  temp[2]    ; state.S0   ; 6.867 ; 7.310 ; Rise       ; state.S0        ;
;  temp[3]    ; state.S0   ; 5.950 ; 6.471 ; Rise       ; state.S0        ;
;  temp[4]    ; state.S0   ; 5.977 ; 6.659 ; Rise       ; state.S0        ;
; p[*]        ; state.S0   ; 3.893 ; 5.920 ; Fall       ; state.S0        ;
;  p[0]       ; state.S0   ; 7.415 ; 7.508 ; Fall       ; state.S0        ;
;  p[1]       ; state.S0   ; 6.298 ; 6.287 ; Fall       ; state.S0        ;
;  p[2]       ; state.S0   ; 3.893 ; 8.830 ; Fall       ; state.S0        ;
;  p[3]       ; state.S0   ; 4.331 ; 8.572 ; Fall       ; state.S0        ;
;  p[4]       ; state.S0   ; 7.578 ; 6.852 ; Fall       ; state.S0        ;
;  p[5]       ; state.S0   ; 7.627 ; 6.931 ; Fall       ; state.S0        ;
;  p[6]       ; state.S0   ; 6.715 ; 5.920 ; Fall       ; state.S0        ;
;  p[7]       ; state.S0   ; 6.812 ; 5.980 ; Fall       ; state.S0        ;
; temp[*]     ; state.S0   ; 6.715 ; 5.920 ; Fall       ; state.S0        ;
;  temp[0]    ; state.S0   ; 7.015 ; 6.257 ; Fall       ; state.S0        ;
;  temp[1]    ; state.S0   ; 7.578 ; 6.852 ; Fall       ; state.S0        ;
;  temp[2]    ; state.S0   ; 7.627 ; 6.931 ; Fall       ; state.S0        ;
;  temp[3]    ; state.S0   ; 6.715 ; 5.920 ; Fall       ; state.S0        ;
;  temp[4]    ; state.S0   ; 6.812 ; 5.980 ; Fall       ; state.S0        ;
+-------------+------------+-------+-------+------------+-----------------+


+--------------------------------------------------------------+
; Propagation Delay                                            ;
+------------+-------------+--------+--------+--------+--------+
; Input Port ; Output Port ; RR     ; RF     ; FR     ; FF     ;
+------------+-------------+--------+--------+--------+--------+
; y[0]       ; p[0]        ; 8.466  ;        ;        ; 8.916  ;
; y[0]       ; p[1]        ; 12.991 ; 12.971 ; 13.434 ; 13.414 ;
; y[0]       ; p[2]        ; 15.579 ; 15.705 ; 16.022 ; 16.148 ;
; y[0]       ; p[3]        ; 15.226 ; 15.354 ; 15.669 ; 15.797 ;
; y[0]       ; p[4]        ; 12.079 ; 12.119 ; 12.522 ; 12.562 ;
; y[0]       ; p[5]        ; 12.854 ; 12.922 ; 13.295 ; 13.373 ;
; y[0]       ; p[6]        ; 11.754 ; 11.647 ; 12.199 ; 12.097 ;
; y[0]       ; p[7]        ; 11.738 ; 11.706 ; 12.212 ; 12.180 ;
; y[0]       ; temp[0]     ; 12.942 ; 12.939 ; 13.385 ; 13.382 ;
; y[0]       ; temp[1]     ; 12.079 ; 12.119 ; 12.522 ; 12.562 ;
; y[0]       ; temp[2]     ; 12.854 ; 12.922 ; 13.295 ; 13.373 ;
; y[0]       ; temp[3]     ; 11.754 ; 11.647 ; 12.199 ; 12.097 ;
; y[0]       ; temp[4]     ; 11.738 ; 11.706 ; 12.212 ; 12.180 ;
; y[1]       ; p[1]        ; 7.278  ;        ;        ; 7.616  ;
; y[2]       ; p[2]        ; 7.269  ;        ;        ; 7.673  ;
; y[3]       ; p[3]        ; 7.520  ;        ;        ; 7.968  ;
+------------+-------------+--------+--------+--------+--------+


+--------------------------------------------------------------+
; Minimum Propagation Delay                                    ;
+------------+-------------+--------+--------+--------+--------+
; Input Port ; Output Port ; RR     ; RF     ; FR     ; FF     ;
+------------+-------------+--------+--------+--------+--------+
; y[0]       ; p[0]        ; 8.226  ;        ;        ; 8.666  ;
; y[0]       ; p[1]        ; 7.873  ; 7.799  ; 8.305  ; 8.260  ;
; y[0]       ; p[2]        ; 10.294 ; 10.342 ; 10.726 ; 10.803 ;
; y[0]       ; p[3]        ; 10.014 ; 10.084 ; 10.446 ; 10.545 ;
; y[0]       ; p[4]        ; 8.389  ; 8.482  ; 8.868  ; 8.902  ;
; y[0]       ; p[5]        ; 8.438  ; 8.443  ; 8.872  ; 8.906  ;
; y[0]       ; p[6]        ; 7.526  ; 7.442  ; 7.958  ; 7.903  ;
; y[0]       ; p[7]        ; 7.623  ; 8.812  ; 9.167  ; 8.030  ;
; y[0]       ; temp[0]     ; 7.826  ; 7.769  ; 8.258  ; 8.230  ;
; y[0]       ; temp[1]     ; 8.389  ; 8.482  ; 8.868  ; 8.902  ;
; y[0]       ; temp[2]     ; 8.438  ; 8.443  ; 8.872  ; 8.906  ;
; y[0]       ; temp[3]     ; 7.526  ; 7.442  ; 7.958  ; 7.903  ;
; y[0]       ; temp[4]     ; 7.623  ; 8.812  ; 9.167  ; 8.030  ;
; y[1]       ; p[1]        ; 7.033  ;        ;        ; 7.363  ;
; y[2]       ; p[2]        ; 7.028  ;        ;        ; 7.420  ;
; y[3]       ; p[3]        ; 7.267  ;        ;        ; 7.700  ;
+------------+-------------+--------+--------+--------+--------+


-----------------------------------------------
; Slow 1200mV 85C Model Metastability Summary ;
-----------------------------------------------
No synchronizer chains to report.


+----------------------------------------------------------------------------------------------------------+
; Slow 1200mV 0C Model Fmax Summary                                                                        ;
+-----------+-----------------+------------+---------------------------------------------------------------+
; Fmax      ; Restricted Fmax ; Clock Name ; Note                                                          ;
+-----------+-----------------+------------+---------------------------------------------------------------+
; 612.0 MHz ; 250.0 MHz       ; clk        ; limit due to minimum period restriction (max I/O toggle rate) ;
+-----------+-----------------+------------+---------------------------------------------------------------+
This panel reports FMAX for every clock in the design, regardless of the user-specified clock periods.  FMAX is only computed for paths where the source and destination registers or ports are driven by the same clock.  Paths of different clocks, including generated clocks, are ignored.  For paths between a clock and its inversion, FMAX is computed as if the rising and falling edges are scaled along with FMAX, such that the duty cycle (in terms of a percentage) is maintained. Altera recommends that you always use clock constraints and other slack reports for sign-off analysis.


+------------------------------------+
; Slow 1200mV 0C Model Setup Summary ;
+----------+--------+----------------+
; Clock    ; Slack  ; End Point TNS  ;
+----------+--------+----------------+
; clk      ; -0.634 ; -2.329         ;
; state.S0 ; -0.390 ; -0.390         ;
+----------+--------+----------------+


+-----------------------------------+
; Slow 1200mV 0C Model Hold Summary ;
+----------+-------+----------------+
; Clock    ; Slack ; End Point TNS  ;
+----------+-------+----------------+
; clk      ; 0.075 ; 0.000          ;
; state.S0 ; 0.398 ; 0.000          ;
+----------+-------+----------------+


-----------------------------------------
; Slow 1200mV 0C Model Recovery Summary ;
-----------------------------------------
No paths to report.


----------------------------------------
; Slow 1200mV 0C Model Removal Summary ;
----------------------------------------
No paths to report.


+--------------------------------------------------+
; Slow 1200mV 0C Model Minimum Pulse Width Summary ;
+----------+--------+------------------------------+
; Clock    ; Slack  ; End Point TNS                ;
+----------+--------+------------------------------+
; clk      ; -3.000 ; -11.000                      ;
; state.S0 ; 0.434  ; 0.000                        ;
+----------+--------+------------------------------+


+------------------------------------------------------------------------------------------------------------+
; Slow 1200mV 0C Model Setup: 'clk'                                                                          ;
+--------+-----------+-----------------+--------------+-------------+--------------+------------+------------+
; Slack  ; From Node ; To Node         ; Launch Clock ; Latch Clock ; Relationship ; Clock Skew ; Data Delay ;
+--------+-----------+-----------------+--------------+-------------+--------------+------------+------------+
; -0.634 ; state.S1  ; state.S1        ; clk          ; clk         ; 1.000        ; -0.057     ; 1.572      ;
; -0.508 ; state.S3  ; state.S4        ; clk          ; clk         ; 1.000        ; -0.597     ; 0.906      ;
; -0.506 ; state.S4  ; state.S0        ; clk          ; clk         ; 1.000        ; 0.485      ; 1.986      ;
; -0.364 ; state.S4  ; state.S4        ; clk          ; clk         ; 1.000        ; -0.045     ; 1.314      ;
; -0.327 ; state.S0  ; state.S0        ; state.S0     ; clk         ; 0.500        ; 1.812      ; 2.804      ;
; -0.245 ; state.S3  ; mystate[0]~reg0 ; clk          ; clk         ; 1.000        ; -0.057     ; 1.183      ;
; -0.244 ; state.S3  ; mystate[1]~reg0 ; clk          ; clk         ; 1.000        ; -0.057     ; 1.182      ;
; -0.192 ; state.S1  ; state.S2        ; clk          ; clk         ; 1.000        ; -0.057     ; 1.130      ;
; -0.074 ; state.S0  ; state.S1        ; state.S0     ; clk         ; 0.500        ; 1.812      ; 2.551      ;
; 0.055  ; state.S1  ; mystate[0]~reg0 ; clk          ; clk         ; 1.000        ; -0.057     ; 0.883      ;
; 0.067  ; state.S2  ; state.S3        ; clk          ; clk         ; 1.000        ; -0.057     ; 0.871      ;
; 0.068  ; state.S2  ; mystate[1]~reg0 ; clk          ; clk         ; 1.000        ; -0.057     ; 0.870      ;
; 0.155  ; state.S0  ; state.S0        ; state.S0     ; clk         ; 1.000        ; 1.812      ; 2.822      ;
; 0.306  ; state.S4  ; mystate[2]~reg0 ; clk          ; clk         ; 1.000        ; 0.485      ; 1.174      ;
; 0.376  ; state.S2  ; state.S2        ; clk          ; clk         ; 1.000        ; -0.057     ; 0.562      ;
; 0.376  ; state.S3  ; state.S3        ; clk          ; clk         ; 1.000        ; -0.057     ; 0.562      ;
; 0.482  ; state.S0  ; state.S1        ; state.S0     ; clk         ; 1.000        ; 1.812      ; 2.495      ;
+--------+-----------+-----------------+--------------+-------------+--------------+------------+------------+


+-------------------------------------------------------------------------------------------------------+
; Slow 1200mV 0C Model Setup: 'state.S0'                                                                ;
+--------+-----------+------------+--------------+-------------+--------------+------------+------------+
; Slack  ; From Node ; To Node    ; Launch Clock ; Latch Clock ; Relationship ; Clock Skew ; Data Delay ;
+--------+-----------+------------+--------------+-------------+--------------+------------+------------+
; -0.390 ; state.S4  ; done$latch ; clk          ; state.S0    ; 1.000        ; 0.112      ; 0.831      ;
+--------+-----------+------------+--------------+-------------+--------------+------------+------------+


+-----------------------------------------------------------------------------------------------------------+
; Slow 1200mV 0C Model Hold: 'clk'                                                                          ;
+-------+-----------+-----------------+--------------+-------------+--------------+------------+------------+
; Slack ; From Node ; To Node         ; Launch Clock ; Latch Clock ; Relationship ; Clock Skew ; Data Delay ;
+-------+-----------+-----------------+--------------+-------------+--------------+------------+------------+
; 0.075 ; state.S0  ; state.S1        ; state.S0     ; clk         ; 0.000        ; 1.879      ; 2.308      ;
; 0.280 ; state.S4  ; mystate[2]~reg0 ; clk          ; clk         ; 0.000        ; 0.597      ; 1.021      ;
; 0.310 ; state.S3  ; state.S3        ; clk          ; clk         ; 0.000        ; 0.057      ; 0.511      ;
; 0.310 ; state.S2  ; state.S2        ; clk          ; clk         ; 0.000        ; 0.057      ; 0.511      ;
; 0.481 ; state.S0  ; state.S0        ; state.S0     ; clk         ; 0.000        ; 1.879      ; 2.714      ;
; 0.624 ; state.S2  ; mystate[1]~reg0 ; clk          ; clk         ; 0.000        ; 0.057      ; 0.825      ;
; 0.625 ; state.S2  ; state.S3        ; clk          ; clk         ; 0.000        ; 0.057      ; 0.826      ;
; 0.635 ; state.S1  ; mystate[0]~reg0 ; clk          ; clk         ; 0.000        ; 0.057      ; 0.836      ;
; 0.656 ; state.S0  ; state.S1        ; state.S0     ; clk         ; -0.500       ; 1.879      ; 2.389      ;
; 0.848 ; state.S1  ; state.S2        ; clk          ; clk         ; 0.000        ; 0.057      ; 1.049      ;
; 0.923 ; state.S3  ; mystate[1]~reg0 ; clk          ; clk         ; 0.000        ; 0.057      ; 1.124      ;
; 0.924 ; state.S3  ; mystate[0]~reg0 ; clk          ; clk         ; 0.000        ; 0.057      ; 1.125      ;
; 0.964 ; state.S0  ; state.S0        ; state.S0     ; clk         ; -0.500       ; 1.879      ; 2.697      ;
; 1.032 ; state.S4  ; state.S4        ; clk          ; clk         ; 0.000        ; 0.045      ; 1.221      ;
; 1.114 ; state.S4  ; state.S0        ; clk          ; clk         ; 0.000        ; 0.597      ; 1.855      ;
; 1.166 ; state.S3  ; state.S4        ; clk          ; clk         ; 0.000        ; -0.485     ; 0.825      ;
; 1.223 ; state.S1  ; state.S1        ; clk          ; clk         ; 0.000        ; 0.057      ; 1.424      ;
+-------+-----------+-----------------+--------------+-------------+--------------+------------+------------+


+------------------------------------------------------------------------------------------------------+
; Slow 1200mV 0C Model Hold: 'state.S0'                                                                ;
+-------+-----------+------------+--------------+-------------+--------------+------------+------------+
; Slack ; From Node ; To Node    ; Launch Clock ; Latch Clock ; Relationship ; Clock Skew ; Data Delay ;
+-------+-----------+------------+--------------+-------------+--------------+------------+------------+
; 0.398 ; state.S4  ; done$latch ; clk          ; state.S0    ; 0.000        ; 0.241      ; 0.669      ;
+-------+-----------+------------+--------------+-------------+--------------+------------+------------+


+------------------------------------------------------------------------------------------------------------+
; Slow 1200mV 0C Model Minimum Pulse Width: 'clk'                                                            ;
+--------+--------------+----------------+------------------+-------+------------+---------------------------+
; Slack  ; Actual Width ; Required Width ; Type             ; Clock ; Clock Edge ; Target                    ;
+--------+--------------+----------------+------------------+-------+------------+---------------------------+
; -3.000 ; 1.000        ; 4.000          ; Port Rate        ; clk   ; Rise       ; clk                       ;
; -1.000 ; 1.000        ; 2.000          ; Min Period       ; clk   ; Rise       ; mystate[0]~reg0           ;
; -1.000 ; 1.000        ; 2.000          ; Min Period       ; clk   ; Rise       ; mystate[1]~reg0           ;
; -1.000 ; 1.000        ; 2.000          ; Min Period       ; clk   ; Rise       ; mystate[2]~reg0           ;
; -1.000 ; 1.000        ; 2.000          ; Min Period       ; clk   ; Rise       ; state.S0                  ;
; -1.000 ; 1.000        ; 2.000          ; Min Period       ; clk   ; Rise       ; state.S1                  ;
; -1.000 ; 1.000        ; 2.000          ; Min Period       ; clk   ; Rise       ; state.S2                  ;
; -1.000 ; 1.000        ; 2.000          ; Min Period       ; clk   ; Rise       ; state.S3                  ;
; -1.000 ; 1.000        ; 2.000          ; Min Period       ; clk   ; Rise       ; state.S4                  ;
; 0.175  ; 0.359        ; 0.184          ; Low Pulse Width  ; clk   ; Rise       ; state.S4                  ;
; 0.195  ; 0.379        ; 0.184          ; Low Pulse Width  ; clk   ; Rise       ; mystate[0]~reg0           ;
; 0.195  ; 0.379        ; 0.184          ; Low Pulse Width  ; clk   ; Rise       ; mystate[1]~reg0           ;
; 0.195  ; 0.379        ; 0.184          ; Low Pulse Width  ; clk   ; Rise       ; mystate[2]~reg0           ;
; 0.195  ; 0.379        ; 0.184          ; Low Pulse Width  ; clk   ; Rise       ; state.S0                  ;
; 0.195  ; 0.379        ; 0.184          ; Low Pulse Width  ; clk   ; Rise       ; state.S1                  ;
; 0.195  ; 0.379        ; 0.184          ; Low Pulse Width  ; clk   ; Rise       ; state.S2                  ;
; 0.195  ; 0.379        ; 0.184          ; Low Pulse Width  ; clk   ; Rise       ; state.S3                  ;
; 0.335  ; 0.335        ; 0.000          ; Low Pulse Width  ; clk   ; Rise       ; state.S4|clk              ;
; 0.355  ; 0.355        ; 0.000          ; Low Pulse Width  ; clk   ; Rise       ; mystate[0]~reg0|clk       ;
; 0.355  ; 0.355        ; 0.000          ; Low Pulse Width  ; clk   ; Rise       ; mystate[1]~reg0|clk       ;
; 0.355  ; 0.355        ; 0.000          ; Low Pulse Width  ; clk   ; Rise       ; mystate[2]~reg0|clk       ;
; 0.355  ; 0.355        ; 0.000          ; Low Pulse Width  ; clk   ; Rise       ; state.S0|clk              ;
; 0.355  ; 0.355        ; 0.000          ; Low Pulse Width  ; clk   ; Rise       ; state.S1|clk              ;
; 0.355  ; 0.355        ; 0.000          ; Low Pulse Width  ; clk   ; Rise       ; state.S2|clk              ;
; 0.355  ; 0.355        ; 0.000          ; Low Pulse Width  ; clk   ; Rise       ; state.S3|clk              ;
; 0.358  ; 0.358        ; 0.000          ; Low Pulse Width  ; clk   ; Rise       ; clk~input|o               ;
; 0.370  ; 0.370        ; 0.000          ; Low Pulse Width  ; clk   ; Rise       ; clk~inputclkctrl|inclk[0] ;
; 0.370  ; 0.370        ; 0.000          ; Low Pulse Width  ; clk   ; Rise       ; clk~inputclkctrl|outclk   ;
; 0.405  ; 0.621        ; 0.216          ; High Pulse Width ; clk   ; Rise       ; mystate[0]~reg0           ;
; 0.405  ; 0.621        ; 0.216          ; High Pulse Width ; clk   ; Rise       ; mystate[1]~reg0           ;
; 0.405  ; 0.621        ; 0.216          ; High Pulse Width ; clk   ; Rise       ; mystate[2]~reg0           ;
; 0.405  ; 0.621        ; 0.216          ; High Pulse Width ; clk   ; Rise       ; state.S0                  ;
; 0.405  ; 0.621        ; 0.216          ; High Pulse Width ; clk   ; Rise       ; state.S1                  ;
; 0.405  ; 0.621        ; 0.216          ; High Pulse Width ; clk   ; Rise       ; state.S2                  ;
; 0.405  ; 0.621        ; 0.216          ; High Pulse Width ; clk   ; Rise       ; state.S3                  ;
; 0.424  ; 0.640        ; 0.216          ; High Pulse Width ; clk   ; Rise       ; state.S4                  ;
; 0.500  ; 0.500        ; 0.000          ; High Pulse Width ; clk   ; Rise       ; clk~input|i               ;
; 0.500  ; 0.500        ; 0.000          ; Low Pulse Width  ; clk   ; Rise       ; clk~input|i               ;
; 0.630  ; 0.630        ; 0.000          ; High Pulse Width ; clk   ; Rise       ; clk~inputclkctrl|inclk[0] ;
; 0.630  ; 0.630        ; 0.000          ; High Pulse Width ; clk   ; Rise       ; clk~inputclkctrl|outclk   ;
; 0.642  ; 0.642        ; 0.000          ; High Pulse Width ; clk   ; Rise       ; clk~input|o               ;
; 0.645  ; 0.645        ; 0.000          ; High Pulse Width ; clk   ; Rise       ; mystate[0]~reg0|clk       ;
; 0.645  ; 0.645        ; 0.000          ; High Pulse Width ; clk   ; Rise       ; mystate[1]~reg0|clk       ;
; 0.645  ; 0.645        ; 0.000          ; High Pulse Width ; clk   ; Rise       ; mystate[2]~reg0|clk       ;
; 0.645  ; 0.645        ; 0.000          ; High Pulse Width ; clk   ; Rise       ; state.S0|clk              ;
; 0.645  ; 0.645        ; 0.000          ; High Pulse Width ; clk   ; Rise       ; state.S1|clk              ;
; 0.645  ; 0.645        ; 0.000          ; High Pulse Width ; clk   ; Rise       ; state.S2|clk              ;
; 0.645  ; 0.645        ; 0.000          ; High Pulse Width ; clk   ; Rise       ; state.S3|clk              ;
; 0.664  ; 0.664        ; 0.000          ; High Pulse Width ; clk   ; Rise       ; state.S4|clk              ;
+--------+--------------+----------------+------------------+-------+------------+---------------------------+


+--------------------------------------------------------------------------------------------------------------+
; Slow 1200mV 0C Model Minimum Pulse Width: 'state.S0'                                                         ;
+-------+--------------+----------------+------------------+----------+------------+---------------------------+
; Slack ; Actual Width ; Required Width ; Type             ; Clock    ; Clock Edge ; Target                    ;
+-------+--------------+----------------+------------------+----------+------------+---------------------------+
; 0.434 ; 0.434        ; 0.000          ; Low Pulse Width  ; state.S0 ; Rise       ; rx[0]|datac               ;
; 0.434 ; 0.434        ; 0.000          ; Low Pulse Width  ; state.S0 ; Rise       ; rx[1]|datac               ;
; 0.434 ; 0.434        ; 0.000          ; Low Pulse Width  ; state.S0 ; Rise       ; rx[2]|datac               ;
; 0.434 ; 0.434        ; 0.000          ; Low Pulse Width  ; state.S0 ; Rise       ; rx[3]|datac               ;
; 0.435 ; 0.435        ; 0.000          ; Low Pulse Width  ; state.S0 ; Rise       ; rx[0]                     ;
; 0.435 ; 0.435        ; 0.000          ; Low Pulse Width  ; state.S0 ; Rise       ; rx[1]                     ;
; 0.435 ; 0.435        ; 0.000          ; Low Pulse Width  ; state.S0 ; Rise       ; rx[2]                     ;
; 0.435 ; 0.435        ; 0.000          ; Low Pulse Width  ; state.S0 ; Rise       ; rx[3]                     ;
; 0.452 ; 0.452        ; 0.000          ; High Pulse Width ; state.S0 ; Fall       ; done$latch|datab          ;
; 0.457 ; 0.457        ; 0.000          ; Low Pulse Width  ; state.S0 ; Rise       ; state.S0~clkctrl|inclk[0] ;
; 0.457 ; 0.457        ; 0.000          ; Low Pulse Width  ; state.S0 ; Rise       ; state.S0~clkctrl|outclk   ;
; 0.459 ; 0.459        ; 0.000          ; Low Pulse Width  ; state.S0 ; Rise       ; done$latch                ;
; 0.471 ; 0.471        ; 0.000          ; Low Pulse Width  ; state.S0 ; Rise       ; WideOr2~0|datac           ;
; 0.472 ; 0.472        ; 0.000          ; High Pulse Width ; state.S0 ; Fall       ; WideOr2~0|combout         ;
; 0.500 ; 0.500        ; 0.000          ; High Pulse Width ; state.S0 ; Rise       ; state.S0|q                ;
; 0.500 ; 0.500        ; 0.000          ; Low Pulse Width  ; state.S0 ; Rise       ; state.S0|q                ;
; 0.528 ; 0.528        ; 0.000          ; Low Pulse Width  ; state.S0 ; Fall       ; WideOr2~0|combout         ;
; 0.528 ; 0.528        ; 0.000          ; High Pulse Width ; state.S0 ; Rise       ; WideOr2~0|datac           ;
; 0.530 ; 0.530        ; 0.000          ; High Pulse Width ; state.S0 ; Rise       ; done$latch                ;
; 0.542 ; 0.542        ; 0.000          ; High Pulse Width ; state.S0 ; Rise       ; state.S0~clkctrl|inclk[0] ;
; 0.542 ; 0.542        ; 0.000          ; High Pulse Width ; state.S0 ; Rise       ; state.S0~clkctrl|outclk   ;
; 0.546 ; 0.546        ; 0.000          ; Low Pulse Width  ; state.S0 ; Fall       ; done$latch|datab          ;
; 0.564 ; 0.564        ; 0.000          ; High Pulse Width ; state.S0 ; Rise       ; rx[0]                     ;
; 0.564 ; 0.564        ; 0.000          ; High Pulse Width ; state.S0 ; Rise       ; rx[0]|datac               ;
; 0.564 ; 0.564        ; 0.000          ; High Pulse Width ; state.S0 ; Rise       ; rx[1]                     ;
; 0.564 ; 0.564        ; 0.000          ; High Pulse Width ; state.S0 ; Rise       ; rx[1]|datac               ;
; 0.564 ; 0.564        ; 0.000          ; High Pulse Width ; state.S0 ; Rise       ; rx[2]                     ;
; 0.564 ; 0.564        ; 0.000          ; High Pulse Width ; state.S0 ; Rise       ; rx[2]|datac               ;
; 0.564 ; 0.564        ; 0.000          ; High Pulse Width ; state.S0 ; Rise       ; rx[3]                     ;
; 0.564 ; 0.564        ; 0.000          ; High Pulse Width ; state.S0 ; Rise       ; rx[3]|datac               ;
+-------+--------------+----------------+------------------+----------+------------+---------------------------+


+-----------------------------------------------------------------------+
; Setup Times                                                           ;
+-----------+------------+-------+-------+------------+-----------------+
; Data Port ; Clock Port ; Rise  ; Fall  ; Clock Edge ; Clock Reference ;
+-----------+------------+-------+-------+------------+-----------------+
; reset     ; clk        ; 2.930 ; 3.271 ; Rise       ; clk             ;
; start     ; clk        ; 3.158 ; 3.514 ; Rise       ; clk             ;
; x[*]      ; state.S0   ; 2.453 ; 2.787 ; Rise       ; state.S0        ;
;  x[0]     ; state.S0   ; 2.163 ; 2.508 ; Rise       ; state.S0        ;
;  x[1]     ; state.S0   ; 2.204 ; 2.547 ; Rise       ; state.S0        ;
;  x[2]     ; state.S0   ; 2.453 ; 2.787 ; Rise       ; state.S0        ;
;  x[3]     ; state.S0   ; 2.154 ; 2.500 ; Rise       ; state.S0        ;
+-----------+------------+-------+-------+------------+-----------------+


+-------------------------------------------------------------------------+
; Hold Times                                                              ;
+-----------+------------+--------+--------+------------+-----------------+
; Data Port ; Clock Port ; Rise   ; Fall   ; Clock Edge ; Clock Reference ;
+-----------+------------+--------+--------+------------+-----------------+
; reset     ; clk        ; -1.004 ; -1.338 ; Rise       ; clk             ;
; start     ; clk        ; -1.438 ; -1.776 ; Rise       ; clk             ;
; x[*]      ; state.S0   ; -1.377 ; -1.704 ; Rise       ; state.S0        ;
;  x[0]     ; state.S0   ; -1.386 ; -1.712 ; Rise       ; state.S0        ;
;  x[1]     ; state.S0   ; -1.431 ; -1.750 ; Rise       ; state.S0        ;
;  x[2]     ; state.S0   ; -1.667 ; -1.979 ; Rise       ; state.S0        ;
;  x[3]     ; state.S0   ; -1.377 ; -1.704 ; Rise       ; state.S0        ;
+-----------+------------+--------+--------+------------+-----------------+


+---------------------------------------------------------------------------+
; Clock to Output Times                                                     ;
+-------------+------------+--------+--------+------------+-----------------+
; Data Port   ; Clock Port ; Rise   ; Fall   ; Clock Edge ; Clock Reference ;
+-------------+------------+--------+--------+------------+-----------------+
; mystate[*]  ; clk        ; 5.108  ; 5.090  ; Rise       ; clk             ;
;  mystate[0] ; clk        ; 4.967  ; 4.967  ; Rise       ; clk             ;
;  mystate[1] ; clk        ; 5.108  ; 5.090  ; Rise       ; clk             ;
;  mystate[2] ; clk        ; 5.038  ; 5.065  ; Rise       ; clk             ;
; done        ; state.S0   ; 4.561  ; 4.506  ; Rise       ; state.S0        ;
; p[*]        ; state.S0   ; 13.578 ; 13.538 ; Rise       ; state.S0        ;
;  p[0]       ; state.S0   ; 12.165 ; 12.135 ; Rise       ; state.S0        ;
;  p[1]       ; state.S0   ; 11.189 ; 11.119 ; Rise       ; state.S0        ;
;  p[2]       ; state.S0   ; 13.578 ; 13.538 ; Rise       ; state.S0        ;
;  p[3]       ; state.S0   ; 13.253 ; 13.230 ; Rise       ; state.S0        ;
;  p[4]       ; state.S0   ; 10.868 ; 10.840 ; Rise       ; state.S0        ;
;  p[5]       ; state.S0   ; 11.591 ; 11.606 ; Rise       ; state.S0        ;
;  p[6]       ; state.S0   ; 11.128 ; 10.998 ; Rise       ; state.S0        ;
;  p[7]       ; state.S0   ; 10.895 ; 11.091 ; Rise       ; state.S0        ;
; temp[*]     ; state.S0   ; 11.591 ; 11.606 ; Rise       ; state.S0        ;
;  temp[0]    ; state.S0   ; 11.157 ; 11.085 ; Rise       ; state.S0        ;
;  temp[1]    ; state.S0   ; 10.868 ; 10.840 ; Rise       ; state.S0        ;
;  temp[2]    ; state.S0   ; 11.591 ; 11.606 ; Rise       ; state.S0        ;
;  temp[3]    ; state.S0   ; 11.128 ; 10.998 ; Rise       ; state.S0        ;
;  temp[4]    ; state.S0   ; 10.895 ; 11.091 ; Rise       ; state.S0        ;
; p[*]        ; state.S0   ; 13.291 ; 13.239 ; Fall       ; state.S0        ;
;  p[0]       ; state.S0   ; 11.076 ; 11.046 ; Fall       ; state.S0        ;
;  p[1]       ; state.S0   ; 10.902 ; 10.820 ; Fall       ; state.S0        ;
;  p[2]       ; state.S0   ; 13.291 ; 13.239 ; Fall       ; state.S0        ;
;  p[3]       ; state.S0   ; 12.966 ; 12.931 ; Fall       ; state.S0        ;
;  p[4]       ; state.S0   ; 10.114 ; 10.086 ; Fall       ; state.S0        ;
;  p[5]       ; state.S0   ; 10.837 ; 10.852 ; Fall       ; state.S0        ;
;  p[6]       ; state.S0   ; 10.133 ; 10.003 ; Fall       ; state.S0        ;
;  p[7]       ; state.S0   ; 9.874  ; 10.096 ; Fall       ; state.S0        ;
; temp[*]     ; state.S0   ; 10.870 ; 10.852 ; Fall       ; state.S0        ;
;  temp[0]    ; state.S0   ; 10.870 ; 10.786 ; Fall       ; state.S0        ;
;  temp[1]    ; state.S0   ; 10.114 ; 10.086 ; Fall       ; state.S0        ;
;  temp[2]    ; state.S0   ; 10.837 ; 10.852 ; Fall       ; state.S0        ;
;  temp[3]    ; state.S0   ; 10.133 ; 10.003 ; Fall       ; state.S0        ;
;  temp[4]    ; state.S0   ; 9.874  ; 10.096 ; Fall       ; state.S0        ;
+-------------+------------+--------+--------+------------+-----------------+


+-------------------------------------------------------------------------+
; Minimum Clock to Output Times                                           ;
+-------------+------------+-------+-------+------------+-----------------+
; Data Port   ; Clock Port ; Rise  ; Fall  ; Clock Edge ; Clock Reference ;
+-------------+------------+-------+-------+------------+-----------------+
; mystate[*]  ; clk        ; 4.801 ; 4.800 ; Rise       ; clk             ;
;  mystate[0] ; clk        ; 4.801 ; 4.800 ; Rise       ; clk             ;
;  mystate[1] ; clk        ; 4.937 ; 4.918 ; Rise       ; clk             ;
;  mystate[2] ; clk        ; 4.865 ; 4.890 ; Rise       ; clk             ;
; done        ; state.S0   ; 4.372 ; 4.319 ; Rise       ; state.S0        ;
; p[*]        ; state.S0   ; 5.373 ; 3.454 ; Rise       ; state.S0        ;
;  p[0]       ; state.S0   ; 6.681 ; 6.577 ; Rise       ; state.S0        ;
;  p[1]       ; state.S0   ; 5.699 ; 5.554 ; Rise       ; state.S0        ;
;  p[2]       ; state.S0   ; 7.936 ; 3.454 ; Rise       ; state.S0        ;
;  p[3]       ; state.S0   ; 7.677 ; 3.820 ; Rise       ; state.S0        ;
;  p[4]       ; state.S0   ; 6.083 ; 6.492 ; Rise       ; state.S0        ;
;  p[5]       ; state.S0   ; 6.225 ; 6.496 ; Rise       ; state.S0        ;
;  p[6]       ; state.S0   ; 5.373 ; 5.744 ; Rise       ; state.S0        ;
;  p[7]       ; state.S0   ; 5.407 ; 5.897 ; Rise       ; state.S0        ;
; temp[*]     ; state.S0   ; 5.373 ; 5.744 ; Rise       ; state.S0        ;
;  temp[0]    ; state.S0   ; 5.669 ; 6.170 ; Rise       ; state.S0        ;
;  temp[1]    ; state.S0   ; 6.083 ; 6.492 ; Rise       ; state.S0        ;
;  temp[2]    ; state.S0   ; 6.225 ; 6.496 ; Rise       ; state.S0        ;
;  temp[3]    ; state.S0   ; 5.373 ; 5.744 ; Rise       ; state.S0        ;
;  temp[4]    ; state.S0   ; 5.407 ; 5.897 ; Rise       ; state.S0        ;
; p[*]        ; state.S0   ; 3.456 ; 5.238 ; Fall       ; state.S0        ;
;  p[0]       ; state.S0   ; 6.586 ; 6.599 ; Fall       ; state.S0        ;
;  p[1]       ; state.S0   ; 5.603 ; 5.576 ; Fall       ; state.S0        ;
;  p[2]       ; state.S0   ; 3.456 ; 7.822 ; Fall       ; state.S0        ;
;  p[3]       ; state.S0   ; 3.828 ; 7.599 ; Fall       ; state.S0        ;
;  p[4]       ; state.S0   ; 6.760 ; 6.038 ; Fall       ; state.S0        ;
;  p[5]       ; state.S0   ; 6.823 ; 6.153 ; Fall       ; state.S0        ;
;  p[6]       ; state.S0   ; 5.978 ; 5.238 ; Fall       ; state.S0        ;
;  p[7]       ; state.S0   ; 6.068 ; 5.294 ; Fall       ; state.S0        ;
; temp[*]     ; state.S0   ; 5.978 ; 5.238 ; Fall       ; state.S0        ;
;  temp[0]    ; state.S0   ; 6.264 ; 5.543 ; Fall       ; state.S0        ;
;  temp[1]    ; state.S0   ; 6.760 ; 6.038 ; Fall       ; state.S0        ;
;  temp[2]    ; state.S0   ; 6.823 ; 6.153 ; Fall       ; state.S0        ;
;  temp[3]    ; state.S0   ; 5.978 ; 5.238 ; Fall       ; state.S0        ;
;  temp[4]    ; state.S0   ; 6.068 ; 5.294 ; Fall       ; state.S0        ;
+-------------+------------+-------+-------+------------+-----------------+


+--------------------------------------------------------------+
; Propagation Delay                                            ;
+------------+-------------+--------+--------+--------+--------+
; Input Port ; Output Port ; RR     ; RF     ; FR     ; FF     ;
+------------+-------------+--------+--------+--------+--------+
; y[0]       ; p[0]        ; 7.522  ;        ;        ; 7.800  ;
; y[0]       ; p[1]        ; 11.608 ; 11.526 ; 11.940 ; 11.870 ;
; y[0]       ; p[2]        ; 13.997 ; 13.945 ; 14.329 ; 14.289 ;
; y[0]       ; p[3]        ; 13.672 ; 13.637 ; 14.004 ; 13.981 ;
; y[0]       ; p[4]        ; 10.773 ; 10.733 ; 11.105 ; 11.077 ;
; y[0]       ; p[5]        ; 11.482 ; 11.474 ; 11.828 ; 11.843 ;
; y[0]       ; p[6]        ; 10.473 ; 10.343 ; 10.820 ; 10.707 ;
; y[0]       ; p[7]        ; 10.464 ; 10.391 ; 10.838 ; 10.765 ;
; y[0]       ; temp[0]     ; 11.576 ; 11.492 ; 11.908 ; 11.836 ;
; y[0]       ; temp[1]     ; 10.773 ; 10.733 ; 11.105 ; 11.077 ;
; y[0]       ; temp[2]     ; 11.482 ; 11.474 ; 11.828 ; 11.843 ;
; y[0]       ; temp[3]     ; 10.473 ; 10.343 ; 10.820 ; 10.707 ;
; y[0]       ; temp[4]     ; 10.464 ; 10.391 ; 10.838 ; 10.765 ;
; y[1]       ; p[1]        ; 6.468  ;        ;        ; 6.705  ;
; y[2]       ; p[2]        ; 6.450  ;        ;        ; 6.754  ;
; y[3]       ; p[3]        ; 6.676  ;        ;        ; 7.018  ;
+------------+-------------+--------+--------+--------+--------+


+----------------------------------------------------------+
; Minimum Propagation Delay                                ;
+------------+-------------+-------+-------+-------+-------+
; Input Port ; Output Port ; RR    ; RF    ; FR    ; FF    ;
+------------+-------------+-------+-------+-------+-------+
; y[0]       ; p[0]        ; 7.299 ;       ;       ; 7.573 ;
; y[0]       ; p[1]        ; 7.007 ; 6.917 ; 7.345 ; 7.282 ;
; y[0]       ; p[2]        ; 9.244 ; 9.163 ; 9.582 ; 9.528 ;
; y[0]       ; p[3]        ; 8.985 ; 8.940 ; 9.323 ; 9.305 ;
; y[0]       ; p[4]        ; 7.473 ; 7.480 ; 7.844 ; 7.803 ;
; y[0]       ; p[5]        ; 7.536 ; 7.493 ; 7.876 ; 7.860 ;
; y[0]       ; p[6]        ; 6.691 ; 6.589 ; 7.029 ; 6.954 ;
; y[0]       ; p[7]        ; 6.781 ; 7.809 ; 8.121 ; 7.060 ;
; y[0]       ; temp[0]     ; 6.977 ; 6.884 ; 7.315 ; 7.249 ;
; y[0]       ; temp[1]     ; 7.473 ; 7.480 ; 7.844 ; 7.803 ;
; y[0]       ; temp[2]     ; 7.536 ; 7.493 ; 7.876 ; 7.860 ;
; y[0]       ; temp[3]     ; 6.691 ; 6.589 ; 7.029 ; 6.954 ;
; y[0]       ; temp[4]     ; 6.781 ; 7.809 ; 8.121 ; 7.060 ;
; y[1]       ; p[1]        ; 6.242 ;       ;       ; 6.474 ;
; y[2]       ; p[2]        ; 6.228 ;       ;       ; 6.523 ;
; y[3]       ; p[3]        ; 6.443 ;       ;       ; 6.775 ;
+------------+-------------+-------+-------+-------+-------+


----------------------------------------------
; Slow 1200mV 0C Model Metastability Summary ;
----------------------------------------------
No synchronizer chains to report.


+------------------------------------+
; Fast 1200mV 0C Model Setup Summary ;
+----------+--------+----------------+
; Clock    ; Slack  ; End Point TNS  ;
+----------+--------+----------------+
; clk      ; -0.108 ; -0.155         ;
; state.S0 ; 0.145  ; 0.000          ;
+----------+--------+----------------+


+-----------------------------------+
; Fast 1200mV 0C Model Hold Summary ;
+----------+-------+----------------+
; Clock    ; Slack ; End Point TNS  ;
+----------+-------+----------------+
; clk      ; 0.023 ; 0.000          ;
; state.S0 ; 0.211 ; 0.000          ;
+----------+-------+----------------+


-----------------------------------------
; Fast 1200mV 0C Model Recovery Summary ;
-----------------------------------------
No paths to report.


----------------------------------------
; Fast 1200mV 0C Model Removal Summary ;
----------------------------------------
No paths to report.


+--------------------------------------------------+
; Fast 1200mV 0C Model Minimum Pulse Width Summary ;
+----------+--------+------------------------------+
; Clock    ; Slack  ; End Point TNS                ;
+----------+--------+------------------------------+
; clk      ; -3.000 ; -11.502                      ;
; state.S0 ; 0.415  ; 0.000                        ;
+----------+--------+------------------------------+


+------------------------------------------------------------------------------------------------------------+
; Fast 1200mV 0C Model Setup: 'clk'                                                                          ;
+--------+-----------+-----------------+--------------+-------------+--------------+------------+------------+
; Slack  ; From Node ; To Node         ; Launch Clock ; Latch Clock ; Relationship ; Clock Skew ; Data Delay ;
+--------+-----------+-----------------+--------------+-------------+--------------+------------+------------+
; -0.108 ; state.S0  ; state.S0        ; state.S0     ; clk         ; 0.500        ; 1.146      ; 1.836      ;
; -0.047 ; state.S1  ; state.S1        ; clk          ; clk         ; 1.000        ; -0.037     ; 0.997      ;
; 0.005  ; state.S3  ; state.S4        ; clk          ; clk         ; 1.000        ; -0.425     ; 0.557      ;
; 0.091  ; state.S4  ; state.S0        ; clk          ; clk         ; 1.000        ; 0.351      ; 1.247      ;
; 0.137  ; state.S4  ; state.S4        ; clk          ; clk         ; 1.000        ; -0.029     ; 0.821      ;
; 0.138  ; state.S0  ; state.S1        ; state.S0     ; clk         ; 0.500        ; 1.146      ; 1.590      ;
; 0.201  ; state.S3  ; mystate[0]~reg0 ; clk          ; clk         ; 1.000        ; -0.037     ; 0.749      ;
; 0.204  ; state.S3  ; mystate[1]~reg0 ; clk          ; clk         ; 1.000        ; -0.037     ; 0.746      ;
; 0.243  ; state.S1  ; state.S2        ; clk          ; clk         ; 1.000        ; -0.037     ; 0.707      ;
; 0.396  ; state.S1  ; mystate[0]~reg0 ; clk          ; clk         ; 1.000        ; -0.037     ; 0.554      ;
; 0.401  ; state.S2  ; state.S3        ; clk          ; clk         ; 1.000        ; -0.037     ; 0.549      ;
; 0.403  ; state.S2  ; mystate[1]~reg0 ; clk          ; clk         ; 1.000        ; -0.037     ; 0.547      ;
; 0.592  ; state.S4  ; mystate[2]~reg0 ; clk          ; clk         ; 1.000        ; 0.351      ; 0.746      ;
; 0.593  ; state.S0  ; state.S0        ; state.S0     ; clk         ; 1.000        ; 1.146      ; 1.635      ;
; 0.600  ; state.S2  ; state.S2        ; clk          ; clk         ; 1.000        ; -0.037     ; 0.350      ;
; 0.600  ; state.S3  ; state.S3        ; clk          ; clk         ; 1.000        ; -0.037     ; 0.350      ;
; 0.675  ; state.S0  ; state.S1        ; state.S0     ; clk         ; 1.000        ; 1.146      ; 1.553      ;
+--------+-----------+-----------------+--------------+-------------+--------------+------------+------------+


+------------------------------------------------------------------------------------------------------+
; Fast 1200mV 0C Model Setup: 'state.S0'                                                               ;
+-------+-----------+------------+--------------+-------------+--------------+------------+------------+
; Slack ; From Node ; To Node    ; Launch Clock ; Latch Clock ; Relationship ; Clock Skew ; Data Delay ;
+-------+-----------+------------+--------------+-------------+--------------+------------+------------+
; 0.145 ; state.S4  ; done$latch ; clk          ; state.S0    ; 1.000        ; 0.082      ; 0.513      ;
+-------+-----------+------------+--------------+-------------+--------------+------------+------------+


+-----------------------------------------------------------------------------------------------------------+
; Fast 1200mV 0C Model Hold: 'clk'                                                                          ;
+-------+-----------+-----------------+--------------+-------------+--------------+------------+------------+
; Slack ; From Node ; To Node         ; Launch Clock ; Latch Clock ; Relationship ; Clock Skew ; Data Delay ;
+-------+-----------+-----------------+--------------+-------------+--------------+------------+------------+
; 0.023 ; state.S0  ; state.S1        ; state.S0     ; clk         ; 0.000        ; 1.191      ; 1.433      ;
; 0.086 ; state.S4  ; mystate[2]~reg0 ; clk          ; clk         ; 0.000        ; 0.425      ; 0.595      ;
; 0.164 ; state.S0  ; state.S0        ; state.S0     ; clk         ; 0.000        ; 1.191      ; 1.574      ;
; 0.186 ; state.S3  ; state.S3        ; clk          ; clk         ; 0.000        ; 0.037      ; 0.307      ;
; 0.186 ; state.S2  ; state.S2        ; clk          ; clk         ; 0.000        ; 0.037      ; 0.307      ;
; 0.343 ; state.S2  ; mystate[1]~reg0 ; clk          ; clk         ; 0.000        ; 0.037      ; 0.464      ;
; 0.344 ; state.S2  ; state.S3        ; clk          ; clk         ; 0.000        ; 0.037      ; 0.465      ;
; 0.352 ; state.S1  ; mystate[0]~reg0 ; clk          ; clk         ; 0.000        ; 0.037      ; 0.473      ;
; 0.481 ; state.S1  ; state.S2        ; clk          ; clk         ; 0.000        ; 0.037      ; 0.602      ;
; 0.515 ; state.S3  ; mystate[1]~reg0 ; clk          ; clk         ; 0.000        ; 0.037      ; 0.636      ;
; 0.517 ; state.S3  ; mystate[0]~reg0 ; clk          ; clk         ; 0.000        ; 0.037      ; 0.638      ;
; 0.582 ; state.S0  ; state.S1        ; state.S0     ; clk         ; -0.500       ; 1.191      ; 1.492      ;
; 0.589 ; state.S4  ; state.S4        ; clk          ; clk         ; 0.000        ; 0.029      ; 0.702      ;
; 0.626 ; state.S4  ; state.S0        ; clk          ; clk         ; 0.000        ; 0.425      ; 1.135      ;
; 0.700 ; state.S1  ; state.S1        ; clk          ; clk         ; 0.000        ; 0.037      ; 0.821      ;
; 0.745 ; state.S3  ; state.S4        ; clk          ; clk         ; 0.000        ; -0.351     ; 0.478      ;
; 0.857 ; state.S0  ; state.S0        ; state.S0     ; clk         ; -0.500       ; 1.191      ; 1.767      ;
+-------+-----------+-----------------+--------------+-------------+--------------+------------+------------+


+------------------------------------------------------------------------------------------------------+
; Fast 1200mV 0C Model Hold: 'state.S0'                                                                ;
+-------+-----------+------------+--------------+-------------+--------------+------------+------------+
; Slack ; From Node ; To Node    ; Launch Clock ; Latch Clock ; Relationship ; Clock Skew ; Data Delay ;
+-------+-----------+------------+--------------+-------------+--------------+------------+------------+
; 0.211 ; state.S4  ; done$latch ; clk          ; state.S0    ; 0.000        ; 0.161      ; 0.402      ;
+-------+-----------+------------+--------------+-------------+--------------+------------+------------+


+------------------------------------------------------------------------------------------------------------+
; Fast 1200mV 0C Model Minimum Pulse Width: 'clk'                                                            ;
+--------+--------------+----------------+------------------+-------+------------+---------------------------+
; Slack  ; Actual Width ; Required Width ; Type             ; Clock ; Clock Edge ; Target                    ;
+--------+--------------+----------------+------------------+-------+------------+---------------------------+
; -3.000 ; 1.000        ; 4.000          ; Port Rate        ; clk   ; Rise       ; clk                       ;
; -1.000 ; 1.000        ; 2.000          ; Min Period       ; clk   ; Rise       ; mystate[0]~reg0           ;
; -1.000 ; 1.000        ; 2.000          ; Min Period       ; clk   ; Rise       ; mystate[1]~reg0           ;
; -1.000 ; 1.000        ; 2.000          ; Min Period       ; clk   ; Rise       ; mystate[2]~reg0           ;
; -1.000 ; 1.000        ; 2.000          ; Min Period       ; clk   ; Rise       ; state.S0                  ;
; -1.000 ; 1.000        ; 2.000          ; Min Period       ; clk   ; Rise       ; state.S1                  ;
; -1.000 ; 1.000        ; 2.000          ; Min Period       ; clk   ; Rise       ; state.S2                  ;
; -1.000 ; 1.000        ; 2.000          ; Min Period       ; clk   ; Rise       ; state.S3                  ;
; -1.000 ; 1.000        ; 2.000          ; Min Period       ; clk   ; Rise       ; state.S4                  ;
; -0.064 ; 0.120        ; 0.184          ; Low Pulse Width  ; clk   ; Rise       ; mystate[0]~reg0           ;
; -0.064 ; 0.120        ; 0.184          ; Low Pulse Width  ; clk   ; Rise       ; mystate[1]~reg0           ;
; -0.064 ; 0.120        ; 0.184          ; Low Pulse Width  ; clk   ; Rise       ; mystate[2]~reg0           ;
; -0.064 ; 0.120        ; 0.184          ; Low Pulse Width  ; clk   ; Rise       ; state.S0                  ;
; -0.064 ; 0.120        ; 0.184          ; Low Pulse Width  ; clk   ; Rise       ; state.S1                  ;
; -0.064 ; 0.120        ; 0.184          ; Low Pulse Width  ; clk   ; Rise       ; state.S2                  ;
; -0.064 ; 0.120        ; 0.184          ; Low Pulse Width  ; clk   ; Rise       ; state.S3                  ;
; -0.054 ; 0.130        ; 0.184          ; Low Pulse Width  ; clk   ; Rise       ; state.S4                  ;
; 0.116  ; 0.116        ; 0.000          ; Low Pulse Width  ; clk   ; Rise       ; mystate[0]~reg0|clk       ;
; 0.116  ; 0.116        ; 0.000          ; Low Pulse Width  ; clk   ; Rise       ; mystate[1]~reg0|clk       ;
; 0.116  ; 0.116        ; 0.000          ; Low Pulse Width  ; clk   ; Rise       ; mystate[2]~reg0|clk       ;
; 0.116  ; 0.116        ; 0.000          ; Low Pulse Width  ; clk   ; Rise       ; state.S0|clk              ;
; 0.116  ; 0.116        ; 0.000          ; Low Pulse Width  ; clk   ; Rise       ; state.S1|clk              ;
; 0.116  ; 0.116        ; 0.000          ; Low Pulse Width  ; clk   ; Rise       ; state.S2|clk              ;
; 0.116  ; 0.116        ; 0.000          ; Low Pulse Width  ; clk   ; Rise       ; state.S3|clk              ;
; 0.120  ; 0.120        ; 0.000          ; Low Pulse Width  ; clk   ; Rise       ; clk~input|o               ;
; 0.126  ; 0.126        ; 0.000          ; Low Pulse Width  ; clk   ; Rise       ; state.S4|clk              ;
; 0.139  ; 0.139        ; 0.000          ; Low Pulse Width  ; clk   ; Rise       ; clk~inputclkctrl|inclk[0] ;
; 0.139  ; 0.139        ; 0.000          ; Low Pulse Width  ; clk   ; Rise       ; clk~inputclkctrl|outclk   ;
; 0.500  ; 0.500        ; 0.000          ; High Pulse Width ; clk   ; Rise       ; clk~input|i               ;
; 0.500  ; 0.500        ; 0.000          ; Low Pulse Width  ; clk   ; Rise       ; clk~input|i               ;
; 0.652  ; 0.868        ; 0.216          ; High Pulse Width ; clk   ; Rise       ; state.S4                  ;
; 0.662  ; 0.878        ; 0.216          ; High Pulse Width ; clk   ; Rise       ; mystate[0]~reg0           ;
; 0.662  ; 0.878        ; 0.216          ; High Pulse Width ; clk   ; Rise       ; mystate[1]~reg0           ;
; 0.662  ; 0.878        ; 0.216          ; High Pulse Width ; clk   ; Rise       ; mystate[2]~reg0           ;
; 0.662  ; 0.878        ; 0.216          ; High Pulse Width ; clk   ; Rise       ; state.S0                  ;
; 0.662  ; 0.878        ; 0.216          ; High Pulse Width ; clk   ; Rise       ; state.S1                  ;
; 0.662  ; 0.878        ; 0.216          ; High Pulse Width ; clk   ; Rise       ; state.S2                  ;
; 0.662  ; 0.878        ; 0.216          ; High Pulse Width ; clk   ; Rise       ; state.S3                  ;
; 0.861  ; 0.861        ; 0.000          ; High Pulse Width ; clk   ; Rise       ; clk~inputclkctrl|inclk[0] ;
; 0.861  ; 0.861        ; 0.000          ; High Pulse Width ; clk   ; Rise       ; clk~inputclkctrl|outclk   ;
; 0.874  ; 0.874        ; 0.000          ; High Pulse Width ; clk   ; Rise       ; state.S4|clk              ;
; 0.880  ; 0.880        ; 0.000          ; High Pulse Width ; clk   ; Rise       ; clk~input|o               ;
; 0.884  ; 0.884        ; 0.000          ; High Pulse Width ; clk   ; Rise       ; mystate[0]~reg0|clk       ;
; 0.884  ; 0.884        ; 0.000          ; High Pulse Width ; clk   ; Rise       ; mystate[1]~reg0|clk       ;
; 0.884  ; 0.884        ; 0.000          ; High Pulse Width ; clk   ; Rise       ; mystate[2]~reg0|clk       ;
; 0.884  ; 0.884        ; 0.000          ; High Pulse Width ; clk   ; Rise       ; state.S0|clk              ;
; 0.884  ; 0.884        ; 0.000          ; High Pulse Width ; clk   ; Rise       ; state.S1|clk              ;
; 0.884  ; 0.884        ; 0.000          ; High Pulse Width ; clk   ; Rise       ; state.S2|clk              ;
; 0.884  ; 0.884        ; 0.000          ; High Pulse Width ; clk   ; Rise       ; state.S3|clk              ;
+--------+--------------+----------------+------------------+-------+------------+---------------------------+


+--------------------------------------------------------------------------------------------------------------+
; Fast 1200mV 0C Model Minimum Pulse Width: 'state.S0'                                                         ;
+-------+--------------+----------------+------------------+----------+------------+---------------------------+
; Slack ; Actual Width ; Required Width ; Type             ; Clock    ; Clock Edge ; Target                    ;
+-------+--------------+----------------+------------------+----------+------------+---------------------------+
; 0.415 ; 0.415        ; 0.000          ; Low Pulse Width  ; state.S0 ; Rise       ; rx[3]|datac               ;
; 0.416 ; 0.416        ; 0.000          ; Low Pulse Width  ; state.S0 ; Rise       ; rx[0]|datac               ;
; 0.416 ; 0.416        ; 0.000          ; Low Pulse Width  ; state.S0 ; Rise       ; rx[1]|datac               ;
; 0.416 ; 0.416        ; 0.000          ; Low Pulse Width  ; state.S0 ; Rise       ; rx[2]|datac               ;
; 0.419 ; 0.419        ; 0.000          ; Low Pulse Width  ; state.S0 ; Rise       ; rx[3]                     ;
; 0.420 ; 0.420        ; 0.000          ; Low Pulse Width  ; state.S0 ; Rise       ; rx[0]                     ;
; 0.420 ; 0.420        ; 0.000          ; Low Pulse Width  ; state.S0 ; Rise       ; rx[1]                     ;
; 0.420 ; 0.420        ; 0.000          ; Low Pulse Width  ; state.S0 ; Rise       ; rx[2]                     ;
; 0.433 ; 0.433        ; 0.000          ; Low Pulse Width  ; state.S0 ; Rise       ; WideOr2~0|datac           ;
; 0.437 ; 0.437        ; 0.000          ; High Pulse Width ; state.S0 ; Fall       ; WideOr2~0|combout         ;
; 0.464 ; 0.464        ; 0.000          ; Low Pulse Width  ; state.S0 ; Rise       ; state.S0~clkctrl|inclk[0] ;
; 0.464 ; 0.464        ; 0.000          ; Low Pulse Width  ; state.S0 ; Rise       ; state.S0~clkctrl|outclk   ;
; 0.477 ; 0.477        ; 0.000          ; High Pulse Width ; state.S0 ; Fall       ; done$latch|datab          ;
; 0.489 ; 0.489        ; 0.000          ; Low Pulse Width  ; state.S0 ; Rise       ; done$latch                ;
; 0.500 ; 0.500        ; 0.000          ; High Pulse Width ; state.S0 ; Rise       ; state.S0|q                ;
; 0.500 ; 0.500        ; 0.000          ; Low Pulse Width  ; state.S0 ; Rise       ; state.S0|q                ;
; 0.506 ; 0.506        ; 0.000          ; High Pulse Width ; state.S0 ; Rise       ; done$latch                ;
; 0.522 ; 0.522        ; 0.000          ; Low Pulse Width  ; state.S0 ; Fall       ; done$latch|datab          ;
; 0.535 ; 0.535        ; 0.000          ; High Pulse Width ; state.S0 ; Rise       ; state.S0~clkctrl|inclk[0] ;
; 0.535 ; 0.535        ; 0.000          ; High Pulse Width ; state.S0 ; Rise       ; state.S0~clkctrl|outclk   ;
; 0.560 ; 0.560        ; 0.000          ; Low Pulse Width  ; state.S0 ; Fall       ; WideOr2~0|combout         ;
; 0.564 ; 0.564        ; 0.000          ; High Pulse Width ; state.S0 ; Rise       ; WideOr2~0|datac           ;
; 0.577 ; 0.577        ; 0.000          ; High Pulse Width ; state.S0 ; Rise       ; rx[0]                     ;
; 0.577 ; 0.577        ; 0.000          ; High Pulse Width ; state.S0 ; Rise       ; rx[1]                     ;
; 0.577 ; 0.577        ; 0.000          ; High Pulse Width ; state.S0 ; Rise       ; rx[2]                     ;
; 0.577 ; 0.577        ; 0.000          ; High Pulse Width ; state.S0 ; Rise       ; rx[3]                     ;
; 0.581 ; 0.581        ; 0.000          ; High Pulse Width ; state.S0 ; Rise       ; rx[0]|datac               ;
; 0.581 ; 0.581        ; 0.000          ; High Pulse Width ; state.S0 ; Rise       ; rx[1]|datac               ;
; 0.581 ; 0.581        ; 0.000          ; High Pulse Width ; state.S0 ; Rise       ; rx[2]|datac               ;
; 0.581 ; 0.581        ; 0.000          ; High Pulse Width ; state.S0 ; Rise       ; rx[3]|datac               ;
+-------+--------------+----------------+------------------+----------+------------+---------------------------+


+-----------------------------------------------------------------------+
; Setup Times                                                           ;
+-----------+------------+-------+-------+------------+-----------------+
; Data Port ; Clock Port ; Rise  ; Fall  ; Clock Edge ; Clock Reference ;
+-----------+------------+-------+-------+------------+-----------------+
; reset     ; clk        ; 1.963 ; 2.506 ; Rise       ; clk             ;
; start     ; clk        ; 2.074 ; 2.712 ; Rise       ; clk             ;
; x[*]      ; state.S0   ; 1.560 ; 2.163 ; Rise       ; state.S0        ;
;  x[0]     ; state.S0   ; 1.389 ; 1.963 ; Rise       ; state.S0        ;
;  x[1]     ; state.S0   ; 1.408 ; 1.991 ; Rise       ; state.S0        ;
;  x[2]     ; state.S0   ; 1.560 ; 2.163 ; Rise       ; state.S0        ;
;  x[3]     ; state.S0   ; 1.383 ; 1.957 ; Rise       ; state.S0        ;
+-----------+------------+-------+-------+------------+-----------------+


+-------------------------------------------------------------------------+
; Hold Times                                                              ;
+-----------+------------+--------+--------+------------+-----------------+
; Data Port ; Clock Port ; Rise   ; Fall   ; Clock Edge ; Clock Reference ;
+-----------+------------+--------+--------+------------+-----------------+
; reset     ; clk        ; -0.695 ; -1.261 ; Rise       ; clk             ;
; start     ; clk        ; -0.956 ; -1.562 ; Rise       ; clk             ;
; x[*]      ; state.S0   ; -0.909 ; -1.467 ; Rise       ; state.S0        ;
;  x[0]     ; state.S0   ; -0.915 ; -1.473 ; Rise       ; state.S0        ;
;  x[1]     ; state.S0   ; -0.934 ; -1.496 ; Rise       ; state.S0        ;
;  x[2]     ; state.S0   ; -1.079 ; -1.661 ; Rise       ; state.S0        ;
;  x[3]     ; state.S0   ; -0.909 ; -1.467 ; Rise       ; state.S0        ;
+-----------+------------+--------+--------+------------+-----------------+


+-------------------------------------------------------------------------+
; Clock to Output Times                                                   ;
+-------------+------------+-------+-------+------------+-----------------+
; Data Port   ; Clock Port ; Rise  ; Fall  ; Clock Edge ; Clock Reference ;
+-------------+------------+-------+-------+------------+-----------------+
; mystate[*]  ; clk        ; 3.345 ; 3.432 ; Rise       ; clk             ;
;  mystate[0] ; clk        ; 3.257 ; 3.343 ; Rise       ; clk             ;
;  mystate[1] ; clk        ; 3.345 ; 3.432 ; Rise       ; clk             ;
;  mystate[2] ; clk        ; 3.314 ; 3.389 ; Rise       ; clk             ;
; done        ; state.S0   ; 2.958 ; 3.029 ; Rise       ; state.S0        ;
; p[*]        ; state.S0   ; 8.610 ; 8.936 ; Rise       ; state.S0        ;
;  p[0]       ; state.S0   ; 7.952 ; 8.117 ; Rise       ; state.S0        ;
;  p[1]       ; state.S0   ; 7.114 ; 7.241 ; Rise       ; state.S0        ;
;  p[2]       ; state.S0   ; 8.610 ; 8.936 ; Rise       ; state.S0        ;
;  p[3]       ; state.S0   ; 8.395 ; 8.722 ; Rise       ; state.S0        ;
;  p[4]       ; state.S0   ; 7.039 ; 7.154 ; Rise       ; state.S0        ;
;  p[5]       ; state.S0   ; 7.412 ; 7.594 ; Rise       ; state.S0        ;
;  p[6]       ; state.S0   ; 7.062 ; 7.098 ; Rise       ; state.S0        ;
;  p[7]       ; state.S0   ; 6.971 ; 7.160 ; Rise       ; state.S0        ;
; temp[*]     ; state.S0   ; 7.412 ; 7.594 ; Rise       ; state.S0        ;
;  temp[0]    ; state.S0   ; 7.109 ; 7.239 ; Rise       ; state.S0        ;
;  temp[1]    ; state.S0   ; 7.039 ; 7.154 ; Rise       ; state.S0        ;
;  temp[2]    ; state.S0   ; 7.412 ; 7.594 ; Rise       ; state.S0        ;
;  temp[3]    ; state.S0   ; 7.062 ; 7.098 ; Rise       ; state.S0        ;
;  temp[4]    ; state.S0   ; 6.971 ; 7.160 ; Rise       ; state.S0        ;
; p[*]        ; state.S0   ; 8.523 ; 8.849 ; Fall       ; state.S0        ;
;  p[0]       ; state.S0   ; 7.380 ; 7.545 ; Fall       ; state.S0        ;
;  p[1]       ; state.S0   ; 7.027 ; 7.154 ; Fall       ; state.S0        ;
;  p[2]       ; state.S0   ; 8.523 ; 8.849 ; Fall       ; state.S0        ;
;  p[3]       ; state.S0   ; 8.308 ; 8.635 ; Fall       ; state.S0        ;
;  p[4]       ; state.S0   ; 6.662 ; 6.777 ; Fall       ; state.S0        ;
;  p[5]       ; state.S0   ; 7.035 ; 7.217 ; Fall       ; state.S0        ;
;  p[6]       ; state.S0   ; 6.616 ; 6.652 ; Fall       ; state.S0        ;
;  p[7]       ; state.S0   ; 6.443 ; 6.714 ; Fall       ; state.S0        ;
; temp[*]     ; state.S0   ; 7.035 ; 7.217 ; Fall       ; state.S0        ;
;  temp[0]    ; state.S0   ; 7.022 ; 7.152 ; Fall       ; state.S0        ;
;  temp[1]    ; state.S0   ; 6.662 ; 6.777 ; Fall       ; state.S0        ;
;  temp[2]    ; state.S0   ; 7.035 ; 7.217 ; Fall       ; state.S0        ;
;  temp[3]    ; state.S0   ; 6.616 ; 6.652 ; Fall       ; state.S0        ;
;  temp[4]    ; state.S0   ; 6.443 ; 6.714 ; Fall       ; state.S0        ;
+-------------+------------+-------+-------+------------+-----------------+


+-------------------------------------------------------------------------+
; Minimum Clock to Output Times                                           ;
+-------------+------------+-------+-------+------------+-----------------+
; Data Port   ; Clock Port ; Rise  ; Fall  ; Clock Edge ; Clock Reference ;
+-------------+------------+-------+-------+------------+-----------------+
; mystate[*]  ; clk        ; 3.157 ; 3.239 ; Rise       ; clk             ;
;  mystate[0] ; clk        ; 3.157 ; 3.239 ; Rise       ; clk             ;
;  mystate[1] ; clk        ; 3.241 ; 3.325 ; Rise       ; clk             ;
;  mystate[2] ; clk        ; 3.209 ; 3.281 ; Rise       ; clk             ;
; done        ; state.S0   ; 2.849 ; 2.919 ; Rise       ; state.S0        ;
; p[*]        ; state.S0   ; 3.427 ; 2.407 ; Rise       ; state.S0        ;
;  p[0]       ; state.S0   ; 4.465 ; 4.523 ; Rise       ; state.S0        ;
;  p[1]       ; state.S0   ; 3.623 ; 3.641 ; Rise       ; state.S0        ;
;  p[2]       ; state.S0   ; 5.025 ; 2.407 ; Rise       ; state.S0        ;
;  p[3]       ; state.S0   ; 4.855 ; 2.584 ; Rise       ; state.S0        ;
;  p[4]       ; state.S0   ; 3.927 ; 4.370 ; Rise       ; state.S0        ;
;  p[5]       ; state.S0   ; 3.968 ; 4.358 ; Rise       ; state.S0        ;
;  p[6]       ; state.S0   ; 3.427 ; 3.815 ; Rise       ; state.S0        ;
;  p[7]       ; state.S0   ; 3.462 ; 3.949 ; Rise       ; state.S0        ;
; temp[*]     ; state.S0   ; 3.427 ; 3.815 ; Rise       ; state.S0        ;
;  temp[0]    ; state.S0   ; 3.618 ; 4.091 ; Rise       ; state.S0        ;
;  temp[1]    ; state.S0   ; 3.927 ; 4.370 ; Rise       ; state.S0        ;
;  temp[2]    ; state.S0   ; 3.968 ; 4.358 ; Rise       ; state.S0        ;
;  temp[3]    ; state.S0   ; 3.427 ; 3.815 ; Rise       ; state.S0        ;
;  temp[4]    ; state.S0   ; 3.462 ; 3.949 ; Rise       ; state.S0        ;
; p[*]        ; state.S0   ; 2.334 ; 3.645 ; Fall       ; state.S0        ;
;  p[0]       ; state.S0   ; 4.630 ; 4.745 ; Fall       ; state.S0        ;
;  p[1]       ; state.S0   ; 3.787 ; 3.864 ; Fall       ; state.S0        ;
;  p[2]       ; state.S0   ; 2.334 ; 5.446 ; Fall       ; state.S0        ;
;  p[3]       ; state.S0   ; 2.575 ; 5.287 ; Fall       ; state.S0        ;
;  p[4]       ; state.S0   ; 4.549 ; 4.234 ; Fall       ; state.S0        ;
;  p[5]       ; state.S0   ; 4.542 ; 4.281 ; Fall       ; state.S0        ;
;  p[6]       ; state.S0   ; 4.008 ; 3.645 ; Fall       ; state.S0        ;
;  p[7]       ; state.S0   ; 4.080 ; 3.685 ; Fall       ; state.S0        ;
; temp[*]     ; state.S0   ; 4.008 ; 3.645 ; Fall       ; state.S0        ;
;  temp[0]    ; state.S0   ; 4.189 ; 3.861 ; Fall       ; state.S0        ;
;  temp[1]    ; state.S0   ; 4.549 ; 4.234 ; Fall       ; state.S0        ;
;  temp[2]    ; state.S0   ; 4.542 ; 4.281 ; Fall       ; state.S0        ;
;  temp[3]    ; state.S0   ; 4.008 ; 3.645 ; Fall       ; state.S0        ;
;  temp[4]    ; state.S0   ; 4.080 ; 3.685 ; Fall       ; state.S0        ;
+-------------+------------+-------+-------+------------+-----------------+


+----------------------------------------------------------+
; Propagation Delay                                        ;
+------------+-------------+-------+-------+-------+-------+
; Input Port ; Output Port ; RR    ; RF    ; FR    ; FF    ;
+------------+-------------+-------+-------+-------+-------+
; y[0]       ; p[0]        ; 5.130 ;       ;       ; 5.799 ;
; y[0]       ; p[1]        ; 7.381 ; 7.508 ; 8.001 ; 8.128 ;
; y[0]       ; p[2]        ; 8.877 ; 9.203 ; 9.497 ; 9.823 ;
; y[0]       ; p[3]        ; 8.662 ; 8.989 ; 9.282 ; 9.609 ;
; y[0]       ; p[4]        ; 6.961 ; 7.076 ; 7.581 ; 7.696 ;
; y[0]       ; p[5]        ; 7.354 ; 7.536 ; 7.954 ; 8.136 ;
; y[0]       ; p[6]        ; 6.707 ; 6.743 ; 7.313 ; 7.349 ;
; y[0]       ; p[7]        ; 6.708 ; 6.795 ; 7.324 ; 7.411 ;
; y[0]       ; temp[0]     ; 7.376 ; 7.506 ; 7.996 ; 8.126 ;
; y[0]       ; temp[1]     ; 6.961 ; 7.076 ; 7.581 ; 7.696 ;
; y[0]       ; temp[2]     ; 7.354 ; 7.536 ; 7.954 ; 8.136 ;
; y[0]       ; temp[3]     ; 6.707 ; 6.743 ; 7.313 ; 7.349 ;
; y[0]       ; temp[4]     ; 6.708 ; 6.795 ; 7.324 ; 7.411 ;
; y[1]       ; p[1]        ; 4.241 ;       ;       ; 4.857 ;
; y[2]       ; p[2]        ; 4.288 ;       ;       ; 4.926 ;
; y[3]       ; p[3]        ; 4.396 ;       ;       ; 5.081 ;
+------------+-------------+-------+-------+-------+-------+


+----------------------------------------------------------+
; Minimum Propagation Delay                                ;
+------------+-------------+-------+-------+-------+-------+
; Input Port ; Output Port ; RR    ; RF    ; FR    ; FF    ;
+------------+-------------+-------+-------+-------+-------+
; y[0]       ; p[0]        ; 4.991 ;       ;       ; 5.651 ;
; y[0]       ; p[1]        ; 4.555 ; 4.614 ; 5.144 ; 5.222 ;
; y[0]       ; p[2]        ; 5.957 ; 6.196 ; 6.546 ; 6.804 ;
; y[0]       ; p[3]        ; 5.787 ; 6.037 ; 6.376 ; 6.645 ;
; y[0]       ; p[4]        ; 4.910 ; 5.047 ; 5.537 ; 5.638 ;
; y[0]       ; p[5]        ; 4.903 ; 5.034 ; 5.491 ; 5.641 ;
; y[0]       ; p[6]        ; 4.369 ; 4.406 ; 4.957 ; 5.013 ;
; y[0]       ; p[7]        ; 4.441 ; 5.174 ; 5.629 ; 5.094 ;
; y[0]       ; temp[0]     ; 4.550 ; 4.611 ; 5.139 ; 5.219 ;
; y[0]       ; temp[1]     ; 4.910 ; 5.047 ; 5.537 ; 5.638 ;
; y[0]       ; temp[2]     ; 4.903 ; 5.034 ; 5.491 ; 5.641 ;
; y[0]       ; temp[3]     ; 4.369 ; 4.406 ; 4.957 ; 5.013 ;
; y[0]       ; temp[4]     ; 4.441 ; 5.174 ; 5.629 ; 5.094 ;
; y[1]       ; p[1]        ; 4.100 ;       ;       ; 4.706 ;
; y[2]       ; p[2]        ; 4.144 ;       ;       ; 4.774 ;
; y[3]       ; p[3]        ; 4.248 ;       ;       ; 4.923 ;
+------------+-------------+-------+-------+-------+-------+


----------------------------------------------
; Fast 1200mV 0C Model Metastability Summary ;
----------------------------------------------
No synchronizer chains to report.


+------------------------------------------------------------------------------+
; Multicorner Timing Analysis Summary                                          ;
+------------------+--------+-------+----------+---------+---------------------+
; Clock            ; Setup  ; Hold  ; Recovery ; Removal ; Minimum Pulse Width ;
+------------------+--------+-------+----------+---------+---------------------+
; Worst-case Slack ; -0.840 ; 0.023 ; N/A      ; N/A     ; -3.000              ;
;  clk             ; -0.840 ; 0.023 ; N/A      ; N/A     ; -3.000              ;
;  state.S0        ; -0.512 ; 0.211 ; N/A      ; N/A     ; 0.397               ;
; Design-wide TNS  ; -3.877 ; 0.0   ; 0.0      ; 0.0     ; -11.502             ;
;  clk             ; -3.365 ; 0.000 ; N/A      ; N/A     ; -11.502             ;
;  state.S0        ; -0.512 ; 0.000 ; N/A      ; N/A     ; 0.000               ;
+------------------+--------+-------+----------+---------+---------------------+


+-----------------------------------------------------------------------+
; Setup Times                                                           ;
+-----------+------------+-------+-------+------------+-----------------+
; Data Port ; Clock Port ; Rise  ; Fall  ; Clock Edge ; Clock Reference ;
+-----------+------------+-------+-------+------------+-----------------+
; reset     ; clk        ; 3.375 ; 3.763 ; Rise       ; clk             ;
; start     ; clk        ; 3.575 ; 4.075 ; Rise       ; clk             ;
; x[*]      ; state.S0   ; 2.765 ; 3.202 ; Rise       ; state.S0        ;
;  x[0]     ; state.S0   ; 2.454 ; 2.893 ; Rise       ; state.S0        ;
;  x[1]     ; state.S0   ; 2.502 ; 2.936 ; Rise       ; state.S0        ;
;  x[2]     ; state.S0   ; 2.765 ; 3.202 ; Rise       ; state.S0        ;
;  x[3]     ; state.S0   ; 2.444 ; 2.884 ; Rise       ; state.S0        ;
+-----------+------------+-------+-------+------------+-----------------+


+-------------------------------------------------------------------------+
; Hold Times                                                              ;
+-----------+------------+--------+--------+------------+-----------------+
; Data Port ; Clock Port ; Rise   ; Fall   ; Clock Edge ; Clock Reference ;
+-----------+------------+--------+--------+------------+-----------------+
; reset     ; clk        ; -0.695 ; -1.261 ; Rise       ; clk             ;
; start     ; clk        ; -0.956 ; -1.562 ; Rise       ; clk             ;
; x[*]      ; state.S0   ; -0.909 ; -1.467 ; Rise       ; state.S0        ;
;  x[0]     ; state.S0   ; -0.915 ; -1.473 ; Rise       ; state.S0        ;
;  x[1]     ; state.S0   ; -0.934 ; -1.496 ; Rise       ; state.S0        ;
;  x[2]     ; state.S0   ; -1.079 ; -1.661 ; Rise       ; state.S0        ;
;  x[3]     ; state.S0   ; -0.909 ; -1.467 ; Rise       ; state.S0        ;
+-----------+------------+--------+--------+------------+-----------------+


+---------------------------------------------------------------------------+
; Clock to Output Times                                                     ;
+-------------+------------+--------+--------+------------+-----------------+
; Data Port   ; Clock Port ; Rise   ; Fall   ; Clock Edge ; Clock Reference ;
+-------------+------------+--------+--------+------------+-----------------+
; mystate[*]  ; clk        ; 5.673  ; 5.696  ; Rise       ; clk             ;
;  mystate[0] ; clk        ; 5.524  ; 5.541  ; Rise       ; clk             ;
;  mystate[1] ; clk        ; 5.673  ; 5.696  ; Rise       ; clk             ;
;  mystate[2] ; clk        ; 5.626  ; 5.675  ; Rise       ; clk             ;
; done        ; state.S0   ; 5.073  ; 5.062  ; Rise       ; state.S0        ;
; p[*]        ; state.S0   ; 15.113 ; 15.239 ; Rise       ; state.S0        ;
;  p[0]       ; state.S0   ; 13.634 ; 13.720 ; Rise       ; state.S0        ;
;  p[1]       ; state.S0   ; 12.525 ; 12.505 ; Rise       ; state.S0        ;
;  p[2]       ; state.S0   ; 15.113 ; 15.239 ; Rise       ; state.S0        ;
;  p[3]       ; state.S0   ; 14.760 ; 14.888 ; Rise       ; state.S0        ;
;  p[4]       ; state.S0   ; 12.195 ; 12.235 ; Rise       ; state.S0        ;
;  p[5]       ; state.S0   ; 12.968 ; 13.046 ; Rise       ; state.S0        ;
;  p[6]       ; state.S0   ; 12.481 ; 12.374 ; Rise       ; state.S0        ;
;  p[7]       ; state.S0   ; 12.215 ; 12.475 ; Rise       ; state.S0        ;
; temp[*]     ; state.S0   ; 12.968 ; 13.046 ; Rise       ; state.S0        ;
;  temp[0]    ; state.S0   ; 12.476 ; 12.473 ; Rise       ; state.S0        ;
;  temp[1]    ; state.S0   ; 12.195 ; 12.235 ; Rise       ; state.S0        ;
;  temp[2]    ; state.S0   ; 12.968 ; 13.046 ; Rise       ; state.S0        ;
;  temp[3]    ; state.S0   ; 12.481 ; 12.374 ; Rise       ; state.S0        ;
;  temp[4]    ; state.S0   ; 12.215 ; 12.475 ; Rise       ; state.S0        ;
; p[*]        ; state.S0   ; 14.770 ; 14.896 ; Fall       ; state.S0        ;
;  p[0]       ; state.S0   ; 12.404 ; 12.490 ; Fall       ; state.S0        ;
;  p[1]       ; state.S0   ; 12.182 ; 12.162 ; Fall       ; state.S0        ;
;  p[2]       ; state.S0   ; 14.770 ; 14.896 ; Fall       ; state.S0        ;
;  p[3]       ; state.S0   ; 14.417 ; 14.545 ; Fall       ; state.S0        ;
;  p[4]       ; state.S0   ; 11.339 ; 11.379 ; Fall       ; state.S0        ;
;  p[5]       ; state.S0   ; 12.112 ; 12.190 ; Fall       ; state.S0        ;
;  p[6]       ; state.S0   ; 11.382 ; 11.275 ; Fall       ; state.S0        ;
;  p[7]       ; state.S0   ; 11.065 ; 11.376 ; Fall       ; state.S0        ;
; temp[*]     ; state.S0   ; 12.133 ; 12.190 ; Fall       ; state.S0        ;
;  temp[0]    ; state.S0   ; 12.133 ; 12.130 ; Fall       ; state.S0        ;
;  temp[1]    ; state.S0   ; 11.339 ; 11.379 ; Fall       ; state.S0        ;
;  temp[2]    ; state.S0   ; 12.112 ; 12.190 ; Fall       ; state.S0        ;
;  temp[3]    ; state.S0   ; 11.382 ; 11.275 ; Fall       ; state.S0        ;
;  temp[4]    ; state.S0   ; 11.065 ; 11.376 ; Fall       ; state.S0        ;
+-------------+------------+--------+--------+------------+-----------------+


+-------------------------------------------------------------------------+
; Minimum Clock to Output Times                                           ;
+-------------+------------+-------+-------+------------+-----------------+
; Data Port   ; Clock Port ; Rise  ; Fall  ; Clock Edge ; Clock Reference ;
+-------------+------------+-------+-------+------------+-----------------+
; mystate[*]  ; clk        ; 3.157 ; 3.239 ; Rise       ; clk             ;
;  mystate[0] ; clk        ; 3.157 ; 3.239 ; Rise       ; clk             ;
;  mystate[1] ; clk        ; 3.241 ; 3.325 ; Rise       ; clk             ;
;  mystate[2] ; clk        ; 3.209 ; 3.281 ; Rise       ; clk             ;
; done        ; state.S0   ; 2.849 ; 2.919 ; Rise       ; state.S0        ;
; p[*]        ; state.S0   ; 3.427 ; 2.407 ; Rise       ; state.S0        ;
;  p[0]       ; state.S0   ; 4.465 ; 4.523 ; Rise       ; state.S0        ;
;  p[1]       ; state.S0   ; 3.623 ; 3.641 ; Rise       ; state.S0        ;
;  p[2]       ; state.S0   ; 5.025 ; 2.407 ; Rise       ; state.S0        ;
;  p[3]       ; state.S0   ; 4.855 ; 2.584 ; Rise       ; state.S0        ;
;  p[4]       ; state.S0   ; 3.927 ; 4.370 ; Rise       ; state.S0        ;
;  p[5]       ; state.S0   ; 3.968 ; 4.358 ; Rise       ; state.S0        ;
;  p[6]       ; state.S0   ; 3.427 ; 3.815 ; Rise       ; state.S0        ;
;  p[7]       ; state.S0   ; 3.462 ; 3.949 ; Rise       ; state.S0        ;
; temp[*]     ; state.S0   ; 3.427 ; 3.815 ; Rise       ; state.S0        ;
;  temp[0]    ; state.S0   ; 3.618 ; 4.091 ; Rise       ; state.S0        ;
;  temp[1]    ; state.S0   ; 3.927 ; 4.370 ; Rise       ; state.S0        ;
;  temp[2]    ; state.S0   ; 3.968 ; 4.358 ; Rise       ; state.S0        ;
;  temp[3]    ; state.S0   ; 3.427 ; 3.815 ; Rise       ; state.S0        ;
;  temp[4]    ; state.S0   ; 3.462 ; 3.949 ; Rise       ; state.S0        ;
; p[*]        ; state.S0   ; 2.334 ; 3.645 ; Fall       ; state.S0        ;
;  p[0]       ; state.S0   ; 4.630 ; 4.745 ; Fall       ; state.S0        ;
;  p[1]       ; state.S0   ; 3.787 ; 3.864 ; Fall       ; state.S0        ;
;  p[2]       ; state.S0   ; 2.334 ; 5.446 ; Fall       ; state.S0        ;
;  p[3]       ; state.S0   ; 2.575 ; 5.287 ; Fall       ; state.S0        ;
;  p[4]       ; state.S0   ; 4.549 ; 4.234 ; Fall       ; state.S0        ;
;  p[5]       ; state.S0   ; 4.542 ; 4.281 ; Fall       ; state.S0        ;
;  p[6]       ; state.S0   ; 4.008 ; 3.645 ; Fall       ; state.S0        ;
;  p[7]       ; state.S0   ; 4.080 ; 3.685 ; Fall       ; state.S0        ;
; temp[*]     ; state.S0   ; 4.008 ; 3.645 ; Fall       ; state.S0        ;
;  temp[0]    ; state.S0   ; 4.189 ; 3.861 ; Fall       ; state.S0        ;
;  temp[1]    ; state.S0   ; 4.549 ; 4.234 ; Fall       ; state.S0        ;
;  temp[2]    ; state.S0   ; 4.542 ; 4.281 ; Fall       ; state.S0        ;
;  temp[3]    ; state.S0   ; 4.008 ; 3.645 ; Fall       ; state.S0        ;
;  temp[4]    ; state.S0   ; 4.080 ; 3.685 ; Fall       ; state.S0        ;
+-------------+------------+-------+-------+------------+-----------------+


+--------------------------------------------------------------+
; Propagation Delay                                            ;
+------------+-------------+--------+--------+--------+--------+
; Input Port ; Output Port ; RR     ; RF     ; FR     ; FF     ;
+------------+-------------+--------+--------+--------+--------+
; y[0]       ; p[0]        ; 8.466  ;        ;        ; 8.916  ;
; y[0]       ; p[1]        ; 12.991 ; 12.971 ; 13.434 ; 13.414 ;
; y[0]       ; p[2]        ; 15.579 ; 15.705 ; 16.022 ; 16.148 ;
; y[0]       ; p[3]        ; 15.226 ; 15.354 ; 15.669 ; 15.797 ;
; y[0]       ; p[4]        ; 12.079 ; 12.119 ; 12.522 ; 12.562 ;
; y[0]       ; p[5]        ; 12.854 ; 12.922 ; 13.295 ; 13.373 ;
; y[0]       ; p[6]        ; 11.754 ; 11.647 ; 12.199 ; 12.097 ;
; y[0]       ; p[7]        ; 11.738 ; 11.706 ; 12.212 ; 12.180 ;
; y[0]       ; temp[0]     ; 12.942 ; 12.939 ; 13.385 ; 13.382 ;
; y[0]       ; temp[1]     ; 12.079 ; 12.119 ; 12.522 ; 12.562 ;
; y[0]       ; temp[2]     ; 12.854 ; 12.922 ; 13.295 ; 13.373 ;
; y[0]       ; temp[3]     ; 11.754 ; 11.647 ; 12.199 ; 12.097 ;
; y[0]       ; temp[4]     ; 11.738 ; 11.706 ; 12.212 ; 12.180 ;
; y[1]       ; p[1]        ; 7.278  ;        ;        ; 7.616  ;
; y[2]       ; p[2]        ; 7.269  ;        ;        ; 7.673  ;
; y[3]       ; p[3]        ; 7.520  ;        ;        ; 7.968  ;
+------------+-------------+--------+--------+--------+--------+


+----------------------------------------------------------+
; Minimum Propagation Delay                                ;
+------------+-------------+-------+-------+-------+-------+
; Input Port ; Output Port ; RR    ; RF    ; FR    ; FF    ;
+------------+-------------+-------+-------+-------+-------+
; y[0]       ; p[0]        ; 4.991 ;       ;       ; 5.651 ;
; y[0]       ; p[1]        ; 4.555 ; 4.614 ; 5.144 ; 5.222 ;
; y[0]       ; p[2]        ; 5.957 ; 6.196 ; 6.546 ; 6.804 ;
; y[0]       ; p[3]        ; 5.787 ; 6.037 ; 6.376 ; 6.645 ;
; y[0]       ; p[4]        ; 4.910 ; 5.047 ; 5.537 ; 5.638 ;
; y[0]       ; p[5]        ; 4.903 ; 5.034 ; 5.491 ; 5.641 ;
; y[0]       ; p[6]        ; 4.369 ; 4.406 ; 4.957 ; 5.013 ;
; y[0]       ; p[7]        ; 4.441 ; 5.174 ; 5.629 ; 5.094 ;
; y[0]       ; temp[0]     ; 4.550 ; 4.611 ; 5.139 ; 5.219 ;
; y[0]       ; temp[1]     ; 4.910 ; 5.047 ; 5.537 ; 5.638 ;
; y[0]       ; temp[2]     ; 4.903 ; 5.034 ; 5.491 ; 5.641 ;
; y[0]       ; temp[3]     ; 4.369 ; 4.406 ; 4.957 ; 5.013 ;
; y[0]       ; temp[4]     ; 4.441 ; 5.174 ; 5.629 ; 5.094 ;
; y[1]       ; p[1]        ; 4.100 ;       ;       ; 4.706 ;
; y[2]       ; p[2]        ; 4.144 ;       ;       ; 4.774 ;
; y[3]       ; p[3]        ; 4.248 ;       ;       ; 4.923 ;
+------------+-------------+-------+-------+-------+-------+


+------------------------------------------------------------------------------------------------------------------------------------------------------------------------------------------------------------------------------------------------------------------------------------------------------------------------------------------------------------------------------------------------------------------+
; Board Trace Model Assignments                                                                                                                                                                                                                                                                                                                                                                                    ;
+---------------+--------------+-------------------+-------------------------+-------------------------+---------------+---------------------+----------------+------------------+--------+------------------+------------------------+------------------------+--------------+---------------+-----------------+-------+---------------------+--------------------+---------------+-----------------+-------------+
; Pin           ; I/O Standard ; Near Tline Length ; Near Tline L per Length ; Near Tline C per Length ; Near Series R ; Near Differential R ; Near Pull-up R ; Near Pull-down R ; Near C ; Far Tline Length ; Far Tline L per Length ; Far Tline C per Length ; Far Series R ; Far Pull-up R ; Far Pull-down R ; Far C ; Termination Voltage ; Far Differential R ; EBD File Name ; EBD Signal Name ; EBD Far-end ;
+---------------+--------------+-------------------+-------------------------+-------------------------+---------------+---------------------+----------------+------------------+--------+------------------+------------------------+------------------------+--------------+---------------+-----------------+-------+---------------------+--------------------+---------------+-----------------+-------------+
; p[0]          ; 2.5 V        ; 0 in              ; 0 H/in                  ; 0 F/in                  ; short         ; -                   ; open           ; open             ; open   ; 0 in             ; 0 H/in                 ; 0 F/in                 ; short        ; open          ; open            ; open  ; 0 V                 ; -                  ; n/a           ; n/a             ; n/a         ;
; p[1]          ; 2.5 V        ; 0 in              ; 0 H/in                  ; 0 F/in                  ; short         ; -                   ; open           ; open             ; open   ; 0 in             ; 0 H/in                 ; 0 F/in                 ; short        ; open          ; open            ; open  ; 0 V                 ; -                  ; n/a           ; n/a             ; n/a         ;
; p[2]          ; 2.5 V        ; 0 in              ; 0 H/in                  ; 0 F/in                  ; short         ; -                   ; open           ; open             ; open   ; 0 in             ; 0 H/in                 ; 0 F/in                 ; short        ; open          ; open            ; open  ; 0 V                 ; -                  ; n/a           ; n/a             ; n/a         ;
; p[3]          ; 2.5 V        ; 0 in              ; 0 H/in                  ; 0 F/in                  ; short         ; -                   ; open           ; open             ; open   ; 0 in             ; 0 H/in                 ; 0 F/in                 ; short        ; open          ; open            ; open  ; 0 V                 ; -                  ; n/a           ; n/a             ; n/a         ;
; p[4]          ; 2.5 V        ; 0 in              ; 0 H/in                  ; 0 F/in                  ; short         ; -                   ; open           ; open             ; open   ; 0 in             ; 0 H/in                 ; 0 F/in                 ; short        ; open          ; open            ; open  ; 0 V                 ; -                  ; n/a           ; n/a             ; n/a         ;
; p[5]          ; 2.5 V        ; 0 in              ; 0 H/in                  ; 0 F/in                  ; short         ; -                   ; open           ; open             ; open   ; 0 in             ; 0 H/in                 ; 0 F/in                 ; short        ; open          ; open            ; open  ; 0 V                 ; -                  ; n/a           ; n/a             ; n/a         ;
; p[6]          ; 2.5 V        ; 0 in              ; 0 H/in                  ; 0 F/in                  ; short         ; -                   ; open           ; open             ; open   ; 0 in             ; 0 H/in                 ; 0 F/in                 ; short        ; open          ; open            ; open  ; 0 V                 ; -                  ; n/a           ; n/a             ; n/a         ;
; p[7]          ; 2.5 V        ; 0 in              ; 0 H/in                  ; 0 F/in                  ; short         ; -                   ; open           ; open             ; open   ; 0 in             ; 0 H/in                 ; 0 F/in                 ; short        ; open          ; open            ; open  ; 0 V                 ; -                  ; n/a           ; n/a             ; n/a         ;
; p[8]          ; 2.5 V        ; 0 in              ; 0 H/in                  ; 0 F/in                  ; short         ; -                   ; open           ; open             ; open   ; 0 in             ; 0 H/in                 ; 0 F/in                 ; short        ; open          ; open            ; open  ; 0 V                 ; -                  ; n/a           ; n/a             ; n/a         ;
; temp[0]       ; 2.5 V        ; 0 in              ; 0 H/in                  ; 0 F/in                  ; short         ; -                   ; open           ; open             ; open   ; 0 in             ; 0 H/in                 ; 0 F/in                 ; short        ; open          ; open            ; open  ; 0 V                 ; -                  ; n/a           ; n/a             ; n/a         ;
; temp[1]       ; 2.5 V        ; 0 in              ; 0 H/in                  ; 0 F/in                  ; short         ; -                   ; open           ; open             ; open   ; 0 in             ; 0 H/in                 ; 0 F/in                 ; short        ; open          ; open            ; open  ; 0 V                 ; -                  ; n/a           ; n/a             ; n/a         ;
; temp[2]       ; 2.5 V        ; 0 in              ; 0 H/in                  ; 0 F/in                  ; short         ; -                   ; open           ; open             ; open   ; 0 in             ; 0 H/in                 ; 0 F/in                 ; short        ; open          ; open            ; open  ; 0 V                 ; -                  ; n/a           ; n/a             ; n/a         ;
; temp[3]       ; 2.5 V        ; 0 in              ; 0 H/in                  ; 0 F/in                  ; short         ; -                   ; open           ; open             ; open   ; 0 in             ; 0 H/in                 ; 0 F/in                 ; short        ; open          ; open            ; open  ; 0 V                 ; -                  ; n/a           ; n/a             ; n/a         ;
; temp[4]       ; 2.5 V        ; 0 in              ; 0 H/in                  ; 0 F/in                  ; short         ; -                   ; open           ; open             ; open   ; 0 in             ; 0 H/in                 ; 0 F/in                 ; short        ; open          ; open            ; open  ; 0 V                 ; -                  ; n/a           ; n/a             ; n/a         ;
; mystate[0]    ; 2.5 V        ; 0 in              ; 0 H/in                  ; 0 F/in                  ; short         ; -                   ; open           ; open             ; open   ; 0 in             ; 0 H/in                 ; 0 F/in                 ; short        ; open          ; open            ; open  ; 0 V                 ; -                  ; n/a           ; n/a             ; n/a         ;
; mystate[1]    ; 2.5 V        ; 0 in              ; 0 H/in                  ; 0 F/in                  ; short         ; -                   ; open           ; open             ; open   ; 0 in             ; 0 H/in                 ; 0 F/in                 ; short        ; open          ; open            ; open  ; 0 V                 ; -                  ; n/a           ; n/a             ; n/a         ;
; mystate[2]    ; 2.5 V        ; 0 in              ; 0 H/in                  ; 0 F/in                  ; short         ; -                   ; open           ; open             ; open   ; 0 in             ; 0 H/in                 ; 0 F/in                 ; short        ; open          ; open            ; open  ; 0 V                 ; -                  ; n/a           ; n/a             ; n/a         ;
; done          ; 2.5 V        ; 0 in              ; 0 H/in                  ; 0 F/in                  ; short         ; -                   ; open           ; open             ; open   ; 0 in             ; 0 H/in                 ; 0 F/in                 ; short        ; open          ; open            ; open  ; 0 V                 ; -                  ; n/a           ; n/a             ; n/a         ;
; ~ALTERA_DCLK~ ; 2.5 V        ; 0 in              ; 0 H/in                  ; 0 F/in                  ; short         ; -                   ; open           ; open             ; open   ; 0 in             ; 0 H/in                 ; 0 F/in                 ; short        ; open          ; open            ; open  ; 0 V                 ; -                  ; n/a           ; n/a             ; n/a         ;
; ~ALTERA_nCEO~ ; 2.5 V        ; 0 in              ; 0 H/in                  ; 0 F/in                  ; short         ; -                   ; open           ; open             ; open   ; 0 in             ; 0 H/in                 ; 0 F/in                 ; short        ; open          ; open            ; open  ; 0 V                 ; -                  ; n/a           ; n/a             ; n/a         ;
+---------------+--------------+-------------------+-------------------------+-------------------------+---------------+---------------------+----------------+------------------+--------+------------------+------------------------+------------------------+--------------+---------------+-----------------+-------+---------------------+--------------------+---------------+-----------------+-------------+


+----------------------------------------------------------------------------+
; Input Transition Times                                                     ;
+-------------------------+--------------+-----------------+-----------------+
; Pin                     ; I/O Standard ; 10-90 Rise Time ; 90-10 Fall Time ;
+-------------------------+--------------+-----------------+-----------------+
; y[1]                    ; 2.5 V        ; 2000 ps         ; 2000 ps         ;
; y[2]                    ; 2.5 V        ; 2000 ps         ; 2000 ps         ;
; y[3]                    ; 2.5 V        ; 2000 ps         ; 2000 ps         ;
; y[0]                    ; 2.5 V        ; 2000 ps         ; 2000 ps         ;
; start                   ; 2.5 V        ; 2000 ps         ; 2000 ps         ;
; reset                   ; 2.5 V        ; 2000 ps         ; 2000 ps         ;
; clk                     ; 2.5 V        ; 2000 ps         ; 2000 ps         ;
; x[0]                    ; 2.5 V        ; 2000 ps         ; 2000 ps         ;
; x[1]                    ; 2.5 V        ; 2000 ps         ; 2000 ps         ;
; x[2]                    ; 2.5 V        ; 2000 ps         ; 2000 ps         ;
; x[3]                    ; 2.5 V        ; 2000 ps         ; 2000 ps         ;
; ~ALTERA_ASDO_DATA1~     ; 2.5 V        ; 2000 ps         ; 2000 ps         ;
; ~ALTERA_FLASH_nCE_nCSO~ ; 2.5 V        ; 2000 ps         ; 2000 ps         ;
; ~ALTERA_DATA0~          ; 2.5 V        ; 2000 ps         ; 2000 ps         ;
+-------------------------+--------------+-----------------+-----------------+


+--------------------------------------------------------------------------------------------------------------------------------------------------------------------------------------------------------------------------------------------------------------------------------------------------------------------------------------------------------------------------------------------------------------------------------------------------------------------------------------------------------------------------------------------------------------------------------------------------------------------------------------------------------------------------------------------+
; Signal Integrity Metrics (Slow 1200mv 0c Model)                                                                                                                                                                                                                                                                                                                                                                                                                                                                                                                                                                                                                                            ;
+---------------+--------------+---------------------+---------------------+------------------------------+------------------------------+---------------------+---------------------+--------------------------------------+--------------------------------------+-----------------------------+-----------------------------+----------------------------+----------------------------+-----------------------------+-----------------------------+--------------------+--------------------+-------------------------------------+-------------------------------------+----------------------------+----------------------------+---------------------------+---------------------------+
; Pin           ; I/O Standard ; Board Delay on Rise ; Board Delay on Fall ; Steady State Voh at FPGA Pin ; Steady State Vol at FPGA Pin ; Voh Max at FPGA Pin ; Vol Min at FPGA Pin ; Ringback Voltage on Rise at FPGA Pin ; Ringback Voltage on Fall at FPGA Pin ; 10-90 Rise Time at FPGA Pin ; 90-10 Fall Time at FPGA Pin ; Monotonic Rise at FPGA Pin ; Monotonic Fall at FPGA Pin ; Steady State Voh at Far-end ; Steady State Vol at Far-end ; Voh Max at Far-end ; Vol Min at Far-end ; Ringback Voltage on Rise at Far-end ; Ringback Voltage on Fall at Far-end ; 10-90 Rise Time at Far-end ; 90-10 Fall Time at Far-end ; Monotonic Rise at Far-end ; Monotonic Fall at Far-end ;
+---------------+--------------+---------------------+---------------------+------------------------------+------------------------------+---------------------+---------------------+--------------------------------------+--------------------------------------+-----------------------------+-----------------------------+----------------------------+----------------------------+-----------------------------+-----------------------------+--------------------+--------------------+-------------------------------------+-------------------------------------+----------------------------+----------------------------+---------------------------+---------------------------+
; p[0]          ; 2.5 V        ; 0 s                 ; 0 s                 ; 2.32 V                       ; 5.95e-09 V                   ; 2.33 V              ; -0.00616 V          ; 0.191 V                              ; 0.099 V                              ; 2.83e-09 s                  ; 2.56e-09 s                  ; No                         ; Yes                        ; 2.32 V                      ; 5.95e-09 V                  ; 2.33 V             ; -0.00616 V         ; 0.191 V                             ; 0.099 V                             ; 2.83e-09 s                 ; 2.56e-09 s                 ; No                        ; Yes                       ;
; p[1]          ; 2.5 V        ; 0 s                 ; 0 s                 ; 2.32 V                       ; 5.95e-09 V                   ; 2.38 V              ; -0.016 V            ; 0.22 V                               ; 0.025 V                              ; 3.06e-10 s                  ; 3.3e-10 s                   ; Yes                        ; Yes                        ; 2.32 V                      ; 5.95e-09 V                  ; 2.38 V             ; -0.016 V           ; 0.22 V                              ; 0.025 V                             ; 3.06e-10 s                 ; 3.3e-10 s                  ; Yes                       ; Yes                       ;
; p[2]          ; 2.5 V        ; 0 s                 ; 0 s                 ; 2.32 V                       ; 5.95e-09 V                   ; 2.38 V              ; -0.016 V            ; 0.22 V                               ; 0.025 V                              ; 3.06e-10 s                  ; 3.3e-10 s                   ; Yes                        ; Yes                        ; 2.32 V                      ; 5.95e-09 V                  ; 2.38 V             ; -0.016 V           ; 0.22 V                              ; 0.025 V                             ; 3.06e-10 s                 ; 3.3e-10 s                  ; Yes                       ; Yes                       ;
; p[3]          ; 2.5 V        ; 0 s                 ; 0 s                 ; 2.32 V                       ; 4.44e-09 V                   ; 2.39 V              ; -0.0265 V           ; 0.2 V                                ; 0.033 V                              ; 2.94e-10 s                  ; 3.12e-10 s                  ; Yes                        ; Yes                        ; 2.32 V                      ; 4.44e-09 V                  ; 2.39 V             ; -0.0265 V          ; 0.2 V                               ; 0.033 V                             ; 2.94e-10 s                 ; 3.12e-10 s                 ; Yes                       ; Yes                       ;
; p[4]          ; 2.5 V        ; 0 s                 ; 0 s                 ; 2.32 V                       ; 5.95e-09 V                   ; 2.38 V              ; -0.016 V            ; 0.22 V                               ; 0.025 V                              ; 3.06e-10 s                  ; 3.3e-10 s                   ; Yes                        ; Yes                        ; 2.32 V                      ; 5.95e-09 V                  ; 2.38 V             ; -0.016 V           ; 0.22 V                              ; 0.025 V                             ; 3.06e-10 s                 ; 3.3e-10 s                  ; Yes                       ; Yes                       ;
; p[5]          ; 2.5 V        ; 0 s                 ; 0 s                 ; 2.32 V                       ; 5.95e-09 V                   ; 2.38 V              ; -0.016 V            ; 0.22 V                               ; 0.025 V                              ; 3.06e-10 s                  ; 3.3e-10 s                   ; Yes                        ; Yes                        ; 2.32 V                      ; 5.95e-09 V                  ; 2.38 V             ; -0.016 V           ; 0.22 V                              ; 0.025 V                             ; 3.06e-10 s                 ; 3.3e-10 s                  ; Yes                       ; Yes                       ;
; p[6]          ; 2.5 V        ; 0 s                 ; 0 s                 ; 2.32 V                       ; 5.95e-09 V                   ; 2.38 V              ; -0.016 V            ; 0.22 V                               ; 0.025 V                              ; 3.06e-10 s                  ; 3.3e-10 s                   ; Yes                        ; Yes                        ; 2.32 V                      ; 5.95e-09 V                  ; 2.38 V             ; -0.016 V           ; 0.22 V                              ; 0.025 V                             ; 3.06e-10 s                 ; 3.3e-10 s                  ; Yes                       ; Yes                       ;
; p[7]          ; 2.5 V        ; 0 s                 ; 0 s                 ; 2.32 V                       ; 5.95e-09 V                   ; 2.38 V              ; -0.016 V            ; 0.22 V                               ; 0.025 V                              ; 3.06e-10 s                  ; 3.3e-10 s                   ; Yes                        ; Yes                        ; 2.32 V                      ; 5.95e-09 V                  ; 2.38 V             ; -0.016 V           ; 0.22 V                              ; 0.025 V                             ; 3.06e-10 s                 ; 3.3e-10 s                  ; Yes                       ; Yes                       ;
; p[8]          ; 2.5 V        ; 0 s                 ; 0 s                 ; 2.32 V                       ; 5.95e-09 V                   ; 2.38 V              ; -0.016 V            ; 0.22 V                               ; 0.025 V                              ; 3.06e-10 s                  ; 3.3e-10 s                   ; Yes                        ; Yes                        ; 2.32 V                      ; 5.95e-09 V                  ; 2.38 V             ; -0.016 V           ; 0.22 V                              ; 0.025 V                             ; 3.06e-10 s                 ; 3.3e-10 s                  ; Yes                       ; Yes                       ;
; temp[0]       ; 2.5 V        ; 0 s                 ; 0 s                 ; 2.32 V                       ; 5.95e-09 V                   ; 2.38 V              ; -0.016 V            ; 0.22 V                               ; 0.025 V                              ; 3.06e-10 s                  ; 3.3e-10 s                   ; Yes                        ; Yes                        ; 2.32 V                      ; 5.95e-09 V                  ; 2.38 V             ; -0.016 V           ; 0.22 V                              ; 0.025 V                             ; 3.06e-10 s                 ; 3.3e-10 s                  ; Yes                       ; Yes                       ;
; temp[1]       ; 2.5 V        ; 0 s                 ; 0 s                 ; 2.32 V                       ; 5.95e-09 V                   ; 2.38 V              ; -0.016 V            ; 0.22 V                               ; 0.025 V                              ; 3.06e-10 s                  ; 3.3e-10 s                   ; Yes                        ; Yes                        ; 2.32 V                      ; 5.95e-09 V                  ; 2.38 V             ; -0.016 V           ; 0.22 V                              ; 0.025 V                             ; 3.06e-10 s                 ; 3.3e-10 s                  ; Yes                       ; Yes                       ;
; temp[2]       ; 2.5 V        ; 0 s                 ; 0 s                 ; 2.32 V                       ; 5.95e-09 V                   ; 2.38 V              ; -0.016 V            ; 0.22 V                               ; 0.025 V                              ; 3.06e-10 s                  ; 3.3e-10 s                   ; Yes                        ; Yes                        ; 2.32 V                      ; 5.95e-09 V                  ; 2.38 V             ; -0.016 V           ; 0.22 V                              ; 0.025 V                             ; 3.06e-10 s                 ; 3.3e-10 s                  ; Yes                       ; Yes                       ;
; temp[3]       ; 2.5 V        ; 0 s                 ; 0 s                 ; 2.32 V                       ; 5.95e-09 V                   ; 2.38 V              ; -0.016 V            ; 0.22 V                               ; 0.025 V                              ; 3.06e-10 s                  ; 3.3e-10 s                   ; Yes                        ; Yes                        ; 2.32 V                      ; 5.95e-09 V                  ; 2.38 V             ; -0.016 V           ; 0.22 V                              ; 0.025 V                             ; 3.06e-10 s                 ; 3.3e-10 s                  ; Yes                       ; Yes                       ;
; temp[4]       ; 2.5 V        ; 0 s                 ; 0 s                 ; 2.32 V                       ; 5.95e-09 V                   ; 2.38 V              ; -0.016 V            ; 0.22 V                               ; 0.025 V                              ; 3.06e-10 s                  ; 3.3e-10 s                   ; Yes                        ; Yes                        ; 2.32 V                      ; 5.95e-09 V                  ; 2.38 V             ; -0.016 V           ; 0.22 V                              ; 0.025 V                             ; 3.06e-10 s                 ; 3.3e-10 s                  ; Yes                       ; Yes                       ;
; mystate[0]    ; 2.5 V        ; 0 s                 ; 0 s                 ; 2.32 V                       ; 4.44e-09 V                   ; 2.38 V              ; -0.0145 V           ; 0.169 V                              ; 0.026 V                              ; 4.83e-10 s                  ; 4.71e-10 s                  ; Yes                        ; Yes                        ; 2.32 V                      ; 4.44e-09 V                  ; 2.38 V             ; -0.0145 V          ; 0.169 V                             ; 0.026 V                             ; 4.83e-10 s                 ; 4.71e-10 s                 ; Yes                       ; Yes                       ;
; mystate[1]    ; 2.5 V        ; 0 s                 ; 0 s                 ; 2.32 V                       ; 4.44e-09 V                   ; 2.38 V              ; -0.0145 V           ; 0.169 V                              ; 0.026 V                              ; 4.83e-10 s                  ; 4.71e-10 s                  ; Yes                        ; Yes                        ; 2.32 V                      ; 4.44e-09 V                  ; 2.38 V             ; -0.0145 V          ; 0.169 V                             ; 0.026 V                             ; 4.83e-10 s                 ; 4.71e-10 s                 ; Yes                       ; Yes                       ;
; mystate[2]    ; 2.5 V        ; 0 s                 ; 0 s                 ; 2.32 V                       ; 4.44e-09 V                   ; 2.39 V              ; -0.0265 V           ; 0.2 V                                ; 0.033 V                              ; 2.94e-10 s                  ; 3.12e-10 s                  ; Yes                        ; Yes                        ; 2.32 V                      ; 4.44e-09 V                  ; 2.39 V             ; -0.0265 V          ; 0.2 V                               ; 0.033 V                             ; 2.94e-10 s                 ; 3.12e-10 s                 ; Yes                       ; Yes                       ;
; done          ; 2.5 V        ; 0 s                 ; 0 s                 ; 2.32 V                       ; 4.44e-09 V                   ; 2.38 V              ; -0.0145 V           ; 0.169 V                              ; 0.026 V                              ; 4.83e-10 s                  ; 4.71e-10 s                  ; Yes                        ; Yes                        ; 2.32 V                      ; 4.44e-09 V                  ; 2.38 V             ; -0.0145 V          ; 0.169 V                             ; 0.026 V                             ; 4.83e-10 s                 ; 4.71e-10 s                 ; Yes                       ; Yes                       ;
; ~ALTERA_DCLK~ ; 2.5 V        ; 0 s                 ; 0 s                 ; 2.32 V                       ; 3.45e-09 V                   ; 2.38 V              ; -0.0609 V           ; 0.148 V                              ; 0.095 V                              ; 2.82e-10 s                  ; 2.59e-10 s                  ; Yes                        ; Yes                        ; 2.32 V                      ; 3.45e-09 V                  ; 2.38 V             ; -0.0609 V          ; 0.148 V                             ; 0.095 V                             ; 2.82e-10 s                 ; 2.59e-10 s                 ; Yes                       ; Yes                       ;
; ~ALTERA_nCEO~ ; 2.5 V        ; 0 s                 ; 0 s                 ; 2.32 V                       ; 5.61e-09 V                   ; 2.38 V              ; -0.00274 V          ; 0.141 V                              ; 0.006 V                              ; 4.7e-10 s                   ; 6.02e-10 s                  ; Yes                        ; Yes                        ; 2.32 V                      ; 5.61e-09 V                  ; 2.38 V             ; -0.00274 V         ; 0.141 V                             ; 0.006 V                             ; 4.7e-10 s                  ; 6.02e-10 s                 ; Yes                       ; Yes                       ;
+---------------+--------------+---------------------+---------------------+------------------------------+------------------------------+---------------------+---------------------+--------------------------------------+--------------------------------------+-----------------------------+-----------------------------+----------------------------+----------------------------+-----------------------------+-----------------------------+--------------------+--------------------+-------------------------------------+-------------------------------------+----------------------------+----------------------------+---------------------------+---------------------------+


+--------------------------------------------------------------------------------------------------------------------------------------------------------------------------------------------------------------------------------------------------------------------------------------------------------------------------------------------------------------------------------------------------------------------------------------------------------------------------------------------------------------------------------------------------------------------------------------------------------------------------------------------------------------------------------------------+
; Signal Integrity Metrics (Slow 1200mv 85c Model)                                                                                                                                                                                                                                                                                                                                                                                                                                                                                                                                                                                                                                           ;
+---------------+--------------+---------------------+---------------------+------------------------------+------------------------------+---------------------+---------------------+--------------------------------------+--------------------------------------+-----------------------------+-----------------------------+----------------------------+----------------------------+-----------------------------+-----------------------------+--------------------+--------------------+-------------------------------------+-------------------------------------+----------------------------+----------------------------+---------------------------+---------------------------+
; Pin           ; I/O Standard ; Board Delay on Rise ; Board Delay on Fall ; Steady State Voh at FPGA Pin ; Steady State Vol at FPGA Pin ; Voh Max at FPGA Pin ; Vol Min at FPGA Pin ; Ringback Voltage on Rise at FPGA Pin ; Ringback Voltage on Fall at FPGA Pin ; 10-90 Rise Time at FPGA Pin ; 90-10 Fall Time at FPGA Pin ; Monotonic Rise at FPGA Pin ; Monotonic Fall at FPGA Pin ; Steady State Voh at Far-end ; Steady State Vol at Far-end ; Voh Max at Far-end ; Vol Min at Far-end ; Ringback Voltage on Rise at Far-end ; Ringback Voltage on Fall at Far-end ; 10-90 Rise Time at Far-end ; 90-10 Fall Time at Far-end ; Monotonic Rise at Far-end ; Monotonic Fall at Far-end ;
+---------------+--------------+---------------------+---------------------+------------------------------+------------------------------+---------------------+---------------------+--------------------------------------+--------------------------------------+-----------------------------+-----------------------------+----------------------------+----------------------------+-----------------------------+-----------------------------+--------------------+--------------------+-------------------------------------+-------------------------------------+----------------------------+----------------------------+---------------------------+---------------------------+
; p[0]          ; 2.5 V        ; 0 s                 ; 0 s                 ; 2.32 V                       ; 1.06e-06 V                   ; 2.33 V              ; -0.00344 V          ; 0.134 V                              ; 0.075 V                              ; 3.33e-09 s                  ; 3.16e-09 s                  ; Yes                        ; Yes                        ; 2.32 V                      ; 1.06e-06 V                  ; 2.33 V             ; -0.00344 V         ; 0.134 V                             ; 0.075 V                             ; 3.33e-09 s                 ; 3.16e-09 s                 ; Yes                       ; Yes                       ;
; p[1]          ; 2.5 V        ; 0 s                 ; 0 s                 ; 2.32 V                       ; 1.06e-06 V                   ; 2.36 V              ; -0.00724 V          ; 0.107 V                              ; 0.02 V                               ; 4.5e-10 s                   ; 4.25e-10 s                  ; Yes                        ; Yes                        ; 2.32 V                      ; 1.06e-06 V                  ; 2.36 V             ; -0.00724 V         ; 0.107 V                             ; 0.02 V                              ; 4.5e-10 s                  ; 4.25e-10 s                 ; Yes                       ; Yes                       ;
; p[2]          ; 2.5 V        ; 0 s                 ; 0 s                 ; 2.32 V                       ; 1.06e-06 V                   ; 2.36 V              ; -0.00724 V          ; 0.107 V                              ; 0.02 V                               ; 4.5e-10 s                   ; 4.25e-10 s                  ; Yes                        ; Yes                        ; 2.32 V                      ; 1.06e-06 V                  ; 2.36 V             ; -0.00724 V         ; 0.107 V                             ; 0.02 V                              ; 4.5e-10 s                  ; 4.25e-10 s                 ; Yes                       ; Yes                       ;
; p[3]          ; 2.5 V        ; 0 s                 ; 0 s                 ; 2.32 V                       ; 7.16e-07 V                   ; 2.36 V              ; -0.00476 V          ; 0.096 V                              ; 0.013 V                              ; 4.39e-10 s                  ; 4.15e-10 s                  ; Yes                        ; Yes                        ; 2.32 V                      ; 7.16e-07 V                  ; 2.36 V             ; -0.00476 V         ; 0.096 V                             ; 0.013 V                             ; 4.39e-10 s                 ; 4.15e-10 s                 ; Yes                       ; Yes                       ;
; p[4]          ; 2.5 V        ; 0 s                 ; 0 s                 ; 2.32 V                       ; 1.06e-06 V                   ; 2.36 V              ; -0.00724 V          ; 0.107 V                              ; 0.02 V                               ; 4.5e-10 s                   ; 4.25e-10 s                  ; Yes                        ; Yes                        ; 2.32 V                      ; 1.06e-06 V                  ; 2.36 V             ; -0.00724 V         ; 0.107 V                             ; 0.02 V                              ; 4.5e-10 s                  ; 4.25e-10 s                 ; Yes                       ; Yes                       ;
; p[5]          ; 2.5 V        ; 0 s                 ; 0 s                 ; 2.32 V                       ; 1.06e-06 V                   ; 2.36 V              ; -0.00724 V          ; 0.107 V                              ; 0.02 V                               ; 4.5e-10 s                   ; 4.25e-10 s                  ; Yes                        ; Yes                        ; 2.32 V                      ; 1.06e-06 V                  ; 2.36 V             ; -0.00724 V         ; 0.107 V                             ; 0.02 V                              ; 4.5e-10 s                  ; 4.25e-10 s                 ; Yes                       ; Yes                       ;
; p[6]          ; 2.5 V        ; 0 s                 ; 0 s                 ; 2.32 V                       ; 1.06e-06 V                   ; 2.36 V              ; -0.00724 V          ; 0.107 V                              ; 0.02 V                               ; 4.5e-10 s                   ; 4.25e-10 s                  ; Yes                        ; Yes                        ; 2.32 V                      ; 1.06e-06 V                  ; 2.36 V             ; -0.00724 V         ; 0.107 V                             ; 0.02 V                              ; 4.5e-10 s                  ; 4.25e-10 s                 ; Yes                       ; Yes                       ;
; p[7]          ; 2.5 V        ; 0 s                 ; 0 s                 ; 2.32 V                       ; 1.06e-06 V                   ; 2.36 V              ; -0.00724 V          ; 0.107 V                              ; 0.02 V                               ; 4.5e-10 s                   ; 4.25e-10 s                  ; Yes                        ; Yes                        ; 2.32 V                      ; 1.06e-06 V                  ; 2.36 V             ; -0.00724 V         ; 0.107 V                             ; 0.02 V                              ; 4.5e-10 s                  ; 4.25e-10 s                 ; Yes                       ; Yes                       ;
; p[8]          ; 2.5 V        ; 0 s                 ; 0 s                 ; 2.32 V                       ; 1.06e-06 V                   ; 2.36 V              ; -0.00724 V          ; 0.107 V                              ; 0.02 V                               ; 4.5e-10 s                   ; 4.25e-10 s                  ; Yes                        ; Yes                        ; 2.32 V                      ; 1.06e-06 V                  ; 2.36 V             ; -0.00724 V         ; 0.107 V                             ; 0.02 V                              ; 4.5e-10 s                  ; 4.25e-10 s                 ; Yes                       ; Yes                       ;
; temp[0]       ; 2.5 V        ; 0 s                 ; 0 s                 ; 2.32 V                       ; 1.06e-06 V                   ; 2.36 V              ; -0.00724 V          ; 0.107 V                              ; 0.02 V                               ; 4.5e-10 s                   ; 4.25e-10 s                  ; Yes                        ; Yes                        ; 2.32 V                      ; 1.06e-06 V                  ; 2.36 V             ; -0.00724 V         ; 0.107 V                             ; 0.02 V                              ; 4.5e-10 s                  ; 4.25e-10 s                 ; Yes                       ; Yes                       ;
; temp[1]       ; 2.5 V        ; 0 s                 ; 0 s                 ; 2.32 V                       ; 1.06e-06 V                   ; 2.36 V              ; -0.00724 V          ; 0.107 V                              ; 0.02 V                               ; 4.5e-10 s                   ; 4.25e-10 s                  ; Yes                        ; Yes                        ; 2.32 V                      ; 1.06e-06 V                  ; 2.36 V             ; -0.00724 V         ; 0.107 V                             ; 0.02 V                              ; 4.5e-10 s                  ; 4.25e-10 s                 ; Yes                       ; Yes                       ;
; temp[2]       ; 2.5 V        ; 0 s                 ; 0 s                 ; 2.32 V                       ; 1.06e-06 V                   ; 2.36 V              ; -0.00724 V          ; 0.107 V                              ; 0.02 V                               ; 4.5e-10 s                   ; 4.25e-10 s                  ; Yes                        ; Yes                        ; 2.32 V                      ; 1.06e-06 V                  ; 2.36 V             ; -0.00724 V         ; 0.107 V                             ; 0.02 V                              ; 4.5e-10 s                  ; 4.25e-10 s                 ; Yes                       ; Yes                       ;
; temp[3]       ; 2.5 V        ; 0 s                 ; 0 s                 ; 2.32 V                       ; 1.06e-06 V                   ; 2.36 V              ; -0.00724 V          ; 0.107 V                              ; 0.02 V                               ; 4.5e-10 s                   ; 4.25e-10 s                  ; Yes                        ; Yes                        ; 2.32 V                      ; 1.06e-06 V                  ; 2.36 V             ; -0.00724 V         ; 0.107 V                             ; 0.02 V                              ; 4.5e-10 s                  ; 4.25e-10 s                 ; Yes                       ; Yes                       ;
; temp[4]       ; 2.5 V        ; 0 s                 ; 0 s                 ; 2.32 V                       ; 1.06e-06 V                   ; 2.36 V              ; -0.00724 V          ; 0.107 V                              ; 0.02 V                               ; 4.5e-10 s                   ; 4.25e-10 s                  ; Yes                        ; Yes                        ; 2.32 V                      ; 1.06e-06 V                  ; 2.36 V             ; -0.00724 V         ; 0.107 V                             ; 0.02 V                              ; 4.5e-10 s                  ; 4.25e-10 s                 ; Yes                       ; Yes                       ;
; mystate[0]    ; 2.5 V        ; 0 s                 ; 0 s                 ; 2.32 V                       ; 7.16e-07 V                   ; 2.35 V              ; -0.00832 V          ; 0.101 V                              ; 0.024 V                              ; 6.39e-10 s                  ; 6e-10 s                     ; Yes                        ; Yes                        ; 2.32 V                      ; 7.16e-07 V                  ; 2.35 V             ; -0.00832 V         ; 0.101 V                             ; 0.024 V                             ; 6.39e-10 s                 ; 6e-10 s                    ; Yes                       ; Yes                       ;
; mystate[1]    ; 2.5 V        ; 0 s                 ; 0 s                 ; 2.32 V                       ; 7.16e-07 V                   ; 2.35 V              ; -0.00832 V          ; 0.101 V                              ; 0.024 V                              ; 6.39e-10 s                  ; 6e-10 s                     ; Yes                        ; Yes                        ; 2.32 V                      ; 7.16e-07 V                  ; 2.35 V             ; -0.00832 V         ; 0.101 V                             ; 0.024 V                             ; 6.39e-10 s                 ; 6e-10 s                    ; Yes                       ; Yes                       ;
; mystate[2]    ; 2.5 V        ; 0 s                 ; 0 s                 ; 2.32 V                       ; 7.16e-07 V                   ; 2.36 V              ; -0.00476 V          ; 0.096 V                              ; 0.013 V                              ; 4.39e-10 s                  ; 4.15e-10 s                  ; Yes                        ; Yes                        ; 2.32 V                      ; 7.16e-07 V                  ; 2.36 V             ; -0.00476 V         ; 0.096 V                             ; 0.013 V                             ; 4.39e-10 s                 ; 4.15e-10 s                 ; Yes                       ; Yes                       ;
; done          ; 2.5 V        ; 0 s                 ; 0 s                 ; 2.32 V                       ; 7.16e-07 V                   ; 2.35 V              ; -0.00832 V          ; 0.101 V                              ; 0.024 V                              ; 6.39e-10 s                  ; 6e-10 s                     ; Yes                        ; Yes                        ; 2.32 V                      ; 7.16e-07 V                  ; 2.35 V             ; -0.00832 V         ; 0.101 V                             ; 0.024 V                             ; 6.39e-10 s                 ; 6e-10 s                    ; Yes                       ; Yes                       ;
; ~ALTERA_DCLK~ ; 2.5 V        ; 0 s                 ; 0 s                 ; 2.32 V                       ; 5.74e-07 V                   ; 2.36 V              ; -0.0201 V           ; 0.072 V                              ; 0.033 V                              ; 4.04e-10 s                  ; 3.29e-10 s                  ; Yes                        ; Yes                        ; 2.32 V                      ; 5.74e-07 V                  ; 2.36 V             ; -0.0201 V          ; 0.072 V                             ; 0.033 V                             ; 4.04e-10 s                 ; 3.29e-10 s                 ; Yes                       ; Yes                       ;
; ~ALTERA_nCEO~ ; 2.5 V        ; 0 s                 ; 0 s                 ; 2.32 V                       ; 9.45e-07 V                   ; 2.35 V              ; -0.00643 V          ; 0.081 V                              ; 0.031 V                              ; 5.31e-10 s                  ; 7.59e-10 s                  ; Yes                        ; Yes                        ; 2.32 V                      ; 9.45e-07 V                  ; 2.35 V             ; -0.00643 V         ; 0.081 V                             ; 0.031 V                             ; 5.31e-10 s                 ; 7.59e-10 s                 ; Yes                       ; Yes                       ;
+---------------+--------------+---------------------+---------------------+------------------------------+------------------------------+---------------------+---------------------+--------------------------------------+--------------------------------------+-----------------------------+-----------------------------+----------------------------+----------------------------+-----------------------------+-----------------------------+--------------------+--------------------+-------------------------------------+-------------------------------------+----------------------------+----------------------------+---------------------------+---------------------------+


+--------------------------------------------------------------------------------------------------------------------------------------------------------------------------------------------------------------------------------------------------------------------------------------------------------------------------------------------------------------------------------------------------------------------------------------------------------------------------------------------------------------------------------------------------------------------------------------------------------------------------------------------------------------------------------------------+
; Signal Integrity Metrics (Fast 1200mv 0c Model)                                                                                                                                                                                                                                                                                                                                                                                                                                                                                                                                                                                                                                            ;
+---------------+--------------+---------------------+---------------------+------------------------------+------------------------------+---------------------+---------------------+--------------------------------------+--------------------------------------+-----------------------------+-----------------------------+----------------------------+----------------------------+-----------------------------+-----------------------------+--------------------+--------------------+-------------------------------------+-------------------------------------+----------------------------+----------------------------+---------------------------+---------------------------+
; Pin           ; I/O Standard ; Board Delay on Rise ; Board Delay on Fall ; Steady State Voh at FPGA Pin ; Steady State Vol at FPGA Pin ; Voh Max at FPGA Pin ; Vol Min at FPGA Pin ; Ringback Voltage on Rise at FPGA Pin ; Ringback Voltage on Fall at FPGA Pin ; 10-90 Rise Time at FPGA Pin ; 90-10 Fall Time at FPGA Pin ; Monotonic Rise at FPGA Pin ; Monotonic Fall at FPGA Pin ; Steady State Voh at Far-end ; Steady State Vol at Far-end ; Voh Max at Far-end ; Vol Min at Far-end ; Ringback Voltage on Rise at Far-end ; Ringback Voltage on Fall at Far-end ; 10-90 Rise Time at Far-end ; 90-10 Fall Time at Far-end ; Monotonic Rise at Far-end ; Monotonic Fall at Far-end ;
+---------------+--------------+---------------------+---------------------+------------------------------+------------------------------+---------------------+---------------------+--------------------------------------+--------------------------------------+-----------------------------+-----------------------------+----------------------------+----------------------------+-----------------------------+-----------------------------+--------------------+--------------------+-------------------------------------+-------------------------------------+----------------------------+----------------------------+---------------------------+---------------------------+
; p[0]          ; 2.5 V        ; 0 s                 ; 0 s                 ; 2.62 V                       ; 4.05e-08 V                   ; 2.64 V              ; -0.0113 V           ; 0.208 V                              ; 0.179 V                              ; 2.38e-09 s                  ; 2.23e-09 s                  ; No                         ; Yes                        ; 2.62 V                      ; 4.05e-08 V                  ; 2.64 V             ; -0.0113 V          ; 0.208 V                             ; 0.179 V                             ; 2.38e-09 s                 ; 2.23e-09 s                 ; No                        ; Yes                       ;
; p[1]          ; 2.5 V        ; 0 s                 ; 0 s                 ; 2.62 V                       ; 4.05e-08 V                   ; 2.72 V              ; -0.0349 V           ; 0.173 V                              ; 0.1 V                                ; 2.72e-10 s                  ; 2.69e-10 s                  ; Yes                        ; Yes                        ; 2.62 V                      ; 4.05e-08 V                  ; 2.72 V             ; -0.0349 V          ; 0.173 V                             ; 0.1 V                               ; 2.72e-10 s                 ; 2.69e-10 s                 ; Yes                       ; Yes                       ;
; p[2]          ; 2.5 V        ; 0 s                 ; 0 s                 ; 2.62 V                       ; 4.05e-08 V                   ; 2.72 V              ; -0.0349 V           ; 0.173 V                              ; 0.1 V                                ; 2.72e-10 s                  ; 2.69e-10 s                  ; Yes                        ; Yes                        ; 2.62 V                      ; 4.05e-08 V                  ; 2.72 V             ; -0.0349 V          ; 0.173 V                             ; 0.1 V                               ; 2.72e-10 s                 ; 2.69e-10 s                 ; Yes                       ; Yes                       ;
; p[3]          ; 2.5 V        ; 0 s                 ; 0 s                 ; 2.62 V                       ; 2.74e-08 V                   ; 2.73 V              ; -0.0384 V           ; 0.169 V                              ; 0.089 V                              ; 2.7e-10 s                   ; 2.62e-10 s                  ; Yes                        ; Yes                        ; 2.62 V                      ; 2.74e-08 V                  ; 2.73 V             ; -0.0384 V          ; 0.169 V                             ; 0.089 V                             ; 2.7e-10 s                  ; 2.62e-10 s                 ; Yes                       ; Yes                       ;
; p[4]          ; 2.5 V        ; 0 s                 ; 0 s                 ; 2.62 V                       ; 4.05e-08 V                   ; 2.72 V              ; -0.0349 V           ; 0.173 V                              ; 0.1 V                                ; 2.72e-10 s                  ; 2.69e-10 s                  ; Yes                        ; Yes                        ; 2.62 V                      ; 4.05e-08 V                  ; 2.72 V             ; -0.0349 V          ; 0.173 V                             ; 0.1 V                               ; 2.72e-10 s                 ; 2.69e-10 s                 ; Yes                       ; Yes                       ;
; p[5]          ; 2.5 V        ; 0 s                 ; 0 s                 ; 2.62 V                       ; 4.05e-08 V                   ; 2.72 V              ; -0.0349 V           ; 0.173 V                              ; 0.1 V                                ; 2.72e-10 s                  ; 2.69e-10 s                  ; Yes                        ; Yes                        ; 2.62 V                      ; 4.05e-08 V                  ; 2.72 V             ; -0.0349 V          ; 0.173 V                             ; 0.1 V                               ; 2.72e-10 s                 ; 2.69e-10 s                 ; Yes                       ; Yes                       ;
; p[6]          ; 2.5 V        ; 0 s                 ; 0 s                 ; 2.62 V                       ; 4.05e-08 V                   ; 2.72 V              ; -0.0349 V           ; 0.173 V                              ; 0.1 V                                ; 2.72e-10 s                  ; 2.69e-10 s                  ; Yes                        ; Yes                        ; 2.62 V                      ; 4.05e-08 V                  ; 2.72 V             ; -0.0349 V          ; 0.173 V                             ; 0.1 V                               ; 2.72e-10 s                 ; 2.69e-10 s                 ; Yes                       ; Yes                       ;
; p[7]          ; 2.5 V        ; 0 s                 ; 0 s                 ; 2.62 V                       ; 4.05e-08 V                   ; 2.72 V              ; -0.0349 V           ; 0.173 V                              ; 0.1 V                                ; 2.72e-10 s                  ; 2.69e-10 s                  ; Yes                        ; Yes                        ; 2.62 V                      ; 4.05e-08 V                  ; 2.72 V             ; -0.0349 V          ; 0.173 V                             ; 0.1 V                               ; 2.72e-10 s                 ; 2.69e-10 s                 ; Yes                       ; Yes                       ;
; p[8]          ; 2.5 V        ; 0 s                 ; 0 s                 ; 2.62 V                       ; 4.05e-08 V                   ; 2.72 V              ; -0.0349 V           ; 0.173 V                              ; 0.1 V                                ; 2.72e-10 s                  ; 2.69e-10 s                  ; Yes                        ; Yes                        ; 2.62 V                      ; 4.05e-08 V                  ; 2.72 V             ; -0.0349 V          ; 0.173 V                             ; 0.1 V                               ; 2.72e-10 s                 ; 2.69e-10 s                 ; Yes                       ; Yes                       ;
; temp[0]       ; 2.5 V        ; 0 s                 ; 0 s                 ; 2.62 V                       ; 4.05e-08 V                   ; 2.72 V              ; -0.0349 V           ; 0.173 V                              ; 0.1 V                                ; 2.72e-10 s                  ; 2.69e-10 s                  ; Yes                        ; Yes                        ; 2.62 V                      ; 4.05e-08 V                  ; 2.72 V             ; -0.0349 V          ; 0.173 V                             ; 0.1 V                               ; 2.72e-10 s                 ; 2.69e-10 s                 ; Yes                       ; Yes                       ;
; temp[1]       ; 2.5 V        ; 0 s                 ; 0 s                 ; 2.62 V                       ; 4.05e-08 V                   ; 2.72 V              ; -0.0349 V           ; 0.173 V                              ; 0.1 V                                ; 2.72e-10 s                  ; 2.69e-10 s                  ; Yes                        ; Yes                        ; 2.62 V                      ; 4.05e-08 V                  ; 2.72 V             ; -0.0349 V          ; 0.173 V                             ; 0.1 V                               ; 2.72e-10 s                 ; 2.69e-10 s                 ; Yes                       ; Yes                       ;
; temp[2]       ; 2.5 V        ; 0 s                 ; 0 s                 ; 2.62 V                       ; 4.05e-08 V                   ; 2.72 V              ; -0.0349 V           ; 0.173 V                              ; 0.1 V                                ; 2.72e-10 s                  ; 2.69e-10 s                  ; Yes                        ; Yes                        ; 2.62 V                      ; 4.05e-08 V                  ; 2.72 V             ; -0.0349 V          ; 0.173 V                             ; 0.1 V                               ; 2.72e-10 s                 ; 2.69e-10 s                 ; Yes                       ; Yes                       ;
; temp[3]       ; 2.5 V        ; 0 s                 ; 0 s                 ; 2.62 V                       ; 4.05e-08 V                   ; 2.72 V              ; -0.0349 V           ; 0.173 V                              ; 0.1 V                                ; 2.72e-10 s                  ; 2.69e-10 s                  ; Yes                        ; Yes                        ; 2.62 V                      ; 4.05e-08 V                  ; 2.72 V             ; -0.0349 V          ; 0.173 V                             ; 0.1 V                               ; 2.72e-10 s                 ; 2.69e-10 s                 ; Yes                       ; Yes                       ;
; temp[4]       ; 2.5 V        ; 0 s                 ; 0 s                 ; 2.62 V                       ; 4.05e-08 V                   ; 2.72 V              ; -0.0349 V           ; 0.173 V                              ; 0.1 V                                ; 2.72e-10 s                  ; 2.69e-10 s                  ; Yes                        ; Yes                        ; 2.62 V                      ; 4.05e-08 V                  ; 2.72 V             ; -0.0349 V          ; 0.173 V                             ; 0.1 V                               ; 2.72e-10 s                 ; 2.69e-10 s                 ; Yes                       ; Yes                       ;
; mystate[0]    ; 2.5 V        ; 0 s                 ; 0 s                 ; 2.62 V                       ; 2.74e-08 V                   ; 2.71 V              ; -0.0317 V           ; 0.148 V                              ; 0.064 V                              ; 4.51e-10 s                  ; 4.15e-10 s                  ; No                         ; Yes                        ; 2.62 V                      ; 2.74e-08 V                  ; 2.71 V             ; -0.0317 V          ; 0.148 V                             ; 0.064 V                             ; 4.51e-10 s                 ; 4.15e-10 s                 ; No                        ; Yes                       ;
; mystate[1]    ; 2.5 V        ; 0 s                 ; 0 s                 ; 2.62 V                       ; 2.74e-08 V                   ; 2.71 V              ; -0.0317 V           ; 0.148 V                              ; 0.064 V                              ; 4.51e-10 s                  ; 4.15e-10 s                  ; No                         ; Yes                        ; 2.62 V                      ; 2.74e-08 V                  ; 2.71 V             ; -0.0317 V          ; 0.148 V                             ; 0.064 V                             ; 4.51e-10 s                 ; 4.15e-10 s                 ; No                        ; Yes                       ;
; mystate[2]    ; 2.5 V        ; 0 s                 ; 0 s                 ; 2.62 V                       ; 2.74e-08 V                   ; 2.73 V              ; -0.0384 V           ; 0.169 V                              ; 0.089 V                              ; 2.7e-10 s                   ; 2.62e-10 s                  ; Yes                        ; Yes                        ; 2.62 V                      ; 2.74e-08 V                  ; 2.73 V             ; -0.0384 V          ; 0.169 V                             ; 0.089 V                             ; 2.7e-10 s                  ; 2.62e-10 s                 ; Yes                       ; Yes                       ;
; done          ; 2.5 V        ; 0 s                 ; 0 s                 ; 2.62 V                       ; 2.74e-08 V                   ; 2.71 V              ; -0.0317 V           ; 0.148 V                              ; 0.064 V                              ; 4.51e-10 s                  ; 4.15e-10 s                  ; No                         ; Yes                        ; 2.62 V                      ; 2.74e-08 V                  ; 2.71 V             ; -0.0317 V          ; 0.148 V                             ; 0.064 V                             ; 4.51e-10 s                 ; 4.15e-10 s                 ; No                        ; Yes                       ;
; ~ALTERA_DCLK~ ; 2.5 V        ; 0 s                 ; 0 s                 ; 2.62 V                       ; 2.22e-08 V                   ; 2.74 V              ; -0.06 V             ; 0.158 V                              ; 0.08 V                               ; 2.68e-10 s                  ; 2.19e-10 s                  ; Yes                        ; Yes                        ; 2.62 V                      ; 2.22e-08 V                  ; 2.74 V             ; -0.06 V            ; 0.158 V                             ; 0.08 V                              ; 2.68e-10 s                 ; 2.19e-10 s                 ; Yes                       ; Yes                       ;
; ~ALTERA_nCEO~ ; 2.5 V        ; 0 s                 ; 0 s                 ; 2.62 V                       ; 3.54e-08 V                   ; 2.7 V               ; -0.00943 V          ; 0.276 V                              ; 0.035 V                              ; 3.19e-10 s                  ; 4.99e-10 s                  ; No                         ; Yes                        ; 2.62 V                      ; 3.54e-08 V                  ; 2.7 V              ; -0.00943 V         ; 0.276 V                             ; 0.035 V                             ; 3.19e-10 s                 ; 4.99e-10 s                 ; No                        ; Yes                       ;
+---------------+--------------+---------------------+---------------------+------------------------------+------------------------------+---------------------+---------------------+--------------------------------------+--------------------------------------+-----------------------------+-----------------------------+----------------------------+----------------------------+-----------------------------+-----------------------------+--------------------+--------------------+-------------------------------------+-------------------------------------+----------------------------+----------------------------+---------------------------+---------------------------+


+-------------------------------------------------------------------+
; Setup Transfers                                                   ;
+------------+----------+----------+----------+----------+----------+
; From Clock ; To Clock ; RR Paths ; FR Paths ; RF Paths ; FF Paths ;
+------------+----------+----------+----------+----------+----------+
; clk        ; clk      ; 13       ; 0        ; 0        ; 0        ;
; state.S0   ; clk      ; 2        ; 2        ; 0        ; 0        ;
; clk        ; state.S0 ; 1        ; 0        ; 0        ; 0        ;
+------------+----------+----------+----------+----------+----------+
Entries labeled "false path" only account for clock-to-clock false paths and not path-based false paths. As a result, actual path counts may be lower than reported.


+-------------------------------------------------------------------+
; Hold Transfers                                                    ;
+------------+----------+----------+----------+----------+----------+
; From Clock ; To Clock ; RR Paths ; FR Paths ; RF Paths ; FF Paths ;
+------------+----------+----------+----------+----------+----------+
; clk        ; clk      ; 13       ; 0        ; 0        ; 0        ;
; state.S0   ; clk      ; 2        ; 2        ; 0        ; 0        ;
; clk        ; state.S0 ; 1        ; 0        ; 0        ; 0        ;
+------------+----------+----------+----------+----------+----------+
Entries labeled "false path" only account for clock-to-clock false paths and not path-based false paths. As a result, actual path counts may be lower than reported.


---------------
; Report TCCS ;
---------------
No dedicated SERDES Transmitter circuitry present in device or used in design


---------------
; Report RSKM ;
---------------
No non-DPA dedicated SERDES Receiver circuitry present in device or used in design


+------------------------------------------------+
; Unconstrained Paths                            ;
+---------------------------------+-------+------+
; Property                        ; Setup ; Hold ;
+---------------------------------+-------+------+
; Illegal Clocks                  ; 0     ; 0    ;
; Unconstrained Clocks            ; 0     ; 0    ;
; Unconstrained Input Ports       ; 10    ; 10   ;
; Unconstrained Input Port Paths  ; 30    ; 30   ;
; Unconstrained Output Ports      ; 17    ; 17   ;
; Unconstrained Output Port Paths ; 85    ; 85   ;
+---------------------------------+-------+------+


+------------------------------------+
; TimeQuest Timing Analyzer Messages ;
+------------------------------------+
Info: *******************************************************************
Info: Running Quartus II 64-Bit TimeQuest Timing Analyzer
    Info: Version 15.0.0 Build 145 04/22/2015 SJ Full Version
    Info: Processing started: Mon Nov 06 19:44:41 2023
Info: Command: quartus_sta Multiplier -c Multiplier
Info: qsta_default_script.tcl version: #11
Info (11104): Parallel Compilation has detected 16 hyper-threaded processors. However, the extra hyper-threaded processors will not be used by default. Parallel Compilation will use 12 of the 12 physical processors detected instead.
Info (21076): High junction temperature operating condition is not set. Assuming a default value of '85'.
Info (21076): Low junction temperature operating condition is not set. Assuming a default value of '0'.
Warning (335093): TimeQuest Timing Analyzer is analyzing 5 combinational loops as latches.
Critical Warning (332012): Synopsys Design Constraints File file not found: 'Multiplier.sdc'. A Synopsys Design Constraints File is required by the TimeQuest Timing Analyzer to get proper timing constraints. Without it, the Compiler will not properly optimize the design.
Info (332142): No user constrained base clocks found in the design. Calling "derive_clocks -period 1.0"
Info (332105): Deriving Clocks
    Info (332105): create_clock -period 1.000 -name state.S0 state.S0
    Info (332105): create_clock -period 1.000 -name clk clk
Warning (332125): Found combinational loop of 38 nodes
    Warning (332126): Node "Add0~0|dataa"
    Warning (332126): Node "Add0~0|cout"
    Warning (332126): Node "Add0~2|cin"
    Warning (332126): Node "Add0~2|cout"
    Warning (332126): Node "Add0~4|cin"
    Warning (332126): Node "Add0~4|combout"
    Warning (332126): Node "Selector5~0|dataa"
    Warning (332126): Node "Selector5~0|combout"
    Warning (332126): Node "Selector6~0|datab"
    Warning (332126): Node "Selector6~0|combout"
    Warning (332126): Node "Selector7~0|dataa"
    Warning (332126): Node "Selector7~0|combout"
    Warning (332126): Node "p~7|datad"
    Warning (332126): Node "p~7|combout"
    Warning (332126): Node "Selector6~0|dataa"
    Warning (332126): Node "Selector3~0|dataa"
    Warning (332126): Node "Selector3~0|combout"
    Warning (332126): Node "Add0~6|datab"
    Warning (332126): Node "Add0~6|combout"
    Warning (332126): Node "Selector4~0|dataa"
    Warning (332126): Node "Selector4~0|combout"
    Warning (332126): Node "Add0~4|datab"
    Warning (332126): Node "Add0~4|cout"
    Warning (332126): Node "Add0~6|cin"
    Warning (332126): Node "Add0~6|cout"
    Warning (332126): Node "Add0~8|cin"
    Warning (332126): Node "Add0~8|combout"
    Warning (332126): Node "Selector3~0|datac"
    Warning (332126): Node "Selector5~0|datab"
    Warning (332126): Node "Selector4~0|datab"
    Warning (332126): Node "Selector4~0|datac"
    Warning (332126): Node "Selector7~0|datac"
    Warning (332126): Node "Selector5~0|datac"
    Warning (332126): Node "Add0~2|datab"
    Warning (332126): Node "Add0~2|combout"
    Warning (332126): Node "Selector6~0|datac"
    Warning (332126): Node "Add0~0|combout"
    Warning (332126): Node "Selector7~0|datab"
Info (332143): No user constrained clock uncertainty found in the design. Calling "derive_clock_uncertainty"
Info (332123): Deriving Clock Uncertainty. Please refer to report_sdc in TimeQuest to see clock uncertainties.
Info: Found TIMEQUEST_REPORT_SCRIPT_INCLUDE_DEFAULT_ANALYSIS = ON
Info: Analyzing Slow 1200mV 85C Model
Critical Warning (332148): Timing requirements not met
    Info (11105): For recommendations on closing timing, run Report Timing Closure Recommendations in the TimeQuest Timing Analyzer.
Info (332146): Worst-case setup slack is -0.840
    Info (332119):     Slack       End Point TNS Clock 
    Info (332119): ========= =================== =====================
    Info (332119):    -0.840              -3.365 clk 
    Info (332119):    -0.512              -0.512 state.S0 
Info (332146): Worst-case hold slack is 0.101
    Info (332119):     Slack       End Point TNS Clock 
    Info (332119): ========= =================== =====================
    Info (332119):     0.101               0.000 clk 
    Info (332119):     0.397               0.000 state.S0 
Info (332140): No Recovery paths to report
Info (332140): No Removal paths to report
Info (332146): Worst-case minimum pulse width slack is -3.000
    Info (332119):     Slack       End Point TNS Clock 
    Info (332119): ========= =================== =====================
    Info (332119):    -3.000             -11.000 clk 
    Info (332119):     0.397               0.000 state.S0 
Info: Analyzing Slow 1200mV 0C Model
Info (334003): Started post-fitting delay annotation
Info (334004): Delay annotation completed successfully
Info (332123): Deriving Clock Uncertainty. Please refer to report_sdc in TimeQuest to see clock uncertainties.
Critical Warning (332148): Timing requirements not met
    Info (11105): For recommendations on closing timing, run Report Timing Closure Recommendations in the TimeQuest Timing Analyzer.
Info (332146): Worst-case setup slack is -0.634
    Info (332119):     Slack       End Point TNS Clock 
    Info (332119): ========= =================== =====================
    Info (332119):    -0.634              -2.329 clk 
    Info (332119):    -0.390              -0.390 state.S0 
Info (332146): Worst-case hold slack is 0.075
    Info (332119):     Slack       End Point TNS Clock 
    Info (332119): ========= =================== =====================
    Info (332119):     0.075               0.000 clk 
    Info (332119):     0.398               0.000 state.S0 
Info (332140): No Recovery paths to report
Info (332140): No Removal paths to report
Info (332146): Worst-case minimum pulse width slack is -3.000
    Info (332119):     Slack       End Point TNS Clock 
    Info (332119): ========= =================== =====================
    Info (332119):    -3.000             -11.000 clk 
    Info (332119):     0.434               0.000 state.S0 
Info: Analyzing Fast 1200mV 0C Model
Info (332123): Deriving Clock Uncertainty. Please refer to report_sdc in TimeQuest to see clock uncertainties.
Critical Warning (332148): Timing requirements not met
    Info (11105): For recommendations on closing timing, run Report Timing Closure Recommendations in the TimeQuest Timing Analyzer.
Info (332146): Worst-case setup slack is -0.108
    Info (332119):     Slack       End Point TNS Clock 
    Info (332119): ========= =================== =====================
    Info (332119):    -0.108              -0.155 clk 
    Info (332119):     0.145               0.000 state.S0 
Info (332146): Worst-case hold slack is 0.023
    Info (332119):     Slack       End Point TNS Clock 
    Info (332119): ========= =================== =====================
    Info (332119):     0.023               0.000 clk 
    Info (332119):     0.211               0.000 state.S0 
Info (332140): No Recovery paths to report
Info (332140): No Removal paths to report
Info (332146): Worst-case minimum pulse width slack is -3.000
    Info (332119):     Slack       End Point TNS Clock 
    Info (332119): ========= =================== =====================
    Info (332119):    -3.000             -11.502 clk 
    Info (332119):     0.415               0.000 state.S0 
Info (332102): Design is not fully constrained for setup requirements
Info (332102): Design is not fully constrained for hold requirements
Info: Quartus II 64-Bit TimeQuest Timing Analyzer was successful. 0 errors, 44 warnings
    Info: Peak virtual memory: 4964 megabytes
    Info: Processing ended: Mon Nov 06 19:44:43 2023
    Info: Elapsed time: 00:00:02
    Info: Total CPU time (on all processors): 00:00:00


